ID,scenario,scheme,message_label,msg_length,BER,state,total_frames,retransmission,time(ms),efficiency,throughput
1,KB3,ARQ,Default,200,1e-05,1,25,0,0.2848,0.888889,5617.98
2,KB3,ARQ,Default,200,1e-05,1,25,0,0.3251,0.888889,4921.56
3,KB3,ARQ,Default,200,1e-05,1,25,0,0.2102,0.888889,7611.8
4,KB3,ARQ,Default,200,1e-05,1,25,0,0.2221,0.888889,7203.96
5,KB3,ARQ,Default,200,1e-05,1,25,0,0.194,0.888889,8247.42
6,KB3,ARQ,Default,200,1e-05,1,25,0,0.1923,0.888889,8320.33
7,KB3,ARQ,Default,200,1e-05,1,25,0,0.1947,0.888889,8217.77
8,KB3,ARQ,Default,200,1e-05,1,25,0,0.2217,0.888889,7216.96
9,KB3,ARQ,Default,200,1e-05,1,25,0,0.1935,0.888889,8268.73
10,KB3,ARQ,Default,200,1e-05,1,25,0,0.1937,0.888889,8260.2
11,KB3,ARQ,Default,200,1e-05,1,25,0,0.1941,0.888889,8243.17
12,KB3,ARQ,Default,200,1e-05,1,25,0,0.2061,0.888889,7763.22
13,KB3,ARQ,Default,200,1e-05,1,25,0,0.1931,0.888889,8285.86
14,KB3,ARQ,Default,200,1e-05,1,25,0,0.1951,0.888889,8200.92
15,KB3,ARQ,Default,200,1e-05,1,25,0,0.1951,0.888889,8200.92
16,KB3,ARQ,Default,200,1e-05,1,25,0,0.2011,0.888889,7956.24
17,KB3,ARQ,Default,200,1e-05,1,25,0,0.1936,0.888889,8264.46
18,KB3,ARQ,Default,200,1e-05,1,25,0,0.1943,0.888889,8234.69
19,KB3,ARQ,Default,200,1e-05,1,25,0,0.2053,0.888889,7793.47
20,KB3,ARQ,Default,200,1e-05,1,25,0,0.1945,0.888889,8226.22
21,KB3,ARQ,Default,200,1e-05,1,25,0,0.193,0.888889,8290.16
22,KB3,ARQ,Default,200,1e-05,1,25,0,0.192,0.888889,8333.33
23,KB3,ARQ,Default,200,1e-05,1,25,0,0.1936,0.888889,8264.46
24,KB3,ARQ,Default,200,1e-05,1,25,0,0.1937,0.888889,8260.2
25,KB3,ARQ,Default,200,1e-05,1,25,0,0.1944,0.888889,8230.45
26,KB3,ARQ,Default,200,1e-05,1,25,0,0.1933,0.888889,8277.29
27,KB3,ARQ,Default,200,1e-05,1,25,0,0.1941,0.888889,8243.17
28,KB3,ARQ,Default,200,1e-05,1,25,0,0.1921,0.888889,8329
29,KB3,ARQ,Default,200,1e-05,1,25,0,0.1933,0.888889,8277.29
30,KB3,ARQ,Default,200,1e-05,1,25,0,0.1918,0.888889,8342.02
31,KB3,ARQ,Default,200,1e-05,1,25,0,0.1999,0.888889,8004
32,KB3,ARQ,Default,200,1e-05,1,25,0,0.1942,0.888889,8238.93
33,KB3,ARQ,Default,200,1e-05,1,25,0,0.1926,0.888889,8307.37
34,KB3,ARQ,Default,200,1e-05,1,25,0,0.1942,0.888889,8238.93
35,KB3,ARQ,Default,200,1e-05,1,25,0,0.1939,0.888889,8251.68
36,KB3,ARQ,Default,200,1e-05,1,25,0,0.1918,0.888889,8342.02
37,KB3,ARQ,Default,200,1e-05,1,25,0,0.1951,0.888889,8200.92
38,KB3,ARQ,Default,200,1e-05,1,25,0,0.1927,0.888889,8303.06
39,KB3,ARQ,Default,200,1e-05,1,25,0,0.1933,0.888889,8277.29
40,KB3,ARQ,Default,200,1e-05,1,25,0,0.1921,0.888889,8329
41,KB3,ARQ,Default,200,1e-05,1,25,0,0.1928,0.888889,8298.76
42,KB3,ARQ,Default,200,1e-05,1,25,0,0.1954,0.888889,8188.33
43,KB3,ARQ,Default,200,1e-05,1,25,0,0.194,0.888889,8247.42
44,KB3,ARQ,Default,200,1e-05,1,25,0,0.1921,0.888889,8329
45,KB3,ARQ,Default,200,1e-05,1,25,0,0.1935,0.888889,8268.73
46,KB3,ARQ,Default,200,1e-05,1,25,0,0.1948,0.888889,8213.55
47,KB3,ARQ,Default,200,1e-05,1,25,0,0.1924,0.888889,8316.01
48,KB3,ARQ,Default,200,1e-05,1,25,1,0.198,0.854701,8080.81
49,KB3,ARQ,Default,200,1e-05,1,25,0,0.1946,0.888889,8221.99
50,KB3,ARQ,Default,200,1e-05,1,25,0,0.1931,0.888889,8285.86
51,KB3,ARQ,Default,200,1e-05,1,25,0,0.1923,0.888889,8320.33
52,KB3,ARQ,Default,200,1e-05,1,25,0,0.193,0.888889,8290.16
53,KB3,ARQ,Default,200,1e-05,1,25,0,0.1935,0.888889,8268.73
54,KB3,ARQ,Default,200,1e-05,1,25,0,0.1949,0.888889,8209.34
55,KB3,ARQ,Default,200,1e-05,1,25,0,0.1949,0.888889,8209.34
56,KB3,ARQ,Default,200,1e-05,1,25,0,0.1941,0.888889,8243.17
57,KB3,ARQ,Default,200,1e-05,1,25,0,0.193,0.888889,8290.16
58,KB3,ARQ,Default,200,1e-05,1,25,0,0.1942,0.888889,8238.93
59,KB3,ARQ,Default,200,1e-05,1,25,0,0.1938,0.888889,8255.93
60,KB3,ARQ,Default,200,1e-05,1,25,0,0.1935,0.888889,8268.73
61,KB3,ARQ,Default,200,1e-05,1,25,0,0.1918,0.888889,8342.02
62,KB3,ARQ,Default,200,1e-05,1,25,0,0.2231,0.888889,7171.67
63,KB3,ARQ,Default,200,1e-05,1,25,0,0.2031,0.888889,7877.89
64,KB3,ARQ,Default,200,1e-05,1,25,0,0.2102,0.888889,7611.8
65,KB3,ARQ,Default,200,1e-05,1,25,0,0.1976,0.888889,8097.17
66,KB3,ARQ,Default,200,1e-05,1,25,0,0.2945,0.888889,5432.94
67,KB3,ARQ,Default,200,1e-05,1,25,0,0.3083,0.888889,5189.75
68,KB3,ARQ,Default,200,1e-05,1,25,0,0.196,0.888889,8163.27
69,KB3,ARQ,Default,200,1e-05,1,25,0,0.1938,0.888889,8255.93
70,KB3,ARQ,Default,200,1e-05,1,25,0,0.1939,0.888889,8251.68
71,KB3,ARQ,Default,200,1e-05,1,25,0,0.1947,0.888889,8217.77
72,KB3,ARQ,Default,200,1e-05,1,25,0,0.1952,0.888889,8196.72
73,KB3,ARQ,Default,200,1e-05,1,25,0,0.1945,0.888889,8226.22
74,KB3,ARQ,Default,200,1e-05,1,25,0,0.194,0.888889,8247.42
75,KB3,ARQ,Default,200,1e-05,1,25,0,0.2022,0.888889,7912.96
76,KB3,ARQ,Default,200,1e-05,1,25,0,0.2433,0.888889,6576.24
77,KB3,ARQ,Default,200,1e-05,1,25,0,0.3664,0.888889,4366.81
78,KB3,ARQ,Default,200,1e-05,1,25,0,0.4362,0.888889,3668.04
79,KB3,ARQ,Default,200,1e-05,1,25,0,0.4549,0.888889,3517.26
80,KB3,ARQ,Default,200,1e-05,1,25,1,0.2814,0.854701,5685.86
81,KB3,ARQ,Default,200,1e-05,1,25,0,0.1994,0.888889,8024.07
82,KB3,ARQ,Default,200,1e-05,1,25,0,0.2002,0.888889,7992.01
83,KB3,ARQ,Default,200,1e-05,1,25,0,0.1992,0.888889,8032.13
84,KB3,ARQ,Default,200,1e-05,1,25,0,0.199,0.888889,8040.2
85,KB3,ARQ,Default,200,1e-05,1,25,1,0.2012,0.854701,7952.29
86,KB3,ARQ,Default,200,1e-05,1,25,0,0.1989,0.888889,8044.24
87,KB3,ARQ,Default,200,1e-05,1,25,0,0.1975,0.888889,8101.27
88,KB3,ARQ,Default,200,1e-05,1,25,0,0.1979,0.888889,8084.89
89,KB3,ARQ,Default,200,1e-05,1,25,0,0.199,0.888889,8040.2
90,KB3,ARQ,Default,200,1e-05,1,25,0,0.2014,0.888889,7944.39
91,KB3,ARQ,Default,200,1e-05,1,25,0,0.197,0.888889,8121.83
92,KB3,ARQ,Default,200,1e-05,1,25,0,0.1973,0.888889,8109.48
93,KB3,ARQ,Default,200,1e-05,1,25,0,0.1997,0.888889,8012.02
94,KB3,ARQ,Default,200,1e-05,1,25,0,0.1991,0.888889,8036.16
95,KB3,ARQ,Default,200,1e-05,1,25,0,0.1976,0.888889,8097.17
96,KB3,ARQ,Default,200,1e-05,1,25,0,0.1976,0.888889,8097.17
97,KB3,ARQ,Default,200,1e-05,1,25,0,0.1983,0.888889,8068.58
98,KB3,ARQ,Default,200,1e-05,1,25,0,0.1993,0.888889,8028.1
99,KB3,ARQ,Default,200,1e-05,1,25,0,0.1985,0.888889,8060.45
100,KB3,ARQ,Default,200,1e-05,1,25,0,0.1986,0.888889,8056.39
101,KB3,ARQ,Default,200,1e-05,1,25,0,0.199,0.888889,8040.2
102,KB3,ARQ,Default,200,1e-05,1,25,0,0.203,0.888889,7881.77
103,KB3,ARQ,Default,200,1e-05,1,25,0,0.25,0.888889,6400
104,KB3,ARQ,Default,200,1e-05,1,25,0,0.2017,0.888889,7932.57
105,KB3,ARQ,Default,200,1e-05,1,25,0,0.3108,0.888889,5148.01
106,KB3,ARQ,Default,200,1e-05,1,25,0,0.2367,0.888889,6759.61
107,KB3,ARQ,Default,200,1e-05,1,25,0,0.1988,0.888889,8048.29
108,KB3,ARQ,Default,200,1e-05,1,25,0,0.2045,0.888889,7823.96
109,KB3,ARQ,Default,200,1e-05,1,25,0,0.199,0.888889,8040.2
110,KB3,ARQ,Default,200,1e-05,1,25,0,0.198,0.888889,8080.81
111,KB3,ARQ,Default,200,1e-05,1,25,0,0.2011,0.888889,7956.24
112,KB3,ARQ,Default,200,1e-05,1,25,0,0.1988,0.888889,8048.29
113,KB3,ARQ,Default,200,1e-05,1,25,0,0.1972,0.888889,8113.59
114,KB3,ARQ,Default,200,1e-05,1,25,0,0.1982,0.888889,8072.65
115,KB3,ARQ,Default,200,1e-05,1,25,0,0.199,0.888889,8040.2
116,KB3,ARQ,Default,200,1e-05,1,25,0,0.2003,0.888889,7988.02
117,KB3,ARQ,Default,200,1e-05,1,25,0,0.1998,0.888889,8008.01
118,KB3,ARQ,Default,200,1e-05,1,25,0,0.196,0.888889,8163.27
119,KB3,ARQ,Default,200,1e-05,1,25,0,0.199,0.888889,8040.2
120,KB3,ARQ,Default,200,1e-05,1,25,0,0.1985,0.888889,8060.45
121,KB3,ARQ,Default,200,1e-05,1,25,0,0.1975,0.888889,8101.27
122,KB3,ARQ,Default,200,1e-05,1,25,0,0.1988,0.888889,8048.29
123,KB3,ARQ,Default,200,1e-05,1,25,0,0.1984,0.888889,8064.52
124,KB3,ARQ,Default,200,1e-05,1,25,0,0.1989,0.888889,8044.24
125,KB3,ARQ,Default,200,1e-05,1,25,0,0.198,0.888889,8080.81
126,KB3,ARQ,Default,200,1e-05,1,25,0,0.2149,0.888889,7445.32
127,KB3,ARQ,Default,200,1e-05,1,25,0,0.2065,0.888889,7748.18
128,KB3,ARQ,Default,200,1e-05,1,25,0,0.2038,0.888889,7850.83
129,KB3,ARQ,Default,200,1e-05,1,25,0,0.205,0.888889,7804.88
130,KB3,ARQ,Default,200,1e-05,1,25,0,0.2024,0.888889,7905.14
131,KB3,ARQ,Default,200,1e-05,1,25,0,0.1983,0.888889,8068.58
132,KB3,ARQ,Default,200,1e-05,1,25,0,0.1972,0.888889,8113.59
133,KB3,ARQ,Default,200,1e-05,1,25,0,0.1999,0.888889,8004
134,KB3,ARQ,Default,200,1e-05,1,25,0,0.1993,0.888889,8028.1
135,KB3,ARQ,Default,200,1e-05,1,25,0,0.2046,0.888889,7820.14
136,KB3,ARQ,Default,200,1e-05,1,25,0,0.1981,0.888889,8076.73
137,KB3,ARQ,Default,200,1e-05,1,25,0,0.1992,0.888889,8032.13
138,KB3,ARQ,Default,200,1e-05,1,25,0,0.1992,0.888889,8032.13
139,KB3,ARQ,Default,200,1e-05,1,25,0,0.1994,0.888889,8024.07
140,KB3,ARQ,Default,200,1e-05,1,25,0,0.1998,0.888889,8008.01
141,KB3,ARQ,Default,200,1e-05,1,25,0,0.1978,0.888889,8088.98
142,KB3,ARQ,Default,200,1e-05,1,25,0,0.1968,0.888889,8130.08
143,KB3,ARQ,Default,200,1e-05,1,25,0,0.1981,0.888889,8076.73
144,KB3,ARQ,Default,200,1e-05,1,25,0,0.1983,0.888889,8068.58
145,KB3,ARQ,Default,200,1e-05,1,25,0,0.1983,0.888889,8068.58
146,KB3,ARQ,Default,200,1e-05,1,25,0,0.1979,0.888889,8084.89
147,KB3,ARQ,Default,200,1e-05,1,25,0,0.1966,0.888889,8138.35
148,KB3,ARQ,Default,200,1e-05,1,25,0,0.199,0.888889,8040.2
149,KB3,ARQ,Default,200,1e-05,1,25,0,0.1971,0.888889,8117.71
150,KB3,ARQ,Default,200,1e-05,1,25,0,0.1992,0.888889,8032.13
151,KB3,ARQ,Default,200,1e-05,1,25,0,0.1978,0.888889,8088.98
152,KB3,ARQ,Default,200,1e-05,1,25,0,0.1993,0.888889,8028.1
153,KB3,ARQ,Default,200,1e-05,1,25,0,0.1981,0.888889,8076.73
154,KB3,ARQ,Default,200,1e-05,1,25,0,0.1981,0.888889,8076.73
155,KB3,ARQ,Default,200,1e-05,1,25,0,0.1972,0.888889,8113.59
156,KB3,ARQ,Default,200,1e-05,1,25,0,0.2008,0.888889,7968.13
157,KB3,ARQ,Default,200,1e-05,1,25,0,0.1991,0.888889,8036.16
158,KB3,ARQ,Default,200,1e-05,1,25,0,0.1977,0.888889,8093.07
159,KB3,ARQ,Default,200,1e-05,1,25,0,0.1983,0.888889,8068.58
160,KB3,ARQ,Default,200,1e-05,1,25,0,0.1984,0.888889,8064.52
161,KB3,ARQ,Default,200,1e-05,1,25,0,0.1967,0.888889,8134.21
162,KB3,ARQ,Default,200,1e-05,1,25,0,0.1983,0.888889,8068.58
163,KB3,ARQ,Default,200,1e-05,1,25,0,0.2001,0.888889,7996
164,KB3,ARQ,Default,200,1e-05,1,25,0,0.1998,0.888889,8008.01
165,KB3,ARQ,Default,200,1e-05,1,25,0,0.1975,0.888889,8101.27
166,KB3,ARQ,Default,200,1e-05,1,25,0,0.198,0.888889,8080.81
167,KB3,ARQ,Default,200,1e-05,1,25,0,0.1989,0.888889,8044.24
168,KB3,ARQ,Default,200,1e-05,1,25,0,0.1974,0.888889,8105.37
169,KB3,ARQ,Default,200,1e-05,1,25,0,0.1969,0.888889,8125.95
170,KB3,ARQ,Default,200,1e-05,1,25,0,0.197,0.888889,8121.83
171,KB3,ARQ,Default,200,1e-05,1,25,0,0.1989,0.888889,8044.24
172,KB3,ARQ,Default,200,1e-05,1,25,0,0.1972,0.888889,8113.59
173,KB3,ARQ,Default,200,1e-05,1,25,0,0.1993,0.888889,8028.1
174,KB3,ARQ,Default,200,1e-05,1,25,0,0.1985,0.888889,8060.45
175,KB3,ARQ,Default,200,1e-05,1,25,0,0.199,0.888889,8040.2
176,KB3,ARQ,Default,200,1e-05,1,25,0,0.199,0.888889,8040.2
177,KB3,ARQ,Default,200,1e-05,1,25,0,0.1983,0.888889,8068.58
178,KB3,ARQ,Default,200,1e-05,1,25,0,0.1987,0.888889,8052.34
179,KB3,ARQ,Default,200,1e-05,1,25,0,0.1983,0.888889,8068.58
180,KB3,ARQ,Default,200,1e-05,1,25,0,0.1989,0.888889,8044.24
181,KB3,ARQ,Default,200,1e-05,1,25,0,0.1974,0.888889,8105.37
182,KB3,ARQ,Default,200,1e-05,1,25,0,0.2018,0.888889,7928.64
183,KB3,ARQ,Default,200,1e-05,1,25,0,0.1972,0.888889,8113.59
184,KB3,ARQ,Default,200,1e-05,1,25,0,0.1985,0.888889,8060.45
185,KB3,ARQ,Default,200,1e-05,1,25,0,0.1993,0.888889,8028.1
186,KB3,ARQ,Default,200,1e-05,1,25,0,0.1976,0.888889,8097.17
187,KB3,ARQ,Default,200,1e-05,1,25,0,0.1982,0.888889,8072.65
188,KB3,ARQ,Default,200,1e-05,1,25,0,0.1959,0.888889,8167.43
189,KB3,ARQ,Default,200,1e-05,1,25,0,0.1986,0.888889,8056.39
190,KB3,ARQ,Default,200,1e-05,1,25,0,0.2002,0.888889,7992.01
191,KB3,ARQ,Default,200,1e-05,1,25,0,0.1995,0.888889,8020.05
192,KB3,ARQ,Default,200,1e-05,1,25,0,0.1973,0.888889,8109.48
193,KB3,ARQ,Default,200,1e-05,1,25,0,0.1988,0.888889,8048.29
194,KB3,ARQ,Default,200,1e-05,1,25,0,0.1959,0.888889,8167.43
195,KB3,ARQ,Default,200,1e-05,1,25,0,0.1965,0.888889,8142.49
196,KB3,ARQ,Default,200,1e-05,1,25,0,0.1976,0.888889,8097.17
197,KB3,ARQ,Default,200,1e-05,1,25,0,0.1994,0.888889,8024.07
198,KB3,ARQ,Default,200,1e-05,1,25,0,0.1971,0.888889,8117.71
199,KB3,ARQ,Default,200,1e-05,1,25,0,0.1966,0.888889,8138.35
200,KB3,ARQ,Default,200,1e-05,1,25,0,0.1983,0.888889,8068.58
201,KB3,ARQ,Default,200,1e-05,1,25,0,0.1993,0.888889,8028.1
202,KB3,ARQ,Default,200,1e-05,1,25,0,0.2001,0.888889,7996
203,KB3,ARQ,Default,200,1e-05,1,25,0,0.1983,0.888889,8068.58
204,KB3,ARQ,Default,200,1e-05,1,25,0,0.1982,0.888889,8072.65
205,KB3,ARQ,Default,200,1e-05,1,25,0,0.1988,0.888889,8048.29
206,KB3,ARQ,Default,200,1e-05,1,25,0,0.1987,0.888889,8052.34
207,KB3,ARQ,Default,200,1e-05,1,25,0,0.1995,0.888889,8020.05
208,KB3,ARQ,Default,200,1e-05,1,25,0,0.1985,0.888889,8060.45
209,KB3,ARQ,Default,200,1e-05,1,25,0,0.1972,0.888889,8113.59
210,KB3,ARQ,Default,200,1e-05,1,25,0,0.1992,0.888889,8032.13
211,KB3,ARQ,Default,200,1e-05,1,25,0,0.198,0.888889,8080.81
212,KB3,ARQ,Default,200,1e-05,1,25,0,0.1992,0.888889,8032.13
213,KB3,ARQ,Default,200,1e-05,1,25,0,0.201,0.888889,7960.2
214,KB3,ARQ,Default,200,1e-05,1,25,0,0.1988,0.888889,8048.29
215,KB3,ARQ,Default,200,1e-05,1,25,0,0.1978,0.888889,8088.98
216,KB3,ARQ,Default,200,1e-05,1,25,0,0.1972,0.888889,8113.59
217,KB3,ARQ,Default,200,1e-05,1,25,0,0.1989,0.888889,8044.24
218,KB3,ARQ,Default,200,1e-05,1,25,0,0.1973,0.888889,8109.48
219,KB3,ARQ,Default,200,1e-05,1,25,0,0.2,0.888889,8000
220,KB3,ARQ,Default,200,1e-05,1,25,0,0.199,0.888889,8040.2
221,KB3,ARQ,Default,200,1e-05,1,25,0,0.199,0.888889,8040.2
222,KB3,ARQ,Default,200,1e-05,1,25,0,0.1979,0.888889,8084.89
223,KB3,ARQ,Default,200,1e-05,1,25,0,0.1996,0.888889,8016.03
224,KB3,ARQ,Default,200,1e-05,1,25,0,0.1993,0.888889,8028.1
225,KB3,ARQ,Default,200,1e-05,1,25,0,0.1989,0.888889,8044.24
226,KB3,ARQ,Default,200,1e-05,1,25,0,0.199,0.888889,8040.2
227,KB3,ARQ,Default,200,1e-05,1,25,0,0.198,0.888889,8080.81
228,KB3,ARQ,Default,200,1e-05,1,25,0,0.1972,0.888889,8113.59
229,KB3,ARQ,Default,200,1e-05,1,25,0,0.199,0.888889,8040.2
230,KB3,ARQ,Default,200,1e-05,1,25,0,0.1986,0.888889,8056.39
231,KB3,ARQ,Default,200,1e-05,1,25,0,0.1994,0.888889,8024.07
232,KB3,ARQ,Default,200,1e-05,1,25,0,0.1978,0.888889,8088.98
233,KB3,ARQ,Default,200,1e-05,1,25,0,0.1989,0.888889,8044.24
234,KB3,ARQ,Default,200,1e-05,1,25,0,0.199,0.888889,8040.2
235,KB3,ARQ,Default,200,1e-05,1,25,0,0.2051,0.888889,7801.07
236,KB3,ARQ,Default,200,1e-05,1,25,0,0.1989,0.888889,8044.24
237,KB3,ARQ,Default,200,1e-05,1,25,0,0.1983,0.888889,8068.58
238,KB3,ARQ,Default,200,1e-05,1,25,0,0.1967,0.888889,8134.21
239,KB3,ARQ,Default,200,1e-05,1,25,0,0.1985,0.888889,8060.45
240,KB3,ARQ,Default,200,1e-05,1,25,0,0.1971,0.888889,8117.71
241,KB3,ARQ,Default,200,1e-05,1,25,0,0.1985,0.888889,8060.45
242,KB3,ARQ,Default,200,1e-05,1,25,0,0.2001,0.888889,7996
243,KB3,ARQ,Default,200,1e-05,1,25,0,0.1968,0.888889,8130.08
244,KB3,ARQ,Default,200,1e-05,1,25,0,0.1966,0.888889,8138.35
245,KB3,ARQ,Default,200,1e-05,1,25,0,0.1974,0.888889,8105.37
246,KB3,ARQ,Default,200,1e-05,1,25,0,0.1994,0.888889,8024.07
247,KB3,ARQ,Default,200,1e-05,1,25,0,0.199,0.888889,8040.2
248,KB3,ARQ,Default,200,1e-05,1,25,0,0.1991,0.888889,8036.16
249,KB3,ARQ,Default,200,1e-05,1,25,0,0.197,0.888889,8121.83
250,KB3,ARQ,Default,200,1e-05,1,25,0,0.1983,0.888889,8068.58
251,KB3,ARQ,Default,200,1e-05,1,25,0,0.1977,0.888889,8093.07
252,KB3,ARQ,Default,200,1e-05,1,25,0,0.1966,0.888889,8138.35
253,KB3,ARQ,Default,200,1e-05,1,25,0,0.1978,0.888889,8088.98
254,KB3,ARQ,Default,200,1e-05,1,25,0,0.1994,0.888889,8024.07
255,KB3,ARQ,Default,200,1e-05,1,25,0,0.1984,0.888889,8064.52
256,KB3,ARQ,Default,200,1e-05,1,25,0,0.1973,0.888889,8109.48
257,KB3,ARQ,Default,200,1e-05,1,25,0,0.1983,0.888889,8068.58
258,KB3,ARQ,Default,200,1e-05,1,25,0,0.1995,0.888889,8020.05
259,KB3,ARQ,Default,200,1e-05,1,25,0,0.1992,0.888889,8032.13
260,KB3,ARQ,Default,200,1e-05,1,25,0,0.1968,0.888889,8130.08
261,KB3,ARQ,Default,200,1e-05,1,25,0,0.2001,0.888889,7996
262,KB3,ARQ,Default,200,1e-05,1,25,0,0.1978,0.888889,8088.98
263,KB3,ARQ,Default,200,1e-05,1,25,0,0.1971,0.888889,8117.71
264,KB3,ARQ,Default,200,1e-05,1,25,0,0.1998,0.888889,8008.01
265,KB3,ARQ,Default,200,1e-05,1,25,0,0.2013,0.888889,7948.34
266,KB3,ARQ,Default,200,1e-05,1,25,0,0.1987,0.888889,8052.34
267,KB3,ARQ,Default,200,1e-05,1,25,0,0.1984,0.888889,8064.52
268,KB3,ARQ,Default,200,1e-05,1,25,0,0.1982,0.888889,8072.65
269,KB3,ARQ,Default,200,1e-05,1,25,0,0.1983,0.888889,8068.58
270,KB3,ARQ,Default,200,1e-05,1,25,0,0.1985,0.888889,8060.45
271,KB3,ARQ,Default,200,1e-05,1,25,0,0.1995,0.888889,8020.05
272,KB3,ARQ,Default,200,1e-05,1,25,0,0.1999,0.888889,8004
273,KB3,ARQ,Default,200,1e-05,1,25,0,0.1967,0.888889,8134.21
274,KB3,ARQ,Default,200,1e-05,1,25,0,0.1984,0.888889,8064.52
275,KB3,ARQ,Default,200,1e-05,1,25,0,0.1974,0.888889,8105.37
276,KB3,ARQ,Default,200,1e-05,1,25,0,0.2006,0.888889,7976.07
277,KB3,ARQ,Default,200,1e-05,1,25,0,0.196,0.888889,8163.27
278,KB3,ARQ,Default,200,1e-05,1,25,0,0.197,0.888889,8121.83
279,KB3,ARQ,Default,200,1e-05,1,25,0,0.1976,0.888889,8097.17
280,KB3,ARQ,Default,200,1e-05,1,25,0,0.1993,0.888889,8028.1
281,KB3,ARQ,Default,200,1e-05,1,25,0,0.2,0.888889,8000
282,KB3,ARQ,Default,200,1e-05,1,25,0,0.1966,0.888889,8138.35
283,KB3,ARQ,Default,200,1e-05,1,25,0,0.197,0.888889,8121.83
284,KB3,ARQ,Default,200,1e-05,1,25,0,0.1984,0.888889,8064.52
285,KB3,ARQ,Default,200,1e-05,1,25,0,0.198,0.888889,8080.81
286,KB3,ARQ,Default,200,1e-05,1,25,0,0.1986,0.888889,8056.39
287,KB3,ARQ,Default,200,1e-05,1,25,0,0.2008,0.888889,7968.13
288,KB3,ARQ,Default,200,1e-05,1,25,0,0.1985,0.888889,8060.45
289,KB3,ARQ,Default,200,1e-05,1,25,0,0.1982,0.888889,8072.65
290,KB3,ARQ,Default,200,1e-05,1,25,0,0.1966,0.888889,8138.35
291,KB3,ARQ,Default,200,1e-05,1,25,0,0.1997,0.888889,8012.02
292,KB3,ARQ,Default,200,1e-05,1,25,0,0.1989,0.888889,8044.24
293,KB3,ARQ,Default,200,1e-05,1,25,0,0.1991,0.888889,8036.16
294,KB3,ARQ,Default,200,1e-05,1,25,0,0.1989,0.888889,8044.24
295,KB3,ARQ,Default,200,1e-05,1,25,0,0.2004,0.888889,7984.03
296,KB3,ARQ,Default,200,1e-05,1,25,0,0.1981,0.888889,8076.73
297,KB3,ARQ,Default,200,1e-05,1,25,0,0.1983,0.888889,8068.58
298,KB3,ARQ,Default,200,1e-05,1,25,0,0.1991,0.888889,8036.16
299,KB3,ARQ,Default,200,1e-05,1,25,0,0.1998,0.888889,8008.01
300,KB3,ARQ,Default,200,1e-05,1,25,0,0.1989,0.888889,8044.24
301,KB3,ARQ,Default,200,1e-05,1,25,0,0.2233,0.888889,7165.25
302,KB3,ARQ,Default,200,1e-05,1,25,0,0.301,0.888889,5315.61
303,KB3,ARQ,Default,200,1e-05,1,25,0,0.3326,0.888889,4810.58
304,KB3,ARQ,Default,200,1e-05,1,25,0,0.3109,0.888889,5146.35
305,KB3,ARQ,Default,200,1e-05,1,25,0,0.2126,0.888889,7525.87
306,KB3,ARQ,Default,200,1e-05,1,25,0,0.1984,0.888889,8064.52
307,KB3,ARQ,Default,200,1e-05,1,25,0,0.2,0.888889,8000
308,KB3,ARQ,Default,200,1e-05,1,25,0,0.1982,0.888889,8072.65
309,KB3,ARQ,Default,200,1e-05,1,25,0,0.1991,0.888889,8036.16
310,KB3,ARQ,Default,200,1e-05,1,25,0,0.2,0.888889,8000
311,KB3,ARQ,Default,200,1e-05,1,25,0,0.2,0.888889,8000
312,KB3,ARQ,Default,200,1e-05,1,25,0,0.1998,0.888889,8008.01
313,KB3,ARQ,Default,200,1e-05,1,25,0,0.1962,0.888889,8154.94
314,KB3,ARQ,Default,200,1e-05,1,25,0,0.2031,0.888889,7877.89
315,KB3,ARQ,Default,200,1e-05,1,25,0,0.2022,0.888889,7912.96
316,KB3,ARQ,Default,200,1e-05,1,25,0,0.2024,0.888889,7905.14
317,KB3,ARQ,Default,200,1e-05,1,25,0,0.2017,0.888889,7932.57
318,KB3,ARQ,Default,200,1e-05,1,25,0,0.1978,0.888889,8088.98
319,KB3,ARQ,Default,200,1e-05,1,25,0,0.1988,0.888889,8048.29
320,KB3,ARQ,Default,200,1e-05,1,25,0,0.1994,0.888889,8024.07
321,KB3,ARQ,Default,200,1e-05,1,25,0,0.2036,0.888889,7858.55
322,KB3,ARQ,Default,200,1e-05,1,25,0,0.2041,0.888889,7839.29
323,KB3,ARQ,Default,200,1e-05,1,25,0,0.2096,0.888889,7633.59
324,KB3,ARQ,Default,200,1e-05,1,25,0,0.2038,0.888889,7850.83
325,KB3,ARQ,Default,200,1e-05,1,25,0,0.2543,0.888889,6291.78
326,KB3,ARQ,Default,200,1e-05,1,25,0,0.2881,0.888889,5553.63
327,KB3,ARQ,Default,200,1e-05,1,25,0,0.2,0.888889,8000
328,KB3,ARQ,Default,200,1e-05,1,25,0,0.1962,0.888889,8154.94
329,KB3,ARQ,Default,200,1e-05,1,25,0,0.1982,0.888889,8072.65
330,KB3,ARQ,Default,200,1e-05,1,25,0,0.1984,0.888889,8064.52
331,KB3,ARQ,Default,200,1e-05,1,25,0,0.1977,0.888889,8093.07
332,KB3,ARQ,Default,200,1e-05,1,25,0,0.2001,0.888889,7996
333,KB3,ARQ,Default,200,1e-05,1,25,0,0.1987,0.888889,8052.34
334,KB3,ARQ,Default,200,1e-05,1,25,0,0.1987,0.888889,8052.34
335,KB3,ARQ,Default,200,1e-05,1,25,0,0.1974,0.888889,8105.37
336,KB3,ARQ,Default,200,1e-05,1,25,0,0.1984,0.888889,8064.52
337,KB3,ARQ,Default,200,1e-05,1,25,0,0.1985,0.888889,8060.45
338,KB3,ARQ,Default,200,1e-05,1,25,0,0.1996,0.888889,8016.03
339,KB3,ARQ,Default,200,1e-05,1,25,0,0.1992,0.888889,8032.13
340,KB3,ARQ,Default,200,1e-05,1,25,0,0.2004,0.888889,7984.03
341,KB3,ARQ,Default,200,1e-05,1,25,0,0.1968,0.888889,8130.08
342,KB3,ARQ,Default,200,1e-05,1,25,0,0.1964,0.888889,8146.64
343,KB3,ARQ,Default,200,1e-05,1,25,0,0.1979,0.888889,8084.89
344,KB3,ARQ,Default,200,1e-05,1,25,0,0.1988,0.888889,8048.29
345,KB3,ARQ,Default,200,1e-05,1,25,0,0.1987,0.888889,8052.34
346,KB3,ARQ,Default,200,1e-05,1,25,0,0.1989,0.888889,8044.24
347,KB3,ARQ,Default,200,1e-05,1,25,0,0.1983,0.888889,8068.58
348,KB3,ARQ,Default,200,1e-05,1,25,0,0.1993,0.888889,8028.1
349,KB3,ARQ,Default,200,1e-05,1,25,0,0.2002,0.888889,7992.01
350,KB3,ARQ,Default,200,1e-05,1,25,0,0.2685,0.888889,5959.03
351,KB3,ARQ,Default,200,1e-05,1,25,0,0.3272,0.888889,4889.98
352,KB3,ARQ,Default,200,1e-05,1,25,0,0.1981,0.888889,8076.73
353,KB3,ARQ,Default,200,1e-05,1,25,0,0.198,0.888889,8080.81
354,KB3,ARQ,Default,200,1e-05,1,25,0,0.197,0.888889,8121.83
355,KB3,ARQ,Default,200,1e-05,1,25,0,0.1985,0.888889,8060.45
356,KB3,ARQ,Default,200,1e-05,1,25,0,0.1982,0.888889,8072.65
357,KB3,ARQ,Default,200,1e-05,1,25,0,0.1964,0.888889,8146.64
358,KB3,ARQ,Default,200,1e-05,1,25,0,0.1981,0.888889,8076.73
359,KB3,ARQ,Default,200,1e-05,1,25,0,0.1965,0.888889,8142.49
360,KB3,ARQ,Default,200,1e-05,1,25,0,0.1983,0.888889,8068.58
361,KB3,ARQ,Default,200,1e-05,1,25,0,0.1999,0.888889,8004
362,KB3,ARQ,Default,200,1e-05,1,25,0,0.2002,0.888889,7992.01
363,KB3,ARQ,Default,200,1e-05,1,25,0,0.1986,0.888889,8056.39
364,KB3,ARQ,Default,200,1e-05,1,25,0,0.1962,0.888889,8154.94
365,KB3,ARQ,Default,200,1e-05,1,25,0,0.1983,0.888889,8068.58
366,KB3,ARQ,Default,200,1e-05,1,25,0,0.199,0.888889,8040.2
367,KB3,ARQ,Default,200,1e-05,1,25,0,0.1978,0.888889,8088.98
368,KB3,ARQ,Default,200,1e-05,1,25,0,0.1966,0.888889,8138.35
369,KB3,ARQ,Default,200,1e-05,1,25,0,0.1968,0.888889,8130.08
370,KB3,ARQ,Default,200,1e-05,1,25,0,0.1966,0.888889,8138.35
371,KB3,ARQ,Default,200,1e-05,1,25,0,0.1978,0.888889,8088.98
372,KB3,ARQ,Default,200,1e-05,1,25,0,0.1991,0.888889,8036.16
373,KB3,ARQ,Default,200,1e-05,1,25,0,0.1992,0.888889,8032.13
374,KB3,ARQ,Default,200,1e-05,1,25,0,0.1984,0.888889,8064.52
375,KB3,ARQ,Default,200,1e-05,1,25,0,0.1972,0.888889,8113.59
376,KB3,ARQ,Default,200,1e-05,1,25,0,0.1956,0.888889,8179.96
377,KB3,ARQ,Default,200,1e-05,1,25,0,0.1992,0.888889,8032.13
378,KB3,ARQ,Default,200,1e-05,1,25,0,0.1984,0.888889,8064.52
379,KB3,ARQ,Default,200,1e-05,1,25,0,0.1994,0.888889,8024.07
380,KB3,ARQ,Default,200,1e-05,1,25,0,0.1962,0.888889,8154.94
381,KB3,ARQ,Default,200,1e-05,1,25,0,0.1988,0.888889,8048.29
382,KB3,ARQ,Default,200,1e-05,1,25,0,0.198,0.888889,8080.81
383,KB3,ARQ,Default,200,1e-05,1,25,0,0.2006,0.888889,7976.07
384,KB3,ARQ,Default,200,1e-05,1,25,0,0.1992,0.888889,8032.13
385,KB3,ARQ,Default,200,1e-05,1,25,0,0.1964,0.888889,8146.64
386,KB3,ARQ,Default,200,1e-05,1,25,0,0.1982,0.888889,8072.65
387,KB3,ARQ,Default,200,1e-05,1,25,0,0.197,0.888889,8121.83
388,KB3,ARQ,Default,200,1e-05,1,25,0,0.1988,0.888889,8048.29
389,KB3,ARQ,Default,200,1e-05,1,25,0,0.1986,0.888889,8056.39
390,KB3,ARQ,Default,200,1e-05,1,25,0,0.1989,0.888889,8044.24
391,KB3,ARQ,Default,200,1e-05,1,25,0,0.1978,0.888889,8088.98
392,KB3,ARQ,Default,200,1e-05,1,25,0,0.198,0.888889,8080.81
393,KB3,ARQ,Default,200,1e-05,1,25,0,0.1988,0.888889,8048.29
394,KB3,ARQ,Default,200,1e-05,1,25,0,0.1971,0.888889,8117.71
395,KB3,ARQ,Default,200,1e-05,1,25,0,0.1978,0.888889,8088.98
396,KB3,ARQ,Default,200,1e-05,1,25,0,0.2,0.888889,8000
397,KB3,ARQ,Default,200,1e-05,1,25,1,0.2017,0.854701,7932.57
398,KB3,ARQ,Default,200,1e-05,1,25,0,0.1974,0.888889,8105.37
399,KB3,ARQ,Default,200,1e-05,1,25,0,0.1988,0.888889,8048.29
400,KB3,ARQ,Default,200,1e-05,1,25,0,0.1973,0.888889,8109.48
401,KB3,ARQ,Default,200,1e-05,1,25,0,0.1992,0.888889,8032.13
402,KB3,ARQ,Default,200,1e-05,1,25,0,0.2071,0.888889,7725.74
403,KB3,ARQ,Default,200,1e-05,1,25,0,0.2039,0.888889,7846.98
404,KB3,ARQ,Default,200,1e-05,1,25,0,0.2001,0.888889,7996
405,KB3,ARQ,Default,200,1e-05,1,25,1,0.2047,0.854701,7816.32
406,KB3,ARQ,Default,200,1e-05,1,25,0,0.2039,0.888889,7846.98
407,KB3,ARQ,Default,200,1e-05,1,25,0,0.2004,0.888889,7984.03
408,KB3,ARQ,Default,200,1e-05,1,25,0,0.1996,0.888889,8016.03
409,KB3,ARQ,Default,200,1e-05,1,25,0,0.1979,0.888889,8084.89
410,KB3,ARQ,Default,200,1e-05,1,25,0,0.1991,0.888889,8036.16
411,KB3,ARQ,Default,200,1e-05,1,25,0,0.2443,0.888889,6549.32
412,KB3,ARQ,Default,200,1e-05,1,25,0,0.1988,0.888889,8048.29
413,KB3,ARQ,Default,200,1e-05,1,25,0,0.199,0.888889,8040.2
414,KB3,ARQ,Default,200,1e-05,1,25,0,0.2003,0.888889,7988.02
415,KB3,ARQ,Default,200,1e-05,1,25,0,0.1968,0.888889,8130.08
416,KB3,ARQ,Default,200,1e-05,1,25,0,0.1981,0.888889,8076.73
417,KB3,ARQ,Default,200,1e-05,1,25,0,0.1992,0.888889,8032.13
418,KB3,ARQ,Default,200,1e-05,1,25,0,0.2014,0.888889,7944.39
419,KB3,ARQ,Default,200,1e-05,1,25,0,0.1983,0.888889,8068.58
420,KB3,ARQ,Default,200,1e-05,1,25,0,0.1983,0.888889,8068.58
421,KB3,ARQ,Default,200,1e-05,1,25,0,0.1985,0.888889,8060.45
422,KB3,ARQ,Default,200,1e-05,1,25,0,0.2,0.888889,8000
423,KB3,ARQ,Default,200,1e-05,1,25,0,0.1991,0.888889,8036.16
424,KB3,ARQ,Default,200,1e-05,1,25,0,0.1995,0.888889,8020.05
425,KB3,ARQ,Default,200,1e-05,1,25,0,0.1974,0.888889,8105.37
426,KB3,ARQ,Default,200,1e-05,1,25,0,0.1979,0.888889,8084.89
427,KB3,ARQ,Default,200,1e-05,1,25,0,0.1977,0.888889,8093.07
428,KB3,ARQ,Default,200,1e-05,1,25,0,0.1978,0.888889,8088.98
429,KB3,ARQ,Default,200,1e-05,1,25,0,0.1987,0.888889,8052.34
430,KB3,ARQ,Default,200,1e-05,1,25,0,0.1998,0.888889,8008.01
431,KB3,ARQ,Default,200,1e-05,1,25,0,0.198,0.888889,8080.81
432,KB3,ARQ,Default,200,1e-05,1,25,0,0.197,0.888889,8121.83
433,KB3,ARQ,Default,200,1e-05,1,25,0,0.2002,0.888889,7992.01
434,KB3,ARQ,Default,200,1e-05,1,25,0,0.1978,0.888889,8088.98
435,KB3,ARQ,Default,200,1e-05,1,25,0,0.1991,0.888889,8036.16
436,KB3,ARQ,Default,200,1e-05,1,25,0,0.1984,0.888889,8064.52
437,KB3,ARQ,Default,200,1e-05,1,25,0,0.1985,0.888889,8060.45
438,KB3,ARQ,Default,200,1e-05,1,25,0,0.197,0.888889,8121.83
439,KB3,ARQ,Default,200,1e-05,1,25,0,0.1983,0.888889,8068.58
440,KB3,ARQ,Default,200,1e-05,1,25,0,0.1986,0.888889,8056.39
441,KB3,ARQ,Default,200,1e-05,1,25,0,0.1982,0.888889,8072.65
442,KB3,ARQ,Default,200,1e-05,1,25,0,0.1988,0.888889,8048.29
443,KB3,ARQ,Default,200,1e-05,1,25,0,0.1981,0.888889,8076.73
444,KB3,ARQ,Default,200,1e-05,1,25,0,0.1975,0.888889,8101.27
445,KB3,ARQ,Default,200,1e-05,1,25,0,0.1979,0.888889,8084.89
446,KB3,ARQ,Default,200,1e-05,1,25,0,0.1989,0.888889,8044.24
447,KB3,ARQ,Default,200,1e-05,1,25,0,0.1979,0.888889,8084.89
448,KB3,ARQ,Default,200,1e-05,1,25,0,0.1999,0.888889,8004
449,KB3,ARQ,Default,200,1e-05,1,25,0,0.197,0.888889,8121.83
450,KB3,ARQ,Default,200,1e-05,1,25,0,0.1974,0.888889,8105.37
451,KB3,ARQ,Default,200,1e-05,1,25,0,0.1979,0.888889,8084.89
452,KB3,ARQ,Default,200,1e-05,1,25,0,0.1985,0.888889,8060.45
453,KB3,ARQ,Default,200,1e-05,1,25,0,0.1973,0.888889,8109.48
454,KB3,ARQ,Default,200,1e-05,1,25,0,0.199,0.888889,8040.2
455,KB3,ARQ,Default,200,1e-05,1,25,0,0.1963,0.888889,8150.79
456,KB3,ARQ,Default,200,1e-05,1,25,0,0.1968,0.888889,8130.08
457,KB3,ARQ,Default,200,1e-05,1,25,0,0.1984,0.888889,8064.52
458,KB3,ARQ,Default,200,1e-05,1,25,0,0.1992,0.888889,8032.13
459,KB3,ARQ,Default,200,1e-05,1,25,0,0.2106,0.888889,7597.34
460,KB3,ARQ,Default,200,1e-05,1,25,0,0.1968,0.888889,8130.08
461,KB3,ARQ,Default,200,1e-05,1,25,0,0.1985,0.888889,8060.45
462,KB3,ARQ,Default,200,1e-05,1,25,0,0.1988,0.888889,8048.29
463,KB3,ARQ,Default,200,1e-05,1,25,0,0.1995,0.888889,8020.05
464,KB3,ARQ,Default,200,1e-05,1,25,0,0.1988,0.888889,8048.29
465,KB3,ARQ,Default,200,1e-05,1,25,0,0.197,0.888889,8121.83
466,KB3,ARQ,Default,200,1e-05,1,25,0,0.1966,0.888889,8138.35
467,KB3,ARQ,Default,200,1e-05,1,25,0,0.2055,0.888889,7785.89
468,KB3,ARQ,Default,200,1e-05,1,25,0,0.1975,0.888889,8101.27
469,KB3,ARQ,Default,200,1e-05,1,25,0,0.1982,0.888889,8072.65
470,KB3,ARQ,Default,200,1e-05,1,25,0,0.2002,0.888889,7992.01
471,KB3,ARQ,Default,200,1e-05,1,25,0,0.197,0.888889,8121.83
472,KB3,ARQ,Default,200,1e-05,1,25,0,0.1974,0.888889,8105.37
473,KB3,ARQ,Default,200,1e-05,1,25,0,0.1967,0.888889,8134.21
474,KB3,ARQ,Default,200,1e-05,1,25,0,0.2118,0.888889,7554.3
475,KB3,ARQ,Default,200,1e-05,1,25,0,0.1982,0.888889,8072.65
476,KB3,ARQ,Default,200,1e-05,1,25,0,0.1978,0.888889,8088.98
477,KB3,ARQ,Default,200,1e-05,1,25,0,0.1975,0.888889,8101.27
478,KB3,ARQ,Default,200,1e-05,1,25,1,0.2016,0.854701,7936.51
479,KB3,ARQ,Default,200,1e-05,1,25,0,0.1972,0.888889,8113.59
480,KB3,ARQ,Default,200,1e-05,1,25,0,0.1986,0.888889,8056.39
481,KB3,ARQ,Default,200,1e-05,1,25,0,0.1983,0.888889,8068.58
482,KB3,ARQ,Default,200,1e-05,1,25,0,0.1993,0.888889,8028.1
483,KB3,ARQ,Default,200,1e-05,1,25,0,0.1971,0.888889,8117.71
484,KB3,ARQ,Default,200,1e-05,1,25,0,0.1957,0.888889,8175.78
485,KB3,ARQ,Default,200,1e-05,1,25,0,0.197,0.888889,8121.83
486,KB3,ARQ,Default,200,1e-05,1,25,1,0.2018,0.854701,7928.64
487,KB3,ARQ,Default,200,1e-05,1,25,0,0.198,0.888889,8080.81
488,KB3,ARQ,Default,200,1e-05,1,25,0,0.1971,0.888889,8117.71
489,KB3,ARQ,Default,200,1e-05,1,25,0,0.1985,0.888889,8060.45
490,KB3,ARQ,Default,200,1e-05,1,25,0,0.1979,0.888889,8084.89
491,KB3,ARQ,Default,200,1e-05,1,25,0,0.197,0.888889,8121.83
492,KB3,ARQ,Default,200,1e-05,1,25,0,0.1978,0.888889,8088.98
493,KB3,ARQ,Default,200,1e-05,1,25,0,0.1976,0.888889,8097.17
494,KB3,ARQ,Default,200,1e-05,1,25,0,0.198,0.888889,8080.81
495,KB3,ARQ,Default,200,1e-05,1,25,0,0.1983,0.888889,8068.58
496,KB3,ARQ,Default,200,1e-05,1,25,0,0.1969,0.888889,8125.95
497,KB3,ARQ,Default,200,1e-05,1,25,0,0.201,0.888889,7960.2
498,KB3,ARQ,Default,200,1e-05,1,25,0,0.1996,0.888889,8016.03
499,KB3,ARQ,Default,200,1e-05,1,25,0,0.1979,0.888889,8084.89
500,KB3,ARQ,Default,200,1e-05,1,25,0,0.1968,0.888889,8130.08
501,KB3,ARQ,Default,200,1e-05,1,25,0,0.1972,0.888889,8113.59
502,KB3,ARQ,Default,200,1e-05,1,25,0,0.1986,0.888889,8056.39
503,KB3,ARQ,Default,200,1e-05,1,25,0,0.1994,0.888889,8024.07
504,KB3,ARQ,Default,200,1e-05,1,25,0,0.1994,0.888889,8024.07
505,KB3,ARQ,Default,200,1e-05,1,25,0,0.1989,0.888889,8044.24
506,KB3,ARQ,Default,200,1e-05,1,25,0,0.1978,0.888889,8088.98
507,KB3,ARQ,Default,200,1e-05,1,25,0,0.1965,0.888889,8142.49
508,KB3,ARQ,Default,200,1e-05,1,25,0,0.1983,0.888889,8068.58
509,KB3,ARQ,Default,200,1e-05,1,25,0,0.1988,0.888889,8048.29
510,KB3,ARQ,Default,200,1e-05,1,25,0,0.1971,0.888889,8117.71
511,KB3,ARQ,Default,200,1e-05,1,25,0,0.1976,0.888889,8097.17
512,KB3,ARQ,Default,200,1e-05,1,25,0,0.199,0.888889,8040.2
513,KB3,ARQ,Default,200,1e-05,1,25,0,0.1988,0.888889,8048.29
514,KB3,ARQ,Default,200,1e-05,1,25,0,0.1999,0.888889,8004
515,KB3,ARQ,Default,200,1e-05,1,25,0,0.198,0.888889,8080.81
516,KB3,ARQ,Default,200,1e-05,1,25,0,0.1965,0.888889,8142.49
517,KB3,ARQ,Default,200,1e-05,1,25,0,0.1981,0.888889,8076.73
518,KB3,ARQ,Default,200,1e-05,1,25,0,0.1964,0.888889,8146.64
519,KB3,ARQ,Default,200,1e-05,1,25,0,0.1979,0.888889,8084.89
520,KB3,ARQ,Default,200,1e-05,1,25,0,0.1976,0.888889,8097.17
521,KB3,ARQ,Default,200,1e-05,1,25,0,0.1966,0.888889,8138.35
522,KB3,ARQ,Default,200,1e-05,1,25,0,0.1956,0.888889,8179.96
523,KB3,ARQ,Default,200,1e-05,1,25,0,0.1986,0.888889,8056.39
524,KB3,ARQ,Default,200,1e-05,1,25,0,0.198,0.888889,8080.81
525,KB3,ARQ,Default,200,1e-05,1,25,1,0.2038,0.854701,7850.83
526,KB3,ARQ,Default,200,1e-05,1,25,0,0.1977,0.888889,8093.07
527,KB3,ARQ,Default,200,1e-05,1,25,0,0.199,0.888889,8040.2
528,KB3,ARQ,Default,200,1e-05,1,25,0,0.1976,0.888889,8097.17
529,KB3,ARQ,Default,200,1e-05,1,25,0,0.198,0.888889,8080.81
530,KB3,ARQ,Default,200,1e-05,1,25,0,0.1979,0.888889,8084.89
531,KB3,ARQ,Default,200,1e-05,1,25,0,0.2262,0.888889,7073.39
532,KB3,ARQ,Default,200,1e-05,1,25,0,0.198,0.888889,8080.81
533,KB3,ARQ,Default,200,1e-05,1,25,0,0.2,0.888889,8000
534,KB3,ARQ,Default,200,1e-05,1,25,0,0.1991,0.888889,8036.16
535,KB3,ARQ,Default,200,1e-05,1,25,0,0.1984,0.888889,8064.52
536,KB3,ARQ,Default,200,1e-05,1,25,0,0.1988,0.888889,8048.29
537,KB3,ARQ,Default,200,1e-05,1,25,0,0.1992,0.888889,8032.13
538,KB3,ARQ,Default,200,1e-05,1,25,0,0.208,0.888889,7692.31
539,KB3,ARQ,Default,200,1e-05,1,25,0,0.197,0.888889,8121.83
540,KB3,ARQ,Default,200,1e-05,1,25,0,0.1978,0.888889,8088.98
541,KB3,ARQ,Default,200,1e-05,1,25,0,0.1988,0.888889,8048.29
542,KB3,ARQ,Default,200,1e-05,1,25,0,0.1977,0.888889,8093.07
543,KB3,ARQ,Default,200,1e-05,1,25,0,0.1974,0.888889,8105.37
544,KB3,ARQ,Default,200,1e-05,1,25,0,0.1993,0.888889,8028.1
545,KB3,ARQ,Default,200,1e-05,1,25,0,0.1999,0.888889,8004
546,KB3,ARQ,Default,200,1e-05,1,25,0,0.1993,0.888889,8028.1
547,KB3,ARQ,Default,200,1e-05,1,25,0,0.1976,0.888889,8097.17
548,KB3,ARQ,Default,200,1e-05,1,25,0,0.1963,0.888889,8150.79
549,KB3,ARQ,Default,200,1e-05,1,25,0,0.1998,0.888889,8008.01
550,KB3,ARQ,Default,200,1e-05,1,25,0,0.1998,0.888889,8008.01
551,KB3,ARQ,Default,200,1e-05,1,25,0,0.1989,0.888889,8044.24
552,KB3,ARQ,Default,200,1e-05,1,25,0,0.1965,0.888889,8142.49
553,KB3,ARQ,Default,200,1e-05,1,25,0,0.1979,0.888889,8084.89
554,KB3,ARQ,Default,200,1e-05,1,25,0,0.1983,0.888889,8068.58
555,KB3,ARQ,Default,200,1e-05,1,25,0,0.1967,0.888889,8134.21
556,KB3,ARQ,Default,200,1e-05,1,25,0,0.1986,0.888889,8056.39
557,KB3,ARQ,Default,200,1e-05,1,25,0,0.1982,0.888889,8072.65
558,KB3,ARQ,Default,200,1e-05,1,25,0,0.1967,0.888889,8134.21
559,KB3,ARQ,Default,200,1e-05,1,25,0,0.1983,0.888889,8068.58
560,KB3,ARQ,Default,200,1e-05,1,25,0,0.1986,0.888889,8056.39
561,KB3,ARQ,Default,200,1e-05,1,25,0,0.199,0.888889,8040.2
562,KB3,ARQ,Default,200,1e-05,1,25,0,0.1991,0.888889,8036.16
563,KB3,ARQ,Default,200,1e-05,1,25,0,0.1973,0.888889,8109.48
564,KB3,ARQ,Default,200,1e-05,1,25,0,0.199,0.888889,8040.2
565,KB3,ARQ,Default,200,1e-05,1,25,0,0.1974,0.888889,8105.37
566,KB3,ARQ,Default,200,1e-05,1,25,0,0.1995,0.888889,8020.05
567,KB3,ARQ,Default,200,1e-05,1,25,0,0.1981,0.888889,8076.73
568,KB3,ARQ,Default,200,1e-05,1,25,0,0.199,0.888889,8040.2
569,KB3,ARQ,Default,200,1e-05,1,25,0,0.1971,0.888889,8117.71
570,KB3,ARQ,Default,200,1e-05,1,25,0,0.1964,0.888889,8146.64
571,KB3,ARQ,Default,200,1e-05,1,25,0,0.198,0.888889,8080.81
572,KB3,ARQ,Default,200,1e-05,1,25,0,0.2125,0.888889,7529.41
573,KB3,ARQ,Default,200,1e-05,1,25,0,0.1973,0.888889,8109.48
574,KB3,ARQ,Default,200,1e-05,1,25,0,0.1968,0.888889,8130.08
575,KB3,ARQ,Default,200,1e-05,1,25,0,0.196,0.888889,8163.27
576,KB3,ARQ,Default,200,1e-05,1,25,0,0.1963,0.888889,8150.79
577,KB3,ARQ,Default,200,1e-05,1,25,0,0.198,0.888889,8080.81
578,KB3,ARQ,Default,200,1e-05,1,25,0,0.1965,0.888889,8142.49
579,KB3,ARQ,Default,200,1e-05,1,25,0,0.1983,0.888889,8068.58
580,KB3,ARQ,Default,200,1e-05,1,25,0,0.1974,0.888889,8105.37
581,KB3,ARQ,Default,200,1e-05,1,25,0,0.1981,0.888889,8076.73
582,KB3,ARQ,Default,200,1e-05,1,25,0,0.2001,0.888889,7996
583,KB3,ARQ,Default,200,1e-05,1,25,0,0.201,0.888889,7960.2
584,KB3,ARQ,Default,200,1e-05,1,25,0,0.1986,0.888889,8056.39
585,KB3,ARQ,Default,200,1e-05,1,25,1,0.2016,0.854701,7936.51
586,KB3,ARQ,Default,200,1e-05,1,25,0,0.1976,0.888889,8097.17
587,KB3,ARQ,Default,200,1e-05,1,25,0,0.2005,0.888889,7980.05
588,KB3,ARQ,Default,200,1e-05,1,25,0,0.1989,0.888889,8044.24
589,KB3,ARQ,Default,200,1e-05,1,25,0,0.1979,0.888889,8084.89
590,KB3,ARQ,Default,200,1e-05,1,25,0,0.1973,0.888889,8109.48
591,KB3,ARQ,Default,200,1e-05,1,25,0,0.197,0.888889,8121.83
592,KB3,ARQ,Default,200,1e-05,1,25,0,0.1983,0.888889,8068.58
593,KB3,ARQ,Default,200,1e-05,1,25,0,0.1992,0.888889,8032.13
594,KB3,ARQ,Default,200,1e-05,1,25,0,0.1987,0.888889,8052.34
595,KB3,ARQ,Default,200,1e-05,1,25,0,0.1965,0.888889,8142.49
596,KB3,ARQ,Default,200,1e-05,1,25,0,0.1977,0.888889,8093.07
597,KB3,ARQ,Default,200,1e-05,1,25,1,0.2023,0.854701,7909.05
598,KB3,ARQ,Default,200,1e-05,1,25,0,0.2,0.888889,8000
599,KB3,ARQ,Default,200,1e-05,1,25,0,0.2016,0.888889,7936.51
600,KB3,ARQ,Default,200,1e-05,1,25,0,0.198,0.888889,8080.81
601,KB3,ARQ,Default,200,1e-05,1,25,0,0.1961,0.888889,8159.1
602,KB3,ARQ,Default,200,1e-05,1,25,0,0.1998,0.888889,8008.01
603,KB3,ARQ,Default,200,1e-05,1,25,0,0.1981,0.888889,8076.73
604,KB3,ARQ,Default,200,1e-05,1,25,0,0.1978,0.888889,8088.98
605,KB3,ARQ,Default,200,1e-05,1,25,0,0.1975,0.888889,8101.27
606,KB3,ARQ,Default,200,1e-05,1,25,0,0.1968,0.888889,8130.08
607,KB3,ARQ,Default,200,1e-05,1,25,0,0.1974,0.888889,8105.37
608,KB3,ARQ,Default,200,1e-05,1,25,0,0.1987,0.888889,8052.34
609,KB3,ARQ,Default,200,1e-05,1,25,0,0.1988,0.888889,8048.29
610,KB3,ARQ,Default,200,1e-05,1,25,0,0.1968,0.888889,8130.08
611,KB3,ARQ,Default,200,1e-05,1,25,0,0.1966,0.888889,8138.35
612,KB3,ARQ,Default,200,1e-05,1,25,0,0.1971,0.888889,8117.71
613,KB3,ARQ,Default,200,1e-05,1,25,0,0.2003,0.888889,7988.02
614,KB3,ARQ,Default,200,1e-05,1,25,0,0.199,0.888889,8040.2
615,KB3,ARQ,Default,200,1e-05,1,25,0,0.1964,0.888889,8146.64
616,KB3,ARQ,Default,200,1e-05,1,25,0,0.1976,0.888889,8097.17
617,KB3,ARQ,Default,200,1e-05,1,25,0,0.1975,0.888889,8101.27
618,KB3,ARQ,Default,200,1e-05,1,25,0,0.1968,0.888889,8130.08
619,KB3,ARQ,Default,200,1e-05,1,25,0,0.1996,0.888889,8016.03
620,KB3,ARQ,Default,200,1e-05,1,25,0,0.1987,0.888889,8052.34
621,KB3,ARQ,Default,200,1e-05,1,25,0,0.198,0.888889,8080.81
622,KB3,ARQ,Default,200,1e-05,1,25,0,0.198,0.888889,8080.81
623,KB3,ARQ,Default,200,1e-05,1,25,0,0.1963,0.888889,8150.79
624,KB3,ARQ,Default,200,1e-05,1,25,1,0.2035,0.854701,7862.41
625,KB3,ARQ,Default,200,1e-05,1,25,0,0.1973,0.888889,8109.48
626,KB3,ARQ,Default,200,1e-05,1,25,0,0.198,0.888889,8080.81
627,KB3,ARQ,Default,200,1e-05,1,25,0,0.1965,0.888889,8142.49
628,KB3,ARQ,Default,200,1e-05,1,25,0,0.1985,0.888889,8060.45
629,KB3,ARQ,Default,200,1e-05,1,25,0,0.1985,0.888889,8060.45
630,KB3,ARQ,Default,200,1e-05,1,25,0,0.1958,0.888889,8171.6
631,KB3,ARQ,Default,200,1e-05,1,25,0,0.1962,0.888889,8154.94
632,KB3,ARQ,Default,200,1e-05,1,25,0,0.1994,0.888889,8024.07
633,KB3,ARQ,Default,200,1e-05,1,25,0,0.1961,0.888889,8159.1
634,KB3,ARQ,Default,200,1e-05,1,25,0,0.1993,0.888889,8028.1
635,KB3,ARQ,Default,200,1e-05,1,25,0,0.1988,0.888889,8048.29
636,KB3,ARQ,Default,200,1e-05,1,25,0,0.197,0.888889,8121.83
637,KB3,ARQ,Default,200,1e-05,1,25,0,0.1964,0.888889,8146.64
638,KB3,ARQ,Default,200,1e-05,1,25,0,0.1993,0.888889,8028.1
639,KB3,ARQ,Default,200,1e-05,1,25,0,0.1995,0.888889,8020.05
640,KB3,ARQ,Default,200,1e-05,1,25,0,0.1981,0.888889,8076.73
641,KB3,ARQ,Default,200,1e-05,1,25,0,0.1972,0.888889,8113.59
642,KB3,ARQ,Default,200,1e-05,1,25,0,0.1974,0.888889,8105.37
643,KB3,ARQ,Default,200,1e-05,1,25,0,0.1984,0.888889,8064.52
644,KB3,ARQ,Default,200,1e-05,1,25,0,0.1988,0.888889,8048.29
645,KB3,ARQ,Default,200,1e-05,1,25,0,0.1998,0.888889,8008.01
646,KB3,ARQ,Default,200,1e-05,1,25,0,0.1967,0.888889,8134.21
647,KB3,ARQ,Default,200,1e-05,1,25,0,0.1976,0.888889,8097.17
648,KB3,ARQ,Default,200,1e-05,1,25,0,0.1983,0.888889,8068.58
649,KB3,ARQ,Default,200,1e-05,1,25,0,0.1987,0.888889,8052.34
650,KB3,ARQ,Default,200,1e-05,1,25,0,0.1979,0.888889,8084.89
651,KB3,ARQ,Default,200,1e-05,1,25,0,0.198,0.888889,8080.81
652,KB3,ARQ,Default,200,1e-05,1,25,0,0.197,0.888889,8121.83
653,KB3,ARQ,Default,200,1e-05,1,25,0,0.1974,0.888889,8105.37
654,KB3,ARQ,Default,200,1e-05,1,25,0,0.1981,0.888889,8076.73
655,KB3,ARQ,Default,200,1e-05,1,25,0,0.198,0.888889,8080.81
656,KB3,ARQ,Default,200,1e-05,1,25,0,0.1987,0.888889,8052.34
657,KB3,ARQ,Default,200,1e-05,1,25,0,0.1967,0.888889,8134.21
658,KB3,ARQ,Default,200,1e-05,1,25,0,0.1995,0.888889,8020.05
659,KB3,ARQ,Default,200,1e-05,1,25,0,0.1976,0.888889,8097.17
660,KB3,ARQ,Default,200,1e-05,1,25,0,0.1983,0.888889,8068.58
661,KB3,ARQ,Default,200,1e-05,1,25,0,0.1993,0.888889,8028.1
662,KB3,ARQ,Default,200,1e-05,1,25,0,0.198,0.888889,8080.81
663,KB3,ARQ,Default,200,1e-05,1,25,0,0.1975,0.888889,8101.27
664,KB3,ARQ,Default,200,1e-05,1,25,0,0.1976,0.888889,8097.17
665,KB3,ARQ,Default,200,1e-05,1,25,0,0.236,0.888889,6779.66
666,KB3,ARQ,Default,200,1e-05,1,25,0,0.2008,0.888889,7968.13
667,KB3,ARQ,Default,200,1e-05,1,25,0,0.1977,0.888889,8093.07
668,KB3,ARQ,Default,200,1e-05,1,25,0,0.1979,0.888889,8084.89
669,KB3,ARQ,Default,200,1e-05,1,25,0,0.199,0.888889,8040.2
670,KB3,ARQ,Default,200,1e-05,1,25,0,0.1981,0.888889,8076.73
671,KB3,ARQ,Default,200,1e-05,1,25,0,0.1991,0.888889,8036.16
672,KB3,ARQ,Default,200,1e-05,1,25,0,0.1966,0.888889,8138.35
673,KB3,ARQ,Default,200,1e-05,1,25,0,0.1975,0.888889,8101.27
674,KB3,ARQ,Default,200,1e-05,1,25,0,0.1983,0.888889,8068.58
675,KB3,ARQ,Default,200,1e-05,1,25,0,0.1986,0.888889,8056.39
676,KB3,ARQ,Default,200,1e-05,1,25,0,0.1981,0.888889,8076.73
677,KB3,ARQ,Default,200,1e-05,1,25,0,0.1989,0.888889,8044.24
678,KB3,ARQ,Default,200,1e-05,1,25,0,0.1974,0.888889,8105.37
679,KB3,ARQ,Default,200,1e-05,1,25,0,0.1984,0.888889,8064.52
680,KB3,ARQ,Default,200,1e-05,1,25,0,0.198,0.888889,8080.81
681,KB3,ARQ,Default,200,1e-05,1,25,0,0.1988,0.888889,8048.29
682,KB3,ARQ,Default,200,1e-05,1,25,0,0.1991,0.888889,8036.16
683,KB3,ARQ,Default,200,1e-05,1,25,0,0.1965,0.888889,8142.49
684,KB3,ARQ,Default,200,1e-05,1,25,0,0.2074,0.888889,7714.56
685,KB3,ARQ,Default,200,1e-05,1,25,0,0.1978,0.888889,8088.98
686,KB3,ARQ,Default,200,1e-05,1,25,0,0.1997,0.888889,8012.02
687,KB3,ARQ,Default,200,1e-05,1,25,0,0.1988,0.888889,8048.29
688,KB3,ARQ,Default,200,1e-05,1,25,0,0.1975,0.888889,8101.27
689,KB3,ARQ,Default,200,1e-05,1,25,0,0.1976,0.888889,8097.17
690,KB3,ARQ,Default,200,1e-05,1,25,0,0.1975,0.888889,8101.27
691,KB3,ARQ,Default,200,1e-05,1,25,0,0.1981,0.888889,8076.73
692,KB3,ARQ,Default,200,1e-05,1,25,0,0.199,0.888889,8040.2
693,KB3,ARQ,Default,200,1e-05,1,25,0,0.1967,0.888889,8134.21
694,KB3,ARQ,Default,200,1e-05,1,25,0,0.1967,0.888889,8134.21
695,KB3,ARQ,Default,200,1e-05,1,25,0,0.198,0.888889,8080.81
696,KB3,ARQ,Default,200,1e-05,1,25,0,0.1976,0.888889,8097.17
697,KB3,ARQ,Default,200,1e-05,1,25,0,0.1976,0.888889,8097.17
698,KB3,ARQ,Default,200,1e-05,1,25,0,0.1972,0.888889,8113.59
699,KB3,ARQ,Default,200,1e-05,1,25,0,0.1972,0.888889,8113.59
700,KB3,ARQ,Default,200,1e-05,1,25,0,0.1981,0.888889,8076.73
701,KB3,ARQ,Default,200,1e-05,1,25,0,0.198,0.888889,8080.81
702,KB3,ARQ,Default,200,1e-05,1,25,0,0.199,0.888889,8040.2
703,KB3,ARQ,Default,200,1e-05,1,25,0,0.2003,0.888889,7988.02
704,KB3,ARQ,Default,200,1e-05,1,25,0,0.1964,0.888889,8146.64
705,KB3,ARQ,Default,200,1e-05,1,25,0,0.1979,0.888889,8084.89
706,KB3,ARQ,Default,200,1e-05,1,25,0,0.1974,0.888889,8105.37
707,KB3,ARQ,Default,200,1e-05,1,25,0,0.2008,0.888889,7968.13
708,KB3,ARQ,Default,200,1e-05,1,25,0,0.1987,0.888889,8052.34
709,KB3,ARQ,Default,200,1e-05,1,25,0,0.1985,0.888889,8060.45
710,KB3,ARQ,Default,200,1e-05,1,25,0,0.1974,0.888889,8105.37
711,KB3,ARQ,Default,200,1e-05,1,25,0,0.2046,0.888889,7820.14
712,KB3,ARQ,Default,200,1e-05,1,25,0,0.1994,0.888889,8024.07
713,KB3,ARQ,Default,200,1e-05,1,25,0,0.1993,0.888889,8028.1
714,KB3,ARQ,Default,200,1e-05,1,25,0,0.1975,0.888889,8101.27
715,KB3,ARQ,Default,200,1e-05,1,25,0,0.1979,0.888889,8084.89
716,KB3,ARQ,Default,200,1e-05,1,25,0,0.1964,0.888889,8146.64
717,KB3,ARQ,Default,200,1e-05,1,25,0,0.197,0.888889,8121.83
718,KB3,ARQ,Default,200,1e-05,1,25,0,0.1997,0.888889,8012.02
719,KB3,ARQ,Default,200,1e-05,1,25,0,0.1973,0.888889,8109.48
720,KB3,ARQ,Default,200,1e-05,1,25,0,0.1985,0.888889,8060.45
721,KB3,ARQ,Default,200,1e-05,1,25,0,0.199,0.888889,8040.2
722,KB3,ARQ,Default,200,1e-05,1,25,0,0.1983,0.888889,8068.58
723,KB3,ARQ,Default,200,1e-05,1,25,0,0.1987,0.888889,8052.34
724,KB3,ARQ,Default,200,1e-05,1,25,0,0.1972,0.888889,8113.59
725,KB3,ARQ,Default,200,1e-05,1,25,0,0.197,0.888889,8121.83
726,KB3,ARQ,Default,200,1e-05,1,25,0,0.2332,0.888889,6861.06
727,KB3,ARQ,Default,200,1e-05,1,25,0,0.197,0.888889,8121.83
728,KB3,ARQ,Default,200,1e-05,1,25,0,0.1992,0.888889,8032.13
729,KB3,ARQ,Default,200,1e-05,1,25,0,0.1986,0.888889,8056.39
730,KB3,ARQ,Default,200,1e-05,1,25,0,0.1963,0.888889,8150.79
731,KB3,ARQ,Default,200,1e-05,1,25,0,0.1976,0.888889,8097.17
732,KB3,ARQ,Default,200,1e-05,1,25,0,0.1985,0.888889,8060.45
733,KB3,ARQ,Default,200,1e-05,1,25,0,0.1995,0.888889,8020.05
734,KB3,ARQ,Default,200,1e-05,1,25,0,0.1984,0.888889,8064.52
735,KB3,ARQ,Default,200,1e-05,1,25,0,0.1976,0.888889,8097.17
736,KB3,ARQ,Default,200,1e-05,1,25,0,0.1969,0.888889,8125.95
737,KB3,ARQ,Default,200,1e-05,1,25,0,0.1982,0.888889,8072.65
738,KB3,ARQ,Default,200,1e-05,1,25,0,0.1983,0.888889,8068.58
739,KB3,ARQ,Default,200,1e-05,1,25,0,0.198,0.888889,8080.81
740,KB3,ARQ,Default,200,1e-05,1,25,0,0.1982,0.888889,8072.65
741,KB3,ARQ,Default,200,1e-05,1,25,0,0.1988,0.888889,8048.29
742,KB3,ARQ,Default,200,1e-05,1,25,0,0.196,0.888889,8163.27
743,KB3,ARQ,Default,200,1e-05,1,25,0,0.1973,0.888889,8109.48
744,KB3,ARQ,Default,200,1e-05,1,25,0,0.1972,0.888889,8113.59
745,KB3,ARQ,Default,200,1e-05,1,25,0,0.197,0.888889,8121.83
746,KB3,ARQ,Default,200,1e-05,1,25,0,0.1973,0.888889,8109.48
747,KB3,ARQ,Default,200,1e-05,1,25,0,0.1982,0.888889,8072.65
748,KB3,ARQ,Default,200,1e-05,1,25,0,0.1981,0.888889,8076.73
749,KB3,ARQ,Default,200,1e-05,1,25,1,0.2024,0.854701,7905.14
750,KB3,ARQ,Default,200,1e-05,1,25,0,0.1993,0.888889,8028.1
751,KB3,ARQ,Default,200,1e-05,1,25,0,0.1968,0.888889,8130.08
752,KB3,ARQ,Default,200,1e-05,1,25,0,0.1998,0.888889,8008.01
753,KB3,ARQ,Default,200,1e-05,1,25,0,0.1986,0.888889,8056.39
754,KB3,ARQ,Default,200,1e-05,1,25,0,0.1986,0.888889,8056.39
755,KB3,ARQ,Default,200,1e-05,1,25,0,0.1992,0.888889,8032.13
756,KB3,ARQ,Default,200,1e-05,1,25,0,0.2048,0.888889,7812.5
757,KB3,ARQ,Default,200,1e-05,1,25,0,0.1979,0.888889,8084.89
758,KB3,ARQ,Default,200,1e-05,1,25,0,0.1966,0.888889,8138.35
759,KB3,ARQ,Default,200,1e-05,1,25,0,0.1969,0.888889,8125.95
760,KB3,ARQ,Default,200,1e-05,1,25,0,0.199,0.888889,8040.2
761,KB3,ARQ,Default,200,1e-05,1,25,0,0.1958,0.888889,8171.6
762,KB3,ARQ,Default,200,1e-05,1,25,0,0.1973,0.888889,8109.48
763,KB3,ARQ,Default,200,1e-05,1,25,0,0.2,0.888889,8000
764,KB3,ARQ,Default,200,1e-05,1,25,0,0.1991,0.888889,8036.16
765,KB3,ARQ,Default,200,1e-05,1,25,0,0.1981,0.888889,8076.73
766,KB3,ARQ,Default,200,1e-05,1,25,0,0.1966,0.888889,8138.35
767,KB3,ARQ,Default,200,1e-05,1,25,0,0.1996,0.888889,8016.03
768,KB3,ARQ,Default,200,1e-05,1,25,0,0.1986,0.888889,8056.39
769,KB3,ARQ,Default,200,1e-05,1,25,0,0.1984,0.888889,8064.52
770,KB3,ARQ,Default,200,1e-05,1,25,0,0.1993,0.888889,8028.1
771,KB3,ARQ,Default,200,1e-05,1,25,0,0.2031,0.888889,7877.89
772,KB3,ARQ,Default,200,1e-05,1,25,0,0.1976,0.888889,8097.17
773,KB3,ARQ,Default,200,1e-05,1,25,0,0.1977,0.888889,8093.07
774,KB3,ARQ,Default,200,1e-05,1,25,0,0.1978,0.888889,8088.98
775,KB3,ARQ,Default,200,1e-05,1,25,0,0.2005,0.888889,7980.05
776,KB3,ARQ,Default,200,1e-05,1,25,0,0.199,0.888889,8040.2
777,KB3,ARQ,Default,200,1e-05,1,25,0,0.1984,0.888889,8064.52
778,KB3,ARQ,Default,200,1e-05,1,25,0,0.1979,0.888889,8084.89
779,KB3,ARQ,Default,200,1e-05,1,25,0,0.1961,0.888889,8159.1
780,KB3,ARQ,Default,200,1e-05,1,25,0,0.199,0.888889,8040.2
781,KB3,ARQ,Default,200,1e-05,1,25,0,0.1981,0.888889,8076.73
782,KB3,ARQ,Default,200,1e-05,1,25,0,0.1991,0.888889,8036.16
783,KB3,ARQ,Default,200,1e-05,1,25,0,0.1988,0.888889,8048.29
784,KB3,ARQ,Default,200,1e-05,1,25,0,0.1986,0.888889,8056.39
785,KB3,ARQ,Default,200,1e-05,1,25,0,0.199,0.888889,8040.2
786,KB3,ARQ,Default,200,1e-05,1,25,0,0.1981,0.888889,8076.73
787,KB3,ARQ,Default,200,1e-05,1,25,0,0.1988,0.888889,8048.29
788,KB3,ARQ,Default,200,1e-05,1,25,0,0.1983,0.888889,8068.58
789,KB3,ARQ,Default,200,1e-05,1,25,0,0.1977,0.888889,8093.07
790,KB3,ARQ,Default,200,1e-05,1,25,0,0.1987,0.888889,8052.34
791,KB3,ARQ,Default,200,1e-05,1,25,0,0.1976,0.888889,8097.17
792,KB3,ARQ,Default,200,1e-05,1,25,0,0.1989,0.888889,8044.24
793,KB3,ARQ,Default,200,1e-05,1,25,0,0.198,0.888889,8080.81
794,KB3,ARQ,Default,200,1e-05,1,25,0,0.1978,0.888889,8088.98
795,KB3,ARQ,Default,200,1e-05,1,25,0,0.1982,0.888889,8072.65
796,KB3,ARQ,Default,200,1e-05,1,25,0,0.1986,0.888889,8056.39
797,KB3,ARQ,Default,200,1e-05,1,25,0,0.2079,0.888889,7696.01
798,KB3,ARQ,Default,200,1e-05,1,25,0,0.1972,0.888889,8113.59
799,KB3,ARQ,Default,200,1e-05,1,25,0,0.1977,0.888889,8093.07
800,KB3,ARQ,Default,200,1e-05,1,25,0,0.1997,0.888889,8012.02
801,KB3,ARQ,Default,200,1e-05,1,25,0,0.2005,0.888889,7980.05
802,KB3,ARQ,Default,200,1e-05,1,25,0,0.1984,0.888889,8064.52
803,KB3,ARQ,Default,200,1e-05,1,25,0,0.1985,0.888889,8060.45
804,KB3,ARQ,Default,200,1e-05,1,25,0,0.1971,0.888889,8117.71
805,KB3,ARQ,Default,200,1e-05,1,25,0,0.1979,0.888889,8084.89
806,KB3,ARQ,Default,200,1e-05,1,25,0,0.1991,0.888889,8036.16
807,KB3,ARQ,Default,200,1e-05,1,25,0,0.1997,0.888889,8012.02
808,KB3,ARQ,Default,200,1e-05,1,25,0,0.1983,0.888889,8068.58
809,KB3,ARQ,Default,200,1e-05,1,25,0,0.1976,0.888889,8097.17
810,KB3,ARQ,Default,200,1e-05,1,25,0,0.1968,0.888889,8130.08
811,KB3,ARQ,Default,200,1e-05,1,25,0,0.1972,0.888889,8113.59
812,KB3,ARQ,Default,200,1e-05,1,25,0,0.2009,0.888889,7964.16
813,KB3,ARQ,Default,200,1e-05,1,25,0,0.1986,0.888889,8056.39
814,KB3,ARQ,Default,200,1e-05,1,25,0,0.196,0.888889,8163.27
815,KB3,ARQ,Default,200,1e-05,1,25,0,0.1966,0.888889,8138.35
816,KB3,ARQ,Default,200,1e-05,1,25,0,0.1996,0.888889,8016.03
817,KB3,ARQ,Default,200,1e-05,1,25,0,0.2001,0.888889,7996
818,KB3,ARQ,Default,200,1e-05,1,25,0,0.1964,0.888889,8146.64
819,KB3,ARQ,Default,200,1e-05,1,25,0,0.197,0.888889,8121.83
820,KB3,ARQ,Default,200,1e-05,1,25,0,0.1985,0.888889,8060.45
821,KB3,ARQ,Default,200,1e-05,1,25,0,0.1977,0.888889,8093.07
822,KB3,ARQ,Default,200,1e-05,1,25,0,0.1976,0.888889,8097.17
823,KB3,ARQ,Default,200,1e-05,1,25,0,0.1985,0.888889,8060.45
824,KB3,ARQ,Default,200,1e-05,1,25,0,0.1958,0.888889,8171.6
825,KB3,ARQ,Default,200,1e-05,1,25,0,0.1966,0.888889,8138.35
826,KB3,ARQ,Default,200,1e-05,1,25,1,0.2007,0.854701,7972.1
827,KB3,ARQ,Default,200,1e-05,1,25,0,0.2012,0.888889,7952.29
828,KB3,ARQ,Default,200,1e-05,1,25,0,0.2009,0.888889,7964.16
829,KB3,ARQ,Default,200,1e-05,1,25,0,0.199,0.888889,8040.2
830,KB3,ARQ,Default,200,1e-05,1,25,0,0.1989,0.888889,8044.24
831,KB3,ARQ,Default,200,1e-05,1,25,0,0.1984,0.888889,8064.52
832,KB3,ARQ,Default,200,1e-05,1,25,0,0.2071,0.888889,7725.74
833,KB3,ARQ,Default,200,1e-05,1,25,0,0.2007,0.888889,7972.1
834,KB3,ARQ,Default,200,1e-05,1,25,0,0.197,0.888889,8121.83
835,KB3,ARQ,Default,200,1e-05,1,25,1,0.2033,0.854701,7870.14
836,KB3,ARQ,Default,200,1e-05,1,25,0,0.198,0.888889,8080.81
837,KB3,ARQ,Default,200,1e-05,1,25,0,0.1988,0.888889,8048.29
838,KB3,ARQ,Default,200,1e-05,1,25,0,0.2018,0.888889,7928.64
839,KB3,ARQ,Default,200,1e-05,1,25,0,0.203,0.888889,7881.77
840,KB3,ARQ,Default,200,1e-05,1,25,0,0.1999,0.888889,8004
841,KB3,ARQ,Default,200,1e-05,1,25,0,0.1956,0.888889,8179.96
842,KB3,ARQ,Default,200,1e-05,1,25,0,0.1984,0.888889,8064.52
843,KB3,ARQ,Default,200,1e-05,1,25,0,0.1976,0.888889,8097.17
844,KB3,ARQ,Default,200,1e-05,1,25,0,0.1991,0.888889,8036.16
845,KB3,ARQ,Default,200,1e-05,1,25,0,0.198,0.888889,8080.81
846,KB3,ARQ,Default,200,1e-05,1,25,0,0.1973,0.888889,8109.48
847,KB3,ARQ,Default,200,1e-05,1,25,0,0.1978,0.888889,8088.98
848,KB3,ARQ,Default,200,1e-05,1,25,0,0.1993,0.888889,8028.1
849,KB3,ARQ,Default,200,1e-05,1,25,0,0.1993,0.888889,8028.1
850,KB3,ARQ,Default,200,1e-05,1,25,0,0.1976,0.888889,8097.17
851,KB3,ARQ,Default,200,1e-05,1,25,0,0.1998,0.888889,8008.01
852,KB3,ARQ,Default,200,1e-05,1,25,0,0.2085,0.888889,7673.86
853,KB3,ARQ,Default,200,1e-05,1,25,0,0.2077,0.888889,7703.42
854,KB3,ARQ,Default,200,1e-05,1,25,0,0.2045,0.888889,7823.96
855,KB3,ARQ,Default,200,1e-05,1,25,0,0.213,0.888889,7511.74
856,KB3,ARQ,Default,200,1e-05,1,25,1,0.2209,0.854701,7243.1
857,KB3,ARQ,Default,200,1e-05,1,25,0,0.1996,0.888889,8016.03
858,KB3,ARQ,Default,200,1e-05,1,25,0,0.1991,0.888889,8036.16
859,KB3,ARQ,Default,200,1e-05,1,25,0,0.1997,0.888889,8012.02
860,KB3,ARQ,Default,200,1e-05,1,25,0,0.1962,0.888889,8154.94
861,KB3,ARQ,Default,200,1e-05,1,25,0,0.2002,0.888889,7992.01
862,KB3,ARQ,Default,200,1e-05,1,25,0,0.1976,0.888889,8097.17
863,KB3,ARQ,Default,200,1e-05,1,25,0,0.1986,0.888889,8056.39
864,KB3,ARQ,Default,200,1e-05,1,25,0,0.1989,0.888889,8044.24
865,KB3,ARQ,Default,200,1e-05,1,25,0,0.1984,0.888889,8064.52
866,KB3,ARQ,Default,200,1e-05,1,25,0,0.1982,0.888889,8072.65
867,KB3,ARQ,Default,200,1e-05,1,25,0,0.1965,0.888889,8142.49
868,KB3,ARQ,Default,200,1e-05,1,25,0,0.1998,0.888889,8008.01
869,KB3,ARQ,Default,200,1e-05,1,25,0,0.1986,0.888889,8056.39
870,KB3,ARQ,Default,200,1e-05,1,25,0,0.1981,0.888889,8076.73
871,KB3,ARQ,Default,200,1e-05,1,25,0,0.1969,0.888889,8125.95
872,KB3,ARQ,Default,200,1e-05,1,25,0,0.1987,0.888889,8052.34
873,KB3,ARQ,Default,200,1e-05,1,25,0,0.1967,0.888889,8134.21
874,KB3,ARQ,Default,200,1e-05,1,25,0,0.1977,0.888889,8093.07
875,KB3,ARQ,Default,200,1e-05,1,25,0,0.1975,0.888889,8101.27
876,KB3,ARQ,Default,200,1e-05,1,25,0,0.1988,0.888889,8048.29
877,KB3,ARQ,Default,200,1e-05,1,25,0,0.1975,0.888889,8101.27
878,KB3,ARQ,Default,200,1e-05,1,25,0,0.1972,0.888889,8113.59
879,KB3,ARQ,Default,200,1e-05,1,25,0,0.2004,0.888889,7984.03
880,KB3,ARQ,Default,200,1e-05,1,25,0,0.1984,0.888889,8064.52
881,KB3,ARQ,Default,200,1e-05,1,25,0,0.1964,0.888889,8146.64
882,KB3,ARQ,Default,200,1e-05,1,25,0,0.1968,0.888889,8130.08
883,KB3,ARQ,Default,200,1e-05,1,25,0,0.1988,0.888889,8048.29
884,KB3,ARQ,Default,200,1e-05,1,25,0,0.1967,0.888889,8134.21
885,KB3,ARQ,Default,200,1e-05,1,25,0,0.1987,0.888889,8052.34
886,KB3,ARQ,Default,200,1e-05,1,25,0,0.1969,0.888889,8125.95
887,KB3,ARQ,Default,200,1e-05,1,25,0,0.1983,0.888889,8068.58
888,KB3,ARQ,Default,200,1e-05,1,25,0,0.1985,0.888889,8060.45
889,KB3,ARQ,Default,200,1e-05,1,25,0,0.1971,0.888889,8117.71
890,KB3,ARQ,Default,200,1e-05,1,25,0,0.1973,0.888889,8109.48
891,KB3,ARQ,Default,200,1e-05,1,25,0,0.199,0.888889,8040.2
892,KB3,ARQ,Default,200,1e-05,1,25,0,0.197,0.888889,8121.83
893,KB3,ARQ,Default,200,1e-05,1,25,0,0.1973,0.888889,8109.48
894,KB3,ARQ,Default,200,1e-05,1,25,0,0.1983,0.888889,8068.58
895,KB3,ARQ,Default,200,1e-05,1,25,0,0.1998,0.888889,8008.01
896,KB3,ARQ,Default,200,1e-05,1,25,0,0.1986,0.888889,8056.39
897,KB3,ARQ,Default,200,1e-05,1,25,0,0.1975,0.888889,8101.27
898,KB3,ARQ,Default,200,1e-05,1,25,0,0.1986,0.888889,8056.39
899,KB3,ARQ,Default,200,1e-05,1,25,0,0.1971,0.888889,8117.71
900,KB3,ARQ,Default,200,1e-05,1,25,0,0.1988,0.888889,8048.29
901,KB3,ARQ,Default,200,1e-05,1,25,0,0.1987,0.888889,8052.34
902,KB3,ARQ,Default,200,1e-05,1,25,0,0.1987,0.888889,8052.34
903,KB3,ARQ,Default,200,1e-05,1,25,0,0.1979,0.888889,8084.89
904,KB3,ARQ,Default,200,1e-05,1,25,0,0.1973,0.888889,8109.48
905,KB3,ARQ,Default,200,1e-05,1,25,0,0.1982,0.888889,8072.65
906,KB3,ARQ,Default,200,1e-05,1,25,0,0.2005,0.888889,7980.05
907,KB3,ARQ,Default,200,1e-05,1,25,0,0.1982,0.888889,8072.65
908,KB3,ARQ,Default,200,1e-05,1,25,0,0.1989,0.888889,8044.24
909,KB3,ARQ,Default,200,1e-05,1,25,0,0.1955,0.888889,8184.14
910,KB3,ARQ,Default,200,1e-05,1,25,0,0.209,0.888889,7655.5
911,KB3,ARQ,Default,200,1e-05,1,25,0,0.1985,0.888889,8060.45
912,KB3,ARQ,Default,200,1e-05,1,25,0,0.1965,0.888889,8142.49
913,KB3,ARQ,Default,200,1e-05,1,25,0,0.1986,0.888889,8056.39
914,KB3,ARQ,Default,200,1e-05,1,25,0,0.1988,0.888889,8048.29
915,KB3,ARQ,Default,200,1e-05,1,25,0,0.2612,0.888889,6125.57
916,KB3,ARQ,Default,200,1e-05,1,25,0,0.2004,0.888889,7984.03
917,KB3,ARQ,Default,200,1e-05,1,25,0,0.2371,0.888889,6748.21
918,KB3,ARQ,Default,200,1e-05,1,25,0,0.1999,0.888889,8004
919,KB3,ARQ,Default,200,1e-05,1,25,0,0.1991,0.888889,8036.16
920,KB3,ARQ,Default,200,1e-05,1,25,0,0.1987,0.888889,8052.34
921,KB3,ARQ,Default,200,1e-05,1,25,0,0.1989,0.888889,8044.24
922,KB3,ARQ,Default,200,1e-05,1,25,0,0.1992,0.888889,8032.13
923,KB3,ARQ,Default,200,1e-05,1,25,0,0.1986,0.888889,8056.39
924,KB3,ARQ,Default,200,1e-05,1,25,0,0.1977,0.888889,8093.07
925,KB3,ARQ,Default,200,1e-05,1,25,0,0.1999,0.888889,8004
926,KB3,ARQ,Default,200,1e-05,1,25,0,0.1999,0.888889,8004
927,KB3,ARQ,Default,200,1e-05,1,25,0,0.2015,0.888889,7940.45
928,KB3,ARQ,Default,200,1e-05,1,25,0,0.1981,0.888889,8076.73
929,KB3,ARQ,Default,200,1e-05,1,25,0,0.1973,0.888889,8109.48
930,KB3,ARQ,Default,200,1e-05,1,25,0,0.1986,0.888889,8056.39
931,KB3,ARQ,Default,200,1e-05,1,25,0,0.1971,0.888889,8117.71
932,KB3,ARQ,Default,200,1e-05,1,25,0,0.198,0.888889,8080.81
933,KB3,ARQ,Default,200,1e-05,1,25,0,0.1963,0.888889,8150.79
934,KB3,ARQ,Default,200,1e-05,1,25,0,0.1967,0.888889,8134.21
935,KB3,ARQ,Default,200,1e-05,1,25,0,0.1988,0.888889,8048.29
936,KB3,ARQ,Default,200,1e-05,1,25,0,0.1988,0.888889,8048.29
937,KB3,ARQ,Default,200,1e-05,1,25,0,0.1989,0.888889,8044.24
938,KB3,ARQ,Default,200,1e-05,1,25,0,0.1991,0.888889,8036.16
939,KB3,ARQ,Default,200,1e-05,1,25,0,0.1975,0.888889,8101.27
940,KB3,ARQ,Default,200,1e-05,1,25,0,0.1973,0.888889,8109.48
941,KB3,ARQ,Default,200,1e-05,1,25,0,0.1974,0.888889,8105.37
942,KB3,ARQ,Default,200,1e-05,1,25,0,0.1997,0.888889,8012.02
943,KB3,ARQ,Default,200,1e-05,1,25,0,0.1993,0.888889,8028.1
944,KB3,ARQ,Default,200,1e-05,1,25,0,0.1977,0.888889,8093.07
945,KB3,ARQ,Default,200,1e-05,1,25,0,0.1963,0.888889,8150.79
946,KB3,ARQ,Default,200,1e-05,1,25,0,0.1975,0.888889,8101.27
947,KB3,ARQ,Default,200,1e-05,1,25,0,0.1987,0.888889,8052.34
948,KB3,ARQ,Default,200,1e-05,1,25,0,0.1977,0.888889,8093.07
949,KB3,ARQ,Default,200,1e-05,1,25,0,0.1984,0.888889,8064.52
950,KB3,ARQ,Default,200,1e-05,1,25,0,0.1999,0.888889,8004
951,KB3,ARQ,Default,200,1e-05,1,25,0,0.197,0.888889,8121.83
952,KB3,ARQ,Default,200,1e-05,1,25,0,0.1994,0.888889,8024.07
953,KB3,ARQ,Default,200,1e-05,1,25,0,0.1983,0.888889,8068.58
954,KB3,ARQ,Default,200,1e-05,1,25,0,0.1983,0.888889,8068.58
955,KB3,ARQ,Default,200,1e-05,1,25,0,0.1966,0.888889,8138.35
956,KB3,ARQ,Default,200,1e-05,1,25,0,0.1973,0.888889,8109.48
957,KB3,ARQ,Default,200,1e-05,1,25,0,0.1973,0.888889,8109.48
958,KB3,ARQ,Default,200,1e-05,1,25,0,0.1991,0.888889,8036.16
959,KB3,ARQ,Default,200,1e-05,1,25,0,0.1969,0.888889,8125.95
960,KB3,ARQ,Default,200,1e-05,1,25,0,0.1976,0.888889,8097.17
961,KB3,ARQ,Default,200,1e-05,1,25,0,0.1974,0.888889,8105.37
962,KB3,ARQ,Default,200,1e-05,1,25,0,0.1971,0.888889,8117.71
963,KB3,ARQ,Default,200,1e-05,1,25,0,0.1994,0.888889,8024.07
964,KB3,ARQ,Default,200,1e-05,1,25,0,0.1986,0.888889,8056.39
965,KB3,ARQ,Default,200,1e-05,1,25,0,0.199,0.888889,8040.2
966,KB3,ARQ,Default,200,1e-05,1,25,0,0.1979,0.888889,8084.89
967,KB3,ARQ,Default,200,1e-05,1,25,0,0.1988,0.888889,8048.29
968,KB3,ARQ,Default,200,1e-05,1,25,0,0.198,0.888889,8080.81
969,KB3,ARQ,Default,200,1e-05,1,25,0,0.2006,0.888889,7976.07
970,KB3,ARQ,Default,200,1e-05,1,25,0,0.1977,0.888889,8093.07
971,KB3,ARQ,Default,200,1e-05,1,25,0,0.1978,0.888889,8088.98
972,KB3,ARQ,Default,200,1e-05,1,25,0,0.1972,0.888889,8113.59
973,KB3,ARQ,Default,200,1e-05,1,25,0,0.2,0.888889,8000
974,KB3,ARQ,Default,200,1e-05,1,25,0,0.1992,0.888889,8032.13
975,KB3,ARQ,Default,200,1e-05,1,25,0,0.1973,0.888889,8109.48
976,KB3,ARQ,Default,200,1e-05,1,25,0,0.197,0.888889,8121.83
977,KB3,ARQ,Default,200,1e-05,1,25,0,0.2271,0.888889,7045.35
978,KB3,ARQ,Default,200,1e-05,1,25,0,0.1994,0.888889,8024.07
979,KB3,ARQ,Default,200,1e-05,1,25,0,0.1995,0.888889,8020.05
980,KB3,ARQ,Default,200,1e-05,1,25,0,0.1979,0.888889,8084.89
981,KB3,ARQ,Default,200,1e-05,1,25,0,0.1969,0.888889,8125.95
982,KB3,ARQ,Default,200,1e-05,1,25,0,0.1969,0.888889,8125.95
983,KB3,ARQ,Default,200,1e-05,1,25,0,0.1959,0.888889,8167.43
984,KB3,ARQ,Default,200,1e-05,1,25,0,0.2007,0.888889,7972.1
985,KB3,ARQ,Default,200,1e-05,1,25,0,0.1996,0.888889,8016.03
986,KB3,ARQ,Default,200,1e-05,1,25,0,0.1977,0.888889,8093.07
987,KB3,ARQ,Default,200,1e-05,1,25,0,0.1972,0.888889,8113.59
988,KB3,ARQ,Default,200,1e-05,1,25,0,0.1988,0.888889,8048.29
989,KB3,ARQ,Default,200,1e-05,1,25,0,0.1993,0.888889,8028.1
990,KB3,ARQ,Default,200,1e-05,1,25,0,0.1978,0.888889,8088.98
991,KB3,ARQ,Default,200,1e-05,1,25,0,0.1977,0.888889,8093.07
992,KB3,ARQ,Default,200,1e-05,1,25,0,0.199,0.888889,8040.2
993,KB3,ARQ,Default,200,1e-05,1,25,0,0.1979,0.888889,8084.89
994,KB3,ARQ,Default,200,1e-05,1,25,0,0.1977,0.888889,8093.07
995,KB3,ARQ,Default,200,1e-05,1,25,0,0.1993,0.888889,8028.1
996,KB3,ARQ,Default,200,1e-05,1,25,0,0.196,0.888889,8163.27
997,KB3,ARQ,Default,200,1e-05,1,25,0,0.1964,0.888889,8146.64
998,KB3,ARQ,Default,200,1e-05,1,25,0,0.1957,0.888889,8175.78
999,KB3,ARQ,Default,200,1e-05,1,25,0,0.1994,0.888889,8024.07
1000,KB3,ARQ,Default,200,1e-05,1,25,0,0.1968,0.888889,8130.08
1001,KB3,HARQ,Default,200,1e-05,1,25,0,1.8923,0.888889,845.532
1002,KB3,HARQ,Default,200,1e-05,1,25,0,1.8566,0.888889,861.79
1003,KB3,HARQ,Default,200,1e-05,1,25,0,1.9219,0.888889,832.509
1004,KB3,HARQ,Default,200,1e-05,1,25,0,1.8952,0.888889,844.238
1005,KB3,HARQ,Default,200,1e-05,1,25,0,1.8844,0.888889,849.077
1006,KB3,HARQ,Default,200,1e-05,1,25,0,2.0031,0.888889,798.762
1007,KB3,HARQ,Default,200,1e-05,1,25,0,1.9154,0.888889,835.335
1008,KB3,HARQ,Default,200,1e-05,1,25,0,1.9068,0.888889,839.102
1009,KB3,HARQ,Default,200,1e-05,1,25,0,1.9607,0.888889,816.035
1010,KB3,HARQ,Default,200,1e-05,1,25,0,1.919,0.888889,833.768
1011,KB3,HARQ,Default,200,1e-05,1,25,0,1.9185,0.888889,833.985
1012,KB3,HARQ,Default,200,1e-05,1,25,0,1.9186,0.888889,833.941
1013,KB3,HARQ,Default,200,1e-05,1,25,0,1.9116,0.888889,836.995
1014,KB3,HARQ,Default,200,1e-05,1,25,0,2.0507,0.888889,780.221
1015,KB3,HARQ,Default,200,1e-05,1,25,0,1.9062,0.888889,839.366
1016,KB3,HARQ,Default,200,1e-05,1,25,0,1.9074,0.888889,838.838
1017,KB3,HARQ,Default,200,1e-05,1,25,0,1.9442,0.888889,822.961
1018,KB3,HARQ,Default,200,1e-05,1,25,0,1.9119,0.888889,836.864
1019,KB3,HARQ,Default,200,1e-05,1,25,0,1.9216,0.888889,832.639
1020,KB3,HARQ,Default,200,1e-05,1,25,0,1.9387,0.888889,825.295
1021,KB3,HARQ,Default,200,1e-05,1,25,0,1.9123,0.888889,836.689
1022,KB3,HARQ,Default,200,1e-05,1,25,0,1.9484,0.888889,821.187
1023,KB3,HARQ,Default,200,1e-05,1,25,0,1.9274,0.888889,830.134
1024,KB3,HARQ,Default,200,1e-05,1,25,0,1.9154,0.888889,835.335
1025,KB3,HARQ,Default,200,1e-05,1,25,0,1.9886,0.888889,804.586
1026,KB3,HARQ,Default,200,1e-05,1,25,0,1.9168,0.888889,834.725
1027,KB3,HARQ,Default,200,1e-05,1,25,0,1.9248,0.888889,831.255
1028,KB3,HARQ,Default,200,1e-05,1,25,0,1.9274,0.888889,830.134
1029,KB3,HARQ,Default,200,1e-05,1,25,0,1.9398,0.888889,824.827
1030,KB3,HARQ,Default,200,1e-05,1,25,0,1.9483,0.888889,821.229
1031,KB3,HARQ,Default,200,1e-05,1,25,0,2.0998,0.888889,761.977
1032,KB3,HARQ,Default,200,1e-05,1,25,0,1.923,0.888889,832.033
1033,KB3,HARQ,Default,200,1e-05,1,25,0,1.9719,0.888889,811.4
1034,KB3,HARQ,Default,200,1e-05,1,25,0,1.9508,0.888889,820.176
1035,KB3,HARQ,Default,200,1e-05,1,25,0,1.9494,0.888889,820.765
1036,KB3,HARQ,Default,200,1e-05,1,25,0,1.9522,0.888889,819.588
1037,KB3,HARQ,Default,200,1e-05,1,25,0,1.9176,0.888889,834.376
1038,KB3,HARQ,Default,200,1e-05,1,25,0,1.9163,0.888889,834.942
1039,KB3,HARQ,Default,200,1e-05,1,25,0,2.0324,0.888889,787.247
1040,KB3,HARQ,Default,200,1e-05,1,25,0,1.9321,0.888889,828.114
1041,KB3,HARQ,Default,200,1e-05,1,25,0,1.9629,0.888889,815.12
1042,KB3,HARQ,Default,200,1e-05,1,25,0,1.952,0.888889,819.672
1043,KB3,HARQ,Default,200,1e-05,1,25,0,1.9405,0.888889,824.53
1044,KB3,HARQ,Default,200,1e-05,1,25,0,1.9185,0.888889,833.985
1045,KB3,HARQ,Default,200,1e-05,1,25,0,1.916,0.888889,835.073
1046,KB3,HARQ,Default,200,1e-05,1,25,0,1.9237,0.888889,831.731
1047,KB3,HARQ,Default,200,1e-05,1,25,0,1.999,0.888889,800.4
1048,KB3,HARQ,Default,200,1e-05,1,25,0,2.0174,0.888889,793.1
1049,KB3,HARQ,Default,200,1e-05,1,25,0,2.7939,0.888889,572.676
1050,KB3,HARQ,Default,200,1e-05,1,25,0,3.398,0.888889,470.865
1051,KB3,HARQ,Default,200,1e-05,1,25,0,3.1417,0.888889,509.278
1052,KB3,HARQ,Default,200,1e-05,1,25,0,2.9381,0.888889,544.57
1053,KB3,HARQ,Default,200,1e-05,1,25,0,2.2874,0.888889,699.484
1054,KB3,HARQ,Default,200,1e-05,1,25,0,2.0036,0.888889,798.563
1055,KB3,HARQ,Default,200,1e-05,1,25,0,2.0005,0.888889,799.8
1056,KB3,HARQ,Default,200,1e-05,1,25,0,1.9836,0.888889,806.614
1057,KB3,HARQ,Default,200,1e-05,1,25,0,2.0142,0.888889,794.36
1058,KB3,HARQ,Default,200,1e-05,1,25,0,1.989,0.888889,804.424
1059,KB3,HARQ,Default,200,1e-05,1,25,0,1.98,0.888889,808.081
1060,KB3,HARQ,Default,200,1e-05,1,25,0,3.007,0.888889,532.092
1061,KB3,HARQ,Default,200,1e-05,1,25,0,1.9913,0.888889,803.495
1062,KB3,HARQ,Default,200,1e-05,1,25,0,1.9944,0.888889,802.246
1063,KB3,HARQ,Default,200,1e-05,1,25,0,2.0135,0.888889,794.636
1064,KB3,HARQ,Default,200,1e-05,1,25,0,2.0308,0.888889,787.867
1065,KB3,HARQ,Default,200,1e-05,1,25,0,2.032,0.888889,787.402
1066,KB3,HARQ,Default,200,1e-05,1,25,0,2.0205,0.888889,791.883
1067,KB3,HARQ,Default,200,1e-05,1,25,0,2.0589,0.888889,777.114
1068,KB3,HARQ,Default,200,1e-05,1,25,0,2.0204,0.888889,791.922
1069,KB3,HARQ,Default,200,1e-05,1,25,0,1.9204,0.888889,833.16
1070,KB3,HARQ,Default,200,1e-05,1,25,0,1.9279,0.888889,829.919
1071,KB3,HARQ,Default,200,1e-05,1,25,0,2.0061,0.888889,797.567
1072,KB3,HARQ,Default,200,1e-05,1,25,0,1.9202,0.888889,833.247
1073,KB3,HARQ,Default,200,1e-05,1,25,0,1.9676,0.888889,813.173
1074,KB3,HARQ,Default,200,1e-05,1,25,0,1.9663,0.888889,813.711
1075,KB3,HARQ,Default,200,1e-05,1,25,0,2.0221,0.888889,791.257
1076,KB3,HARQ,Default,200,1e-05,1,25,0,2.0682,0.888889,773.62
1077,KB3,HARQ,Default,200,1e-05,1,25,0,1.9159,0.888889,835.117
1078,KB3,HARQ,Default,200,1e-05,1,25,0,1.9193,0.888889,833.637
1079,KB3,HARQ,Default,200,1e-05,1,25,0,1.9154,0.888889,835.335
1080,KB3,HARQ,Default,200,1e-05,1,25,0,1.9483,0.888889,821.229
1081,KB3,HARQ,Default,200,1e-05,1,25,0,1.9428,0.888889,823.554
1082,KB3,HARQ,Default,200,1e-05,1,25,0,1.9613,0.888889,815.785
1083,KB3,HARQ,Default,200,1e-05,1,25,0,1.9287,0.888889,829.574
1084,KB3,HARQ,Default,200,1e-05,1,25,0,2.1173,0.888889,755.679
1085,KB3,HARQ,Default,200,1e-05,1,25,0,1.9419,0.888889,823.935
1086,KB3,HARQ,Default,200,1e-05,1,25,0,1.9426,0.888889,823.638
1087,KB3,HARQ,Default,200,1e-05,1,25,0,1.9437,0.888889,823.172
1088,KB3,HARQ,Default,200,1e-05,1,25,0,1.9445,0.888889,822.834
1089,KB3,HARQ,Default,200,1e-05,1,25,0,1.9179,0.888889,834.246
1090,KB3,HARQ,Default,200,1e-05,1,25,0,1.9919,0.888889,803.253
1091,KB3,HARQ,Default,200,1e-05,1,25,0,2.0729,0.888889,771.866
1092,KB3,HARQ,Default,200,1e-05,1,25,0,2.0727,0.888889,771.94
1093,KB3,HARQ,Default,200,1e-05,1,25,0,1.9839,0.888889,806.492
1094,KB3,HARQ,Default,200,1e-05,1,25,0,1.9419,0.888889,823.935
1095,KB3,HARQ,Default,200,1e-05,1,25,0,1.9281,0.888889,829.832
1096,KB3,HARQ,Default,200,1e-05,1,25,0,1.9251,0.888889,831.126
1097,KB3,HARQ,Default,200,1e-05,1,25,0,1.9186,0.888889,833.941
1098,KB3,HARQ,Default,200,1e-05,1,25,0,1.9376,0.888889,825.764
1099,KB3,HARQ,Default,200,1e-05,1,25,0,1.9628,0.888889,815.162
1100,KB3,HARQ,Default,200,1e-05,1,25,0,2.1808,0.888889,733.676
1101,KB3,HARQ,Default,200,1e-05,1,25,0,1.949,0.888889,820.934
1102,KB3,HARQ,Default,200,1e-05,1,25,0,1.9293,0.888889,829.316
1103,KB3,HARQ,Default,200,1e-05,1,25,0,1.9124,0.888889,836.645
1104,KB3,HARQ,Default,200,1e-05,1,25,0,1.9187,0.888889,833.898
1105,KB3,HARQ,Default,200,1e-05,1,25,0,1.9372,0.888889,825.934
1106,KB3,HARQ,Default,200,1e-05,1,25,0,1.9611,0.888889,815.869
1107,KB3,HARQ,Default,200,1e-05,1,25,0,1.9351,0.888889,826.831
1108,KB3,HARQ,Default,200,1e-05,1,25,0,2.2292,0.888889,717.746
1109,KB3,HARQ,Default,200,1e-05,1,25,0,1.9165,0.888889,834.855
1110,KB3,HARQ,Default,200,1e-05,1,25,0,1.9281,0.888889,829.832
1111,KB3,HARQ,Default,200,1e-05,1,25,0,1.9568,0.888889,817.661
1112,KB3,HARQ,Default,200,1e-05,1,25,0,1.9426,0.888889,823.638
1113,KB3,HARQ,Default,200,1e-05,1,25,0,1.945,0.888889,822.622
1114,KB3,HARQ,Default,200,1e-05,1,25,0,2.1175,0.888889,755.608
1115,KB3,HARQ,Default,200,1e-05,1,25,0,1.9592,0.888889,816.66
1116,KB3,HARQ,Default,200,1e-05,1,25,0,1.9789,0.888889,808.53
1117,KB3,HARQ,Default,200,1e-05,1,25,0,1.9258,0.888889,830.824
1118,KB3,HARQ,Default,200,1e-05,1,25,0,1.9335,0.888889,827.515
1119,KB3,HARQ,Default,200,1e-05,1,25,0,1.9492,0.888889,820.85
1120,KB3,HARQ,Default,200,1e-05,1,25,0,1.9423,0.888889,823.766
1121,KB3,HARQ,Default,200,1e-05,1,25,0,1.9592,0.888889,816.66
1122,KB3,HARQ,Default,200,1e-05,1,25,0,1.9156,0.888889,835.247
1123,KB3,HARQ,Default,200,1e-05,1,25,0,1.9106,0.888889,837.433
1124,KB3,HARQ,Default,200,1e-05,1,25,0,1.9312,0.888889,828.5
1125,KB3,HARQ,Default,200,1e-05,1,25,0,2.0434,0.888889,783.009
1126,KB3,HARQ,Default,200,1e-05,1,25,0,1.9378,0.888889,825.679
1127,KB3,HARQ,Default,200,1e-05,1,25,0,1.9094,0.888889,837.96
1128,KB3,HARQ,Default,200,1e-05,1,25,0,1.9133,0.888889,836.252
1129,KB3,HARQ,Default,200,1e-05,1,25,0,1.9332,0.888889,827.643
1130,KB3,HARQ,Default,200,1e-05,1,25,0,1.9229,0.888889,832.077
1131,KB3,HARQ,Default,200,1e-05,1,25,0,1.94,0.888889,824.742
1132,KB3,HARQ,Default,200,1e-05,1,25,0,1.9567,0.888889,817.703
1133,KB3,HARQ,Default,200,1e-05,1,25,0,2.1423,0.888889,746.861
1134,KB3,HARQ,Default,200,1e-05,1,25,0,1.9157,0.888889,835.204
1135,KB3,HARQ,Default,200,1e-05,1,25,0,1.9226,0.888889,832.206
1136,KB3,HARQ,Default,200,1e-05,1,25,0,1.9256,0.888889,830.91
1137,KB3,HARQ,Default,200,1e-05,1,25,0,1.9413,0.888889,824.19
1138,KB3,HARQ,Default,200,1e-05,1,25,0,1.9476,0.888889,821.524
1139,KB3,HARQ,Default,200,1e-05,1,25,0,1.9426,0.888889,823.638
1140,KB3,HARQ,Default,200,1e-05,1,25,0,1.9403,0.888889,824.615
1141,KB3,HARQ,Default,200,1e-05,1,25,0,1.9662,0.888889,813.752
1142,KB3,HARQ,Default,200,1e-05,1,25,0,1.9266,0.888889,830.479
1143,KB3,HARQ,Default,200,1e-05,1,25,0,1.9686,0.888889,812.76
1144,KB3,HARQ,Default,200,1e-05,1,25,0,2.001,0.888889,799.6
1145,KB3,HARQ,Default,200,1e-05,1,25,0,2.0137,0.888889,794.557
1146,KB3,HARQ,Default,200,1e-05,1,25,0,1.9924,0.888889,803.052
1147,KB3,HARQ,Default,200,1e-05,1,25,0,1.9293,0.888889,829.316
1148,KB3,HARQ,Default,200,1e-05,1,25,0,1.9336,0.888889,827.472
1149,KB3,HARQ,Default,200,1e-05,1,25,0,1.9897,0.888889,804.141
1150,KB3,HARQ,Default,200,1e-05,1,25,0,2.0343,0.888889,786.511
1151,KB3,HARQ,Default,200,1e-05,1,25,0,1.9372,0.888889,825.934
1152,KB3,HARQ,Default,200,1e-05,1,25,0,1.9607,0.888889,816.035
1153,KB3,HARQ,Default,200,1e-05,1,25,0,1.9938,0.888889,802.488
1154,KB3,HARQ,Default,200,1e-05,1,25,0,2.0121,0.888889,795.189
1155,KB3,HARQ,Default,200,1e-05,1,25,0,1.9836,0.888889,806.614
1156,KB3,HARQ,Default,200,1e-05,1,25,0,1.973,0.888889,810.948
1157,KB3,HARQ,Default,200,1e-05,1,25,0,2.1251,0.888889,752.906
1158,KB3,HARQ,Default,200,1e-05,1,25,0,2.188,0.888889,731.261
1159,KB3,HARQ,Default,200,1e-05,1,25,0,2.019,0.888889,792.472
1160,KB3,HARQ,Default,200,1e-05,1,25,0,2.0056,0.888889,797.766
1161,KB3,HARQ,Default,200,1e-05,1,25,0,2.0354,0.888889,786.086
1162,KB3,HARQ,Default,200,1e-05,1,25,0,1.9435,0.888889,823.257
1163,KB3,HARQ,Default,200,1e-05,1,25,0,1.9342,0.888889,827.215
1164,KB3,HARQ,Default,200,1e-05,1,25,0,1.9462,0.888889,822.115
1165,KB3,HARQ,Default,200,1e-05,1,25,0,1.9749,0.888889,810.168
1166,KB3,HARQ,Default,200,1e-05,1,25,0,1.9625,0.888889,815.287
1167,KB3,HARQ,Default,200,1e-05,1,25,0,1.9302,0.888889,828.93
1168,KB3,HARQ,Default,200,1e-05,1,25,0,2.0476,0.888889,781.403
1169,KB3,HARQ,Default,200,1e-05,1,25,0,2.0293,0.888889,788.449
1170,KB3,HARQ,Default,200,1e-05,1,25,0,2.1131,0.888889,757.181
1171,KB3,HARQ,Default,200,1e-05,1,25,0,2.0991,0.888889,762.231
1172,KB3,HARQ,Default,200,1e-05,1,25,0,1.9207,0.888889,833.03
1173,KB3,HARQ,Default,200,1e-05,1,25,0,2.0889,0.888889,765.953
1174,KB3,HARQ,Default,200,1e-05,1,25,0,2.0404,0.888889,784.16
1175,KB3,HARQ,Default,200,1e-05,1,25,0,2.0523,0.888889,779.613
1176,KB3,HARQ,Default,200,1e-05,1,25,0,1.9611,0.888889,815.869
1177,KB3,HARQ,Default,200,1e-05,1,25,0,1.9413,0.888889,824.19
1178,KB3,HARQ,Default,200,1e-05,1,25,0,1.9317,0.888889,828.286
1179,KB3,HARQ,Default,200,1e-05,1,25,0,1.9129,0.888889,836.426
1180,KB3,HARQ,Default,200,1e-05,1,25,0,1.9124,0.888889,836.645
1181,KB3,HARQ,Default,200,1e-05,1,25,0,2.007,0.888889,797.21
1182,KB3,HARQ,Default,200,1e-05,1,25,0,2.196,0.888889,728.597
1183,KB3,HARQ,Default,200,1e-05,1,25,0,2.016,0.888889,793.651
1184,KB3,HARQ,Default,200,1e-05,1,25,0,2.0117,0.888889,795.347
1185,KB3,HARQ,Default,200,1e-05,1,25,0,1.926,0.888889,830.737
1186,KB3,HARQ,Default,200,1e-05,1,25,0,1.9222,0.888889,832.38
1187,KB3,HARQ,Default,200,1e-05,1,25,0,1.9446,0.888889,822.791
1188,KB3,HARQ,Default,200,1e-05,1,25,0,1.9534,0.888889,819.085
1189,KB3,HARQ,Default,200,1e-05,1,25,0,2.0031,0.888889,798.762
1190,KB3,HARQ,Default,200,1e-05,1,25,0,2.161,0.888889,740.398
1191,KB3,HARQ,Default,200,1e-05,1,25,0,1.9887,0.888889,804.546
1192,KB3,HARQ,Default,200,1e-05,1,25,0,1.9123,0.888889,836.689
1193,KB3,HARQ,Default,200,1e-05,1,25,0,1.9125,0.888889,836.601
1194,KB3,HARQ,Default,200,1e-05,1,25,0,1.9447,0.888889,822.749
1195,KB3,HARQ,Default,200,1e-05,1,25,0,1.9629,0.888889,815.12
1196,KB3,HARQ,Default,200,1e-05,1,25,0,1.9397,0.888889,824.87
1197,KB3,HARQ,Default,200,1e-05,1,25,0,1.9307,0.888889,828.715
1198,KB3,HARQ,Default,200,1e-05,1,25,0,2.3224,0.888889,688.942
1199,KB3,HARQ,Default,200,1e-05,1,25,0,1.9121,0.888889,836.776
1200,KB3,HARQ,Default,200,1e-05,1,25,0,1.9299,0.888889,829.059
1201,KB3,HARQ,Default,200,1e-05,1,25,0,1.932,0.888889,828.157
1202,KB3,HARQ,Default,200,1e-05,1,25,0,1.9617,0.888889,815.619
1203,KB3,HARQ,Default,200,1e-05,1,25,0,1.9403,0.888889,824.615
1204,KB3,HARQ,Default,200,1e-05,1,25,0,1.9471,0.888889,821.735
1205,KB3,HARQ,Default,200,1e-05,1,25,0,1.9531,0.888889,819.21
1206,KB3,HARQ,Default,200,1e-05,1,25,0,2.2959,0.888889,696.894
1207,KB3,HARQ,Default,200,1e-05,1,25,0,1.9602,0.888889,816.243
1208,KB3,HARQ,Default,200,1e-05,1,25,0,1.9439,0.888889,823.088
1209,KB3,HARQ,Default,200,1e-05,1,25,0,1.9938,0.888889,802.488
1210,KB3,HARQ,Default,200,1e-05,1,25,0,1.9347,0.888889,827.002
1211,KB3,HARQ,Default,200,1e-05,1,25,0,1.9299,0.888889,829.059
1212,KB3,HARQ,Default,200,1e-05,1,25,0,1.9818,0.888889,807.347
1213,KB3,HARQ,Default,200,1e-05,1,25,0,1.9403,0.888889,824.615
1214,KB3,HARQ,Default,200,1e-05,1,25,0,2.3761,0.888889,673.372
1215,KB3,HARQ,Default,200,1e-05,1,25,0,2.0179,0.888889,792.904
1216,KB3,HARQ,Default,200,1e-05,1,25,0,1.97,0.888889,812.183
1217,KB3,HARQ,Default,200,1e-05,1,25,0,2.3739,0.888889,673.996
1218,KB3,HARQ,Default,200,1e-05,1,25,0,2.4364,0.888889,656.707
1219,KB3,HARQ,Default,200,1e-05,1,25,0,1.9492,0.888889,820.85
1220,KB3,HARQ,Default,200,1e-05,1,25,0,1.9288,0.888889,829.531
1221,KB3,HARQ,Default,200,1e-05,1,25,0,2.0427,0.888889,783.277
1222,KB3,HARQ,Default,200,1e-05,1,25,0,2.031,0.888889,787.789
1223,KB3,HARQ,Default,200,1e-05,1,25,0,2.012,0.888889,795.229
1224,KB3,HARQ,Default,200,1e-05,1,25,0,1.95,0.888889,820.513
1225,KB3,HARQ,Default,200,1e-05,1,25,0,1.9265,0.888889,830.522
1226,KB3,HARQ,Default,200,1e-05,1,25,0,1.9258,0.888889,830.824
1227,KB3,HARQ,Default,200,1e-05,1,25,0,1.9627,0.888889,815.204
1228,KB3,HARQ,Default,200,1e-05,1,25,0,1.9481,0.888889,821.313
1229,KB3,HARQ,Default,200,1e-05,1,25,0,1.9618,0.888889,815.578
1230,KB3,HARQ,Default,200,1e-05,1,25,0,2.0841,0.888889,767.717
1231,KB3,HARQ,Default,200,1e-05,1,25,0,1.9376,0.888889,825.764
1232,KB3,HARQ,Default,200,1e-05,1,25,0,1.9242,0.888889,831.514
1233,KB3,HARQ,Default,200,1e-05,1,25,0,1.9226,0.888889,832.206
1234,KB3,HARQ,Default,200,1e-05,1,25,0,1.9555,0.888889,818.205
1235,KB3,HARQ,Default,200,1e-05,1,25,0,1.9588,0.888889,816.827
1236,KB3,HARQ,Default,200,1e-05,1,25,0,1.933,0.888889,827.729
1237,KB3,HARQ,Default,200,1e-05,1,25,0,1.9145,0.888889,835.727
1238,KB3,HARQ,Default,200,1e-05,1,25,0,1.9549,0.888889,818.456
1239,KB3,HARQ,Default,200,1e-05,1,25,0,1.9238,0.888889,831.687
1240,KB3,HARQ,Default,200,1e-05,1,25,0,1.9297,0.888889,829.144
1241,KB3,HARQ,Default,200,1e-05,1,25,0,1.9289,0.888889,829.488
1242,KB3,HARQ,Default,200,1e-05,1,25,0,2.0108,0.888889,795.703
1243,KB3,HARQ,Default,200,1e-05,1,25,0,1.9204,0.888889,833.16
1244,KB3,HARQ,Default,200,1e-05,1,25,0,1.956,0.888889,817.996
1245,KB3,HARQ,Default,200,1e-05,1,25,0,1.9336,0.888889,827.472
1246,KB3,HARQ,Default,200,1e-05,1,25,0,1.9907,0.888889,803.737
1247,KB3,HARQ,Default,200,1e-05,1,25,0,2.0193,0.888889,792.354
1248,KB3,HARQ,Default,200,1e-05,1,25,0,1.9413,0.888889,824.19
1249,KB3,HARQ,Default,200,1e-05,1,25,0,1.9986,0.888889,800.56
1250,KB3,HARQ,Default,200,1e-05,1,25,0,2.0021,0.888889,799.161
1251,KB3,HARQ,Default,200,1e-05,1,25,0,1.9294,0.888889,829.273
1252,KB3,HARQ,Default,200,1e-05,1,25,0,1.9315,0.888889,828.372
1253,KB3,HARQ,Default,200,1e-05,1,25,0,1.9213,0.888889,832.769
1254,KB3,HARQ,Default,200,1e-05,1,25,0,2.078,0.888889,769.971
1255,KB3,HARQ,Default,200,1e-05,1,25,0,2.1055,0.888889,759.915
1256,KB3,HARQ,Default,200,1e-05,1,25,0,1.9459,0.888889,822.242
1257,KB3,HARQ,Default,200,1e-05,1,25,0,1.9331,0.888889,827.686
1258,KB3,HARQ,Default,200,1e-05,1,25,0,1.9125,0.888889,836.601
1259,KB3,HARQ,Default,200,1e-05,1,25,0,1.9463,0.888889,822.073
1260,KB3,HARQ,Default,200,1e-05,1,25,0,1.9445,0.888889,822.834
1261,KB3,HARQ,Default,200,1e-05,1,25,0,1.9391,0.888889,825.125
1262,KB3,HARQ,Default,200,1e-05,1,25,0,1.9653,0.888889,814.125
1263,KB3,HARQ,Default,200,1e-05,1,25,0,1.9276,0.888889,830.048
1264,KB3,HARQ,Default,200,1e-05,1,25,0,1.9999,0.888889,800.04
1265,KB3,HARQ,Default,200,1e-05,1,25,0,1.9592,0.888889,816.66
1266,KB3,HARQ,Default,200,1e-05,1,25,0,2.0089,0.888889,796.456
1267,KB3,HARQ,Default,200,1e-05,1,25,0,1.9568,0.888889,817.661
1268,KB3,HARQ,Default,200,1e-05,1,25,0,1.9384,0.888889,825.423
1269,KB3,HARQ,Default,200,1e-05,1,25,0,1.9288,0.888889,829.531
1270,KB3,HARQ,Default,200,1e-05,1,25,0,1.9194,0.888889,833.594
1271,KB3,HARQ,Default,200,1e-05,1,25,0,2.13,0.888889,751.174
1272,KB3,HARQ,Default,200,1e-05,1,25,0,2.02,0.888889,792.079
1273,KB3,HARQ,Default,200,1e-05,1,25,0,1.9326,0.888889,827.9
1274,KB3,HARQ,Default,200,1e-05,1,25,0,1.9419,0.888889,823.935
1275,KB3,HARQ,Default,200,1e-05,1,25,0,1.9359,0.888889,826.489
1276,KB3,HARQ,Default,200,1e-05,1,25,0,1.9126,0.888889,836.558
1277,KB3,HARQ,Default,200,1e-05,1,25,0,1.9232,0.888889,831.947
1278,KB3,HARQ,Default,200,1e-05,1,25,0,1.9129,0.888889,836.426
1279,KB3,HARQ,Default,200,1e-05,1,25,0,2.1876,0.888889,731.395
1280,KB3,HARQ,Default,200,1e-05,1,25,0,1.9403,0.888889,824.615
1281,KB3,HARQ,Default,200,1e-05,1,25,0,1.9178,0.888889,834.289
1282,KB3,HARQ,Default,200,1e-05,1,25,0,1.9303,0.888889,828.887
1283,KB3,HARQ,Default,200,1e-05,1,25,0,1.9181,0.888889,834.159
1284,KB3,HARQ,Default,200,1e-05,1,25,0,1.923,0.888889,832.033
1285,KB3,HARQ,Default,200,1e-05,1,25,0,1.9317,0.888889,828.286
1286,KB3,HARQ,Default,200,1e-05,1,25,0,1.9428,0.888889,823.554
1287,KB3,HARQ,Default,200,1e-05,1,25,0,1.9845,0.888889,806.248
1288,KB3,HARQ,Default,200,1e-05,1,25,0,1.9261,0.888889,830.694
1289,KB3,HARQ,Default,200,1e-05,1,25,0,1.9429,0.888889,823.511
1290,KB3,HARQ,Default,200,1e-05,1,25,0,1.9255,0.888889,830.953
1291,KB3,HARQ,Default,200,1e-05,1,25,0,1.9274,0.888889,830.134
1292,KB3,HARQ,Default,200,1e-05,1,25,0,1.9402,0.888889,824.657
1293,KB3,HARQ,Default,200,1e-05,1,25,0,1.9468,0.888889,821.862
1294,KB3,HARQ,Default,200,1e-05,1,25,0,1.9384,0.888889,825.423
1295,KB3,HARQ,Default,200,1e-05,1,25,0,2.0282,0.888889,788.877
1296,KB3,HARQ,Default,200,1e-05,1,25,0,2.1825,0.888889,733.104
1297,KB3,HARQ,Default,200,1e-05,1,25,0,1.9115,0.888889,837.039
1298,KB3,HARQ,Default,200,1e-05,1,25,0,1.912,0.888889,836.82
1299,KB3,HARQ,Default,200,1e-05,1,25,0,1.9256,0.888889,830.91
1300,KB3,HARQ,Default,200,1e-05,1,25,0,1.9395,0.888889,824.955
1301,KB3,HARQ,Default,200,1e-05,1,25,0,1.9103,0.888889,837.565
1302,KB3,HARQ,Default,200,1e-05,1,25,0,1.9139,0.888889,835.989
1303,KB3,HARQ,Default,200,1e-05,1,25,0,1.9504,0.888889,820.345
1304,KB3,HARQ,Default,200,1e-05,1,25,0,2.0444,0.888889,782.626
1305,KB3,HARQ,Default,200,1e-05,1,25,0,1.9358,0.888889,826.532
1306,KB3,HARQ,Default,200,1e-05,1,25,0,1.9446,0.888889,822.791
1307,KB3,HARQ,Default,200,1e-05,1,25,0,1.9459,0.888889,822.242
1308,KB3,HARQ,Default,200,1e-05,1,25,0,1.9144,0.888889,835.771
1309,KB3,HARQ,Default,200,1e-05,1,25,0,1.9301,0.888889,828.973
1310,KB3,HARQ,Default,200,1e-05,1,25,0,1.9281,0.888889,829.832
1311,KB3,HARQ,Default,200,1e-05,1,25,0,1.9468,0.888889,821.862
1312,KB3,HARQ,Default,200,1e-05,1,25,0,1.9843,0.888889,806.33
1313,KB3,HARQ,Default,200,1e-05,1,25,0,1.9486,0.888889,821.102
1314,KB3,HARQ,Default,200,1e-05,1,25,0,1.9407,0.888889,824.445
1315,KB3,HARQ,Default,200,1e-05,1,25,0,1.9365,0.888889,826.233
1316,KB3,HARQ,Default,200,1e-05,1,25,0,1.9139,0.888889,835.989
1317,KB3,HARQ,Default,200,1e-05,1,25,0,1.9305,0.888889,828.801
1318,KB3,HARQ,Default,200,1e-05,1,25,0,1.9465,0.888889,821.988
1319,KB3,HARQ,Default,200,1e-05,1,25,0,2.0268,0.888889,789.422
1320,KB3,HARQ,Default,200,1e-05,1,25,0,2.1138,0.888889,756.931
1321,KB3,HARQ,Default,200,1e-05,1,25,0,1.9354,0.888889,826.702
1322,KB3,HARQ,Default,200,1e-05,1,25,0,1.9269,0.888889,830.349
1323,KB3,HARQ,Default,200,1e-05,1,25,0,1.9164,0.888889,834.899
1324,KB3,HARQ,Default,200,1e-05,1,25,0,1.9347,0.888889,827.002
1325,KB3,HARQ,Default,200,1e-05,1,25,0,1.9556,0.888889,818.163
1326,KB3,HARQ,Default,200,1e-05,1,25,0,1.9371,0.888889,825.977
1327,KB3,HARQ,Default,200,1e-05,1,25,0,1.9564,0.888889,817.829
1328,KB3,HARQ,Default,200,1e-05,1,25,0,2.0574,0.888889,777.681
1329,KB3,HARQ,Default,200,1e-05,1,25,0,1.9544,0.888889,818.666
1330,KB3,HARQ,Default,200,1e-05,1,25,0,1.9216,0.888889,832.639
1331,KB3,HARQ,Default,200,1e-05,1,25,0,1.9298,0.888889,829.101
1332,KB3,HARQ,Default,200,1e-05,1,25,0,1.9453,0.888889,822.495
1333,KB3,HARQ,Default,200,1e-05,1,25,0,1.9343,0.888889,827.173
1334,KB3,HARQ,Default,200,1e-05,1,25,0,1.9377,0.888889,825.721
1335,KB3,HARQ,Default,200,1e-05,1,25,0,1.9193,0.888889,833.637
1336,KB3,HARQ,Default,200,1e-05,1,25,0,1.9511,0.888889,820.05
1337,KB3,HARQ,Default,200,1e-05,1,25,0,1.9522,0.888889,819.588
1338,KB3,HARQ,Default,200,1e-05,1,25,0,1.9322,0.888889,828.072
1339,KB3,HARQ,Default,200,1e-05,1,25,0,1.9174,0.888889,834.463
1340,KB3,HARQ,Default,200,1e-05,1,25,0,1.9406,0.888889,824.487
1341,KB3,HARQ,Default,200,1e-05,1,25,0,1.93,0.888889,829.016
1342,KB3,HARQ,Default,200,1e-05,1,25,0,1.9595,0.888889,816.535
1343,KB3,HARQ,Default,200,1e-05,1,25,0,1.9473,0.888889,821.65
1344,KB3,HARQ,Default,200,1e-05,1,25,0,1.9347,0.888889,827.002
1345,KB3,HARQ,Default,200,1e-05,1,25,0,2.1924,0.888889,729.794
1346,KB3,HARQ,Default,200,1e-05,1,25,0,1.9274,0.888889,830.134
1347,KB3,HARQ,Default,200,1e-05,1,25,0,1.9324,0.888889,827.986
1348,KB3,HARQ,Default,200,1e-05,1,25,0,1.9116,0.888889,836.995
1349,KB3,HARQ,Default,200,1e-05,1,25,0,1.9196,0.888889,833.507
1350,KB3,HARQ,Default,200,1e-05,1,25,0,1.978,0.888889,808.898
1351,KB3,HARQ,Default,200,1e-05,1,25,0,1.9373,0.888889,825.892
1352,KB3,HARQ,Default,200,1e-05,1,25,0,1.9674,0.888889,813.256
1353,KB3,HARQ,Default,200,1e-05,1,25,0,2.0743,0.888889,771.345
1354,KB3,HARQ,Default,200,1e-05,1,25,0,1.9313,0.888889,828.458
1355,KB3,HARQ,Default,200,1e-05,1,25,0,1.9108,0.888889,837.346
1356,KB3,HARQ,Default,200,1e-05,1,25,0,1.9183,0.888889,834.072
1357,KB3,HARQ,Default,200,1e-05,1,25,0,1.9158,0.888889,835.16
1358,KB3,HARQ,Default,200,1e-05,1,25,0,2.0206,0.888889,791.844
1359,KB3,HARQ,Default,200,1e-05,1,25,0,2.0094,0.888889,796.258
1360,KB3,HARQ,Default,200,1e-05,1,25,0,1.9825,0.888889,807.062
1361,KB3,HARQ,Default,200,1e-05,1,25,0,1.9948,0.888889,802.085
1362,KB3,HARQ,Default,200,1e-05,1,25,0,1.9377,0.888889,825.721
1363,KB3,HARQ,Default,200,1e-05,1,25,0,1.9466,0.888889,821.946
1364,KB3,HARQ,Default,200,1e-05,1,25,0,1.9428,0.888889,823.554
1365,KB3,HARQ,Default,200,1e-05,1,25,0,1.934,0.888889,827.301
1366,KB3,HARQ,Default,200,1e-05,1,25,0,2.0915,0.888889,765.001
1367,KB3,HARQ,Default,200,1e-05,1,25,0,1.9224,0.888889,832.293
1368,KB3,HARQ,Default,200,1e-05,1,25,0,1.9297,0.888889,829.144
1369,KB3,HARQ,Default,200,1e-05,1,25,0,1.9549,0.888889,818.456
1370,KB3,HARQ,Default,200,1e-05,1,25,0,2.0651,0.888889,774.781
1371,KB3,HARQ,Default,200,1e-05,1,25,0,1.9477,0.888889,821.482
1372,KB3,HARQ,Default,200,1e-05,1,25,0,1.9318,0.888889,828.243
1373,KB3,HARQ,Default,200,1e-05,1,25,0,1.9307,0.888889,828.715
1374,KB3,HARQ,Default,200,1e-05,1,25,0,1.9763,0.888889,809.594
1375,KB3,HARQ,Default,200,1e-05,1,25,0,1.9312,0.888889,828.5
1376,KB3,HARQ,Default,200,1e-05,1,25,0,1.9321,0.888889,828.114
1377,KB3,HARQ,Default,200,1e-05,1,25,0,1.9446,0.888889,822.791
1378,KB3,HARQ,Default,200,1e-05,1,25,0,2.0683,0.888889,773.582
1379,KB3,HARQ,Default,200,1e-05,1,25,0,1.9289,0.888889,829.488
1380,KB3,HARQ,Default,200,1e-05,1,25,0,1.9289,0.888889,829.488
1381,KB3,HARQ,Default,200,1e-05,1,25,0,1.9376,0.888889,825.764
1382,KB3,HARQ,Default,200,1e-05,1,25,0,1.9708,0.888889,811.853
1383,KB3,HARQ,Default,200,1e-05,1,25,0,1.9504,0.888889,820.345
1384,KB3,HARQ,Default,200,1e-05,1,25,0,1.947,0.888889,821.777
1385,KB3,HARQ,Default,200,1e-05,1,25,0,1.9132,0.888889,836.295
1386,KB3,HARQ,Default,200,1e-05,1,25,0,1.9497,0.888889,820.639
1387,KB3,HARQ,Default,200,1e-05,1,25,0,1.9257,0.888889,830.867
1388,KB3,HARQ,Default,200,1e-05,1,25,0,1.9291,0.888889,829.402
1389,KB3,HARQ,Default,200,1e-05,1,25,0,1.9622,0.888889,815.411
1390,KB3,HARQ,Default,200,1e-05,1,25,0,2.0524,0.888889,779.575
1391,KB3,HARQ,Default,200,1e-05,1,25,0,1.9514,0.888889,819.924
1392,KB3,HARQ,Default,200,1e-05,1,25,0,1.9302,0.888889,828.93
1393,KB3,HARQ,Default,200,1e-05,1,25,0,1.9248,0.888889,831.255
1394,KB3,HARQ,Default,200,1e-05,1,25,0,2.0289,0.888889,788.605
1395,KB3,HARQ,Default,200,1e-05,1,25,0,1.9986,0.888889,800.56
1396,KB3,HARQ,Default,200,1e-05,1,25,0,1.946,0.888889,822.199
1397,KB3,HARQ,Default,200,1e-05,1,25,0,1.9164,0.888889,834.899
1398,KB3,HARQ,Default,200,1e-05,1,25,0,1.9422,0.888889,823.808
1399,KB3,HARQ,Default,200,1e-05,1,25,0,1.9172,0.888889,834.55
1400,KB3,HARQ,Default,200,1e-05,1,25,0,1.9203,0.888889,833.203
1401,KB3,HARQ,Default,200,1e-05,1,25,0,1.9295,0.888889,829.23
1402,KB3,HARQ,Default,200,1e-05,1,25,0,2.0448,0.888889,782.473
1403,KB3,HARQ,Default,200,1e-05,1,25,0,2.0339,0.888889,786.666
1404,KB3,HARQ,Default,200,1e-05,1,25,0,1.9291,0.888889,829.402
1405,KB3,HARQ,Default,200,1e-05,1,25,0,1.9586,0.888889,816.91
1406,KB3,HARQ,Default,200,1e-05,1,25,0,2.001,0.888889,799.6
1407,KB3,HARQ,Default,200,1e-05,1,25,0,2.0129,0.888889,794.873
1408,KB3,HARQ,Default,200,1e-05,1,25,0,2.0609,0.888889,776.36
1409,KB3,HARQ,Default,200,1e-05,1,25,0,1.9966,0.888889,801.362
1410,KB3,HARQ,Default,200,1e-05,1,25,0,1.9946,0.888889,802.166
1411,KB3,HARQ,Default,200,1e-05,1,25,0,1.9158,0.888889,835.16
1412,KB3,HARQ,Default,200,1e-05,1,25,0,1.9227,0.888889,832.163
1413,KB3,HARQ,Default,200,1e-05,1,25,0,1.9763,0.888889,809.594
1414,KB3,HARQ,Default,200,1e-05,1,25,0,1.9174,0.888889,834.463
1415,KB3,HARQ,Default,200,1e-05,1,25,0,1.9213,0.888889,832.769
1416,KB3,HARQ,Default,200,1e-05,1,25,0,1.9322,0.888889,828.072
1417,KB3,HARQ,Default,200,1e-05,1,25,0,1.9227,0.888889,832.163
1418,KB3,HARQ,Default,200,1e-05,1,25,0,1.9298,0.888889,829.101
1419,KB3,HARQ,Default,200,1e-05,1,25,0,1.9672,0.888889,813.339
1420,KB3,HARQ,Default,200,1e-05,1,25,0,2.0576,0.888889,777.605
1421,KB3,HARQ,Default,200,1e-05,1,25,0,2.0545,0.888889,778.778
1422,KB3,HARQ,Default,200,1e-05,1,25,0,1.9458,0.888889,822.284
1423,KB3,HARQ,Default,200,1e-05,1,25,0,1.9433,0.888889,823.342
1424,KB3,HARQ,Default,200,1e-05,1,25,0,1.9245,0.888889,831.385
1425,KB3,HARQ,Default,200,1e-05,1,25,0,1.9302,0.888889,828.93
1426,KB3,HARQ,Default,200,1e-05,1,25,0,1.9155,0.888889,835.291
1427,KB3,HARQ,Default,200,1e-05,1,25,0,2.1893,0.888889,730.827
1428,KB3,HARQ,Default,200,1e-05,1,25,0,2.11,0.888889,758.294
1429,KB3,HARQ,Default,200,1e-05,1,25,0,1.9345,0.888889,827.087
1430,KB3,HARQ,Default,200,1e-05,1,25,0,1.9493,0.888889,820.807
1431,KB3,HARQ,Default,200,1e-05,1,25,0,1.9258,0.888889,830.824
1432,KB3,HARQ,Default,200,1e-05,1,25,0,1.9259,0.888889,830.78
1433,KB3,HARQ,Default,200,1e-05,1,25,0,1.9377,0.888889,825.721
1434,KB3,HARQ,Default,200,1e-05,1,25,0,1.9336,0.888889,827.472
1435,KB3,HARQ,Default,200,1e-05,1,25,0,2.2106,0.888889,723.785
1436,KB3,HARQ,Default,200,1e-05,1,25,0,2.0234,0.888889,790.748
1437,KB3,HARQ,Default,200,1e-05,1,25,0,1.9378,0.888889,825.679
1438,KB3,HARQ,Default,200,1e-05,1,25,0,1.9149,0.888889,835.553
1439,KB3,HARQ,Default,200,1e-05,1,25,0,1.9211,0.888889,832.856
1440,KB3,HARQ,Default,200,1e-05,1,25,0,1.9537,0.888889,818.959
1441,KB3,HARQ,Default,200,1e-05,1,25,0,1.9396,0.888889,824.912
1442,KB3,HARQ,Default,200,1e-05,1,25,0,1.9364,0.888889,826.276
1443,KB3,HARQ,Default,200,1e-05,1,25,0,2.1467,0.888889,745.33
1444,KB3,HARQ,Default,200,1e-05,1,25,0,2.0862,0.888889,766.945
1445,KB3,HARQ,Default,200,1e-05,1,25,0,1.9149,0.888889,835.553
1446,KB3,HARQ,Default,200,1e-05,1,25,0,1.9331,0.888889,827.686
1447,KB3,HARQ,Default,200,1e-05,1,25,0,1.9344,0.888889,827.13
1448,KB3,HARQ,Default,200,1e-05,1,25,0,1.9443,0.888889,822.918
1449,KB3,HARQ,Default,200,1e-05,1,25,0,1.9378,0.888889,825.679
1450,KB3,HARQ,Default,200,1e-05,1,25,0,1.9226,0.888889,832.206
1451,KB3,HARQ,Default,200,1e-05,1,25,0,2.1218,0.888889,754.077
1452,KB3,HARQ,Default,200,1e-05,1,25,0,2.1068,0.888889,759.446
1453,KB3,HARQ,Default,200,1e-05,1,25,0,1.949,0.888889,820.934
1454,KB3,HARQ,Default,200,1e-05,1,25,0,1.9384,0.888889,825.423
1455,KB3,HARQ,Default,200,1e-05,1,25,0,1.9183,0.888889,834.072
1456,KB3,HARQ,Default,200,1e-05,1,25,0,1.9406,0.888889,824.487
1457,KB3,HARQ,Default,200,1e-05,1,25,0,1.9167,0.888889,834.768
1458,KB3,HARQ,Default,200,1e-05,1,25,0,1.9138,0.888889,836.033
1459,KB3,HARQ,Default,200,1e-05,1,25,0,2.0801,0.888889,769.194
1460,KB3,HARQ,Default,200,1e-05,1,25,0,2.2391,0.888889,714.573
1461,KB3,HARQ,Default,200,1e-05,1,25,0,1.9444,0.888889,822.876
1462,KB3,HARQ,Default,200,1e-05,1,25,0,1.9258,0.888889,830.824
1463,KB3,HARQ,Default,200,1e-05,1,25,0,1.9322,0.888889,828.072
1464,KB3,HARQ,Default,200,1e-05,1,25,0,1.918,0.888889,834.202
1465,KB3,HARQ,Default,200,1e-05,1,25,0,1.9256,0.888889,830.91
1466,KB3,HARQ,Default,200,1e-05,1,25,0,1.9545,0.888889,818.624
1467,KB3,HARQ,Default,200,1e-05,1,25,0,1.955,0.888889,818.414
1468,KB3,HARQ,Default,200,1e-05,1,25,0,2.2341,0.888889,716.172
1469,KB3,HARQ,Default,200,1e-05,1,25,0,1.9304,0.888889,828.844
1470,KB3,HARQ,Default,200,1e-05,1,25,0,1.9143,0.888889,835.815
1471,KB3,HARQ,Default,200,1e-05,1,25,0,1.9193,0.888889,833.637
1472,KB3,HARQ,Default,200,1e-05,1,25,0,1.9248,0.888889,831.255
1473,KB3,HARQ,Default,200,1e-05,1,25,0,1.9247,0.888889,831.298
1474,KB3,HARQ,Default,200,1e-05,1,25,0,1.9349,0.888889,826.916
1475,KB3,HARQ,Default,200,1e-05,1,25,0,1.9161,0.888889,835.029
1476,KB3,HARQ,Default,200,1e-05,1,25,0,2.2649,0.888889,706.433
1477,KB3,HARQ,Default,200,1e-05,1,25,0,1.9216,0.888889,832.639
1478,KB3,HARQ,Default,200,1e-05,1,25,0,1.9117,0.888889,836.951
1479,KB3,HARQ,Default,200,1e-05,1,25,0,1.9394,0.888889,824.997
1480,KB3,HARQ,Default,200,1e-05,1,25,0,1.9438,0.888889,823.13
1481,KB3,HARQ,Default,200,1e-05,1,25,0,1.9589,0.888889,816.785
1482,KB3,HARQ,Default,200,1e-05,1,25,0,1.9308,0.888889,828.672
1483,KB3,HARQ,Default,200,1e-05,1,25,0,1.9365,0.888889,826.233
1484,KB3,HARQ,Default,200,1e-05,1,25,0,2.2098,0.888889,724.047
1485,KB3,HARQ,Default,200,1e-05,1,25,0,1.9216,0.888889,832.639
1486,KB3,HARQ,Default,200,1e-05,1,25,0,1.9385,0.888889,825.38
1487,KB3,HARQ,Default,200,1e-05,1,25,0,1.931,0.888889,828.586
1488,KB3,HARQ,Default,200,1e-05,1,25,0,1.9492,0.888889,820.85
1489,KB3,HARQ,Default,200,1e-05,1,25,0,1.951,0.888889,820.092
1490,KB3,HARQ,Default,200,1e-05,1,25,0,1.9319,0.888889,828.2
1491,KB3,HARQ,Default,200,1e-05,1,25,0,1.9378,0.888889,825.679
1492,KB3,HARQ,Default,200,1e-05,1,25,0,2.172,0.888889,736.648
1493,KB3,HARQ,Default,200,1e-05,1,25,0,2.0402,0.888889,784.237
1494,KB3,HARQ,Default,200,1e-05,1,25,0,1.9309,0.888889,828.629
1495,KB3,HARQ,Default,200,1e-05,1,25,0,1.9239,0.888889,831.644
1496,KB3,HARQ,Default,200,1e-05,1,25,0,1.9205,0.888889,833.116
1497,KB3,HARQ,Default,200,1e-05,1,25,0,1.9224,0.888889,832.293
1498,KB3,HARQ,Default,200,1e-05,1,25,0,1.9404,0.888889,824.572
1499,KB3,HARQ,Default,200,1e-05,1,25,0,1.9437,0.888889,823.172
1500,KB3,HARQ,Default,200,1e-05,1,25,0,2.138,0.888889,748.363
1501,KB3,HARQ,Default,200,1e-05,1,25,0,2.0354,0.888889,786.086
1502,KB3,HARQ,Default,200,1e-05,1,25,0,1.9154,0.888889,835.335
1503,KB3,HARQ,Default,200,1e-05,1,25,0,1.9116,0.888889,836.995
1504,KB3,HARQ,Default,200,1e-05,1,25,0,1.9144,0.888889,835.771
1505,KB3,HARQ,Default,200,1e-05,1,25,0,2.0784,0.888889,769.823
1506,KB3,HARQ,Default,200,1e-05,1,25,0,1.9576,0.888889,817.327
1507,KB3,HARQ,Default,200,1e-05,1,25,0,1.9316,0.888889,828.329
1508,KB3,HARQ,Default,200,1e-05,1,25,0,1.9922,0.888889,803.132
1509,KB3,HARQ,Default,200,1e-05,1,25,0,2.139,0.888889,748.013
1510,KB3,HARQ,Default,200,1e-05,1,25,0,1.9505,0.888889,820.302
1511,KB3,HARQ,Default,200,1e-05,1,25,0,1.9312,0.888889,828.5
1512,KB3,HARQ,Default,200,1e-05,1,25,0,1.9276,0.888889,830.048
1513,KB3,HARQ,Default,200,1e-05,1,25,0,1.984,0.888889,806.452
1514,KB3,HARQ,Default,200,1e-05,1,25,0,1.9327,0.888889,827.857
1515,KB3,HARQ,Default,200,1e-05,1,25,0,1.9175,0.888889,834.42
1516,KB3,HARQ,Default,200,1e-05,1,25,0,1.9738,0.888889,810.619
1517,KB3,HARQ,Default,200,1e-05,1,25,0,2.2819,0.888889,701.17
1518,KB3,HARQ,Default,200,1e-05,1,25,0,1.9477,0.888889,821.482
1519,KB3,HARQ,Default,200,1e-05,1,25,0,1.9664,0.888889,813.67
1520,KB3,HARQ,Default,200,1e-05,1,25,0,1.9386,0.888889,825.338
1521,KB3,HARQ,Default,200,1e-05,1,25,0,1.9461,0.888889,822.157
1522,KB3,HARQ,Default,200,1e-05,1,25,0,1.9237,0.888889,831.731
1523,KB3,HARQ,Default,200,1e-05,1,25,0,1.9189,0.888889,833.811
1524,KB3,HARQ,Default,200,1e-05,1,25,0,1.949,0.888889,820.934
1525,KB3,HARQ,Default,200,1e-05,1,25,0,2.2029,0.888889,726.315
1526,KB3,HARQ,Default,200,1e-05,1,25,0,1.9353,0.888889,826.745
1527,KB3,HARQ,Default,200,1e-05,1,25,0,1.9337,0.888889,827.429
1528,KB3,HARQ,Default,200,1e-05,1,25,0,1.98,0.888889,808.081
1529,KB3,HARQ,Default,200,1e-05,1,25,0,2.0276,0.888889,789.11
1530,KB3,HARQ,Default,200,1e-05,1,25,0,1.9212,0.888889,832.813
1531,KB3,HARQ,Default,200,1e-05,1,25,0,1.9125,0.888889,836.601
1532,KB3,HARQ,Default,200,1e-05,1,25,0,1.9608,0.888889,815.993
1533,KB3,HARQ,Default,200,1e-05,1,25,0,2.1357,0.888889,749.169
1534,KB3,HARQ,Default,200,1e-05,1,25,0,1.9328,0.888889,827.815
1535,KB3,HARQ,Default,200,1e-05,1,25,0,1.9261,0.888889,830.694
1536,KB3,HARQ,Default,200,1e-05,1,25,0,1.9724,0.888889,811.194
1537,KB3,HARQ,Default,200,1e-05,1,25,0,1.9505,0.888889,820.302
1538,KB3,HARQ,Default,200,1e-05,1,25,0,1.9459,0.888889,822.242
1539,KB3,HARQ,Default,200,1e-05,1,25,0,1.939,0.888889,825.168
1540,KB3,HARQ,Default,200,1e-05,1,25,0,1.9365,0.888889,826.233
1541,KB3,HARQ,Default,200,1e-05,1,25,0,2.252,0.888889,710.48
1542,KB3,HARQ,Default,200,1e-05,1,25,0,2.0594,0.888889,776.925
1543,KB3,HARQ,Default,200,1e-05,1,25,0,1.9727,0.888889,811.071
1544,KB3,HARQ,Default,200,1e-05,1,25,0,1.9544,0.888889,818.666
1545,KB3,HARQ,Default,200,1e-05,1,25,0,1.9415,0.888889,824.105
1546,KB3,HARQ,Default,200,1e-05,1,25,0,1.9622,0.888889,815.411
1547,KB3,HARQ,Default,200,1e-05,1,25,0,1.9332,0.888889,827.643
1548,KB3,HARQ,Default,200,1e-05,1,25,0,1.9457,0.888889,822.326
1549,KB3,HARQ,Default,200,1e-05,1,25,0,2.2233,0.888889,719.651
1550,KB3,HARQ,Default,200,1e-05,1,25,0,2.0039,0.888889,798.443
1551,KB3,HARQ,Default,200,1e-05,1,25,0,1.9564,0.888889,817.829
1552,KB3,HARQ,Default,200,1e-05,1,25,0,1.9456,0.888889,822.368
1553,KB3,HARQ,Default,200,1e-05,1,25,0,1.9283,0.888889,829.746
1554,KB3,HARQ,Default,200,1e-05,1,25,0,1.9284,0.888889,829.703
1555,KB3,HARQ,Default,200,1e-05,1,25,0,1.9424,0.888889,823.723
1556,KB3,HARQ,Default,200,1e-05,1,25,0,1.9505,0.888889,820.302
1557,KB3,HARQ,Default,200,1e-05,1,25,0,2.1564,0.888889,741.977
1558,KB3,HARQ,Default,200,1e-05,1,25,0,2.0321,0.888889,787.363
1559,KB3,HARQ,Default,200,1e-05,1,25,0,1.9452,0.888889,822.538
1560,KB3,HARQ,Default,200,1e-05,1,25,0,1.9303,0.888889,828.887
1561,KB3,HARQ,Default,200,1e-05,1,25,0,1.9315,0.888889,828.372
1562,KB3,HARQ,Default,200,1e-05,1,25,0,1.9153,0.888889,835.378
1563,KB3,HARQ,Default,200,1e-05,1,25,0,1.9551,0.888889,818.372
1564,KB3,HARQ,Default,200,1e-05,1,25,0,1.949,0.888889,820.934
1565,KB3,HARQ,Default,200,1e-05,1,25,0,2.114,0.888889,756.859
1566,KB3,HARQ,Default,200,1e-05,1,25,0,2.2638,0.888889,706.776
1567,KB3,HARQ,Default,200,1e-05,1,25,0,1.9364,0.888889,826.276
1568,KB3,HARQ,Default,200,1e-05,1,25,0,1.9229,0.888889,832.077
1569,KB3,HARQ,Default,200,1e-05,1,25,0,1.9508,0.888889,820.176
1570,KB3,HARQ,Default,200,1e-05,1,25,0,1.9439,0.888889,823.088
1571,KB3,HARQ,Default,200,1e-05,1,25,0,1.9266,0.888889,830.479
1572,KB3,HARQ,Default,200,1e-05,1,25,0,1.9581,0.888889,817.119
1573,KB3,HARQ,Default,200,1e-05,1,25,0,2.1731,0.888889,736.275
1574,KB3,HARQ,Default,200,1e-05,1,25,0,2.1946,0.888889,729.062
1575,KB3,HARQ,Default,200,1e-05,1,25,0,1.9571,0.888889,817.536
1576,KB3,HARQ,Default,200,1e-05,1,25,0,1.9326,0.888889,827.9
1577,KB3,HARQ,Default,200,1e-05,1,25,0,1.9586,0.888889,816.91
1578,KB3,HARQ,Default,200,1e-05,1,25,0,1.9406,0.888889,824.487
1579,KB3,HARQ,Default,200,1e-05,1,25,0,1.9578,0.888889,817.244
1580,KB3,HARQ,Default,200,1e-05,1,25,0,1.9327,0.888889,827.857
1581,KB3,HARQ,Default,200,1e-05,1,25,0,2.1056,0.888889,759.878
1582,KB3,HARQ,Default,200,1e-05,1,25,0,2.1093,0.888889,758.545
1583,KB3,HARQ,Default,200,1e-05,1,25,0,1.9353,0.888889,826.745
1584,KB3,HARQ,Default,200,1e-05,1,25,0,1.9297,0.888889,829.144
1585,KB3,HARQ,Default,200,1e-05,1,25,0,1.9412,0.888889,824.232
1586,KB3,HARQ,Default,200,1e-05,1,25,0,1.9154,0.888889,835.335
1587,KB3,HARQ,Default,200,1e-05,1,25,0,1.9146,0.888889,835.684
1588,KB3,HARQ,Default,200,1e-05,1,25,0,1.9216,0.888889,832.639
1589,KB3,HARQ,Default,200,1e-05,1,25,0,1.9818,0.888889,807.347
1590,KB3,HARQ,Default,200,1e-05,1,25,0,2.2124,0.888889,723.197
1591,KB3,HARQ,Default,200,1e-05,1,25,0,1.9291,0.888889,829.402
1592,KB3,HARQ,Default,200,1e-05,1,25,0,1.9277,0.888889,830.005
1593,KB3,HARQ,Default,200,1e-05,1,25,0,1.9192,0.888889,833.681
1594,KB3,HARQ,Default,200,1e-05,1,25,0,1.9255,0.888889,830.953
1595,KB3,HARQ,Default,200,1e-05,1,25,0,1.9336,0.888889,827.472
1596,KB3,HARQ,Default,200,1e-05,1,25,0,1.937,0.888889,826.02
1597,KB3,HARQ,Default,200,1e-05,1,25,0,2.0903,0.888889,765.44
1598,KB3,HARQ,Default,200,1e-05,1,25,0,2.3078,0.888889,693.301
1599,KB3,HARQ,Default,200,1e-05,1,25,0,1.9485,0.888889,821.144
1600,KB3,HARQ,Default,200,1e-05,1,25,0,1.9351,0.888889,826.831
1601,KB3,HARQ,Default,200,1e-05,1,25,0,1.9231,0.888889,831.99
1602,KB3,HARQ,Default,200,1e-05,1,25,0,1.9531,0.888889,819.21
1603,KB3,HARQ,Default,200,1e-05,1,25,0,1.9558,0.888889,818.08
1604,KB3,HARQ,Default,200,1e-05,1,25,0,2.0227,0.888889,791.022
1605,KB3,HARQ,Default,200,1e-05,1,25,0,1.9279,0.888889,829.919
1606,KB3,HARQ,Default,200,1e-05,1,25,0,2.2151,0.888889,722.315
1607,KB3,HARQ,Default,200,1e-05,1,25,0,1.9546,0.888889,818.582
1608,KB3,HARQ,Default,200,1e-05,1,25,0,1.9476,0.888889,821.524
1609,KB3,HARQ,Default,200,1e-05,1,25,0,1.9402,0.888889,824.657
1610,KB3,HARQ,Default,200,1e-05,1,25,0,1.9287,0.888889,829.574
1611,KB3,HARQ,Default,200,1e-05,1,25,0,1.9192,0.888889,833.681
1612,KB3,HARQ,Default,200,1e-05,1,25,0,1.9396,0.888889,824.912
1613,KB3,HARQ,Default,200,1e-05,1,25,0,1.9091,0.888889,838.091
1614,KB3,HARQ,Default,200,1e-05,1,25,0,2.3682,0.888889,675.619
1615,KB3,HARQ,Default,200,1e-05,1,25,0,1.9643,0.888889,814.54
1616,KB3,HARQ,Default,200,1e-05,1,25,0,1.9491,0.888889,820.892
1617,KB3,HARQ,Default,200,1e-05,1,25,0,1.9286,0.888889,829.617
1618,KB3,HARQ,Default,200,1e-05,1,25,0,1.9335,0.888889,827.515
1619,KB3,HARQ,Default,200,1e-05,1,25,0,1.9245,0.888889,831.385
1620,KB3,HARQ,Default,200,1e-05,1,25,0,1.9514,0.888889,819.924
1621,KB3,HARQ,Default,200,1e-05,1,25,0,1.9533,0.888889,819.127
1622,KB3,HARQ,Default,200,1e-05,1,25,0,2.2538,0.888889,709.912
1623,KB3,HARQ,Default,200,1e-05,1,25,0,1.9375,0.888889,825.806
1624,KB3,HARQ,Default,200,1e-05,1,25,0,1.9158,0.888889,835.16
1625,KB3,HARQ,Default,200,1e-05,1,25,0,1.917,0.888889,834.637
1626,KB3,HARQ,Default,200,1e-05,1,25,0,1.9207,0.888889,833.03
1627,KB3,HARQ,Default,200,1e-05,1,25,0,1.935,0.888889,826.873
1628,KB3,HARQ,Default,200,1e-05,1,25,0,1.9653,0.888889,814.125
1629,KB3,HARQ,Default,200,1e-05,1,25,0,1.9283,0.888889,829.746
1630,KB3,HARQ,Default,200,1e-05,1,25,0,2.278,0.888889,702.371
1631,KB3,HARQ,Default,200,1e-05,1,25,0,1.9219,0.888889,832.509
1632,KB3,HARQ,Default,200,1e-05,1,25,0,1.9174,0.888889,834.463
1633,KB3,HARQ,Default,200,1e-05,1,25,0,1.9309,0.888889,828.629
1634,KB3,HARQ,Default,200,1e-05,1,25,0,1.9591,0.888889,816.702
1635,KB3,HARQ,Default,200,1e-05,1,25,0,1.9589,0.888889,816.785
1636,KB3,HARQ,Default,200,1e-05,1,25,0,1.9326,0.888889,827.9
1637,KB3,HARQ,Default,200,1e-05,1,25,0,1.9425,0.888889,823.681
1638,KB3,HARQ,Default,200,1e-05,1,25,0,2.1593,0.888889,740.981
1639,KB3,HARQ,Default,200,1e-05,1,25,0,2.0149,0.888889,794.084
1640,KB3,HARQ,Default,200,1e-05,1,25,0,1.9484,0.888889,821.187
1641,KB3,HARQ,Default,200,1e-05,1,25,0,1.9256,0.888889,830.91
1642,KB3,HARQ,Default,200,1e-05,1,25,0,1.9353,0.888889,826.745
1643,KB3,HARQ,Default,200,1e-05,1,25,0,1.9325,0.888889,827.943
1644,KB3,HARQ,Default,200,1e-05,1,25,0,1.9127,0.888889,836.514
1645,KB3,HARQ,Default,200,1e-05,1,25,0,1.9163,0.888889,834.942
1646,KB3,HARQ,Default,200,1e-05,1,25,0,2.0858,0.888889,767.092
1647,KB3,HARQ,Default,200,1e-05,1,25,0,2.0739,0.888889,771.493
1648,KB3,HARQ,Default,200,1e-05,1,25,0,1.9602,0.888889,816.243
1649,KB3,HARQ,Default,200,1e-05,1,25,0,1.9277,0.888889,830.005
1650,KB3,HARQ,Default,200,1e-05,1,25,0,1.9808,0.888889,807.754
1651,KB3,HARQ,Default,200,1e-05,1,25,0,1.9263,0.888889,830.608
1652,KB3,HARQ,Default,200,1e-05,1,25,0,1.9317,0.888889,828.286
1653,KB3,HARQ,Default,200,1e-05,1,25,0,1.9323,0.888889,828.029
1654,KB3,HARQ,Default,200,1e-05,1,25,0,1.9857,0.888889,805.761
1655,KB3,HARQ,Default,200,1e-05,1,25,0,2.1234,0.888889,753.509
1656,KB3,HARQ,Default,200,1e-05,1,25,0,1.9275,0.888889,830.091
1657,KB3,HARQ,Default,200,1e-05,1,25,0,1.9301,0.888889,828.973
1658,KB3,HARQ,Default,200,1e-05,1,25,0,1.9795,0.888889,808.285
1659,KB3,HARQ,Default,200,1e-05,1,25,0,1.9168,0.888889,834.725
1660,KB3,HARQ,Default,200,1e-05,1,25,0,1.9495,0.888889,820.723
1661,KB3,HARQ,Default,200,1e-05,1,25,0,1.946,0.888889,822.199
1662,KB3,HARQ,Default,200,1e-05,1,25,0,1.9331,0.888889,827.686
1663,KB3,HARQ,Default,200,1e-05,1,25,0,2.2405,0.888889,714.126
1664,KB3,HARQ,Default,200,1e-05,1,25,0,1.9401,0.888889,824.7
1665,KB3,HARQ,Default,200,1e-05,1,25,0,1.9548,0.888889,818.498
1666,KB3,HARQ,Default,200,1e-05,1,25,0,2.0286,0.888889,788.721
1667,KB3,HARQ,Default,200,1e-05,1,25,0,1.9738,0.888889,810.619
1668,KB3,HARQ,Default,200,1e-05,1,25,0,1.9309,0.888889,828.629
1669,KB3,HARQ,Default,200,1e-05,1,25,0,1.933,0.888889,827.729
1670,KB3,HARQ,Default,200,1e-05,1,25,0,1.9248,0.888889,831.255
1671,KB3,HARQ,Default,200,1e-05,1,25,0,2.2811,0.888889,701.416
1672,KB3,HARQ,Default,200,1e-05,1,25,0,1.9508,0.888889,820.176
1673,KB3,HARQ,Default,200,1e-05,1,25,0,1.9376,0.888889,825.764
1674,KB3,HARQ,Default,200,1e-05,1,25,0,1.9698,0.888889,812.265
1675,KB3,HARQ,Default,200,1e-05,1,25,0,1.9236,0.888889,831.774
1676,KB3,HARQ,Default,200,1e-05,1,25,0,1.9248,0.888889,831.255
1677,KB3,HARQ,Default,200,1e-05,1,25,0,1.9231,0.888889,831.99
1678,KB3,HARQ,Default,200,1e-05,1,25,0,1.9306,0.888889,828.758
1679,KB3,HARQ,Default,200,1e-05,1,25,0,2.2853,0.888889,700.127
1680,KB3,HARQ,Default,200,1e-05,1,25,0,1.9616,0.888889,815.661
1681,KB3,HARQ,Default,200,1e-05,1,25,0,1.9732,0.888889,810.866
1682,KB3,HARQ,Default,200,1e-05,1,25,0,1.9254,0.888889,830.996
1683,KB3,HARQ,Default,200,1e-05,1,25,0,1.9193,0.888889,833.637
1684,KB3,HARQ,Default,200,1e-05,1,25,0,1.9284,0.888889,829.703
1685,KB3,HARQ,Default,200,1e-05,1,25,0,1.9531,0.888889,819.21
1686,KB3,HARQ,Default,200,1e-05,1,25,0,1.9438,0.888889,823.13
1687,KB3,HARQ,Default,200,1e-05,1,25,0,2.2631,0.888889,706.995
1688,KB3,HARQ,Default,200,1e-05,1,25,0,1.9396,0.888889,824.912
1689,KB3,HARQ,Default,200,1e-05,1,25,0,1.9209,0.888889,832.943
1690,KB3,HARQ,Default,200,1e-05,1,25,0,1.9167,0.888889,834.768
1691,KB3,HARQ,Default,200,1e-05,1,25,0,1.929,0.888889,829.445
1692,KB3,HARQ,Default,200,1e-05,1,25,0,1.9556,0.888889,818.163
1693,KB3,HARQ,Default,200,1e-05,1,25,0,1.943,0.888889,823.469
1694,KB3,HARQ,Default,200,1e-05,1,25,0,1.9238,0.888889,831.687
1695,KB3,HARQ,Default,200,1e-05,1,25,0,2.2338,0.888889,716.268
1696,KB3,HARQ,Default,200,1e-05,1,25,0,2.0067,0.888889,797.329
1697,KB3,HARQ,Default,200,1e-05,1,25,0,1.9254,0.888889,830.996
1698,KB3,HARQ,Default,200,1e-05,1,25,0,1.9361,0.888889,826.404
1699,KB3,HARQ,Default,200,1e-05,1,25,0,1.9414,0.888889,824.148
1700,KB3,HARQ,Default,200,1e-05,1,25,0,1.9367,0.888889,826.148
1701,KB3,HARQ,Default,200,1e-05,1,25,0,1.9329,0.888889,827.772
1702,KB3,HARQ,Default,200,1e-05,1,25,0,1.9249,0.888889,831.212
1703,KB3,HARQ,Default,200,1e-05,1,25,0,2.1482,0.888889,744.81
1704,KB3,HARQ,Default,200,1e-05,1,25,0,2.0386,0.888889,784.852
1705,KB3,HARQ,Default,200,1e-05,1,25,0,2.3959,0.888889,667.808
1706,KB3,HARQ,Default,200,1e-05,1,25,0,2.346,0.888889,682.012
1707,KB3,HARQ,Default,200,1e-05,1,25,0,1.9248,0.888889,831.255
1708,KB3,HARQ,Default,200,1e-05,1,25,0,1.9303,0.888889,828.887
1709,KB3,HARQ,Default,200,1e-05,1,25,0,1.9254,0.888889,830.996
1710,KB3,HARQ,Default,200,1e-05,1,25,0,1.9229,0.888889,832.077
1711,KB3,HARQ,Default,200,1e-05,1,25,0,2.2796,0.888889,701.878
1712,KB3,HARQ,Default,200,1e-05,1,25,0,1.9834,0.888889,806.696
1713,KB3,HARQ,Default,200,1e-05,1,25,0,1.9539,0.888889,818.875
1714,KB3,HARQ,Default,200,1e-05,1,25,0,1.9204,0.888889,833.16
1715,KB3,HARQ,Default,200,1e-05,1,25,0,1.9309,0.888889,828.629
1716,KB3,HARQ,Default,200,1e-05,1,25,0,1.9284,0.888889,829.703
1717,KB3,HARQ,Default,200,1e-05,1,25,0,1.9192,0.888889,833.681
1718,KB3,HARQ,Default,200,1e-05,1,25,0,1.956,0.888889,817.996
1719,KB3,HARQ,Default,200,1e-05,1,25,0,2.3327,0.888889,685.9
1720,KB3,HARQ,Default,200,1e-05,1,25,0,1.9964,0.888889,801.443
1721,KB3,HARQ,Default,200,1e-05,1,25,0,1.9181,0.888889,834.159
1722,KB3,HARQ,Default,200,1e-05,1,25,0,1.933,0.888889,827.729
1723,KB3,HARQ,Default,200,1e-05,1,25,0,1.9387,0.888889,825.295
1724,KB3,HARQ,Default,200,1e-05,1,25,0,1.9474,0.888889,821.608
1725,KB3,HARQ,Default,200,1e-05,1,25,0,1.9395,0.888889,824.955
1726,KB3,HARQ,Default,200,1e-05,1,25,0,1.9342,0.888889,827.215
1727,KB3,HARQ,Default,200,1e-05,1,25,0,2.2163,0.888889,721.924
1728,KB3,HARQ,Default,200,1e-05,1,25,0,1.9524,0.888889,819.504
1729,KB3,HARQ,Default,200,1e-05,1,25,0,1.9131,0.888889,836.339
1730,KB3,HARQ,Default,200,1e-05,1,25,0,1.9632,0.888889,814.996
1731,KB3,HARQ,Default,200,1e-05,1,25,0,1.9385,0.888889,825.38
1732,KB3,HARQ,Default,200,1e-05,1,25,0,1.9416,0.888889,824.063
1733,KB3,HARQ,Default,200,1e-05,1,25,0,1.9194,0.888889,833.594
1734,KB3,HARQ,Default,200,1e-05,1,25,0,1.9242,0.888889,831.514
1735,KB3,HARQ,Default,200,1e-05,1,25,0,2.3115,0.888889,692.191
1736,KB3,HARQ,Default,200,1e-05,1,25,0,2.3478,0.888889,681.489
1737,KB3,HARQ,Default,200,1e-05,1,25,0,1.9568,0.888889,817.661
1738,KB3,HARQ,Default,200,1e-05,1,25,0,1.9414,0.888889,824.148
1739,KB3,HARQ,Default,200,1e-05,1,25,0,1.9563,0.888889,817.87
1740,KB3,HARQ,Default,200,1e-05,1,25,0,1.9259,0.888889,830.78
1741,KB3,HARQ,Default,200,1e-05,1,25,0,1.9219,0.888889,832.509
1742,KB3,HARQ,Default,200,1e-05,1,25,0,1.9306,0.888889,828.758
1743,KB3,HARQ,Default,200,1e-05,1,25,0,2.1337,0.888889,749.871
1744,KB3,HARQ,Default,200,1e-05,1,25,0,2.011,0.888889,795.624
1745,KB3,HARQ,Default,200,1e-05,1,25,0,1.9297,0.888889,829.144
1746,KB3,HARQ,Default,200,1e-05,1,25,0,1.9464,0.888889,822.03
1747,KB3,HARQ,Default,200,1e-05,1,25,0,1.9277,0.888889,830.005
1748,KB3,HARQ,Default,200,1e-05,1,25,0,1.9239,0.888889,831.644
1749,KB3,HARQ,Default,200,1e-05,1,25,0,1.9306,0.888889,828.758
1750,KB3,HARQ,Default,200,1e-05,1,25,0,2.0263,0.888889,789.617
1751,KB3,HARQ,Default,200,1e-05,1,25,0,2.1419,0.888889,747
1752,KB3,HARQ,Default,200,1e-05,1,25,0,2.0441,0.888889,782.741
1753,KB3,HARQ,Default,200,1e-05,1,25,0,1.9566,0.888889,817.745
1754,KB3,HARQ,Default,200,1e-05,1,25,0,1.9349,0.888889,826.916
1755,KB3,HARQ,Default,200,1e-05,1,25,0,1.9247,0.888889,831.298
1756,KB3,HARQ,Default,200,1e-05,1,25,0,1.9368,0.888889,826.105
1757,KB3,HARQ,Default,200,1e-05,1,25,0,1.9246,0.888889,831.342
1758,KB3,HARQ,Default,200,1e-05,1,25,0,2.0278,0.888889,789.032
1759,KB3,HARQ,Default,200,1e-05,1,25,0,2.0382,0.888889,785.006
1760,KB3,HARQ,Default,200,1e-05,1,25,0,2.2573,0.888889,708.811
1761,KB3,HARQ,Default,200,1e-05,1,25,0,1.9203,0.888889,833.203
1762,KB3,HARQ,Default,200,1e-05,1,25,0,1.9206,0.888889,833.073
1763,KB3,HARQ,Default,200,1e-05,1,25,0,1.9225,0.888889,832.25
1764,KB3,HARQ,Default,200,1e-05,1,25,0,1.9426,0.888889,823.638
1765,KB3,HARQ,Default,200,1e-05,1,25,0,1.9427,0.888889,823.596
1766,KB3,HARQ,Default,200,1e-05,1,25,0,1.9381,0.888889,825.551
1767,KB3,HARQ,Default,200,1e-05,1,25,0,1.9597,0.888889,816.451
1768,KB3,HARQ,Default,200,1e-05,1,25,0,2.1907,0.888889,730.36
1769,KB3,HARQ,Default,200,1e-05,1,25,0,1.9326,0.888889,827.9
1770,KB3,HARQ,Default,200,1e-05,1,25,0,1.947,0.888889,821.777
1771,KB3,HARQ,Default,200,1e-05,1,25,0,1.9485,0.888889,821.144
1772,KB3,HARQ,Default,200,1e-05,1,25,0,1.9181,0.888889,834.159
1773,KB3,HARQ,Default,200,1e-05,1,25,0,1.9418,0.888889,823.978
1774,KB3,HARQ,Default,200,1e-05,1,25,0,1.939,0.888889,825.168
1775,KB3,HARQ,Default,200,1e-05,1,25,0,1.9261,0.888889,830.694
1776,KB3,HARQ,Default,200,1e-05,1,25,0,2.3181,0.888889,690.22
1777,KB3,HARQ,Default,200,1e-05,1,25,0,1.9407,0.888889,824.445
1778,KB3,HARQ,Default,200,1e-05,1,25,0,1.9354,0.888889,826.702
1779,KB3,HARQ,Default,200,1e-05,1,25,0,1.9129,0.888889,836.426
1780,KB3,HARQ,Default,200,1e-05,1,25,0,1.9253,0.888889,831.039
1781,KB3,HARQ,Default,200,1e-05,1,25,0,1.9789,0.888889,808.53
1782,KB3,HARQ,Default,200,1e-05,1,25,0,1.9407,0.888889,824.445
1783,KB3,HARQ,Default,200,1e-05,1,25,0,1.9443,0.888889,822.918
1784,KB3,HARQ,Default,200,1e-05,1,25,0,2.2567,0.888889,709
1785,KB3,HARQ,Default,200,1e-05,1,25,0,1.9317,0.888889,828.286
1786,KB3,HARQ,Default,200,1e-05,1,25,0,1.9319,0.888889,828.2
1787,KB3,HARQ,Default,200,1e-05,1,25,0,1.9251,0.888889,831.126
1788,KB3,HARQ,Default,200,1e-05,1,25,0,1.9403,0.888889,824.615
1789,KB3,HARQ,Default,200,1e-05,1,25,0,1.9699,0.888889,812.224
1790,KB3,HARQ,Default,200,1e-05,1,25,0,1.9469,0.888889,821.819
1791,KB3,HARQ,Default,200,1e-05,1,25,0,1.9266,0.888889,830.479
1792,KB3,HARQ,Default,200,1e-05,1,25,0,2.2821,0.888889,701.109
1793,KB3,HARQ,Default,200,1e-05,1,25,0,1.9712,0.888889,811.688
1794,KB3,HARQ,Default,200,1e-05,1,25,0,1.9145,0.888889,835.727
1795,KB3,HARQ,Default,200,1e-05,1,25,0,1.9531,0.888889,819.21
1796,KB3,HARQ,Default,200,1e-05,1,25,0,1.9617,0.888889,815.619
1797,KB3,HARQ,Default,200,1e-05,1,25,0,1.9484,0.888889,821.187
1798,KB3,HARQ,Default,200,1e-05,1,25,0,1.9315,0.888889,828.372
1799,KB3,HARQ,Default,200,1e-05,1,25,0,1.9306,0.888889,828.758
1800,KB3,HARQ,Default,200,1e-05,1,25,0,2.2536,0.888889,709.975
1801,KB3,HARQ,Default,200,1e-05,1,25,0,1.9853,0.888889,805.924
1802,KB3,HARQ,Default,200,1e-05,1,25,0,1.9522,0.888889,819.588
1803,KB3,HARQ,Default,200,1e-05,1,25,0,1.9272,0.888889,830.22
1804,KB3,HARQ,Default,200,1e-05,1,25,0,2.0558,0.888889,778.286
1805,KB3,HARQ,Default,200,1e-05,1,25,0,2.0284,0.888889,788.799
1806,KB3,HARQ,Default,200,1e-05,1,25,0,1.9293,0.888889,829.316
1807,KB3,HARQ,Default,200,1e-05,1,25,0,1.9416,0.888889,824.063
1808,KB3,HARQ,Default,200,1e-05,1,25,0,2.2029,0.888889,726.315
1809,KB3,HARQ,Default,200,1e-05,1,25,0,2.0408,0.888889,784.006
1810,KB3,HARQ,Default,200,1e-05,1,25,0,2.0532,0.888889,779.271
1811,KB3,HARQ,Default,200,1e-05,1,25,0,1.9668,0.888889,813.504
1812,KB3,HARQ,Default,200,1e-05,1,25,0,1.9367,0.888889,826.148
1813,KB3,HARQ,Default,200,1e-05,1,25,0,1.9259,0.888889,830.78
1814,KB3,HARQ,Default,200,1e-05,1,25,0,1.9353,0.888889,826.745
1815,KB3,HARQ,Default,200,1e-05,1,25,0,1.9266,0.888889,830.479
1816,KB3,HARQ,Default,200,1e-05,1,25,0,2.1576,0.888889,741.565
1817,KB3,HARQ,Default,200,1e-05,1,25,0,1.9395,0.888889,824.955
1818,KB3,HARQ,Default,200,1e-05,1,25,0,1.9236,0.888889,831.774
1819,KB3,HARQ,Default,200,1e-05,1,25,0,1.9354,0.888889,826.702
1820,KB3,HARQ,Default,200,1e-05,1,25,0,1.9136,0.888889,836.12
1821,KB3,HARQ,Default,200,1e-05,1,25,0,1.923,0.888889,832.033
1822,KB3,HARQ,Default,200,1e-05,1,25,0,1.9419,0.888889,823.935
1823,KB3,HARQ,Default,200,1e-05,1,25,0,1.9208,0.888889,832.986
1824,KB3,HARQ,Default,200,1e-05,1,25,0,1.9953,0.888889,801.884
1825,KB3,HARQ,Default,200,1e-05,1,25,0,1.9147,0.888889,835.64
1826,KB3,HARQ,Default,200,1e-05,1,25,0,1.9242,0.888889,831.514
1827,KB3,HARQ,Default,200,1e-05,1,25,0,1.9593,0.888889,816.618
1828,KB3,HARQ,Default,200,1e-05,1,25,0,1.9308,0.888889,828.672
1829,KB3,HARQ,Default,200,1e-05,1,25,0,1.9415,0.888889,824.105
1830,KB3,HARQ,Default,200,1e-05,1,25,0,1.9186,0.888889,833.941
1831,KB3,HARQ,Default,200,1e-05,1,25,0,1.9372,0.888889,825.934
1832,KB3,HARQ,Default,200,1e-05,1,25,0,1.9332,0.888889,827.643
1833,KB3,HARQ,Default,200,1e-05,1,25,0,2.0791,0.888889,769.564
1834,KB3,HARQ,Default,200,1e-05,1,25,0,1.9476,0.888889,821.524
1835,KB3,HARQ,Default,200,1e-05,1,25,0,2.0134,0.888889,794.676
1836,KB3,HARQ,Default,200,1e-05,1,25,0,1.934,0.888889,827.301
1837,KB3,HARQ,Default,200,1e-05,1,25,0,1.9125,0.888889,836.601
1838,KB3,HARQ,Default,200,1e-05,1,25,0,1.9325,0.888889,827.943
1839,KB3,HARQ,Default,200,1e-05,1,25,0,1.9401,0.888889,824.7
1840,KB3,HARQ,Default,200,1e-05,1,25,0,1.9471,0.888889,821.735
1841,KB3,HARQ,Default,200,1e-05,1,25,0,2.1373,0.888889,748.608
1842,KB3,HARQ,Default,200,1e-05,1,25,0,1.9472,0.888889,821.693
1843,KB3,HARQ,Default,200,1e-05,1,25,0,2.0834,0.888889,767.975
1844,KB3,HARQ,Default,200,1e-05,1,25,0,1.9429,0.888889,823.511
1845,KB3,HARQ,Default,200,1e-05,1,25,0,1.9124,0.888889,836.645
1846,KB3,HARQ,Default,200,1e-05,1,25,0,1.9418,0.888889,823.978
1847,KB3,HARQ,Default,200,1e-05,1,25,0,1.9659,0.888889,813.877
1848,KB3,HARQ,Default,200,1e-05,1,25,0,1.9415,0.888889,824.105
1849,KB3,HARQ,Default,200,1e-05,1,25,0,1.9678,0.888889,813.091
1850,KB3,HARQ,Default,200,1e-05,1,25,0,1.919,0.888889,833.768
1851,KB3,HARQ,Default,200,1e-05,1,25,0,1.9155,0.888889,835.291
1852,KB3,HARQ,Default,200,1e-05,1,25,0,1.9105,0.888889,837.477
1853,KB3,HARQ,Default,200,1e-05,1,25,0,1.9413,0.888889,824.19
1854,KB3,HARQ,Default,200,1e-05,1,25,0,1.9616,0.888889,815.661
1855,KB3,HARQ,Default,200,1e-05,1,25,0,1.9594,0.888889,816.577
1856,KB3,HARQ,Default,200,1e-05,1,25,0,1.935,0.888889,826.873
1857,KB3,HARQ,Default,200,1e-05,1,25,0,1.9767,0.888889,809.43
1858,KB3,HARQ,Default,200,1e-05,1,25,0,2.0356,0.888889,786.009
1859,KB3,HARQ,Default,200,1e-05,1,25,0,1.9699,0.888889,812.224
1860,KB3,HARQ,Default,200,1e-05,1,25,0,1.9651,0.888889,814.208
1861,KB3,HARQ,Default,200,1e-05,1,25,0,1.9382,0.888889,825.508
1862,KB3,HARQ,Default,200,1e-05,1,25,0,1.943,0.888889,823.469
1863,KB3,HARQ,Default,200,1e-05,1,25,0,1.9372,0.888889,825.934
1864,KB3,HARQ,Default,200,1e-05,1,25,0,1.9301,0.888889,828.973
1865,KB3,HARQ,Default,200,1e-05,1,25,0,1.9851,0.888889,806.005
1866,KB3,HARQ,Default,200,1e-05,1,25,0,2.0977,0.888889,762.74
1867,KB3,HARQ,Default,200,1e-05,1,25,0,1.9403,0.888889,824.615
1868,KB3,HARQ,Default,200,1e-05,1,25,0,1.9239,0.888889,831.644
1869,KB3,HARQ,Default,200,1e-05,1,25,0,1.9562,0.888889,817.912
1870,KB3,HARQ,Default,200,1e-05,1,25,0,1.9696,0.888889,812.348
1871,KB3,HARQ,Default,200,1e-05,1,25,0,1.9093,0.888889,838.003
1872,KB3,HARQ,Default,200,1e-05,1,25,0,1.9313,0.888889,828.458
1873,KB3,HARQ,Default,200,1e-05,1,25,0,1.9445,0.888889,822.834
1874,KB3,HARQ,Default,200,1e-05,1,25,0,2.0788,0.888889,769.675
1875,KB3,HARQ,Default,200,1e-05,1,25,0,1.965,0.888889,814.249
1876,KB3,HARQ,Default,200,1e-05,1,25,0,1.9333,0.888889,827.6
1877,KB3,HARQ,Default,200,1e-05,1,25,0,1.9251,0.888889,831.126
1878,KB3,HARQ,Default,200,1e-05,1,25,0,1.922,0.888889,832.466
1879,KB3,HARQ,Default,200,1e-05,1,25,0,1.9171,0.888889,834.594
1880,KB3,HARQ,Default,200,1e-05,1,25,0,1.9427,0.888889,823.596
1881,KB3,HARQ,Default,200,1e-05,1,25,0,1.9444,0.888889,822.876
1882,KB3,HARQ,Default,200,1e-05,1,25,0,2.0814,0.888889,768.713
1883,KB3,HARQ,Default,200,1e-05,1,25,0,1.9337,0.888889,827.429
1884,KB3,HARQ,Default,200,1e-05,1,25,0,1.9272,0.888889,830.22
1885,KB3,HARQ,Default,200,1e-05,1,25,0,1.9337,0.888889,827.429
1886,KB3,HARQ,Default,200,1e-05,1,25,0,1.9441,0.888889,823.003
1887,KB3,HARQ,Default,200,1e-05,1,25,0,1.9486,0.888889,821.102
1888,KB3,HARQ,Default,200,1e-05,1,25,0,1.9264,0.888889,830.565
1889,KB3,HARQ,Default,200,1e-05,1,25,0,1.9667,0.888889,813.546
1890,KB3,HARQ,Default,200,1e-05,1,25,0,2.1276,0.888889,752.021
1891,KB3,HARQ,Default,200,1e-05,1,25,0,1.9364,0.888889,826.276
1892,KB3,HARQ,Default,200,1e-05,1,25,0,1.9474,0.888889,821.608
1893,KB3,HARQ,Default,200,1e-05,1,25,0,1.947,0.888889,821.777
1894,KB3,HARQ,Default,200,1e-05,1,25,0,1.9354,0.888889,826.702
1895,KB3,HARQ,Default,200,1e-05,1,25,0,1.919,0.888889,833.768
1896,KB3,HARQ,Default,200,1e-05,1,25,0,1.9203,0.888889,833.203
1897,KB3,HARQ,Default,200,1e-05,1,25,0,1.9878,0.888889,804.91
1898,KB3,HARQ,Default,200,1e-05,1,25,0,1.9944,0.888889,802.246
1899,KB3,HARQ,Default,200,1e-05,1,25,0,1.944,0.888889,823.045
1900,KB3,HARQ,Default,200,1e-05,1,25,0,1.9283,0.888889,829.746
1901,KB3,HARQ,Default,200,1e-05,1,25,0,1.9124,0.888889,836.645
1902,KB3,HARQ,Default,200,1e-05,1,25,0,1.9273,0.888889,830.177
1903,KB3,HARQ,Default,200,1e-05,1,25,0,1.9246,0.888889,831.342
1904,KB3,HARQ,Default,200,1e-05,1,25,0,1.9914,0.888889,803.455
1905,KB3,HARQ,Default,200,1e-05,1,25,0,1.9525,0.888889,819.462
1906,KB3,HARQ,Default,200,1e-05,1,25,0,1.9745,0.888889,810.332
1907,KB3,HARQ,Default,200,1e-05,1,25,0,2.0215,0.888889,791.491
1908,KB3,HARQ,Default,200,1e-05,1,25,0,1.9253,0.888889,831.039
1909,KB3,HARQ,Default,200,1e-05,1,25,0,1.9438,0.888889,823.13
1910,KB3,HARQ,Default,200,1e-05,1,25,0,1.9201,0.888889,833.29
1911,KB3,HARQ,Default,200,1e-05,1,25,0,1.9397,0.888889,824.87
1912,KB3,HARQ,Default,200,1e-05,1,25,0,1.9831,0.888889,806.818
1913,KB3,HARQ,Default,200,1e-05,1,25,0,1.9435,0.888889,823.257
1914,KB3,HARQ,Default,200,1e-05,1,25,0,1.9213,0.888889,832.769
1915,KB3,HARQ,Default,200,1e-05,1,25,0,2.113,0.888889,757.217
1916,KB3,HARQ,Default,200,1e-05,1,25,0,1.9152,0.888889,835.422
1917,KB3,HARQ,Default,200,1e-05,1,25,0,1.9401,0.888889,824.7
1918,KB3,HARQ,Default,200,1e-05,1,25,0,1.9529,0.888889,819.294
1919,KB3,HARQ,Default,200,1e-05,1,25,0,1.9288,0.888889,829.531
1920,KB3,HARQ,Default,200,1e-05,1,25,0,1.9623,0.888889,815.37
1921,KB3,HARQ,Default,200,1e-05,1,25,0,1.9284,0.888889,829.703
1922,KB3,HARQ,Default,200,1e-05,1,25,0,1.9262,0.888889,830.651
1923,KB3,HARQ,Default,200,1e-05,1,25,0,1.9892,0.888889,804.343
1924,KB3,HARQ,Default,200,1e-05,1,25,0,1.9427,0.888889,823.596
1925,KB3,HARQ,Default,200,1e-05,1,25,0,1.9934,0.888889,802.649
1926,KB3,HARQ,Default,200,1e-05,1,25,0,1.9251,0.888889,831.126
1927,KB3,HARQ,Default,200,1e-05,1,25,0,1.9494,0.888889,820.765
1928,KB3,HARQ,Default,200,1e-05,1,25,0,1.9414,0.888889,824.148
1929,KB3,HARQ,Default,200,1e-05,1,25,0,1.9145,0.888889,835.727
1930,KB3,HARQ,Default,200,1e-05,1,25,0,1.9347,0.888889,827.002
1931,KB3,HARQ,Default,200,1e-05,1,25,0,1.9878,0.888889,804.91
1932,KB3,HARQ,Default,200,1e-05,1,25,0,1.9884,0.888889,804.667
1933,KB3,HARQ,Default,200,1e-05,1,25,0,1.939,0.888889,825.168
1934,KB3,HARQ,Default,200,1e-05,1,25,0,1.9332,0.888889,827.643
1935,KB3,HARQ,Default,200,1e-05,1,25,0,1.9641,0.888889,814.622
1936,KB3,HARQ,Default,200,1e-05,1,25,0,1.9294,0.888889,829.273
1937,KB3,HARQ,Default,200,1e-05,1,25,0,1.9208,0.888889,832.986
1938,KB3,HARQ,Default,200,1e-05,1,25,0,1.9466,0.888889,821.946
1939,KB3,HARQ,Default,200,1e-05,1,25,0,1.9401,0.888889,824.7
1940,KB3,HARQ,Default,200,1e-05,1,25,0,2.0802,0.888889,769.157
1941,KB3,HARQ,Default,200,1e-05,1,25,0,1.9401,0.888889,824.7
1942,KB3,HARQ,Default,200,1e-05,1,25,0,1.9267,0.888889,830.435
1943,KB3,HARQ,Default,200,1e-05,1,25,0,1.9813,0.888889,807.551
1944,KB3,HARQ,Default,200,1e-05,1,25,0,2.0607,0.888889,776.435
1945,KB3,HARQ,Default,200,1e-05,1,25,0,1.9539,0.888889,818.875
1946,KB3,HARQ,Default,200,1e-05,1,25,0,1.9341,0.888889,827.258
1947,KB3,HARQ,Default,200,1e-05,1,25,0,1.9368,0.888889,826.105
1948,KB3,HARQ,Default,200,1e-05,1,25,0,1.9674,0.888889,813.256
1949,KB3,HARQ,Default,200,1e-05,1,25,0,1.9202,0.888889,833.247
1950,KB3,HARQ,Default,200,1e-05,1,25,0,1.9498,0.888889,820.597
1951,KB3,HARQ,Default,200,1e-05,1,25,0,1.9698,0.888889,812.265
1952,KB3,HARQ,Default,200,1e-05,1,25,0,1.9429,0.888889,823.511
1953,KB3,HARQ,Default,200,1e-05,1,25,0,1.923,0.888889,832.033
1954,KB3,HARQ,Default,200,1e-05,1,25,0,1.9284,0.888889,829.703
1955,KB3,HARQ,Default,200,1e-05,1,25,0,1.9467,0.888889,821.904
1956,KB3,HARQ,Default,200,1e-05,1,25,0,2.1185,0.888889,755.251
1957,KB3,HARQ,Default,200,1e-05,1,25,0,1.9465,0.888889,821.988
1958,KB3,HARQ,Default,200,1e-05,1,25,0,1.9453,0.888889,822.495
1959,KB3,HARQ,Default,200,1e-05,1,25,0,1.9166,0.888889,834.812
1960,KB3,HARQ,Default,200,1e-05,1,25,0,1.9188,0.888889,833.854
1961,KB3,HARQ,Default,200,1e-05,1,25,0,1.9143,0.888889,835.815
1962,KB3,HARQ,Default,200,1e-05,1,25,0,1.9484,0.888889,821.187
1963,KB3,HARQ,Default,200,1e-05,1,25,0,1.942,0.888889,823.893
1964,KB3,HARQ,Default,200,1e-05,1,25,0,2.0607,0.888889,776.435
1965,KB3,HARQ,Default,200,1e-05,1,25,0,1.9283,0.888889,829.746
1966,KB3,HARQ,Default,200,1e-05,1,25,0,1.9993,0.888889,800.28
1967,KB3,HARQ,Default,200,1e-05,1,25,0,1.9977,0.888889,800.921
1968,KB3,HARQ,Default,200,1e-05,1,25,0,2.0194,0.888889,792.315
1969,KB3,HARQ,Default,200,1e-05,1,25,0,1.9973,0.888889,801.081
1970,KB3,HARQ,Default,200,1e-05,1,25,0,1.9553,0.888889,818.289
1971,KB3,HARQ,Default,200,1e-05,1,25,0,1.9603,0.888889,816.202
1972,KB3,HARQ,Default,200,1e-05,1,25,0,2.0396,0.888889,784.468
1973,KB3,HARQ,Default,200,1e-05,1,25,0,2.0167,0.888889,793.375
1974,KB3,HARQ,Default,200,1e-05,1,25,0,2.0224,0.888889,791.139
1975,KB3,HARQ,Default,200,1e-05,1,25,0,1.9957,0.888889,801.724
1976,KB3,HARQ,Default,200,1e-05,1,25,0,1.9988,0.888889,800.48
1977,KB3,HARQ,Default,200,1e-05,1,25,0,2.0169,0.888889,793.297
1978,KB3,HARQ,Default,200,1e-05,1,25,0,2.0061,0.888889,797.567
1979,KB3,HARQ,Default,200,1e-05,1,25,0,2.0185,0.888889,792.668
1980,KB3,HARQ,Default,200,1e-05,1,25,0,2.0393,0.888889,784.583
1981,KB3,HARQ,Default,200,1e-05,1,25,0,2.0566,0.888889,777.983
1982,KB3,HARQ,Default,200,1e-05,1,25,0,1.9624,0.888889,815.328
1983,KB3,HARQ,Default,200,1e-05,1,25,0,1.9585,0.888889,816.952
1984,KB3,HARQ,Default,200,1e-05,1,25,0,1.979,0.888889,808.489
1985,KB3,HARQ,Default,200,1e-05,1,25,0,1.9834,0.888889,806.696
1986,KB3,HARQ,Default,200,1e-05,1,25,0,1.9948,0.888889,802.085
1987,KB3,HARQ,Default,200,1e-05,1,25,0,1.9638,0.888889,814.747
1988,KB3,HARQ,Default,200,1e-05,1,25,0,2.0455,0.888889,782.205
1989,KB3,HARQ,Default,200,1e-05,1,25,0,2.0955,0.888889,763.541
1990,KB3,HARQ,Default,200,1e-05,1,25,0,2.0238,0.888889,790.592
1991,KB3,HARQ,Default,200,1e-05,1,25,0,1.9915,0.888889,803.415
1992,KB3,HARQ,Default,200,1e-05,1,25,0,2.011,0.888889,795.624
1993,KB3,HARQ,Default,200,1e-05,1,25,0,2.0177,0.888889,792.982
1994,KB3,HARQ,Default,200,1e-05,1,25,0,1.978,0.888889,808.898
1995,KB3,HARQ,Default,200,1e-05,1,25,0,2.0224,0.888889,791.139
1996,KB3,HARQ,Default,200,1e-05,1,25,0,2.0878,0.888889,766.357
1997,KB3,HARQ,Default,200,1e-05,1,25,0,1.9786,0.888889,808.653
1998,KB3,HARQ,Default,200,1e-05,1,25,0,2.0221,0.888889,791.257
1999,KB3,HARQ,Default,200,1e-05,1,25,0,2.0238,0.888889,790.592
2000,KB3,HARQ,Default,200,1e-05,1,25,0,2.0218,0.888889,791.374
2001,KB3,ARQ,Default,200,2e-05,1,25,1,0.2348,0.854701,6814.31
2002,KB3,ARQ,Default,200,2e-05,1,25,0,0.2042,0.888889,7835.46
2003,KB3,ARQ,Default,200,2e-05,1,25,0,0.2033,0.888889,7870.14
2004,KB3,ARQ,Default,200,2e-05,1,25,0,0.2024,0.888889,7905.14
2005,KB3,ARQ,Default,200,2e-05,1,25,0,0.2054,0.888889,7789.68
2006,KB3,ARQ,Default,200,2e-05,1,25,0,0.2042,0.888889,7835.46
2007,KB3,ARQ,Default,200,2e-05,1,25,0,0.2047,0.888889,7816.32
2008,KB3,ARQ,Default,200,2e-05,1,25,0,0.2022,0.888889,7912.96
2009,KB3,ARQ,Default,200,2e-05,1,25,0,0.2043,0.888889,7831.62
2010,KB3,ARQ,Default,200,2e-05,1,25,0,0.2035,0.888889,7862.41
2011,KB3,ARQ,Default,200,2e-05,1,25,0,0.2046,0.888889,7820.14
2012,KB3,ARQ,Default,200,2e-05,1,25,0,0.2026,0.888889,7897.33
2013,KB3,ARQ,Default,200,2e-05,1,25,0,0.1989,0.888889,8044.24
2014,KB3,ARQ,Default,200,2e-05,1,25,0,0.1971,0.888889,8117.71
2015,KB3,ARQ,Default,200,2e-05,1,25,0,0.1985,0.888889,8060.45
2016,KB3,ARQ,Default,200,2e-05,1,25,0,0.2001,0.888889,7996
2017,KB3,ARQ,Default,200,2e-05,1,25,0,0.2028,0.888889,7889.55
2018,KB3,ARQ,Default,200,2e-05,1,25,0,0.2044,0.888889,7827.79
2019,KB3,ARQ,Default,200,2e-05,1,25,0,0.2045,0.888889,7823.96
2020,KB3,ARQ,Default,200,2e-05,1,25,0,0.2052,0.888889,7797.27
2021,KB3,ARQ,Default,200,2e-05,1,25,0,0.204,0.888889,7843.14
2022,KB3,ARQ,Default,200,2e-05,1,25,0,0.2036,0.888889,7858.55
2023,KB3,ARQ,Default,200,2e-05,1,25,1,0.2074,0.854701,7714.56
2024,KB3,ARQ,Default,200,2e-05,1,25,0,0.2032,0.888889,7874.02
2025,KB3,ARQ,Default,200,2e-05,1,25,0,0.2021,0.888889,7916.87
2026,KB3,ARQ,Default,200,2e-05,1,25,0,0.2035,0.888889,7862.41
2027,KB3,ARQ,Default,200,2e-05,1,25,0,0.2078,0.888889,7699.71
2028,KB3,ARQ,Default,200,2e-05,1,25,0,0.2033,0.888889,7870.14
2029,KB3,ARQ,Default,200,2e-05,1,25,0,0.2087,0.888889,7666.51
2030,KB3,ARQ,Default,200,2e-05,1,25,0,0.2082,0.888889,7684.92
2031,KB3,ARQ,Default,200,2e-05,1,25,0,0.2409,0.888889,6641.76
2032,KB3,ARQ,Default,200,2e-05,1,25,0,0.2052,0.888889,7797.27
2033,KB3,ARQ,Default,200,2e-05,1,25,0,0.205,0.888889,7804.88
2034,KB3,ARQ,Default,200,2e-05,1,25,0,0.2061,0.888889,7763.22
2035,KB3,ARQ,Default,200,2e-05,1,25,0,0.2046,0.888889,7820.14
2036,KB3,ARQ,Default,200,2e-05,1,25,0,0.2039,0.888889,7846.98
2037,KB3,ARQ,Default,200,2e-05,1,25,0,0.2034,0.888889,7866.27
2038,KB3,ARQ,Default,200,2e-05,1,25,0,0.2045,0.888889,7823.96
2039,KB3,ARQ,Default,200,2e-05,1,25,0,0.2027,0.888889,7893.44
2040,KB3,ARQ,Default,200,2e-05,1,25,0,0.2044,0.888889,7827.79
2041,KB3,ARQ,Default,200,2e-05,1,25,0,0.2025,0.888889,7901.23
2042,KB3,ARQ,Default,200,2e-05,1,25,1,0.2074,0.854701,7714.56
2043,KB3,ARQ,Default,200,2e-05,1,25,0,0.2044,0.888889,7827.79
2044,KB3,ARQ,Default,200,2e-05,1,25,0,0.2047,0.888889,7816.32
2045,KB3,ARQ,Default,200,2e-05,1,25,0,0.2047,0.888889,7816.32
2046,KB3,ARQ,Default,200,2e-05,1,25,0,0.2037,0.888889,7854.69
2047,KB3,ARQ,Default,200,2e-05,1,25,0,0.2039,0.888889,7846.98
2048,KB3,ARQ,Default,200,2e-05,1,25,0,0.2048,0.888889,7812.5
2049,KB3,ARQ,Default,200,2e-05,1,25,0,0.2055,0.888889,7785.89
2050,KB3,ARQ,Default,200,2e-05,1,25,0,0.2025,0.888889,7901.23
2051,KB3,ARQ,Default,200,2e-05,1,25,0,0.2043,0.888889,7831.62
2052,KB3,ARQ,Default,200,2e-05,1,25,0,0.2038,0.888889,7850.83
2053,KB3,ARQ,Default,200,2e-05,1,25,0,0.2035,0.888889,7862.41
2054,KB3,ARQ,Default,200,2e-05,1,25,0,0.2026,0.888889,7897.33
2055,KB3,ARQ,Default,200,2e-05,1,25,0,0.203,0.888889,7881.77
2056,KB3,ARQ,Default,200,2e-05,1,25,0,0.2048,0.888889,7812.5
2057,KB3,ARQ,Default,200,2e-05,1,25,0,0.2018,0.888889,7928.64
2058,KB3,ARQ,Default,200,2e-05,1,25,0,0.202,0.888889,7920.79
2059,KB3,ARQ,Default,200,2e-05,1,25,0,0.197,0.888889,8121.83
2060,KB3,ARQ,Default,200,2e-05,1,25,0,0.2118,0.888889,7554.3
2061,KB3,ARQ,Default,200,2e-05,1,25,1,0.1995,0.854701,8020.05
2062,KB3,ARQ,Default,200,2e-05,1,25,0,0.1972,0.888889,8113.59
2063,KB3,ARQ,Default,200,2e-05,1,25,0,0.1979,0.888889,8084.89
2064,KB3,ARQ,Default,200,2e-05,1,25,0,0.205,0.888889,7804.88
2065,KB3,ARQ,Default,200,2e-05,1,25,0,0.2037,0.888889,7854.69
2066,KB3,ARQ,Default,200,2e-05,1,25,0,0.2012,0.888889,7952.29
2067,KB3,ARQ,Default,200,2e-05,1,25,0,0.2043,0.888889,7831.62
2068,KB3,ARQ,Default,200,2e-05,1,25,0,0.2046,0.888889,7820.14
2069,KB3,ARQ,Default,200,2e-05,1,25,0,0.2031,0.888889,7877.89
2070,KB3,ARQ,Default,200,2e-05,1,25,0,0.2026,0.888889,7897.33
2071,KB3,ARQ,Default,200,2e-05,1,25,0,0.2045,0.888889,7823.96
2072,KB3,ARQ,Default,200,2e-05,1,25,0,0.2033,0.888889,7870.14
2073,KB3,ARQ,Default,200,2e-05,1,25,0,0.2037,0.888889,7854.69
2074,KB3,ARQ,Default,200,2e-05,1,25,0,0.2015,0.888889,7940.45
2075,KB3,ARQ,Default,200,2e-05,1,25,0,0.2022,0.888889,7912.96
2076,KB3,ARQ,Default,200,2e-05,1,25,0,0.2049,0.888889,7808.69
2077,KB3,ARQ,Default,200,2e-05,1,25,0,0.2032,0.888889,7874.02
2078,KB3,ARQ,Default,200,2e-05,1,25,0,0.205,0.888889,7804.88
2079,KB3,ARQ,Default,200,2e-05,1,25,0,0.2025,0.888889,7901.23
2080,KB3,ARQ,Default,200,2e-05,1,25,0,0.2036,0.888889,7858.55
2081,KB3,ARQ,Default,200,2e-05,1,25,0,0.203,0.888889,7881.77
2082,KB3,ARQ,Default,200,2e-05,1,25,0,0.2066,0.888889,7744.43
2083,KB3,ARQ,Default,200,2e-05,1,25,0,0.2033,0.888889,7870.14
2084,KB3,ARQ,Default,200,2e-05,1,25,0,0.2038,0.888889,7850.83
2085,KB3,ARQ,Default,200,2e-05,1,25,0,0.2025,0.888889,7901.23
2086,KB3,ARQ,Default,200,2e-05,1,25,0,0.2041,0.888889,7839.29
2087,KB3,ARQ,Default,200,2e-05,1,25,0,0.2025,0.888889,7901.23
2088,KB3,ARQ,Default,200,2e-05,1,25,0,0.2043,0.888889,7831.62
2089,KB3,ARQ,Default,200,2e-05,1,25,0,0.2065,0.888889,7748.18
2090,KB3,ARQ,Default,200,2e-05,1,25,0,0.2549,0.888889,6276.97
2091,KB3,ARQ,Default,200,2e-05,1,25,0,0.2418,0.888889,6617.04
2092,KB3,ARQ,Default,200,2e-05,1,25,0,0.3933,0.888889,4068.14
2093,KB3,ARQ,Default,200,2e-05,1,25,0,0.2031,0.888889,7877.89
2094,KB3,ARQ,Default,200,2e-05,1,25,0,0.2027,0.888889,7893.44
2095,KB3,ARQ,Default,200,2e-05,1,25,0,0.2064,0.888889,7751.94
2096,KB3,ARQ,Default,200,2e-05,1,25,0,0.2033,0.888889,7870.14
2097,KB3,ARQ,Default,200,2e-05,1,25,0,0.2039,0.888889,7846.98
2098,KB3,ARQ,Default,200,2e-05,1,25,0,0.2032,0.888889,7874.02
2099,KB3,ARQ,Default,200,2e-05,1,25,0,0.2055,0.888889,7785.89
2100,KB3,ARQ,Default,200,2e-05,1,25,0,0.2041,0.888889,7839.29
2101,KB3,ARQ,Default,200,2e-05,1,25,0,0.205,0.888889,7804.88
2102,KB3,ARQ,Default,200,2e-05,1,25,0,0.2024,0.888889,7905.14
2103,KB3,ARQ,Default,200,2e-05,1,25,0,0.2021,0.888889,7916.87
2104,KB3,ARQ,Default,200,2e-05,1,25,0,0.2047,0.888889,7816.32
2105,KB3,ARQ,Default,200,2e-05,1,25,0,0.2025,0.888889,7901.23
2106,KB3,ARQ,Default,200,2e-05,1,25,0,0.2047,0.888889,7816.32
2107,KB3,ARQ,Default,200,2e-05,1,25,0,0.2026,0.888889,7897.33
2108,KB3,ARQ,Default,200,2e-05,1,25,0,0.2043,0.888889,7831.62
2109,KB3,ARQ,Default,200,2e-05,1,25,0,0.2046,0.888889,7820.14
2110,KB3,ARQ,Default,200,2e-05,1,25,0,0.2047,0.888889,7816.32
2111,KB3,ARQ,Default,200,2e-05,1,25,0,0.2023,0.888889,7909.05
2112,KB3,ARQ,Default,200,2e-05,1,25,0,0.2044,0.888889,7827.79
2113,KB3,ARQ,Default,200,2e-05,1,25,0,0.2034,0.888889,7866.27
2114,KB3,ARQ,Default,200,2e-05,1,25,0,0.2025,0.888889,7901.23
2115,KB3,ARQ,Default,200,2e-05,1,25,0,0.202,0.888889,7920.79
2116,KB3,ARQ,Default,200,2e-05,1,25,0,0.2042,0.888889,7835.46
2117,KB3,ARQ,Default,200,2e-05,1,25,0,0.2064,0.888889,7751.94
2118,KB3,ARQ,Default,200,2e-05,1,25,0,0.2036,0.888889,7858.55
2119,KB3,ARQ,Default,200,2e-05,1,25,0,0.2046,0.888889,7820.14
2120,KB3,ARQ,Default,200,2e-05,1,25,0,0.2025,0.888889,7901.23
2121,KB3,ARQ,Default,200,2e-05,1,25,1,0.2104,0.854701,7604.56
2122,KB3,ARQ,Default,200,2e-05,1,25,0,0.2031,0.888889,7877.89
2123,KB3,ARQ,Default,200,2e-05,1,25,0,0.2021,0.888889,7916.87
2124,KB3,ARQ,Default,200,2e-05,1,25,0,0.205,0.888889,7804.88
2125,KB3,ARQ,Default,200,2e-05,1,25,0,0.2039,0.888889,7846.98
2126,KB3,ARQ,Default,200,2e-05,1,25,0,0.1973,0.888889,8109.48
2127,KB3,ARQ,Default,200,2e-05,1,25,0,0.1971,0.888889,8117.71
2128,KB3,ARQ,Default,200,2e-05,1,25,0,0.2006,0.888889,7976.07
2129,KB3,ARQ,Default,200,2e-05,1,25,0,0.1981,0.888889,8076.73
2130,KB3,ARQ,Default,200,2e-05,1,25,0,0.1965,0.888889,8142.49
2131,KB3,ARQ,Default,200,2e-05,1,25,0,0.1978,0.888889,8088.98
2132,KB3,ARQ,Default,200,2e-05,1,25,0,0.2053,0.888889,7793.47
2133,KB3,ARQ,Default,200,2e-05,1,25,0,0.2033,0.888889,7870.14
2134,KB3,ARQ,Default,200,2e-05,1,25,0,0.203,0.888889,7881.77
2135,KB3,ARQ,Default,200,2e-05,1,25,0,0.2045,0.888889,7823.96
2136,KB3,ARQ,Default,200,2e-05,1,25,0,0.2039,0.888889,7846.98
2137,KB3,ARQ,Default,200,2e-05,1,25,0,0.2033,0.888889,7870.14
2138,KB3,ARQ,Default,200,2e-05,1,25,0,0.2043,0.888889,7831.62
2139,KB3,ARQ,Default,200,2e-05,1,25,0,0.2057,0.888889,7778.32
2140,KB3,ARQ,Default,200,2e-05,1,25,0,0.2028,0.888889,7889.55
2141,KB3,ARQ,Default,200,2e-05,1,25,0,0.2049,0.888889,7808.69
2142,KB3,ARQ,Default,200,2e-05,1,25,0,0.2023,0.888889,7909.05
2143,KB3,ARQ,Default,200,2e-05,1,25,1,0.2113,0.854701,7572.17
2144,KB3,ARQ,Default,200,2e-05,1,25,0,0.203,0.888889,7881.77
2145,KB3,ARQ,Default,200,2e-05,1,25,0,0.2042,0.888889,7835.46
2146,KB3,ARQ,Default,200,2e-05,1,25,0,0.2043,0.888889,7831.62
2147,KB3,ARQ,Default,200,2e-05,1,25,0,0.203,0.888889,7881.77
2148,KB3,ARQ,Default,200,2e-05,1,25,0,0.2026,0.888889,7897.33
2149,KB3,ARQ,Default,200,2e-05,1,25,0,0.2049,0.888889,7808.69
2150,KB3,ARQ,Default,200,2e-05,1,25,0,0.207,0.888889,7729.47
2151,KB3,ARQ,Default,200,2e-05,1,25,0,0.203,0.888889,7881.77
2152,KB3,ARQ,Default,200,2e-05,1,25,0,0.2032,0.888889,7874.02
2153,KB3,ARQ,Default,200,2e-05,1,25,0,0.2088,0.888889,7662.84
2154,KB3,ARQ,Default,200,2e-05,1,25,0,0.2026,0.888889,7897.33
2155,KB3,ARQ,Default,200,2e-05,1,25,0,0.2015,0.888889,7940.45
2156,KB3,ARQ,Default,200,2e-05,1,25,0,0.2029,0.888889,7885.66
2157,KB3,ARQ,Default,200,2e-05,1,25,0,0.2081,0.888889,7688.61
2158,KB3,ARQ,Default,200,2e-05,1,25,0,0.2036,0.888889,7858.55
2159,KB3,ARQ,Default,200,2e-05,1,25,0,0.2035,0.888889,7862.41
2160,KB3,ARQ,Default,200,2e-05,1,25,0,0.2026,0.888889,7897.33
2161,KB3,ARQ,Default,200,2e-05,1,25,0,0.2061,0.888889,7763.22
2162,KB3,ARQ,Default,200,2e-05,1,25,0,0.2033,0.888889,7870.14
2163,KB3,ARQ,Default,200,2e-05,1,25,0,0.2025,0.888889,7901.23
2164,KB3,ARQ,Default,200,2e-05,1,25,0,0.2023,0.888889,7909.05
2165,KB3,ARQ,Default,200,2e-05,1,25,0,0.203,0.888889,7881.77
2166,KB3,ARQ,Default,200,2e-05,1,25,0,0.2042,0.888889,7835.46
2167,KB3,ARQ,Default,200,2e-05,1,25,0,0.2027,0.888889,7893.44
2168,KB3,ARQ,Default,200,2e-05,1,25,0,0.2154,0.888889,7428.04
2169,KB3,ARQ,Default,200,2e-05,1,25,1,0.2004,0.854701,7984.03
2170,KB3,ARQ,Default,200,2e-05,1,25,0,0.1961,0.888889,8159.1
2171,KB3,ARQ,Default,200,2e-05,1,25,0,0.1965,0.888889,8142.49
2172,KB3,ARQ,Default,200,2e-05,1,25,0,0.2058,0.888889,7774.54
2173,KB3,ARQ,Default,200,2e-05,1,25,0,0.2056,0.888889,7782.1
2174,KB3,ARQ,Default,200,2e-05,1,25,0,0.2038,0.888889,7850.83
2175,KB3,ARQ,Default,200,2e-05,1,25,1,0.2061,0.854701,7763.22
2176,KB3,ARQ,Default,200,2e-05,1,25,0,0.2021,0.888889,7916.87
2177,KB3,ARQ,Default,200,2e-05,1,25,0,0.2042,0.888889,7835.46
2178,KB3,ARQ,Default,200,2e-05,1,25,0,0.2046,0.888889,7820.14
2179,KB3,ARQ,Default,200,2e-05,1,25,0,0.2054,0.888889,7789.68
2180,KB3,ARQ,Default,200,2e-05,1,25,0,0.2023,0.888889,7909.05
2181,KB3,ARQ,Default,200,2e-05,1,25,0,0.2044,0.888889,7827.79
2182,KB3,ARQ,Default,200,2e-05,1,25,0,0.2041,0.888889,7839.29
2183,KB3,ARQ,Default,200,2e-05,1,25,0,0.2039,0.888889,7846.98
2184,KB3,ARQ,Default,200,2e-05,1,25,0,0.2027,0.888889,7893.44
2185,KB3,ARQ,Default,200,2e-05,1,25,0,0.2038,0.888889,7850.83
2186,KB3,ARQ,Default,200,2e-05,1,25,0,0.2066,0.888889,7744.43
2187,KB3,ARQ,Default,200,2e-05,1,25,0,0.2025,0.888889,7901.23
2188,KB3,ARQ,Default,200,2e-05,1,25,0,0.2037,0.888889,7854.69
2189,KB3,ARQ,Default,200,2e-05,1,25,0,0.2043,0.888889,7831.62
2190,KB3,ARQ,Default,200,2e-05,1,25,0,0.2061,0.888889,7763.22
2191,KB3,ARQ,Default,200,2e-05,1,25,0,0.2029,0.888889,7885.66
2192,KB3,ARQ,Default,200,2e-05,1,25,0,0.1971,0.888889,8117.71
2193,KB3,ARQ,Default,200,2e-05,1,25,0,0.1973,0.888889,8109.48
2194,KB3,ARQ,Default,200,2e-05,1,25,0,0.2047,0.888889,7816.32
2195,KB3,ARQ,Default,200,2e-05,1,25,0,0.203,0.888889,7881.77
2196,KB3,ARQ,Default,200,2e-05,1,25,0,0.2014,0.888889,7944.39
2197,KB3,ARQ,Default,200,2e-05,1,25,0,0.2043,0.888889,7831.62
2198,KB3,ARQ,Default,200,2e-05,1,25,0,0.2036,0.888889,7858.55
2199,KB3,ARQ,Default,200,2e-05,1,25,0,0.2035,0.888889,7862.41
2200,KB3,ARQ,Default,200,2e-05,1,25,0,0.2029,0.888889,7885.66
2201,KB3,ARQ,Default,200,2e-05,1,25,0,0.2061,0.888889,7763.22
2202,KB3,ARQ,Default,200,2e-05,1,25,0,0.2029,0.888889,7885.66
2203,KB3,ARQ,Default,200,2e-05,1,25,1,0.2059,0.854701,7770.76
2204,KB3,ARQ,Default,200,2e-05,1,25,1,0.2063,0.854701,7755.7
2205,KB3,ARQ,Default,200,2e-05,1,25,0,0.2029,0.888889,7885.66
2206,KB3,ARQ,Default,200,2e-05,1,25,0,0.2029,0.888889,7885.66
2207,KB3,ARQ,Default,200,2e-05,1,25,0,0.2025,0.888889,7901.23
2208,KB3,ARQ,Default,200,2e-05,1,25,0,0.2059,0.888889,7770.76
2209,KB3,ARQ,Default,200,2e-05,1,25,0,0.2037,0.888889,7854.69
2210,KB3,ARQ,Default,200,2e-05,1,25,0,0.2041,0.888889,7839.29
2211,KB3,ARQ,Default,200,2e-05,1,25,0,0.2036,0.888889,7858.55
2212,KB3,ARQ,Default,200,2e-05,1,25,0,0.2028,0.888889,7889.55
2213,KB3,ARQ,Default,200,2e-05,1,25,0,0.2018,0.888889,7928.64
2214,KB3,ARQ,Default,200,2e-05,1,25,1,0.2136,0.854701,7490.64
2215,KB3,ARQ,Default,200,2e-05,1,25,0,0.2046,0.888889,7820.14
2216,KB3,ARQ,Default,200,2e-05,1,25,0,0.2031,0.888889,7877.89
2217,KB3,ARQ,Default,200,2e-05,1,25,0,0.2032,0.888889,7874.02
2218,KB3,ARQ,Default,200,2e-05,1,25,0,0.204,0.888889,7843.14
2219,KB3,ARQ,Default,200,2e-05,1,25,0,0.2052,0.888889,7797.27
2220,KB3,ARQ,Default,200,2e-05,1,25,1,0.2069,0.854701,7733.2
2221,KB3,ARQ,Default,200,2e-05,1,25,0,0.2036,0.888889,7858.55
2222,KB3,ARQ,Default,200,2e-05,1,25,0,0.204,0.888889,7843.14
2223,KB3,ARQ,Default,200,2e-05,1,25,0,0.2037,0.888889,7854.69
2224,KB3,ARQ,Default,200,2e-05,1,25,0,0.2028,0.888889,7889.55
2225,KB3,ARQ,Default,200,2e-05,1,25,0,0.2013,0.888889,7948.34
2226,KB3,ARQ,Default,200,2e-05,1,25,0,0.2051,0.888889,7801.07
2227,KB3,ARQ,Default,200,2e-05,1,25,0,0.2024,0.888889,7905.14
2228,KB3,ARQ,Default,200,2e-05,1,25,0,0.2019,0.888889,7924.72
2229,KB3,ARQ,Default,200,2e-05,1,25,0,0.202,0.888889,7920.79
2230,KB3,ARQ,Default,200,2e-05,1,25,0,0.2076,0.888889,7707.13
2231,KB3,ARQ,Default,200,2e-05,1,25,0,0.2031,0.888889,7877.89
2232,KB3,ARQ,Default,200,2e-05,1,25,0,0.2032,0.888889,7874.02
2233,KB3,ARQ,Default,200,2e-05,1,25,0,0.2015,0.888889,7940.45
2234,KB3,ARQ,Default,200,2e-05,1,25,0,0.2047,0.888889,7816.32
2235,KB3,ARQ,Default,200,2e-05,1,25,0,0.203,0.888889,7881.77
2236,KB3,ARQ,Default,200,2e-05,1,25,0,0.2026,0.888889,7897.33
2237,KB3,ARQ,Default,200,2e-05,1,25,0,0.2046,0.888889,7820.14
2238,KB3,ARQ,Default,200,2e-05,1,25,0,0.2038,0.888889,7850.83
2239,KB3,ARQ,Default,200,2e-05,1,25,0,0.2052,0.888889,7797.27
2240,KB3,ARQ,Default,200,2e-05,1,25,0,0.2021,0.888889,7916.87
2241,KB3,ARQ,Default,200,2e-05,1,25,0,0.2059,0.888889,7770.76
2242,KB3,ARQ,Default,200,2e-05,1,25,0,0.204,0.888889,7843.14
2243,KB3,ARQ,Default,200,2e-05,1,25,0,0.2038,0.888889,7850.83
2244,KB3,ARQ,Default,200,2e-05,1,25,0,0.2024,0.888889,7905.14
2245,KB3,ARQ,Default,200,2e-05,1,25,0,0.2031,0.888889,7877.89
2246,KB3,ARQ,Default,200,2e-05,1,25,0,0.2028,0.888889,7889.55
2247,KB3,ARQ,Default,200,2e-05,1,25,0,0.2045,0.888889,7823.96
2248,KB3,ARQ,Default,200,2e-05,1,25,0,0.205,0.888889,7804.88
2249,KB3,ARQ,Default,200,2e-05,1,25,0,0.2024,0.888889,7905.14
2250,KB3,ARQ,Default,200,2e-05,1,25,1,0.2068,0.854701,7736.94
2251,KB3,ARQ,Default,200,2e-05,1,25,0,0.2035,0.888889,7862.41
2252,KB3,ARQ,Default,200,2e-05,1,25,0,0.2068,0.888889,7736.94
2253,KB3,ARQ,Default,200,2e-05,1,25,0,0.202,0.888889,7920.79
2254,KB3,ARQ,Default,200,2e-05,1,25,0,0.2032,0.888889,7874.02
2255,KB3,ARQ,Default,200,2e-05,1,25,0,0.2051,0.888889,7801.07
2256,KB3,ARQ,Default,200,2e-05,1,25,0,0.2022,0.888889,7912.96
2257,KB3,ARQ,Default,200,2e-05,1,25,0,0.2025,0.888889,7901.23
2258,KB3,ARQ,Default,200,2e-05,1,25,0,0.1987,0.888889,8052.34
2259,KB3,ARQ,Default,200,2e-05,1,25,0,0.2106,0.888889,7597.34
2260,KB3,ARQ,Default,200,2e-05,1,25,0,0.2021,0.888889,7916.87
2261,KB3,ARQ,Default,200,2e-05,1,25,0,0.2031,0.888889,7877.89
2262,KB3,ARQ,Default,200,2e-05,1,25,0,0.2047,0.888889,7816.32
2263,KB3,ARQ,Default,200,2e-05,1,25,0,0.207,0.888889,7729.47
2264,KB3,ARQ,Default,200,2e-05,1,25,0,0.2024,0.888889,7905.14
2265,KB3,ARQ,Default,200,2e-05,1,25,0,0.2027,0.888889,7893.44
2266,KB3,ARQ,Default,200,2e-05,1,25,1,0.2101,0.854701,7615.42
2267,KB3,ARQ,Default,200,2e-05,1,25,0,0.2029,0.888889,7885.66
2268,KB3,ARQ,Default,200,2e-05,1,25,0,0.2018,0.888889,7928.64
2269,KB3,ARQ,Default,200,2e-05,1,25,0,0.2014,0.888889,7944.39
2270,KB3,ARQ,Default,200,2e-05,1,25,0,0.2063,0.888889,7755.7
2271,KB3,ARQ,Default,200,2e-05,1,25,0,0.2029,0.888889,7885.66
2272,KB3,ARQ,Default,200,2e-05,1,25,0,0.2516,0.888889,6359.3
2273,KB3,ARQ,Default,200,2e-05,1,25,0,0.2245,0.888889,7126.95
2274,KB3,ARQ,Default,200,2e-05,1,25,0,0.2045,0.888889,7823.96
2275,KB3,ARQ,Default,200,2e-05,1,25,0,0.2041,0.888889,7839.29
2276,KB3,ARQ,Default,200,2e-05,1,25,0,0.2038,0.888889,7850.83
2277,KB3,ARQ,Default,200,2e-05,1,25,0,0.2119,0.888889,7550.73
2278,KB3,ARQ,Default,200,2e-05,1,25,0,0.1982,0.888889,8072.65
2279,KB3,ARQ,Default,200,2e-05,1,25,0,0.1967,0.888889,8134.21
2280,KB3,ARQ,Default,200,2e-05,1,25,0,0.1971,0.888889,8117.71
2281,KB3,ARQ,Default,200,2e-05,1,25,0,0.2073,0.888889,7718.28
2282,KB3,ARQ,Default,200,2e-05,1,25,0,0.2021,0.888889,7916.87
2283,KB3,ARQ,Default,200,2e-05,1,25,0,0.2031,0.888889,7877.89
2284,KB3,ARQ,Default,200,2e-05,1,25,0,0.2044,0.888889,7827.79
2285,KB3,ARQ,Default,200,2e-05,1,25,0,0.2031,0.888889,7877.89
2286,KB3,ARQ,Default,200,2e-05,1,25,0,0.204,0.888889,7843.14
2287,KB3,ARQ,Default,200,2e-05,1,25,0,0.2026,0.888889,7897.33
2288,KB3,ARQ,Default,200,2e-05,1,25,0,0.2047,0.888889,7816.32
2289,KB3,ARQ,Default,200,2e-05,1,25,0,0.2041,0.888889,7839.29
2290,KB3,ARQ,Default,200,2e-05,1,25,1,0.2075,0.854701,7710.84
2291,KB3,ARQ,Default,200,2e-05,1,25,0,0.2027,0.888889,7893.44
2292,KB3,ARQ,Default,200,2e-05,1,25,0,0.2028,0.888889,7889.55
2293,KB3,ARQ,Default,200,2e-05,1,25,0,0.2022,0.888889,7912.96
2294,KB3,ARQ,Default,200,2e-05,1,25,0,0.2026,0.888889,7897.33
2295,KB3,ARQ,Default,200,2e-05,1,25,0,0.2061,0.888889,7763.22
2296,KB3,ARQ,Default,200,2e-05,1,25,0,0.2033,0.888889,7870.14
2297,KB3,ARQ,Default,200,2e-05,1,25,0,0.2038,0.888889,7850.83
2298,KB3,ARQ,Default,200,2e-05,1,25,1,0.2067,0.854701,7740.69
2299,KB3,ARQ,Default,200,2e-05,1,25,0,0.2058,0.888889,7774.54
2300,KB3,ARQ,Default,200,2e-05,1,25,0,0.2028,0.888889,7889.55
2301,KB3,ARQ,Default,200,2e-05,1,25,0,0.2039,0.888889,7846.98
2302,KB3,ARQ,Default,200,2e-05,1,25,0,0.2021,0.888889,7916.87
2303,KB3,ARQ,Default,200,2e-05,1,25,0,0.204,0.888889,7843.14
2304,KB3,ARQ,Default,200,2e-05,1,25,0,0.2028,0.888889,7889.55
2305,KB3,ARQ,Default,200,2e-05,1,25,0,0.2036,0.888889,7858.55
2306,KB3,ARQ,Default,200,2e-05,1,25,0,0.204,0.888889,7843.14
2307,KB3,ARQ,Default,200,2e-05,1,25,0,0.2047,0.888889,7816.32
2308,KB3,ARQ,Default,200,2e-05,1,25,0,0.2044,0.888889,7827.79
2309,KB3,ARQ,Default,200,2e-05,1,25,0,0.2033,0.888889,7870.14
2310,KB3,ARQ,Default,200,2e-05,1,25,0,0.2048,0.888889,7812.5
2311,KB3,ARQ,Default,200,2e-05,1,25,0,0.2043,0.888889,7831.62
2312,KB3,ARQ,Default,200,2e-05,1,25,0,0.204,0.888889,7843.14
2313,KB3,ARQ,Default,200,2e-05,1,25,0,0.2023,0.888889,7909.05
2314,KB3,ARQ,Default,200,2e-05,1,25,0,0.2043,0.888889,7831.62
2315,KB3,ARQ,Default,200,2e-05,1,25,0,0.2029,0.888889,7885.66
2316,KB3,ARQ,Default,200,2e-05,1,25,0,0.2044,0.888889,7827.79
2317,KB3,ARQ,Default,200,2e-05,1,25,0,0.2069,0.888889,7733.2
2318,KB3,ARQ,Default,200,2e-05,1,25,0,0.2093,0.888889,7644.53
2319,KB3,ARQ,Default,200,2e-05,1,25,0,0.1988,0.888889,8048.29
2320,KB3,ARQ,Default,200,2e-05,1,25,0,0.1986,0.888889,8056.39
2321,KB3,ARQ,Default,200,2e-05,1,25,0,0.2035,0.888889,7862.41
2322,KB3,ARQ,Default,200,2e-05,1,25,1,0.207,0.854701,7729.47
2323,KB3,ARQ,Default,200,2e-05,1,25,0,0.2038,0.888889,7850.83
2324,KB3,ARQ,Default,200,2e-05,1,25,0,0.1997,0.888889,8012.02
2325,KB3,ARQ,Default,200,2e-05,1,25,0,0.2037,0.888889,7854.69
2326,KB3,ARQ,Default,200,2e-05,1,25,0,0.2041,0.888889,7839.29
2327,KB3,ARQ,Default,200,2e-05,1,25,0,0.2036,0.888889,7858.55
2328,KB3,ARQ,Default,200,2e-05,1,25,0,0.2061,0.888889,7763.22
2329,KB3,ARQ,Default,200,2e-05,1,25,0,0.2029,0.888889,7885.66
2330,KB3,ARQ,Default,200,2e-05,1,25,0,0.2033,0.888889,7870.14
2331,KB3,ARQ,Default,200,2e-05,1,25,0,0.2019,0.888889,7924.72
2332,KB3,ARQ,Default,200,2e-05,1,25,0,0.208,0.888889,7692.31
2333,KB3,ARQ,Default,200,2e-05,1,25,0,0.2021,0.888889,7916.87
2334,KB3,ARQ,Default,200,2e-05,1,25,0,0.2026,0.888889,7897.33
2335,KB3,ARQ,Default,200,2e-05,1,25,0,0.2056,0.888889,7782.1
2336,KB3,ARQ,Default,200,2e-05,1,25,0,0.2054,0.888889,7789.68
2337,KB3,ARQ,Default,200,2e-05,1,25,0,0.1979,0.888889,8084.89
2338,KB3,ARQ,Default,200,2e-05,1,25,0,0.1973,0.888889,8109.48
2339,KB3,ARQ,Default,200,2e-05,1,25,0,0.2012,0.888889,7952.29
2340,KB3,ARQ,Default,200,2e-05,1,25,0,0.1999,0.888889,8004
2341,KB3,ARQ,Default,200,2e-05,1,25,1,0.2049,0.854701,7808.69
2342,KB3,ARQ,Default,200,2e-05,1,25,0,0.1976,0.888889,8097.17
2343,KB3,ARQ,Default,200,2e-05,1,25,0,0.207,0.888889,7729.47
2344,KB3,ARQ,Default,200,2e-05,1,25,0,0.1973,0.888889,8109.48
2345,KB3,ARQ,Default,200,2e-05,1,25,0,0.196,0.888889,8163.27
2346,KB3,ARQ,Default,200,2e-05,1,25,0,0.1978,0.888889,8088.98
2347,KB3,ARQ,Default,200,2e-05,1,25,0,0.2034,0.888889,7866.27
2348,KB3,ARQ,Default,200,2e-05,1,25,0,0.1974,0.888889,8105.37
2349,KB3,ARQ,Default,200,2e-05,1,25,0,0.1986,0.888889,8056.39
2350,KB3,ARQ,Default,200,2e-05,1,25,0,0.2034,0.888889,7866.27
2351,KB3,ARQ,Default,200,2e-05,1,25,0,0.2028,0.888889,7889.55
2352,KB3,ARQ,Default,200,2e-05,1,25,0,0.1985,0.888889,8060.45
2353,KB3,ARQ,Default,200,2e-05,1,25,0,0.1969,0.888889,8125.95
2354,KB3,ARQ,Default,200,2e-05,1,25,0,0.2007,0.888889,7972.1
2355,KB3,ARQ,Default,200,2e-05,1,25,0,0.2037,0.888889,7854.69
2356,KB3,ARQ,Default,200,2e-05,1,25,0,0.2037,0.888889,7854.69
2357,KB3,ARQ,Default,200,2e-05,1,25,0,0.2017,0.888889,7932.57
2358,KB3,ARQ,Default,200,2e-05,1,25,0,0.2049,0.888889,7808.69
2359,KB3,ARQ,Default,200,2e-05,1,25,0,0.203,0.888889,7881.77
2360,KB3,ARQ,Default,200,2e-05,1,25,0,0.2033,0.888889,7870.14
2361,KB3,ARQ,Default,200,2e-05,1,25,0,0.2013,0.888889,7948.34
2362,KB3,ARQ,Default,200,2e-05,1,25,0,0.2032,0.888889,7874.02
2363,KB3,ARQ,Default,200,2e-05,1,25,0,0.2036,0.888889,7858.55
2364,KB3,ARQ,Default,200,2e-05,1,25,0,0.2043,0.888889,7831.62
2365,KB3,ARQ,Default,200,2e-05,1,25,0,0.2059,0.888889,7770.76
2366,KB3,ARQ,Default,200,2e-05,1,25,0,0.2035,0.888889,7862.41
2367,KB3,ARQ,Default,200,2e-05,1,25,0,0.2019,0.888889,7924.72
2368,KB3,ARQ,Default,200,2e-05,1,25,0,0.2033,0.888889,7870.14
2369,KB3,ARQ,Default,200,2e-05,1,25,0,0.2043,0.888889,7831.62
2370,KB3,ARQ,Default,200,2e-05,1,25,0,0.2025,0.888889,7901.23
2371,KB3,ARQ,Default,200,2e-05,1,25,0,0.2021,0.888889,7916.87
2372,KB3,ARQ,Default,200,2e-05,1,25,0,0.2067,0.888889,7740.69
2373,KB3,ARQ,Default,200,2e-05,1,25,0,0.2024,0.888889,7905.14
2374,KB3,ARQ,Default,200,2e-05,1,25,0,0.2029,0.888889,7885.66
2375,KB3,ARQ,Default,200,2e-05,1,25,0,0.2037,0.888889,7854.69
2376,KB3,ARQ,Default,200,2e-05,1,25,0,0.2072,0.888889,7722.01
2377,KB3,ARQ,Default,200,2e-05,1,25,0,0.2046,0.888889,7820.14
2378,KB3,ARQ,Default,200,2e-05,1,25,1,0.2054,0.854701,7789.68
2379,KB3,ARQ,Default,200,2e-05,1,25,0,0.2014,0.888889,7944.39
2380,KB3,ARQ,Default,200,2e-05,1,25,0,0.2042,0.888889,7835.46
2381,KB3,ARQ,Default,200,2e-05,1,25,0,0.2032,0.888889,7874.02
2382,KB3,ARQ,Default,200,2e-05,1,25,0,0.203,0.888889,7881.77
2383,KB3,ARQ,Default,200,2e-05,1,25,0,0.2054,0.888889,7789.68
2384,KB3,ARQ,Default,200,2e-05,1,25,0,0.2037,0.888889,7854.69
2385,KB3,ARQ,Default,200,2e-05,1,25,0,0.2042,0.888889,7835.46
2386,KB3,ARQ,Default,200,2e-05,1,25,0,0.2018,0.888889,7928.64
2387,KB3,ARQ,Default,200,2e-05,1,25,0,0.2118,0.888889,7554.3
2388,KB3,ARQ,Default,200,2e-05,1,25,1,0.2,0.854701,8000
2389,KB3,ARQ,Default,200,2e-05,1,25,0,0.1985,0.888889,8060.45
2390,KB3,ARQ,Default,200,2e-05,1,25,0,0.1974,0.888889,8105.37
2391,KB3,ARQ,Default,200,2e-05,1,25,0,0.2028,0.888889,7889.55
2392,KB3,ARQ,Default,200,2e-05,1,25,0,0.204,0.888889,7843.14
2393,KB3,ARQ,Default,200,2e-05,1,25,0,0.2031,0.888889,7877.89
2394,KB3,ARQ,Default,200,2e-05,1,25,0,0.2093,0.888889,7644.53
2395,KB3,ARQ,Default,200,2e-05,1,25,0,0.2027,0.888889,7893.44
2396,KB3,ARQ,Default,200,2e-05,1,25,0,0.2041,0.888889,7839.29
2397,KB3,ARQ,Default,200,2e-05,1,25,0,0.2428,0.888889,6589.79
2398,KB3,ARQ,Default,200,2e-05,1,25,0,0.2064,0.888889,7751.94
2399,KB3,ARQ,Default,200,2e-05,1,25,0,0.2023,0.888889,7909.05
2400,KB3,ARQ,Default,200,2e-05,1,25,0,0.2039,0.888889,7846.98
2401,KB3,ARQ,Default,200,2e-05,1,25,0,0.2048,0.888889,7812.5
2402,KB3,ARQ,Default,200,2e-05,1,25,0,0.2035,0.888889,7862.41
2403,KB3,ARQ,Default,200,2e-05,1,25,0,0.2023,0.888889,7909.05
2404,KB3,ARQ,Default,200,2e-05,1,25,0,0.2022,0.888889,7912.96
2405,KB3,ARQ,Default,200,2e-05,1,25,0,0.2067,0.888889,7740.69
2406,KB3,ARQ,Default,200,2e-05,1,25,0,0.2037,0.888889,7854.69
2407,KB3,ARQ,Default,200,2e-05,1,25,1,0.2062,0.854701,7759.46
2408,KB3,ARQ,Default,200,2e-05,1,25,0,0.203,0.888889,7881.77
2409,KB3,ARQ,Default,200,2e-05,1,25,0,0.2068,0.888889,7736.94
2410,KB3,ARQ,Default,200,2e-05,1,25,0,0.2032,0.888889,7874.02
2411,KB3,ARQ,Default,200,2e-05,1,25,0,0.202,0.888889,7920.79
2412,KB3,ARQ,Default,200,2e-05,1,25,0,0.2043,0.888889,7831.62
2413,KB3,ARQ,Default,200,2e-05,1,25,0,0.2052,0.888889,7797.27
2414,KB3,ARQ,Default,200,2e-05,1,25,0,0.2035,0.888889,7862.41
2415,KB3,ARQ,Default,200,2e-05,1,25,0,0.2025,0.888889,7901.23
2416,KB3,ARQ,Default,200,2e-05,1,25,0,0.206,0.888889,7766.99
2417,KB3,ARQ,Default,200,2e-05,1,25,0,0.2044,0.888889,7827.79
2418,KB3,ARQ,Default,200,2e-05,1,25,0,0.2027,0.888889,7893.44
2419,KB3,ARQ,Default,200,2e-05,1,25,0,0.2026,0.888889,7897.33
2420,KB3,ARQ,Default,200,2e-05,1,25,0,0.2032,0.888889,7874.02
2421,KB3,ARQ,Default,200,2e-05,1,25,0,0.2034,0.888889,7866.27
2422,KB3,ARQ,Default,200,2e-05,1,25,0,0.2037,0.888889,7854.69
2423,KB3,ARQ,Default,200,2e-05,1,25,0,0.2049,0.888889,7808.69
2424,KB3,ARQ,Default,200,2e-05,1,25,0,0.2037,0.888889,7854.69
2425,KB3,ARQ,Default,200,2e-05,1,25,0,0.2043,0.888889,7831.62
2426,KB3,ARQ,Default,200,2e-05,1,25,0,0.2034,0.888889,7866.27
2427,KB3,ARQ,Default,200,2e-05,1,25,0,0.2043,0.888889,7831.62
2428,KB3,ARQ,Default,200,2e-05,1,25,0,0.2016,0.888889,7936.51
2429,KB3,ARQ,Default,200,2e-05,1,25,0,0.2034,0.888889,7866.27
2430,KB3,ARQ,Default,200,2e-05,1,25,0,0.2018,0.888889,7928.64
2431,KB3,ARQ,Default,200,2e-05,1,25,0,0.2039,0.888889,7846.98
2432,KB3,ARQ,Default,200,2e-05,1,25,0,0.2039,0.888889,7846.98
2433,KB3,ARQ,Default,200,2e-05,1,25,0,0.204,0.888889,7843.14
2434,KB3,ARQ,Default,200,2e-05,1,25,0,0.2061,0.888889,7763.22
2435,KB3,ARQ,Default,200,2e-05,1,25,0,0.2039,0.888889,7846.98
2436,KB3,ARQ,Default,200,2e-05,1,25,0,0.2031,0.888889,7877.89
2437,KB3,ARQ,Default,200,2e-05,1,25,0,0.2033,0.888889,7870.14
2438,KB3,ARQ,Default,200,2e-05,1,25,0,0.2056,0.888889,7782.1
2439,KB3,ARQ,Default,200,2e-05,1,25,0,0.2042,0.888889,7835.46
2440,KB3,ARQ,Default,200,2e-05,1,25,0,0.2037,0.888889,7854.69
2441,KB3,ARQ,Default,200,2e-05,1,25,0,0.2043,0.888889,7831.62
2442,KB3,ARQ,Default,200,2e-05,1,25,0,0.2033,0.888889,7870.14
2443,KB3,ARQ,Default,200,2e-05,1,25,0,0.2009,0.888889,7964.16
2444,KB3,ARQ,Default,200,2e-05,1,25,0,0.2032,0.888889,7874.02
2445,KB3,ARQ,Default,200,2e-05,1,25,0,0.2072,0.888889,7722.01
2446,KB3,ARQ,Default,200,2e-05,1,25,0,0.2039,0.888889,7846.98
2447,KB3,ARQ,Default,200,2e-05,1,25,0,0.2017,0.888889,7932.57
2448,KB3,ARQ,Default,200,2e-05,1,25,0,0.2026,0.888889,7897.33
2449,KB3,ARQ,Default,200,2e-05,1,25,0,0.2066,0.888889,7744.43
2450,KB3,ARQ,Default,200,2e-05,1,25,0,0.2045,0.888889,7823.96
2451,KB3,ARQ,Default,200,2e-05,1,25,0,0.2026,0.888889,7897.33
2452,KB3,ARQ,Default,200,2e-05,1,25,0,0.2027,0.888889,7893.44
2453,KB3,ARQ,Default,200,2e-05,1,25,0,0.2055,0.888889,7785.89
2454,KB3,ARQ,Default,200,2e-05,1,25,0,0.2039,0.888889,7846.98
2455,KB3,ARQ,Default,200,2e-05,1,25,0,0.2018,0.888889,7928.64
2456,KB3,ARQ,Default,200,2e-05,1,25,0,0.2425,0.888889,6597.94
2457,KB3,ARQ,Default,200,2e-05,1,25,0,0.1983,0.888889,8068.58
2458,KB3,ARQ,Default,200,2e-05,1,25,0,0.1965,0.888889,8142.49
2459,KB3,ARQ,Default,200,2e-05,1,25,1,0.1995,0.854701,8020.05
2460,KB3,ARQ,Default,200,2e-05,1,25,0,0.206,0.888889,7766.99
2461,KB3,ARQ,Default,200,2e-05,1,25,0,0.2042,0.888889,7835.46
2462,KB3,ARQ,Default,200,2e-05,1,25,0,0.2039,0.888889,7846.98
2463,KB3,ARQ,Default,200,2e-05,1,25,0,0.2047,0.888889,7816.32
2464,KB3,ARQ,Default,200,2e-05,1,25,0,0.2018,0.888889,7928.64
2465,KB3,ARQ,Default,200,2e-05,1,25,0,0.203,0.888889,7881.77
2466,KB3,ARQ,Default,200,2e-05,1,25,0,0.2039,0.888889,7846.98
2467,KB3,ARQ,Default,200,2e-05,1,25,0,0.2041,0.888889,7839.29
2468,KB3,ARQ,Default,200,2e-05,1,25,0,0.2028,0.888889,7889.55
2469,KB3,ARQ,Default,200,2e-05,1,25,0,0.2038,0.888889,7850.83
2470,KB3,ARQ,Default,200,2e-05,1,25,0,0.2031,0.888889,7877.89
2471,KB3,ARQ,Default,200,2e-05,1,25,0,0.2049,0.888889,7808.69
2472,KB3,ARQ,Default,200,2e-05,1,25,0,0.2042,0.888889,7835.46
2473,KB3,ARQ,Default,200,2e-05,1,25,0,0.2035,0.888889,7862.41
2474,KB3,ARQ,Default,200,2e-05,1,25,0,0.206,0.888889,7766.99
2475,KB3,ARQ,Default,200,2e-05,1,25,0,0.202,0.888889,7920.79
2476,KB3,ARQ,Default,200,2e-05,1,25,0,0.2027,0.888889,7893.44
2477,KB3,ARQ,Default,200,2e-05,1,25,0,0.2024,0.888889,7905.14
2478,KB3,ARQ,Default,200,2e-05,1,25,0,0.2063,0.888889,7755.7
2479,KB3,ARQ,Default,200,2e-05,1,25,0,0.2029,0.888889,7885.66
2480,KB3,ARQ,Default,200,2e-05,1,25,0,0.2037,0.888889,7854.69
2481,KB3,ARQ,Default,200,2e-05,1,25,0,0.2042,0.888889,7835.46
2482,KB3,ARQ,Default,200,2e-05,1,25,0,0.205,0.888889,7804.88
2483,KB3,ARQ,Default,200,2e-05,1,25,0,0.2025,0.888889,7901.23
2484,KB3,ARQ,Default,200,2e-05,1,25,0,0.2033,0.888889,7870.14
2485,KB3,ARQ,Default,200,2e-05,1,25,0,0.2051,0.888889,7801.07
2486,KB3,ARQ,Default,200,2e-05,1,25,0,0.2032,0.888889,7874.02
2487,KB3,ARQ,Default,200,2e-05,1,25,0,0.2028,0.888889,7889.55
2488,KB3,ARQ,Default,200,2e-05,1,25,0,0.2022,0.888889,7912.96
2489,KB3,ARQ,Default,200,2e-05,1,25,0,0.205,0.888889,7804.88
2490,KB3,ARQ,Default,200,2e-05,1,25,0,0.2046,0.888889,7820.14
2491,KB3,ARQ,Default,200,2e-05,1,25,0,0.2022,0.888889,7912.96
2492,KB3,ARQ,Default,200,2e-05,1,25,0,0.2031,0.888889,7877.89
2493,KB3,ARQ,Default,200,2e-05,1,25,0,0.2039,0.888889,7846.98
2494,KB3,ARQ,Default,200,2e-05,1,25,0,0.2058,0.888889,7774.54
2495,KB3,ARQ,Default,200,2e-05,1,25,0,0.2015,0.888889,7940.45
2496,KB3,ARQ,Default,200,2e-05,1,25,0,0.213,0.888889,7511.74
2497,KB3,ARQ,Default,200,2e-05,1,25,0,0.198,0.888889,8080.81
2498,KB3,ARQ,Default,200,2e-05,1,25,0,0.1973,0.888889,8109.48
2499,KB3,ARQ,Default,200,2e-05,1,25,0,0.1969,0.888889,8125.95
2500,KB3,ARQ,Default,200,2e-05,1,25,0,0.2009,0.888889,7964.16
2501,KB3,ARQ,Default,200,2e-05,1,25,0,0.2027,0.888889,7893.44
2502,KB3,ARQ,Default,200,2e-05,1,25,0,0.2029,0.888889,7885.66
2503,KB3,ARQ,Default,200,2e-05,1,25,0,0.2032,0.888889,7874.02
2504,KB3,ARQ,Default,200,2e-05,1,25,0,0.2024,0.888889,7905.14
2505,KB3,ARQ,Default,200,2e-05,1,25,0,0.2021,0.888889,7916.87
2506,KB3,ARQ,Default,200,2e-05,1,25,0,0.2041,0.888889,7839.29
2507,KB3,ARQ,Default,200,2e-05,1,25,0,0.2051,0.888889,7801.07
2508,KB3,ARQ,Default,200,2e-05,1,25,0,0.2016,0.888889,7936.51
2509,KB3,ARQ,Default,200,2e-05,1,25,0,0.2022,0.888889,7912.96
2510,KB3,ARQ,Default,200,2e-05,1,25,0,0.2036,0.888889,7858.55
2511,KB3,ARQ,Default,200,2e-05,1,25,0,0.2035,0.888889,7862.41
2512,KB3,ARQ,Default,200,2e-05,1,25,0,0.2037,0.888889,7854.69
2513,KB3,ARQ,Default,200,2e-05,1,25,0,0.2024,0.888889,7905.14
2514,KB3,ARQ,Default,200,2e-05,1,25,0,0.2038,0.888889,7850.83
2515,KB3,ARQ,Default,200,2e-05,1,25,0,0.2031,0.888889,7877.89
2516,KB3,ARQ,Default,200,2e-05,1,25,0,0.203,0.888889,7881.77
2517,KB3,ARQ,Default,200,2e-05,1,25,0,0.2026,0.888889,7897.33
2518,KB3,ARQ,Default,200,2e-05,1,25,0,0.2069,0.888889,7733.2
2519,KB3,ARQ,Default,200,2e-05,1,25,0,0.2048,0.888889,7812.5
2520,KB3,ARQ,Default,200,2e-05,1,25,0,0.202,0.888889,7920.79
2521,KB3,ARQ,Default,200,2e-05,1,25,0,0.2028,0.888889,7889.55
2522,KB3,ARQ,Default,200,2e-05,1,25,0,0.2064,0.888889,7751.94
2523,KB3,ARQ,Default,200,2e-05,1,25,0,0.1992,0.888889,8032.13
2524,KB3,ARQ,Default,200,2e-05,1,25,0,0.1962,0.888889,8154.94
2525,KB3,ARQ,Default,200,2e-05,1,25,0,0.1981,0.888889,8076.73
2526,KB3,ARQ,Default,200,2e-05,1,25,0,0.205,0.888889,7804.88
2527,KB3,ARQ,Default,200,2e-05,1,25,0,0.2045,0.888889,7823.96
2528,KB3,ARQ,Default,200,2e-05,1,25,0,0.2035,0.888889,7862.41
2529,KB3,ARQ,Default,200,2e-05,1,25,0,0.2061,0.888889,7763.22
2530,KB3,ARQ,Default,200,2e-05,1,25,0,0.2027,0.888889,7893.44
2531,KB3,ARQ,Default,200,2e-05,1,25,0,0.2051,0.888889,7801.07
2532,KB3,ARQ,Default,200,2e-05,1,25,0,0.2031,0.888889,7877.89
2533,KB3,ARQ,Default,200,2e-05,1,25,0,0.2056,0.888889,7782.1
2534,KB3,ARQ,Default,200,2e-05,1,25,0,0.2027,0.888889,7893.44
2535,KB3,ARQ,Default,200,2e-05,1,25,0,0.2036,0.888889,7858.55
2536,KB3,ARQ,Default,200,2e-05,1,25,0,0.2022,0.888889,7912.96
2537,KB3,ARQ,Default,200,2e-05,1,25,0,0.2019,0.888889,7924.72
2538,KB3,ARQ,Default,200,2e-05,1,25,0,0.2049,0.888889,7808.69
2539,KB3,ARQ,Default,200,2e-05,1,25,0,0.2044,0.888889,7827.79
2540,KB3,ARQ,Default,200,2e-05,1,25,0,0.2043,0.888889,7831.62
2541,KB3,ARQ,Default,200,2e-05,1,25,0,0.2026,0.888889,7897.33
2542,KB3,ARQ,Default,200,2e-05,1,25,1,0.2073,0.854701,7718.28
2543,KB3,ARQ,Default,200,2e-05,1,25,0,0.2031,0.888889,7877.89
2544,KB3,ARQ,Default,200,2e-05,1,25,0,0.2158,0.888889,7414.27
2545,KB3,ARQ,Default,200,2e-05,1,25,0,0.2038,0.888889,7850.83
2546,KB3,ARQ,Default,200,2e-05,1,25,1,0.2053,0.854701,7793.47
2547,KB3,ARQ,Default,200,2e-05,1,25,0,0.2042,0.888889,7835.46
2548,KB3,ARQ,Default,200,2e-05,1,25,0,0.2023,0.888889,7909.05
2549,KB3,ARQ,Default,200,2e-05,1,25,0,0.2024,0.888889,7905.14
2550,KB3,ARQ,Default,200,2e-05,1,25,0,0.2022,0.888889,7912.96
2551,KB3,ARQ,Default,200,2e-05,1,25,0,0.2061,0.888889,7763.22
2552,KB3,ARQ,Default,200,2e-05,1,25,0,0.2028,0.888889,7889.55
2553,KB3,ARQ,Default,200,2e-05,1,25,0,0.204,0.888889,7843.14
2554,KB3,ARQ,Default,200,2e-05,1,25,0,0.2023,0.888889,7909.05
2555,KB3,ARQ,Default,200,2e-05,1,25,0,0.208,0.888889,7692.31
2556,KB3,ARQ,Default,200,2e-05,1,25,0,0.2033,0.888889,7870.14
2557,KB3,ARQ,Default,200,2e-05,1,25,0,0.201,0.888889,7960.2
2558,KB3,ARQ,Default,200,2e-05,1,25,0,0.2053,0.888889,7793.47
2559,KB3,ARQ,Default,200,2e-05,1,25,0,0.2046,0.888889,7820.14
2560,KB3,ARQ,Default,200,2e-05,1,25,0,0.2026,0.888889,7897.33
2561,KB3,ARQ,Default,200,2e-05,1,25,0,0.2024,0.888889,7905.14
2562,KB3,ARQ,Default,200,2e-05,1,25,0,0.2064,0.888889,7751.94
2563,KB3,ARQ,Default,200,2e-05,1,25,0,0.2048,0.888889,7812.5
2564,KB3,ARQ,Default,200,2e-05,1,25,0,0.2027,0.888889,7893.44
2565,KB3,ARQ,Default,200,2e-05,1,25,0,0.2032,0.888889,7874.02
2566,KB3,ARQ,Default,200,2e-05,1,25,0,0.2052,0.888889,7797.27
2567,KB3,ARQ,Default,200,2e-05,1,25,0,0.2037,0.888889,7854.69
2568,KB3,ARQ,Default,200,2e-05,1,25,0,0.2026,0.888889,7897.33
2569,KB3,ARQ,Default,200,2e-05,1,25,0,0.2034,0.888889,7866.27
2570,KB3,ARQ,Default,200,2e-05,1,25,0,0.2017,0.888889,7932.57
2571,KB3,ARQ,Default,200,2e-05,1,25,0,0.2034,0.888889,7866.27
2572,KB3,ARQ,Default,200,2e-05,1,25,0,0.2018,0.888889,7928.64
2573,KB3,ARQ,Default,200,2e-05,1,25,0,0.2038,0.888889,7850.83
2574,KB3,ARQ,Default,200,2e-05,1,25,0,0.2018,0.888889,7928.64
2575,KB3,ARQ,Default,200,2e-05,1,25,0,0.2046,0.888889,7820.14
2576,KB3,ARQ,Default,200,2e-05,1,25,0,0.2019,0.888889,7924.72
2577,KB3,ARQ,Default,200,2e-05,1,25,0,0.2047,0.888889,7816.32
2578,KB3,ARQ,Default,200,2e-05,1,25,1,0.2063,0.854701,7755.7
2579,KB3,ARQ,Default,200,2e-05,1,25,0,0.2044,0.888889,7827.79
2580,KB3,ARQ,Default,200,2e-05,1,25,0,0.2073,0.888889,7718.28
2581,KB3,ARQ,Default,200,2e-05,1,25,0,0.2019,0.888889,7924.72
2582,KB3,ARQ,Default,200,2e-05,1,25,0,0.2022,0.888889,7912.96
2583,KB3,ARQ,Default,200,2e-05,1,25,0,0.2026,0.888889,7897.33
2584,KB3,ARQ,Default,200,2e-05,1,25,0,0.2069,0.888889,7733.2
2585,KB3,ARQ,Default,200,2e-05,1,25,0,0.2033,0.888889,7870.14
2586,KB3,ARQ,Default,200,2e-05,1,25,0,0.2021,0.888889,7916.87
2587,KB3,ARQ,Default,200,2e-05,1,25,0,0.2041,0.888889,7839.29
2588,KB3,ARQ,Default,200,2e-05,1,25,0,0.2041,0.888889,7839.29
2589,KB3,ARQ,Default,200,2e-05,1,25,0,0.1974,0.888889,8105.37
2590,KB3,ARQ,Default,200,2e-05,1,25,0,0.197,0.888889,8121.83
2591,KB3,ARQ,Default,200,2e-05,1,25,0,0.2027,0.888889,7893.44
2592,KB3,ARQ,Default,200,2e-05,1,25,0,0.2032,0.888889,7874.02
2593,KB3,ARQ,Default,200,2e-05,1,25,0,0.2026,0.888889,7897.33
2594,KB3,ARQ,Default,200,2e-05,1,25,0,0.2032,0.888889,7874.02
2595,KB3,ARQ,Default,200,2e-05,1,25,0,0.2058,0.888889,7774.54
2596,KB3,ARQ,Default,200,2e-05,1,25,0,0.2025,0.888889,7901.23
2597,KB3,ARQ,Default,200,2e-05,1,25,0,0.2033,0.888889,7870.14
2598,KB3,ARQ,Default,200,2e-05,1,25,0,0.2026,0.888889,7897.33
2599,KB3,ARQ,Default,200,2e-05,1,25,0,0.2049,0.888889,7808.69
2600,KB3,ARQ,Default,200,2e-05,1,25,0,0.2043,0.888889,7831.62
2601,KB3,ARQ,Default,200,2e-05,1,25,0,0.2028,0.888889,7889.55
2602,KB3,ARQ,Default,200,2e-05,1,25,0,0.2045,0.888889,7823.96
2603,KB3,ARQ,Default,200,2e-05,1,25,1,0.2079,0.854701,7696.01
2604,KB3,ARQ,Default,200,2e-05,1,25,0,0.2036,0.888889,7858.55
2605,KB3,ARQ,Default,200,2e-05,1,25,0,0.2024,0.888889,7905.14
2606,KB3,ARQ,Default,200,2e-05,1,25,0,0.2103,0.888889,7608.18
2607,KB3,ARQ,Default,200,2e-05,1,25,0,0.1964,0.888889,8146.64
2608,KB3,ARQ,Default,200,2e-05,1,25,0,0.1978,0.888889,8088.98
2609,KB3,ARQ,Default,200,2e-05,1,25,0,0.1982,0.888889,8072.65
2610,KB3,ARQ,Default,200,2e-05,1,25,0,0.2019,0.888889,7924.72
2611,KB3,ARQ,Default,200,2e-05,1,25,1,0.2085,0.854701,7673.86
2612,KB3,ARQ,Default,200,2e-05,1,25,0,0.2036,0.888889,7858.55
2613,KB3,ARQ,Default,200,2e-05,1,25,0,0.2062,0.888889,7759.46
2614,KB3,ARQ,Default,200,2e-05,1,25,0,0.2039,0.888889,7846.98
2615,KB3,ARQ,Default,200,2e-05,1,25,0,0.203,0.888889,7881.77
2616,KB3,ARQ,Default,200,2e-05,1,25,0,0.2057,0.888889,7778.32
2617,KB3,ARQ,Default,200,2e-05,1,25,0,0.2096,0.888889,7633.59
2618,KB3,ARQ,Default,200,2e-05,1,25,0,0.2033,0.888889,7870.14
2619,KB3,ARQ,Default,200,2e-05,1,25,0,0.2021,0.888889,7916.87
2620,KB3,ARQ,Default,200,2e-05,1,25,0,0.2038,0.888889,7850.83
2621,KB3,ARQ,Default,200,2e-05,1,25,0,0.2025,0.888889,7901.23
2622,KB3,ARQ,Default,200,2e-05,1,25,0,0.2024,0.888889,7905.14
2623,KB3,ARQ,Default,200,2e-05,1,25,1,0.2056,0.854701,7782.1
2624,KB3,ARQ,Default,200,2e-05,1,25,0,0.2054,0.888889,7789.68
2625,KB3,ARQ,Default,200,2e-05,1,25,0,0.2028,0.888889,7889.55
2626,KB3,ARQ,Default,200,2e-05,1,25,0,0.2031,0.888889,7877.89
2627,KB3,ARQ,Default,200,2e-05,1,25,0,0.2044,0.888889,7827.79
2628,KB3,ARQ,Default,200,2e-05,1,25,0,0.2051,0.888889,7801.07
2629,KB3,ARQ,Default,200,2e-05,1,25,0,0.2038,0.888889,7850.83
2630,KB3,ARQ,Default,200,2e-05,1,25,0,0.2033,0.888889,7870.14
2631,KB3,ARQ,Default,200,2e-05,1,25,0,0.2037,0.888889,7854.69
2632,KB3,ARQ,Default,200,2e-05,1,25,0,0.204,0.888889,7843.14
2633,KB3,ARQ,Default,200,2e-05,1,25,0,0.2014,0.888889,7944.39
2634,KB3,ARQ,Default,200,2e-05,1,25,0,0.2023,0.888889,7909.05
2635,KB3,ARQ,Default,200,2e-05,1,25,0,0.2045,0.888889,7823.96
2636,KB3,ARQ,Default,200,2e-05,1,25,1,0.2079,0.854701,7696.01
2637,KB3,ARQ,Default,200,2e-05,1,25,0,0.2023,0.888889,7909.05
2638,KB3,ARQ,Default,200,2e-05,1,25,0,0.2022,0.888889,7912.96
2639,KB3,ARQ,Default,200,2e-05,1,25,0,0.2033,0.888889,7870.14
2640,KB3,ARQ,Default,200,2e-05,1,25,0,0.2443,0.888889,6549.32
2641,KB3,ARQ,Default,200,2e-05,1,25,0,0.2023,0.888889,7909.05
2642,KB3,ARQ,Default,200,2e-05,1,25,0,0.2063,0.888889,7755.7
2643,KB3,ARQ,Default,200,2e-05,1,25,0,0.2022,0.888889,7912.96
2644,KB3,ARQ,Default,200,2e-05,1,25,0,0.2046,0.888889,7820.14
2645,KB3,ARQ,Default,200,2e-05,1,25,0,0.2016,0.888889,7936.51
2646,KB3,ARQ,Default,200,2e-05,1,25,0,0.2136,0.888889,7490.64
2647,KB3,ARQ,Default,200,2e-05,1,25,0,0.2033,0.888889,7870.14
2648,KB3,ARQ,Default,200,2e-05,1,25,0,0.203,0.888889,7881.77
2649,KB3,ARQ,Default,200,2e-05,1,25,0,0.2049,0.888889,7808.69
2650,KB3,ARQ,Default,200,2e-05,1,25,0,0.2038,0.888889,7850.83
2651,KB3,ARQ,Default,200,2e-05,1,25,0,0.2042,0.888889,7835.46
2652,KB3,ARQ,Default,200,2e-05,1,25,0,0.204,0.888889,7843.14
2653,KB3,ARQ,Default,200,2e-05,1,25,0,0.2042,0.888889,7835.46
2654,KB3,ARQ,Default,200,2e-05,1,25,0,0.2034,0.888889,7866.27
2655,KB3,ARQ,Default,200,2e-05,1,25,0,0.2015,0.888889,7940.45
2656,KB3,ARQ,Default,200,2e-05,1,25,0,0.1991,0.888889,8036.16
2657,KB3,ARQ,Default,200,2e-05,1,25,0,0.2041,0.888889,7839.29
2658,KB3,ARQ,Default,200,2e-05,1,25,0,0.1981,0.888889,8076.73
2659,KB3,ARQ,Default,200,2e-05,1,25,0,0.196,0.888889,8163.27
2660,KB3,ARQ,Default,200,2e-05,1,25,0,0.199,0.888889,8040.2
2661,KB3,ARQ,Default,200,2e-05,1,25,0,0.2051,0.888889,7801.07
2662,KB3,ARQ,Default,200,2e-05,1,25,0,0.2026,0.888889,7897.33
2663,KB3,ARQ,Default,200,2e-05,1,25,1,0.2063,0.854701,7755.7
2664,KB3,ARQ,Default,200,2e-05,1,25,0,0.2066,0.888889,7744.43
2665,KB3,ARQ,Default,200,2e-05,1,25,1,0.2088,0.854701,7662.84
2666,KB3,ARQ,Default,200,2e-05,1,25,0,0.2027,0.888889,7893.44
2667,KB3,ARQ,Default,200,2e-05,1,25,0,0.2039,0.888889,7846.98
2668,KB3,ARQ,Default,200,2e-05,1,25,0,0.2109,0.888889,7586.53
2669,KB3,ARQ,Default,200,2e-05,1,25,0,0.2063,0.888889,7755.7
2670,KB3,ARQ,Default,200,2e-05,1,25,0,0.1963,0.888889,8150.79
2671,KB3,ARQ,Default,200,2e-05,1,25,0,0.1995,0.888889,8020.05
2672,KB3,ARQ,Default,200,2e-05,1,25,0,0.2045,0.888889,7823.96
2673,KB3,ARQ,Default,200,2e-05,1,25,0,0.2018,0.888889,7928.64
2674,KB3,ARQ,Default,200,2e-05,1,25,0,0.202,0.888889,7920.79
2675,KB3,ARQ,Default,200,2e-05,1,25,0,0.205,0.888889,7804.88
2676,KB3,ARQ,Default,200,2e-05,1,25,0,0.2042,0.888889,7835.46
2677,KB3,ARQ,Default,200,2e-05,1,25,0,0.204,0.888889,7843.14
2678,KB3,ARQ,Default,200,2e-05,1,25,0,0.2027,0.888889,7893.44
2679,KB3,ARQ,Default,200,2e-05,1,25,0,0.2053,0.888889,7793.47
2680,KB3,ARQ,Default,200,2e-05,1,25,0,0.2046,0.888889,7820.14
2681,KB3,ARQ,Default,200,2e-05,1,25,0,0.2032,0.888889,7874.02
2682,KB3,ARQ,Default,200,2e-05,1,25,0,0.2052,0.888889,7797.27
2683,KB3,ARQ,Default,200,2e-05,1,25,0,0.2019,0.888889,7924.72
2684,KB3,ARQ,Default,200,2e-05,1,25,0,0.2028,0.888889,7889.55
2685,KB3,ARQ,Default,200,2e-05,1,25,0,0.2045,0.888889,7823.96
2686,KB3,ARQ,Default,200,2e-05,1,25,0,0.2052,0.888889,7797.27
2687,KB3,ARQ,Default,200,2e-05,1,25,0,0.2015,0.888889,7940.45
2688,KB3,ARQ,Default,200,2e-05,1,25,0,0.2036,0.888889,7858.55
2689,KB3,ARQ,Default,200,2e-05,1,25,1,0.2063,0.854701,7755.7
2690,KB3,ARQ,Default,200,2e-05,1,25,0,0.2027,0.888889,7893.44
2691,KB3,ARQ,Default,200,2e-05,1,25,1,0.2067,0.854701,7740.69
2692,KB3,ARQ,Default,200,2e-05,1,25,0,0.2011,0.888889,7956.24
2693,KB3,ARQ,Default,200,2e-05,1,25,0,0.2077,0.888889,7703.42
2694,KB3,ARQ,Default,200,2e-05,1,25,0,0.2031,0.888889,7877.89
2695,KB3,ARQ,Default,200,2e-05,1,25,0,0.201,0.888889,7960.2
2696,KB3,ARQ,Default,200,2e-05,1,25,0,0.2032,0.888889,7874.02
2697,KB3,ARQ,Default,200,2e-05,1,25,0,0.207,0.888889,7729.47
2698,KB3,ARQ,Default,200,2e-05,1,25,1,0.2063,0.854701,7755.7
2699,KB3,ARQ,Default,200,2e-05,1,25,0,0.2011,0.888889,7956.24
2700,KB3,ARQ,Default,200,2e-05,1,25,0,0.2086,0.888889,7670.18
2701,KB3,ARQ,Default,200,2e-05,1,25,0,0.2042,0.888889,7835.46
2702,KB3,ARQ,Default,200,2e-05,1,25,0,0.2037,0.888889,7854.69
2703,KB3,ARQ,Default,200,2e-05,1,25,0,0.2027,0.888889,7893.44
2704,KB3,ARQ,Default,200,2e-05,1,25,0,0.2068,0.888889,7736.94
2705,KB3,ARQ,Default,200,2e-05,1,25,0,0.2046,0.888889,7820.14
2706,KB3,ARQ,Default,200,2e-05,1,25,0,0.202,0.888889,7920.79
2707,KB3,ARQ,Default,200,2e-05,1,25,0,0.2024,0.888889,7905.14
2708,KB3,ARQ,Default,200,2e-05,1,25,0,0.2061,0.888889,7763.22
2709,KB3,ARQ,Default,200,2e-05,1,25,0,0.205,0.888889,7804.88
2710,KB3,ARQ,Default,200,2e-05,1,25,0,0.2038,0.888889,7850.83
2711,KB3,ARQ,Default,200,2e-05,1,25,0,0.2029,0.888889,7885.66
2712,KB3,ARQ,Default,200,2e-05,1,25,0,0.203,0.888889,7881.77
2713,KB3,ARQ,Default,200,2e-05,1,25,0,0.2045,0.888889,7823.96
2714,KB3,ARQ,Default,200,2e-05,1,25,0,0.2037,0.888889,7854.69
2715,KB3,ARQ,Default,200,2e-05,1,25,0,0.2159,0.888889,7410.84
2716,KB3,ARQ,Default,200,2e-05,1,25,0,0.1977,0.888889,8093.07
2717,KB3,ARQ,Default,200,2e-05,1,25,0,0.1981,0.888889,8076.73
2718,KB3,ARQ,Default,200,2e-05,1,25,0,0.1974,0.888889,8105.37
2719,KB3,ARQ,Default,200,2e-05,1,25,0,0.2025,0.888889,7901.23
2720,KB3,ARQ,Default,200,2e-05,1,25,0,0.2024,0.888889,7905.14
2721,KB3,ARQ,Default,200,2e-05,1,25,0,0.204,0.888889,7843.14
2722,KB3,ARQ,Default,200,2e-05,1,25,0,0.1977,0.888889,8093.07
2723,KB3,ARQ,Default,200,2e-05,1,25,0,0.202,0.888889,7920.79
2724,KB3,ARQ,Default,200,2e-05,1,25,0,0.203,0.888889,7881.77
2725,KB3,ARQ,Default,200,2e-05,1,25,0,0.2042,0.888889,7835.46
2726,KB3,ARQ,Default,200,2e-05,1,25,0,0.206,0.888889,7766.99
2727,KB3,ARQ,Default,200,2e-05,1,25,0,0.2026,0.888889,7897.33
2728,KB3,ARQ,Default,200,2e-05,1,25,0,0.2024,0.888889,7905.14
2729,KB3,ARQ,Default,200,2e-05,1,25,0,0.2049,0.888889,7808.69
2730,KB3,ARQ,Default,200,2e-05,1,25,0,0.2066,0.888889,7744.43
2731,KB3,ARQ,Default,200,2e-05,1,25,0,0.2016,0.888889,7936.51
2732,KB3,ARQ,Default,200,2e-05,1,25,0,0.2026,0.888889,7897.33
2733,KB3,ARQ,Default,200,2e-05,1,25,0,0.2035,0.888889,7862.41
2734,KB3,ARQ,Default,200,2e-05,1,25,0,0.2042,0.888889,7835.46
2735,KB3,ARQ,Default,200,2e-05,1,25,0,0.2041,0.888889,7839.29
2736,KB3,ARQ,Default,200,2e-05,1,25,0,0.2032,0.888889,7874.02
2737,KB3,ARQ,Default,200,2e-05,1,25,0,0.2067,0.888889,7740.69
2738,KB3,ARQ,Default,200,2e-05,1,25,0,0.2035,0.888889,7862.41
2739,KB3,ARQ,Default,200,2e-05,1,25,0,0.2025,0.888889,7901.23
2740,KB3,ARQ,Default,200,2e-05,1,25,0,0.2036,0.888889,7858.55
2741,KB3,ARQ,Default,200,2e-05,1,25,0,0.2068,0.888889,7736.94
2742,KB3,ARQ,Default,200,2e-05,1,25,0,0.2031,0.888889,7877.89
2743,KB3,ARQ,Default,200,2e-05,1,25,0,0.2022,0.888889,7912.96
2744,KB3,ARQ,Default,200,2e-05,1,25,0,0.2024,0.888889,7905.14
2745,KB3,ARQ,Default,200,2e-05,1,25,0,0.2036,0.888889,7858.55
2746,KB3,ARQ,Default,200,2e-05,1,25,0,0.2048,0.888889,7812.5
2747,KB3,ARQ,Default,200,2e-05,1,25,0,0.2024,0.888889,7905.14
2748,KB3,ARQ,Default,200,2e-05,1,25,0,0.2055,0.888889,7785.89
2749,KB3,ARQ,Default,200,2e-05,1,25,0,0.2043,0.888889,7831.62
2750,KB3,ARQ,Default,200,2e-05,1,25,0,0.2045,0.888889,7823.96
2751,KB3,ARQ,Default,200,2e-05,1,25,0,0.2043,0.888889,7831.62
2752,KB3,ARQ,Default,200,2e-05,1,25,0,0.2046,0.888889,7820.14
2753,KB3,ARQ,Default,200,2e-05,1,25,0,0.2045,0.888889,7823.96
2754,KB3,ARQ,Default,200,2e-05,1,25,0,0.2047,0.888889,7816.32
2755,KB3,ARQ,Default,200,2e-05,1,25,0,0.2051,0.888889,7801.07
2756,KB3,ARQ,Default,200,2e-05,1,25,0,0.2041,0.888889,7839.29
2757,KB3,ARQ,Default,200,2e-05,1,25,0,0.2027,0.888889,7893.44
2758,KB3,ARQ,Default,200,2e-05,1,25,0,0.2034,0.888889,7866.27
2759,KB3,ARQ,Default,200,2e-05,1,25,0,0.2031,0.888889,7877.89
2760,KB3,ARQ,Default,200,2e-05,1,25,0,0.2031,0.888889,7877.89
2761,KB3,ARQ,Default,200,2e-05,1,25,0,0.2031,0.888889,7877.89
2762,KB3,ARQ,Default,200,2e-05,1,25,0,0.203,0.888889,7881.77
2763,KB3,ARQ,Default,200,2e-05,1,25,0,0.2071,0.888889,7725.74
2764,KB3,ARQ,Default,200,2e-05,1,25,0,0.2037,0.888889,7854.69
2765,KB3,ARQ,Default,200,2e-05,1,25,0,0.2023,0.888889,7909.05
2766,KB3,ARQ,Default,200,2e-05,1,25,0,0.2064,0.888889,7751.94
2767,KB3,ARQ,Default,200,2e-05,1,25,0,0.2038,0.888889,7850.83
2768,KB3,ARQ,Default,200,2e-05,1,25,0,0.2032,0.888889,7874.02
2769,KB3,ARQ,Default,200,2e-05,1,25,0,0.2027,0.888889,7893.44
2770,KB3,ARQ,Default,200,2e-05,1,25,0,0.2073,0.888889,7718.28
2771,KB3,ARQ,Default,200,2e-05,1,25,0,0.2027,0.888889,7893.44
2772,KB3,ARQ,Default,200,2e-05,1,25,0,0.2026,0.888889,7897.33
2773,KB3,ARQ,Default,200,2e-05,1,25,0,0.2029,0.888889,7885.66
2774,KB3,ARQ,Default,200,2e-05,1,25,0,0.2042,0.888889,7835.46
2775,KB3,ARQ,Default,200,2e-05,1,25,0,0.2033,0.888889,7870.14
2776,KB3,ARQ,Default,200,2e-05,1,25,0,0.2033,0.888889,7870.14
2777,KB3,ARQ,Default,200,2e-05,1,25,0,0.205,0.888889,7804.88
2778,KB3,ARQ,Default,200,2e-05,1,25,0,0.2024,0.888889,7905.14
2779,KB3,ARQ,Default,200,2e-05,1,25,0,0.2025,0.888889,7901.23
2780,KB3,ARQ,Default,200,2e-05,1,25,0,0.2018,0.888889,7928.64
2781,KB3,ARQ,Default,200,2e-05,1,25,0,0.2073,0.888889,7718.28
2782,KB3,ARQ,Default,200,2e-05,1,25,0,0.2036,0.888889,7858.55
2783,KB3,ARQ,Default,200,2e-05,1,25,0,0.2026,0.888889,7897.33
2784,KB3,ARQ,Default,200,2e-05,1,25,0,0.2031,0.888889,7877.89
2785,KB3,ARQ,Default,200,2e-05,1,25,0,0.2029,0.888889,7885.66
2786,KB3,ARQ,Default,200,2e-05,1,25,0,0.2036,0.888889,7858.55
2787,KB3,ARQ,Default,200,2e-05,1,25,0,0.2033,0.888889,7870.14
2788,KB3,ARQ,Default,200,2e-05,1,25,0,0.2021,0.888889,7916.87
2789,KB3,ARQ,Default,200,2e-05,1,25,0,0.203,0.888889,7881.77
2790,KB3,ARQ,Default,200,2e-05,1,25,0,0.2027,0.888889,7893.44
2791,KB3,ARQ,Default,200,2e-05,1,25,0,0.2023,0.888889,7909.05
2792,KB3,ARQ,Default,200,2e-05,1,25,0,0.2036,0.888889,7858.55
2793,KB3,ARQ,Default,200,2e-05,1,25,0,0.2038,0.888889,7850.83
2794,KB3,ARQ,Default,200,2e-05,1,25,0,0.2044,0.888889,7827.79
2795,KB3,ARQ,Default,200,2e-05,1,25,0,0.2061,0.888889,7763.22
2796,KB3,ARQ,Default,200,2e-05,1,25,0,0.2037,0.888889,7854.69
2797,KB3,ARQ,Default,200,2e-05,1,25,0,0.2039,0.888889,7846.98
2798,KB3,ARQ,Default,200,2e-05,1,25,0,0.2047,0.888889,7816.32
2799,KB3,ARQ,Default,200,2e-05,1,25,0,0.2057,0.888889,7778.32
2800,KB3,ARQ,Default,200,2e-05,1,25,0,0.2036,0.888889,7858.55
2801,KB3,ARQ,Default,200,2e-05,1,25,0,0.2025,0.888889,7901.23
2802,KB3,ARQ,Default,200,2e-05,1,25,0,0.203,0.888889,7881.77
2803,KB3,ARQ,Default,200,2e-05,1,25,0,0.203,0.888889,7881.77
2804,KB3,ARQ,Default,200,2e-05,1,25,0,0.2016,0.888889,7936.51
2805,KB3,ARQ,Default,200,2e-05,1,25,0,0.2012,0.888889,7952.29
2806,KB3,ARQ,Default,200,2e-05,1,25,0,0.2067,0.888889,7740.69
2807,KB3,ARQ,Default,200,2e-05,1,25,0,0.2046,0.888889,7820.14
2808,KB3,ARQ,Default,200,2e-05,1,25,0,0.2034,0.888889,7866.27
2809,KB3,ARQ,Default,200,2e-05,1,25,0,0.2044,0.888889,7827.79
2810,KB3,ARQ,Default,200,2e-05,1,25,0,0.2075,0.888889,7710.84
2811,KB3,ARQ,Default,200,2e-05,1,25,0,0.2031,0.888889,7877.89
2812,KB3,ARQ,Default,200,2e-05,1,25,0,0.2032,0.888889,7874.02
2813,KB3,ARQ,Default,200,2e-05,1,25,0,0.203,0.888889,7881.77
2814,KB3,ARQ,Default,200,2e-05,1,25,0,0.2034,0.888889,7866.27
2815,KB3,ARQ,Default,200,2e-05,1,25,0,0.2038,0.888889,7850.83
2816,KB3,ARQ,Default,200,2e-05,1,25,0,0.203,0.888889,7881.77
2817,KB3,ARQ,Default,200,2e-05,1,25,0,0.2047,0.888889,7816.32
2818,KB3,ARQ,Default,200,2e-05,1,25,0,0.2033,0.888889,7870.14
2819,KB3,ARQ,Default,200,2e-05,1,25,0,0.2032,0.888889,7874.02
2820,KB3,ARQ,Default,200,2e-05,1,25,0,0.2021,0.888889,7916.87
2821,KB3,ARQ,Default,200,2e-05,1,25,0,0.2066,0.888889,7744.43
2822,KB3,ARQ,Default,200,2e-05,1,25,0,0.2017,0.888889,7932.57
2823,KB3,ARQ,Default,200,2e-05,1,25,0,0.2429,0.888889,6587.07
2824,KB3,ARQ,Default,200,2e-05,1,25,0,0.2151,0.888889,7438.4
2825,KB3,ARQ,Default,200,2e-05,1,25,0,0.1978,0.888889,8088.98
2826,KB3,ARQ,Default,200,2e-05,1,25,0,0.196,0.888889,8163.27
2827,KB3,ARQ,Default,200,2e-05,1,25,0,0.198,0.888889,8080.81
2828,KB3,ARQ,Default,200,2e-05,1,25,0,0.2005,0.888889,7980.05
2829,KB3,ARQ,Default,200,2e-05,1,25,0,0.2042,0.888889,7835.46
2830,KB3,ARQ,Default,200,2e-05,1,25,0,0.2006,0.888889,7976.07
2831,KB3,ARQ,Default,200,2e-05,1,25,0,0.2043,0.888889,7831.62
2832,KB3,ARQ,Default,200,2e-05,1,25,0,0.2045,0.888889,7823.96
2833,KB3,ARQ,Default,200,2e-05,1,25,0,0.2039,0.888889,7846.98
2834,KB3,ARQ,Default,200,2e-05,1,25,0,0.2025,0.888889,7901.23
2835,KB3,ARQ,Default,200,2e-05,1,25,0,0.2071,0.888889,7725.74
2836,KB3,ARQ,Default,200,2e-05,1,25,0,0.2025,0.888889,7901.23
2837,KB3,ARQ,Default,200,2e-05,1,25,0,0.204,0.888889,7843.14
2838,KB3,ARQ,Default,200,2e-05,1,25,0,0.2005,0.888889,7980.05
2839,KB3,ARQ,Default,200,2e-05,1,25,0,0.206,0.888889,7766.99
2840,KB3,ARQ,Default,200,2e-05,1,25,0,0.203,0.888889,7881.77
2841,KB3,ARQ,Default,200,2e-05,1,25,0,0.2022,0.888889,7912.96
2842,KB3,ARQ,Default,200,2e-05,1,25,0,0.2031,0.888889,7877.89
2843,KB3,ARQ,Default,200,2e-05,1,25,0,0.2122,0.888889,7540.06
2844,KB3,ARQ,Default,200,2e-05,1,25,0,0.2019,0.888889,7924.72
2845,KB3,ARQ,Default,200,2e-05,1,25,0,0.2032,0.888889,7874.02
2846,KB3,ARQ,Default,200,2e-05,1,25,0,0.2051,0.888889,7801.07
2847,KB3,ARQ,Default,200,2e-05,1,25,0,0.2027,0.888889,7893.44
2848,KB3,ARQ,Default,200,2e-05,1,25,0,0.2028,0.888889,7889.55
2849,KB3,ARQ,Default,200,2e-05,1,25,0,0.203,0.888889,7881.77
2850,KB3,ARQ,Default,200,2e-05,1,25,0,0.2037,0.888889,7854.69
2851,KB3,ARQ,Default,200,2e-05,1,25,0,0.2034,0.888889,7866.27
2852,KB3,ARQ,Default,200,2e-05,1,25,0,0.2033,0.888889,7870.14
2853,KB3,ARQ,Default,200,2e-05,1,25,0,0.2022,0.888889,7912.96
2854,KB3,ARQ,Default,200,2e-05,1,25,0,0.2035,0.888889,7862.41
2855,KB3,ARQ,Default,200,2e-05,1,25,0,0.2027,0.888889,7893.44
2856,KB3,ARQ,Default,200,2e-05,1,25,0,0.2029,0.888889,7885.66
2857,KB3,ARQ,Default,200,2e-05,1,25,0,0.2054,0.888889,7789.68
2858,KB3,ARQ,Default,200,2e-05,1,25,0,0.2019,0.888889,7924.72
2859,KB3,ARQ,Default,200,2e-05,1,25,0,0.2045,0.888889,7823.96
2860,KB3,ARQ,Default,200,2e-05,1,25,0,0.2027,0.888889,7893.44
2861,KB3,ARQ,Default,200,2e-05,1,25,0,0.206,0.888889,7766.99
2862,KB3,ARQ,Default,200,2e-05,1,25,0,0.203,0.888889,7881.77
2863,KB3,ARQ,Default,200,2e-05,1,25,0,0.2039,0.888889,7846.98
2864,KB3,ARQ,Default,200,2e-05,1,25,0,0.2017,0.888889,7932.57
2865,KB3,ARQ,Default,200,2e-05,1,25,0,0.2014,0.888889,7944.39
2866,KB3,ARQ,Default,200,2e-05,1,25,0,0.2023,0.888889,7909.05
2867,KB3,ARQ,Default,200,2e-05,1,25,0,0.2042,0.888889,7835.46
2868,KB3,ARQ,Default,200,2e-05,1,25,0,0.2065,0.888889,7748.18
2869,KB3,ARQ,Default,200,2e-05,1,25,0,0.2023,0.888889,7909.05
2870,KB3,ARQ,Default,200,2e-05,1,25,0,0.2027,0.888889,7893.44
2871,KB3,ARQ,Default,200,2e-05,1,25,0,0.2049,0.888889,7808.69
2872,KB3,ARQ,Default,200,2e-05,1,25,0,0.2079,0.888889,7696.01
2873,KB3,ARQ,Default,200,2e-05,1,25,0,0.2023,0.888889,7909.05
2874,KB3,ARQ,Default,200,2e-05,1,25,0,0.2024,0.888889,7905.14
2875,KB3,ARQ,Default,200,2e-05,1,25,0,0.202,0.888889,7920.79
2876,KB3,ARQ,Default,200,2e-05,1,25,0,0.2047,0.888889,7816.32
2877,KB3,ARQ,Default,200,2e-05,1,25,0,0.202,0.888889,7920.79
2878,KB3,ARQ,Default,200,2e-05,1,25,0,0.2032,0.888889,7874.02
2879,KB3,ARQ,Default,200,2e-05,1,25,0,0.2067,0.888889,7740.69
2880,KB3,ARQ,Default,200,2e-05,1,25,0,0.2037,0.888889,7854.69
2881,KB3,ARQ,Default,200,2e-05,1,25,0,0.2027,0.888889,7893.44
2882,KB3,ARQ,Default,200,2e-05,1,25,0,0.2029,0.888889,7885.66
2883,KB3,ARQ,Default,200,2e-05,1,25,0,0.2128,0.888889,7518.8
2884,KB3,ARQ,Default,200,2e-05,1,25,0,0.205,0.888889,7804.88
2885,KB3,ARQ,Default,200,2e-05,1,25,0,0.2029,0.888889,7885.66
2886,KB3,ARQ,Default,200,2e-05,1,25,0,0.2043,0.888889,7831.62
2887,KB3,ARQ,Default,200,2e-05,1,25,0,0.202,0.888889,7920.79
2888,KB3,ARQ,Default,200,2e-05,1,25,0,0.2032,0.888889,7874.02
2889,KB3,ARQ,Default,200,2e-05,1,25,0,0.2031,0.888889,7877.89
2890,KB3,ARQ,Default,200,2e-05,1,25,0,0.206,0.888889,7766.99
2891,KB3,ARQ,Default,200,2e-05,1,25,0,0.2034,0.888889,7866.27
2892,KB3,ARQ,Default,200,2e-05,1,25,0,0.2057,0.888889,7778.32
2893,KB3,ARQ,Default,200,2e-05,1,25,0,0.2024,0.888889,7905.14
2894,KB3,ARQ,Default,200,2e-05,1,25,0,0.2058,0.888889,7774.54
2895,KB3,ARQ,Default,200,2e-05,1,25,0,0.2027,0.888889,7893.44
2896,KB3,ARQ,Default,200,2e-05,1,25,0,0.2039,0.888889,7846.98
2897,KB3,ARQ,Default,200,2e-05,1,25,0,0.2041,0.888889,7839.29
2898,KB3,ARQ,Default,200,2e-05,1,25,0,0.2027,0.888889,7893.44
2899,KB3,ARQ,Default,200,2e-05,1,25,0,0.2031,0.888889,7877.89
2900,KB3,ARQ,Default,200,2e-05,1,25,0,0.2035,0.888889,7862.41
2901,KB3,ARQ,Default,200,2e-05,1,25,0,0.2038,0.888889,7850.83
2902,KB3,ARQ,Default,200,2e-05,1,25,0,0.2021,0.888889,7916.87
2903,KB3,ARQ,Default,200,2e-05,1,25,0,0.2035,0.888889,7862.41
2904,KB3,ARQ,Default,200,2e-05,1,25,0,0.2041,0.888889,7839.29
2905,KB3,ARQ,Default,200,2e-05,1,25,0,0.2024,0.888889,7905.14
2906,KB3,ARQ,Default,200,2e-05,1,25,0,0.2031,0.888889,7877.89
2907,KB3,ARQ,Default,200,2e-05,1,25,0,0.2026,0.888889,7897.33
2908,KB3,ARQ,Default,200,2e-05,1,25,0,0.2064,0.888889,7751.94
2909,KB3,ARQ,Default,200,2e-05,1,25,0,0.2039,0.888889,7846.98
2910,KB3,ARQ,Default,200,2e-05,1,25,0,0.2021,0.888889,7916.87
2911,KB3,ARQ,Default,200,2e-05,1,25,0,0.2028,0.888889,7889.55
2912,KB3,ARQ,Default,200,2e-05,1,25,0,0.2049,0.888889,7808.69
2913,KB3,ARQ,Default,200,2e-05,1,25,0,0.2036,0.888889,7858.55
2914,KB3,ARQ,Default,200,2e-05,1,25,0,0.2026,0.888889,7897.33
2915,KB3,ARQ,Default,200,2e-05,1,25,0,0.2023,0.888889,7909.05
2916,KB3,ARQ,Default,200,2e-05,1,25,0,0.2029,0.888889,7885.66
2917,KB3,ARQ,Default,200,2e-05,1,25,0,0.2023,0.888889,7909.05
2918,KB3,ARQ,Default,200,2e-05,1,25,0,0.2024,0.888889,7905.14
2919,KB3,ARQ,Default,200,2e-05,1,25,0,0.2053,0.888889,7793.47
2920,KB3,ARQ,Default,200,2e-05,1,25,0,0.203,0.888889,7881.77
2921,KB3,ARQ,Default,200,2e-05,1,25,0,0.1988,0.888889,8048.29
2922,KB3,ARQ,Default,200,2e-05,1,25,0,0.1978,0.888889,8088.98
2923,KB3,ARQ,Default,200,2e-05,1,25,1,0.2047,0.854701,7816.32
2924,KB3,ARQ,Default,200,2e-05,1,25,0,0.2043,0.888889,7831.62
2925,KB3,ARQ,Default,200,2e-05,1,25,0,0.2036,0.888889,7858.55
2926,KB3,ARQ,Default,200,2e-05,1,25,0,0.2024,0.888889,7905.14
2927,KB3,ARQ,Default,200,2e-05,1,25,0,0.2021,0.888889,7916.87
2928,KB3,ARQ,Default,200,2e-05,1,25,0,0.2025,0.888889,7901.23
2929,KB3,ARQ,Default,200,2e-05,1,25,0,0.2035,0.888889,7862.41
2930,KB3,ARQ,Default,200,2e-05,1,25,0,0.2048,0.888889,7812.5
2931,KB3,ARQ,Default,200,2e-05,1,25,0,0.2032,0.888889,7874.02
2932,KB3,ARQ,Default,200,2e-05,1,25,0,0.2039,0.888889,7846.98
2933,KB3,ARQ,Default,200,2e-05,1,25,0,0.2045,0.888889,7823.96
2934,KB3,ARQ,Default,200,2e-05,1,25,0,0.2039,0.888889,7846.98
2935,KB3,ARQ,Default,200,2e-05,1,25,0,0.2032,0.888889,7874.02
2936,KB3,ARQ,Default,200,2e-05,1,25,0,0.2044,0.888889,7827.79
2937,KB3,ARQ,Default,200,2e-05,1,25,0,0.2036,0.888889,7858.55
2938,KB3,ARQ,Default,200,2e-05,1,25,0,0.1975,0.888889,8101.27
2939,KB3,ARQ,Default,200,2e-05,1,25,0,0.1967,0.888889,8134.21
2940,KB3,ARQ,Default,200,2e-05,1,25,0,0.1981,0.888889,8076.73
2941,KB3,ARQ,Default,200,2e-05,1,25,1,0.204,0.854701,7843.14
2942,KB3,ARQ,Default,200,2e-05,1,25,0,0.2041,0.888889,7839.29
2943,KB3,ARQ,Default,200,2e-05,1,25,0,0.203,0.888889,7881.77
2944,KB3,ARQ,Default,200,2e-05,1,25,0,0.2033,0.888889,7870.14
2945,KB3,ARQ,Default,200,2e-05,1,25,0,0.2069,0.888889,7733.2
2946,KB3,ARQ,Default,200,2e-05,1,25,0,0.2028,0.888889,7889.55
2947,KB3,ARQ,Default,200,2e-05,1,25,0,0.2167,0.888889,7383.48
2948,KB3,ARQ,Default,200,2e-05,1,25,0,0.2071,0.888889,7725.74
2949,KB3,ARQ,Default,200,2e-05,1,25,0,0.2048,0.888889,7812.5
2950,KB3,ARQ,Default,200,2e-05,1,25,0,0.2028,0.888889,7889.55
2951,KB3,ARQ,Default,200,2e-05,1,25,1,0.205,0.854701,7804.88
2952,KB3,ARQ,Default,200,2e-05,1,25,0,0.2065,0.888889,7748.18
2953,KB3,ARQ,Default,200,2e-05,1,25,0,0.2029,0.888889,7885.66
2954,KB3,ARQ,Default,200,2e-05,1,25,0,0.2032,0.888889,7874.02
2955,KB3,ARQ,Default,200,2e-05,1,25,0,0.2033,0.888889,7870.14
2956,KB3,ARQ,Default,200,2e-05,1,25,0,0.2039,0.888889,7846.98
2957,KB3,ARQ,Default,200,2e-05,1,25,0,0.2047,0.888889,7816.32
2958,KB3,ARQ,Default,200,2e-05,1,25,0,0.2025,0.888889,7901.23
2959,KB3,ARQ,Default,200,2e-05,1,25,0,0.2064,0.888889,7751.94
2960,KB3,ARQ,Default,200,2e-05,1,25,0,0.2027,0.888889,7893.44
2961,KB3,ARQ,Default,200,2e-05,1,25,0,0.2036,0.888889,7858.55
2962,KB3,ARQ,Default,200,2e-05,1,25,0,0.2029,0.888889,7885.66
2963,KB3,ARQ,Default,200,2e-05,1,25,0,0.2044,0.888889,7827.79
2964,KB3,ARQ,Default,200,2e-05,1,25,0,0.202,0.888889,7920.79
2965,KB3,ARQ,Default,200,2e-05,1,25,0,0.2043,0.888889,7831.62
2966,KB3,ARQ,Default,200,2e-05,1,25,0,0.2026,0.888889,7897.33
2967,KB3,ARQ,Default,200,2e-05,1,25,0,0.2052,0.888889,7797.27
2968,KB3,ARQ,Default,200,2e-05,1,25,0,0.2032,0.888889,7874.02
2969,KB3,ARQ,Default,200,2e-05,1,25,0,0.2052,0.888889,7797.27
2970,KB3,ARQ,Default,200,2e-05,1,25,0,0.2067,0.888889,7740.69
2971,KB3,ARQ,Default,200,2e-05,1,25,0,0.2019,0.888889,7924.72
2972,KB3,ARQ,Default,200,2e-05,1,25,0,0.2039,0.888889,7846.98
2973,KB3,ARQ,Default,200,2e-05,1,25,0,0.2044,0.888889,7827.79
2974,KB3,ARQ,Default,200,2e-05,1,25,0,0.2037,0.888889,7854.69
2975,KB3,ARQ,Default,200,2e-05,1,25,1,0.207,0.854701,7729.47
2976,KB3,ARQ,Default,200,2e-05,1,25,1,0.205,0.854701,7804.88
2977,KB3,ARQ,Default,200,2e-05,1,25,0,0.2035,0.888889,7862.41
2978,KB3,ARQ,Default,200,2e-05,1,25,0,0.2031,0.888889,7877.89
2979,KB3,ARQ,Default,200,2e-05,1,25,0,0.2037,0.888889,7854.69
2980,KB3,ARQ,Default,200,2e-05,1,25,0,0.2033,0.888889,7870.14
2981,KB3,ARQ,Default,200,2e-05,1,25,1,0.2101,0.854701,7615.42
2982,KB3,ARQ,Default,200,2e-05,1,25,0,0.2044,0.888889,7827.79
2983,KB3,ARQ,Default,200,2e-05,1,25,0,0.203,0.888889,7881.77
2984,KB3,ARQ,Default,200,2e-05,1,25,0,0.2027,0.888889,7893.44
2985,KB3,ARQ,Default,200,2e-05,1,25,0,0.2076,0.888889,7707.13
2986,KB3,ARQ,Default,200,2e-05,1,25,0,0.2028,0.888889,7889.55
2987,KB3,ARQ,Default,200,2e-05,1,25,0,0.1978,0.888889,8088.98
2988,KB3,ARQ,Default,200,2e-05,1,25,0,0.1979,0.888889,8084.89
2989,KB3,ARQ,Default,200,2e-05,1,25,0,0.2034,0.888889,7866.27
2990,KB3,ARQ,Default,200,2e-05,1,25,0,0.2016,0.888889,7936.51
2991,KB3,ARQ,Default,200,2e-05,1,25,0,0.2023,0.888889,7909.05
2992,KB3,ARQ,Default,200,2e-05,1,25,0,0.2055,0.888889,7785.89
2993,KB3,ARQ,Default,200,2e-05,1,25,0,0.2044,0.888889,7827.79
2994,KB3,ARQ,Default,200,2e-05,1,25,0,0.2033,0.888889,7870.14
2995,KB3,ARQ,Default,200,2e-05,1,25,0,0.2019,0.888889,7924.72
2996,KB3,ARQ,Default,200,2e-05,1,25,0,0.2046,0.888889,7820.14
2997,KB3,ARQ,Default,200,2e-05,1,25,0,0.2039,0.888889,7846.98
2998,KB3,ARQ,Default,200,2e-05,1,25,0,0.2046,0.888889,7820.14
2999,KB3,ARQ,Default,200,2e-05,1,25,0,0.2024,0.888889,7905.14
3000,KB3,ARQ,Default,200,2e-05,1,25,0,0.2031,0.888889,7877.89
3001,KB3,HARQ,Default,200,2e-05,1,25,0,2.097,0.888889,762.995
3002,KB3,HARQ,Default,200,2e-05,1,25,0,2.0156,0.888889,793.808
3003,KB3,HARQ,Default,200,2e-05,1,25,0,2.0454,0.888889,782.243
3004,KB3,HARQ,Default,200,2e-05,1,25,0,2.025,0.888889,790.123
3005,KB3,HARQ,Default,200,2e-05,1,25,0,2.0226,0.888889,791.061
3006,KB3,HARQ,Default,200,2e-05,1,25,0,2.03,0.888889,788.177
3007,KB3,HARQ,Default,200,2e-05,1,25,0,1.9726,0.888889,811.112
3008,KB3,HARQ,Default,200,2e-05,1,25,0,1.9729,0.888889,810.989
3009,KB3,HARQ,Default,200,2e-05,1,25,0,1.9975,0.888889,801.001
3010,KB3,HARQ,Default,200,2e-05,1,25,0,2.0023,0.888889,799.081
3011,KB3,HARQ,Default,200,2e-05,1,25,0,2.0224,0.888889,791.139
3012,KB3,HARQ,Default,200,2e-05,1,25,0,1.9989,0.888889,800.44
3013,KB3,HARQ,Default,200,2e-05,1,25,0,2.0094,0.888889,796.258
3014,KB3,HARQ,Default,200,2e-05,1,25,0,2.0148,0.888889,794.123
3015,KB3,HARQ,Default,200,2e-05,1,25,0,1.9881,0.888889,804.788
3016,KB3,HARQ,Default,200,2e-05,1,25,0,1.9898,0.888889,804.101
3017,KB3,HARQ,Default,200,2e-05,1,25,0,2.0576,0.888889,777.605
3018,KB3,HARQ,Default,200,2e-05,1,25,0,2.1112,0.888889,757.863
3019,KB3,HARQ,Default,200,2e-05,1,25,0,2.1391,0.888889,747.978
3020,KB3,HARQ,Default,200,2e-05,1,25,0,1.9978,0.888889,800.881
3021,KB3,HARQ,Default,200,2e-05,1,25,0,1.9741,0.888889,810.496
3022,KB3,HARQ,Default,200,2e-05,1,25,0,2.0137,0.888889,794.557
3023,KB3,HARQ,Default,200,2e-05,1,25,0,2.0209,0.888889,791.726
3024,KB3,HARQ,Default,200,2e-05,1,25,0,1.9633,0.888889,814.954
3025,KB3,HARQ,Default,200,2e-05,1,25,0,2.1606,0.888889,740.535
3026,KB3,HARQ,Default,200,2e-05,1,25,0,2.0352,0.888889,786.164
3027,KB3,HARQ,Default,200,2e-05,1,25,0,1.9964,0.888889,801.443
3028,KB3,HARQ,Default,200,2e-05,1,25,0,1.9792,0.888889,808.407
3029,KB3,HARQ,Default,200,2e-05,1,25,0,1.9842,0.888889,806.37
3030,KB3,HARQ,Default,200,2e-05,1,25,0,2.0035,0.888889,798.602
3031,KB3,HARQ,Default,200,2e-05,1,25,0,2.0183,0.888889,792.746
3032,KB3,HARQ,Default,200,2e-05,1,25,0,2.0236,0.888889,790.67
3033,KB3,HARQ,Default,200,2e-05,1,25,0,2.0645,0.888889,775.006
3034,KB3,HARQ,Default,200,2e-05,1,25,0,1.9948,0.888889,802.085
3035,KB3,HARQ,Default,200,2e-05,1,25,0,1.9805,0.888889,807.877
3036,KB3,HARQ,Default,200,2e-05,1,25,0,1.9557,0.888889,818.121
3037,KB3,HARQ,Default,200,2e-05,1,25,0,2.0262,0.888889,789.656
3038,KB3,HARQ,Default,200,2e-05,1,25,0,1.9812,0.888889,807.591
3039,KB3,HARQ,Default,200,2e-05,1,25,0,1.9954,0.888889,801.844
3040,KB3,HARQ,Default,200,2e-05,1,25,0,1.9774,0.888889,809.143
3041,KB3,HARQ,Default,200,2e-05,1,25,0,2.0358,0.888889,785.932
3042,KB3,HARQ,Default,200,2e-05,1,25,0,2.0618,0.888889,776.021
3043,KB3,HARQ,Default,200,2e-05,1,25,0,2.0164,0.888889,793.493
3044,KB3,HARQ,Default,200,2e-05,1,25,0,2.0202,0.888889,792.001
3045,KB3,HARQ,Default,200,2e-05,1,25,0,2.0233,0.888889,790.787
3046,KB3,HARQ,Default,200,2e-05,1,25,0,1.9504,0.888889,820.345
3047,KB3,HARQ,Default,200,2e-05,1,25,0,1.9474,0.888889,821.608
3048,KB3,HARQ,Default,200,2e-05,1,25,0,1.9496,0.888889,820.681
3049,KB3,HARQ,Default,200,2e-05,1,25,0,2.1853,0.888889,732.165
3050,KB3,HARQ,Default,200,2e-05,1,25,0,1.9933,0.888889,802.689
3051,KB3,HARQ,Default,200,2e-05,1,25,0,2.02,0.888889,792.079
3052,KB3,HARQ,Default,200,2e-05,1,25,0,1.9909,0.888889,803.657
3053,KB3,HARQ,Default,200,2e-05,1,25,0,2.0193,0.888889,792.354
3054,KB3,HARQ,Default,200,2e-05,1,25,0,2.0203,0.888889,791.962
3055,KB3,HARQ,Default,200,2e-05,1,25,0,2.0295,0.888889,788.372
3056,KB3,HARQ,Default,200,2e-05,1,25,0,2.0407,0.888889,784.045
3057,KB3,HARQ,Default,200,2e-05,1,25,0,2.1047,0.888889,760.203
3058,KB3,HARQ,Default,200,2e-05,1,25,0,2.0049,0.888889,798.045
3059,KB3,HARQ,Default,200,2e-05,1,25,0,1.996,0.888889,801.603
3060,KB3,HARQ,Default,200,2e-05,1,25,0,1.9806,0.888889,807.836
3061,KB3,HARQ,Default,200,2e-05,1,25,0,1.9862,0.888889,805.558
3062,KB3,HARQ,Default,200,2e-05,1,25,0,1.9987,0.888889,800.52
3063,KB3,HARQ,Default,200,2e-05,1,25,0,2.0173,0.888889,793.139
3064,KB3,HARQ,Default,200,2e-05,1,25,0,1.9817,0.888889,807.388
3065,KB3,HARQ,Default,200,2e-05,1,25,0,2.082,0.888889,768.492
3066,KB3,HARQ,Default,200,2e-05,1,25,0,2.0384,0.888889,784.929
3067,KB3,HARQ,Default,200,2e-05,1,25,0,1.9492,0.888889,820.85
3068,KB3,HARQ,Default,200,2e-05,1,25,0,1.9529,0.888889,819.294
3069,KB3,HARQ,Default,200,2e-05,1,25,0,2.0265,0.888889,789.539
3070,KB3,HARQ,Default,200,2e-05,1,25,0,1.9805,0.888889,807.877
3071,KB3,HARQ,Default,200,2e-05,1,25,0,2.0268,0.888889,789.422
3072,KB3,HARQ,Default,200,2e-05,1,25,0,1.981,0.888889,807.673
3073,KB3,HARQ,Default,200,2e-05,1,25,0,2.0711,0.888889,772.536
3074,KB3,HARQ,Default,200,2e-05,1,25,0,2.0045,0.888889,798.204
3075,KB3,HARQ,Default,200,2e-05,1,25,0,2.0214,0.888889,791.531
3076,KB3,HARQ,Default,200,2e-05,1,25,0,2.0117,0.888889,795.347
3077,KB3,HARQ,Default,200,2e-05,1,25,0,2.0188,0.888889,792.55
3078,KB3,HARQ,Default,200,2e-05,1,25,0,1.997,0.888889,801.202
3079,KB3,HARQ,Default,200,2e-05,1,25,0,1.9886,0.888889,804.586
3080,KB3,HARQ,Default,200,2e-05,1,25,0,1.9507,0.888889,820.218
3081,KB3,HARQ,Default,200,2e-05,1,25,0,2.0605,0.888889,776.511
3082,KB3,HARQ,Default,200,2e-05,1,25,0,1.9861,0.888889,805.599
3083,KB3,HARQ,Default,200,2e-05,1,25,0,2.0194,0.888889,792.315
3084,KB3,HARQ,Default,200,2e-05,1,25,0,2.0211,0.888889,791.648
3085,KB3,HARQ,Default,200,2e-05,1,25,0,2.0085,0.888889,796.614
3086,KB3,HARQ,Default,200,2e-05,1,25,0,2.0631,0.888889,775.532
3087,KB3,HARQ,Default,200,2e-05,1,25,0,2.1077,0.888889,759.121
3088,KB3,HARQ,Default,200,2e-05,1,25,0,2.0232,0.888889,790.826
3089,KB3,HARQ,Default,200,2e-05,1,25,0,2.1336,0.888889,749.906
3090,KB3,HARQ,Default,200,2e-05,1,25,0,2.0508,0.888889,780.183
3091,KB3,HARQ,Default,200,2e-05,1,25,0,2.0045,0.888889,798.204
3092,KB3,HARQ,Default,200,2e-05,1,25,0,1.991,0.888889,803.616
3093,KB3,HARQ,Default,200,2e-05,1,25,0,2.0034,0.888889,798.642
3094,KB3,HARQ,Default,200,2e-05,1,25,0,2.0185,0.888889,792.668
3095,KB3,HARQ,Default,200,2e-05,1,25,0,2.0204,0.888889,791.922
3096,KB3,HARQ,Default,200,2e-05,1,25,0,2.0171,0.888889,793.218
3097,KB3,HARQ,Default,200,2e-05,1,25,0,2.1226,0.888889,753.793
3098,KB3,HARQ,Default,200,2e-05,1,25,0,1.9634,0.888889,814.913
3099,KB3,HARQ,Default,200,2e-05,1,25,0,1.9627,0.888889,815.204
3100,KB3,HARQ,Default,200,2e-05,1,25,0,1.9357,0.888889,826.574
3101,KB3,HARQ,Default,200,2e-05,1,25,0,2.0073,0.888889,797.091
3102,KB3,HARQ,Default,200,2e-05,1,25,0,2.023,0.888889,790.905
3103,KB3,HARQ,Default,200,2e-05,1,25,0,2.0265,0.888889,789.539
3104,KB3,HARQ,Default,200,2e-05,1,25,0,2.0024,0.888889,799.041
3105,KB3,HARQ,Default,200,2e-05,1,25,0,2.0573,0.888889,777.718
3106,KB3,HARQ,Default,200,2e-05,1,25,0,1.993,0.888889,802.81
3107,KB3,HARQ,Default,200,2e-05,1,25,0,1.9683,0.888889,812.884
3108,KB3,HARQ,Default,200,2e-05,1,25,0,2.0262,0.888889,789.656
3109,KB3,HARQ,Default,200,2e-05,1,25,0,2.1338,0.888889,749.836
3110,KB3,HARQ,Default,200,2e-05,1,25,0,2.0219,0.888889,791.335
3111,KB3,HARQ,Default,200,2e-05,1,25,0,2.0327,0.888889,787.13
3112,KB3,HARQ,Default,200,2e-05,1,25,0,2.0032,0.888889,798.722
3113,KB3,HARQ,Default,200,2e-05,1,25,0,2.1222,0.888889,753.935
3114,KB3,HARQ,Default,200,2e-05,1,25,0,2.0466,0.888889,781.784
3115,KB3,HARQ,Default,200,2e-05,1,25,0,1.9802,0.888889,807.999
3116,KB3,HARQ,Default,200,2e-05,1,25,0,2.0145,0.888889,794.242
3117,KB3,HARQ,Default,200,2e-05,1,25,0,1.9941,0.888889,802.367
3118,KB3,HARQ,Default,200,2e-05,1,25,0,1.955,0.888889,818.414
3119,KB3,HARQ,Default,200,2e-05,1,25,0,1.9636,0.888889,814.83
3120,KB3,HARQ,Default,200,2e-05,1,25,0,1.9833,0.888889,806.736
3121,KB3,HARQ,Default,200,2e-05,1,25,0,2.1661,0.888889,738.655
3122,KB3,HARQ,Default,200,2e-05,1,25,0,2.0227,0.888889,791.022
3123,KB3,HARQ,Default,200,2e-05,1,25,0,2.0205,0.888889,791.883
3124,KB3,HARQ,Default,200,2e-05,1,25,0,2.0506,0.888889,780.259
3125,KB3,HARQ,Default,200,2e-05,1,25,0,1.9913,0.888889,803.495
3126,KB3,HARQ,Default,200,2e-05,1,25,0,1.9977,0.888889,800.921
3127,KB3,HARQ,Default,200,2e-05,1,25,0,2.0182,0.888889,792.786
3128,KB3,HARQ,Default,200,2e-05,1,25,0,1.9764,0.888889,809.553
3129,KB3,HARQ,Default,200,2e-05,1,25,0,2.0165,0.888889,793.454
3130,KB3,HARQ,Default,200,2e-05,1,25,0,1.9708,0.888889,811.853
3131,KB3,HARQ,Default,200,2e-05,1,25,0,1.9785,0.888889,808.693
3132,KB3,HARQ,Default,200,2e-05,1,25,0,2.0097,0.888889,796.139
3133,KB3,HARQ,Default,200,2e-05,1,25,0,2.0233,0.888889,790.787
3134,KB3,HARQ,Default,200,2e-05,1,25,0,1.9993,0.888889,800.28
3135,KB3,HARQ,Default,200,2e-05,1,25,0,1.9982,0.888889,800.721
3136,KB3,HARQ,Default,200,2e-05,1,25,0,1.9904,0.888889,803.859
3137,KB3,HARQ,Default,200,2e-05,1,25,0,2.1466,0.888889,745.365
3138,KB3,HARQ,Default,200,2e-05,1,25,0,1.9575,0.888889,817.369
3139,KB3,HARQ,Default,200,2e-05,1,25,0,2.0215,0.888889,791.491
3140,KB3,HARQ,Default,200,2e-05,1,25,0,1.9852,0.888889,805.964
3141,KB3,HARQ,Default,200,2e-05,1,25,0,2.0261,0.888889,789.694
3142,KB3,HARQ,Default,200,2e-05,1,25,0,2.0205,0.888889,791.883
3143,KB3,HARQ,Default,200,2e-05,1,25,0,2.0022,0.888889,799.121
3144,KB3,HARQ,Default,200,2e-05,1,25,0,1.9977,0.888889,800.921
3145,KB3,HARQ,Default,200,2e-05,1,25,0,2.2243,0.888889,719.327
3146,KB3,HARQ,Default,200,2e-05,1,25,0,2.0843,0.888889,767.644
3147,KB3,HARQ,Default,200,2e-05,1,25,0,2.0793,0.888889,769.49
3148,KB3,HARQ,Default,200,2e-05,1,25,0,2.0201,0.888889,792.04
3149,KB3,HARQ,Default,200,2e-05,1,25,0,2.0042,0.888889,798.324
3150,KB3,HARQ,Default,200,2e-05,1,25,0,1.9988,0.888889,800.48
3151,KB3,HARQ,Default,200,2e-05,1,25,0,2.0194,0.888889,792.315
3152,KB3,HARQ,Default,200,2e-05,1,25,0,2.0091,0.888889,796.376
3153,KB3,HARQ,Default,200,2e-05,1,25,0,2.1886,0.888889,731.061
3154,KB3,HARQ,Default,200,2e-05,1,25,0,2.0882,0.888889,766.21
3155,KB3,HARQ,Default,200,2e-05,1,25,0,2.07,0.888889,772.947
3156,KB3,HARQ,Default,200,2e-05,1,25,0,1.9765,0.888889,809.512
3157,KB3,HARQ,Default,200,2e-05,1,25,0,1.9779,0.888889,808.939
3158,KB3,HARQ,Default,200,2e-05,1,25,0,1.9967,0.888889,801.322
3159,KB3,HARQ,Default,200,2e-05,1,25,0,2.01,0.888889,796.02
3160,KB3,HARQ,Default,200,2e-05,1,25,0,2.0251,0.888889,790.084
3161,KB3,HARQ,Default,200,2e-05,1,25,0,2.1421,0.888889,746.931
3162,KB3,HARQ,Default,200,2e-05,1,25,0,1.9741,0.888889,810.496
3163,KB3,HARQ,Default,200,2e-05,1,25,0,1.9463,0.888889,822.073
3164,KB3,HARQ,Default,200,2e-05,1,25,0,1.9572,0.888889,817.494
3165,KB3,HARQ,Default,200,2e-05,1,25,0,2.0298,0.888889,788.255
3166,KB3,HARQ,Default,200,2e-05,1,25,0,1.977,0.888889,809.307
3167,KB3,HARQ,Default,200,2e-05,1,25,0,2.0166,0.888889,793.415
3168,KB3,HARQ,Default,200,2e-05,1,25,0,2.0206,0.888889,791.844
3169,KB3,HARQ,Default,200,2e-05,1,25,0,2.1482,0.888889,744.81
3170,KB3,HARQ,Default,200,2e-05,1,25,0,2.0139,0.888889,794.478
3171,KB3,HARQ,Default,200,2e-05,1,25,0,2.0476,0.888889,781.403
3172,KB3,HARQ,Default,200,2e-05,1,25,0,2.0238,0.888889,790.592
3173,KB3,HARQ,Default,200,2e-05,1,25,0,2.0163,0.888889,793.533
3174,KB3,HARQ,Default,200,2e-05,1,25,0,2.0246,0.888889,790.28
3175,KB3,HARQ,Default,200,2e-05,1,25,0,1.9911,0.888889,803.576
3176,KB3,HARQ,Default,200,2e-05,1,25,0,1.9681,0.888889,812.967
3177,KB3,HARQ,Default,200,2e-05,1,25,0,2.0458,0.888889,782.09
3178,KB3,HARQ,Default,200,2e-05,1,25,0,1.9908,0.888889,803.697
3179,KB3,HARQ,Default,200,2e-05,1,25,0,1.9902,0.888889,803.939
3180,KB3,HARQ,Default,200,2e-05,1,25,0,2.0222,0.888889,791.217
3181,KB3,HARQ,Default,200,2e-05,1,25,0,2.0179,0.888889,792.904
3182,KB3,HARQ,Default,200,2e-05,1,25,0,1.9889,0.888889,804.465
3183,KB3,HARQ,Default,200,2e-05,1,25,0,1.9915,0.888889,803.415
3184,KB3,HARQ,Default,200,2e-05,1,25,0,1.9998,0.888889,800.08
3185,KB3,HARQ,Default,200,2e-05,1,25,0,2.2249,0.888889,719.133
3186,KB3,HARQ,Default,200,2e-05,1,25,0,1.9892,0.888889,804.343
3187,KB3,HARQ,Default,200,2e-05,1,25,0,1.9989,0.888889,800.44
3188,KB3,HARQ,Default,200,2e-05,1,25,0,1.9922,0.888889,803.132
3189,KB3,HARQ,Default,200,2e-05,1,25,0,1.9979,0.888889,800.841
3190,KB3,HARQ,Default,200,2e-05,1,25,0,2.0093,0.888889,796.297
3191,KB3,HARQ,Default,200,2e-05,1,25,0,1.9881,0.888889,804.788
3192,KB3,HARQ,Default,200,2e-05,1,25,0,2.0144,0.888889,794.281
3193,KB3,HARQ,Default,200,2e-05,1,25,0,2.1124,0.888889,757.432
3194,KB3,HARQ,Default,200,2e-05,1,25,0,1.9522,0.888889,819.588
3195,KB3,HARQ,Default,200,2e-05,1,25,0,1.9476,0.888889,821.524
3196,KB3,HARQ,Default,200,2e-05,1,25,0,1.9594,0.888889,816.577
3197,KB3,HARQ,Default,200,2e-05,1,25,0,2.0183,0.888889,792.746
3198,KB3,HARQ,Default,200,2e-05,1,25,0,1.9947,0.888889,802.126
3199,KB3,HARQ,Default,200,2e-05,1,25,0,2.0471,0.888889,781.593
3200,KB3,HARQ,Default,200,2e-05,1,25,0,2.025,0.888889,790.123
3201,KB3,HARQ,Default,200,2e-05,1,25,0,2.0502,0.888889,780.412
3202,KB3,HARQ,Default,200,2e-05,1,25,0,2.0158,0.888889,793.73
3203,KB3,HARQ,Default,200,2e-05,1,25,0,1.9991,0.888889,800.36
3204,KB3,HARQ,Default,200,2e-05,1,25,0,2.016,0.888889,793.651
3205,KB3,HARQ,Default,200,2e-05,1,25,0,2.0179,0.888889,792.904
3206,KB3,HARQ,Default,200,2e-05,1,25,0,2.0236,0.888889,790.67
3207,KB3,HARQ,Default,200,2e-05,1,25,0,1.976,0.888889,809.717
3208,KB3,HARQ,Default,200,2e-05,1,25,0,1.971,0.888889,811.771
3209,KB3,HARQ,Default,200,2e-05,1,25,0,2.1509,0.888889,743.875
3210,KB3,HARQ,Default,200,2e-05,1,25,0,2.0012,0.888889,799.52
3211,KB3,HARQ,Default,200,2e-05,1,25,0,2.0201,0.888889,792.04
3212,KB3,HARQ,Default,200,2e-05,1,25,0,2.019,0.888889,792.472
3213,KB3,HARQ,Default,200,2e-05,1,25,0,2.0229,0.888889,790.944
3214,KB3,HARQ,Default,200,2e-05,1,25,0,1.945,0.888889,822.622
3215,KB3,HARQ,Default,200,2e-05,1,25,0,1.9466,0.888889,821.946
3216,KB3,HARQ,Default,200,2e-05,1,25,0,2.0222,0.888889,791.217
3217,KB3,HARQ,Default,200,2e-05,1,25,0,2.1565,0.888889,741.943
3218,KB3,HARQ,Default,200,2e-05,1,25,0,2.0227,0.888889,791.022
3219,KB3,HARQ,Default,200,2e-05,1,25,0,2.02,0.888889,792.079
3220,KB3,HARQ,Default,200,2e-05,1,25,0,1.9981,0.888889,800.761
3221,KB3,HARQ,Default,200,2e-05,1,25,0,1.997,0.888889,801.202
3222,KB3,HARQ,Default,200,2e-05,1,25,0,2.0792,0.888889,769.527
3223,KB3,HARQ,Default,200,2e-05,1,25,0,2.1091,0.888889,758.617
3224,KB3,HARQ,Default,200,2e-05,1,25,0,1.975,0.888889,810.127
3225,KB3,HARQ,Default,200,2e-05,1,25,0,2.0548,0.888889,778.665
3226,KB3,HARQ,Default,200,2e-05,1,25,0,2.021,0.888889,791.687
3227,KB3,HARQ,Default,200,2e-05,1,25,0,2.0152,0.888889,793.966
3228,KB3,HARQ,Default,200,2e-05,1,25,0,1.9924,0.888889,803.052
3229,KB3,HARQ,Default,200,2e-05,1,25,0,2.0214,0.888889,791.531
3230,KB3,HARQ,Default,200,2e-05,1,25,0,2.0587,0.888889,777.189
3231,KB3,HARQ,Default,200,2e-05,1,25,0,2.0295,0.888889,788.372
3232,KB3,HARQ,Default,200,2e-05,1,25,0,2.0294,0.888889,788.41
3233,KB3,HARQ,Default,200,2e-05,1,25,0,2.195,0.888889,728.929
3234,KB3,HARQ,Default,200,2e-05,1,25,0,1.9751,0.888889,810.086
3235,KB3,HARQ,Default,200,2e-05,1,25,0,1.9738,0.888889,810.619
3236,KB3,HARQ,Default,200,2e-05,1,25,0,1.9943,0.888889,802.287
3237,KB3,HARQ,Default,200,2e-05,1,25,0,2.0082,0.888889,796.733
3238,KB3,HARQ,Default,200,2e-05,1,25,0,2.0573,0.888889,777.718
3239,KB3,HARQ,Default,200,2e-05,1,25,0,2.0241,0.888889,790.475
3240,KB3,HARQ,Default,200,2e-05,1,25,0,2.0012,0.888889,799.52
3241,KB3,HARQ,Default,200,2e-05,1,25,0,2.1295,0.888889,751.35
3242,KB3,HARQ,Default,200,2e-05,1,25,0,1.9631,0.888889,815.037
3243,KB3,HARQ,Default,200,2e-05,1,25,0,2.0272,0.888889,789.266
3244,KB3,HARQ,Default,200,2e-05,1,25,0,2.0045,0.888889,798.204
3245,KB3,HARQ,Default,200,2e-05,1,25,0,2.0099,0.888889,796.06
3246,KB3,HARQ,Default,200,2e-05,1,25,0,1.9891,0.888889,804.384
3247,KB3,HARQ,Default,200,2e-05,1,25,0,1.9958,0.888889,801.684
3248,KB3,HARQ,Default,200,2e-05,1,25,0,2.0182,0.888889,792.786
3249,KB3,HARQ,Default,200,2e-05,1,25,0,2.0364,0.888889,785.7
3250,KB3,HARQ,Default,200,2e-05,1,25,0,1.973,0.888889,810.948
3251,KB3,HARQ,Default,200,2e-05,1,25,0,2.0222,0.888889,791.217
3252,KB3,HARQ,Default,200,2e-05,1,25,0,1.9912,0.888889,803.536
3253,KB3,HARQ,Default,200,2e-05,1,25,0,2.046,0.888889,782.014
3254,KB3,HARQ,Default,200,2e-05,1,25,0,1.9658,0.888889,813.918
3255,KB3,HARQ,Default,200,2e-05,1,25,0,2.0232,0.888889,790.826
3256,KB3,HARQ,Default,200,2e-05,1,25,0,1.9921,0.888889,803.173
3257,KB3,HARQ,Default,200,2e-05,1,25,0,2.2115,0.888889,723.491
3258,KB3,HARQ,Default,200,2e-05,1,25,0,2.0303,0.888889,788.061
3259,KB3,HARQ,Default,200,2e-05,1,25,0,2.0302,0.888889,788.1
3260,KB3,HARQ,Default,200,2e-05,1,25,0,2.0029,0.888889,798.842
3261,KB3,HARQ,Default,200,2e-05,1,25,0,1.9543,0.888889,818.707
3262,KB3,HARQ,Default,200,2e-05,1,25,0,2.0148,0.888889,794.123
3263,KB3,HARQ,Default,200,2e-05,1,25,0,2.0419,0.888889,783.584
3264,KB3,HARQ,Default,200,2e-05,1,25,0,1.9924,0.888889,803.052
3265,KB3,HARQ,Default,200,2e-05,1,25,0,2.069,0.888889,773.32
3266,KB3,HARQ,Default,200,2e-05,1,25,0,1.9954,0.888889,801.844
3267,KB3,HARQ,Default,200,2e-05,1,25,0,1.9997,0.888889,800.12
3268,KB3,HARQ,Default,200,2e-05,1,25,0,2.062,0.888889,775.946
3269,KB3,HARQ,Default,200,2e-05,1,25,0,2.0267,0.888889,789.461
3270,KB3,HARQ,Default,200,2e-05,1,25,0,2.0239,0.888889,790.553
3271,KB3,HARQ,Default,200,2e-05,1,25,0,1.9428,0.888889,823.554
3272,KB3,HARQ,Default,200,2e-05,1,25,0,2.1141,0.888889,756.823
3273,KB3,HARQ,Default,200,2e-05,1,25,0,1.977,0.888889,809.307
3274,KB3,HARQ,Default,200,2e-05,1,25,0,2.0073,0.888889,797.091
3275,KB3,HARQ,Default,200,2e-05,1,25,0,2.0265,0.888889,789.539
3276,KB3,HARQ,Default,200,2e-05,1,25,0,2.032,0.888889,787.402
3277,KB3,HARQ,Default,200,2e-05,1,25,0,2.0285,0.888889,788.76
3278,KB3,HARQ,Default,200,2e-05,1,25,0,2.0025,0.888889,799.001
3279,KB3,HARQ,Default,200,2e-05,1,25,0,1.9989,0.888889,800.44
3280,KB3,HARQ,Default,200,2e-05,1,25,0,2.0266,0.888889,789.5
3281,KB3,HARQ,Default,200,2e-05,1,25,0,2.1955,0.888889,728.763
3282,KB3,HARQ,Default,200,2e-05,1,25,0,2.2487,0.888889,711.522
3283,KB3,HARQ,Default,200,2e-05,1,25,0,2.1893,0.888889,730.827
3284,KB3,HARQ,Default,200,2e-05,1,25,0,2.0738,0.888889,771.531
3285,KB3,HARQ,Default,200,2e-05,1,25,0,2.0498,0.888889,780.564
3286,KB3,HARQ,Default,200,2e-05,1,25,0,1.9911,0.888889,803.576
3287,KB3,HARQ,Default,200,2e-05,1,25,0,2.1268,0.888889,752.304
3288,KB3,HARQ,Default,200,2e-05,1,25,0,2.2384,0.888889,714.796
3289,KB3,HARQ,Default,200,2e-05,1,25,0,2.0392,0.888889,784.621
3290,KB3,HARQ,Default,200,2e-05,1,25,0,2.2206,0.888889,720.526
3291,KB3,HARQ,Default,200,2e-05,1,25,0,2.0438,0.888889,782.855
3292,KB3,HARQ,Default,200,2e-05,1,25,0,1.9537,0.888889,818.959
3293,KB3,HARQ,Default,200,2e-05,1,25,0,1.9802,0.888889,807.999
3294,KB3,HARQ,Default,200,2e-05,1,25,0,1.9968,0.888889,801.282
3295,KB3,HARQ,Default,200,2e-05,1,25,0,2.0181,0.888889,792.825
3296,KB3,HARQ,Default,200,2e-05,1,25,0,2.0823,0.888889,768.381
3297,KB3,HARQ,Default,200,2e-05,1,25,0,2.0444,0.888889,782.626
3298,KB3,HARQ,Default,200,2e-05,1,25,0,1.9972,0.888889,801.122
3299,KB3,HARQ,Default,200,2e-05,1,25,0,2.036,0.888889,785.855
3300,KB3,HARQ,Default,200,2e-05,1,25,0,2.1592,0.888889,741.015
3301,KB3,HARQ,Default,200,2e-05,1,25,0,2.0279,0.888889,788.994
3302,KB3,HARQ,Default,200,2e-05,1,25,0,2.0104,0.888889,795.862
3303,KB3,HARQ,Default,200,2e-05,1,25,0,2.0126,0.888889,794.992
3304,KB3,HARQ,Default,200,2e-05,1,25,0,2.1818,0.888889,733.339
3305,KB3,HARQ,Default,200,2e-05,1,25,0,2.1184,0.888889,755.287
3306,KB3,HARQ,Default,200,2e-05,1,25,0,1.9429,0.888889,823.511
3307,KB3,HARQ,Default,200,2e-05,1,25,0,2.0331,0.888889,786.976
3308,KB3,HARQ,Default,200,2e-05,1,25,0,1.9885,0.888889,804.627
3309,KB3,HARQ,Default,200,2e-05,1,25,0,2.0214,0.888889,791.531
3310,KB3,HARQ,Default,200,2e-05,1,25,0,1.9881,0.888889,804.788
3311,KB3,HARQ,Default,200,2e-05,1,25,0,1.9976,0.888889,800.961
3312,KB3,HARQ,Default,200,2e-05,1,25,0,2.3691,0.888889,675.362
3313,KB3,HARQ,Default,200,2e-05,1,25,0,2.0247,0.888889,790.241
3314,KB3,HARQ,Default,200,2e-05,1,25,0,2.011,0.888889,795.624
3315,KB3,HARQ,Default,200,2e-05,1,25,0,2.0244,0.888889,790.358
3316,KB3,HARQ,Default,200,2e-05,1,25,0,2.0309,0.888889,787.828
3317,KB3,HARQ,Default,200,2e-05,1,25,0,2.0071,0.888889,797.17
3318,KB3,HARQ,Default,200,2e-05,1,25,0,1.9988,0.888889,800.48
3319,KB3,HARQ,Default,200,2e-05,1,25,0,2.0208,0.888889,791.766
3320,KB3,HARQ,Default,200,2e-05,1,25,0,2.0352,0.888889,786.164
3321,KB3,HARQ,Default,200,2e-05,1,25,0,2.0063,0.888889,797.488
3322,KB3,HARQ,Default,200,2e-05,1,25,0,2.0202,0.888889,792.001
3323,KB3,HARQ,Default,200,2e-05,1,25,0,1.9797,0.888889,808.203
3324,KB3,HARQ,Default,200,2e-05,1,25,0,1.9524,0.888889,819.504
3325,KB3,HARQ,Default,200,2e-05,1,25,0,2.0265,0.888889,789.539
3326,KB3,HARQ,Default,200,2e-05,1,25,0,1.9699,0.888889,812.224
3327,KB3,HARQ,Default,200,2e-05,1,25,0,2.0415,0.888889,783.737
3328,KB3,HARQ,Default,200,2e-05,1,25,0,2.2076,0.888889,724.769
3329,KB3,HARQ,Default,200,2e-05,1,25,0,2.0214,0.888889,791.531
3330,KB3,HARQ,Default,200,2e-05,1,25,0,2.0002,0.888889,799.92
3331,KB3,HARQ,Default,200,2e-05,1,25,0,1.993,0.888889,802.81
3332,KB3,HARQ,Default,200,2e-05,1,25,0,2.0179,0.888889,792.904
3333,KB3,HARQ,Default,200,2e-05,1,25,0,1.9897,0.888889,804.141
3334,KB3,HARQ,Default,200,2e-05,1,25,0,2.0281,0.888889,788.916
3335,KB3,HARQ,Default,200,2e-05,1,25,0,2.0562,0.888889,778.134
3336,KB3,HARQ,Default,200,2e-05,1,25,0,2.0423,0.888889,783.43
3337,KB3,HARQ,Default,200,2e-05,1,25,0,1.9979,0.888889,800.841
3338,KB3,HARQ,Default,200,2e-05,1,25,0,2.0097,0.888889,796.139
3339,KB3,HARQ,Default,200,2e-05,1,25,0,2.0304,0.888889,788.022
3340,KB3,HARQ,Default,200,2e-05,1,25,0,2.0161,0.888889,793.611
3341,KB3,HARQ,Default,200,2e-05,1,25,0,2.0181,0.888889,792.825
3342,KB3,HARQ,Default,200,2e-05,1,25,0,2.0246,0.888889,790.28
3343,KB3,HARQ,Default,200,2e-05,1,25,0,2.1117,0.888889,757.683
3344,KB3,HARQ,Default,200,2e-05,1,25,0,1.9886,0.888889,804.586
3345,KB3,HARQ,Default,200,2e-05,1,25,0,2.0223,0.888889,791.178
3346,KB3,HARQ,Default,200,2e-05,1,25,0,1.9999,0.888889,800.04
3347,KB3,HARQ,Default,200,2e-05,1,25,0,2.0235,0.888889,790.709
3348,KB3,HARQ,Default,200,2e-05,1,25,0,2.0222,0.888889,791.217
3349,KB3,HARQ,Default,200,2e-05,1,25,0,1.9975,0.888889,801.001
3350,KB3,HARQ,Default,200,2e-05,1,25,0,1.9979,0.888889,800.841
3351,KB3,HARQ,Default,200,2e-05,1,25,0,2.0413,0.888889,783.814
3352,KB3,HARQ,Default,200,2e-05,1,25,0,2.156,0.888889,742.115
3353,KB3,HARQ,Default,200,2e-05,1,25,0,2.0198,0.888889,792.158
3354,KB3,HARQ,Default,200,2e-05,1,25,0,2.0232,0.888889,790.826
3355,KB3,HARQ,Default,200,2e-05,1,25,0,2.0209,0.888889,791.726
3356,KB3,HARQ,Default,200,2e-05,1,25,0,2.002,0.888889,799.201
3357,KB3,HARQ,Default,200,2e-05,1,25,0,2.0084,0.888889,796.654
3358,KB3,HARQ,Default,200,2e-05,1,25,0,2.119,0.888889,755.073
3359,KB3,HARQ,Default,200,2e-05,1,25,0,2.1229,0.888889,753.686
3360,KB3,HARQ,Default,200,2e-05,1,25,0,2.0256,0.888889,789.889
3361,KB3,HARQ,Default,200,2e-05,1,25,0,1.9999,0.888889,800.04
3362,KB3,HARQ,Default,200,2e-05,1,25,0,1.9823,0.888889,807.143
3363,KB3,HARQ,Default,200,2e-05,1,25,0,1.9836,0.888889,806.614
3364,KB3,HARQ,Default,200,2e-05,1,25,0,1.9958,0.888889,801.684
3365,KB3,HARQ,Default,200,2e-05,1,25,0,2.0576,0.888889,777.605
3366,KB3,HARQ,Default,200,2e-05,1,25,0,2.0113,0.888889,795.505
3367,KB3,HARQ,Default,200,2e-05,1,25,0,2.0492,0.888889,780.793
3368,KB3,HARQ,Default,200,2e-05,1,25,0,2.008,0.888889,796.813
3369,KB3,HARQ,Default,200,2e-05,1,25,0,1.952,0.888889,819.672
3370,KB3,HARQ,Default,200,2e-05,1,25,0,1.9554,0.888889,818.247
3371,KB3,HARQ,Default,200,2e-05,1,25,0,2.0212,0.888889,791.609
3372,KB3,HARQ,Default,200,2e-05,1,25,0,1.9891,0.888889,804.384
3373,KB3,HARQ,Default,200,2e-05,1,25,0,2.0377,0.888889,785.199
3374,KB3,HARQ,Default,200,2e-05,1,25,0,2.0202,0.888889,792.001
3375,KB3,HARQ,Default,200,2e-05,1,25,0,2.0559,0.888889,778.248
3376,KB3,HARQ,Default,200,2e-05,1,25,0,2.118,0.888889,755.43
3377,KB3,HARQ,Default,200,2e-05,1,25,0,2.0003,0.888889,799.88
3378,KB3,HARQ,Default,200,2e-05,1,25,0,1.9773,0.888889,809.184
3379,KB3,HARQ,Default,200,2e-05,1,25,0,2.0165,0.888889,793.454
3380,KB3,HARQ,Default,200,2e-05,1,25,0,2.0251,0.888889,790.084
3381,KB3,HARQ,Default,200,2e-05,1,25,0,2.0367,0.888889,785.585
3382,KB3,HARQ,Default,200,2e-05,1,25,0,1.983,0.888889,806.858
3383,KB3,HARQ,Default,200,2e-05,1,25,0,2.1553,0.888889,742.356
3384,KB3,HARQ,Default,200,2e-05,1,25,0,2.008,0.888889,796.813
3385,KB3,HARQ,Default,200,2e-05,1,25,0,2.0215,0.888889,791.491
3386,KB3,HARQ,Default,200,2e-05,1,25,0,2.0223,0.888889,791.178
3387,KB3,HARQ,Default,200,2e-05,1,25,0,1.9864,0.888889,805.477
3388,KB3,HARQ,Default,200,2e-05,1,25,0,1.9923,0.888889,803.092
3389,KB3,HARQ,Default,200,2e-05,1,25,0,1.9575,0.888889,817.369
3390,KB3,HARQ,Default,200,2e-05,1,25,0,1.9896,0.888889,804.182
3391,KB3,HARQ,Default,200,2e-05,1,25,0,2.061,0.888889,776.322
3392,KB3,HARQ,Default,200,2e-05,1,25,0,2.0189,0.888889,792.511
3393,KB3,HARQ,Default,200,2e-05,1,25,0,2.0299,0.888889,788.216
3394,KB3,HARQ,Default,200,2e-05,1,25,0,2.0023,0.888889,799.081
3395,KB3,HARQ,Default,200,2e-05,1,25,0,2.0308,0.888889,787.867
3396,KB3,HARQ,Default,200,2e-05,1,25,0,2.0498,0.888889,780.564
3397,KB3,HARQ,Default,200,2e-05,1,25,0,2.0226,0.888889,791.061
3398,KB3,HARQ,Default,200,2e-05,1,25,0,2.0263,0.888889,789.617
3399,KB3,HARQ,Default,200,2e-05,1,25,0,2.0883,0.888889,766.173
3400,KB3,HARQ,Default,200,2e-05,1,25,0,2.16,0.888889,740.741
3401,KB3,HARQ,Default,200,2e-05,1,25,0,2.0219,0.888889,791.335
3402,KB3,HARQ,Default,200,2e-05,1,25,0,2.015,0.888889,794.045
3403,KB3,HARQ,Default,200,2e-05,1,25,0,2.0019,0.888889,799.241
3404,KB3,HARQ,Default,200,2e-05,1,25,0,2.0722,0.888889,772.126
3405,KB3,HARQ,Default,200,2e-05,1,25,0,2.0227,0.888889,791.022
3406,KB3,HARQ,Default,200,2e-05,1,25,0,2.1714,0.888889,736.852
3407,KB3,HARQ,Default,200,2e-05,1,25,0,2.4143,0.888889,662.718
3408,KB3,HARQ,Default,200,2e-05,1,25,0,1.9998,0.888889,800.08
3409,KB3,HARQ,Default,200,2e-05,1,25,0,1.999,0.888889,800.4
3410,KB3,HARQ,Default,200,2e-05,1,25,0,2.0317,0.888889,787.518
3411,KB3,HARQ,Default,200,2e-05,1,25,0,2.0257,0.888889,789.85
3412,KB3,HARQ,Default,200,2e-05,1,25,0,2.0213,0.888889,791.57
3413,KB3,HARQ,Default,200,2e-05,1,25,0,2.0202,0.888889,792.001
3414,KB3,HARQ,Default,200,2e-05,1,25,0,1.9788,0.888889,808.571
3415,KB3,HARQ,Default,200,2e-05,1,25,0,2.0243,0.888889,790.397
3416,KB3,HARQ,Default,200,2e-05,1,25,0,1.9977,0.888889,800.921
3417,KB3,HARQ,Default,200,2e-05,1,25,0,2.0223,0.888889,791.178
3418,KB3,HARQ,Default,200,2e-05,1,25,0,1.9819,0.888889,807.306
3419,KB3,HARQ,Default,200,2e-05,1,25,0,2.0193,0.888889,792.354
3420,KB3,HARQ,Default,200,2e-05,1,25,0,2,0.888889,800
3421,KB3,HARQ,Default,200,2e-05,1,25,0,1.9943,0.888889,802.287
3422,KB3,HARQ,Default,200,2e-05,1,25,0,1.9499,0.888889,820.555
3423,KB3,HARQ,Default,200,2e-05,1,25,0,2.1623,0.888889,739.953
3424,KB3,HARQ,Default,200,2e-05,1,25,0,1.9942,0.888889,802.327
3425,KB3,HARQ,Default,200,2e-05,1,25,0,2.0699,0.888889,772.984
3426,KB3,HARQ,Default,200,2e-05,1,25,0,2.1341,0.888889,749.731
3427,KB3,HARQ,Default,200,2e-05,1,25,0,1.9881,0.888889,804.788
3428,KB3,HARQ,Default,200,2e-05,1,25,0,1.9907,0.888889,803.737
3429,KB3,HARQ,Default,200,2e-05,1,25,0,2.0131,0.888889,794.794
3430,KB3,HARQ,Default,200,2e-05,1,25,0,2.025,0.888889,790.123
3431,KB3,HARQ,Default,200,2e-05,1,25,0,2.1756,0.888889,735.429
3432,KB3,HARQ,Default,200,2e-05,1,25,0,2.0424,0.888889,783.392
3433,KB3,HARQ,Default,200,2e-05,1,25,0,2.0352,0.888889,786.164
3434,KB3,HARQ,Default,200,2e-05,1,25,0,1.9927,0.888889,802.931
3435,KB3,HARQ,Default,200,2e-05,1,25,0,2.0095,0.888889,796.218
3436,KB3,HARQ,Default,200,2e-05,1,25,0,2.0126,0.888889,794.992
3437,KB3,HARQ,Default,200,2e-05,1,25,0,2.019,0.888889,792.472
3438,KB3,HARQ,Default,200,2e-05,1,25,0,2.0221,0.888889,791.257
3439,KB3,HARQ,Default,200,2e-05,1,25,0,2.0407,0.888889,784.045
3440,KB3,HARQ,Default,200,2e-05,1,25,0,1.9627,0.888889,815.204
3441,KB3,HARQ,Default,200,2e-05,1,25,0,1.9698,0.888889,812.265
3442,KB3,HARQ,Default,200,2e-05,1,25,0,1.9695,0.888889,812.389
3443,KB3,HARQ,Default,200,2e-05,1,25,0,2.0208,0.888889,791.766
3444,KB3,HARQ,Default,200,2e-05,1,25,0,2.0004,0.888889,799.84
3445,KB3,HARQ,Default,200,2e-05,1,25,0,2.0052,0.888889,797.925
3446,KB3,HARQ,Default,200,2e-05,1,25,0,2.0033,0.888889,798.682
3447,KB3,HARQ,Default,200,2e-05,1,25,0,2.1143,0.888889,756.752
3448,KB3,HARQ,Default,200,2e-05,1,25,0,2.0493,0.888889,780.754
3449,KB3,HARQ,Default,200,2e-05,1,25,0,1.997,0.888889,801.202
3450,KB3,HARQ,Default,200,2e-05,1,25,0,2.025,0.888889,790.123
3451,KB3,HARQ,Default,200,2e-05,1,25,0,2.0211,0.888889,791.648
3452,KB3,HARQ,Default,200,2e-05,1,25,0,1.97,0.888889,812.183
3453,KB3,HARQ,Default,200,2e-05,1,25,0,1.975,0.888889,810.127
3454,KB3,HARQ,Default,200,2e-05,1,25,0,1.9825,0.888889,807.062
3455,KB3,HARQ,Default,200,2e-05,1,25,0,2.1305,0.888889,750.997
3456,KB3,HARQ,Default,200,2e-05,1,25,0,2.0099,0.888889,796.06
3457,KB3,HARQ,Default,200,2e-05,1,25,0,2.0229,0.888889,790.944
3458,KB3,HARQ,Default,200,2e-05,1,25,0,2.0341,0.888889,786.589
3459,KB3,HARQ,Default,200,2e-05,1,25,0,2.0182,0.888889,792.786
3460,KB3,HARQ,Default,200,2e-05,1,25,0,1.9574,0.888889,817.411
3461,KB3,HARQ,Default,200,2e-05,1,25,0,2.0202,0.888889,792.001
3462,KB3,HARQ,Default,200,2e-05,1,25,0,1.9897,0.888889,804.141
3463,KB3,HARQ,Default,200,2e-05,1,25,0,2.0898,0.888889,765.624
3464,KB3,HARQ,Default,200,2e-05,1,25,0,2.022,0.888889,791.296
3465,KB3,HARQ,Default,200,2e-05,1,25,0,2.0103,0.888889,795.901
3466,KB3,HARQ,Default,200,2e-05,1,25,0,2.0104,0.888889,795.862
3467,KB3,HARQ,Default,200,2e-05,1,25,0,1.9865,0.888889,805.437
3468,KB3,HARQ,Default,200,2e-05,1,25,0,2.0115,0.888889,795.426
3469,KB3,HARQ,Default,200,2e-05,1,25,0,2.0207,0.888889,791.805
3470,KB3,HARQ,Default,200,2e-05,1,25,0,2.0232,0.888889,790.826
3471,KB3,HARQ,Default,200,2e-05,1,25,0,2.2436,0.888889,713.14
3472,KB3,HARQ,Default,200,2e-05,1,25,0,1.9905,0.888889,803.818
3473,KB3,HARQ,Default,200,2e-05,1,25,0,1.9947,0.888889,802.126
3474,KB3,HARQ,Default,200,2e-05,1,25,0,2.0057,0.888889,797.726
3475,KB3,HARQ,Default,200,2e-05,1,25,0,2.0187,0.888889,792.589
3476,KB3,HARQ,Default,200,2e-05,1,25,0,2.0124,0.888889,795.071
3477,KB3,HARQ,Default,200,2e-05,1,25,0,2.0036,0.888889,798.563
3478,KB3,HARQ,Default,200,2e-05,1,25,0,1.9763,0.888889,809.594
3479,KB3,HARQ,Default,200,2e-05,1,25,0,2.0787,0.888889,769.712
3480,KB3,HARQ,Default,200,2e-05,1,25,0,1.9568,0.888889,817.661
3481,KB3,HARQ,Default,200,2e-05,1,25,0,2.0218,0.888889,791.374
3482,KB3,HARQ,Default,200,2e-05,1,25,0,1.988,0.888889,804.829
3483,KB3,HARQ,Default,200,2e-05,1,25,0,2.0197,0.888889,792.197
3484,KB3,HARQ,Default,200,2e-05,1,25,0,1.9909,0.888889,803.657
3485,KB3,HARQ,Default,200,2e-05,1,25,0,1.9955,0.888889,801.804
3486,KB3,HARQ,Default,200,2e-05,1,25,0,2.1532,0.888889,743.08
3487,KB3,HARQ,Default,200,2e-05,1,25,0,2.0937,0.888889,764.197
3488,KB3,HARQ,Default,200,2e-05,1,25,0,2.0375,0.888889,785.276
3489,KB3,HARQ,Default,200,2e-05,1,25,0,2.0237,0.888889,790.631
3490,KB3,HARQ,Default,200,2e-05,1,25,0,2.0402,0.888889,784.237
3491,KB3,HARQ,Default,200,2e-05,1,25,0,2.0016,0.888889,799.361
3492,KB3,HARQ,Default,200,2e-05,1,25,0,1.999,0.888889,800.4
3493,KB3,HARQ,Default,200,2e-05,1,25,0,2.0355,0.888889,786.048
3494,KB3,HARQ,Default,200,2e-05,1,25,0,2.1729,0.888889,736.343
3495,KB3,HARQ,Default,200,2e-05,1,25,0,2.3064,0.888889,693.722
3496,KB3,HARQ,Default,200,2e-05,1,25,0,1.9987,0.888889,800.52
3497,KB3,HARQ,Default,200,2e-05,1,25,0,2.0578,0.888889,777.529
3498,KB3,HARQ,Default,200,2e-05,1,25,0,2.0663,0.888889,774.331
3499,KB3,HARQ,Default,200,2e-05,1,25,0,1.9952,0.888889,801.925
3500,KB3,HARQ,Default,200,2e-05,1,25,0,2.0683,0.888889,773.582
3501,KB3,HARQ,Default,200,2e-05,1,25,0,2.1862,0.888889,731.864
3502,KB3,HARQ,Default,200,2e-05,1,25,0,2.3347,0.888889,685.313
3503,KB3,HARQ,Default,200,2e-05,1,25,0,2.0272,0.888889,789.266
3504,KB3,HARQ,Default,200,2e-05,1,25,0,2.0011,0.888889,799.56
3505,KB3,HARQ,Default,200,2e-05,1,25,0,2.0066,0.888889,797.369
3506,KB3,HARQ,Default,200,2e-05,1,25,0,2.0387,0.888889,784.814
3507,KB3,HARQ,Default,200,2e-05,1,25,0,2.0323,0.888889,787.285
3508,KB3,HARQ,Default,200,2e-05,1,25,0,2.0592,0.888889,777.001
3509,KB3,HARQ,Default,200,2e-05,1,25,0,2.1354,0.888889,749.274
3510,KB3,HARQ,Default,200,2e-05,1,25,0,2.0935,0.888889,764.27
3511,KB3,HARQ,Default,200,2e-05,1,25,0,2.0214,0.888889,791.531
3512,KB3,HARQ,Default,200,2e-05,1,25,0,2.0904,0.888889,765.404
3513,KB3,HARQ,Default,200,2e-05,1,25,0,2.057,0.888889,777.832
3514,KB3,HARQ,Default,200,2e-05,1,25,0,2.0439,0.888889,782.817
3515,KB3,HARQ,Default,200,2e-05,1,25,0,2.0515,0.888889,779.917
3516,KB3,HARQ,Default,200,2e-05,1,25,0,2.042,0.888889,783.546
3517,KB3,HARQ,Default,200,2e-05,1,25,0,2.0512,0.888889,780.031
3518,KB3,HARQ,Default,200,2e-05,1,25,0,2.312,0.888889,692.042
3519,KB3,HARQ,Default,200,2e-05,1,25,0,2.0894,0.888889,765.77
3520,KB3,HARQ,Default,200,2e-05,1,25,0,2.0203,0.888889,791.962
3521,KB3,HARQ,Default,200,2e-05,1,25,0,2.0901,0.888889,765.514
3522,KB3,HARQ,Default,200,2e-05,1,25,0,2.0435,0.888889,782.97
3523,KB3,HARQ,Default,200,2e-05,1,25,0,2.1002,0.888889,761.832
3524,KB3,HARQ,Default,200,2e-05,1,25,0,2.0559,0.888889,778.248
3525,KB3,HARQ,Default,200,2e-05,1,25,0,2.0433,0.888889,783.047
3526,KB3,HARQ,Default,200,2e-05,1,25,0,2.0632,0.888889,775.494
3527,KB3,HARQ,Default,200,2e-05,1,25,0,2.0421,0.888889,783.507
3528,KB3,HARQ,Default,200,2e-05,1,25,0,2.0737,0.888889,771.568
3529,KB3,HARQ,Default,200,2e-05,1,25,0,2.0278,0.888889,789.032
3530,KB3,HARQ,Default,200,2e-05,1,25,0,2.0345,0.888889,786.434
3531,KB3,HARQ,Default,200,2e-05,1,25,0,2.0155,0.888889,793.848
3532,KB3,HARQ,Default,200,2e-05,1,25,0,2.0274,0.888889,789.188
3533,KB3,HARQ,Default,200,2e-05,1,25,0,2.0542,0.888889,778.892
3534,KB3,HARQ,Default,200,2e-05,1,25,0,2.0178,0.888889,792.943
3535,KB3,HARQ,Default,200,2e-05,1,25,0,2.0754,0.888889,770.936
3536,KB3,HARQ,Default,200,2e-05,1,25,0,2.017,0.888889,793.257
3537,KB3,HARQ,Default,200,2e-05,1,25,0,2.0377,0.888889,785.199
3538,KB3,HARQ,Default,200,2e-05,1,25,0,2.074,0.888889,771.456
3539,KB3,HARQ,Default,200,2e-05,1,25,0,1.9981,0.888889,800.761
3540,KB3,HARQ,Default,200,2e-05,1,25,0,2.0687,0.888889,773.433
3541,KB3,HARQ,Default,200,2e-05,1,25,0,2.1327,0.888889,750.223
3542,KB3,HARQ,Default,200,2e-05,1,25,0,2.1667,0.888889,738.45
3543,KB3,HARQ,Default,200,2e-05,1,25,0,2.0274,0.888889,789.188
3544,KB3,HARQ,Default,200,2e-05,1,25,0,2.0125,0.888889,795.031
3545,KB3,HARQ,Default,200,2e-05,1,25,0,2.0949,0.888889,763.76
3546,KB3,HARQ,Default,200,2e-05,1,25,0,2.0527,0.888889,779.461
3547,KB3,HARQ,Default,200,2e-05,1,25,0,2.0403,0.888889,784.198
3548,KB3,HARQ,Default,200,2e-05,1,25,0,2.015,0.888889,794.045
3549,KB3,HARQ,Default,200,2e-05,1,25,0,2.1366,0.888889,748.853
3550,KB3,HARQ,Default,200,2e-05,1,25,0,1.9925,0.888889,803.011
3551,KB3,HARQ,Default,200,2e-05,1,25,0,2.0165,0.888889,793.454
3552,KB3,HARQ,Default,200,2e-05,1,25,0,2.026,0.888889,789.733
3553,KB3,HARQ,Default,200,2e-05,1,25,0,2.0657,0.888889,774.556
3554,KB3,HARQ,Default,200,2e-05,1,25,0,1.9923,0.888889,803.092
3555,KB3,HARQ,Default,200,2e-05,1,25,0,2.0615,0.888889,776.134
3556,KB3,HARQ,Default,200,2e-05,1,25,0,1.9689,0.888889,812.636
3557,KB3,HARQ,Default,200,2e-05,1,25,0,2.0746,0.888889,771.233
3558,KB3,HARQ,Default,200,2e-05,1,25,0,1.9776,0.888889,809.061
3559,KB3,HARQ,Default,200,2e-05,1,25,0,2.0371,0.888889,785.43
3560,KB3,HARQ,Default,200,2e-05,1,25,0,2.1076,0.888889,759.157
3561,KB3,HARQ,Default,200,2e-05,1,25,0,2.1832,0.888889,732.869
3562,KB3,HARQ,Default,200,2e-05,1,25,0,2.0255,0.888889,789.928
3563,KB3,HARQ,Default,200,2e-05,1,25,0,2.1032,0.888889,760.746
3564,KB3,HARQ,Default,200,2e-05,1,25,0,2.0636,0.888889,775.344
3565,KB3,HARQ,Default,200,2e-05,1,25,0,2.1231,0.888889,753.615
3566,KB3,HARQ,Default,200,2e-05,1,25,0,2.1034,0.888889,760.673
3567,KB3,HARQ,Default,200,2e-05,1,25,0,2.2158,0.888889,722.087
3568,KB3,HARQ,Default,200,2e-05,1,25,0,2.35,0.888889,680.851
3569,KB3,HARQ,Default,200,2e-05,1,25,0,2.0222,0.888889,791.217
3570,KB3,HARQ,Default,200,2e-05,1,25,0,2.0282,0.888889,788.877
3571,KB3,HARQ,Default,200,2e-05,1,25,0,2.0357,0.888889,785.97
3572,KB3,HARQ,Default,200,2e-05,1,25,0,2.2036,0.888889,726.085
3573,KB3,HARQ,Default,200,2e-05,1,25,0,2.014,0.888889,794.439
3574,KB3,HARQ,Default,200,2e-05,1,25,0,2.042,0.888889,783.546
3575,KB3,HARQ,Default,200,2e-05,1,25,0,1.9957,0.888889,801.724
3576,KB3,HARQ,Default,200,2e-05,1,25,0,2.0471,0.888889,781.593
3577,KB3,HARQ,Default,200,2e-05,1,25,0,2.0343,0.888889,786.511
3578,KB3,HARQ,Default,200,2e-05,1,25,0,2.0194,0.888889,792.315
3579,KB3,HARQ,Default,200,2e-05,1,25,0,2.1155,0.888889,756.322
3580,KB3,HARQ,Default,200,2e-05,1,25,0,2.1601,0.888889,740.706
3581,KB3,HARQ,Default,200,2e-05,1,25,0,2.1079,0.888889,759.049
3582,KB3,HARQ,Default,200,2e-05,1,25,0,2.0761,0.888889,770.676
3583,KB3,HARQ,Default,200,2e-05,1,25,0,2.1308,0.888889,750.892
3584,KB3,HARQ,Default,200,2e-05,1,25,0,2.0986,0.888889,762.413
3585,KB3,HARQ,Default,200,2e-05,1,25,0,2.0795,0.888889,769.416
3586,KB3,HARQ,Default,200,2e-05,1,25,0,2.132,0.888889,750.469
3587,KB3,HARQ,Default,200,2e-05,1,25,0,2.0821,0.888889,768.455
3588,KB3,HARQ,Default,200,2e-05,1,25,0,2.2509,0.888889,710.827
3589,KB3,HARQ,Default,200,2e-05,1,25,0,2.0141,0.888889,794.399
3590,KB3,HARQ,Default,200,2e-05,1,25,0,2.0168,0.888889,793.336
3591,KB3,HARQ,Default,200,2e-05,1,25,0,2.0496,0.888889,780.64
3592,KB3,HARQ,Default,200,2e-05,1,25,0,2.0147,0.888889,794.163
3593,KB3,HARQ,Default,200,2e-05,1,25,0,2.0186,0.888889,792.629
3594,KB3,HARQ,Default,200,2e-05,1,25,0,2.0126,0.888889,794.992
3595,KB3,HARQ,Default,200,2e-05,1,25,0,2.0284,0.888889,788.799
3596,KB3,HARQ,Default,200,2e-05,1,25,0,2.0972,0.888889,762.922
3597,KB3,HARQ,Default,200,2e-05,1,25,0,2.0706,0.888889,772.723
3598,KB3,HARQ,Default,200,2e-05,1,25,0,2.0588,0.888889,777.152
3599,KB3,HARQ,Default,200,2e-05,1,25,0,2.0666,0.888889,774.219
3600,KB3,HARQ,Default,200,2e-05,1,25,0,1.9918,0.888889,803.294
3601,KB3,HARQ,Default,200,2e-05,1,25,0,2.0002,0.888889,799.92
3602,KB3,HARQ,Default,200,2e-05,1,25,0,2.0235,0.888889,790.709
3603,KB3,HARQ,Default,200,2e-05,1,25,0,2.0508,0.888889,780.183
3604,KB3,HARQ,Default,200,2e-05,1,25,0,2.039,0.888889,784.698
3605,KB3,HARQ,Default,200,2e-05,1,25,0,2.0818,0.888889,768.566
3606,KB3,HARQ,Default,200,2e-05,1,25,0,2.0393,0.888889,784.583
3607,KB3,HARQ,Default,200,2e-05,1,25,0,2.0054,0.888889,797.846
3608,KB3,HARQ,Default,200,2e-05,1,25,0,1.9733,0.888889,810.825
3609,KB3,HARQ,Default,200,2e-05,1,25,0,2.1494,0.888889,744.394
3610,KB3,HARQ,Default,200,2e-05,1,25,0,2.093,0.888889,764.453
3611,KB3,HARQ,Default,200,2e-05,1,25,0,2.1676,0.888889,738.144
3612,KB3,HARQ,Default,200,2e-05,1,25,0,2.1636,0.888889,739.508
3613,KB3,HARQ,Default,200,2e-05,1,25,0,1.9471,0.888889,821.735
3614,KB3,HARQ,Default,200,2e-05,1,25,0,1.957,0.888889,817.578
3615,KB3,HARQ,Default,200,2e-05,1,25,0,2.0199,0.888889,792.118
3616,KB3,HARQ,Default,200,2e-05,1,25,0,1.9826,0.888889,807.021
3617,KB3,HARQ,Default,200,2e-05,1,25,0,2.0198,0.888889,792.158
3618,KB3,HARQ,Default,200,2e-05,1,25,0,1.9919,0.888889,803.253
3619,KB3,HARQ,Default,200,2e-05,1,25,0,2.4097,0.888889,663.983
3620,KB3,HARQ,Default,200,2e-05,1,25,0,2.0156,0.888889,793.808
3621,KB3,HARQ,Default,200,2e-05,1,25,0,2.0411,0.888889,783.891
3622,KB3,HARQ,Default,200,2e-05,1,25,0,2.1615,0.888889,740.227
3623,KB3,HARQ,Default,200,2e-05,1,25,0,2.0379,0.888889,785.122
3624,KB3,HARQ,Default,200,2e-05,1,25,0,2.0499,0.888889,780.526
3625,KB3,HARQ,Default,200,2e-05,1,25,0,2.0214,0.888889,791.531
3626,KB3,HARQ,Default,200,2e-05,1,25,0,1.9926,0.888889,802.971
3627,KB3,HARQ,Default,200,2e-05,1,25,0,2.4283,0.888889,658.897
3628,KB3,HARQ,Default,200,2e-05,1,25,0,1.9572,0.888889,817.494
3629,KB3,HARQ,Default,200,2e-05,1,25,0,2.0204,0.888889,791.922
3630,KB3,HARQ,Default,200,2e-05,1,25,0,2.0029,0.888889,798.842
3631,KB3,HARQ,Default,200,2e-05,1,25,0,1.999,0.888889,800.4
3632,KB3,HARQ,Default,200,2e-05,1,25,0,2.0031,0.888889,798.762
3633,KB3,HARQ,Default,200,2e-05,1,25,0,2.0169,0.888889,793.297
3634,KB3,HARQ,Default,200,2e-05,1,25,0,2.0362,0.888889,785.777
3635,KB3,HARQ,Default,200,2e-05,1,25,0,2.1663,0.888889,738.587
3636,KB3,HARQ,Default,200,2e-05,1,25,0,1.9876,0.888889,804.991
3637,KB3,HARQ,Default,200,2e-05,1,25,0,2.0201,0.888889,792.04
3638,KB3,HARQ,Default,200,2e-05,1,25,0,2.0198,0.888889,792.158
3639,KB3,HARQ,Default,200,2e-05,1,25,0,2.0087,0.888889,796.535
3640,KB3,HARQ,Default,200,2e-05,1,25,0,2.0171,0.888889,793.218
3641,KB3,HARQ,Default,200,2e-05,1,25,0,2.022,0.888889,791.296
3642,KB3,HARQ,Default,200,2e-05,1,25,0,2.0123,0.888889,795.11
3643,KB3,HARQ,Default,200,2e-05,1,25,0,2.2132,0.888889,722.935
3644,KB3,HARQ,Default,200,2e-05,1,25,0,2.0315,0.888889,787.595
3645,KB3,HARQ,Default,200,2e-05,1,25,0,2.0163,0.888889,793.533
3646,KB3,HARQ,Default,200,2e-05,1,25,0,1.9922,0.888889,803.132
3647,KB3,HARQ,Default,200,2e-05,1,25,0,1.9977,0.888889,800.921
3648,KB3,HARQ,Default,200,2e-05,1,25,0,2.0155,0.888889,793.848
3649,KB3,HARQ,Default,200,2e-05,1,25,0,2.0227,0.888889,791.022
3650,KB3,HARQ,Default,200,2e-05,1,25,0,2.0164,0.888889,793.493
3651,KB3,HARQ,Default,200,2e-05,1,25,0,2.1677,0.888889,738.11
3652,KB3,HARQ,Default,200,2e-05,1,25,0,1.96,0.888889,816.327
3653,KB3,HARQ,Default,200,2e-05,1,25,0,1.9605,0.888889,816.118
3654,KB3,HARQ,Default,200,2e-05,1,25,0,1.9737,0.888889,810.66
3655,KB3,HARQ,Default,200,2e-05,1,25,0,2.0225,0.888889,791.1
3656,KB3,HARQ,Default,200,2e-05,1,25,0,2.0374,0.888889,785.315
3657,KB3,HARQ,Default,200,2e-05,1,25,0,2.0194,0.888889,792.315
3658,KB3,HARQ,Default,200,2e-05,1,25,0,2.016,0.888889,793.651
3659,KB3,HARQ,Default,200,2e-05,1,25,0,2.1441,0.888889,746.234
3660,KB3,HARQ,Default,200,2e-05,1,25,0,1.9592,0.888889,816.66
3661,KB3,HARQ,Default,200,2e-05,1,25,0,2.0199,0.888889,792.118
3662,KB3,HARQ,Default,200,2e-05,1,25,0,1.9734,0.888889,810.783
3663,KB3,HARQ,Default,200,2e-05,1,25,0,2.0577,0.888889,777.567
3664,KB3,HARQ,Default,200,2e-05,1,25,0,2.0607,0.888889,776.435
3665,KB3,HARQ,Default,200,2e-05,1,25,0,2.0144,0.888889,794.281
3666,KB3,HARQ,Default,200,2e-05,1,25,0,2.0294,0.888889,788.41
3667,KB3,HARQ,Default,200,2e-05,1,25,0,2.0559,0.888889,778.248
3668,KB3,HARQ,Default,200,2e-05,1,25,0,2.0138,0.888889,794.518
3669,KB3,HARQ,Default,200,2e-05,1,25,0,2.0184,0.888889,792.707
3670,KB3,HARQ,Default,200,2e-05,1,25,0,2.0216,0.888889,791.452
3671,KB3,HARQ,Default,200,2e-05,1,25,0,2.0909,0.888889,765.221
3672,KB3,HARQ,Default,200,2e-05,1,25,0,1.9762,0.888889,809.635
3673,KB3,HARQ,Default,200,2e-05,1,25,0,2.0198,0.888889,792.158
3674,KB3,HARQ,Default,200,2e-05,1,25,0,2.0038,0.888889,798.483
3675,KB3,HARQ,Default,200,2e-05,1,25,0,2.0193,0.888889,792.354
3676,KB3,HARQ,Default,200,2e-05,1,25,0,2.0028,0.888889,798.882
3677,KB3,HARQ,Default,200,2e-05,1,25,0,2.018,0.888889,792.864
3678,KB3,HARQ,Default,200,2e-05,1,25,0,2.0067,0.888889,797.329
3679,KB3,HARQ,Default,200,2e-05,1,25,0,1.9919,0.888889,803.253
3680,KB3,HARQ,Default,200,2e-05,1,25,0,2.0152,0.888889,793.966
3681,KB3,HARQ,Default,200,2e-05,1,25,0,1.9896,0.888889,804.182
3682,KB3,HARQ,Default,200,2e-05,1,25,0,2.0516,0.888889,779.879
3683,KB3,HARQ,Default,200,2e-05,1,25,0,2.1694,0.888889,737.531
3684,KB3,HARQ,Default,200,2e-05,1,25,0,1.997,0.888889,801.202
3685,KB3,HARQ,Default,200,2e-05,1,25,0,2.0322,0.888889,787.324
3686,KB3,HARQ,Default,200,2e-05,1,25,0,2.0184,0.888889,792.707
3687,KB3,HARQ,Default,200,2e-05,1,25,0,2.0201,0.888889,792.04
3688,KB3,HARQ,Default,200,2e-05,1,25,0,1.9886,0.888889,804.586
3689,KB3,HARQ,Default,200,2e-05,1,25,0,2.0123,0.888889,795.11
3690,KB3,HARQ,Default,200,2e-05,1,25,0,2.1065,0.888889,759.554
3691,KB3,HARQ,Default,200,2e-05,1,25,0,2.0685,0.888889,773.507
3692,KB3,HARQ,Default,200,2e-05,1,25,0,1.9928,0.888889,802.89
3693,KB3,HARQ,Default,200,2e-05,1,25,0,2.1329,0.888889,750.152
3694,KB3,HARQ,Default,200,2e-05,1,25,0,2.06,0.888889,776.699
3695,KB3,HARQ,Default,200,2e-05,1,25,0,2.0186,0.888889,792.629
3696,KB3,HARQ,Default,200,2e-05,1,25,0,2.0228,0.888889,790.983
3697,KB3,HARQ,Default,200,2e-05,1,25,0,1.9844,0.888889,806.289
3698,KB3,HARQ,Default,200,2e-05,1,25,0,2.0161,0.888889,793.611
3699,KB3,HARQ,Default,200,2e-05,1,25,0,1.9631,0.888889,815.037
3700,KB3,HARQ,Default,200,2e-05,1,25,0,2.0091,0.888889,796.376
3701,KB3,HARQ,Default,200,2e-05,1,25,0,2.0233,0.888889,790.787
3702,KB3,HARQ,Default,200,2e-05,1,25,0,2.0224,0.888889,791.139
3703,KB3,HARQ,Default,200,2e-05,1,25,0,1.9796,0.888889,808.244
3704,KB3,HARQ,Default,200,2e-05,1,25,0,1.9635,0.888889,814.871
3705,KB3,HARQ,Default,200,2e-05,1,25,0,2.011,0.888889,795.624
3706,KB3,HARQ,Default,200,2e-05,1,25,0,2.036,0.888889,785.855
3707,KB3,HARQ,Default,200,2e-05,1,25,0,2.1249,0.888889,752.977
3708,KB3,HARQ,Default,200,2e-05,1,25,0,2.0628,0.888889,775.645
3709,KB3,HARQ,Default,200,2e-05,1,25,0,2.0389,0.888889,784.737
3710,KB3,HARQ,Default,200,2e-05,1,25,0,1.9791,0.888889,808.448
3711,KB3,HARQ,Default,200,2e-05,1,25,0,1.9855,0.888889,805.842
3712,KB3,HARQ,Default,200,2e-05,1,25,0,1.9937,0.888889,802.528
3713,KB3,HARQ,Default,200,2e-05,1,25,0,2.0225,0.888889,791.1
3714,KB3,HARQ,Default,200,2e-05,1,25,0,2.1172,0.888889,755.715
3715,KB3,HARQ,Default,200,2e-05,1,25,0,2.0769,0.888889,770.379
3716,KB3,HARQ,Default,200,2e-05,1,25,0,1.9745,0.888889,810.332
3717,KB3,HARQ,Default,200,2e-05,1,25,0,1.9593,0.888889,816.618
3718,KB3,HARQ,Default,200,2e-05,1,25,0,1.9541,0.888889,818.791
3719,KB3,HARQ,Default,200,2e-05,1,25,0,1.9654,0.888889,814.084
3720,KB3,HARQ,Default,200,2e-05,1,25,0,1.9783,0.888889,808.775
3721,KB3,HARQ,Default,200,2e-05,1,25,0,2.029,0.888889,788.566
3722,KB3,HARQ,Default,200,2e-05,1,25,0,2.0788,0.888889,769.675
3723,KB3,HARQ,Default,200,2e-05,1,25,0,2.0582,0.888889,777.378
3724,KB3,HARQ,Default,200,2e-05,1,25,0,2.0184,0.888889,792.707
3725,KB3,HARQ,Default,200,2e-05,1,25,0,1.9942,0.888889,802.327
3726,KB3,HARQ,Default,200,2e-05,1,25,0,2.0102,0.888889,795.941
3727,KB3,HARQ,Default,200,2e-05,1,25,0,2.0211,0.888889,791.648
3728,KB3,HARQ,Default,200,2e-05,1,25,0,2.0197,0.888889,792.197
3729,KB3,HARQ,Default,200,2e-05,1,25,0,1.9862,0.888889,805.558
3730,KB3,HARQ,Default,200,2e-05,1,25,0,2.0189,0.888889,792.511
3731,KB3,HARQ,Default,200,2e-05,1,25,0,2.1379,0.888889,748.398
3732,KB3,HARQ,Default,200,2e-05,1,25,0,2.0053,0.888889,797.886
3733,KB3,HARQ,Default,200,2e-05,1,25,0,2.0188,0.888889,792.55
3734,KB3,HARQ,Default,200,2e-05,1,25,0,2.0085,0.888889,796.614
3735,KB3,HARQ,Default,200,2e-05,1,25,0,2.034,0.888889,786.627
3736,KB3,HARQ,Default,200,2e-05,1,25,0,1.9952,0.888889,801.925
3737,KB3,HARQ,Default,200,2e-05,1,25,0,1.9426,0.888889,823.638
3738,KB3,HARQ,Default,200,2e-05,1,25,0,2.096,0.888889,763.359
3739,KB3,HARQ,Default,200,2e-05,1,25,0,2.0087,0.888889,796.535
3740,KB3,HARQ,Default,200,2e-05,1,25,0,2.0234,0.888889,790.748
3741,KB3,HARQ,Default,200,2e-05,1,25,0,2.0176,0.888889,793.021
3742,KB3,HARQ,Default,200,2e-05,1,25,0,1.9946,0.888889,802.166
3743,KB3,HARQ,Default,200,2e-05,1,25,0,1.9947,0.888889,802.126
3744,KB3,HARQ,Default,200,2e-05,1,25,0,2.0136,0.888889,794.597
3745,KB3,HARQ,Default,200,2e-05,1,25,0,2.022,0.888889,791.296
3746,KB3,HARQ,Default,200,2e-05,1,25,0,2.0412,0.888889,783.853
3747,KB3,HARQ,Default,200,2e-05,1,25,0,2.0214,0.888889,791.531
3748,KB3,HARQ,Default,200,2e-05,1,25,0,2.0219,0.888889,791.335
3749,KB3,HARQ,Default,200,2e-05,1,25,0,2.0274,0.888889,789.188
3750,KB3,HARQ,Default,200,2e-05,1,25,0,1.9736,0.888889,810.701
3751,KB3,HARQ,Default,200,2e-05,1,25,0,2.0199,0.888889,792.118
3752,KB3,HARQ,Default,200,2e-05,1,25,0,1.9919,0.888889,803.253
3753,KB3,HARQ,Default,200,2e-05,1,25,0,2.0386,0.888889,784.852
3754,KB3,HARQ,Default,200,2e-05,1,25,0,2.1645,0.888889,739.201
3755,KB3,HARQ,Default,200,2e-05,1,25,0,2.0617,0.888889,776.059
3756,KB3,HARQ,Default,200,2e-05,1,25,0,1.9498,0.888889,820.597
3757,KB3,HARQ,Default,200,2e-05,1,25,0,1.9476,0.888889,821.524
3758,KB3,HARQ,Default,200,2e-05,1,25,0,1.9706,0.888889,811.935
3759,KB3,HARQ,Default,200,2e-05,1,25,0,2.0252,0.888889,790.045
3760,KB3,HARQ,Default,200,2e-05,1,25,0,1.98,0.888889,808.081
3761,KB3,HARQ,Default,200,2e-05,1,25,0,2.0978,0.888889,762.704
3762,KB3,HARQ,Default,200,2e-05,1,25,0,2.1904,0.888889,730.46
3763,KB3,HARQ,Default,200,2e-05,1,25,0,2.0206,0.888889,791.844
3764,KB3,HARQ,Default,200,2e-05,1,25,0,1.9929,0.888889,802.85
3765,KB3,HARQ,Default,200,2e-05,1,25,0,1.9601,0.888889,816.285
3766,KB3,HARQ,Default,200,2e-05,1,25,0,2.0236,0.888889,790.67
3767,KB3,HARQ,Default,200,2e-05,1,25,0,1.9848,0.888889,806.127
3768,KB3,HARQ,Default,200,2e-05,1,25,0,1.9518,0.888889,819.756
3769,KB3,HARQ,Default,200,2e-05,1,25,0,2.0925,0.888889,764.636
3770,KB3,HARQ,Default,200,2e-05,1,25,0,2.0142,0.888889,794.36
3771,KB3,HARQ,Default,200,2e-05,1,25,0,1.9911,0.888889,803.576
3772,KB3,HARQ,Default,200,2e-05,1,25,0,2.0075,0.888889,797.011
3773,KB3,HARQ,Default,200,2e-05,1,25,0,2.0201,0.888889,792.04
3774,KB3,HARQ,Default,200,2e-05,1,25,0,2.0046,0.888889,798.164
3775,KB3,HARQ,Default,200,2e-05,1,25,0,1.9921,0.888889,803.173
3776,KB3,HARQ,Default,200,2e-05,1,25,0,2.027,0.888889,789.344
3777,KB3,HARQ,Default,200,2e-05,1,25,0,2.013,0.888889,794.834
3778,KB3,HARQ,Default,200,2e-05,1,25,0,2.0861,0.888889,766.981
3779,KB3,HARQ,Default,200,2e-05,1,25,0,2.0806,0.888889,769.009
3780,KB3,HARQ,Default,200,2e-05,1,25,0,2.022,0.888889,791.296
3781,KB3,HARQ,Default,200,2e-05,1,25,0,2.0118,0.888889,795.308
3782,KB3,HARQ,Default,200,2e-05,1,25,0,2.0062,0.888889,797.528
3783,KB3,HARQ,Default,200,2e-05,1,25,0,2.0285,0.888889,788.76
3784,KB3,HARQ,Default,200,2e-05,1,25,0,2.1504,0.888889,744.048
3785,KB3,HARQ,Default,200,2e-05,1,25,0,2.0367,0.888889,785.585
3786,KB3,HARQ,Default,200,2e-05,1,25,0,2.1371,0.888889,748.678
3787,KB3,HARQ,Default,200,2e-05,1,25,0,2.0114,0.888889,795.466
3788,KB3,HARQ,Default,200,2e-05,1,25,0,1.9819,0.888889,807.306
3789,KB3,HARQ,Default,200,2e-05,1,25,0,1.9902,0.888889,803.939
3790,KB3,HARQ,Default,200,2e-05,1,25,0,2.0041,0.888889,798.363
3791,KB3,HARQ,Default,200,2e-05,1,25,0,2.0627,0.888889,775.682
3792,KB3,HARQ,Default,200,2e-05,1,25,0,2.0179,0.888889,792.904
3793,KB3,HARQ,Default,200,2e-05,1,25,0,1.9799,0.888889,808.122
3794,KB3,HARQ,Default,200,2e-05,1,25,0,2.0035,0.888889,798.602
3795,KB3,HARQ,Default,200,2e-05,1,25,0,1.933,0.888889,827.729
3796,KB3,HARQ,Default,200,2e-05,1,25,0,1.9785,0.888889,808.693
3797,KB3,HARQ,Default,200,2e-05,1,25,0,1.9968,0.888889,801.282
3798,KB3,HARQ,Default,200,2e-05,1,25,0,2.0214,0.888889,791.531
3799,KB3,HARQ,Default,200,2e-05,1,25,0,2.0272,0.888889,789.266
3800,KB3,HARQ,Default,200,2e-05,1,25,0,1.9904,0.888889,803.859
3801,KB3,HARQ,Default,200,2e-05,1,25,0,1.996,0.888889,801.603
3802,KB3,HARQ,Default,200,2e-05,1,25,0,2.1082,0.888889,758.941
3803,KB3,HARQ,Default,200,2e-05,1,25,0,1.9859,0.888889,805.68
3804,KB3,HARQ,Default,200,2e-05,1,25,0,2.0196,0.888889,792.236
3805,KB3,HARQ,Default,200,2e-05,1,25,0,2.0223,0.888889,791.178
3806,KB3,HARQ,Default,200,2e-05,1,25,0,2.0287,0.888889,788.682
3807,KB3,HARQ,Default,200,2e-05,1,25,0,2.0571,0.888889,777.794
3808,KB3,HARQ,Default,200,2e-05,1,25,0,1.9761,0.888889,809.676
3809,KB3,HARQ,Default,200,2e-05,1,25,0,2.0209,0.888889,791.726
3810,KB3,HARQ,Default,200,2e-05,1,25,0,2.1103,0.888889,758.186
3811,KB3,HARQ,Default,200,2e-05,1,25,0,2.0276,0.888889,789.11
3812,KB3,HARQ,Default,200,2e-05,1,25,0,2.0206,0.888889,791.844
3813,KB3,HARQ,Default,200,2e-05,1,25,0,2.032,0.888889,787.402
3814,KB3,HARQ,Default,200,2e-05,1,25,0,1.9958,0.888889,801.684
3815,KB3,HARQ,Default,200,2e-05,1,25,0,1.9642,0.888889,814.581
3816,KB3,HARQ,Default,200,2e-05,1,25,0,1.9784,0.888889,808.734
3817,KB3,HARQ,Default,200,2e-05,1,25,0,1.9746,0.888889,810.291
3818,KB3,HARQ,Default,200,2e-05,1,25,0,2.0608,0.888889,776.398
3819,KB3,HARQ,Default,200,2e-05,1,25,0,2.0177,0.888889,792.982
3820,KB3,HARQ,Default,200,2e-05,1,25,0,1.9952,0.888889,801.925
3821,KB3,HARQ,Default,200,2e-05,1,25,0,1.9981,0.888889,800.761
3822,KB3,HARQ,Default,200,2e-05,1,25,0,2.0646,0.888889,774.969
3823,KB3,HARQ,Default,200,2e-05,1,25,0,2.0219,0.888889,791.335
3824,KB3,HARQ,Default,200,2e-05,1,25,0,2.0144,0.888889,794.281
3825,KB3,HARQ,Default,200,2e-05,1,25,0,1.9876,0.888889,804.991
3826,KB3,HARQ,Default,200,2e-05,1,25,0,2.0732,0.888889,771.754
3827,KB3,HARQ,Default,200,2e-05,1,25,0,1.9591,0.888889,816.702
3828,KB3,HARQ,Default,200,2e-05,1,25,0,1.9655,0.888889,814.042
3829,KB3,HARQ,Default,200,2e-05,1,25,0,2.0271,0.888889,789.305
3830,KB3,HARQ,Default,200,2e-05,1,25,0,2.1094,0.888889,758.51
3831,KB3,HARQ,Default,200,2e-05,1,25,0,2.0103,0.888889,795.901
3832,KB3,HARQ,Default,200,2e-05,1,25,0,2.0211,0.888889,791.648
3833,KB3,HARQ,Default,200,2e-05,1,25,0,1.9862,0.888889,805.558
3834,KB3,HARQ,Default,200,2e-05,1,25,0,2.1491,0.888889,744.498
3835,KB3,HARQ,Default,200,2e-05,1,25,0,2.0225,0.888889,791.1
3836,KB3,HARQ,Default,200,2e-05,1,25,0,1.9779,0.888889,808.939
3837,KB3,HARQ,Default,200,2e-05,1,25,0,2.0405,0.888889,784.122
3838,KB3,HARQ,Default,200,2e-05,1,25,0,2.0188,0.888889,792.55
3839,KB3,HARQ,Default,200,2e-05,1,25,0,2.0131,0.888889,794.794
3840,KB3,HARQ,Default,200,2e-05,1,25,0,2.0127,0.888889,794.952
3841,KB3,HARQ,Default,200,2e-05,1,25,0,1.9648,0.888889,814.332
3842,KB3,HARQ,Default,200,2e-05,1,25,0,2.0281,0.888889,788.916
3843,KB3,HARQ,Default,200,2e-05,1,25,0,2.0176,0.888889,793.021
3844,KB3,HARQ,Default,200,2e-05,1,25,0,2.0251,0.888889,790.084
3845,KB3,HARQ,Default,200,2e-05,1,25,0,1.9989,0.888889,800.44
3846,KB3,HARQ,Default,200,2e-05,1,25,0,1.9544,0.888889,818.666
3847,KB3,HARQ,Default,200,2e-05,1,25,0,2.0203,0.888889,791.962
3848,KB3,HARQ,Default,200,2e-05,1,25,0,1.9816,0.888889,807.428
3849,KB3,HARQ,Default,200,2e-05,1,25,0,2.0222,0.888889,791.217
3850,KB3,HARQ,Default,200,2e-05,1,25,0,2.1675,0.888889,738.178
3851,KB3,HARQ,Default,200,2e-05,1,25,0,2.0195,0.888889,792.275
3852,KB3,HARQ,Default,200,2e-05,1,25,0,2.0217,0.888889,791.413
3853,KB3,HARQ,Default,200,2e-05,1,25,0,1.9996,0.888889,800.16
3854,KB3,HARQ,Default,200,2e-05,1,25,0,2.0251,0.888889,790.084
3855,KB3,HARQ,Default,200,2e-05,1,25,0,1.9929,0.888889,802.85
3856,KB3,HARQ,Default,200,2e-05,1,25,0,1.9692,0.888889,812.513
3857,KB3,HARQ,Default,200,2e-05,1,25,0,2.0233,0.888889,790.787
3858,KB3,HARQ,Default,200,2e-05,1,25,0,2.1005,0.888889,761.723
3859,KB3,HARQ,Default,200,2e-05,1,25,0,2.0622,0.888889,775.87
3860,KB3,HARQ,Default,200,2e-05,1,25,0,2.0029,0.888889,798.842
3861,KB3,HARQ,Default,200,2e-05,1,25,0,2.0228,0.888889,790.983
3862,KB3,HARQ,Default,200,2e-05,1,25,0,2.0172,0.888889,793.179
3863,KB3,HARQ,Default,200,2e-05,1,25,0,2.0205,0.888889,791.883
3864,KB3,HARQ,Default,200,2e-05,1,25,0,2.0211,0.888889,791.648
3865,KB3,HARQ,Default,200,2e-05,1,25,0,2.0166,0.888889,793.415
3866,KB3,HARQ,Default,200,2e-05,1,25,0,2.0614,0.888889,776.172
3867,KB3,HARQ,Default,200,2e-05,1,25,0,2.2443,0.888889,712.917
3868,KB3,HARQ,Default,200,2e-05,1,25,0,2.2048,0.888889,725.689
3869,KB3,HARQ,Default,200,2e-05,1,25,0,2.0183,0.888889,792.746
3870,KB3,HARQ,Default,200,2e-05,1,25,0,2.0198,0.888889,792.158
3871,KB3,HARQ,Default,200,2e-05,1,25,0,1.9438,0.888889,823.13
3872,KB3,HARQ,Default,200,2e-05,1,25,0,1.9659,0.888889,813.877
3873,KB3,HARQ,Default,200,2e-05,1,25,0,1.969,0.888889,812.595
3874,KB3,HARQ,Default,200,2e-05,1,25,0,2.5037,0.888889,639.054
3875,KB3,HARQ,Default,200,2e-05,1,25,0,2.0285,0.888889,788.76
3876,KB3,HARQ,Default,200,2e-05,1,25,0,2.0211,0.888889,791.648
3877,KB3,HARQ,Default,200,2e-05,1,25,0,2.0206,0.888889,791.844
3878,KB3,HARQ,Default,200,2e-05,1,25,0,1.967,0.888889,813.421
3879,KB3,HARQ,Default,200,2e-05,1,25,0,1.9696,0.888889,812.348
3880,KB3,HARQ,Default,200,2e-05,1,25,0,1.9819,0.888889,807.306
3881,KB3,HARQ,Default,200,2e-05,1,25,0,2.048,0.888889,781.25
3882,KB3,HARQ,Default,200,2e-05,1,25,0,2.2598,0.888889,708.027
3883,KB3,HARQ,Default,200,2e-05,1,25,0,1.9796,0.888889,808.244
3884,KB3,HARQ,Default,200,2e-05,1,25,0,1.9557,0.888889,818.121
3885,KB3,HARQ,Default,200,2e-05,1,25,0,1.9456,0.888889,822.368
3886,KB3,HARQ,Default,200,2e-05,1,25,0,1.9501,0.888889,820.471
3887,KB3,HARQ,Default,200,2e-05,1,25,0,2.0211,0.888889,791.648
3888,KB3,HARQ,Default,200,2e-05,1,25,0,1.9859,0.888889,805.68
3889,KB3,HARQ,Default,200,2e-05,1,25,0,2.115,0.888889,756.501
3890,KB3,HARQ,Default,200,2e-05,1,25,0,2.0636,0.888889,775.344
3891,KB3,HARQ,Default,200,2e-05,1,25,0,2.0059,0.888889,797.647
3892,KB3,HARQ,Default,200,2e-05,1,25,0,2.035,0.888889,786.241
3893,KB3,HARQ,Default,200,2e-05,1,25,0,2.021,0.888889,791.687
3894,KB3,HARQ,Default,200,2e-05,1,25,0,2.0233,0.888889,790.787
3895,KB3,HARQ,Default,200,2e-05,1,25,0,2.017,0.888889,793.257
3896,KB3,HARQ,Default,200,2e-05,1,25,0,2.0272,0.888889,789.266
3897,KB3,HARQ,Default,200,2e-05,1,25,0,2.3551,0.888889,679.377
3898,KB3,HARQ,Default,200,2e-05,1,25,0,2.1654,0.888889,738.894
3899,KB3,HARQ,Default,200,2e-05,1,25,0,2.0026,0.888889,798.961
3900,KB3,HARQ,Default,200,2e-05,1,25,0,1.9756,0.888889,809.881
3901,KB3,HARQ,Default,200,2e-05,1,25,0,2.0302,0.888889,788.1
3902,KB3,HARQ,Default,200,2e-05,1,25,0,2.0245,0.888889,790.319
3903,KB3,HARQ,Default,200,2e-05,1,25,0,2.0031,0.888889,798.762
3904,KB3,HARQ,Default,200,2e-05,1,25,0,2.0202,0.888889,792.001
3905,KB3,HARQ,Default,200,2e-05,1,25,0,2.2482,0.888889,711.68
3906,KB3,HARQ,Default,200,2e-05,1,25,0,2.0057,0.888889,797.726
3907,KB3,HARQ,Default,200,2e-05,1,25,0,2.012,0.888889,795.229
3908,KB3,HARQ,Default,200,2e-05,1,25,0,1.9757,0.888889,809.84
3909,KB3,HARQ,Default,200,2e-05,1,25,0,1.9878,0.888889,804.91
3910,KB3,HARQ,Default,200,2e-05,1,25,0,1.9595,0.888889,816.535
3911,KB3,HARQ,Default,200,2e-05,1,25,0,1.962,0.888889,815.494
3912,KB3,HARQ,Default,200,2e-05,1,25,0,1.9786,0.888889,808.653
3913,KB3,HARQ,Default,200,2e-05,1,25,0,2.2388,0.888889,714.669
3914,KB3,HARQ,Default,200,2e-05,1,25,0,2.023,0.888889,790.905
3915,KB3,HARQ,Default,200,2e-05,1,25,0,2.0265,0.888889,789.539
3916,KB3,HARQ,Default,200,2e-05,1,25,0,1.9952,0.888889,801.925
3917,KB3,HARQ,Default,200,2e-05,1,25,0,1.9559,0.888889,818.038
3918,KB3,HARQ,Default,200,2e-05,1,25,0,2.0016,0.888889,799.361
3919,KB3,HARQ,Default,200,2e-05,1,25,0,2.0269,0.888889,789.383
3920,KB3,HARQ,Default,200,2e-05,1,25,0,1.99,0.888889,804.02
3921,KB3,HARQ,Default,200,2e-05,1,25,0,2.2607,0.888889,707.745
3922,KB3,HARQ,Default,200,2e-05,1,25,0,1.9701,0.888889,812.142
3923,KB3,HARQ,Default,200,2e-05,1,25,0,2.0197,0.888889,792.197
3924,KB3,HARQ,Default,200,2e-05,1,25,0,2.0297,0.888889,788.294
3925,KB3,HARQ,Default,200,2e-05,1,25,0,2.0202,0.888889,792.001
3926,KB3,HARQ,Default,200,2e-05,1,25,0,2.0202,0.888889,792.001
3927,KB3,HARQ,Default,200,2e-05,1,25,0,2.0555,0.888889,778.399
3928,KB3,HARQ,Default,200,2e-05,1,25,0,2.0246,0.888889,790.28
3929,KB3,HARQ,Default,200,2e-05,1,25,0,2.1978,0.888889,728.001
3930,KB3,HARQ,Default,200,2e-05,1,25,0,2.0001,0.888889,799.96
3931,KB3,HARQ,Default,200,2e-05,1,25,0,1.9714,0.888889,811.606
3932,KB3,HARQ,Default,200,2e-05,1,25,0,2.0083,0.888889,796.694
3933,KB3,HARQ,Default,200,2e-05,1,25,0,2.0179,0.888889,792.904
3934,KB3,HARQ,Default,200,2e-05,1,25,0,2.0321,0.888889,787.363
3935,KB3,HARQ,Default,200,2e-05,1,25,0,2.0134,0.888889,794.676
3936,KB3,HARQ,Default,200,2e-05,1,25,0,1.9536,0.888889,819.001
3937,KB3,HARQ,Default,200,2e-05,1,25,0,2.1976,0.888889,728.067
3938,KB3,HARQ,Default,200,2e-05,1,25,0,1.9842,0.888889,806.37
3939,KB3,HARQ,Default,200,2e-05,1,25,0,2.0268,0.888889,789.422
3940,KB3,HARQ,Default,200,2e-05,1,25,0,2.0037,0.888889,798.523
3941,KB3,HARQ,Default,200,2e-05,1,25,0,2.0164,0.888889,793.493
3942,KB3,HARQ,Default,200,2e-05,1,25,0,1.989,0.888889,804.424
3943,KB3,HARQ,Default,200,2e-05,1,25,0,1.9882,0.888889,804.748
3944,KB3,HARQ,Default,200,2e-05,1,25,0,1.9968,0.888889,801.282
3945,KB3,HARQ,Default,200,2e-05,1,25,0,2.2327,0.888889,716.621
3946,KB3,HARQ,Default,200,2e-05,1,25,0,1.9884,0.888889,804.667
3947,KB3,HARQ,Default,200,2e-05,1,25,0,2.0252,0.888889,790.045
3948,KB3,HARQ,Default,200,2e-05,1,25,0,2.0048,0.888889,798.085
3949,KB3,HARQ,Default,200,2e-05,1,25,0,2.0155,0.888889,793.848
3950,KB3,HARQ,Default,200,2e-05,1,25,0,2.014,0.888889,794.439
3951,KB3,HARQ,Default,200,2e-05,1,25,0,2.0179,0.888889,792.904
3952,KB3,HARQ,Default,200,2e-05,1,25,0,2.0159,0.888889,793.69
3953,KB3,HARQ,Default,200,2e-05,1,25,0,2.2482,0.888889,711.68
3954,KB3,HARQ,Default,200,2e-05,1,25,0,2.021,0.888889,791.687
3955,KB3,HARQ,Default,200,2e-05,1,25,0,2.0024,0.888889,799.041
3956,KB3,HARQ,Default,200,2e-05,1,25,0,2,0.888889,800
3957,KB3,HARQ,Default,200,2e-05,1,25,0,2.0024,0.888889,799.041
3958,KB3,HARQ,Default,200,2e-05,1,25,0,2.0064,0.888889,797.448
3959,KB3,HARQ,Default,200,2e-05,1,25,0,1.9959,0.888889,801.643
3960,KB3,HARQ,Default,200,2e-05,1,25,0,2.0034,0.888889,798.642
3961,KB3,HARQ,Default,200,2e-05,1,25,0,2.3794,0.888889,672.438
3962,KB3,HARQ,Default,200,2e-05,1,25,0,1.9798,0.888889,808.162
3963,KB3,HARQ,Default,200,2e-05,1,25,0,2.0193,0.888889,792.354
3964,KB3,HARQ,Default,200,2e-05,1,25,0,2.093,0.888889,764.453
3965,KB3,HARQ,Default,200,2e-05,1,25,0,2.0827,0.888889,768.234
3966,KB3,HARQ,Default,200,2e-05,1,25,0,2.0255,0.888889,789.928
3967,KB3,HARQ,Default,200,2e-05,1,25,0,1.9859,0.888889,805.68
3968,KB3,HARQ,Default,200,2e-05,1,25,0,2.0172,0.888889,793.179
3969,KB3,HARQ,Default,200,2e-05,1,25,0,2.1611,0.888889,740.364
3970,KB3,HARQ,Default,200,2e-05,1,25,0,1.9942,0.888889,802.327
3971,KB3,HARQ,Default,200,2e-05,1,25,0,2.0355,0.888889,786.048
3972,KB3,HARQ,Default,200,2e-05,1,25,0,2.0297,0.888889,788.294
3973,KB3,HARQ,Default,200,2e-05,1,25,0,1.9976,0.888889,800.961
3974,KB3,HARQ,Default,200,2e-05,1,25,0,1.988,0.888889,804.829
3975,KB3,HARQ,Default,200,2e-05,1,25,0,1.9916,0.888889,803.374
3976,KB3,HARQ,Default,200,2e-05,1,25,0,2.108,0.888889,759.013
3977,KB3,HARQ,Default,200,2e-05,1,25,0,2.0756,0.888889,770.861
3978,KB3,HARQ,Default,200,2e-05,1,25,0,1.989,0.888889,804.424
3979,KB3,HARQ,Default,200,2e-05,1,25,0,2.1254,0.888889,752.799
3980,KB3,HARQ,Default,200,2e-05,1,25,0,2.0226,0.888889,791.061
3981,KB3,HARQ,Default,200,2e-05,1,25,0,2.0209,0.888889,791.726
3982,KB3,HARQ,Default,200,2e-05,1,25,0,1.9919,0.888889,803.253
3983,KB3,HARQ,Default,200,2e-05,1,25,0,2.0077,0.888889,796.932
3984,KB3,HARQ,Default,200,2e-05,1,25,0,2.2844,0.888889,700.403
3985,KB3,HARQ,Default,200,2e-05,1,25,0,2.0204,0.888889,791.922
3986,KB3,HARQ,Default,200,2e-05,1,25,0,2.0548,0.888889,778.665
3987,KB3,HARQ,Default,200,2e-05,1,25,0,1.9952,0.888889,801.925
3988,KB3,HARQ,Default,200,2e-05,1,25,0,2.0095,0.888889,796.218
3989,KB3,HARQ,Default,200,2e-05,1,25,0,1.985,0.888889,806.045
3990,KB3,HARQ,Default,200,2e-05,1,25,0,2.007,0.888889,797.21
3991,KB3,HARQ,Default,200,2e-05,1,25,0,2.0178,0.888889,792.943
3992,KB3,HARQ,Default,200,2e-05,1,25,0,2.2594,0.888889,708.153
3993,KB3,HARQ,Default,200,2e-05,1,25,0,2.0397,0.888889,784.429
3994,KB3,HARQ,Default,200,2e-05,1,25,0,2.0579,0.888889,777.492
3995,KB3,HARQ,Default,200,2e-05,1,25,0,2.0725,0.888889,772.014
3996,KB3,HARQ,Default,200,2e-05,1,25,0,2.0595,0.888889,776.888
3997,KB3,HARQ,Default,200,2e-05,1,25,0,1.9966,0.888889,801.362
3998,KB3,HARQ,Default,200,2e-05,1,25,0,2.0175,0.888889,793.061
3999,KB3,HARQ,Default,200,2e-05,1,25,0,1.9888,0.888889,804.505
4000,KB3,HARQ,Default,200,2e-05,1,25,0,2.2485,0.888889,711.586
4001,KB3,ARQ,Default,200,5e-05,1,25,0,0.2364,0.888889,6768.19
4002,KB3,ARQ,Default,200,5e-05,1,25,0,0.1969,0.888889,8125.95
4003,KB3,ARQ,Default,200,5e-05,1,25,0,0.206,0.888889,7766.99
4004,KB3,ARQ,Default,200,5e-05,1,25,0,0.2033,0.888889,7870.14
4005,KB3,ARQ,Default,200,5e-05,1,25,0,0.2039,0.888889,7846.98
4006,KB3,ARQ,Default,200,5e-05,1,25,0,0.2175,0.888889,7356.32
4007,KB3,ARQ,Default,200,5e-05,1,25,0,0.1971,0.888889,8117.71
4008,KB3,ARQ,Default,200,5e-05,1,25,0,0.197,0.888889,8121.83
4009,KB3,ARQ,Default,200,5e-05,1,25,0,0.197,0.888889,8121.83
4010,KB3,ARQ,Default,200,5e-05,1,25,0,0.1997,0.888889,8012.02
4011,KB3,ARQ,Default,200,5e-05,1,25,0,0.2018,0.888889,7928.64
4012,KB3,ARQ,Default,200,5e-05,1,25,0,0.2022,0.888889,7912.96
4013,KB3,ARQ,Default,200,5e-05,1,25,0,0.203,0.888889,7881.77
4014,KB3,ARQ,Default,200,5e-05,1,25,0,0.2059,0.888889,7770.76
4015,KB3,ARQ,Default,200,5e-05,1,25,0,0.2039,0.888889,7846.98
4016,KB3,ARQ,Default,200,5e-05,1,25,0,0.2019,0.888889,7924.72
4017,KB3,ARQ,Default,200,5e-05,1,25,0,0.203,0.888889,7881.77
4018,KB3,ARQ,Default,200,5e-05,1,25,0,0.2027,0.888889,7893.44
4019,KB3,ARQ,Default,200,5e-05,1,25,0,0.2024,0.888889,7905.14
4020,KB3,ARQ,Default,200,5e-05,1,25,0,0.2026,0.888889,7897.33
4021,KB3,ARQ,Default,200,5e-05,1,25,1,0.2105,0.854701,7600.95
4022,KB3,ARQ,Default,200,5e-05,1,25,0,0.204,0.888889,7843.14
4023,KB3,ARQ,Default,200,5e-05,1,25,0,0.2034,0.888889,7866.27
4024,KB3,ARQ,Default,200,5e-05,1,25,0,0.2029,0.888889,7885.66
4025,KB3,ARQ,Default,200,5e-05,1,25,0,0.2072,0.888889,7722.01
4026,KB3,ARQ,Default,200,5e-05,1,25,0,0.2055,0.888889,7785.89
4027,KB3,ARQ,Default,200,5e-05,1,25,0,0.2037,0.888889,7854.69
4028,KB3,ARQ,Default,200,5e-05,1,25,0,0.2056,0.888889,7782.1
4029,KB3,ARQ,Default,200,5e-05,1,25,0,0.2046,0.888889,7820.14
4030,KB3,ARQ,Default,200,5e-05,1,25,0,0.2037,0.888889,7854.69
4031,KB3,ARQ,Default,200,5e-05,1,25,0,0.2039,0.888889,7846.98
4032,KB3,ARQ,Default,200,5e-05,1,25,0,0.2026,0.888889,7897.33
4033,KB3,ARQ,Default,200,5e-05,1,25,0,0.202,0.888889,7920.79
4034,KB3,ARQ,Default,200,5e-05,1,25,1,0.2029,0.854701,7885.66
4035,KB3,ARQ,Default,200,5e-05,1,25,0,0.2002,0.888889,7992.01
4036,KB3,ARQ,Default,200,5e-05,1,25,0,0.2036,0.888889,7858.55
4037,KB3,ARQ,Default,200,5e-05,1,25,1,0.2104,0.854701,7604.56
4038,KB3,ARQ,Default,200,5e-05,1,25,1,0.2092,0.854701,7648.18
4039,KB3,ARQ,Default,200,5e-05,1,25,0,0.2144,0.888889,7462.69
4040,KB3,ARQ,Default,200,5e-05,1,25,0,0.1984,0.888889,8064.52
4041,KB3,ARQ,Default,200,5e-05,1,25,0,0.1977,0.888889,8093.07
4042,KB3,ARQ,Default,200,5e-05,1,25,0,0.1993,0.888889,8028.1
4043,KB3,ARQ,Default,200,5e-05,1,25,0,0.2015,0.888889,7940.45
4044,KB3,ARQ,Default,200,5e-05,1,25,1,0.2072,0.854701,7722.01
4045,KB3,ARQ,Default,200,5e-05,1,25,0,0.2039,0.888889,7846.98
4046,KB3,ARQ,Default,200,5e-05,1,25,0,0.2053,0.888889,7793.47
4047,KB3,ARQ,Default,200,5e-05,1,25,1,0.2016,0.854701,7936.51
4048,KB3,ARQ,Default,200,5e-05,1,25,0,0.1979,0.888889,8084.89
4049,KB3,ARQ,Default,200,5e-05,1,25,0,0.1982,0.888889,8072.65
4050,KB3,ARQ,Default,200,5e-05,1,25,0,0.2014,0.888889,7944.39
4051,KB3,ARQ,Default,200,5e-05,1,25,0,0.2028,0.888889,7889.55
4052,KB3,ARQ,Default,200,5e-05,1,25,1,0.2066,0.854701,7744.43
4053,KB3,ARQ,Default,200,5e-05,1,25,0,0.2043,0.888889,7831.62
4054,KB3,ARQ,Default,200,5e-05,1,25,0,0.2073,0.888889,7718.28
4055,KB3,ARQ,Default,200,5e-05,1,25,0,0.2033,0.888889,7870.14
4056,KB3,ARQ,Default,200,5e-05,1,25,0,0.2061,0.888889,7763.22
4057,KB3,ARQ,Default,200,5e-05,1,25,0,0.2359,0.888889,6782.53
4058,KB3,ARQ,Default,200,5e-05,1,25,0,0.2495,0.888889,6412.83
4059,KB3,ARQ,Default,200,5e-05,1,25,0,0.2029,0.888889,7885.66
4060,KB3,ARQ,Default,200,5e-05,1,25,0,0.2013,0.888889,7948.34
4061,KB3,ARQ,Default,200,5e-05,1,25,0,0.2074,0.888889,7714.56
4062,KB3,ARQ,Default,200,5e-05,1,25,0,0.2042,0.888889,7835.46
4063,KB3,ARQ,Default,200,5e-05,1,25,0,0.2032,0.888889,7874.02
4064,KB3,ARQ,Default,200,5e-05,1,25,0,0.2021,0.888889,7916.87
4065,KB3,ARQ,Default,200,5e-05,1,25,0,0.2021,0.888889,7916.87
4066,KB3,ARQ,Default,200,5e-05,1,25,1,0.2073,0.854701,7718.28
4067,KB3,ARQ,Default,200,5e-05,1,25,0,0.2035,0.888889,7862.41
4068,KB3,ARQ,Default,200,5e-05,1,25,0,0.2054,0.888889,7789.68
4069,KB3,ARQ,Default,200,5e-05,1,25,0,0.2017,0.888889,7932.57
4070,KB3,ARQ,Default,200,5e-05,1,25,0,0.2036,0.888889,7858.55
4071,KB3,ARQ,Default,200,5e-05,1,25,0,0.2034,0.888889,7866.27
4072,KB3,ARQ,Default,200,5e-05,1,25,0,0.2065,0.888889,7748.18
4073,KB3,ARQ,Default,200,5e-05,1,25,0,0.2025,0.888889,7901.23
4074,KB3,ARQ,Default,200,5e-05,1,25,1,0.2083,0.854701,7681.23
4075,KB3,ARQ,Default,200,5e-05,1,25,0,0.2024,0.888889,7905.14
4076,KB3,ARQ,Default,200,5e-05,1,25,0,0.2026,0.888889,7897.33
4077,KB3,ARQ,Default,200,5e-05,1,25,0,0.2028,0.888889,7889.55
4078,KB3,ARQ,Default,200,5e-05,1,25,0,0.2031,0.888889,7877.89
4079,KB3,ARQ,Default,200,5e-05,1,25,0,0.2061,0.888889,7763.22
4080,KB3,ARQ,Default,200,5e-05,1,25,0,0.2029,0.888889,7885.66
4081,KB3,ARQ,Default,200,5e-05,1,25,0,0.2011,0.888889,7956.24
4082,KB3,ARQ,Default,200,5e-05,1,25,0,0.2037,0.888889,7854.69
4083,KB3,ARQ,Default,200,5e-05,1,25,0,0.205,0.888889,7804.88
4084,KB3,ARQ,Default,200,5e-05,1,25,0,0.2035,0.888889,7862.41
4085,KB3,ARQ,Default,200,5e-05,1,25,0,0.202,0.888889,7920.79
4086,KB3,ARQ,Default,200,5e-05,1,25,0,0.2078,0.888889,7699.71
4087,KB3,ARQ,Default,200,5e-05,1,25,0,0.2037,0.888889,7854.69
4088,KB3,ARQ,Default,200,5e-05,1,25,0,0.2021,0.888889,7916.87
4089,KB3,ARQ,Default,200,5e-05,1,25,0,0.2023,0.888889,7909.05
4090,KB3,ARQ,Default,200,5e-05,1,25,0,0.2069,0.888889,7733.2
4091,KB3,ARQ,Default,200,5e-05,1,25,1,0.2073,0.854701,7718.28
4092,KB3,ARQ,Default,200,5e-05,1,25,0,0.2027,0.888889,7893.44
4093,KB3,ARQ,Default,200,5e-05,1,25,0,0.2023,0.888889,7909.05
4094,KB3,ARQ,Default,200,5e-05,1,25,0,0.2067,0.888889,7740.69
4095,KB3,ARQ,Default,200,5e-05,1,25,0,0.2029,0.888889,7885.66
4096,KB3,ARQ,Default,200,5e-05,1,25,0,0.2019,0.888889,7924.72
4097,KB3,ARQ,Default,200,5e-05,1,25,0,0.2032,0.888889,7874.02
4098,KB3,ARQ,Default,200,5e-05,1,25,0,0.1988,0.888889,8048.29
4099,KB3,ARQ,Default,200,5e-05,1,25,0,0.1979,0.888889,8084.89
4100,KB3,ARQ,Default,200,5e-05,1,25,0,0.1974,0.888889,8105.37
4101,KB3,ARQ,Default,200,5e-05,1,25,0,0.2003,0.888889,7988.02
4102,KB3,ARQ,Default,200,5e-05,1,25,0,0.2047,0.888889,7816.32
4103,KB3,ARQ,Default,200,5e-05,1,25,0,0.2046,0.888889,7820.14
4104,KB3,ARQ,Default,200,5e-05,1,25,0,0.2026,0.888889,7897.33
4105,KB3,ARQ,Default,200,5e-05,1,25,0,0.2052,0.888889,7797.27
4106,KB3,ARQ,Default,200,5e-05,1,25,0,0.2052,0.888889,7797.27
4107,KB3,ARQ,Default,200,5e-05,1,25,0,0.2047,0.888889,7816.32
4108,KB3,ARQ,Default,200,5e-05,1,25,0,0.2048,0.888889,7812.5
4109,KB3,ARQ,Default,200,5e-05,1,25,0,0.2043,0.888889,7831.62
4110,KB3,ARQ,Default,200,5e-05,1,25,0,0.2032,0.888889,7874.02
4111,KB3,ARQ,Default,200,5e-05,1,25,0,0.2026,0.888889,7897.33
4112,KB3,ARQ,Default,200,5e-05,1,25,0,0.2038,0.888889,7850.83
4113,KB3,ARQ,Default,200,5e-05,1,25,0,0.2028,0.888889,7889.55
4114,KB3,ARQ,Default,200,5e-05,1,25,1,0.2088,0.854701,7662.84
4115,KB3,ARQ,Default,200,5e-05,1,25,0,0.2028,0.888889,7889.55
4116,KB3,ARQ,Default,200,5e-05,1,25,0,0.1976,0.888889,8097.17
4117,KB3,ARQ,Default,200,5e-05,1,25,0,0.251,0.888889,6374.5
4118,KB3,ARQ,Default,200,5e-05,1,25,0,0.2153,0.888889,7431.49
4119,KB3,ARQ,Default,200,5e-05,1,25,0,0.2938,0.888889,5445.88
4120,KB3,ARQ,Default,200,5e-05,1,25,0,0.2017,0.888889,7932.57
4121,KB3,ARQ,Default,200,5e-05,1,25,0,0.2035,0.888889,7862.41
4122,KB3,ARQ,Default,200,5e-05,1,25,0,0.2061,0.888889,7763.22
4123,KB3,ARQ,Default,200,5e-05,1,25,0,0.2058,0.888889,7774.54
4124,KB3,ARQ,Default,200,5e-05,1,25,0,0.2021,0.888889,7916.87
4125,KB3,ARQ,Default,200,5e-05,1,25,0,0.203,0.888889,7881.77
4126,KB3,ARQ,Default,200,5e-05,1,25,0,0.205,0.888889,7804.88
4127,KB3,ARQ,Default,200,5e-05,1,25,0,0.2047,0.888889,7816.32
4128,KB3,ARQ,Default,200,5e-05,1,25,0,0.2004,0.888889,7984.03
4129,KB3,ARQ,Default,200,5e-05,1,25,0,0.204,0.888889,7843.14
4130,KB3,ARQ,Default,200,5e-05,1,25,1,0.2066,0.854701,7744.43
4131,KB3,ARQ,Default,200,5e-05,1,25,0,0.2044,0.888889,7827.79
4132,KB3,ARQ,Default,200,5e-05,1,25,0,0.2018,0.888889,7928.64
4133,KB3,ARQ,Default,200,5e-05,1,25,0,0.2062,0.888889,7759.46
4134,KB3,ARQ,Default,200,5e-05,1,25,0,0.2035,0.888889,7862.41
4135,KB3,ARQ,Default,200,5e-05,1,25,0,0.2035,0.888889,7862.41
4136,KB3,ARQ,Default,200,5e-05,1,25,0,0.2019,0.888889,7924.72
4137,KB3,ARQ,Default,200,5e-05,1,25,0,0.2053,0.888889,7793.47
4138,KB3,ARQ,Default,200,5e-05,1,25,0,0.203,0.888889,7881.77
4139,KB3,ARQ,Default,200,5e-05,1,25,0,0.2041,0.888889,7839.29
4140,KB3,ARQ,Default,200,5e-05,1,25,0,0.2027,0.888889,7893.44
4141,KB3,ARQ,Default,200,5e-05,1,25,0,0.2033,0.888889,7870.14
4142,KB3,ARQ,Default,200,5e-05,1,25,0,0.2017,0.888889,7932.57
4143,KB3,ARQ,Default,200,5e-05,1,25,0,0.2031,0.888889,7877.89
4144,KB3,ARQ,Default,200,5e-05,1,25,0,0.2053,0.888889,7793.47
4145,KB3,ARQ,Default,200,5e-05,1,25,0,0.2023,0.888889,7909.05
4146,KB3,ARQ,Default,200,5e-05,1,25,0,0.2037,0.888889,7854.69
4147,KB3,ARQ,Default,200,5e-05,1,25,0,0.2047,0.888889,7816.32
4148,KB3,ARQ,Default,200,5e-05,1,25,0,0.2069,0.888889,7733.2
4149,KB3,ARQ,Default,200,5e-05,1,25,0,0.2038,0.888889,7850.83
4150,KB3,ARQ,Default,200,5e-05,1,25,0,0.2017,0.888889,7932.57
4151,KB3,ARQ,Default,200,5e-05,1,25,0,0.204,0.888889,7843.14
4152,KB3,ARQ,Default,200,5e-05,1,25,0,0.2036,0.888889,7858.55
4153,KB3,ARQ,Default,200,5e-05,1,25,0,0.2023,0.888889,7909.05
4154,KB3,ARQ,Default,200,5e-05,1,25,0,0.2027,0.888889,7893.44
4155,KB3,ARQ,Default,200,5e-05,1,25,1,0.2099,0.854701,7622.68
4156,KB3,ARQ,Default,200,5e-05,1,25,0,0.2022,0.888889,7912.96
4157,KB3,ARQ,Default,200,5e-05,1,25,0,0.2026,0.888889,7897.33
4158,KB3,ARQ,Default,200,5e-05,1,25,0,0.2024,0.888889,7905.14
4159,KB3,ARQ,Default,200,5e-05,1,25,0,0.206,0.888889,7766.99
4160,KB3,ARQ,Default,200,5e-05,1,25,0,0.2039,0.888889,7846.98
4161,KB3,ARQ,Default,200,5e-05,1,25,0,0.202,0.888889,7920.79
4162,KB3,ARQ,Default,200,5e-05,1,25,0,0.2011,0.888889,7956.24
4163,KB3,ARQ,Default,200,5e-05,1,25,0,0.2057,0.888889,7778.32
4164,KB3,ARQ,Default,200,5e-05,1,25,0,0.2024,0.888889,7905.14
4165,KB3,ARQ,Default,200,5e-05,1,25,0,0.1977,0.888889,8093.07
4166,KB3,ARQ,Default,200,5e-05,1,25,0,0.203,0.888889,7881.77
4167,KB3,ARQ,Default,200,5e-05,1,25,0,0.2036,0.888889,7858.55
4168,KB3,ARQ,Default,200,5e-05,1,25,0,0.2033,0.888889,7870.14
4169,KB3,ARQ,Default,200,5e-05,1,25,0,0.2037,0.888889,7854.69
4170,KB3,ARQ,Default,200,5e-05,1,25,0,0.2037,0.888889,7854.69
4171,KB3,ARQ,Default,200,5e-05,1,25,0,0.2054,0.888889,7789.68
4172,KB3,ARQ,Default,200,5e-05,1,25,0,0.2025,0.888889,7901.23
4173,KB3,ARQ,Default,200,5e-05,1,25,0,0.2049,0.888889,7808.69
4174,KB3,ARQ,Default,200,5e-05,1,25,0,0.2028,0.888889,7889.55
4175,KB3,ARQ,Default,200,5e-05,1,25,0,0.2041,0.888889,7839.29
4176,KB3,ARQ,Default,200,5e-05,1,25,1,0.2082,0.854701,7684.92
4177,KB3,ARQ,Default,200,5e-05,1,25,0,0.2216,0.888889,7220.22
4178,KB3,ARQ,Default,200,5e-05,1,25,0,0.2077,0.888889,7703.42
4179,KB3,ARQ,Default,200,5e-05,1,25,0,0.241,0.888889,6639
4180,KB3,ARQ,Default,200,5e-05,1,25,0,0.2069,0.888889,7733.2
4181,KB3,ARQ,Default,200,5e-05,1,25,0,0.2015,0.888889,7940.45
4182,KB3,ARQ,Default,200,5e-05,1,25,0,0.203,0.888889,7881.77
4183,KB3,ARQ,Default,200,5e-05,1,25,0,0.2051,0.888889,7801.07
4184,KB3,ARQ,Default,200,5e-05,1,25,0,0.2049,0.888889,7808.69
4185,KB3,ARQ,Default,200,5e-05,1,25,0,0.2032,0.888889,7874.02
4186,KB3,ARQ,Default,200,5e-05,1,25,0,0.2037,0.888889,7854.69
4187,KB3,ARQ,Default,200,5e-05,1,25,0,0.2076,0.888889,7707.13
4188,KB3,ARQ,Default,200,5e-05,1,25,0,0.2031,0.888889,7877.89
4189,KB3,ARQ,Default,200,5e-05,1,25,0,0.2038,0.888889,7850.83
4190,KB3,ARQ,Default,200,5e-05,1,25,0,0.2025,0.888889,7901.23
4191,KB3,ARQ,Default,200,5e-05,1,25,0,0.2064,0.888889,7751.94
4192,KB3,ARQ,Default,200,5e-05,1,25,0,0.2045,0.888889,7823.96
4193,KB3,ARQ,Default,200,5e-05,1,25,0,0.2026,0.888889,7897.33
4194,KB3,ARQ,Default,200,5e-05,1,25,0,0.2027,0.888889,7893.44
4195,KB3,ARQ,Default,200,5e-05,1,25,0,0.2051,0.888889,7801.07
4196,KB3,ARQ,Default,200,5e-05,1,25,0,0.2047,0.888889,7816.32
4197,KB3,ARQ,Default,200,5e-05,1,25,0,0.2036,0.888889,7858.55
4198,KB3,ARQ,Default,200,5e-05,1,25,0,0.2036,0.888889,7858.55
4199,KB3,ARQ,Default,200,5e-05,1,25,0,0.2033,0.888889,7870.14
4200,KB3,ARQ,Default,200,5e-05,1,25,0,0.2038,0.888889,7850.83
4201,KB3,ARQ,Default,200,5e-05,1,25,0,0.2021,0.888889,7916.87
4202,KB3,ARQ,Default,200,5e-05,1,25,0,0.2051,0.888889,7801.07
4203,KB3,ARQ,Default,200,5e-05,1,25,0,0.2035,0.888889,7862.41
4204,KB3,ARQ,Default,200,5e-05,1,25,0,0.2046,0.888889,7820.14
4205,KB3,ARQ,Default,200,5e-05,1,25,0,0.2061,0.888889,7763.22
4206,KB3,ARQ,Default,200,5e-05,1,25,0,0.2028,0.888889,7889.55
4207,KB3,ARQ,Default,200,5e-05,1,25,0,0.2034,0.888889,7866.27
4208,KB3,ARQ,Default,200,5e-05,1,25,0,0.2045,0.888889,7823.96
4209,KB3,ARQ,Default,200,5e-05,1,25,0,0.2053,0.888889,7793.47
4210,KB3,ARQ,Default,200,5e-05,1,25,0,0.2032,0.888889,7874.02
4211,KB3,ARQ,Default,200,5e-05,1,25,0,0.2024,0.888889,7905.14
4212,KB3,ARQ,Default,200,5e-05,1,25,0,0.2035,0.888889,7862.41
4213,KB3,ARQ,Default,200,5e-05,1,25,0,0.207,0.888889,7729.47
4214,KB3,ARQ,Default,200,5e-05,1,25,0,0.2022,0.888889,7912.96
4215,KB3,ARQ,Default,200,5e-05,1,25,0,0.2019,0.888889,7924.72
4216,KB3,ARQ,Default,200,5e-05,1,25,0,0.2048,0.888889,7812.5
4217,KB3,ARQ,Default,200,5e-05,1,25,0,0.2028,0.888889,7889.55
4218,KB3,ARQ,Default,200,5e-05,1,25,0,0.2036,0.888889,7858.55
4219,KB3,ARQ,Default,200,5e-05,1,25,0,0.2036,0.888889,7858.55
4220,KB3,ARQ,Default,200,5e-05,1,25,0,0.2058,0.888889,7774.54
4221,KB3,ARQ,Default,200,5e-05,1,25,0,0.2031,0.888889,7877.89
4222,KB3,ARQ,Default,200,5e-05,1,25,0,0.2027,0.888889,7893.44
4223,KB3,ARQ,Default,200,5e-05,1,25,0,0.2013,0.888889,7948.34
4224,KB3,ARQ,Default,200,5e-05,1,25,0,0.1973,0.888889,8109.48
4225,KB3,ARQ,Default,200,5e-05,1,25,0,0.1973,0.888889,8109.48
4226,KB3,ARQ,Default,200,5e-05,1,25,0,0.1965,0.888889,8142.49
4227,KB3,ARQ,Default,200,5e-05,1,25,0,0.1987,0.888889,8052.34
4228,KB3,ARQ,Default,200,5e-05,1,25,0,0.2046,0.888889,7820.14
4229,KB3,ARQ,Default,200,5e-05,1,25,0,0.2034,0.888889,7866.27
4230,KB3,ARQ,Default,200,5e-05,1,25,0,0.2028,0.888889,7889.55
4231,KB3,ARQ,Default,200,5e-05,1,25,0,0.204,0.888889,7843.14
4232,KB3,ARQ,Default,200,5e-05,1,25,0,0.2047,0.888889,7816.32
4233,KB3,ARQ,Default,200,5e-05,1,25,0,0.2025,0.888889,7901.23
4234,KB3,ARQ,Default,200,5e-05,1,25,0,0.2019,0.888889,7924.72
4235,KB3,ARQ,Default,200,5e-05,1,25,0,0.2049,0.888889,7808.69
4236,KB3,ARQ,Default,200,5e-05,1,25,1,0.2067,0.854701,7740.69
4237,KB3,ARQ,Default,200,5e-05,1,25,0,0.2137,0.888889,7487.13
4238,KB3,ARQ,Default,200,5e-05,1,25,1,0.2834,0.854701,5645.73
4239,KB3,ARQ,Default,200,5e-05,1,25,1,0.3233,0.854701,4948.96
4240,KB3,ARQ,Default,200,5e-05,1,25,0,0.2731,0.888889,5858.66
4241,KB3,ARQ,Default,200,5e-05,1,25,0,0.2061,0.888889,7763.22
4242,KB3,ARQ,Default,200,5e-05,1,25,0,0.2044,0.888889,7827.79
4243,KB3,ARQ,Default,200,5e-05,1,25,0,0.2035,0.888889,7862.41
4244,KB3,ARQ,Default,200,5e-05,1,25,0,0.2058,0.888889,7774.54
4245,KB3,ARQ,Default,200,5e-05,1,25,0,0.2047,0.888889,7816.32
4246,KB3,ARQ,Default,200,5e-05,1,25,0,0.2033,0.888889,7870.14
4247,KB3,ARQ,Default,200,5e-05,1,25,1,0.2084,0.854701,7677.54
4248,KB3,ARQ,Default,200,5e-05,1,25,0,0.2045,0.888889,7823.96
4249,KB3,ARQ,Default,200,5e-05,1,25,0,0.2033,0.888889,7870.14
4250,KB3,ARQ,Default,200,5e-05,1,25,0,0.2012,0.888889,7952.29
4251,KB3,ARQ,Default,200,5e-05,1,25,0,0.2053,0.888889,7793.47
4252,KB3,ARQ,Default,200,5e-05,1,25,0,0.2046,0.888889,7820.14
4253,KB3,ARQ,Default,200,5e-05,1,25,0,0.2033,0.888889,7870.14
4254,KB3,ARQ,Default,200,5e-05,1,25,0,0.2032,0.888889,7874.02
4255,KB3,ARQ,Default,200,5e-05,1,25,0,0.2062,0.888889,7759.46
4256,KB3,ARQ,Default,200,5e-05,1,25,0,0.2043,0.888889,7831.62
4257,KB3,ARQ,Default,200,5e-05,1,25,0,0.2023,0.888889,7909.05
4258,KB3,ARQ,Default,200,5e-05,1,25,0,0.2022,0.888889,7912.96
4259,KB3,ARQ,Default,200,5e-05,1,25,0,0.204,0.888889,7843.14
4260,KB3,ARQ,Default,200,5e-05,1,25,0,0.2037,0.888889,7854.69
4261,KB3,ARQ,Default,200,5e-05,1,25,1,0.2071,0.854701,7725.74
4262,KB3,ARQ,Default,200,5e-05,1,25,0,0.2057,0.888889,7778.32
4263,KB3,ARQ,Default,200,5e-05,1,25,0,0.2038,0.888889,7850.83
4264,KB3,ARQ,Default,200,5e-05,1,25,1,0.2068,0.854701,7736.94
4265,KB3,ARQ,Default,200,5e-05,1,25,0,0.2045,0.888889,7823.96
4266,KB3,ARQ,Default,200,5e-05,1,25,0,0.2054,0.888889,7789.68
4267,KB3,ARQ,Default,200,5e-05,1,25,0,0.2024,0.888889,7905.14
4268,KB3,ARQ,Default,200,5e-05,1,25,0,0.204,0.888889,7843.14
4269,KB3,ARQ,Default,200,5e-05,1,25,0,0.2039,0.888889,7846.98
4270,KB3,ARQ,Default,200,5e-05,1,25,0,0.2035,0.888889,7862.41
4271,KB3,ARQ,Default,200,5e-05,1,25,0,0.202,0.888889,7920.79
4272,KB3,ARQ,Default,200,5e-05,1,25,0,0.2036,0.888889,7858.55
4273,KB3,ARQ,Default,200,5e-05,1,25,0,0.2061,0.888889,7763.22
4274,KB3,ARQ,Default,200,5e-05,1,25,0,0.2038,0.888889,7850.83
4275,KB3,ARQ,Default,200,5e-05,1,25,0,0.203,0.888889,7881.77
4276,KB3,ARQ,Default,200,5e-05,1,25,0,0.2022,0.888889,7912.96
4277,KB3,ARQ,Default,200,5e-05,1,25,0,0.2086,0.888889,7670.18
4278,KB3,ARQ,Default,200,5e-05,1,25,1,0.2066,0.854701,7744.43
4279,KB3,ARQ,Default,200,5e-05,1,25,0,0.2022,0.888889,7912.96
4280,KB3,ARQ,Default,200,5e-05,1,25,0,0.2039,0.888889,7846.98
4281,KB3,ARQ,Default,200,5e-05,1,25,0,0.205,0.888889,7804.88
4282,KB3,ARQ,Default,200,5e-05,1,25,0,0.2022,0.888889,7912.96
4283,KB3,ARQ,Default,200,5e-05,1,25,0,0.2033,0.888889,7870.14
4284,KB3,ARQ,Default,200,5e-05,1,25,0,0.2042,0.888889,7835.46
4285,KB3,ARQ,Default,200,5e-05,1,25,0,0.2023,0.888889,7909.05
4286,KB3,ARQ,Default,200,5e-05,1,25,0,0.2024,0.888889,7905.14
4287,KB3,ARQ,Default,200,5e-05,1,25,0,0.202,0.888889,7920.79
4288,KB3,ARQ,Default,200,5e-05,1,25,0,0.2452,0.888889,6525.29
4289,KB3,ARQ,Default,200,5e-05,1,25,0,0.2086,0.888889,7670.18
4290,KB3,ARQ,Default,200,5e-05,1,25,0,0.2021,0.888889,7916.87
4291,KB3,ARQ,Default,200,5e-05,1,25,0,0.206,0.888889,7766.99
4292,KB3,ARQ,Default,200,5e-05,1,25,0,0.1979,0.888889,8084.89
4293,KB3,ARQ,Default,200,5e-05,1,25,0,0.1991,0.888889,8036.16
4294,KB3,ARQ,Default,200,5e-05,1,25,1,0.2023,0.854701,7909.05
4295,KB3,ARQ,Default,200,5e-05,1,25,1,0.2045,0.854701,7823.96
4296,KB3,ARQ,Default,200,5e-05,1,25,0,0.2024,0.888889,7905.14
4297,KB3,ARQ,Default,200,5e-05,1,25,0,0.2024,0.888889,7905.14
4298,KB3,ARQ,Default,200,5e-05,1,25,0,0.2074,0.888889,7714.56
4299,KB3,ARQ,Default,200,5e-05,1,25,0,0.2075,0.888889,7710.84
4300,KB3,ARQ,Default,200,5e-05,1,25,0,0.2065,0.888889,7748.18
4301,KB3,ARQ,Default,200,5e-05,1,25,0,0.2072,0.888889,7722.01
4302,KB3,ARQ,Default,200,5e-05,1,25,0,0.2086,0.888889,7670.18
4303,KB3,ARQ,Default,200,5e-05,1,25,0,0.2031,0.888889,7877.89
4304,KB3,ARQ,Default,200,5e-05,1,25,0,0.202,0.888889,7920.79
4305,KB3,ARQ,Default,200,5e-05,1,25,0,0.2047,0.888889,7816.32
4306,KB3,ARQ,Default,200,5e-05,1,25,0,0.2026,0.888889,7897.33
4307,KB3,ARQ,Default,200,5e-05,1,25,0,0.2048,0.888889,7812.5
4308,KB3,ARQ,Default,200,5e-05,1,25,0,0.2042,0.888889,7835.46
4309,KB3,ARQ,Default,200,5e-05,1,25,0,0.2077,0.888889,7703.42
4310,KB3,ARQ,Default,200,5e-05,1,25,0,0.2024,0.888889,7905.14
4311,KB3,ARQ,Default,200,5e-05,1,25,0,0.203,0.888889,7881.77
4312,KB3,ARQ,Default,200,5e-05,1,25,0,0.2033,0.888889,7870.14
4313,KB3,ARQ,Default,200,5e-05,1,25,0,0.2085,0.888889,7673.86
4314,KB3,ARQ,Default,200,5e-05,1,25,0,0.2008,0.888889,7968.13
4315,KB3,ARQ,Default,200,5e-05,1,25,0,0.2032,0.888889,7874.02
4316,KB3,ARQ,Default,200,5e-05,1,25,0,0.2026,0.888889,7897.33
4317,KB3,ARQ,Default,200,5e-05,1,25,0,0.2043,0.888889,7831.62
4318,KB3,ARQ,Default,200,5e-05,1,25,0,0.2052,0.888889,7797.27
4319,KB3,ARQ,Default,200,5e-05,1,25,0,0.2008,0.888889,7968.13
4320,KB3,ARQ,Default,200,5e-05,1,25,0,0.2052,0.888889,7797.27
4321,KB3,ARQ,Default,200,5e-05,1,25,0,0.2039,0.888889,7846.98
4322,KB3,ARQ,Default,200,5e-05,1,25,0,0.2014,0.888889,7944.39
4323,KB3,ARQ,Default,200,5e-05,1,25,1,0.2056,0.854701,7782.1
4324,KB3,ARQ,Default,200,5e-05,1,25,0,0.2065,0.888889,7748.18
4325,KB3,ARQ,Default,200,5e-05,1,25,0,0.2032,0.888889,7874.02
4326,KB3,ARQ,Default,200,5e-05,1,25,0,0.2037,0.888889,7854.69
4327,KB3,ARQ,Default,200,5e-05,1,25,0,0.2058,0.888889,7774.54
4328,KB3,ARQ,Default,200,5e-05,1,25,0,0.2032,0.888889,7874.02
4329,KB3,ARQ,Default,200,5e-05,1,25,0,0.2049,0.888889,7808.69
4330,KB3,ARQ,Default,200,5e-05,1,25,0,0.2043,0.888889,7831.62
4331,KB3,ARQ,Default,200,5e-05,1,25,0,0.2168,0.888889,7380.07
4332,KB3,ARQ,Default,200,5e-05,1,25,0,0.1971,0.888889,8117.71
4333,KB3,ARQ,Default,200,5e-05,1,25,0,0.1986,0.888889,8056.39
4334,KB3,ARQ,Default,200,5e-05,1,25,0,0.1996,0.888889,8016.03
4335,KB3,ARQ,Default,200,5e-05,1,25,0,0.2028,0.888889,7889.55
4336,KB3,ARQ,Default,200,5e-05,1,25,0,0.2032,0.888889,7874.02
4337,KB3,ARQ,Default,200,5e-05,1,25,0,0.2038,0.888889,7850.83
4338,KB3,ARQ,Default,200,5e-05,1,25,0,0.2028,0.888889,7889.55
4339,KB3,ARQ,Default,200,5e-05,1,25,0,0.2031,0.888889,7877.89
4340,KB3,ARQ,Default,200,5e-05,1,25,0,0.2036,0.888889,7858.55
4341,KB3,ARQ,Default,200,5e-05,1,25,0,0.2039,0.888889,7846.98
4342,KB3,ARQ,Default,200,5e-05,1,25,0,0.2072,0.888889,7722.01
4343,KB3,ARQ,Default,200,5e-05,1,25,0,0.2026,0.888889,7897.33
4344,KB3,ARQ,Default,200,5e-05,1,25,0,0.2027,0.888889,7893.44
4345,KB3,ARQ,Default,200,5e-05,1,25,0,0.2047,0.888889,7816.32
4346,KB3,ARQ,Default,200,5e-05,1,25,0,0.2235,0.888889,7158.84
4347,KB3,ARQ,Default,200,5e-05,1,25,0,0.2033,0.888889,7870.14
4348,KB3,ARQ,Default,200,5e-05,1,25,0,0.2033,0.888889,7870.14
4349,KB3,ARQ,Default,200,5e-05,1,25,0,0.2055,0.888889,7785.89
4350,KB3,ARQ,Default,200,5e-05,1,25,0,0.2038,0.888889,7850.83
4351,KB3,ARQ,Default,200,5e-05,1,25,0,0.2034,0.888889,7866.27
4352,KB3,ARQ,Default,200,5e-05,1,25,1,0.206,0.854701,7766.99
4353,KB3,ARQ,Default,200,5e-05,1,25,0,0.2048,0.888889,7812.5
4354,KB3,ARQ,Default,200,5e-05,1,25,0,0.2046,0.888889,7820.14
4355,KB3,ARQ,Default,200,5e-05,1,25,0,0.2032,0.888889,7874.02
4356,KB3,ARQ,Default,200,5e-05,1,25,0,0.2019,0.888889,7924.72
4357,KB3,ARQ,Default,200,5e-05,1,25,0,0.2034,0.888889,7866.27
4358,KB3,ARQ,Default,200,5e-05,1,25,0,0.2111,0.888889,7579.35
4359,KB3,ARQ,Default,200,5e-05,1,25,0,0.2833,0.888889,5647.72
4360,KB3,ARQ,Default,200,5e-05,1,25,0,0.2062,0.888889,7759.46
4361,KB3,ARQ,Default,200,5e-05,1,25,0,0.2028,0.888889,7889.55
4362,KB3,ARQ,Default,200,5e-05,1,25,0,0.2036,0.888889,7858.55
4363,KB3,ARQ,Default,200,5e-05,1,25,0,0.1983,0.888889,8068.58
4364,KB3,ARQ,Default,200,5e-05,1,25,0,0.2045,0.888889,7823.96
4365,KB3,ARQ,Default,200,5e-05,1,25,0,0.2021,0.888889,7916.87
4366,KB3,ARQ,Default,200,5e-05,1,25,0,0.2047,0.888889,7816.32
4367,KB3,ARQ,Default,200,5e-05,1,25,0,0.2044,0.888889,7827.79
4368,KB3,ARQ,Default,200,5e-05,1,25,0,0.2024,0.888889,7905.14
4369,KB3,ARQ,Default,200,5e-05,1,25,0,0.2012,0.888889,7952.29
4370,KB3,ARQ,Default,200,5e-05,1,25,0,0.2042,0.888889,7835.46
4371,KB3,ARQ,Default,200,5e-05,1,25,0,0.2058,0.888889,7774.54
4372,KB3,ARQ,Default,200,5e-05,1,25,0,0.2031,0.888889,7877.89
4373,KB3,ARQ,Default,200,5e-05,1,25,0,0.2027,0.888889,7893.44
4374,KB3,ARQ,Default,200,5e-05,1,25,0,0.2062,0.888889,7759.46
4375,KB3,ARQ,Default,200,5e-05,1,25,0,0.2025,0.888889,7901.23
4376,KB3,ARQ,Default,200,5e-05,1,25,0,0.202,0.888889,7920.79
4377,KB3,ARQ,Default,200,5e-05,1,25,0,0.2016,0.888889,7936.51
4378,KB3,ARQ,Default,200,5e-05,1,25,0,0.2078,0.888889,7699.71
4379,KB3,ARQ,Default,200,5e-05,1,25,0,0.2027,0.888889,7893.44
4380,KB3,ARQ,Default,200,5e-05,1,25,0,0.2039,0.888889,7846.98
4381,KB3,ARQ,Default,200,5e-05,1,25,0,0.2025,0.888889,7901.23
4382,KB3,ARQ,Default,200,5e-05,1,25,0,0.2054,0.888889,7789.68
4383,KB3,ARQ,Default,200,5e-05,1,25,0,0.2028,0.888889,7889.55
4384,KB3,ARQ,Default,200,5e-05,1,25,0,0.2021,0.888889,7916.87
4385,KB3,ARQ,Default,200,5e-05,1,25,0,0.2066,0.888889,7744.43
4386,KB3,ARQ,Default,200,5e-05,1,25,0,0.2058,0.888889,7774.54
4387,KB3,ARQ,Default,200,5e-05,1,25,0,0.2019,0.888889,7924.72
4388,KB3,ARQ,Default,200,5e-05,1,25,0,0.2025,0.888889,7901.23
4389,KB3,ARQ,Default,200,5e-05,1,25,0,0.2052,0.888889,7797.27
4390,KB3,ARQ,Default,200,5e-05,1,25,0,0.2038,0.888889,7850.83
4391,KB3,ARQ,Default,200,5e-05,1,25,0,0.2028,0.888889,7889.55
4392,KB3,ARQ,Default,200,5e-05,1,25,0,0.2014,0.888889,7944.39
4393,KB3,ARQ,Default,200,5e-05,1,25,0,0.2071,0.888889,7725.74
4394,KB3,ARQ,Default,200,5e-05,1,25,0,0.2028,0.888889,7889.55
4395,KB3,ARQ,Default,200,5e-05,1,25,0,0.2032,0.888889,7874.02
4396,KB3,ARQ,Default,200,5e-05,1,25,0,0.2035,0.888889,7862.41
4397,KB3,ARQ,Default,200,5e-05,1,25,0,0.2037,0.888889,7854.69
4398,KB3,ARQ,Default,200,5e-05,1,25,0,0.2026,0.888889,7897.33
4399,KB3,ARQ,Default,200,5e-05,1,25,0,0.2039,0.888889,7846.98
4400,KB3,ARQ,Default,200,5e-05,1,25,0,0.204,0.888889,7843.14
4401,KB3,ARQ,Default,200,5e-05,1,25,0,0.2034,0.888889,7866.27
4402,KB3,ARQ,Default,200,5e-05,1,25,0,0.2033,0.888889,7870.14
4403,KB3,ARQ,Default,200,5e-05,1,25,0,0.2032,0.888889,7874.02
4404,KB3,ARQ,Default,200,5e-05,1,25,0,0.2036,0.888889,7858.55
4405,KB3,ARQ,Default,200,5e-05,1,25,0,0.2034,0.888889,7866.27
4406,KB3,ARQ,Default,200,5e-05,1,25,0,0.2029,0.888889,7885.66
4407,KB3,ARQ,Default,200,5e-05,1,25,0,0.2068,0.888889,7736.94
4408,KB3,ARQ,Default,200,5e-05,1,25,0,0.2033,0.888889,7870.14
4409,KB3,ARQ,Default,200,5e-05,1,25,0,0.2026,0.888889,7897.33
4410,KB3,ARQ,Default,200,5e-05,1,25,0,0.2048,0.888889,7812.5
4411,KB3,ARQ,Default,200,5e-05,1,25,0,0.2067,0.888889,7740.69
4412,KB3,ARQ,Default,200,5e-05,1,25,0,0.2029,0.888889,7885.66
4413,KB3,ARQ,Default,200,5e-05,1,25,0,0.2024,0.888889,7905.14
4414,KB3,ARQ,Default,200,5e-05,1,25,0,0.2035,0.888889,7862.41
4415,KB3,ARQ,Default,200,5e-05,1,25,0,0.2043,0.888889,7831.62
4416,KB3,ARQ,Default,200,5e-05,1,25,0,0.2026,0.888889,7897.33
4417,KB3,ARQ,Default,200,5e-05,1,25,0,0.2026,0.888889,7897.33
4418,KB3,ARQ,Default,200,5e-05,1,25,0,0.2058,0.888889,7774.54
4419,KB3,ARQ,Default,200,5e-05,1,25,0,0.3086,0.888889,5184.71
4420,KB3,ARQ,Default,200,5e-05,1,25,0,0.2023,0.888889,7909.05
4421,KB3,ARQ,Default,200,5e-05,1,25,0,0.2088,0.888889,7662.84
4422,KB3,ARQ,Default,200,5e-05,1,25,0,0.2017,0.888889,7932.57
4423,KB3,ARQ,Default,200,5e-05,1,25,0,0.204,0.888889,7843.14
4424,KB3,ARQ,Default,200,5e-05,1,25,0,0.2023,0.888889,7909.05
4425,KB3,ARQ,Default,200,5e-05,1,25,0,0.2038,0.888889,7850.83
4426,KB3,ARQ,Default,200,5e-05,1,25,0,0.203,0.888889,7881.77
4427,KB3,ARQ,Default,200,5e-05,1,25,0,0.2048,0.888889,7812.5
4428,KB3,ARQ,Default,200,5e-05,1,25,0,0.2027,0.888889,7893.44
4429,KB3,ARQ,Default,200,5e-05,1,25,0,0.2046,0.888889,7820.14
4430,KB3,ARQ,Default,200,5e-05,1,25,0,0.203,0.888889,7881.77
4431,KB3,ARQ,Default,200,5e-05,1,25,0,0.203,0.888889,7881.77
4432,KB3,ARQ,Default,200,5e-05,1,25,0,0.2051,0.888889,7801.07
4433,KB3,ARQ,Default,200,5e-05,1,25,0,0.2041,0.888889,7839.29
4434,KB3,ARQ,Default,200,5e-05,1,25,0,0.2034,0.888889,7866.27
4435,KB3,ARQ,Default,200,5e-05,1,25,0,0.2038,0.888889,7850.83
4436,KB3,ARQ,Default,200,5e-05,1,25,0,0.2073,0.888889,7718.28
4437,KB3,ARQ,Default,200,5e-05,1,25,0,0.2018,0.888889,7928.64
4438,KB3,ARQ,Default,200,5e-05,1,25,0,0.2032,0.888889,7874.02
4439,KB3,ARQ,Default,200,5e-05,1,25,0,0.2036,0.888889,7858.55
4440,KB3,ARQ,Default,200,5e-05,1,25,0,0.2025,0.888889,7901.23
4441,KB3,ARQ,Default,200,5e-05,1,25,0,0.2031,0.888889,7877.89
4442,KB3,ARQ,Default,200,5e-05,1,25,1,0.2052,0.854701,7797.27
4443,KB3,ARQ,Default,200,5e-05,1,25,0,0.214,0.888889,7476.64
4444,KB3,ARQ,Default,200,5e-05,1,25,0,0.1965,0.888889,8142.49
4445,KB3,ARQ,Default,200,5e-05,1,25,0,0.1968,0.888889,8130.08
4446,KB3,ARQ,Default,200,5e-05,1,25,0,0.1977,0.888889,8093.07
4447,KB3,ARQ,Default,200,5e-05,1,25,0,0.204,0.888889,7843.14
4448,KB3,ARQ,Default,200,5e-05,1,25,0,0.2024,0.888889,7905.14
4449,KB3,ARQ,Default,200,5e-05,1,25,0,0.204,0.888889,7843.14
4450,KB3,ARQ,Default,200,5e-05,1,25,0,0.2021,0.888889,7916.87
4451,KB3,ARQ,Default,200,5e-05,1,25,0,0.2046,0.888889,7820.14
4452,KB3,ARQ,Default,200,5e-05,1,25,0,0.2055,0.888889,7785.89
4453,KB3,ARQ,Default,200,5e-05,1,25,0,0.2035,0.888889,7862.41
4454,KB3,ARQ,Default,200,5e-05,1,25,0,0.2041,0.888889,7839.29
4455,KB3,ARQ,Default,200,5e-05,1,25,0,0.2049,0.888889,7808.69
4456,KB3,ARQ,Default,200,5e-05,1,25,0,0.2037,0.888889,7854.69
4457,KB3,ARQ,Default,200,5e-05,1,25,0,0.2017,0.888889,7932.57
4458,KB3,ARQ,Default,200,5e-05,1,25,0,0.2067,0.888889,7740.69
4459,KB3,ARQ,Default,200,5e-05,1,25,0,0.2047,0.888889,7816.32
4460,KB3,ARQ,Default,200,5e-05,1,25,0,0.2041,0.888889,7839.29
4461,KB3,ARQ,Default,200,5e-05,1,25,0,0.2027,0.888889,7893.44
4462,KB3,ARQ,Default,200,5e-05,1,25,0,0.2211,0.888889,7236.54
4463,KB3,ARQ,Default,200,5e-05,1,25,0,0.212,0.888889,7547.17
4464,KB3,ARQ,Default,200,5e-05,1,25,0,0.2034,0.888889,7866.27
4465,KB3,ARQ,Default,200,5e-05,1,25,0,0.2049,0.888889,7808.69
4466,KB3,ARQ,Default,200,5e-05,1,25,0,0.2025,0.888889,7901.23
4467,KB3,ARQ,Default,200,5e-05,1,25,0,0.2042,0.888889,7835.46
4468,KB3,ARQ,Default,200,5e-05,1,25,0,0.2047,0.888889,7816.32
4469,KB3,ARQ,Default,200,5e-05,1,25,0,0.2035,0.888889,7862.41
4470,KB3,ARQ,Default,200,5e-05,1,25,0,0.2026,0.888889,7897.33
4471,KB3,ARQ,Default,200,5e-05,1,25,0,0.2041,0.888889,7839.29
4472,KB3,ARQ,Default,200,5e-05,1,25,0,0.2058,0.888889,7774.54
4473,KB3,ARQ,Default,200,5e-05,1,25,0,0.2023,0.888889,7909.05
4474,KB3,ARQ,Default,200,5e-05,1,25,0,0.2029,0.888889,7885.66
4475,KB3,ARQ,Default,200,5e-05,1,25,0,0.2034,0.888889,7866.27
4476,KB3,ARQ,Default,200,5e-05,1,25,1,0.2096,0.854701,7633.59
4477,KB3,ARQ,Default,200,5e-05,1,25,0,0.2031,0.888889,7877.89
4478,KB3,ARQ,Default,200,5e-05,1,25,0,0.2022,0.888889,7912.96
4479,KB3,ARQ,Default,200,5e-05,1,25,0,0.2027,0.888889,7893.44
4480,KB3,ARQ,Default,200,5e-05,1,25,0,0.2833,0.888889,5647.72
4481,KB3,ARQ,Default,200,5e-05,1,25,0,0.2034,0.888889,7866.27
4482,KB3,ARQ,Default,200,5e-05,1,25,0,0.2018,0.888889,7928.64
4483,KB3,ARQ,Default,200,5e-05,1,25,0,0.206,0.888889,7766.99
4484,KB3,ARQ,Default,200,5e-05,1,25,0,0.2051,0.888889,7801.07
4485,KB3,ARQ,Default,200,5e-05,1,25,0,0.2034,0.888889,7866.27
4486,KB3,ARQ,Default,200,5e-05,1,25,0,0.2035,0.888889,7862.41
4487,KB3,ARQ,Default,200,5e-05,1,25,0,0.2032,0.888889,7874.02
4488,KB3,ARQ,Default,200,5e-05,1,25,0,0.2046,0.888889,7820.14
4489,KB3,ARQ,Default,200,5e-05,1,25,0,0.2013,0.888889,7948.34
4490,KB3,ARQ,Default,200,5e-05,1,25,1,0.2084,0.854701,7677.54
4491,KB3,ARQ,Default,200,5e-05,1,25,0,0.2041,0.888889,7839.29
4492,KB3,ARQ,Default,200,5e-05,1,25,0,0.2033,0.888889,7870.14
4493,KB3,ARQ,Default,200,5e-05,1,25,1,0.2076,0.854701,7707.13
4494,KB3,ARQ,Default,200,5e-05,1,25,0,0.2057,0.888889,7778.32
4495,KB3,ARQ,Default,200,5e-05,1,25,0,0.2029,0.888889,7885.66
4496,KB3,ARQ,Default,200,5e-05,1,25,0,0.1992,0.888889,8032.13
4497,KB3,ARQ,Default,200,5e-05,1,25,0,0.1971,0.888889,8117.71
4498,KB3,ARQ,Default,200,5e-05,1,25,1,0.2062,0.854701,7759.46
4499,KB3,ARQ,Default,200,5e-05,1,25,0,0.2031,0.888889,7877.89
4500,KB3,ARQ,Default,200,5e-05,1,25,0,0.2045,0.888889,7823.96
4501,KB3,ARQ,Default,200,5e-05,1,25,0,0.2057,0.888889,7778.32
4502,KB3,ARQ,Default,200,5e-05,1,25,0,0.2028,0.888889,7889.55
4503,KB3,ARQ,Default,200,5e-05,1,25,0,0.202,0.888889,7920.79
4504,KB3,ARQ,Default,200,5e-05,1,25,0,0.2028,0.888889,7889.55
4505,KB3,ARQ,Default,200,5e-05,1,25,0,0.2062,0.888889,7759.46
4506,KB3,ARQ,Default,200,5e-05,1,25,0,0.2022,0.888889,7912.96
4507,KB3,ARQ,Default,200,5e-05,1,25,0,0.2028,0.888889,7889.55
4508,KB3,ARQ,Default,200,5e-05,1,25,0,0.2078,0.888889,7699.71
4509,KB3,ARQ,Default,200,5e-05,1,25,0,0.1973,0.888889,8109.48
4510,KB3,ARQ,Default,200,5e-05,1,25,0,0.1963,0.888889,8150.79
4511,KB3,ARQ,Default,200,5e-05,1,25,0,0.1969,0.888889,8125.95
4512,KB3,ARQ,Default,200,5e-05,1,25,0,0.2018,0.888889,7928.64
4513,KB3,ARQ,Default,200,5e-05,1,25,0,0.2023,0.888889,7909.05
4514,KB3,ARQ,Default,200,5e-05,1,25,0,0.2022,0.888889,7912.96
4515,KB3,ARQ,Default,200,5e-05,1,25,0,0.2037,0.888889,7854.69
4516,KB3,ARQ,Default,200,5e-05,1,25,0,0.2061,0.888889,7763.22
4517,KB3,ARQ,Default,200,5e-05,1,25,0,0.2017,0.888889,7932.57
4518,KB3,ARQ,Default,200,5e-05,1,25,0,0.2039,0.888889,7846.98
4519,KB3,ARQ,Default,200,5e-05,1,25,0,0.2033,0.888889,7870.14
4520,KB3,ARQ,Default,200,5e-05,1,25,0,0.2048,0.888889,7812.5
4521,KB3,ARQ,Default,200,5e-05,1,25,0,0.2027,0.888889,7893.44
4522,KB3,ARQ,Default,200,5e-05,1,25,0,0.2031,0.888889,7877.89
4523,KB3,ARQ,Default,200,5e-05,1,25,0,0.2057,0.888889,7778.32
4524,KB3,ARQ,Default,200,5e-05,1,25,0,0.2038,0.888889,7850.83
4525,KB3,ARQ,Default,200,5e-05,1,25,0,0.2047,0.888889,7816.32
4526,KB3,ARQ,Default,200,5e-05,1,25,0,0.2042,0.888889,7835.46
4527,KB3,ARQ,Default,200,5e-05,1,25,0,0.209,0.888889,7655.5
4528,KB3,ARQ,Default,200,5e-05,1,25,0,0.2051,0.888889,7801.07
4529,KB3,ARQ,Default,200,5e-05,1,25,1,0.2073,0.854701,7718.28
4530,KB3,ARQ,Default,200,5e-05,1,25,0,0.2077,0.888889,7703.42
4531,KB3,ARQ,Default,200,5e-05,1,25,0,0.2038,0.888889,7850.83
4532,KB3,ARQ,Default,200,5e-05,1,25,0,0.2041,0.888889,7839.29
4533,KB3,ARQ,Default,200,5e-05,1,25,0,0.2047,0.888889,7816.32
4534,KB3,ARQ,Default,200,5e-05,1,25,0,0.205,0.888889,7804.88
4535,KB3,ARQ,Default,200,5e-05,1,25,0,0.2027,0.888889,7893.44
4536,KB3,ARQ,Default,200,5e-05,1,25,0,0.2036,0.888889,7858.55
4537,KB3,ARQ,Default,200,5e-05,1,25,0,0.2032,0.888889,7874.02
4538,KB3,ARQ,Default,200,5e-05,1,25,1,0.2075,0.854701,7710.84
4539,KB3,ARQ,Default,200,5e-05,1,25,0,0.2032,0.888889,7874.02
4540,KB3,ARQ,Default,200,5e-05,1,25,0,0.2109,0.888889,7586.53
4541,KB3,ARQ,Default,200,5e-05,1,25,0,0.3194,0.888889,5009.39
4542,KB3,ARQ,Default,200,5e-05,1,25,0,0.205,0.888889,7804.88
4543,KB3,ARQ,Default,200,5e-05,1,25,0,0.2034,0.888889,7866.27
4544,KB3,ARQ,Default,200,5e-05,1,25,0,0.2141,0.888889,7473.14
4545,KB3,ARQ,Default,200,5e-05,1,25,0,0.2053,0.888889,7793.47
4546,KB3,ARQ,Default,200,5e-05,1,25,0,0.2038,0.888889,7850.83
4547,KB3,ARQ,Default,200,5e-05,1,25,0,0.2036,0.888889,7858.55
4548,KB3,ARQ,Default,200,5e-05,1,25,0,0.2066,0.888889,7744.43
4549,KB3,ARQ,Default,200,5e-05,1,25,0,0.2044,0.888889,7827.79
4550,KB3,ARQ,Default,200,5e-05,1,25,0,0.2041,0.888889,7839.29
4551,KB3,ARQ,Default,200,5e-05,1,25,0,0.2038,0.888889,7850.83
4552,KB3,ARQ,Default,200,5e-05,1,25,0,0.1992,0.888889,8032.13
4553,KB3,ARQ,Default,200,5e-05,1,25,0,0.1995,0.888889,8020.05
4554,KB3,ARQ,Default,200,5e-05,1,25,0,0.1966,0.888889,8138.35
4555,KB3,ARQ,Default,200,5e-05,1,25,0,0.1986,0.888889,8056.39
4556,KB3,ARQ,Default,200,5e-05,1,25,0,0.2033,0.888889,7870.14
4557,KB3,ARQ,Default,200,5e-05,1,25,0,0.2045,0.888889,7823.96
4558,KB3,ARQ,Default,200,5e-05,1,25,1,0.2062,0.854701,7759.46
4559,KB3,ARQ,Default,200,5e-05,1,25,0,0.2055,0.888889,7785.89
4560,KB3,ARQ,Default,200,5e-05,1,25,0,0.203,0.888889,7881.77
4561,KB3,ARQ,Default,200,5e-05,1,25,0,0.2041,0.888889,7839.29
4562,KB3,ARQ,Default,200,5e-05,1,25,0,0.1964,0.888889,8146.64
4563,KB3,ARQ,Default,200,5e-05,1,25,0,0.2029,0.888889,7885.66
4564,KB3,ARQ,Default,200,5e-05,1,25,1,0.2063,0.854701,7755.7
4565,KB3,ARQ,Default,200,5e-05,1,25,0,0.2041,0.888889,7839.29
4566,KB3,ARQ,Default,200,5e-05,1,25,0,0.2062,0.888889,7759.46
4567,KB3,ARQ,Default,200,5e-05,1,25,0,0.204,0.888889,7843.14
4568,KB3,ARQ,Default,200,5e-05,1,25,0,0.2022,0.888889,7912.96
4569,KB3,ARQ,Default,200,5e-05,1,25,0,0.2043,0.888889,7831.62
4570,KB3,ARQ,Default,200,5e-05,1,25,0,0.205,0.888889,7804.88
4571,KB3,ARQ,Default,200,5e-05,1,25,0,0.2041,0.888889,7839.29
4572,KB3,ARQ,Default,200,5e-05,1,25,0,0.2034,0.888889,7866.27
4573,KB3,ARQ,Default,200,5e-05,1,25,0,0.204,0.888889,7843.14
4574,KB3,ARQ,Default,200,5e-05,1,25,0,0.2033,0.888889,7870.14
4575,KB3,ARQ,Default,200,5e-05,1,25,0,0.2014,0.888889,7944.39
4576,KB3,ARQ,Default,200,5e-05,1,25,0,0.2039,0.888889,7846.98
4577,KB3,ARQ,Default,200,5e-05,1,25,0,0.2075,0.888889,7710.84
4578,KB3,ARQ,Default,200,5e-05,1,25,0,0.2027,0.888889,7893.44
4579,KB3,ARQ,Default,200,5e-05,1,25,0,0.2016,0.888889,7936.51
4580,KB3,ARQ,Default,200,5e-05,1,25,0,0.2028,0.888889,7889.55
4581,KB3,ARQ,Default,200,5e-05,1,25,1,0.2104,0.854701,7604.56
4582,KB3,ARQ,Default,200,5e-05,1,25,0,0.2036,0.888889,7858.55
4583,KB3,ARQ,Default,200,5e-05,1,25,0,0.202,0.888889,7920.79
4584,KB3,ARQ,Default,200,5e-05,1,25,0,0.2017,0.888889,7932.57
4585,KB3,ARQ,Default,200,5e-05,1,25,0,0.2038,0.888889,7850.83
4586,KB3,ARQ,Default,200,5e-05,1,25,0,0.2029,0.888889,7885.66
4587,KB3,ARQ,Default,200,5e-05,1,25,0,0.203,0.888889,7881.77
4588,KB3,ARQ,Default,200,5e-05,1,25,0,0.2054,0.888889,7789.68
4589,KB3,ARQ,Default,200,5e-05,1,25,0,0.2032,0.888889,7874.02
4590,KB3,ARQ,Default,200,5e-05,1,25,0,0.2018,0.888889,7928.64
4591,KB3,ARQ,Default,200,5e-05,1,25,0,0.2039,0.888889,7846.98
4592,KB3,ARQ,Default,200,5e-05,1,25,0,0.207,0.888889,7729.47
4593,KB3,ARQ,Default,200,5e-05,1,25,0,0.2049,0.888889,7808.69
4594,KB3,ARQ,Default,200,5e-05,1,25,0,0.2024,0.888889,7905.14
4595,KB3,ARQ,Default,200,5e-05,1,25,0,0.205,0.888889,7804.88
4596,KB3,ARQ,Default,200,5e-05,1,25,0,0.2025,0.888889,7901.23
4597,KB3,ARQ,Default,200,5e-05,1,25,0,0.2041,0.888889,7839.29
4598,KB3,ARQ,Default,200,5e-05,1,25,0,0.2046,0.888889,7820.14
4599,KB3,ARQ,Default,200,5e-05,1,25,0,0.2054,0.888889,7789.68
4600,KB3,ARQ,Default,200,5e-05,1,25,0,0.2017,0.888889,7932.57
4601,KB3,ARQ,Default,200,5e-05,1,25,0,0.2978,0.888889,5372.73
4602,KB3,ARQ,Default,200,5e-05,1,25,0,0.2081,0.888889,7688.61
4603,KB3,ARQ,Default,200,5e-05,1,25,0,0.2041,0.888889,7839.29
4604,KB3,ARQ,Default,200,5e-05,1,25,0,0.2047,0.888889,7816.32
4605,KB3,ARQ,Default,200,5e-05,1,25,0,0.2044,0.888889,7827.79
4606,KB3,ARQ,Default,200,5e-05,1,25,0,0.206,0.888889,7766.99
4607,KB3,ARQ,Default,200,5e-05,1,25,0,0.2025,0.888889,7901.23
4608,KB3,ARQ,Default,200,5e-05,1,25,1,0.2069,0.854701,7733.2
4609,KB3,ARQ,Default,200,5e-05,1,25,0,0.2023,0.888889,7909.05
4610,KB3,ARQ,Default,200,5e-05,1,25,0,0.2048,0.888889,7812.5
4611,KB3,ARQ,Default,200,5e-05,1,25,0,0.2036,0.888889,7858.55
4612,KB3,ARQ,Default,200,5e-05,1,25,0,0.2034,0.888889,7866.27
4613,KB3,ARQ,Default,200,5e-05,1,25,0,0.2063,0.888889,7755.7
4614,KB3,ARQ,Default,200,5e-05,1,25,0,0.2044,0.888889,7827.79
4615,KB3,ARQ,Default,200,5e-05,1,25,0,0.2017,0.888889,7932.57
4616,KB3,ARQ,Default,200,5e-05,1,25,0,0.2019,0.888889,7924.72
4617,KB3,ARQ,Default,200,5e-05,1,25,0,0.2071,0.888889,7725.74
4618,KB3,ARQ,Default,200,5e-05,1,25,0,0.2043,0.888889,7831.62
4619,KB3,ARQ,Default,200,5e-05,1,25,0,0.2035,0.888889,7862.41
4620,KB3,ARQ,Default,200,5e-05,1,25,0,0.2028,0.888889,7889.55
4621,KB3,ARQ,Default,200,5e-05,1,25,0,0.2048,0.888889,7812.5
4622,KB3,ARQ,Default,200,5e-05,1,25,0,0.204,0.888889,7843.14
4623,KB3,ARQ,Default,200,5e-05,1,25,0,0.2031,0.888889,7877.89
4624,KB3,ARQ,Default,200,5e-05,1,25,0,0.2052,0.888889,7797.27
4625,KB3,ARQ,Default,200,5e-05,1,25,0,0.1987,0.888889,8052.34
4626,KB3,ARQ,Default,200,5e-05,1,25,0,0.1972,0.888889,8113.59
4627,KB3,ARQ,Default,200,5e-05,1,25,0,0.1976,0.888889,8097.17
4628,KB3,ARQ,Default,200,5e-05,1,25,0,0.2035,0.888889,7862.41
4629,KB3,ARQ,Default,200,5e-05,1,25,0,0.2033,0.888889,7870.14
4630,KB3,ARQ,Default,200,5e-05,1,25,0,0.2043,0.888889,7831.62
4631,KB3,ARQ,Default,200,5e-05,1,25,0,0.2033,0.888889,7870.14
4632,KB3,ARQ,Default,200,5e-05,1,25,0,0.2056,0.888889,7782.1
4633,KB3,ARQ,Default,200,5e-05,1,25,0,0.2027,0.888889,7893.44
4634,KB3,ARQ,Default,200,5e-05,1,25,0,0.2036,0.888889,7858.55
4635,KB3,ARQ,Default,200,5e-05,1,25,0,0.2059,0.888889,7770.76
4636,KB3,ARQ,Default,200,5e-05,1,25,0,0.2006,0.888889,7976.07
4637,KB3,ARQ,Default,200,5e-05,1,25,0,0.2027,0.888889,7893.44
4638,KB3,ARQ,Default,200,5e-05,1,25,0,0.203,0.888889,7881.77
4639,KB3,ARQ,Default,200,5e-05,1,25,0,0.2069,0.888889,7733.2
4640,KB3,ARQ,Default,200,5e-05,1,25,0,0.203,0.888889,7881.77
4641,KB3,ARQ,Default,200,5e-05,1,25,0,0.2021,0.888889,7916.87
4642,KB3,ARQ,Default,200,5e-05,1,25,0,0.2037,0.888889,7854.69
4643,KB3,ARQ,Default,200,5e-05,1,25,0,0.2043,0.888889,7831.62
4644,KB3,ARQ,Default,200,5e-05,1,25,0,0.2015,0.888889,7940.45
4645,KB3,ARQ,Default,200,5e-05,1,25,0,0.202,0.888889,7920.79
4646,KB3,ARQ,Default,200,5e-05,1,25,0,0.2076,0.888889,7707.13
4647,KB3,ARQ,Default,200,5e-05,1,25,0,0.2032,0.888889,7874.02
4648,KB3,ARQ,Default,200,5e-05,1,25,0,0.2035,0.888889,7862.41
4649,KB3,ARQ,Default,200,5e-05,1,25,0,0.202,0.888889,7920.79
4650,KB3,ARQ,Default,200,5e-05,1,25,0,0.2067,0.888889,7740.69
4651,KB3,ARQ,Default,200,5e-05,1,25,0,0.2033,0.888889,7870.14
4652,KB3,ARQ,Default,200,5e-05,1,25,0,0.2035,0.888889,7862.41
4653,KB3,ARQ,Default,200,5e-05,1,25,0,0.2045,0.888889,7823.96
4654,KB3,ARQ,Default,200,5e-05,1,25,0,0.2037,0.888889,7854.69
4655,KB3,ARQ,Default,200,5e-05,1,25,0,0.2028,0.888889,7889.55
4656,KB3,ARQ,Default,200,5e-05,1,25,0,0.2032,0.888889,7874.02
4657,KB3,ARQ,Default,200,5e-05,1,25,0,0.2045,0.888889,7823.96
4658,KB3,ARQ,Default,200,5e-05,1,25,0,0.2033,0.888889,7870.14
4659,KB3,ARQ,Default,200,5e-05,1,25,0,0.2037,0.888889,7854.69
4660,KB3,ARQ,Default,200,5e-05,1,25,0,0.2035,0.888889,7862.41
4661,KB3,ARQ,Default,200,5e-05,1,25,0,0.2092,0.888889,7648.18
4662,KB3,ARQ,Default,200,5e-05,1,25,0,0.3118,0.888889,5131.49
4663,KB3,ARQ,Default,200,5e-05,1,25,0,0.1998,0.888889,8008.01
4664,KB3,ARQ,Default,200,5e-05,1,25,0,0.203,0.888889,7881.77
4665,KB3,ARQ,Default,200,5e-05,1,25,0,0.2031,0.888889,7877.89
4666,KB3,ARQ,Default,200,5e-05,1,25,0,0.2049,0.888889,7808.69
4667,KB3,ARQ,Default,200,5e-05,1,25,0,0.2037,0.888889,7854.69
4668,KB3,ARQ,Default,200,5e-05,1,25,0,0.2043,0.888889,7831.62
4669,KB3,ARQ,Default,200,5e-05,1,25,0,0.2028,0.888889,7889.55
4670,KB3,ARQ,Default,200,5e-05,1,25,0,0.2045,0.888889,7823.96
4671,KB3,ARQ,Default,200,5e-05,1,25,0,0.2064,0.888889,7751.94
4672,KB3,ARQ,Default,200,5e-05,1,25,0,0.2019,0.888889,7924.72
4673,KB3,ARQ,Default,200,5e-05,1,25,0,0.2028,0.888889,7889.55
4674,KB3,ARQ,Default,200,5e-05,1,25,0,0.203,0.888889,7881.77
4675,KB3,ARQ,Default,200,5e-05,1,25,0,0.2048,0.888889,7812.5
4676,KB3,ARQ,Default,200,5e-05,1,25,0,0.2033,0.888889,7870.14
4677,KB3,ARQ,Default,200,5e-05,1,25,1,0.2063,0.854701,7755.7
4678,KB3,ARQ,Default,200,5e-05,1,25,0,0.2043,0.888889,7831.62
4679,KB3,ARQ,Default,200,5e-05,1,25,0,0.204,0.888889,7843.14
4680,KB3,ARQ,Default,200,5e-05,1,25,1,0.2064,0.854701,7751.94
4681,KB3,ARQ,Default,200,5e-05,1,25,0,0.2037,0.888889,7854.69
4682,KB3,ARQ,Default,200,5e-05,1,25,0,0.2062,0.888889,7759.46
4683,KB3,ARQ,Default,200,5e-05,1,25,0,0.204,0.888889,7843.14
4684,KB3,ARQ,Default,200,5e-05,1,25,0,0.2024,0.888889,7905.14
4685,KB3,ARQ,Default,200,5e-05,1,25,0,0.2031,0.888889,7877.89
4686,KB3,ARQ,Default,200,5e-05,1,25,0,0.207,0.888889,7729.47
4687,KB3,ARQ,Default,200,5e-05,1,25,0,0.2044,0.888889,7827.79
4688,KB3,ARQ,Default,200,5e-05,1,25,0,0.203,0.888889,7881.77
4689,KB3,ARQ,Default,200,5e-05,1,25,0,0.2027,0.888889,7893.44
4690,KB3,ARQ,Default,200,5e-05,1,25,0,0.2055,0.888889,7785.89
4691,KB3,ARQ,Default,200,5e-05,1,25,1,0.2077,0.854701,7703.42
4692,KB3,ARQ,Default,200,5e-05,1,25,0,0.2025,0.888889,7901.23
4693,KB3,ARQ,Default,200,5e-05,1,25,0,0.2047,0.888889,7816.32
4694,KB3,ARQ,Default,200,5e-05,1,25,0,0.1994,0.888889,8024.07
4695,KB3,ARQ,Default,200,5e-05,1,25,0,0.1982,0.888889,8072.65
4696,KB3,ARQ,Default,200,5e-05,1,25,1,0.1995,0.854701,8020.05
4697,KB3,ARQ,Default,200,5e-05,1,25,0,0.2045,0.888889,7823.96
4698,KB3,ARQ,Default,200,5e-05,1,25,0,0.2028,0.888889,7889.55
4699,KB3,ARQ,Default,200,5e-05,1,25,1,0.2074,0.854701,7714.56
4700,KB3,ARQ,Default,200,5e-05,1,25,0,0.2032,0.888889,7874.02
4701,KB3,ARQ,Default,200,5e-05,1,25,0,0.2031,0.888889,7877.89
4702,KB3,ARQ,Default,200,5e-05,1,25,0,0.2017,0.888889,7932.57
4703,KB3,ARQ,Default,200,5e-05,1,25,0,0.2033,0.888889,7870.14
4704,KB3,ARQ,Default,200,5e-05,1,25,0,0.2054,0.888889,7789.68
4705,KB3,ARQ,Default,200,5e-05,1,25,1,0.2064,0.854701,7751.94
4706,KB3,ARQ,Default,200,5e-05,1,25,0,0.2031,0.888889,7877.89
4707,KB3,ARQ,Default,200,5e-05,1,25,0,0.2045,0.888889,7823.96
4708,KB3,ARQ,Default,200,5e-05,1,25,0,0.2062,0.888889,7759.46
4709,KB3,ARQ,Default,200,5e-05,1,25,0,0.2027,0.888889,7893.44
4710,KB3,ARQ,Default,200,5e-05,1,25,0,0.2031,0.888889,7877.89
4711,KB3,ARQ,Default,200,5e-05,1,25,0,0.2065,0.888889,7748.18
4712,KB3,ARQ,Default,200,5e-05,1,25,0,0.2017,0.888889,7932.57
4713,KB3,ARQ,Default,200,5e-05,1,25,0,0.2009,0.888889,7964.16
4714,KB3,ARQ,Default,200,5e-05,1,25,0,0.2039,0.888889,7846.98
4715,KB3,ARQ,Default,200,5e-05,1,25,0,0.2067,0.888889,7740.69
4716,KB3,ARQ,Default,200,5e-05,1,25,0,0.2033,0.888889,7870.14
4717,KB3,ARQ,Default,200,5e-05,1,25,0,0.2027,0.888889,7893.44
4718,KB3,ARQ,Default,200,5e-05,1,25,0,0.2029,0.888889,7885.66
4719,KB3,ARQ,Default,200,5e-05,1,25,0,0.2075,0.888889,7710.84
4720,KB3,ARQ,Default,200,5e-05,1,25,1,0.2057,0.854701,7778.32
4721,KB3,ARQ,Default,200,5e-05,1,25,1,0.2078,0.854701,7699.71
4722,KB3,ARQ,Default,200,5e-05,1,25,0,0.2046,0.888889,7820.14
4723,KB3,ARQ,Default,200,5e-05,1,25,0,0.2905,0.888889,5507.75
4724,KB3,ARQ,Default,200,5e-05,1,25,0,0.2031,0.888889,7877.89
4725,KB3,ARQ,Default,200,5e-05,1,25,0,0.2024,0.888889,7905.14
4726,KB3,ARQ,Default,200,5e-05,1,25,0,0.2036,0.888889,7858.55
4727,KB3,ARQ,Default,200,5e-05,1,25,0,0.2042,0.888889,7835.46
4728,KB3,ARQ,Default,200,5e-05,1,25,0,0.2023,0.888889,7909.05
4729,KB3,ARQ,Default,200,5e-05,1,25,0,0.2046,0.888889,7820.14
4730,KB3,ARQ,Default,200,5e-05,1,25,0,0.2023,0.888889,7909.05
4731,KB3,ARQ,Default,200,5e-05,1,25,0,0.2048,0.888889,7812.5
4732,KB3,ARQ,Default,200,5e-05,1,25,1,0.2069,0.854701,7733.2
4733,KB3,ARQ,Default,200,5e-05,1,25,0,0.2058,0.888889,7774.54
4734,KB3,ARQ,Default,200,5e-05,1,25,0,0.204,0.888889,7843.14
4735,KB3,ARQ,Default,200,5e-05,1,25,0,0.2052,0.888889,7797.27
4736,KB3,ARQ,Default,200,5e-05,1,25,0,0.2047,0.888889,7816.32
4737,KB3,ARQ,Default,200,5e-05,1,25,0,0.2033,0.888889,7870.14
4738,KB3,ARQ,Default,200,5e-05,1,25,0,0.203,0.888889,7881.77
4739,KB3,ARQ,Default,200,5e-05,1,25,0,0.2044,0.888889,7827.79
4740,KB3,ARQ,Default,200,5e-05,1,25,1,0.2094,0.854701,7640.88
4741,KB3,ARQ,Default,200,5e-05,1,25,0,0.1975,0.888889,8101.27
4742,KB3,ARQ,Default,200,5e-05,1,25,0,0.198,0.888889,8080.81
4743,KB3,ARQ,Default,200,5e-05,1,25,0,0.1987,0.888889,8052.34
4744,KB3,ARQ,Default,200,5e-05,1,25,0,0.2005,0.888889,7980.05
4745,KB3,ARQ,Default,200,5e-05,1,25,0,0.2034,0.888889,7866.27
4746,KB3,ARQ,Default,200,5e-05,1,25,1,0.2065,0.854701,7748.18
4747,KB3,ARQ,Default,200,5e-05,1,25,0,0.204,0.888889,7843.14
4748,KB3,ARQ,Default,200,5e-05,1,25,0,0.2291,0.888889,6983.85
4749,KB3,ARQ,Default,200,5e-05,1,25,0,0.2031,0.888889,7877.89
4750,KB3,ARQ,Default,200,5e-05,1,25,0,0.204,0.888889,7843.14
4751,KB3,ARQ,Default,200,5e-05,1,25,0,0.2069,0.888889,7733.2
4752,KB3,ARQ,Default,200,5e-05,1,25,0,0.2055,0.888889,7785.89
4753,KB3,ARQ,Default,200,5e-05,1,25,0,0.2034,0.888889,7866.27
4754,KB3,ARQ,Default,200,5e-05,1,25,0,0.2038,0.888889,7850.83
4755,KB3,ARQ,Default,200,5e-05,1,25,0,0.2105,0.888889,7600.95
4756,KB3,ARQ,Default,200,5e-05,1,25,0,0.2051,0.888889,7801.07
4757,KB3,ARQ,Default,200,5e-05,1,25,0,0.2023,0.888889,7909.05
4758,KB3,ARQ,Default,200,5e-05,1,25,0,0.206,0.888889,7766.99
4759,KB3,ARQ,Default,200,5e-05,1,25,0,0.2046,0.888889,7820.14
4760,KB3,ARQ,Default,200,5e-05,1,25,0,0.204,0.888889,7843.14
4761,KB3,ARQ,Default,200,5e-05,1,25,0,0.1983,0.888889,8068.58
4762,KB3,ARQ,Default,200,5e-05,1,25,0,0.2036,0.888889,7858.55
4763,KB3,ARQ,Default,200,5e-05,1,25,0,0.2043,0.888889,7831.62
4764,KB3,ARQ,Default,200,5e-05,1,25,0,0.2041,0.888889,7839.29
4765,KB3,ARQ,Default,200,5e-05,1,25,0,0.2037,0.888889,7854.69
4766,KB3,ARQ,Default,200,5e-05,1,25,0,0.2032,0.888889,7874.02
4767,KB3,ARQ,Default,200,5e-05,1,25,0,0.2037,0.888889,7854.69
4768,KB3,ARQ,Default,200,5e-05,1,25,0,0.2025,0.888889,7901.23
4769,KB3,ARQ,Default,200,5e-05,1,25,0,0.2154,0.888889,7428.04
4770,KB3,ARQ,Default,200,5e-05,1,25,0,0.1969,0.888889,8125.95
4771,KB3,ARQ,Default,200,5e-05,1,25,0,0.1972,0.888889,8113.59
4772,KB3,ARQ,Default,200,5e-05,1,25,0,0.1992,0.888889,8032.13
4773,KB3,ARQ,Default,200,5e-05,1,25,0,0.2004,0.888889,7984.03
4774,KB3,ARQ,Default,200,5e-05,1,25,0,0.2032,0.888889,7874.02
4775,KB3,ARQ,Default,200,5e-05,1,25,1,0.2075,0.854701,7710.84
4776,KB3,ARQ,Default,200,5e-05,1,25,0,0.2053,0.888889,7793.47
4777,KB3,ARQ,Default,200,5e-05,1,25,0,0.2026,0.888889,7897.33
4778,KB3,ARQ,Default,200,5e-05,1,25,0,0.2036,0.888889,7858.55
4779,KB3,ARQ,Default,200,5e-05,1,25,0,0.2022,0.888889,7912.96
4780,KB3,ARQ,Default,200,5e-05,1,25,0,0.2067,0.888889,7740.69
4781,KB3,ARQ,Default,200,5e-05,1,25,1,0.2048,0.854701,7812.5
4782,KB3,ARQ,Default,200,5e-05,1,25,0,0.2025,0.888889,7901.23
4783,KB3,ARQ,Default,200,5e-05,1,25,0,0.2114,0.888889,7568.59
4784,KB3,ARQ,Default,200,5e-05,1,25,0,0.2601,0.888889,6151.48
4785,KB3,ARQ,Default,200,5e-05,1,25,0,0.25,0.888889,6400
4786,KB3,ARQ,Default,200,5e-05,1,25,0,0.2052,0.888889,7797.27
4787,KB3,ARQ,Default,200,5e-05,1,25,0,0.2062,0.888889,7759.46
4788,KB3,ARQ,Default,200,5e-05,1,25,0,0.2033,0.888889,7870.14
4789,KB3,ARQ,Default,200,5e-05,1,25,1,0.2077,0.854701,7703.42
4790,KB3,ARQ,Default,200,5e-05,1,25,0,0.2021,0.888889,7916.87
4791,KB3,ARQ,Default,200,5e-05,1,25,0,0.2108,0.888889,7590.13
4792,KB3,ARQ,Default,200,5e-05,1,25,0,0.2028,0.888889,7889.55
4793,KB3,ARQ,Default,200,5e-05,1,25,0,0.201,0.888889,7960.2
4794,KB3,ARQ,Default,200,5e-05,1,25,0,0.205,0.888889,7804.88
4795,KB3,ARQ,Default,200,5e-05,1,25,0,0.2031,0.888889,7877.89
4796,KB3,ARQ,Default,200,5e-05,1,25,0,0.2048,0.888889,7812.5
4797,KB3,ARQ,Default,200,5e-05,1,25,0,0.2026,0.888889,7897.33
4798,KB3,ARQ,Default,200,5e-05,1,25,0,0.2044,0.888889,7827.79
4799,KB3,ARQ,Default,200,5e-05,1,25,0,0.2031,0.888889,7877.89
4800,KB3,ARQ,Default,200,5e-05,1,25,0,0.206,0.888889,7766.99
4801,KB3,ARQ,Default,200,5e-05,1,25,0,0.2027,0.888889,7893.44
4802,KB3,ARQ,Default,200,5e-05,1,25,0,0.2037,0.888889,7854.69
4803,KB3,ARQ,Default,200,5e-05,1,25,0,0.2023,0.888889,7909.05
4804,KB3,ARQ,Default,200,5e-05,1,25,0,0.2038,0.888889,7850.83
4805,KB3,ARQ,Default,200,5e-05,1,25,0,0.2065,0.888889,7748.18
4806,KB3,ARQ,Default,200,5e-05,1,25,0,0.2041,0.888889,7839.29
4807,KB3,ARQ,Default,200,5e-05,1,25,0,0.2035,0.888889,7862.41
4808,KB3,ARQ,Default,200,5e-05,1,25,0,0.2046,0.888889,7820.14
4809,KB3,ARQ,Default,200,5e-05,1,25,0,0.209,0.888889,7655.5
4810,KB3,ARQ,Default,200,5e-05,1,25,0,0.2044,0.888889,7827.79
4811,KB3,ARQ,Default,200,5e-05,1,25,0,0.2041,0.888889,7839.29
4812,KB3,ARQ,Default,200,5e-05,1,25,0,0.2028,0.888889,7889.55
4813,KB3,ARQ,Default,200,5e-05,1,25,0,0.204,0.888889,7843.14
4814,KB3,ARQ,Default,200,5e-05,1,25,0,0.2019,0.888889,7924.72
4815,KB3,ARQ,Default,200,5e-05,1,25,0,0.2034,0.888889,7866.27
4816,KB3,ARQ,Default,200,5e-05,1,25,0,0.2053,0.888889,7793.47
4817,KB3,ARQ,Default,200,5e-05,1,25,0,0.2024,0.888889,7905.14
4818,KB3,ARQ,Default,200,5e-05,1,25,0,0.2013,0.888889,7948.34
4819,KB3,ARQ,Default,200,5e-05,1,25,0,0.203,0.888889,7881.77
4820,KB3,ARQ,Default,200,5e-05,1,25,0,0.2079,0.888889,7696.01
4821,KB3,ARQ,Default,200,5e-05,1,25,0,0.2041,0.888889,7839.29
4822,KB3,ARQ,Default,200,5e-05,1,25,0,0.2043,0.888889,7831.62
4823,KB3,ARQ,Default,200,5e-05,1,25,0,0.2038,0.888889,7850.83
4824,KB3,ARQ,Default,200,5e-05,1,25,0,0.2048,0.888889,7812.5
4825,KB3,ARQ,Default,200,5e-05,1,25,0,0.2049,0.888889,7808.69
4826,KB3,ARQ,Default,200,5e-05,1,25,1,0.2072,0.854701,7722.01
4827,KB3,ARQ,Default,200,5e-05,1,25,0,0.2007,0.888889,7972.1
4828,KB3,ARQ,Default,200,5e-05,1,25,0,0.2027,0.888889,7893.44
4829,KB3,ARQ,Default,200,5e-05,1,25,0,0.2039,0.888889,7846.98
4830,KB3,ARQ,Default,200,5e-05,1,25,0,0.2017,0.888889,7932.57
4831,KB3,ARQ,Default,200,5e-05,1,25,0,0.2053,0.888889,7793.47
4832,KB3,ARQ,Default,200,5e-05,1,25,0,0.2031,0.888889,7877.89
4833,KB3,ARQ,Default,200,5e-05,1,25,0,0.2031,0.888889,7877.89
4834,KB3,ARQ,Default,200,5e-05,1,25,0,0.203,0.888889,7881.77
4835,KB3,ARQ,Default,200,5e-05,1,25,0,0.2038,0.888889,7850.83
4836,KB3,ARQ,Default,200,5e-05,1,25,0,0.2051,0.888889,7801.07
4837,KB3,ARQ,Default,200,5e-05,1,25,0,0.2033,0.888889,7870.14
4838,KB3,ARQ,Default,200,5e-05,1,25,0,0.2052,0.888889,7797.27
4839,KB3,ARQ,Default,200,5e-05,1,25,0,0.2027,0.888889,7893.44
4840,KB3,ARQ,Default,200,5e-05,1,25,1,0.208,0.854701,7692.31
4841,KB3,ARQ,Default,200,5e-05,1,25,0,0.2023,0.888889,7909.05
4842,KB3,ARQ,Default,200,5e-05,1,25,0,0.2055,0.888889,7785.89
4843,KB3,ARQ,Default,200,5e-05,1,25,0,0.2029,0.888889,7885.66
4844,KB3,ARQ,Default,200,5e-05,1,25,0,0.2251,0.888889,7107.95
4845,KB3,ARQ,Default,200,5e-05,1,25,0,0.2152,0.888889,7434.94
4846,KB3,ARQ,Default,200,5e-05,1,25,0,0.2029,0.888889,7885.66
4847,KB3,ARQ,Default,200,5e-05,1,25,0,0.2033,0.888889,7870.14
4848,KB3,ARQ,Default,200,5e-05,1,25,0,0.2051,0.888889,7801.07
4849,KB3,ARQ,Default,200,5e-05,1,25,0,0.2069,0.888889,7733.2
4850,KB3,ARQ,Default,200,5e-05,1,25,0,0.2026,0.888889,7897.33
4851,KB3,ARQ,Default,200,5e-05,1,25,1,0.2052,0.854701,7797.27
4852,KB3,ARQ,Default,200,5e-05,1,25,0,0.2059,0.888889,7770.76
4853,KB3,ARQ,Default,200,5e-05,1,25,0,0.2044,0.888889,7827.79
4854,KB3,ARQ,Default,200,5e-05,1,25,0,0.2039,0.888889,7846.98
4855,KB3,ARQ,Default,200,5e-05,1,25,0,0.2021,0.888889,7916.87
4856,KB3,ARQ,Default,200,5e-05,1,25,0,0.2051,0.888889,7801.07
4857,KB3,ARQ,Default,200,5e-05,1,25,0,0.2043,0.888889,7831.62
4858,KB3,ARQ,Default,200,5e-05,1,25,0,0.204,0.888889,7843.14
4859,KB3,ARQ,Default,200,5e-05,1,25,0,0.2042,0.888889,7835.46
4860,KB3,ARQ,Default,200,5e-05,1,25,0,0.2027,0.888889,7893.44
4861,KB3,ARQ,Default,200,5e-05,1,25,0,0.2026,0.888889,7897.33
4862,KB3,ARQ,Default,200,5e-05,1,25,0,0.2026,0.888889,7897.33
4863,KB3,ARQ,Default,200,5e-05,1,25,0,0.2058,0.888889,7774.54
4864,KB3,ARQ,Default,200,5e-05,1,25,0,0.2035,0.888889,7862.41
4865,KB3,ARQ,Default,200,5e-05,1,25,0,0.204,0.888889,7843.14
4866,KB3,ARQ,Default,200,5e-05,1,25,0,0.2014,0.888889,7944.39
4867,KB3,ARQ,Default,200,5e-05,1,25,0,0.2064,0.888889,7751.94
4868,KB3,ARQ,Default,200,5e-05,1,25,0,0.2037,0.888889,7854.69
4869,KB3,ARQ,Default,200,5e-05,1,25,0,0.2021,0.888889,7916.87
4870,KB3,ARQ,Default,200,5e-05,1,25,0,0.2018,0.888889,7928.64
4871,KB3,ARQ,Default,200,5e-05,1,25,0,0.2018,0.888889,7928.64
4872,KB3,ARQ,Default,200,5e-05,1,25,0,0.2032,0.888889,7874.02
4873,KB3,ARQ,Default,200,5e-05,1,25,0,0.2046,0.888889,7820.14
4874,KB3,ARQ,Default,200,5e-05,1,25,1,0.2099,0.854701,7622.68
4875,KB3,ARQ,Default,200,5e-05,1,25,0,0.2022,0.888889,7912.96
4876,KB3,ARQ,Default,200,5e-05,1,25,0,0.2032,0.888889,7874.02
4877,KB3,ARQ,Default,200,5e-05,1,25,0,0.2035,0.888889,7862.41
4878,KB3,ARQ,Default,200,5e-05,1,25,0,0.2126,0.888889,7525.87
4879,KB3,ARQ,Default,200,5e-05,1,25,0,0.1959,0.888889,8167.43
4880,KB3,ARQ,Default,200,5e-05,1,25,0,0.1965,0.888889,8142.49
4881,KB3,ARQ,Default,200,5e-05,1,25,0,0.1996,0.888889,8016.03
4882,KB3,ARQ,Default,200,5e-05,1,25,1,0.2048,0.854701,7812.5
4883,KB3,ARQ,Default,200,5e-05,1,25,0,0.203,0.888889,7881.77
4884,KB3,ARQ,Default,200,5e-05,1,25,0,0.2006,0.888889,7976.07
4885,KB3,ARQ,Default,200,5e-05,1,25,0,0.207,0.888889,7729.47
4886,KB3,ARQ,Default,200,5e-05,1,25,0,0.2027,0.888889,7893.44
4887,KB3,ARQ,Default,200,5e-05,1,25,0,0.2023,0.888889,7909.05
4888,KB3,ARQ,Default,200,5e-05,1,25,0,0.2021,0.888889,7916.87
4889,KB3,ARQ,Default,200,5e-05,1,25,0,0.2072,0.888889,7722.01
4890,KB3,ARQ,Default,200,5e-05,1,25,0,0.203,0.888889,7881.77
4891,KB3,ARQ,Default,200,5e-05,1,25,0,0.2039,0.888889,7846.98
4892,KB3,ARQ,Default,200,5e-05,1,25,0,0.2022,0.888889,7912.96
4893,KB3,ARQ,Default,200,5e-05,1,25,0,0.2049,0.888889,7808.69
4894,KB3,ARQ,Default,200,5e-05,1,25,0,0.2046,0.888889,7820.14
4895,KB3,ARQ,Default,200,5e-05,1,25,1,0.2071,0.854701,7725.74
4896,KB3,ARQ,Default,200,5e-05,1,25,0,0.2043,0.888889,7831.62
4897,KB3,ARQ,Default,200,5e-05,1,25,1,0.207,0.854701,7729.47
4898,KB3,ARQ,Default,200,5e-05,1,25,0,0.2043,0.888889,7831.62
4899,KB3,ARQ,Default,200,5e-05,1,25,0,0.2019,0.888889,7924.72
4900,KB3,ARQ,Default,200,5e-05,1,25,1,0.2181,0.854701,7336.08
4901,KB3,ARQ,Default,200,5e-05,1,25,0,0.2053,0.888889,7793.47
4902,KB3,ARQ,Default,200,5e-05,1,25,0,0.2051,0.888889,7801.07
4903,KB3,ARQ,Default,200,5e-05,1,25,0,0.2054,0.888889,7789.68
4904,KB3,ARQ,Default,200,5e-05,1,25,0,0.2021,0.888889,7916.87
4905,KB3,ARQ,Default,200,5e-05,1,25,0,0.3382,0.888889,4730.93
4906,KB3,ARQ,Default,200,5e-05,1,25,0,0.2042,0.888889,7835.46
4907,KB3,ARQ,Default,200,5e-05,1,25,0,0.2039,0.888889,7846.98
4908,KB3,ARQ,Default,200,5e-05,1,25,1,0.2072,0.854701,7722.01
4909,KB3,ARQ,Default,200,5e-05,1,25,0,0.2042,0.888889,7835.46
4910,KB3,ARQ,Default,200,5e-05,1,25,0,0.2072,0.888889,7722.01
4911,KB3,ARQ,Default,200,5e-05,1,25,1,0.2076,0.854701,7707.13
4912,KB3,ARQ,Default,200,5e-05,1,25,0,0.2018,0.888889,7928.64
4913,KB3,ARQ,Default,200,5e-05,1,25,0,0.205,0.888889,7804.88
4914,KB3,ARQ,Default,200,5e-05,1,25,0,0.2067,0.888889,7740.69
4915,KB3,ARQ,Default,200,5e-05,1,25,0,0.2024,0.888889,7905.14
4916,KB3,ARQ,Default,200,5e-05,1,25,0,0.2034,0.888889,7866.27
4917,KB3,ARQ,Default,200,5e-05,1,25,0,0.2062,0.888889,7759.46
4918,KB3,ARQ,Default,200,5e-05,1,25,0,0.2038,0.888889,7850.83
4919,KB3,ARQ,Default,200,5e-05,1,25,0,0.2023,0.888889,7909.05
4920,KB3,ARQ,Default,200,5e-05,1,25,0,0.2016,0.888889,7936.51
4921,KB3,ARQ,Default,200,5e-05,1,25,0,0.2068,0.888889,7736.94
4922,KB3,ARQ,Default,200,5e-05,1,25,0,0.2037,0.888889,7854.69
4923,KB3,ARQ,Default,200,5e-05,1,25,0,0.2024,0.888889,7905.14
4924,KB3,ARQ,Default,200,5e-05,1,25,0,0.2029,0.888889,7885.66
4925,KB3,ARQ,Default,200,5e-05,1,25,0,0.2073,0.888889,7718.28
4926,KB3,ARQ,Default,200,5e-05,1,25,0,0.2048,0.888889,7812.5
4927,KB3,ARQ,Default,200,5e-05,1,25,0,0.2024,0.888889,7905.14
4928,KB3,ARQ,Default,200,5e-05,1,25,0,0.2034,0.888889,7866.27
4929,KB3,ARQ,Default,200,5e-05,1,25,0,0.2036,0.888889,7858.55
4930,KB3,ARQ,Default,200,5e-05,1,25,0,0.2046,0.888889,7820.14
4931,KB3,ARQ,Default,200,5e-05,1,25,0,0.2031,0.888889,7877.89
4932,KB3,ARQ,Default,200,5e-05,1,25,1,0.2091,0.854701,7651.84
4933,KB3,ARQ,Default,200,5e-05,1,25,0,0.2036,0.888889,7858.55
4934,KB3,ARQ,Default,200,5e-05,1,25,1,0.2071,0.854701,7725.74
4935,KB3,ARQ,Default,200,5e-05,1,25,0,0.203,0.888889,7881.77
4936,KB3,ARQ,Default,200,5e-05,1,25,0,0.2024,0.888889,7905.14
4937,KB3,ARQ,Default,200,5e-05,1,25,0,0.2021,0.888889,7916.87
4938,KB3,ARQ,Default,200,5e-05,1,25,0,0.2027,0.888889,7893.44
4939,KB3,ARQ,Default,200,5e-05,1,25,0,0.2047,0.888889,7816.32
4940,KB3,ARQ,Default,200,5e-05,1,25,0,0.2024,0.888889,7905.14
4941,KB3,ARQ,Default,200,5e-05,1,25,0,0.2032,0.888889,7874.02
4942,KB3,ARQ,Default,200,5e-05,1,25,0,0.2041,0.888889,7839.29
4943,KB3,ARQ,Default,200,5e-05,1,25,0,0.2049,0.888889,7808.69
4944,KB3,ARQ,Default,200,5e-05,1,25,0,0.2019,0.888889,7924.72
4945,KB3,ARQ,Default,200,5e-05,1,25,0,0.2019,0.888889,7924.72
4946,KB3,ARQ,Default,200,5e-05,1,25,1,0.2082,0.854701,7684.92
4947,KB3,ARQ,Default,200,5e-05,1,25,0,0.2022,0.888889,7912.96
4948,KB3,ARQ,Default,200,5e-05,1,25,0,0.2015,0.888889,7940.45
4949,KB3,ARQ,Default,200,5e-05,1,25,0,0.2028,0.888889,7889.55
4950,KB3,ARQ,Default,200,5e-05,1,25,0,0.2065,0.888889,7748.18
4951,KB3,ARQ,Default,200,5e-05,1,25,0,0.2019,0.888889,7924.72
4952,KB3,ARQ,Default,200,5e-05,1,25,0,0.2029,0.888889,7885.66
4953,KB3,ARQ,Default,200,5e-05,1,25,0,0.2029,0.888889,7885.66
4954,KB3,ARQ,Default,200,5e-05,1,25,0,0.2068,0.888889,7736.94
4955,KB3,ARQ,Default,200,5e-05,1,25,0,0.2032,0.888889,7874.02
4956,KB3,ARQ,Default,200,5e-05,1,25,1,0.2071,0.854701,7725.74
4957,KB3,ARQ,Default,200,5e-05,1,25,0,0.204,0.888889,7843.14
4958,KB3,ARQ,Default,200,5e-05,1,25,0,0.2047,0.888889,7816.32
4959,KB3,ARQ,Default,200,5e-05,1,25,0,0.1986,0.888889,8056.39
4960,KB3,ARQ,Default,200,5e-05,1,25,0,0.1975,0.888889,8101.27
4961,KB3,ARQ,Default,200,5e-05,1,25,0,0.1994,0.888889,8024.07
4962,KB3,ARQ,Default,200,5e-05,1,25,0,0.2048,0.888889,7812.5
4963,KB3,ARQ,Default,200,5e-05,1,25,0,0.2025,0.888889,7901.23
4964,KB3,ARQ,Default,200,5e-05,1,25,0,0.2022,0.888889,7912.96
4965,KB3,ARQ,Default,200,5e-05,1,25,0,0.2065,0.888889,7748.18
4966,KB3,ARQ,Default,200,5e-05,1,25,0,0.2304,0.888889,6944.44
4967,KB3,ARQ,Default,200,5e-05,1,25,1,0.2474,0.854701,6467.26
4968,KB3,ARQ,Default,200,5e-05,1,25,0,0.2092,0.888889,7648.18
4969,KB3,ARQ,Default,200,5e-05,1,25,0,0.2031,0.888889,7877.89
4970,KB3,ARQ,Default,200,5e-05,1,25,1,0.2078,0.854701,7699.71
4971,KB3,ARQ,Default,200,5e-05,1,25,1,0.2068,0.854701,7736.94
4972,KB3,ARQ,Default,200,5e-05,1,25,0,0.2037,0.888889,7854.69
4973,KB3,ARQ,Default,200,5e-05,1,25,0,0.2018,0.888889,7928.64
4974,KB3,ARQ,Default,200,5e-05,1,25,0,0.2056,0.888889,7782.1
4975,KB3,ARQ,Default,200,5e-05,1,25,0,0.2051,0.888889,7801.07
4976,KB3,ARQ,Default,200,5e-05,1,25,0,0.2037,0.888889,7854.69
4977,KB3,ARQ,Default,200,5e-05,1,25,0,0.2031,0.888889,7877.89
4978,KB3,ARQ,Default,200,5e-05,1,25,0,0.2042,0.888889,7835.46
4979,KB3,ARQ,Default,200,5e-05,1,25,0,0.2052,0.888889,7797.27
4980,KB3,ARQ,Default,200,5e-05,1,25,0,0.2025,0.888889,7901.23
4981,KB3,ARQ,Default,200,5e-05,1,25,0,0.2017,0.888889,7932.57
4982,KB3,ARQ,Default,200,5e-05,1,25,0,0.2043,0.888889,7831.62
4983,KB3,ARQ,Default,200,5e-05,1,25,0,0.2038,0.888889,7850.83
4984,KB3,ARQ,Default,200,5e-05,1,25,0,0.2026,0.888889,7897.33
4985,KB3,ARQ,Default,200,5e-05,1,25,0,0.2033,0.888889,7870.14
4986,KB3,ARQ,Default,200,5e-05,1,25,0,0.2129,0.888889,7515.27
4987,KB3,ARQ,Default,200,5e-05,1,25,0,0.1967,0.888889,8134.21
4988,KB3,ARQ,Default,200,5e-05,1,25,1,0.2013,0.854701,7948.34
4989,KB3,ARQ,Default,200,5e-05,1,25,0,0.1968,0.888889,8130.08
4990,KB3,ARQ,Default,200,5e-05,1,25,0,0.2049,0.888889,7808.69
4991,KB3,ARQ,Default,200,5e-05,1,25,0,0.2044,0.888889,7827.79
4992,KB3,ARQ,Default,200,5e-05,1,25,0,0.2036,0.888889,7858.55
4993,KB3,ARQ,Default,200,5e-05,1,25,0,0.2022,0.888889,7912.96
4994,KB3,ARQ,Default,200,5e-05,1,25,0,0.2043,0.888889,7831.62
4995,KB3,ARQ,Default,200,5e-05,1,25,0,0.2049,0.888889,7808.69
4996,KB3,ARQ,Default,200,5e-05,1,25,0,0.2025,0.888889,7901.23
4997,KB3,ARQ,Default,200,5e-05,1,25,0,0.2049,0.888889,7808.69
4998,KB3,ARQ,Default,200,5e-05,1,25,0,0.204,0.888889,7843.14
4999,KB3,ARQ,Default,200,5e-05,1,25,0,0.2046,0.888889,7820.14
5000,KB3,ARQ,Default,200,5e-05,1,25,0,0.2017,0.888889,7932.57
5001,KB3,HARQ,Default,200,5e-05,1,25,0,1.9664,0.888889,813.67
5002,KB3,HARQ,Default,200,5e-05,1,25,0,1.9776,0.888889,809.061
5003,KB3,HARQ,Default,200,5e-05,1,25,0,2.0231,0.888889,790.866
5004,KB3,HARQ,Default,200,5e-05,1,25,0,2.3255,0.888889,688.024
5005,KB3,HARQ,Default,200,5e-05,1,25,0,2.024,0.888889,790.514
5006,KB3,HARQ,Default,200,5e-05,1,25,0,2.0088,0.888889,796.495
5007,KB3,HARQ,Default,200,5e-05,1,25,0,1.9931,0.888889,802.77
5008,KB3,HARQ,Default,200,5e-05,1,25,0,2.0001,0.888889,799.96
5009,KB3,HARQ,Default,200,5e-05,1,25,0,2.0179,0.888889,792.904
5010,KB3,HARQ,Default,200,5e-05,1,25,0,1.981,0.888889,807.673
5011,KB3,HARQ,Default,200,5e-05,1,25,0,2.026,0.888889,789.733
5012,KB3,HARQ,Default,200,5e-05,1,25,0,2.3268,0.888889,687.64
5013,KB3,HARQ,Default,200,5e-05,1,25,0,1.9896,0.888889,804.182
5014,KB3,HARQ,Default,200,5e-05,1,25,0,1.9882,0.888889,804.748
5015,KB3,HARQ,Default,200,5e-05,1,25,0,1.9966,0.888889,801.362
5016,KB3,HARQ,Default,200,5e-05,1,25,0,2.0238,0.888889,790.592
5017,KB3,HARQ,Default,200,5e-05,1,25,0,2.017,0.888889,793.257
5018,KB3,HARQ,Default,200,5e-05,1,25,0,2.023,0.888889,790.905
5019,KB3,HARQ,Default,200,5e-05,1,25,0,2.0006,0.888889,799.76
5020,KB3,HARQ,Default,200,5e-05,1,25,0,2.2726,0.888889,704.039
5021,KB3,HARQ,Default,200,5e-05,1,25,0,2.0251,0.888889,790.084
5022,KB3,HARQ,Default,200,5e-05,1,25,0,1.9927,0.888889,802.931
5023,KB3,HARQ,Default,200,5e-05,1,25,0,2.0059,0.888889,797.647
5024,KB3,HARQ,Default,200,5e-05,1,25,0,2.0203,0.888889,791.962
5025,KB3,HARQ,Default,200,5e-05,1,25,0,1.9982,0.888889,800.721
5026,KB3,HARQ,Default,200,5e-05,1,25,0,1.9581,0.888889,817.119
5027,KB3,HARQ,Default,200,5e-05,1,25,0,2.0166,0.888889,793.415
5028,KB3,HARQ,Default,200,5e-05,1,25,0,2.1831,0.888889,732.903
5029,KB3,HARQ,Default,200,5e-05,1,25,0,2.0218,0.888889,791.374
5030,KB3,HARQ,Default,200,5e-05,1,25,0,2.0319,0.888889,787.44
5031,KB3,HARQ,Default,200,5e-05,1,25,0,2.0197,0.888889,792.197
5032,KB3,HARQ,Default,200,5e-05,1,25,0,1.9431,0.888889,823.426
5033,KB3,HARQ,Default,200,5e-05,1,25,0,1.9955,0.888889,801.804
5034,KB3,HARQ,Default,200,5e-05,1,25,0,1.9503,0.888889,820.387
5035,KB3,HARQ,Default,200,5e-05,1,25,0,2.1075,0.888889,759.193
5036,KB3,HARQ,Default,200,5e-05,1,25,0,2.5398,0.888889,629.971
5037,KB3,HARQ,Default,200,5e-05,1,25,0,2.0203,0.888889,791.962
5038,KB3,HARQ,Default,200,5e-05,1,25,0,2.0245,0.888889,790.319
5039,KB3,HARQ,Default,200,5e-05,1,25,0,2.0186,0.888889,792.629
5040,KB3,HARQ,Default,200,5e-05,1,25,0,1.9677,0.888889,813.132
5041,KB3,HARQ,Default,200,5e-05,1,25,0,1.9797,0.888889,808.203
5042,KB3,HARQ,Default,200,5e-05,1,25,0,2.0398,0.888889,784.391
5043,KB3,HARQ,Default,200,5e-05,1,25,0,2.2041,0.888889,725.92
5044,KB3,HARQ,Default,200,5e-05,1,25,0,2.0728,0.888889,771.903
5045,KB3,HARQ,Default,200,5e-05,1,25,0,2.0309,0.888889,787.828
5046,KB3,HARQ,Default,200,5e-05,1,25,0,1.9523,0.888889,819.546
5047,KB3,HARQ,Default,200,5e-05,1,25,0,1.9572,0.888889,817.494
5048,KB3,HARQ,Default,200,5e-05,1,25,0,1.9845,0.888889,806.248
5049,KB3,HARQ,Default,200,5e-05,1,25,0,2.0396,0.888889,784.468
5050,KB3,HARQ,Default,200,5e-05,1,25,0,2.021,0.888889,791.687
5051,KB3,HARQ,Default,200,5e-05,1,25,0,2.3517,0.888889,680.359
5052,KB3,HARQ,Default,200,5e-05,1,25,0,1.9942,0.888889,802.327
5053,KB3,HARQ,Default,200,5e-05,1,25,0,1.9908,0.888889,803.697
5054,KB3,HARQ,Default,200,5e-05,1,25,0,2.0014,0.888889,799.44
5055,KB3,HARQ,Default,200,5e-05,1,25,0,1.9809,0.888889,807.714
5056,KB3,HARQ,Default,200,5e-05,1,25,0,1.9757,0.888889,809.84
5057,KB3,HARQ,Default,200,5e-05,1,25,0,2.0305,0.888889,787.983
5058,KB3,HARQ,Default,200,5e-05,1,25,0,1.9782,0.888889,808.816
5059,KB3,HARQ,Default,200,5e-05,1,25,0,2.3317,0.888889,686.195
5060,KB3,HARQ,Default,200,5e-05,1,25,0,1.9889,0.888889,804.465
5061,KB3,HARQ,Default,200,5e-05,1,25,0,2.0087,0.888889,796.535
5062,KB3,HARQ,Default,200,5e-05,1,25,0,2.0262,0.888889,789.656
5063,KB3,HARQ,Default,200,5e-05,1,25,0,2.0286,0.888889,788.721
5064,KB3,HARQ,Default,200,5e-05,1,25,0,1.9618,0.888889,815.578
5065,KB3,HARQ,Default,200,5e-05,1,25,0,2.2859,0.888889,699.943
5066,KB3,HARQ,Default,200,5e-05,1,25,0,2.0154,0.888889,793.887
5067,KB3,HARQ,Default,200,5e-05,1,25,0,2.1536,0.888889,742.942
5068,KB3,HARQ,Default,200,5e-05,1,25,0,1.9473,0.888889,821.65
5069,KB3,HARQ,Default,200,5e-05,1,25,0,1.9475,0.888889,821.566
5070,KB3,HARQ,Default,200,5e-05,1,25,0,1.9333,0.888889,827.6
5071,KB3,HARQ,Default,200,5e-05,1,25,0,1.9534,0.888889,819.085
5072,KB3,HARQ,Default,200,5e-05,1,25,0,2.0305,0.888889,787.983
5073,KB3,HARQ,Default,200,5e-05,1,25,0,1.9627,0.888889,815.204
5074,KB3,HARQ,Default,200,5e-05,1,25,0,1.9364,0.888889,826.276
5075,KB3,HARQ,Default,200,5e-05,1,25,0,2.1716,0.888889,736.784
5076,KB3,HARQ,Default,200,5e-05,1,25,0,1.9378,0.888889,825.679
5077,KB3,HARQ,Default,200,5e-05,1,25,0,1.9437,0.888889,823.172
5078,KB3,HARQ,Default,200,5e-05,1,25,0,1.9528,0.888889,819.336
5079,KB3,HARQ,Default,200,5e-05,1,25,0,1.9296,0.888889,829.187
5080,KB3,HARQ,Default,200,5e-05,1,25,0,1.9732,0.888889,810.866
5081,KB3,HARQ,Default,200,5e-05,1,25,0,1.9351,0.888889,826.831
5082,KB3,HARQ,Default,200,5e-05,1,25,0,1.9395,0.888889,824.955
5083,KB3,HARQ,Default,200,5e-05,1,25,0,2.143,0.888889,746.617
5084,KB3,HARQ,Default,200,5e-05,1,25,0,1.9578,0.888889,817.244
5085,KB3,HARQ,Default,200,5e-05,1,25,0,1.9355,0.888889,826.66
5086,KB3,HARQ,Default,200,5e-05,1,25,0,1.9371,0.888889,825.977
5087,KB3,HARQ,Default,200,5e-05,1,25,0,1.9628,0.888889,815.162
5088,KB3,HARQ,Default,200,5e-05,1,25,0,1.9292,0.888889,829.359
5089,KB3,HARQ,Default,200,5e-05,1,25,0,1.9269,0.888889,830.349
5090,KB3,HARQ,Default,200,5e-05,1,25,0,1.9506,0.888889,820.26
5091,KB3,HARQ,Default,200,5e-05,1,25,0,2.2011,0.888889,726.909
5092,KB3,HARQ,Default,200,5e-05,1,25,0,1.97,0.888889,812.183
5093,KB3,HARQ,Default,200,5e-05,1,25,0,1.9375,0.888889,825.806
5094,KB3,HARQ,Default,200,5e-05,1,25,0,1.9351,0.888889,826.831
5095,KB3,HARQ,Default,200,5e-05,1,25,0,1.9609,0.888889,815.952
5096,KB3,HARQ,Default,200,5e-05,1,25,0,1.9321,0.888889,828.114
5097,KB3,HARQ,Default,200,5e-05,1,25,0,1.9366,0.888889,826.19
5098,KB3,HARQ,Default,200,5e-05,1,25,0,1.9467,0.888889,821.904
5099,KB3,HARQ,Default,200,5e-05,1,25,0,2.029,0.888889,788.566
5100,KB3,HARQ,Default,200,5e-05,1,25,0,2.2705,0.888889,704.691
5101,KB3,HARQ,Default,200,5e-05,1,25,0,1.9269,0.888889,830.349
5102,KB3,HARQ,Default,200,5e-05,1,25,0,2.051,0.888889,780.107
5103,KB3,HARQ,Default,200,5e-05,1,25,0,2.1138,0.888889,756.931
5104,KB3,HARQ,Default,200,5e-05,1,25,0,2.0234,0.888889,790.748
5105,KB3,HARQ,Default,200,5e-05,1,25,0,1.9897,0.888889,804.141
5106,KB3,HARQ,Default,200,5e-05,1,25,0,1.9772,0.888889,809.225
5107,KB3,HARQ,Default,200,5e-05,1,25,0,2.0664,0.888889,774.293
5108,KB3,HARQ,Default,200,5e-05,1,25,0,2.1813,0.888889,733.508
5109,KB3,HARQ,Default,200,5e-05,1,25,0,1.9816,0.888889,807.428
5110,KB3,HARQ,Default,200,5e-05,1,25,0,2.001,0.888889,799.6
5111,KB3,HARQ,Default,200,5e-05,1,25,0,1.9713,0.888889,811.647
5112,KB3,HARQ,Default,200,5e-05,1,25,0,1.9773,0.888889,809.184
5113,KB3,HARQ,Default,200,5e-05,1,25,0,1.9811,0.888889,807.632
5114,KB3,HARQ,Default,200,5e-05,1,25,0,1.9757,0.888889,809.84
5115,KB3,HARQ,Default,200,5e-05,1,25,0,2.0909,0.888889,765.221
5116,KB3,HARQ,Default,200,5e-05,1,25,0,2.0802,0.888889,769.157
5117,KB3,HARQ,Default,200,5e-05,1,25,0,2.4682,0.888889,648.246
5118,KB3,HARQ,Default,200,5e-05,1,25,0,2.019,0.888889,792.472
5119,KB3,HARQ,Default,200,5e-05,1,25,0,1.9708,0.888889,811.853
5120,KB3,HARQ,Default,200,5e-05,1,25,0,1.9739,0.888889,810.578
5121,KB3,HARQ,Default,200,5e-05,1,25,0,1.9599,0.888889,816.368
5122,KB3,HARQ,Default,200,5e-05,1,25,0,1.9763,0.888889,809.594
5123,KB3,HARQ,Default,200,5e-05,1,25,0,2.1145,0.888889,756.68
5124,KB3,HARQ,Default,200,5e-05,1,25,0,2.0194,0.888889,792.315
5125,KB3,HARQ,Default,200,5e-05,1,25,0,1.9773,0.888889,809.184
5126,KB3,HARQ,Default,200,5e-05,1,25,0,1.9573,0.888889,817.453
5127,KB3,HARQ,Default,200,5e-05,1,25,0,1.9644,0.888889,814.498
5128,KB3,HARQ,Default,200,5e-05,1,25,0,1.954,0.888889,818.833
5129,KB3,HARQ,Default,200,5e-05,1,25,0,1.9717,0.888889,811.482
5130,KB3,HARQ,Default,200,5e-05,1,25,0,1.9709,0.888889,811.812
5131,KB3,HARQ,Default,200,5e-05,1,25,0,2.0061,0.888889,797.567
5132,KB3,HARQ,Default,200,5e-05,1,25,0,1.9571,0.888889,817.536
5133,KB3,HARQ,Default,200,5e-05,1,25,0,1.9532,0.888889,819.169
5134,KB3,HARQ,Default,200,5e-05,1,25,0,1.9664,0.888889,813.67
5135,KB3,HARQ,Default,200,5e-05,1,25,0,1.9703,0.888889,812.059
5136,KB3,HARQ,Default,200,5e-05,1,25,0,1.9687,0.888889,812.719
5137,KB3,HARQ,Default,200,5e-05,1,25,0,1.9573,0.888889,817.453
5138,KB3,HARQ,Default,200,5e-05,1,25,0,1.9747,0.888889,810.25
5139,KB3,HARQ,Default,200,5e-05,1,25,0,2.0019,0.888889,799.241
5140,KB3,HARQ,Default,200,5e-05,1,25,0,1.9734,0.888889,810.783
5141,KB3,HARQ,Default,200,5e-05,1,25,0,1.9872,0.888889,805.153
5142,KB3,HARQ,Default,200,5e-05,1,25,0,1.9893,0.888889,804.303
5143,KB3,HARQ,Default,200,5e-05,1,25,0,1.9866,0.888889,805.396
5144,KB3,HARQ,Default,200,5e-05,1,25,0,1.9828,0.888889,806.94
5145,KB3,HARQ,Default,200,5e-05,1,25,0,1.9948,0.888889,802.085
5146,KB3,HARQ,Default,200,5e-05,1,25,0,1.9794,0.888889,808.326
5147,KB3,HARQ,Default,200,5e-05,1,25,0,2.0078,0.888889,796.892
5148,KB3,HARQ,Default,200,5e-05,1,25,0,2.0787,0.888889,769.712
5149,KB3,HARQ,Default,200,5e-05,1,25,0,1.9848,0.888889,806.127
5150,KB3,HARQ,Default,200,5e-05,1,25,0,1.9764,0.888889,809.553
5151,KB3,HARQ,Default,200,5e-05,1,25,0,1.9538,0.888889,818.917
5152,KB3,HARQ,Default,200,5e-05,1,25,0,1.9639,0.888889,814.705
5153,KB3,HARQ,Default,200,5e-05,1,25,0,2.0193,0.888889,792.354
5154,KB3,HARQ,Default,200,5e-05,1,25,0,2.0064,0.888889,797.448
5155,KB3,HARQ,Default,200,5e-05,1,25,0,1.994,0.888889,802.407
5156,KB3,HARQ,Default,200,5e-05,1,25,0,1.9881,0.888889,804.788
5157,KB3,HARQ,Default,200,5e-05,1,25,0,1.9817,0.888889,807.388
5158,KB3,HARQ,Default,200,5e-05,1,25,0,1.9867,0.888889,805.356
5159,KB3,HARQ,Default,200,5e-05,1,25,0,1.9971,0.888889,801.162
5160,KB3,HARQ,Default,200,5e-05,1,25,0,1.968,0.888889,813.008
5161,KB3,HARQ,Default,200,5e-05,1,25,0,1.996,0.888889,801.603
5162,KB3,HARQ,Default,200,5e-05,1,25,0,1.9831,0.888889,806.818
5163,KB3,HARQ,Default,200,5e-05,1,25,0,2.0269,0.888889,789.383
5164,KB3,HARQ,Default,200,5e-05,1,25,0,2.0235,0.888889,790.709
5165,KB3,HARQ,Default,200,5e-05,1,25,0,1.9523,0.888889,819.546
5166,KB3,HARQ,Default,200,5e-05,1,25,0,1.9542,0.888889,818.749
5167,KB3,HARQ,Default,200,5e-05,1,25,0,1.9479,0.888889,821.397
5168,KB3,HARQ,Default,200,5e-05,1,25,0,1.9683,0.888889,812.884
5169,KB3,HARQ,Default,200,5e-05,1,25,0,1.9755,0.888889,809.922
5170,KB3,HARQ,Default,200,5e-05,1,25,0,1.9949,0.888889,802.045
5171,KB3,HARQ,Default,200,5e-05,1,25,0,1.998,0.888889,800.801
5172,KB3,HARQ,Default,200,5e-05,1,25,0,1.9696,0.888889,812.348
5173,KB3,HARQ,Default,200,5e-05,1,25,0,1.9444,0.888889,822.876
5174,KB3,HARQ,Default,200,5e-05,1,25,0,1.9446,0.888889,822.791
5175,KB3,HARQ,Default,200,5e-05,1,25,0,1.9427,0.888889,823.596
5176,KB3,HARQ,Default,200,5e-05,1,25,0,1.9439,0.888889,823.088
5177,KB3,HARQ,Default,200,5e-05,1,25,0,1.9341,0.888889,827.258
5178,KB3,HARQ,Default,200,5e-05,1,25,0,1.932,0.888889,828.157
5179,KB3,HARQ,Default,200,5e-05,1,25,0,1.9396,0.888889,824.912
5180,KB3,HARQ,Default,200,5e-05,1,25,0,1.9424,0.888889,823.723
5181,KB3,HARQ,Default,200,5e-05,1,25,0,1.9374,0.888889,825.849
5182,KB3,HARQ,Default,200,5e-05,1,25,0,1.9443,0.888889,822.918
5183,KB3,HARQ,Default,200,5e-05,1,25,0,1.9223,0.888889,832.336
5184,KB3,HARQ,Default,200,5e-05,1,25,0,1.9291,0.888889,829.402
5185,KB3,HARQ,Default,200,5e-05,1,25,0,1.9214,0.888889,832.726
5186,KB3,HARQ,Default,200,5e-05,1,25,0,1.9382,0.888889,825.508
5187,KB3,HARQ,Default,200,5e-05,1,25,0,1.9686,0.888889,812.76
5188,KB3,HARQ,Default,200,5e-05,1,25,0,1.9727,0.888889,811.071
5189,KB3,HARQ,Default,200,5e-05,1,25,0,1.9437,0.888889,823.172
5190,KB3,HARQ,Default,200,5e-05,1,25,0,1.93,0.888889,829.016
5191,KB3,HARQ,Default,200,5e-05,1,25,0,1.9232,0.888889,831.947
5192,KB3,HARQ,Default,200,5e-05,1,25,0,1.9224,0.888889,832.293
5193,KB3,HARQ,Default,200,5e-05,1,25,0,1.9507,0.888889,820.218
5194,KB3,HARQ,Default,200,5e-05,1,25,0,1.9379,0.888889,825.636
5195,KB3,HARQ,Default,200,5e-05,1,25,0,1.9493,0.888889,820.807
5196,KB3,HARQ,Default,200,5e-05,1,25,0,1.9554,0.888889,818.247
5197,KB3,HARQ,Default,200,5e-05,1,25,0,1.9268,0.888889,830.392
5198,KB3,HARQ,Default,200,5e-05,1,25,0,1.9345,0.888889,827.087
5199,KB3,HARQ,Default,200,5e-05,1,25,0,1.9493,0.888889,820.807
5200,KB3,HARQ,Default,200,5e-05,1,25,0,1.9602,0.888889,816.243
5201,KB3,HARQ,Default,200,5e-05,1,25,0,1.9362,0.888889,826.361
5202,KB3,HARQ,Default,200,5e-05,1,25,0,1.9535,0.888889,819.043
5203,KB3,HARQ,Default,200,5e-05,1,25,0,1.9626,0.888889,815.245
5204,KB3,HARQ,Default,200,5e-05,1,25,0,1.9242,0.888889,831.514
5205,KB3,HARQ,Default,200,5e-05,1,25,0,1.9365,0.888889,826.233
5206,KB3,HARQ,Default,200,5e-05,1,25,0,1.9563,0.888889,817.87
5207,KB3,HARQ,Default,200,5e-05,1,25,0,1.9454,0.888889,822.453
5208,KB3,HARQ,Default,200,5e-05,1,25,0,1.9527,0.888889,819.378
5209,KB3,HARQ,Default,200,5e-05,1,25,0,1.8973,0.888889,843.304
5210,KB3,HARQ,Default,200,5e-05,1,25,0,1.9465,0.888889,821.988
5211,KB3,HARQ,Default,200,5e-05,1,25,0,1.8883,0.888889,847.323
5212,KB3,HARQ,Default,200,5e-05,1,25,0,1.8918,0.888889,845.755
5213,KB3,HARQ,Default,200,5e-05,1,25,0,1.9021,0.888889,841.176
5214,KB3,HARQ,Default,200,5e-05,1,25,0,1.9046,0.888889,840.071
5215,KB3,HARQ,Default,200,5e-05,1,25,0,1.8984,0.888889,842.815
5216,KB3,HARQ,Default,200,5e-05,1,25,0,1.8889,0.888889,847.054
5217,KB3,HARQ,Default,200,5e-05,1,25,0,1.8959,0.888889,843.926
5218,KB3,HARQ,Default,200,5e-05,1,25,0,1.8898,0.888889,846.65
5219,KB3,HARQ,Default,200,5e-05,1,25,0,1.9218,0.888889,832.553
5220,KB3,HARQ,Default,200,5e-05,1,25,0,1.9086,0.888889,838.311
5221,KB3,HARQ,Default,200,5e-05,1,25,0,1.9114,0.888889,837.083
5222,KB3,HARQ,Default,200,5e-05,1,25,0,1.9072,0.888889,838.926
5223,KB3,HARQ,Default,200,5e-05,1,25,0,1.8849,0.888889,848.851
5224,KB3,HARQ,Default,200,5e-05,1,25,0,1.8805,0.888889,850.838
5225,KB3,HARQ,Default,200,5e-05,1,25,0,1.8783,0.888889,851.834
5226,KB3,HARQ,Default,200,5e-05,1,25,0,1.9069,0.888889,839.058
5227,KB3,HARQ,Default,200,5e-05,1,25,0,2.0085,0.888889,796.614
5228,KB3,HARQ,Default,200,5e-05,1,25,0,1.9066,0.888889,839.19
5229,KB3,HARQ,Default,200,5e-05,1,25,0,1.8833,0.888889,849.573
5230,KB3,HARQ,Default,200,5e-05,1,25,0,1.8878,0.888889,847.547
5231,KB3,HARQ,Default,200,5e-05,1,25,0,1.9153,0.888889,835.378
5232,KB3,HARQ,Default,200,5e-05,1,25,0,1.9255,0.888889,830.953
5233,KB3,HARQ,Default,200,5e-05,1,25,0,1.907,0.888889,839.014
5234,KB3,HARQ,Default,200,5e-05,1,25,0,1.9076,0.888889,838.75
5235,KB3,HARQ,Default,200,5e-05,1,25,0,1.9398,0.888889,824.827
5236,KB3,HARQ,Default,200,5e-05,1,25,0,1.8909,0.888889,846.158
5237,KB3,HARQ,Default,200,5e-05,1,25,0,1.8957,0.888889,844.015
5238,KB3,HARQ,Default,200,5e-05,1,25,0,1.9212,0.888889,832.813
5239,KB3,HARQ,Default,200,5e-05,1,25,0,1.9067,0.888889,839.146
5240,KB3,HARQ,Default,200,5e-05,1,25,0,1.9201,0.888889,833.29
5241,KB3,HARQ,Default,200,5e-05,1,25,0,1.8901,0.888889,846.516
5242,KB3,HARQ,Default,200,5e-05,1,25,0,1.8936,0.888889,844.951
5243,KB3,HARQ,Default,200,5e-05,1,25,0,2.3567,0.888889,678.915
5244,KB3,HARQ,Default,200,5e-05,1,25,0,1.8926,0.888889,845.398
5245,KB3,HARQ,Default,200,5e-05,1,25,0,1.9186,0.888889,833.941
5246,KB3,HARQ,Default,200,5e-05,1,25,0,1.9029,0.888889,840.822
5247,KB3,HARQ,Default,200,5e-05,1,25,0,1.9213,0.888889,832.769
5248,KB3,HARQ,Default,200,5e-05,1,25,0,1.8964,0.888889,843.704
5249,KB3,HARQ,Default,200,5e-05,1,25,0,1.8785,0.888889,851.743
5250,KB3,HARQ,Default,200,5e-05,1,25,0,1.9213,0.888889,832.769
5251,KB3,HARQ,Default,200,5e-05,1,25,0,1.9297,0.888889,829.144
5252,KB3,HARQ,Default,200,5e-05,1,25,0,1.9139,0.888889,835.989
5253,KB3,HARQ,Default,200,5e-05,1,25,0,1.8883,0.888889,847.323
5254,KB3,HARQ,Default,200,5e-05,1,25,0,1.9023,0.888889,841.087
5255,KB3,HARQ,Default,200,5e-05,1,25,0,1.9142,0.888889,835.858
5256,KB3,HARQ,Default,200,5e-05,1,25,0,1.8943,0.888889,844.639
5257,KB3,HARQ,Default,200,5e-05,1,25,0,1.8976,0.888889,843.17
5258,KB3,HARQ,Default,200,5e-05,1,25,0,1.9024,0.888889,841.043
5259,KB3,HARQ,Default,200,5e-05,1,25,0,1.9126,0.888889,836.558
5260,KB3,HARQ,Default,200,5e-05,1,25,0,1.8926,0.888889,845.398
5261,KB3,HARQ,Default,200,5e-05,1,25,0,1.9079,0.888889,838.618
5262,KB3,HARQ,Default,200,5e-05,1,25,0,1.8877,0.888889,847.592
5263,KB3,HARQ,Default,200,5e-05,1,25,0,1.8969,0.888889,843.481
5264,KB3,HARQ,Default,200,5e-05,1,25,0,1.9091,0.888889,838.091
5265,KB3,HARQ,Default,200,5e-05,1,25,0,1.9147,0.888889,835.64
5266,KB3,HARQ,Default,200,5e-05,1,25,0,1.9041,0.888889,840.292
5267,KB3,HARQ,Default,200,5e-05,1,25,0,2.0396,0.888889,784.468
5268,KB3,HARQ,Default,200,5e-05,1,25,0,1.8912,0.888889,846.024
5269,KB3,HARQ,Default,200,5e-05,1,25,0,1.883,0.888889,849.708
5270,KB3,HARQ,Default,200,5e-05,1,25,0,1.8859,0.888889,848.401
5271,KB3,HARQ,Default,200,5e-05,1,25,0,1.8857,0.888889,848.491
5272,KB3,HARQ,Default,200,5e-05,1,25,0,1.9217,0.888889,832.596
5273,KB3,HARQ,Default,200,5e-05,1,25,0,1.8851,0.888889,848.761
5274,KB3,HARQ,Default,200,5e-05,1,25,0,1.8902,0.888889,846.471
5275,KB3,HARQ,Default,200,5e-05,1,25,0,2.1481,0.888889,744.844
5276,KB3,HARQ,Default,200,5e-05,1,25,0,1.881,0.888889,850.611
5277,KB3,HARQ,Default,200,5e-05,1,25,0,1.9096,0.888889,837.872
5278,KB3,HARQ,Default,200,5e-05,1,25,0,1.914,0.888889,835.946
5279,KB3,HARQ,Default,200,5e-05,1,25,0,1.9073,0.888889,838.882
5280,KB3,HARQ,Default,200,5e-05,1,25,0,2.0325,0.888889,787.208
5281,KB3,HARQ,Default,200,5e-05,1,25,0,1.8836,0.888889,849.437
5282,KB3,HARQ,Default,200,5e-05,1,25,0,1.8899,0.888889,846.606
5283,KB3,HARQ,Default,200,5e-05,1,25,0,1.9481,0.888889,821.313
5284,KB3,HARQ,Default,200,5e-05,1,25,0,1.8975,0.888889,843.215
5285,KB3,HARQ,Default,200,5e-05,1,25,0,1.8968,0.888889,843.526
5286,KB3,HARQ,Default,200,5e-05,1,25,0,1.8993,0.888889,842.416
5287,KB3,HARQ,Default,200,5e-05,1,25,0,1.895,0.888889,844.327
5288,KB3,HARQ,Default,200,5e-05,1,25,0,1.8923,0.888889,845.532
5289,KB3,HARQ,Default,200,5e-05,1,25,0,2.0257,0.888889,789.85
5290,KB3,HARQ,Default,200,5e-05,1,25,0,1.8984,0.888889,842.815
5291,KB3,HARQ,Default,200,5e-05,1,25,0,1.9477,0.888889,821.482
5292,KB3,HARQ,Default,200,5e-05,1,25,0,1.9014,0.888889,841.485
5293,KB3,HARQ,Default,200,5e-05,1,25,0,1.8891,0.888889,846.964
5294,KB3,HARQ,Default,200,5e-05,1,25,0,1.8993,0.888889,842.416
5295,KB3,HARQ,Default,200,5e-05,1,25,0,1.8862,0.888889,848.266
5296,KB3,HARQ,Default,200,5e-05,1,25,0,1.9077,0.888889,838.706
5297,KB3,HARQ,Default,200,5e-05,1,25,0,1.9562,0.888889,817.912
5298,KB3,HARQ,Default,200,5e-05,1,25,0,1.9616,0.888889,815.661
5299,KB3,HARQ,Default,200,5e-05,1,25,0,1.9325,0.888889,827.943
5300,KB3,HARQ,Default,200,5e-05,1,25,0,1.9073,0.888889,838.882
5301,KB3,HARQ,Default,200,5e-05,1,25,0,1.8883,0.888889,847.323
5302,KB3,HARQ,Default,200,5e-05,1,25,0,1.8956,0.888889,844.06
5303,KB3,HARQ,Default,200,5e-05,1,25,0,1.9124,0.888889,836.645
5304,KB3,HARQ,Default,200,5e-05,1,25,0,1.9183,0.888889,834.072
5305,KB3,HARQ,Default,200,5e-05,1,25,0,1.9192,0.888889,833.681
5306,KB3,HARQ,Default,200,5e-05,1,25,0,1.889,0.888889,847.009
5307,KB3,HARQ,Default,200,5e-05,1,25,0,1.9358,0.888889,826.532
5308,KB3,HARQ,Default,200,5e-05,1,25,0,1.8859,0.888889,848.401
5309,KB3,HARQ,Default,200,5e-05,1,25,0,1.9026,0.888889,840.954
5310,KB3,HARQ,Default,200,5e-05,1,25,0,1.9016,0.888889,841.397
5311,KB3,HARQ,Default,200,5e-05,1,25,0,1.8874,0.888889,847.727
5312,KB3,HARQ,Default,200,5e-05,1,25,0,1.9119,0.888889,836.864
5313,KB3,HARQ,Default,200,5e-05,1,25,0,1.8954,0.888889,844.149
5314,KB3,HARQ,Default,200,5e-05,1,25,0,1.9069,0.888889,839.058
5315,KB3,HARQ,Default,200,5e-05,1,25,0,2.3511,0.888889,680.533
5316,KB3,HARQ,Default,200,5e-05,1,25,0,1.9524,0.888889,819.504
5317,KB3,HARQ,Default,200,5e-05,1,25,0,1.9154,0.888889,835.335
5318,KB3,HARQ,Default,200,5e-05,1,25,0,1.8909,0.888889,846.158
5319,KB3,HARQ,Default,200,5e-05,1,25,0,1.8994,0.888889,842.371
5320,KB3,HARQ,Default,200,5e-05,1,25,0,1.9094,0.888889,837.96
5321,KB3,HARQ,Default,200,5e-05,1,25,0,1.8912,0.888889,846.024
5322,KB3,HARQ,Default,200,5e-05,1,25,0,1.9104,0.888889,837.521
5323,KB3,HARQ,Default,200,5e-05,1,25,0,1.9452,0.888889,822.538
5324,KB3,HARQ,Default,200,5e-05,1,25,0,1.9045,0.888889,840.116
5325,KB3,HARQ,Default,200,5e-05,1,25,0,1.8729,0.888889,854.29
5326,KB3,HARQ,Default,200,5e-05,1,25,0,1.8853,0.888889,848.671
5327,KB3,HARQ,Default,200,5e-05,1,25,0,1.888,0.888889,847.458
5328,KB3,HARQ,Default,200,5e-05,1,25,0,1.8776,0.888889,852.152
5329,KB3,HARQ,Default,200,5e-05,1,25,0,1.8806,0.888889,850.792
5330,KB3,HARQ,Default,200,5e-05,1,25,0,1.9008,0.888889,841.751
5331,KB3,HARQ,Default,200,5e-05,1,25,0,1.9652,0.888889,814.166
5332,KB3,HARQ,Default,200,5e-05,1,25,0,1.8922,0.888889,845.577
5333,KB3,HARQ,Default,200,5e-05,1,25,0,1.8788,0.888889,851.607
5334,KB3,HARQ,Default,200,5e-05,1,25,0,1.8807,0.888889,850.747
5335,KB3,HARQ,Default,200,5e-05,1,25,0,1.8977,0.888889,843.126
5336,KB3,HARQ,Default,200,5e-05,1,25,0,1.9164,0.888889,834.899
5337,KB3,HARQ,Default,200,5e-05,1,25,0,1.9048,0.888889,839.983
5338,KB3,HARQ,Default,200,5e-05,1,25,0,1.8953,0.888889,844.194
5339,KB3,HARQ,Default,200,5e-05,1,25,0,1.9682,0.888889,812.926
5340,KB3,HARQ,Default,200,5e-05,1,25,0,1.8793,0.888889,851.381
5341,KB3,HARQ,Default,200,5e-05,1,25,0,1.881,0.888889,850.611
5342,KB3,HARQ,Default,200,5e-05,1,25,0,1.902,0.888889,841.22
5343,KB3,HARQ,Default,200,5e-05,1,25,0,1.8986,0.888889,842.726
5344,KB3,HARQ,Default,200,5e-05,1,25,0,1.9138,0.888889,836.033
5345,KB3,HARQ,Default,200,5e-05,1,25,0,1.8784,0.888889,851.789
5346,KB3,HARQ,Default,200,5e-05,1,25,0,1.8859,0.888889,848.401
5347,KB3,HARQ,Default,200,5e-05,1,25,0,1.9679,0.888889,813.049
5348,KB3,HARQ,Default,200,5e-05,1,25,0,1.9198,0.888889,833.42
5349,KB3,HARQ,Default,200,5e-05,1,25,0,1.8992,0.888889,842.46
5350,KB3,HARQ,Default,200,5e-05,1,25,0,1.9067,0.888889,839.146
5351,KB3,HARQ,Default,200,5e-05,1,25,0,1.9012,0.888889,841.574
5352,KB3,HARQ,Default,200,5e-05,1,25,0,1.8862,0.888889,848.266
5353,KB3,HARQ,Default,200,5e-05,1,25,0,1.8813,0.888889,850.476
5354,KB3,HARQ,Default,200,5e-05,1,25,0,1.8935,0.888889,844.996
5355,KB3,HARQ,Default,200,5e-05,1,25,0,2.0101,0.888889,795.98
5356,KB3,HARQ,Default,200,5e-05,1,25,0,1.9116,0.888889,836.995
5357,KB3,HARQ,Default,200,5e-05,1,25,0,1.8856,0.888889,848.536
5358,KB3,HARQ,Default,200,5e-05,1,25,0,1.894,0.888889,844.773
5359,KB3,HARQ,Default,200,5e-05,1,25,0,1.92,0.888889,833.333
5360,KB3,HARQ,Default,200,5e-05,1,25,0,1.9796,0.888889,808.244
5361,KB3,HARQ,Default,200,5e-05,1,25,0,1.9045,0.888889,840.116
5362,KB3,HARQ,Default,200,5e-05,1,25,0,1.9429,0.888889,823.511
5363,KB3,HARQ,Default,200,5e-05,1,25,0,1.8954,0.888889,844.149
5364,KB3,HARQ,Default,200,5e-05,1,25,0,1.9027,0.888889,840.91
5365,KB3,HARQ,Default,200,5e-05,1,25,0,1.8789,0.888889,851.562
5366,KB3,HARQ,Default,200,5e-05,1,25,0,1.8847,0.888889,848.941
5367,KB3,HARQ,Default,200,5e-05,1,25,0,1.896,0.888889,843.882
5368,KB3,HARQ,Default,200,5e-05,1,25,0,1.9015,0.888889,841.441
5369,KB3,HARQ,Default,200,5e-05,1,25,0,1.88,0.888889,851.064
5370,KB3,HARQ,Default,200,5e-05,1,25,0,1.9674,0.888889,813.256
5371,KB3,HARQ,Default,200,5e-05,1,25,0,1.8835,0.888889,849.482
5372,KB3,HARQ,Default,200,5e-05,1,25,0,1.8867,0.888889,848.042
5373,KB3,HARQ,Default,200,5e-05,1,25,0,1.9042,0.888889,840.248
5374,KB3,HARQ,Default,200,5e-05,1,25,0,1.9005,0.888889,841.884
5375,KB3,HARQ,Default,200,5e-05,1,25,0,1.8947,0.888889,844.461
5376,KB3,HARQ,Default,200,5e-05,1,25,0,1.8889,0.888889,847.054
5377,KB3,HARQ,Default,200,5e-05,1,25,0,1.9066,0.888889,839.19
5378,KB3,HARQ,Default,200,5e-05,1,25,0,1.8759,0.888889,852.924
5379,KB3,HARQ,Default,200,5e-05,1,25,0,1.9413,0.888889,824.19
5380,KB3,HARQ,Default,200,5e-05,1,25,0,1.8888,0.888889,847.099
5381,KB3,HARQ,Default,200,5e-05,1,25,0,1.9103,0.888889,837.565
5382,KB3,HARQ,Default,200,5e-05,1,25,0,1.8939,0.888889,844.818
5383,KB3,HARQ,Default,200,5e-05,1,25,0,1.8747,0.888889,853.47
5384,KB3,HARQ,Default,200,5e-05,1,25,0,1.8994,0.888889,842.371
5385,KB3,HARQ,Default,200,5e-05,1,25,0,1.8828,0.888889,849.798
5386,KB3,HARQ,Default,200,5e-05,1,25,0,1.8763,0.888889,852.742
5387,KB3,HARQ,Default,200,5e-05,1,25,0,2.2986,0.888889,696.076
5388,KB3,HARQ,Default,200,5e-05,1,25,0,1.999,0.888889,800.4
5389,KB3,HARQ,Default,200,5e-05,1,25,0,1.8814,0.888889,850.431
5390,KB3,HARQ,Default,200,5e-05,1,25,0,1.9001,0.888889,842.061
5391,KB3,HARQ,Default,200,5e-05,1,25,0,1.8847,0.888889,848.941
5392,KB3,HARQ,Default,200,5e-05,1,25,0,1.8942,0.888889,844.684
5393,KB3,HARQ,Default,200,5e-05,1,25,0,1.9015,0.888889,841.441
5394,KB3,HARQ,Default,200,5e-05,1,25,0,1.919,0.888889,833.768
5395,KB3,HARQ,Default,200,5e-05,1,25,0,1.9048,0.888889,839.983
5396,KB3,HARQ,Default,200,5e-05,1,25,0,1.8961,0.888889,843.837
5397,KB3,HARQ,Default,200,5e-05,1,25,0,1.8828,0.888889,849.798
5398,KB3,HARQ,Default,200,5e-05,1,25,0,1.8841,0.888889,849.212
5399,KB3,HARQ,Default,200,5e-05,1,25,0,1.8724,0.888889,854.518
5400,KB3,HARQ,Default,200,5e-05,1,25,0,1.9002,0.888889,842.017
5401,KB3,HARQ,Default,200,5e-05,1,25,0,1.9052,0.888889,839.807
5402,KB3,HARQ,Default,200,5e-05,1,25,0,1.8975,0.888889,843.215
5403,KB3,HARQ,Default,200,5e-05,1,25,0,1.9873,0.888889,805.112
5404,KB3,HARQ,Default,200,5e-05,1,25,0,1.901,0.888889,841.662
5405,KB3,HARQ,Default,200,5e-05,1,25,0,1.9065,0.888889,839.234
5406,KB3,HARQ,Default,200,5e-05,1,25,0,1.8976,0.888889,843.17
5407,KB3,HARQ,Default,200,5e-05,1,25,0,1.902,0.888889,841.22
5408,KB3,HARQ,Default,200,5e-05,1,25,0,1.9014,0.888889,841.485
5409,KB3,HARQ,Default,200,5e-05,1,25,0,1.8803,0.888889,850.928
5410,KB3,HARQ,Default,200,5e-05,1,25,0,1.8819,0.888889,850.205
5411,KB3,HARQ,Default,200,5e-05,1,25,0,1.9165,0.888889,834.855
5412,KB3,HARQ,Default,200,5e-05,1,25,0,1.9084,0.888889,838.399
5413,KB3,HARQ,Default,200,5e-05,1,25,0,1.8998,0.888889,842.194
5414,KB3,HARQ,Default,200,5e-05,1,25,0,1.9085,0.888889,838.355
5415,KB3,HARQ,Default,200,5e-05,1,25,0,1.8816,0.888889,850.34
5416,KB3,HARQ,Default,200,5e-05,1,25,0,1.8879,0.888889,847.503
5417,KB3,HARQ,Default,200,5e-05,1,25,0,1.8832,0.888889,849.618
5418,KB3,HARQ,Default,200,5e-05,1,25,0,2.2134,0.888889,722.87
5419,KB3,HARQ,Default,200,5e-05,1,25,0,1.9446,0.888889,822.791
5420,KB3,HARQ,Default,200,5e-05,1,25,0,1.9045,0.888889,840.116
5421,KB3,HARQ,Default,200,5e-05,1,25,0,1.8997,0.888889,842.238
5422,KB3,HARQ,Default,200,5e-05,1,25,0,1.88,0.888889,851.064
5423,KB3,HARQ,Default,200,5e-05,1,25,0,1.8832,0.888889,849.618
5424,KB3,HARQ,Default,200,5e-05,1,25,0,1.892,0.888889,845.666
5425,KB3,HARQ,Default,200,5e-05,1,25,0,1.8945,0.888889,844.55
5426,KB3,HARQ,Default,200,5e-05,1,25,0,1.9349,0.888889,826.916
5427,KB3,HARQ,Default,200,5e-05,1,25,0,1.885,0.888889,848.806
5428,KB3,HARQ,Default,200,5e-05,1,25,0,1.9076,0.888889,838.75
5429,KB3,HARQ,Default,200,5e-05,1,25,0,1.8821,0.888889,850.114
5430,KB3,HARQ,Default,200,5e-05,1,25,0,1.8876,0.888889,847.637
5431,KB3,HARQ,Default,200,5e-05,1,25,0,1.9008,0.888889,841.751
5432,KB3,HARQ,Default,200,5e-05,1,25,0,1.9024,0.888889,841.043
5433,KB3,HARQ,Default,200,5e-05,1,25,0,1.9009,0.888889,841.707
5434,KB3,HARQ,Default,200,5e-05,1,25,0,1.9626,0.888889,815.245
5435,KB3,HARQ,Default,200,5e-05,1,25,0,1.8937,0.888889,844.907
5436,KB3,HARQ,Default,200,5e-05,1,25,0,1.883,0.888889,849.708
5437,KB3,HARQ,Default,200,5e-05,1,25,0,1.8787,0.888889,851.653
5438,KB3,HARQ,Default,200,5e-05,1,25,0,1.896,0.888889,843.882
5439,KB3,HARQ,Default,200,5e-05,1,25,0,1.8971,0.888889,843.393
5440,KB3,HARQ,Default,200,5e-05,1,25,0,1.9145,0.888889,835.727
5441,KB3,HARQ,Default,200,5e-05,1,25,0,1.8791,0.888889,851.471
5442,KB3,HARQ,Default,200,5e-05,1,25,0,1.999,0.888889,800.4
5443,KB3,HARQ,Default,200,5e-05,1,25,0,1.8866,0.888889,848.087
5444,KB3,HARQ,Default,200,5e-05,1,25,0,1.8833,0.888889,849.573
5445,KB3,HARQ,Default,200,5e-05,1,25,0,1.8798,0.888889,851.154
5446,KB3,HARQ,Default,200,5e-05,1,25,0,1.8973,0.888889,843.304
5447,KB3,HARQ,Default,200,5e-05,1,25,0,1.883,0.888889,849.708
5448,KB3,HARQ,Default,200,5e-05,1,25,0,1.8954,0.888889,844.149
5449,KB3,HARQ,Default,200,5e-05,1,25,0,1.8815,0.888889,850.385
5450,KB3,HARQ,Default,200,5e-05,1,25,0,1.9209,0.888889,832.943
5451,KB3,HARQ,Default,200,5e-05,1,25,0,1.8948,0.888889,844.416
5452,KB3,HARQ,Default,200,5e-05,1,25,0,1.9003,0.888889,841.972
5453,KB3,HARQ,Default,200,5e-05,1,25,0,1.8944,0.888889,844.595
5454,KB3,HARQ,Default,200,5e-05,1,25,0,1.8876,0.888889,847.637
5455,KB3,HARQ,Default,200,5e-05,1,25,0,1.8711,0.888889,855.112
5456,KB3,HARQ,Default,200,5e-05,1,25,0,1.8745,0.888889,853.561
5457,KB3,HARQ,Default,200,5e-05,1,25,0,1.9038,0.888889,840.424
5458,KB3,HARQ,Default,200,5e-05,1,25,0,1.9006,0.888889,841.839
5459,KB3,HARQ,Default,200,5e-05,1,25,0,2.2827,0.888889,700.924
5460,KB3,HARQ,Default,200,5e-05,1,25,0,1.9,0.888889,842.105
5461,KB3,HARQ,Default,200,5e-05,1,25,0,1.884,0.888889,849.257
5462,KB3,HARQ,Default,200,5e-05,1,25,0,1.8791,0.888889,851.471
5463,KB3,HARQ,Default,200,5e-05,1,25,0,1.908,0.888889,838.574
5464,KB3,HARQ,Default,200,5e-05,1,25,0,1.9117,0.888889,836.951
5465,KB3,HARQ,Default,200,5e-05,1,25,0,1.899,0.888889,842.549
5466,KB3,HARQ,Default,200,5e-05,1,25,0,1.9481,0.888889,821.313
5467,KB3,HARQ,Default,200,5e-05,1,25,0,1.8849,0.888889,848.851
5468,KB3,HARQ,Default,200,5e-05,1,25,0,1.8962,0.888889,843.793
5469,KB3,HARQ,Default,200,5e-05,1,25,0,1.8753,0.888889,853.197
5470,KB3,HARQ,Default,200,5e-05,1,25,0,1.8892,0.888889,846.919
5471,KB3,HARQ,Default,200,5e-05,1,25,0,1.8932,0.888889,845.13
5472,KB3,HARQ,Default,200,5e-05,1,25,0,1.9008,0.888889,841.751
5473,KB3,HARQ,Default,200,5e-05,1,25,0,1.879,0.888889,851.517
5474,KB3,HARQ,Default,200,5e-05,1,25,0,1.9074,0.888889,838.838
5475,KB3,HARQ,Default,200,5e-05,1,25,0,1.9136,0.888889,836.12
5476,KB3,HARQ,Default,200,5e-05,1,25,0,1.8865,0.888889,848.131
5477,KB3,HARQ,Default,200,5e-05,1,25,0,1.8962,0.888889,843.793
5478,KB3,HARQ,Default,200,5e-05,1,25,0,1.9007,0.888889,841.795
5479,KB3,HARQ,Default,200,5e-05,1,25,0,1.9009,0.888889,841.707
5480,KB3,HARQ,Default,200,5e-05,1,25,0,1.8877,0.888889,847.592
5481,KB3,HARQ,Default,200,5e-05,1,25,0,1.8869,0.888889,847.952
5482,KB3,HARQ,Default,200,5e-05,1,25,0,1.8845,0.888889,849.032
5483,KB3,HARQ,Default,200,5e-05,1,25,0,1.9646,0.888889,814.415
5484,KB3,HARQ,Default,200,5e-05,1,25,0,1.8981,0.888889,842.948
5485,KB3,HARQ,Default,200,5e-05,1,25,0,1.8785,0.888889,851.743
5486,KB3,HARQ,Default,200,5e-05,1,25,0,1.8991,0.888889,842.504
5487,KB3,HARQ,Default,200,5e-05,1,25,0,1.8828,0.888889,849.798
5488,KB3,HARQ,Default,200,5e-05,1,25,0,1.8948,0.888889,844.416
5489,KB3,HARQ,Default,200,5e-05,1,25,0,1.9034,0.888889,840.601
5490,KB3,HARQ,Default,200,5e-05,1,25,0,1.8909,0.888889,846.158
5491,KB3,HARQ,Default,200,5e-05,1,25,0,2.0495,0.888889,780.678
5492,KB3,HARQ,Default,200,5e-05,1,25,0,1.8895,0.888889,846.785
5493,KB3,HARQ,Default,200,5e-05,1,25,0,1.903,0.888889,840.778
5494,KB3,HARQ,Default,200,5e-05,1,25,0,1.8841,0.888889,849.212
5495,KB3,HARQ,Default,200,5e-05,1,25,0,1.8806,0.888889,850.792
5496,KB3,HARQ,Default,200,5e-05,1,25,0,1.8992,0.888889,842.46
5497,KB3,HARQ,Default,200,5e-05,1,25,0,1.8882,0.888889,847.368
5498,KB3,HARQ,Default,200,5e-05,1,25,0,1.8951,0.888889,844.283
5499,KB3,HARQ,Default,200,5e-05,1,25,0,1.921,0.888889,832.9
5500,KB3,HARQ,Default,200,5e-05,1,25,0,1.8873,0.888889,847.772
5501,KB3,HARQ,Default,200,5e-05,1,25,0,1.8825,0.888889,849.934
5502,KB3,HARQ,Default,200,5e-05,1,25,0,1.892,0.888889,845.666
5503,KB3,HARQ,Default,200,5e-05,1,25,0,1.8812,0.888889,850.521
5504,KB3,HARQ,Default,200,5e-05,1,25,0,1.9031,0.888889,840.734
5505,KB3,HARQ,Default,200,5e-05,1,25,0,1.9187,0.888889,833.898
5506,KB3,HARQ,Default,200,5e-05,1,25,0,1.9223,0.888889,832.336
5507,KB3,HARQ,Default,200,5e-05,1,25,0,1.9693,0.888889,812.471
5508,KB3,HARQ,Default,200,5e-05,1,25,0,1.8892,0.888889,846.919
5509,KB3,HARQ,Default,200,5e-05,1,25,0,1.91,0.888889,837.696
5510,KB3,HARQ,Default,200,5e-05,1,25,0,1.8997,0.888889,842.238
5511,KB3,HARQ,Default,200,5e-05,1,25,0,1.8909,0.888889,846.158
5512,KB3,HARQ,Default,200,5e-05,1,25,0,1.8879,0.888889,847.503
5513,KB3,HARQ,Default,200,5e-05,1,25,0,1.887,0.888889,847.907
5514,KB3,HARQ,Default,200,5e-05,1,25,0,1.8773,0.888889,852.288
5515,KB3,HARQ,Default,200,5e-05,1,25,0,1.8847,0.888889,848.941
5516,KB3,HARQ,Default,200,5e-05,1,25,0,1.8912,0.888889,846.024
5517,KB3,HARQ,Default,200,5e-05,1,25,0,1.9037,0.888889,840.469
5518,KB3,HARQ,Default,200,5e-05,1,25,0,1.904,0.888889,840.336
5519,KB3,HARQ,Default,200,5e-05,1,25,0,1.8826,0.888889,849.888
5520,KB3,HARQ,Default,200,5e-05,1,25,0,1.893,0.888889,845.219
5521,KB3,HARQ,Default,200,5e-05,1,25,0,1.8976,0.888889,843.17
5522,KB3,HARQ,Default,200,5e-05,1,25,0,1.8976,0.888889,843.17
5523,KB3,HARQ,Default,200,5e-05,1,25,0,1.9309,0.888889,828.629
5524,KB3,HARQ,Default,200,5e-05,1,25,0,1.8973,0.888889,843.304
5525,KB3,HARQ,Default,200,5e-05,1,25,0,1.8957,0.888889,844.015
5526,KB3,HARQ,Default,200,5e-05,1,25,0,1.8827,0.888889,849.843
5527,KB3,HARQ,Default,200,5e-05,1,25,0,1.88,0.888889,851.064
5528,KB3,HARQ,Default,200,5e-05,1,25,0,1.9,0.888889,842.105
5529,KB3,HARQ,Default,200,5e-05,1,25,0,1.8962,0.888889,843.793
5530,KB3,HARQ,Default,200,5e-05,1,25,0,1.9022,0.888889,841.131
5531,KB3,HARQ,Default,200,5e-05,1,25,0,2.2144,0.888889,722.543
5532,KB3,HARQ,Default,200,5e-05,1,25,0,1.8897,0.888889,846.695
5533,KB3,HARQ,Default,200,5e-05,1,25,0,1.9087,0.888889,838.267
5534,KB3,HARQ,Default,200,5e-05,1,25,0,1.8917,0.888889,845.8
5535,KB3,HARQ,Default,200,5e-05,1,25,0,1.8976,0.888889,843.17
5536,KB3,HARQ,Default,200,5e-05,1,25,0,1.8929,0.888889,845.264
5537,KB3,HARQ,Default,200,5e-05,1,25,0,1.9023,0.888889,841.087
5538,KB3,HARQ,Default,200,5e-05,1,25,0,1.8907,0.888889,846.247
5539,KB3,HARQ,Default,200,5e-05,1,25,0,2.1036,0.888889,760.601
5540,KB3,HARQ,Default,200,5e-05,1,25,0,1.9028,0.888889,840.866
5541,KB3,HARQ,Default,200,5e-05,1,25,0,1.8993,0.888889,842.416
5542,KB3,HARQ,Default,200,5e-05,1,25,0,2.0256,0.888889,789.889
5543,KB3,HARQ,Default,200,5e-05,1,25,0,1.8751,0.888889,853.288
5544,KB3,HARQ,Default,200,5e-05,1,25,0,1.9138,0.888889,836.033
5545,KB3,HARQ,Default,200,5e-05,1,25,0,1.8829,0.888889,849.753
5546,KB3,HARQ,Default,200,5e-05,1,25,0,1.8854,0.888889,848.626
5547,KB3,HARQ,Default,200,5e-05,1,25,0,1.9621,0.888889,815.453
5548,KB3,HARQ,Default,200,5e-05,1,25,0,1.9185,0.888889,833.985
5549,KB3,HARQ,Default,200,5e-05,1,25,0,1.9,0.888889,842.105
5550,KB3,HARQ,Default,200,5e-05,1,25,0,2.0527,0.888889,779.461
5551,KB3,HARQ,Default,200,5e-05,1,25,0,1.892,0.888889,845.666
5552,KB3,HARQ,Default,200,5e-05,1,25,0,1.8742,0.888889,853.698
5553,KB3,HARQ,Default,200,5e-05,1,25,0,1.8827,0.888889,849.843
5554,KB3,HARQ,Default,200,5e-05,1,25,0,1.944,0.888889,823.045
5555,KB3,HARQ,Default,200,5e-05,1,25,0,1.8904,0.888889,846.382
5556,KB3,HARQ,Default,200,5e-05,1,25,0,1.8913,0.888889,845.979
5557,KB3,HARQ,Default,200,5e-05,1,25,0,1.8777,0.888889,852.106
5558,KB3,HARQ,Default,200,5e-05,1,25,0,1.8818,0.888889,850.25
5559,KB3,HARQ,Default,200,5e-05,1,25,0,1.9519,0.888889,819.714
5560,KB3,HARQ,Default,200,5e-05,1,25,0,1.8805,0.888889,850.838
5561,KB3,HARQ,Default,200,5e-05,1,25,0,1.8852,0.888889,848.716
5562,KB3,HARQ,Default,200,5e-05,1,25,0,1.9925,0.888889,803.011
5563,KB3,HARQ,Default,200,5e-05,1,25,0,1.8907,0.888889,846.247
5564,KB3,HARQ,Default,200,5e-05,1,25,0,1.8977,0.888889,843.126
5565,KB3,HARQ,Default,200,5e-05,1,25,0,1.8792,0.888889,851.426
5566,KB3,HARQ,Default,200,5e-05,1,25,0,1.8838,0.888889,849.347
5567,KB3,HARQ,Default,200,5e-05,1,25,0,1.9138,0.888889,836.033
5568,KB3,HARQ,Default,200,5e-05,1,25,0,1.8893,0.888889,846.875
5569,KB3,HARQ,Default,200,5e-05,1,25,0,1.91,0.888889,837.696
5570,KB3,HARQ,Default,200,5e-05,1,25,0,1.9284,0.888889,829.703
5571,KB3,HARQ,Default,200,5e-05,1,25,0,1.8756,0.888889,853.06
5572,KB3,HARQ,Default,200,5e-05,1,25,0,1.8804,0.888889,850.883
5573,KB3,HARQ,Default,200,5e-05,1,25,0,1.8802,0.888889,850.973
5574,KB3,HARQ,Default,200,5e-05,1,25,0,1.9004,0.888889,841.928
5575,KB3,HARQ,Default,200,5e-05,1,25,0,1.8959,0.888889,843.926
5576,KB3,HARQ,Default,200,5e-05,1,25,0,1.9136,0.888889,836.12
5577,KB3,HARQ,Default,200,5e-05,1,25,0,1.8864,0.888889,848.176
5578,KB3,HARQ,Default,200,5e-05,1,25,0,1.969,0.888889,812.595
5579,KB3,HARQ,Default,200,5e-05,1,25,0,1.9843,0.888889,806.33
5580,KB3,HARQ,Default,200,5e-05,1,25,0,1.9103,0.888889,837.565
5581,KB3,HARQ,Default,200,5e-05,1,25,0,1.8929,0.888889,845.264
5582,KB3,HARQ,Default,200,5e-05,1,25,0,1.8892,0.888889,846.919
5583,KB3,HARQ,Default,200,5e-05,1,25,0,1.8856,0.888889,848.536
5584,KB3,HARQ,Default,200,5e-05,1,25,0,1.9008,0.888889,841.751
5585,KB3,HARQ,Default,200,5e-05,1,25,0,1.8814,0.888889,850.431
5586,KB3,HARQ,Default,200,5e-05,1,25,0,1.9589,0.888889,816.785
5587,KB3,HARQ,Default,200,5e-05,1,25,0,1.933,0.888889,827.729
5588,KB3,HARQ,Default,200,5e-05,1,25,0,1.9028,0.888889,840.866
5589,KB3,HARQ,Default,200,5e-05,1,25,0,1.8715,0.888889,854.929
5590,KB3,HARQ,Default,200,5e-05,1,25,0,1.9074,0.888889,838.838
5591,KB3,HARQ,Default,200,5e-05,1,25,0,1.8739,0.888889,853.834
5592,KB3,HARQ,Default,200,5e-05,1,25,0,1.9017,0.888889,841.352
5593,KB3,HARQ,Default,200,5e-05,1,25,0,1.9084,0.888889,838.399
5594,KB3,HARQ,Default,200,5e-05,1,25,0,1.9456,0.888889,822.368
5595,KB3,HARQ,Default,200,5e-05,1,25,0,1.9174,0.888889,834.463
5596,KB3,HARQ,Default,200,5e-05,1,25,0,1.8964,0.888889,843.704
5597,KB3,HARQ,Default,200,5e-05,1,25,0,1.8805,0.888889,850.838
5598,KB3,HARQ,Default,200,5e-05,1,25,0,1.8826,0.888889,849.888
5599,KB3,HARQ,Default,200,5e-05,1,25,0,1.8942,0.888889,844.684
5600,KB3,HARQ,Default,200,5e-05,1,25,0,1.9002,0.888889,842.017
5601,KB3,HARQ,Default,200,5e-05,1,25,0,1.8963,0.888889,843.748
5602,KB3,HARQ,Default,200,5e-05,1,25,0,1.907,0.888889,839.014
5603,KB3,HARQ,Default,200,5e-05,1,25,0,2.3471,0.888889,681.692
5604,KB3,HARQ,Default,200,5e-05,1,25,0,1.8974,0.888889,843.259
5605,KB3,HARQ,Default,200,5e-05,1,25,0,1.9072,0.888889,838.926
5606,KB3,HARQ,Default,200,5e-05,1,25,0,1.8986,0.888889,842.726
5607,KB3,HARQ,Default,200,5e-05,1,25,0,1.9057,0.888889,839.587
5608,KB3,HARQ,Default,200,5e-05,1,25,0,1.8937,0.888889,844.907
5609,KB3,HARQ,Default,200,5e-05,1,25,0,1.9304,0.888889,828.844
5610,KB3,HARQ,Default,200,5e-05,1,25,0,1.9308,0.888889,828.672
5611,KB3,HARQ,Default,200,5e-05,1,25,0,1.8827,0.888889,849.843
5612,KB3,HARQ,Default,200,5e-05,1,25,0,1.8933,0.888889,845.085
5613,KB3,HARQ,Default,200,5e-05,1,25,0,1.8912,0.888889,846.024
5614,KB3,HARQ,Default,200,5e-05,1,25,0,1.9141,0.888889,835.902
5615,KB3,HARQ,Default,200,5e-05,1,25,0,1.8746,0.888889,853.515
5616,KB3,HARQ,Default,200,5e-05,1,25,0,1.8896,0.888889,846.74
5617,KB3,HARQ,Default,200,5e-05,1,25,0,1.8755,0.888889,853.106
5618,KB3,HARQ,Default,200,5e-05,1,25,0,1.9291,0.888889,829.402
5619,KB3,HARQ,Default,200,5e-05,1,25,0,1.8818,0.888889,850.25
5620,KB3,HARQ,Default,200,5e-05,1,25,0,1.8999,0.888889,842.15
5621,KB3,HARQ,Default,200,5e-05,1,25,0,1.8893,0.888889,846.875
5622,KB3,HARQ,Default,200,5e-05,1,25,0,1.8788,0.888889,851.607
5623,KB3,HARQ,Default,200,5e-05,1,25,0,1.8809,0.888889,850.657
5624,KB3,HARQ,Default,200,5e-05,1,25,0,1.896,0.888889,843.882
5625,KB3,HARQ,Default,200,5e-05,1,25,0,1.9037,0.888889,840.469
5626,KB3,HARQ,Default,200,5e-05,1,25,0,1.9516,0.888889,819.84
5627,KB3,HARQ,Default,200,5e-05,1,25,0,1.9009,0.888889,841.707
5628,KB3,HARQ,Default,200,5e-05,1,25,0,1.8842,0.888889,849.167
5629,KB3,HARQ,Default,200,5e-05,1,25,0,1.8891,0.888889,846.964
5630,KB3,HARQ,Default,200,5e-05,1,25,0,1.8783,0.888889,851.834
5631,KB3,HARQ,Default,200,5e-05,1,25,0,1.8805,0.888889,850.838
5632,KB3,HARQ,Default,200,5e-05,1,25,0,1.9024,0.888889,841.043
5633,KB3,HARQ,Default,200,5e-05,1,25,0,1.8984,0.888889,842.815
5634,KB3,HARQ,Default,200,5e-05,1,25,0,1.9604,0.888889,816.16
5635,KB3,HARQ,Default,200,5e-05,1,25,0,1.8898,0.888889,846.65
5636,KB3,HARQ,Default,200,5e-05,1,25,0,1.8783,0.888889,851.834
5637,KB3,HARQ,Default,200,5e-05,1,25,0,1.8961,0.888889,843.837
5638,KB3,HARQ,Default,200,5e-05,1,25,0,1.8975,0.888889,843.215
5639,KB3,HARQ,Default,200,5e-05,1,25,0,1.9449,0.888889,822.664
5640,KB3,HARQ,Default,200,5e-05,1,25,0,1.9093,0.888889,838.003
5641,KB3,HARQ,Default,200,5e-05,1,25,0,1.881,0.888889,850.611
5642,KB3,HARQ,Default,200,5e-05,1,25,0,1.9288,0.888889,829.531
5643,KB3,HARQ,Default,200,5e-05,1,25,0,1.9221,0.888889,832.423
5644,KB3,HARQ,Default,200,5e-05,1,25,0,1.9041,0.888889,840.292
5645,KB3,HARQ,Default,200,5e-05,1,25,0,1.8965,0.888889,843.659
5646,KB3,HARQ,Default,200,5e-05,1,25,0,1.9144,0.888889,835.771
5647,KB3,HARQ,Default,200,5e-05,1,25,0,1.8812,0.888889,850.521
5648,KB3,HARQ,Default,200,5e-05,1,25,0,1.8843,0.888889,849.122
5649,KB3,HARQ,Default,200,5e-05,1,25,0,1.8819,0.888889,850.205
5650,KB3,HARQ,Default,200,5e-05,1,25,0,2.0258,0.888889,789.811
5651,KB3,HARQ,Default,200,5e-05,1,25,0,1.8875,0.888889,847.682
5652,KB3,HARQ,Default,200,5e-05,1,25,0,1.9047,0.888889,840.027
5653,KB3,HARQ,Default,200,5e-05,1,25,0,1.8945,0.888889,844.55
5654,KB3,HARQ,Default,200,5e-05,1,25,0,1.888,0.888889,847.458
5655,KB3,HARQ,Default,200,5e-05,1,25,0,1.8797,0.888889,851.2
5656,KB3,HARQ,Default,200,5e-05,1,25,0,1.8722,0.888889,854.61
5657,KB3,HARQ,Default,200,5e-05,1,25,0,1.887,0.888889,847.907
5658,KB3,HARQ,Default,200,5e-05,1,25,0,1.9348,0.888889,826.959
5659,KB3,HARQ,Default,200,5e-05,1,25,0,1.8804,0.888889,850.883
5660,KB3,HARQ,Default,200,5e-05,1,25,0,1.9139,0.888889,835.989
5661,KB3,HARQ,Default,200,5e-05,1,25,0,1.8872,0.888889,847.817
5662,KB3,HARQ,Default,200,5e-05,1,25,0,1.8827,0.888889,849.843
5663,KB3,HARQ,Default,200,5e-05,1,25,0,1.8451,0.888889,867.162
5664,KB3,HARQ,Default,200,5e-05,1,25,0,1.8472,0.888889,866.176
5665,KB3,HARQ,Default,200,5e-05,1,25,0,1.8472,0.888889,866.176
5666,KB3,HARQ,Default,200,5e-05,1,25,0,1.9589,0.888889,816.785
5667,KB3,HARQ,Default,200,5e-05,1,25,0,1.8507,0.888889,864.538
5668,KB3,HARQ,Default,200,5e-05,1,25,0,1.8327,0.888889,873.029
5669,KB3,HARQ,Default,200,5e-05,1,25,0,1.9261,0.888889,830.694
5670,KB3,HARQ,Default,200,5e-05,1,25,0,1.8585,0.888889,860.909
5671,KB3,HARQ,Default,200,5e-05,1,25,0,1.8525,0.888889,863.698
5672,KB3,HARQ,Default,200,5e-05,1,25,0,1.8459,0.888889,866.786
5673,KB3,HARQ,Default,200,5e-05,1,25,0,1.8312,0.888889,873.744
5674,KB3,HARQ,Default,200,5e-05,1,25,0,1.923,0.888889,832.033
5675,KB3,HARQ,Default,200,5e-05,1,25,0,2.191,0.888889,730.26
5676,KB3,HARQ,Default,200,5e-05,1,25,0,1.8804,0.888889,850.883
5677,KB3,HARQ,Default,200,5e-05,1,25,0,1.9212,0.888889,832.813
5678,KB3,HARQ,Default,200,5e-05,1,25,0,1.8582,0.888889,861.048
5679,KB3,HARQ,Default,200,5e-05,1,25,0,1.8331,0.888889,872.838
5680,KB3,HARQ,Default,200,5e-05,1,25,0,1.8419,0.888889,868.668
5681,KB3,HARQ,Default,200,5e-05,1,25,0,1.8384,0.888889,870.322
5682,KB3,HARQ,Default,200,5e-05,1,25,0,1.9988,0.888889,800.48
5683,KB3,HARQ,Default,200,5e-05,1,25,0,1.9136,0.888889,836.12
5684,KB3,HARQ,Default,200,5e-05,1,25,0,1.8545,0.888889,862.766
5685,KB3,HARQ,Default,200,5e-05,1,25,0,1.8469,0.888889,866.317
5686,KB3,HARQ,Default,200,5e-05,1,25,0,1.9186,0.888889,833.941
5687,KB3,HARQ,Default,200,5e-05,1,25,0,1.8285,0.888889,875.034
5688,KB3,HARQ,Default,200,5e-05,1,25,0,1.832,0.888889,873.362
5689,KB3,HARQ,Default,200,5e-05,1,25,0,1.8307,0.888889,873.983
5690,KB3,HARQ,Default,200,5e-05,1,25,0,1.8546,0.888889,862.72
5691,KB3,HARQ,Default,200,5e-05,1,25,0,1.9244,0.888889,831.428
5692,KB3,HARQ,Default,200,5e-05,1,25,0,1.8536,0.888889,863.185
5693,KB3,HARQ,Default,200,5e-05,1,25,0,1.8304,0.888889,874.126
5694,KB3,HARQ,Default,200,5e-05,1,25,0,1.9264,0.888889,830.565
5695,KB3,HARQ,Default,200,5e-05,1,25,0,1.8552,0.888889,862.441
5696,KB3,HARQ,Default,200,5e-05,1,25,0,1.8548,0.888889,862.627
5697,KB3,HARQ,Default,200,5e-05,1,25,0,1.8435,0.888889,867.914
5698,KB3,HARQ,Default,200,5e-05,1,25,0,1.8455,0.888889,866.974
5699,KB3,HARQ,Default,200,5e-05,1,25,0,1.9016,0.888889,841.397
5700,KB3,HARQ,Default,200,5e-05,1,25,0,1.8495,0.888889,865.099
5701,KB3,HARQ,Default,200,5e-05,1,25,0,2.0714,0.888889,772.424
5702,KB3,HARQ,Default,200,5e-05,1,25,0,1.8504,0.888889,864.678
5703,KB3,HARQ,Default,200,5e-05,1,25,0,1.9403,0.888889,824.615
5704,KB3,HARQ,Default,200,5e-05,1,25,0,1.8508,0.888889,864.491
5705,KB3,HARQ,Default,200,5e-05,1,25,0,1.8395,0.888889,869.802
5706,KB3,HARQ,Default,200,5e-05,1,25,0,1.8475,0.888889,866.035
5707,KB3,HARQ,Default,200,5e-05,1,25,0,2.1375,0.888889,748.538
5708,KB3,HARQ,Default,200,5e-05,1,25,0,1.8334,0.888889,872.696
5709,KB3,HARQ,Default,200,5e-05,1,25,0,1.8462,0.888889,866.645
5710,KB3,HARQ,Default,200,5e-05,1,25,0,1.8525,0.888889,863.698
5711,KB3,HARQ,Default,200,5e-05,1,25,0,1.937,0.888889,826.02
5712,KB3,HARQ,Default,200,5e-05,1,25,0,1.839,0.888889,870.038
5713,KB3,HARQ,Default,200,5e-05,1,25,0,1.8467,0.888889,866.41
5714,KB3,HARQ,Default,200,5e-05,1,25,0,1.8708,0.888889,855.249
5715,KB3,HARQ,Default,200,5e-05,1,25,0,1.9617,0.888889,815.619
5716,KB3,HARQ,Default,200,5e-05,1,25,0,1.8982,0.888889,842.904
5717,KB3,HARQ,Default,200,5e-05,1,25,0,1.8761,0.888889,852.833
5718,KB3,HARQ,Default,200,5e-05,1,25,0,1.8919,0.888889,845.711
5719,KB3,HARQ,Default,200,5e-05,1,25,0,1.8718,0.888889,854.792
5720,KB3,HARQ,Default,200,5e-05,1,25,0,1.8953,0.888889,844.194
5721,KB3,HARQ,Default,200,5e-05,1,25,0,1.8984,0.888889,842.815
5722,KB3,HARQ,Default,200,5e-05,1,25,0,1.889,0.888889,847.009
5723,KB3,HARQ,Default,200,5e-05,1,25,0,1.947,0.888889,821.777
5724,KB3,HARQ,Default,200,5e-05,1,25,0,1.8777,0.888889,852.106
5725,KB3,HARQ,Default,200,5e-05,1,25,0,1.8893,0.888889,846.875
5726,KB3,HARQ,Default,200,5e-05,1,25,0,1.8797,0.888889,851.2
5727,KB3,HARQ,Default,200,5e-05,1,25,0,1.8723,0.888889,854.564
5728,KB3,HARQ,Default,200,5e-05,1,25,0,1.8999,0.888889,842.15
5729,KB3,HARQ,Default,200,5e-05,1,25,0,1.8853,0.888889,848.671
5730,KB3,HARQ,Default,200,5e-05,1,25,0,1.8945,0.888889,844.55
5731,KB3,HARQ,Default,200,5e-05,1,25,0,2.0069,0.888889,797.249
5732,KB3,HARQ,Default,200,5e-05,1,25,0,1.8813,0.888889,850.476
5733,KB3,HARQ,Default,200,5e-05,1,25,0,1.8721,0.888889,854.655
5734,KB3,HARQ,Default,200,5e-05,1,25,0,1.8733,0.888889,854.108
5735,KB3,HARQ,Default,200,5e-05,1,25,0,1.8695,0.888889,855.844
5736,KB3,HARQ,Default,200,5e-05,1,25,0,1.907,0.888889,839.014
5737,KB3,HARQ,Default,200,5e-05,1,25,0,1.8875,0.888889,847.682
5738,KB3,HARQ,Default,200,5e-05,1,25,0,1.8761,0.888889,852.833
5739,KB3,HARQ,Default,200,5e-05,1,25,0,1.9515,0.888889,819.882
5740,KB3,HARQ,Default,200,5e-05,1,25,0,1.8748,0.888889,853.424
5741,KB3,HARQ,Default,200,5e-05,1,25,0,1.8986,0.888889,842.726
5742,KB3,HARQ,Default,200,5e-05,1,25,0,1.8908,0.888889,846.203
5743,KB3,HARQ,Default,200,5e-05,1,25,0,1.8914,0.888889,845.934
5744,KB3,HARQ,Default,200,5e-05,1,25,0,1.8779,0.888889,852.016
5745,KB3,HARQ,Default,200,5e-05,1,25,0,1.8886,0.888889,847.188
5746,KB3,HARQ,Default,200,5e-05,1,25,0,1.8808,0.888889,850.702
5747,KB3,HARQ,Default,200,5e-05,1,25,0,1.937,0.888889,826.02
5748,KB3,HARQ,Default,200,5e-05,1,25,0,1.888,0.888889,847.458
5749,KB3,HARQ,Default,200,5e-05,1,25,0,1.8838,0.888889,849.347
5750,KB3,HARQ,Default,200,5e-05,1,25,0,1.8893,0.888889,846.875
5751,KB3,HARQ,Default,200,5e-05,1,25,0,1.8727,0.888889,854.381
5752,KB3,HARQ,Default,200,5e-05,1,25,0,1.8856,0.888889,848.536
5753,KB3,HARQ,Default,200,5e-05,1,25,0,1.8897,0.888889,846.695
5754,KB3,HARQ,Default,200,5e-05,1,25,0,1.899,0.888889,842.549
5755,KB3,HARQ,Default,200,5e-05,1,25,0,2.0069,0.888889,797.249
5756,KB3,HARQ,Default,200,5e-05,1,25,0,1.8963,0.888889,843.748
5757,KB3,HARQ,Default,200,5e-05,1,25,0,1.9061,0.888889,839.41
5758,KB3,HARQ,Default,200,5e-05,1,25,0,1.8782,0.888889,851.879
5759,KB3,HARQ,Default,200,5e-05,1,25,0,1.8686,0.888889,856.256
5760,KB3,HARQ,Default,200,5e-05,1,25,0,1.889,0.888889,847.009
5761,KB3,HARQ,Default,200,5e-05,1,25,0,1.8908,0.888889,846.203
5762,KB3,HARQ,Default,200,5e-05,1,25,0,1.9099,0.888889,837.74
5763,KB3,HARQ,Default,200,5e-05,1,25,0,1.9936,0.888889,802.568
5764,KB3,HARQ,Default,200,5e-05,1,25,0,1.8769,0.888889,852.469
5765,KB3,HARQ,Default,200,5e-05,1,25,0,1.869,0.888889,856.073
5766,KB3,HARQ,Default,200,5e-05,1,25,0,1.8762,0.888889,852.788
5767,KB3,HARQ,Default,200,5e-05,1,25,0,1.8975,0.888889,843.215
5768,KB3,HARQ,Default,200,5e-05,1,25,0,1.8872,0.888889,847.817
5769,KB3,HARQ,Default,200,5e-05,1,25,0,1.8886,0.888889,847.188
5770,KB3,HARQ,Default,200,5e-05,1,25,0,1.8749,0.888889,853.379
5771,KB3,HARQ,Default,200,5e-05,1,25,0,2.0378,0.888889,785.16
5772,KB3,HARQ,Default,200,5e-05,1,25,0,2.1839,0.888889,732.634
5773,KB3,HARQ,Default,200,5e-05,1,25,0,1.8862,0.888889,848.266
5774,KB3,HARQ,Default,200,5e-05,1,25,0,1.8873,0.888889,847.772
5775,KB3,HARQ,Default,200,5e-05,1,25,0,1.8712,0.888889,855.066
5776,KB3,HARQ,Default,200,5e-05,1,25,0,1.9015,0.888889,841.441
5777,KB3,HARQ,Default,200,5e-05,1,25,0,1.8796,0.888889,851.245
5778,KB3,HARQ,Default,200,5e-05,1,25,0,1.8793,0.888889,851.381
5779,KB3,HARQ,Default,200,5e-05,1,25,0,1.9623,0.888889,815.37
5780,KB3,HARQ,Default,200,5e-05,1,25,0,1.8934,0.888889,845.041
5781,KB3,HARQ,Default,200,5e-05,1,25,0,1.8937,0.888889,844.907
5782,KB3,HARQ,Default,200,5e-05,1,25,0,1.8765,0.888889,852.651
5783,KB3,HARQ,Default,200,5e-05,1,25,0,1.8909,0.888889,846.158
5784,KB3,HARQ,Default,200,5e-05,1,25,0,1.8731,0.888889,854.199
5785,KB3,HARQ,Default,200,5e-05,1,25,0,1.8701,0.888889,855.569
5786,KB3,HARQ,Default,200,5e-05,1,25,0,1.8977,0.888889,843.126
5787,KB3,HARQ,Default,200,5e-05,1,25,0,1.9449,0.888889,822.664
5788,KB3,HARQ,Default,200,5e-05,1,25,0,1.9062,0.888889,839.366
5789,KB3,HARQ,Default,200,5e-05,1,25,0,1.8731,0.888889,854.199
5790,KB3,HARQ,Default,200,5e-05,1,25,0,1.8755,0.888889,853.106
5791,KB3,HARQ,Default,200,5e-05,1,25,0,1.8909,0.888889,846.158
5792,KB3,HARQ,Default,200,5e-05,1,25,0,1.8765,0.888889,852.651
5793,KB3,HARQ,Default,200,5e-05,1,25,0,1.8743,0.888889,853.652
5794,KB3,HARQ,Default,200,5e-05,1,25,0,1.8898,0.888889,846.65
5795,KB3,HARQ,Default,200,5e-05,1,25,0,1.8738,0.888889,853.88
5796,KB3,HARQ,Default,200,5e-05,1,25,0,1.949,0.888889,820.934
5797,KB3,HARQ,Default,200,5e-05,1,25,0,1.8732,0.888889,854.153
5798,KB3,HARQ,Default,200,5e-05,1,25,0,1.8763,0.888889,852.742
5799,KB3,HARQ,Default,200,5e-05,1,25,0,1.8849,0.888889,848.851
5800,KB3,HARQ,Default,200,5e-05,1,25,0,1.8859,0.888889,848.401
5801,KB3,HARQ,Default,200,5e-05,1,25,0,1.8855,0.888889,848.581
5802,KB3,HARQ,Default,200,5e-05,1,25,0,1.8822,0.888889,850.069
5803,KB3,HARQ,Default,200,5e-05,1,25,0,1.885,0.888889,848.806
5804,KB3,HARQ,Default,200,5e-05,1,25,0,2.0886,0.888889,766.063
5805,KB3,HARQ,Default,200,5e-05,1,25,0,2.0183,0.888889,792.746
5806,KB3,HARQ,Default,200,5e-05,1,25,0,1.897,0.888889,843.437
5807,KB3,HARQ,Default,200,5e-05,1,25,0,1.8874,0.888889,847.727
5808,KB3,HARQ,Default,200,5e-05,1,25,0,1.8939,0.888889,844.818
5809,KB3,HARQ,Default,200,5e-05,1,25,0,1.8696,0.888889,855.798
5810,KB3,HARQ,Default,200,5e-05,1,25,0,1.8768,0.888889,852.515
5811,KB3,HARQ,Default,200,5e-05,1,25,0,1.888,0.888889,847.458
5812,KB3,HARQ,Default,200,5e-05,1,25,0,1.9248,0.888889,831.255
5813,KB3,HARQ,Default,200,5e-05,1,25,0,2.062,0.888889,775.946
5814,KB3,HARQ,Default,200,5e-05,1,25,0,1.8868,0.888889,847.997
5815,KB3,HARQ,Default,200,5e-05,1,25,0,1.8736,0.888889,853.971
5816,KB3,HARQ,Default,200,5e-05,1,25,0,1.8739,0.888889,853.834
5817,KB3,HARQ,Default,200,5e-05,1,25,0,1.8785,0.888889,851.743
5818,KB3,HARQ,Default,200,5e-05,1,25,0,1.8911,0.888889,846.068
5819,KB3,HARQ,Default,200,5e-05,1,25,0,1.8865,0.888889,848.131
5820,KB3,HARQ,Default,200,5e-05,1,25,0,1.9587,0.888889,816.868
5821,KB3,HARQ,Default,200,5e-05,1,25,0,1.8676,0.888889,856.714
5822,KB3,HARQ,Default,200,5e-05,1,25,0,1.9021,0.888889,841.176
5823,KB3,HARQ,Default,200,5e-05,1,25,0,1.8713,0.888889,855.021
5824,KB3,HARQ,Default,200,5e-05,1,25,0,1.8734,0.888889,854.062
5825,KB3,HARQ,Default,200,5e-05,1,25,0,1.8883,0.888889,847.323
5826,KB3,HARQ,Default,200,5e-05,1,25,0,1.8877,0.888889,847.592
5827,KB3,HARQ,Default,200,5e-05,1,25,0,1.9547,0.888889,818.54
5828,KB3,HARQ,Default,200,5e-05,1,25,0,1.8796,0.888889,851.245
5829,KB3,HARQ,Default,200,5e-05,1,25,0,1.869,0.888889,856.073
5830,KB3,HARQ,Default,200,5e-05,1,25,0,1.8807,0.888889,850.747
5831,KB3,HARQ,Default,200,5e-05,1,25,0,1.8866,0.888889,848.087
5832,KB3,HARQ,Default,200,5e-05,1,25,0,1.8983,0.888889,842.859
5833,KB3,HARQ,Default,200,5e-05,1,25,0,1.8732,0.888889,854.153
5834,KB3,HARQ,Default,200,5e-05,1,25,0,1.8895,0.888889,846.785
5835,KB3,HARQ,Default,200,5e-05,1,25,0,2.0227,0.888889,791.022
5836,KB3,HARQ,Default,200,5e-05,1,25,0,1.8789,0.888889,851.562
5837,KB3,HARQ,Default,200,5e-05,1,25,0,1.9002,0.888889,842.017
5838,KB3,HARQ,Default,200,5e-05,1,25,0,1.9076,0.888889,838.75
5839,KB3,HARQ,Default,200,5e-05,1,25,0,1.8866,0.888889,848.087
5840,KB3,HARQ,Default,200,5e-05,1,25,0,1.8792,0.888889,851.426
5841,KB3,HARQ,Default,200,5e-05,1,25,0,1.8934,0.888889,845.041
5842,KB3,HARQ,Default,200,5e-05,1,25,0,1.8835,0.888889,849.482
5843,KB3,HARQ,Default,200,5e-05,1,25,0,1.925,0.888889,831.169
5844,KB3,HARQ,Default,200,5e-05,1,25,0,2.2779,0.888889,702.401
5845,KB3,HARQ,Default,200,5e-05,1,25,0,1.8865,0.888889,848.131
5846,KB3,HARQ,Default,200,5e-05,1,25,0,1.8929,0.888889,845.264
5847,KB3,HARQ,Default,200,5e-05,1,25,0,1.9156,0.888889,835.247
5848,KB3,HARQ,Default,200,5e-05,1,25,0,1.8785,0.888889,851.743
5849,KB3,HARQ,Default,200,5e-05,1,25,0,1.8728,0.888889,854.336
5850,KB3,HARQ,Default,200,5e-05,1,25,0,1.8729,0.888889,854.29
5851,KB3,HARQ,Default,200,5e-05,1,25,0,1.9133,0.888889,836.252
5852,KB3,HARQ,Default,200,5e-05,1,25,0,1.9021,0.888889,841.176
5853,KB3,HARQ,Default,200,5e-05,1,25,0,1.8832,0.888889,849.618
5854,KB3,HARQ,Default,200,5e-05,1,25,0,1.8769,0.888889,852.469
5855,KB3,HARQ,Default,200,5e-05,1,25,0,1.8898,0.888889,846.65
5856,KB3,HARQ,Default,200,5e-05,1,25,0,1.8744,0.888889,853.606
5857,KB3,HARQ,Default,200,5e-05,1,25,0,1.8906,0.888889,846.292
5858,KB3,HARQ,Default,200,5e-05,1,25,0,1.8997,0.888889,842.238
5859,KB3,HARQ,Default,200,5e-05,1,25,0,1.9397,0.888889,824.87
5860,KB3,HARQ,Default,200,5e-05,1,25,0,1.8786,0.888889,851.698
5861,KB3,HARQ,Default,200,5e-05,1,25,0,1.8711,0.888889,855.112
5862,KB3,HARQ,Default,200,5e-05,1,25,0,1.8801,0.888889,851.019
5863,KB3,HARQ,Default,200,5e-05,1,25,0,1.8708,0.888889,855.249
5864,KB3,HARQ,Default,200,5e-05,1,25,0,1.8991,0.888889,842.504
5865,KB3,HARQ,Default,200,5e-05,1,25,0,1.8855,0.888889,848.581
5866,KB3,HARQ,Default,200,5e-05,1,25,0,2.0239,0.888889,790.553
5867,KB3,HARQ,Default,200,5e-05,1,25,0,1.8802,0.888889,850.973
5868,KB3,HARQ,Default,200,5e-05,1,25,0,1.9282,0.888889,829.789
5869,KB3,HARQ,Default,200,5e-05,1,25,0,1.8866,0.888889,848.087
5870,KB3,HARQ,Default,200,5e-05,1,25,0,1.8859,0.888889,848.401
5871,KB3,HARQ,Default,200,5e-05,1,25,0,1.8888,0.888889,847.099
5872,KB3,HARQ,Default,200,5e-05,1,25,0,1.9027,0.888889,840.91
5873,KB3,HARQ,Default,200,5e-05,1,25,0,1.8765,0.888889,852.651
5874,KB3,HARQ,Default,200,5e-05,1,25,0,1.877,0.888889,852.424
5875,KB3,HARQ,Default,200,5e-05,1,25,0,1.9239,0.888889,831.644
5876,KB3,HARQ,Default,200,5e-05,1,25,0,1.8907,0.888889,846.247
5877,KB3,HARQ,Default,200,5e-05,1,25,0,1.8955,0.888889,844.104
5878,KB3,HARQ,Default,200,5e-05,1,25,0,1.8908,0.888889,846.203
5879,KB3,HARQ,Default,200,5e-05,1,25,0,1.8717,0.888889,854.838
5880,KB3,HARQ,Default,200,5e-05,1,25,0,1.8776,0.888889,852.152
5881,KB3,HARQ,Default,200,5e-05,1,25,0,1.887,0.888889,847.907
5882,KB3,HARQ,Default,200,5e-05,1,25,0,1.8862,0.888889,848.266
5883,KB3,HARQ,Default,200,5e-05,1,25,0,1.9817,0.888889,807.388
5884,KB3,HARQ,Default,200,5e-05,1,25,0,1.8874,0.888889,847.727
5885,KB3,HARQ,Default,200,5e-05,1,25,0,1.8879,0.888889,847.503
5886,KB3,HARQ,Default,200,5e-05,1,25,0,1.8742,0.888889,853.698
5887,KB3,HARQ,Default,200,5e-05,1,25,0,1.8724,0.888889,854.518
5888,KB3,HARQ,Default,200,5e-05,1,25,0,1.8724,0.888889,854.518
5889,KB3,HARQ,Default,200,5e-05,1,25,0,1.8973,0.888889,843.304
5890,KB3,HARQ,Default,200,5e-05,1,25,0,1.8893,0.888889,846.875
5891,KB3,HARQ,Default,200,5e-05,1,25,0,1.9725,0.888889,811.153
5892,KB3,HARQ,Default,200,5e-05,1,25,0,1.9,0.888889,842.105
5893,KB3,HARQ,Default,200,5e-05,1,25,0,1.8732,0.888889,854.153
5894,KB3,HARQ,Default,200,5e-05,1,25,0,1.8777,0.888889,852.106
5895,KB3,HARQ,Default,200,5e-05,1,25,0,1.8867,0.888889,848.042
5896,KB3,HARQ,Default,200,5e-05,1,25,0,1.8882,0.888889,847.368
5897,KB3,HARQ,Default,200,5e-05,1,25,0,1.8901,0.888889,846.516
5898,KB3,HARQ,Default,200,5e-05,1,25,0,1.8981,0.888889,842.948
5899,KB3,HARQ,Default,200,5e-05,1,25,0,1.9311,0.888889,828.543
5900,KB3,HARQ,Default,200,5e-05,1,25,0,1.9241,0.888889,831.558
5901,KB3,HARQ,Default,200,5e-05,1,25,0,1.8703,0.888889,855.478
5902,KB3,HARQ,Default,200,5e-05,1,25,0,1.8887,0.888889,847.144
5903,KB3,HARQ,Default,200,5e-05,1,25,0,1.8841,0.888889,849.212
5904,KB3,HARQ,Default,200,5e-05,1,25,0,1.888,0.888889,847.458
5905,KB3,HARQ,Default,200,5e-05,1,25,0,1.8712,0.888889,855.066
5906,KB3,HARQ,Default,200,5e-05,1,25,0,1.8852,0.888889,848.716
5907,KB3,HARQ,Default,200,5e-05,1,25,0,1.87,0.888889,855.615
5908,KB3,HARQ,Default,200,5e-05,1,25,0,1.9257,0.888889,830.867
5909,KB3,HARQ,Default,200,5e-05,1,25,0,1.8789,0.888889,851.562
5910,KB3,HARQ,Default,200,5e-05,1,25,0,1.8883,0.888889,847.323
5911,KB3,HARQ,Default,200,5e-05,1,25,0,1.8723,0.888889,854.564
5912,KB3,HARQ,Default,200,5e-05,1,25,0,1.8774,0.888889,852.242
5913,KB3,HARQ,Default,200,5e-05,1,25,0,1.8797,0.888889,851.2
5914,KB3,HARQ,Default,200,5e-05,1,25,0,1.8742,0.888889,853.698
5915,KB3,HARQ,Default,200,5e-05,1,25,0,1.9006,0.888889,841.839
5916,KB3,HARQ,Default,200,5e-05,1,25,0,2.4043,0.888889,665.474
5917,KB3,HARQ,Default,200,5e-05,1,25,0,1.9412,0.888889,824.232
5918,KB3,HARQ,Default,200,5e-05,1,25,0,1.874,0.888889,853.789
5919,KB3,HARQ,Default,200,5e-05,1,25,0,1.8785,0.888889,851.743
5920,KB3,HARQ,Default,200,5e-05,1,25,0,1.8735,0.888889,854.017
5921,KB3,HARQ,Default,200,5e-05,1,25,0,1.8688,0.888889,856.164
5922,KB3,HARQ,Default,200,5e-05,1,25,0,1.8851,0.888889,848.761
5923,KB3,HARQ,Default,200,5e-05,1,25,0,1.9103,0.888889,837.565
5924,KB3,HARQ,Default,200,5e-05,1,25,0,2.3823,0.888889,671.62
5925,KB3,HARQ,Default,200,5e-05,1,25,0,1.87,0.888889,855.615
5926,KB3,HARQ,Default,200,5e-05,1,25,0,1.8746,0.888889,853.515
5927,KB3,HARQ,Default,200,5e-05,1,25,0,1.9056,0.888889,839.631
5928,KB3,HARQ,Default,200,5e-05,1,25,0,1.8995,0.888889,842.327
5929,KB3,HARQ,Default,200,5e-05,1,25,0,1.8877,0.888889,847.592
5930,KB3,HARQ,Default,200,5e-05,1,25,0,1.889,0.888889,847.009
5931,KB3,HARQ,Default,200,5e-05,1,25,0,1.8861,0.888889,848.311
5932,KB3,HARQ,Default,200,5e-05,1,25,0,1.9502,0.888889,820.429
5933,KB3,HARQ,Default,200,5e-05,1,25,0,1.8722,0.888889,854.61
5934,KB3,HARQ,Default,200,5e-05,1,25,0,1.8962,0.888889,843.793
5935,KB3,HARQ,Default,200,5e-05,1,25,0,1.8851,0.888889,848.761
5936,KB3,HARQ,Default,200,5e-05,1,25,0,1.8941,0.888889,844.728
5937,KB3,HARQ,Default,200,5e-05,1,25,0,1.874,0.888889,853.789
5938,KB3,HARQ,Default,200,5e-05,1,25,0,1.8777,0.888889,852.106
5939,KB3,HARQ,Default,200,5e-05,1,25,0,1.8833,0.888889,849.573
5940,KB3,HARQ,Default,200,5e-05,1,25,0,1.9772,0.888889,809.225
5941,KB3,HARQ,Default,200,5e-05,1,25,0,1.8899,0.888889,846.606
5942,KB3,HARQ,Default,200,5e-05,1,25,0,1.8889,0.888889,847.054
5943,KB3,HARQ,Default,200,5e-05,1,25,0,1.8963,0.888889,843.748
5944,KB3,HARQ,Default,200,5e-05,1,25,0,1.8837,0.888889,849.392
5945,KB3,HARQ,Default,200,5e-05,1,25,0,1.8725,0.888889,854.473
5946,KB3,HARQ,Default,200,5e-05,1,25,0,1.8726,0.888889,854.427
5947,KB3,HARQ,Default,200,5e-05,1,25,0,1.8862,0.888889,848.266
5948,KB3,HARQ,Default,200,5e-05,1,25,0,1.9467,0.888889,821.904
5949,KB3,HARQ,Default,200,5e-05,1,25,0,1.8727,0.888889,854.381
5950,KB3,HARQ,Default,200,5e-05,1,25,0,1.8916,0.888889,845.845
5951,KB3,HARQ,Default,200,5e-05,1,25,0,1.8698,0.888889,855.706
5952,KB3,HARQ,Default,200,5e-05,1,25,0,1.8751,0.888889,853.288
5953,KB3,HARQ,Default,200,5e-05,1,25,0,1.8978,0.888889,843.081
5954,KB3,HARQ,Default,200,5e-05,1,25,0,1.8878,0.888889,847.547
5955,KB3,HARQ,Default,200,5e-05,1,25,0,1.887,0.888889,847.907
5956,KB3,HARQ,Default,200,5e-05,1,25,0,1.9726,0.888889,811.112
5957,KB3,HARQ,Default,200,5e-05,1,25,0,1.9027,0.888889,840.91
5958,KB3,HARQ,Default,200,5e-05,1,25,0,1.891,0.888889,846.113
5959,KB3,HARQ,Default,200,5e-05,1,25,0,1.8742,0.888889,853.698
5960,KB3,HARQ,Default,200,5e-05,1,25,0,1.8911,0.888889,846.068
5961,KB3,HARQ,Default,200,5e-05,1,25,0,1.8865,0.888889,848.131
5962,KB3,HARQ,Default,200,5e-05,1,25,0,1.888,0.888889,847.458
5963,KB3,HARQ,Default,200,5e-05,1,25,0,1.873,0.888889,854.245
5964,KB3,HARQ,Default,200,5e-05,1,25,0,1.9248,0.888889,831.255
5965,KB3,HARQ,Default,200,5e-05,1,25,0,1.8731,0.888889,854.199
5966,KB3,HARQ,Default,200,5e-05,1,25,0,1.8718,0.888889,854.792
5967,KB3,HARQ,Default,200,5e-05,1,25,0,1.8675,0.888889,856.76
5968,KB3,HARQ,Default,200,5e-05,1,25,0,1.8937,0.888889,844.907
5969,KB3,HARQ,Default,200,5e-05,1,25,0,1.8715,0.888889,854.929
5970,KB3,HARQ,Default,200,5e-05,1,25,0,1.8757,0.888889,853.015
5971,KB3,HARQ,Default,200,5e-05,1,25,0,1.8694,0.888889,855.89
5972,KB3,HARQ,Default,200,5e-05,1,25,0,1.9375,0.888889,825.806
5973,KB3,HARQ,Default,200,5e-05,1,25,0,1.8886,0.888889,847.188
5974,KB3,HARQ,Default,200,5e-05,1,25,0,1.9082,0.888889,838.487
5975,KB3,HARQ,Default,200,5e-05,1,25,0,1.8902,0.888889,846.471
5976,KB3,HARQ,Default,200,5e-05,1,25,0,1.8794,0.888889,851.336
5977,KB3,HARQ,Default,200,5e-05,1,25,0,1.8717,0.888889,854.838
5978,KB3,HARQ,Default,200,5e-05,1,25,0,1.8823,0.888889,850.024
5979,KB3,HARQ,Default,200,5e-05,1,25,0,1.8817,0.888889,850.295
5980,KB3,HARQ,Default,200,5e-05,1,25,0,2.013,0.888889,794.834
5981,KB3,HARQ,Default,200,5e-05,1,25,0,1.8874,0.888889,847.727
5982,KB3,HARQ,Default,200,5e-05,1,25,0,1.8991,0.888889,842.504
5983,KB3,HARQ,Default,200,5e-05,1,25,0,1.8784,0.888889,851.789
5984,KB3,HARQ,Default,200,5e-05,1,25,0,1.8802,0.888889,850.973
5985,KB3,HARQ,Default,200,5e-05,1,25,0,1.8906,0.888889,846.292
5986,KB3,HARQ,Default,200,5e-05,1,25,0,1.8872,0.888889,847.817
5987,KB3,HARQ,Default,200,5e-05,1,25,0,1.8864,0.888889,848.176
5988,KB3,HARQ,Default,200,5e-05,1,25,0,1.975,0.888889,810.127
5989,KB3,HARQ,Default,200,5e-05,1,25,0,2.171,0.888889,736.988
5990,KB3,HARQ,Default,200,5e-05,1,25,0,1.8787,0.888889,851.653
5991,KB3,HARQ,Default,200,5e-05,1,25,0,1.8877,0.888889,847.592
5992,KB3,HARQ,Default,200,5e-05,1,25,0,1.8897,0.888889,846.695
5993,KB3,HARQ,Default,200,5e-05,1,25,0,1.8884,0.888889,847.278
5994,KB3,HARQ,Default,200,5e-05,1,25,0,1.8954,0.888889,844.149
5995,KB3,HARQ,Default,200,5e-05,1,25,0,1.8716,0.888889,854.884
5996,KB3,HARQ,Default,200,5e-05,1,25,0,1.942,0.888889,823.893
5997,KB3,HARQ,Default,200,5e-05,1,25,0,1.8735,0.888889,854.017
5998,KB3,HARQ,Default,200,5e-05,1,25,0,1.8794,0.888889,851.336
5999,KB3,HARQ,Default,200,5e-05,1,25,0,1.9417,0.888889,824.02
6000,KB3,HARQ,Default,200,5e-05,1,25,0,1.8922,0.888889,845.577
6001,KB3,ARQ,Default,200,8e-05,1,25,0,0.2281,0.888889,7014.47
6002,KB3,ARQ,Default,200,8e-05,1,25,0,0.1945,0.888889,8226.22
6003,KB3,ARQ,Default,200,8e-05,1,25,0,0.1955,0.888889,8184.14
6004,KB3,ARQ,Default,200,8e-05,1,25,0,0.1933,0.888889,8277.29
6005,KB3,ARQ,Default,200,8e-05,1,25,0,0.1922,0.888889,8324.66
6006,KB3,ARQ,Default,200,8e-05,1,25,0,0.1933,0.888889,8277.29
6007,KB3,ARQ,Default,200,8e-05,1,25,0,0.1947,0.888889,8217.77
6008,KB3,ARQ,Default,200,8e-05,1,25,0,0.1934,0.888889,8273.01
6009,KB3,ARQ,Default,200,8e-05,1,25,0,0.1921,0.888889,8329
6010,KB3,ARQ,Default,200,8e-05,1,25,0,0.1937,0.888889,8260.2
6011,KB3,ARQ,Default,200,8e-05,1,25,0,0.1944,0.888889,8230.45
6012,KB3,ARQ,Default,200,8e-05,1,25,0,0.1937,0.888889,8260.2
6013,KB3,ARQ,Default,200,8e-05,1,25,0,0.1927,0.888889,8303.06
6014,KB3,ARQ,Default,200,8e-05,1,25,0,0.1923,0.888889,8320.33
6015,KB3,ARQ,Default,200,8e-05,1,25,0,0.194,0.888889,8247.42
6016,KB3,ARQ,Default,200,8e-05,1,25,1,0.1956,0.854701,8179.96
6017,KB3,ARQ,Default,200,8e-05,1,25,0,0.1927,0.888889,8303.06
6018,KB3,ARQ,Default,200,8e-05,1,25,0,0.1935,0.888889,8268.73
6019,KB3,ARQ,Default,200,8e-05,1,25,0,0.1935,0.888889,8268.73
6020,KB3,ARQ,Default,200,8e-05,1,25,0,0.1921,0.888889,8329
6021,KB3,ARQ,Default,200,8e-05,1,25,0,0.191,0.888889,8376.96
6022,KB3,ARQ,Default,200,8e-05,1,25,0,0.196,0.888889,8163.27
6023,KB3,ARQ,Default,200,8e-05,1,25,0,0.1936,0.888889,8264.46
6024,KB3,ARQ,Default,200,8e-05,1,25,0,0.1908,0.888889,8385.74
6025,KB3,ARQ,Default,200,8e-05,1,25,0,0.192,0.888889,8333.33
6026,KB3,ARQ,Default,200,8e-05,1,25,0,0.2031,0.888889,7877.89
6027,KB3,ARQ,Default,200,8e-05,1,25,0,0.1933,0.888889,8277.29
6028,KB3,ARQ,Default,200,8e-05,1,25,0,0.1925,0.888889,8311.69
6029,KB3,ARQ,Default,200,8e-05,1,25,0,0.192,0.888889,8333.33
6030,KB3,ARQ,Default,200,8e-05,1,25,0,0.2323,0.888889,6887.65
6031,KB3,ARQ,Default,200,8e-05,1,25,0,0.1942,0.888889,8238.93
6032,KB3,ARQ,Default,200,8e-05,1,25,0,0.1918,0.888889,8342.02
6033,KB3,ARQ,Default,200,8e-05,1,25,0,0.1932,0.888889,8281.57
6034,KB3,ARQ,Default,200,8e-05,1,25,0,0.1943,0.888889,8234.69
6035,KB3,ARQ,Default,200,8e-05,1,25,0,0.1925,0.888889,8311.69
6036,KB3,ARQ,Default,200,8e-05,1,25,0,0.1922,0.888889,8324.66
6037,KB3,ARQ,Default,200,8e-05,1,25,0,0.194,0.888889,8247.42
6038,KB3,ARQ,Default,200,8e-05,1,25,0,0.1931,0.888889,8285.86
6039,KB3,ARQ,Default,200,8e-05,1,25,0,0.1946,0.888889,8221.99
6040,KB3,ARQ,Default,200,8e-05,1,25,0,0.1926,0.888889,8307.37
6041,KB3,ARQ,Default,200,8e-05,1,25,0,0.1924,0.888889,8316.01
6042,KB3,ARQ,Default,200,8e-05,1,25,0,0.1931,0.888889,8285.86
6043,KB3,ARQ,Default,200,8e-05,1,25,1,0.1963,0.854701,8150.79
6044,KB3,ARQ,Default,200,8e-05,1,25,0,0.1919,0.888889,8337.68
6045,KB3,ARQ,Default,200,8e-05,1,25,1,0.1965,0.854701,8142.49
6046,KB3,ARQ,Default,200,8e-05,1,25,1,0.1958,0.854701,8171.6
6047,KB3,ARQ,Default,200,8e-05,1,25,0,0.1928,0.888889,8298.76
6048,KB3,ARQ,Default,200,8e-05,1,25,0,0.192,0.888889,8333.33
6049,KB3,ARQ,Default,200,8e-05,1,25,0,0.1939,0.888889,8251.68
6050,KB3,ARQ,Default,200,8e-05,1,25,0,0.1924,0.888889,8316.01
6051,KB3,ARQ,Default,200,8e-05,1,25,0,0.1932,0.888889,8281.57
6052,KB3,ARQ,Default,200,8e-05,1,25,0,0.1928,0.888889,8298.76
6053,KB3,ARQ,Default,200,8e-05,1,25,0,0.1928,0.888889,8298.76
6054,KB3,ARQ,Default,200,8e-05,1,25,0,0.1928,0.888889,8298.76
6055,KB3,ARQ,Default,200,8e-05,1,25,0,0.1931,0.888889,8285.86
6056,KB3,ARQ,Default,200,8e-05,1,25,0,0.1921,0.888889,8329
6057,KB3,ARQ,Default,200,8e-05,1,25,0,0.1936,0.888889,8264.46
6058,KB3,ARQ,Default,200,8e-05,1,25,0,0.1924,0.888889,8316.01
6059,KB3,ARQ,Default,200,8e-05,1,25,0,0.1947,0.888889,8217.77
6060,KB3,ARQ,Default,200,8e-05,1,25,0,0.192,0.888889,8333.33
6061,KB3,ARQ,Default,200,8e-05,1,25,0,0.1947,0.888889,8217.77
6062,KB3,ARQ,Default,200,8e-05,1,25,0,0.1936,0.888889,8264.46
6063,KB3,ARQ,Default,200,8e-05,1,25,0,0.193,0.888889,8290.16
6064,KB3,ARQ,Default,200,8e-05,1,25,0,0.1914,0.888889,8359.46
6065,KB3,ARQ,Default,200,8e-05,1,25,0,0.1942,0.888889,8238.93
6066,KB3,ARQ,Default,200,8e-05,1,25,0,0.1921,0.888889,8329
6067,KB3,ARQ,Default,200,8e-05,1,25,0,0.1935,0.888889,8268.73
6068,KB3,ARQ,Default,200,8e-05,1,25,0,0.1925,0.888889,8311.69
6069,KB3,ARQ,Default,200,8e-05,1,25,1,0.1965,0.854701,8142.49
6070,KB3,ARQ,Default,200,8e-05,1,25,1,0.1956,0.854701,8179.96
6071,KB3,ARQ,Default,200,8e-05,1,25,0,0.1941,0.888889,8243.17
6072,KB3,ARQ,Default,200,8e-05,1,25,0,0.1931,0.888889,8285.86
6073,KB3,ARQ,Default,200,8e-05,1,25,1,0.197,0.854701,8121.83
6074,KB3,ARQ,Default,200,8e-05,1,25,0,0.1933,0.888889,8277.29
6075,KB3,ARQ,Default,200,8e-05,1,25,1,0.1981,0.854701,8076.73
6076,KB3,ARQ,Default,200,8e-05,1,25,0,0.1931,0.888889,8285.86
6077,KB3,ARQ,Default,200,8e-05,1,25,0,0.1915,0.888889,8355.09
6078,KB3,ARQ,Default,200,8e-05,1,25,0,0.1933,0.888889,8277.29
6079,KB3,ARQ,Default,200,8e-05,1,25,0,0.1924,0.888889,8316.01
6080,KB3,ARQ,Default,200,8e-05,1,25,0,0.1944,0.888889,8230.45
6081,KB3,ARQ,Default,200,8e-05,1,25,0,0.1932,0.888889,8281.57
6082,KB3,ARQ,Default,200,8e-05,1,25,0,0.1923,0.888889,8320.33
6083,KB3,ARQ,Default,200,8e-05,1,25,0,0.1937,0.888889,8260.2
6084,KB3,ARQ,Default,200,8e-05,1,25,0,0.196,0.888889,8163.27
6085,KB3,ARQ,Default,200,8e-05,1,25,0,0.1931,0.888889,8285.86
6086,KB3,ARQ,Default,200,8e-05,1,25,0,0.1915,0.888889,8355.09
6087,KB3,ARQ,Default,200,8e-05,1,25,0,0.194,0.888889,8247.42
6088,KB3,ARQ,Default,200,8e-05,1,25,0,0.196,0.888889,8163.27
6089,KB3,ARQ,Default,200,8e-05,1,25,0,0.193,0.888889,8290.16
6090,KB3,ARQ,Default,200,8e-05,1,25,0,0.1926,0.888889,8307.37
6091,KB3,ARQ,Default,200,8e-05,1,25,1,0.1967,0.854701,8134.21
6092,KB3,ARQ,Default,200,8e-05,1,25,0,0.2857,0.888889,5600.28
6093,KB3,ARQ,Default,200,8e-05,1,25,0,0.1938,0.888889,8255.93
6094,KB3,ARQ,Default,200,8e-05,1,25,0,0.1913,0.888889,8363.83
6095,KB3,ARQ,Default,200,8e-05,1,25,1,0.1988,0.854701,8048.29
6096,KB3,ARQ,Default,200,8e-05,1,25,0,0.1942,0.888889,8238.93
6097,KB3,ARQ,Default,200,8e-05,1,25,0,0.1917,0.888889,8346.37
6098,KB3,ARQ,Default,200,8e-05,1,25,0,0.1913,0.888889,8363.83
6099,KB3,ARQ,Default,200,8e-05,1,25,0,0.1943,0.888889,8234.69
6100,KB3,ARQ,Default,200,8e-05,1,25,0,0.1937,0.888889,8260.2
6101,KB3,ARQ,Default,200,8e-05,1,25,0,0.1914,0.888889,8359.46
6102,KB3,ARQ,Default,200,8e-05,1,25,0,0.1924,0.888889,8316.01
6103,KB3,ARQ,Default,200,8e-05,1,25,0,0.1936,0.888889,8264.46
6104,KB3,ARQ,Default,200,8e-05,1,25,0,0.1924,0.888889,8316.01
6105,KB3,ARQ,Default,200,8e-05,1,25,1,0.1946,0.854701,8221.99
6106,KB3,ARQ,Default,200,8e-05,1,25,0,0.1924,0.888889,8316.01
6107,KB3,ARQ,Default,200,8e-05,1,25,1,0.1988,0.854701,8048.29
6108,KB3,ARQ,Default,200,8e-05,1,25,0,0.1918,0.888889,8342.02
6109,KB3,ARQ,Default,200,8e-05,1,25,1,0.1961,0.854701,8159.1
6110,KB3,ARQ,Default,200,8e-05,1,25,0,0.1924,0.888889,8316.01
6111,KB3,ARQ,Default,200,8e-05,1,25,1,0.1995,0.854701,8020.05
6112,KB3,ARQ,Default,200,8e-05,1,25,0,0.1935,0.888889,8268.73
6113,KB3,ARQ,Default,200,8e-05,1,25,0,0.1933,0.888889,8277.29
6114,KB3,ARQ,Default,200,8e-05,1,25,0,0.1938,0.888889,8255.93
6115,KB3,ARQ,Default,200,8e-05,1,25,1,0.1987,0.854701,8052.34
6116,KB3,ARQ,Default,200,8e-05,1,25,0,0.1924,0.888889,8316.01
6117,KB3,ARQ,Default,200,8e-05,1,25,0,0.1939,0.888889,8251.68
6118,KB3,ARQ,Default,200,8e-05,1,25,0,0.1948,0.888889,8213.55
6119,KB3,ARQ,Default,200,8e-05,1,25,0,0.1929,0.888889,8294.45
6120,KB3,ARQ,Default,200,8e-05,1,25,0,0.1968,0.888889,8130.08
6121,KB3,ARQ,Default,200,8e-05,1,25,0,0.1932,0.888889,8281.57
6122,KB3,ARQ,Default,200,8e-05,1,25,0,0.1937,0.888889,8260.2
6123,KB3,ARQ,Default,200,8e-05,1,25,0,0.1929,0.888889,8294.45
6124,KB3,ARQ,Default,200,8e-05,1,25,0,0.192,0.888889,8333.33
6125,KB3,ARQ,Default,200,8e-05,1,25,1,0.1959,0.854701,8167.43
6126,KB3,ARQ,Default,200,8e-05,1,25,0,0.1949,0.888889,8209.34
6127,KB3,ARQ,Default,200,8e-05,1,25,0,0.1914,0.888889,8359.46
6128,KB3,ARQ,Default,200,8e-05,1,25,0,0.1931,0.888889,8285.86
6129,KB3,ARQ,Default,200,8e-05,1,25,0,0.1925,0.888889,8311.69
6130,KB3,ARQ,Default,200,8e-05,1,25,0,0.1938,0.888889,8255.93
6131,KB3,ARQ,Default,200,8e-05,1,25,0,0.1923,0.888889,8320.33
6132,KB3,ARQ,Default,200,8e-05,1,25,1,0.1969,0.854701,8125.95
6133,KB3,ARQ,Default,200,8e-05,1,25,0,0.1936,0.888889,8264.46
6134,KB3,ARQ,Default,200,8e-05,1,25,0,0.1939,0.888889,8251.68
6135,KB3,ARQ,Default,200,8e-05,1,25,0,0.1933,0.888889,8277.29
6136,KB3,ARQ,Default,200,8e-05,1,25,0,0.1938,0.888889,8255.93
6137,KB3,ARQ,Default,200,8e-05,1,25,0,0.1928,0.888889,8298.76
6138,KB3,ARQ,Default,200,8e-05,1,25,0,0.1943,0.888889,8234.69
6139,KB3,ARQ,Default,200,8e-05,1,25,1,0.1963,0.854701,8150.79
6140,KB3,ARQ,Default,200,8e-05,1,25,0,0.194,0.888889,8247.42
6141,KB3,ARQ,Default,200,8e-05,1,25,1,0.1956,0.854701,8179.96
6142,KB3,ARQ,Default,200,8e-05,1,25,1,0.196,0.854701,8163.27
6143,KB3,ARQ,Default,200,8e-05,1,25,0,0.1925,0.888889,8311.69
6144,KB3,ARQ,Default,200,8e-05,1,25,0,0.1937,0.888889,8260.2
6145,KB3,ARQ,Default,200,8e-05,1,25,0,0.195,0.888889,8205.13
6146,KB3,ARQ,Default,200,8e-05,1,25,0,0.1929,0.888889,8294.45
6147,KB3,ARQ,Default,200,8e-05,1,25,0,0.1924,0.888889,8316.01
6148,KB3,ARQ,Default,200,8e-05,1,25,0,0.1935,0.888889,8268.73
6149,KB3,ARQ,Default,200,8e-05,1,25,0,0.1942,0.888889,8238.93
6150,KB3,ARQ,Default,200,8e-05,1,25,1,0.1963,0.854701,8150.79
6151,KB3,ARQ,Default,200,8e-05,1,25,1,0.1951,0.854701,8200.92
6152,KB3,ARQ,Default,200,8e-05,1,25,1,0.1973,0.854701,8109.48
6153,KB3,ARQ,Default,200,8e-05,1,25,0,0.2496,0.888889,6410.26
6154,KB3,ARQ,Default,200,8e-05,1,25,0,0.2228,0.888889,7181.33
6155,KB3,ARQ,Default,200,8e-05,1,25,0,0.1917,0.888889,8346.37
6156,KB3,ARQ,Default,200,8e-05,1,25,0,0.1936,0.888889,8264.46
6157,KB3,ARQ,Default,200,8e-05,1,25,1,0.1946,0.854701,8221.99
6158,KB3,ARQ,Default,200,8e-05,1,25,0,0.1911,0.888889,8372.58
6159,KB3,ARQ,Default,200,8e-05,1,25,0,0.1912,0.888889,8368.2
6160,KB3,ARQ,Default,200,8e-05,1,25,0,0.1924,0.888889,8316.01
6161,KB3,ARQ,Default,200,8e-05,1,25,0,0.1936,0.888889,8264.46
6162,KB3,ARQ,Default,200,8e-05,1,25,0,0.1932,0.888889,8281.57
6163,KB3,ARQ,Default,200,8e-05,1,25,0,0.1928,0.888889,8298.76
6164,KB3,ARQ,Default,200,8e-05,1,25,0,0.1952,0.888889,8196.72
6165,KB3,ARQ,Default,200,8e-05,1,25,0,0.1909,0.888889,8381.35
6166,KB3,ARQ,Default,200,8e-05,1,25,0,0.1925,0.888889,8311.69
6167,KB3,ARQ,Default,200,8e-05,1,25,0,0.192,0.888889,8333.33
6168,KB3,ARQ,Default,200,8e-05,1,25,0,0.1939,0.888889,8251.68
6169,KB3,ARQ,Default,200,8e-05,1,25,0,0.1911,0.888889,8372.58
6170,KB3,ARQ,Default,200,8e-05,1,25,0,0.1926,0.888889,8307.37
6171,KB3,ARQ,Default,200,8e-05,1,25,0,0.1927,0.888889,8303.06
6172,KB3,ARQ,Default,200,8e-05,1,25,0,0.1932,0.888889,8281.57
6173,KB3,ARQ,Default,200,8e-05,1,25,0,0.1939,0.888889,8251.68
6174,KB3,ARQ,Default,200,8e-05,1,25,0,0.1925,0.888889,8311.69
6175,KB3,ARQ,Default,200,8e-05,1,25,0,0.192,0.888889,8333.33
6176,KB3,ARQ,Default,200,8e-05,1,25,1,0.2001,0.854701,7996
6177,KB3,ARQ,Default,200,8e-05,1,25,0,0.1924,0.888889,8316.01
6178,KB3,ARQ,Default,200,8e-05,1,25,1,0.1957,0.854701,8175.78
6179,KB3,ARQ,Default,200,8e-05,1,25,0,0.1938,0.888889,8255.93
6180,KB3,ARQ,Default,200,8e-05,1,25,0,0.1959,0.888889,8167.43
6181,KB3,ARQ,Default,200,8e-05,1,25,0,0.1924,0.888889,8316.01
6182,KB3,ARQ,Default,200,8e-05,1,25,0,0.1921,0.888889,8329
6183,KB3,ARQ,Default,200,8e-05,1,25,0,0.1923,0.888889,8320.33
6184,KB3,ARQ,Default,200,8e-05,1,25,0,0.1965,0.888889,8142.49
6185,KB3,ARQ,Default,200,8e-05,1,25,0,0.194,0.888889,8247.42
6186,KB3,ARQ,Default,200,8e-05,1,25,0,0.1917,0.888889,8346.37
6187,KB3,ARQ,Default,200,8e-05,1,25,0,0.1912,0.888889,8368.2
6188,KB3,ARQ,Default,200,8e-05,1,25,0,0.1925,0.888889,8311.69
6189,KB3,ARQ,Default,200,8e-05,1,25,0,0.1938,0.888889,8255.93
6190,KB3,ARQ,Default,200,8e-05,1,25,0,0.193,0.888889,8290.16
6191,KB3,ARQ,Default,200,8e-05,1,25,0,0.192,0.888889,8333.33
6192,KB3,ARQ,Default,200,8e-05,1,25,0,0.1936,0.888889,8264.46
6193,KB3,ARQ,Default,200,8e-05,1,25,0,0.1938,0.888889,8255.93
6194,KB3,ARQ,Default,200,8e-05,1,25,0,0.1925,0.888889,8311.69
6195,KB3,ARQ,Default,200,8e-05,1,25,0,0.1935,0.888889,8268.73
6196,KB3,ARQ,Default,200,8e-05,1,25,0,0.1929,0.888889,8294.45
6197,KB3,ARQ,Default,200,8e-05,1,25,0,0.1936,0.888889,8264.46
6198,KB3,ARQ,Default,200,8e-05,1,25,0,0.1914,0.888889,8359.46
6199,KB3,ARQ,Default,200,8e-05,1,25,0,0.1924,0.888889,8316.01
6200,KB3,ARQ,Default,200,8e-05,1,25,0,0.1942,0.888889,8238.93
6201,KB3,ARQ,Default,200,8e-05,1,25,0,0.1945,0.888889,8226.22
6202,KB3,ARQ,Default,200,8e-05,1,25,0,0.1934,0.888889,8273.01
6203,KB3,ARQ,Default,200,8e-05,1,25,0,0.1943,0.888889,8234.69
6204,KB3,ARQ,Default,200,8e-05,1,25,0,0.1933,0.888889,8277.29
6205,KB3,ARQ,Default,200,8e-05,1,25,0,0.1931,0.888889,8285.86
6206,KB3,ARQ,Default,200,8e-05,1,25,0,0.1915,0.888889,8355.09
6207,KB3,ARQ,Default,200,8e-05,1,25,0,0.1955,0.888889,8184.14
6208,KB3,ARQ,Default,200,8e-05,1,25,1,0.1961,0.854701,8159.1
6209,KB3,ARQ,Default,200,8e-05,1,25,0,0.194,0.888889,8247.42
6210,KB3,ARQ,Default,200,8e-05,1,25,0,0.1918,0.888889,8342.02
6211,KB3,ARQ,Default,200,8e-05,1,25,0,0.1942,0.888889,8238.93
6212,KB3,ARQ,Default,200,8e-05,1,25,0,0.1917,0.888889,8346.37
6213,KB3,ARQ,Default,200,8e-05,1,25,1,0.1983,0.854701,8068.58
6214,KB3,ARQ,Default,200,8e-05,1,25,0,0.1923,0.888889,8320.33
6215,KB3,ARQ,Default,200,8e-05,1,25,0,0.2659,0.888889,6017.3
6216,KB3,ARQ,Default,200,8e-05,1,25,0,0.1927,0.888889,8303.06
6217,KB3,ARQ,Default,200,8e-05,1,25,0,0.1951,0.888889,8200.92
6218,KB3,ARQ,Default,200,8e-05,1,25,0,0.1933,0.888889,8277.29
6219,KB3,ARQ,Default,200,8e-05,1,25,0,0.1918,0.888889,8342.02
6220,KB3,ARQ,Default,200,8e-05,1,25,0,0.1917,0.888889,8346.37
6221,KB3,ARQ,Default,200,8e-05,1,25,0,0.1941,0.888889,8243.17
6222,KB3,ARQ,Default,200,8e-05,1,25,0,0.1948,0.888889,8213.55
6223,KB3,ARQ,Default,200,8e-05,1,25,0,0.1938,0.888889,8255.93
6224,KB3,ARQ,Default,200,8e-05,1,25,0,0.192,0.888889,8333.33
6225,KB3,ARQ,Default,200,8e-05,1,25,0,0.1934,0.888889,8273.01
6226,KB3,ARQ,Default,200,8e-05,1,25,0,0.1944,0.888889,8230.45
6227,KB3,ARQ,Default,200,8e-05,1,25,1,0.1961,0.854701,8159.1
6228,KB3,ARQ,Default,200,8e-05,1,25,0,0.1926,0.888889,8307.37
6229,KB3,ARQ,Default,200,8e-05,1,25,0,0.1929,0.888889,8294.45
6230,KB3,ARQ,Default,200,8e-05,1,25,0,0.1933,0.888889,8277.29
6231,KB3,ARQ,Default,200,8e-05,1,25,0,0.1934,0.888889,8273.01
6232,KB3,ARQ,Default,200,8e-05,1,25,2,0.2027,0.823045,7893.44
6233,KB3,ARQ,Default,200,8e-05,1,25,0,0.1937,0.888889,8260.2
6234,KB3,ARQ,Default,200,8e-05,1,25,0,0.1944,0.888889,8230.45
6235,KB3,ARQ,Default,200,8e-05,1,25,0,0.1923,0.888889,8320.33
6236,KB3,ARQ,Default,200,8e-05,1,25,0,0.1924,0.888889,8316.01
6237,KB3,ARQ,Default,200,8e-05,1,25,0,0.1931,0.888889,8285.86
6238,KB3,ARQ,Default,200,8e-05,1,25,0,0.1932,0.888889,8281.57
6239,KB3,ARQ,Default,200,8e-05,1,25,0,0.192,0.888889,8333.33
6240,KB3,ARQ,Default,200,8e-05,1,25,0,0.1932,0.888889,8281.57
6241,KB3,ARQ,Default,200,8e-05,1,25,0,0.1931,0.888889,8285.86
6242,KB3,ARQ,Default,200,8e-05,1,25,0,0.1925,0.888889,8311.69
6243,KB3,ARQ,Default,200,8e-05,1,25,0,0.1924,0.888889,8316.01
6244,KB3,ARQ,Default,200,8e-05,1,25,0,0.1922,0.888889,8324.66
6245,KB3,ARQ,Default,200,8e-05,1,25,0,0.1939,0.888889,8251.68
6246,KB3,ARQ,Default,200,8e-05,1,25,0,0.1913,0.888889,8363.83
6247,KB3,ARQ,Default,200,8e-05,1,25,0,0.1932,0.888889,8281.57
6248,KB3,ARQ,Default,200,8e-05,1,25,0,0.193,0.888889,8290.16
6249,KB3,ARQ,Default,200,8e-05,1,25,0,0.1961,0.888889,8159.1
6250,KB3,ARQ,Default,200,8e-05,1,25,0,0.1929,0.888889,8294.45
6251,KB3,ARQ,Default,200,8e-05,1,25,0,0.1938,0.888889,8255.93
6252,KB3,ARQ,Default,200,8e-05,1,25,0,0.1929,0.888889,8294.45
6253,KB3,ARQ,Default,200,8e-05,1,25,0,0.1963,0.888889,8150.79
6254,KB3,ARQ,Default,200,8e-05,1,25,0,0.1928,0.888889,8298.76
6255,KB3,ARQ,Default,200,8e-05,1,25,0,0.1923,0.888889,8320.33
6256,KB3,ARQ,Default,200,8e-05,1,25,0,0.1924,0.888889,8316.01
6257,KB3,ARQ,Default,200,8e-05,1,25,0,0.2027,0.888889,7893.44
6258,KB3,ARQ,Default,200,8e-05,1,25,0,0.1943,0.888889,8234.69
6259,KB3,ARQ,Default,200,8e-05,1,25,0,0.192,0.888889,8333.33
6260,KB3,ARQ,Default,200,8e-05,1,25,0,0.1909,0.888889,8381.35
6261,KB3,ARQ,Default,200,8e-05,1,25,0,0.1951,0.888889,8200.92
6262,KB3,ARQ,Default,200,8e-05,1,25,1,0.1962,0.854701,8154.94
6263,KB3,ARQ,Default,200,8e-05,1,25,0,0.1919,0.888889,8337.68
6264,KB3,ARQ,Default,200,8e-05,1,25,0,0.1931,0.888889,8285.86
6265,KB3,ARQ,Default,200,8e-05,1,25,1,0.1978,0.854701,8088.98
6266,KB3,ARQ,Default,200,8e-05,1,25,0,0.1951,0.888889,8200.92
6267,KB3,ARQ,Default,200,8e-05,1,25,0,0.1931,0.888889,8285.86
6268,KB3,ARQ,Default,200,8e-05,1,25,0,0.1921,0.888889,8329
6269,KB3,ARQ,Default,200,8e-05,1,25,1,0.198,0.854701,8080.81
6270,KB3,ARQ,Default,200,8e-05,1,25,0,0.194,0.888889,8247.42
6271,KB3,ARQ,Default,200,8e-05,1,25,0,0.1922,0.888889,8324.66
6272,KB3,ARQ,Default,200,8e-05,1,25,0,0.1935,0.888889,8268.73
6273,KB3,ARQ,Default,200,8e-05,1,25,0,0.1931,0.888889,8285.86
6274,KB3,ARQ,Default,200,8e-05,1,25,0,0.1939,0.888889,8251.68
6275,KB3,ARQ,Default,200,8e-05,1,25,1,0.1947,0.854701,8217.77
6276,KB3,ARQ,Default,200,8e-05,1,25,0,0.2569,0.888889,6228.1
6277,KB3,ARQ,Default,200,8e-05,1,25,0,0.1942,0.888889,8238.93
6278,KB3,ARQ,Default,200,8e-05,1,25,2,0.2063,0.823045,7755.7
6279,KB3,ARQ,Default,200,8e-05,1,25,0,0.1922,0.888889,8324.66
6280,KB3,ARQ,Default,200,8e-05,1,25,0,0.194,0.888889,8247.42
6281,KB3,ARQ,Default,200,8e-05,1,25,0,0.1933,0.888889,8277.29
6282,KB3,ARQ,Default,200,8e-05,1,25,0,0.1931,0.888889,8285.86
6283,KB3,ARQ,Default,200,8e-05,1,25,0,0.1924,0.888889,8316.01
6284,KB3,ARQ,Default,200,8e-05,1,25,0,0.1914,0.888889,8359.46
6285,KB3,ARQ,Default,200,8e-05,1,25,0,0.1945,0.888889,8226.22
6286,KB3,ARQ,Default,200,8e-05,1,25,0,0.1936,0.888889,8264.46
6287,KB3,ARQ,Default,200,8e-05,1,25,0,0.1926,0.888889,8307.37
6288,KB3,ARQ,Default,200,8e-05,1,25,0,0.1923,0.888889,8320.33
6289,KB3,ARQ,Default,200,8e-05,1,25,0,0.1945,0.888889,8226.22
6290,KB3,ARQ,Default,200,8e-05,1,25,0,0.1949,0.888889,8209.34
6291,KB3,ARQ,Default,200,8e-05,1,25,0,0.1946,0.888889,8221.99
6292,KB3,ARQ,Default,200,8e-05,1,25,0,0.1935,0.888889,8268.73
6293,KB3,ARQ,Default,200,8e-05,1,25,0,0.1932,0.888889,8281.57
6294,KB3,ARQ,Default,200,8e-05,1,25,0,0.193,0.888889,8290.16
6295,KB3,ARQ,Default,200,8e-05,1,25,0,0.193,0.888889,8290.16
6296,KB3,ARQ,Default,200,8e-05,1,25,0,0.1927,0.888889,8303.06
6297,KB3,ARQ,Default,200,8e-05,1,25,0,0.1922,0.888889,8324.66
6298,KB3,ARQ,Default,200,8e-05,1,25,0,0.1936,0.888889,8264.46
6299,KB3,ARQ,Default,200,8e-05,1,25,0,0.1937,0.888889,8260.2
6300,KB3,ARQ,Default,200,8e-05,1,25,0,0.1923,0.888889,8320.33
6301,KB3,ARQ,Default,200,8e-05,1,25,0,0.1935,0.888889,8268.73
6302,KB3,ARQ,Default,200,8e-05,1,25,1,0.1984,0.854701,8064.52
6303,KB3,ARQ,Default,200,8e-05,1,25,0,0.195,0.888889,8205.13
6304,KB3,ARQ,Default,200,8e-05,1,25,0,0.1912,0.888889,8368.2
6305,KB3,ARQ,Default,200,8e-05,1,25,1,0.1958,0.854701,8171.6
6306,KB3,ARQ,Default,200,8e-05,1,25,0,0.1942,0.888889,8238.93
6307,KB3,ARQ,Default,200,8e-05,1,25,0,0.1929,0.888889,8294.45
6308,KB3,ARQ,Default,200,8e-05,1,25,1,0.1967,0.854701,8134.21
6309,KB3,ARQ,Default,200,8e-05,1,25,1,0.1972,0.854701,8113.59
6310,KB3,ARQ,Default,200,8e-05,1,25,0,0.1934,0.888889,8273.01
6311,KB3,ARQ,Default,200,8e-05,1,25,0,0.1922,0.888889,8324.66
6312,KB3,ARQ,Default,200,8e-05,1,25,0,0.1925,0.888889,8311.69
6313,KB3,ARQ,Default,200,8e-05,1,25,0,0.1918,0.888889,8342.02
6314,KB3,ARQ,Default,200,8e-05,1,25,0,0.1941,0.888889,8243.17
6315,KB3,ARQ,Default,200,8e-05,1,25,0,0.1915,0.888889,8355.09
6316,KB3,ARQ,Default,200,8e-05,1,25,1,0.1966,0.854701,8138.35
6317,KB3,ARQ,Default,200,8e-05,1,25,1,0.1956,0.854701,8179.96
6318,KB3,ARQ,Default,200,8e-05,1,25,0,0.195,0.888889,8205.13
6319,KB3,ARQ,Default,200,8e-05,1,25,1,0.1954,0.854701,8188.33
6320,KB3,ARQ,Default,200,8e-05,1,25,0,0.1922,0.888889,8324.66
6321,KB3,ARQ,Default,200,8e-05,1,25,0,0.191,0.888889,8376.96
6322,KB3,ARQ,Default,200,8e-05,1,25,0,0.1938,0.888889,8255.93
6323,KB3,ARQ,Default,200,8e-05,1,25,0,0.1912,0.888889,8368.2
6324,KB3,ARQ,Default,200,8e-05,1,25,0,0.1923,0.888889,8320.33
6325,KB3,ARQ,Default,200,8e-05,1,25,1,0.1954,0.854701,8188.33
6326,KB3,ARQ,Default,200,8e-05,1,25,0,0.1943,0.888889,8234.69
6327,KB3,ARQ,Default,200,8e-05,1,25,0,0.1914,0.888889,8359.46
6328,KB3,ARQ,Default,200,8e-05,1,25,0,0.1934,0.888889,8273.01
6329,KB3,ARQ,Default,200,8e-05,1,25,0,0.192,0.888889,8333.33
6330,KB3,ARQ,Default,200,8e-05,1,25,0,0.1957,0.888889,8175.78
6331,KB3,ARQ,Default,200,8e-05,1,25,0,0.1934,0.888889,8273.01
6332,KB3,ARQ,Default,200,8e-05,1,25,0,0.1928,0.888889,8298.76
6333,KB3,ARQ,Default,200,8e-05,1,25,0,0.1923,0.888889,8320.33
6334,KB3,ARQ,Default,200,8e-05,1,25,1,0.1991,0.854701,8036.16
6335,KB3,ARQ,Default,200,8e-05,1,25,0,0.1925,0.888889,8311.69
6336,KB3,ARQ,Default,200,8e-05,1,25,0,0.1928,0.888889,8298.76
6337,KB3,ARQ,Default,200,8e-05,1,25,0,0.1929,0.888889,8294.45
6338,KB3,ARQ,Default,200,8e-05,1,25,0,0.2642,0.888889,6056.02
6339,KB3,ARQ,Default,200,8e-05,1,25,0,0.1925,0.888889,8311.69
6340,KB3,ARQ,Default,200,8e-05,1,25,0,0.193,0.888889,8290.16
6341,KB3,ARQ,Default,200,8e-05,1,25,0,0.1938,0.888889,8255.93
6342,KB3,ARQ,Default,200,8e-05,1,25,0,0.1942,0.888889,8238.93
6343,KB3,ARQ,Default,200,8e-05,1,25,1,0.1953,0.854701,8192.52
6344,KB3,ARQ,Default,200,8e-05,1,25,0,0.1917,0.888889,8346.37
6345,KB3,ARQ,Default,200,8e-05,1,25,0,0.1939,0.888889,8251.68
6346,KB3,ARQ,Default,200,8e-05,1,25,0,0.1929,0.888889,8294.45
6347,KB3,ARQ,Default,200,8e-05,1,25,0,0.192,0.888889,8333.33
6348,KB3,ARQ,Default,200,8e-05,1,25,0,0.192,0.888889,8333.33
6349,KB3,ARQ,Default,200,8e-05,1,25,0,0.1931,0.888889,8285.86
6350,KB3,ARQ,Default,200,8e-05,1,25,0,0.1925,0.888889,8311.69
6351,KB3,ARQ,Default,200,8e-05,1,25,0,0.1939,0.888889,8251.68
6352,KB3,ARQ,Default,200,8e-05,1,25,0,0.1934,0.888889,8273.01
6353,KB3,ARQ,Default,200,8e-05,1,25,0,0.1957,0.888889,8175.78
6354,KB3,ARQ,Default,200,8e-05,1,25,0,0.1948,0.888889,8213.55
6355,KB3,ARQ,Default,200,8e-05,1,25,0,0.1929,0.888889,8294.45
6356,KB3,ARQ,Default,200,8e-05,1,25,0,0.1925,0.888889,8311.69
6357,KB3,ARQ,Default,200,8e-05,1,25,0,0.192,0.888889,8333.33
6358,KB3,ARQ,Default,200,8e-05,1,25,0,0.1947,0.888889,8217.77
6359,KB3,ARQ,Default,200,8e-05,1,25,0,0.194,0.888889,8247.42
6360,KB3,ARQ,Default,200,8e-05,1,25,0,0.1927,0.888889,8303.06
6361,KB3,ARQ,Default,200,8e-05,1,25,0,0.1918,0.888889,8342.02
6362,KB3,ARQ,Default,200,8e-05,1,25,0,0.1937,0.888889,8260.2
6363,KB3,ARQ,Default,200,8e-05,1,25,0,0.1931,0.888889,8285.86
6364,KB3,ARQ,Default,200,8e-05,1,25,0,0.1944,0.888889,8230.45
6365,KB3,ARQ,Default,200,8e-05,1,25,1,0.1954,0.854701,8188.33
6366,KB3,ARQ,Default,200,8e-05,1,25,0,0.1949,0.888889,8209.34
6367,KB3,ARQ,Default,200,8e-05,1,25,0,0.195,0.888889,8205.13
6368,KB3,ARQ,Default,200,8e-05,1,25,1,0.1982,0.854701,8072.65
6369,KB3,ARQ,Default,200,8e-05,1,25,0,0.1921,0.888889,8329
6370,KB3,ARQ,Default,200,8e-05,1,25,0,0.1938,0.888889,8255.93
6371,KB3,ARQ,Default,200,8e-05,1,25,0,0.194,0.888889,8247.42
6372,KB3,ARQ,Default,200,8e-05,1,25,0,0.2043,0.888889,7831.62
6373,KB3,ARQ,Default,200,8e-05,1,25,0,0.1931,0.888889,8285.86
6374,KB3,ARQ,Default,200,8e-05,1,25,0,0.1945,0.888889,8226.22
6375,KB3,ARQ,Default,200,8e-05,1,25,0,0.1949,0.888889,8209.34
6376,KB3,ARQ,Default,200,8e-05,1,25,0,0.1956,0.888889,8179.96
6377,KB3,ARQ,Default,200,8e-05,1,25,0,0.1925,0.888889,8311.69
6378,KB3,ARQ,Default,200,8e-05,1,25,0,0.2024,0.888889,7905.14
6379,KB3,ARQ,Default,200,8e-05,1,25,0,0.1923,0.888889,8320.33
6380,KB3,ARQ,Default,200,8e-05,1,25,0,0.1951,0.888889,8200.92
6381,KB3,ARQ,Default,200,8e-05,1,25,0,0.1921,0.888889,8329
6382,KB3,ARQ,Default,200,8e-05,1,25,0,0.1921,0.888889,8329
6383,KB3,ARQ,Default,200,8e-05,1,25,0,0.1932,0.888889,8281.57
6384,KB3,ARQ,Default,200,8e-05,1,25,0,0.1937,0.888889,8260.2
6385,KB3,ARQ,Default,200,8e-05,1,25,1,0.1961,0.854701,8159.1
6386,KB3,ARQ,Default,200,8e-05,1,25,0,0.1916,0.888889,8350.73
6387,KB3,ARQ,Default,200,8e-05,1,25,0,0.1929,0.888889,8294.45
6388,KB3,ARQ,Default,200,8e-05,1,25,0,0.1934,0.888889,8273.01
6389,KB3,ARQ,Default,200,8e-05,1,25,0,0.193,0.888889,8290.16
6390,KB3,ARQ,Default,200,8e-05,1,25,0,0.1917,0.888889,8346.37
6391,KB3,ARQ,Default,200,8e-05,1,25,0,0.1963,0.888889,8150.79
6392,KB3,ARQ,Default,200,8e-05,1,25,0,0.1923,0.888889,8320.33
6393,KB3,ARQ,Default,200,8e-05,1,25,0,0.1923,0.888889,8320.33
6394,KB3,ARQ,Default,200,8e-05,1,25,2,0.205,0.823045,7804.88
6395,KB3,ARQ,Default,200,8e-05,1,25,0,0.1936,0.888889,8264.46
6396,KB3,ARQ,Default,200,8e-05,1,25,0,0.193,0.888889,8290.16
6397,KB3,ARQ,Default,200,8e-05,1,25,0,0.1924,0.888889,8316.01
6398,KB3,ARQ,Default,200,8e-05,1,25,1,0.1978,0.854701,8088.98
6399,KB3,ARQ,Default,200,8e-05,1,25,0,0.2357,0.888889,6788.29
6400,KB3,ARQ,Default,200,8e-05,1,25,0,0.1927,0.888889,8303.06
6401,KB3,ARQ,Default,200,8e-05,1,25,0,0.1931,0.888889,8285.86
6402,KB3,ARQ,Default,200,8e-05,1,25,0,0.193,0.888889,8290.16
6403,KB3,ARQ,Default,200,8e-05,1,25,0,0.1935,0.888889,8268.73
6404,KB3,ARQ,Default,200,8e-05,1,25,0,0.1925,0.888889,8311.69
6405,KB3,ARQ,Default,200,8e-05,1,25,0,0.1913,0.888889,8363.83
6406,KB3,ARQ,Default,200,8e-05,1,25,2,0.2043,0.823045,7831.62
6407,KB3,ARQ,Default,200,8e-05,1,25,2,0.2049,0.823045,7808.69
6408,KB3,ARQ,Default,200,8e-05,1,25,0,0.1924,0.888889,8316.01
6409,KB3,ARQ,Default,200,8e-05,1,25,0,0.1919,0.888889,8337.68
6410,KB3,ARQ,Default,200,8e-05,1,25,0,0.1948,0.888889,8213.55
6411,KB3,ARQ,Default,200,8e-05,1,25,0,0.1943,0.888889,8234.69
6412,KB3,ARQ,Default,200,8e-05,1,25,1,0.1953,0.854701,8192.52
6413,KB3,ARQ,Default,200,8e-05,1,25,0,0.1936,0.888889,8264.46
6414,KB3,ARQ,Default,200,8e-05,1,25,0,0.1955,0.888889,8184.14
6415,KB3,ARQ,Default,200,8e-05,1,25,1,0.197,0.854701,8121.83
6416,KB3,ARQ,Default,200,8e-05,1,25,0,0.1919,0.888889,8337.68
6417,KB3,ARQ,Default,200,8e-05,1,25,1,0.1962,0.854701,8154.94
6418,KB3,ARQ,Default,200,8e-05,1,25,0,0.1933,0.888889,8277.29
6419,KB3,ARQ,Default,200,8e-05,1,25,0,0.1922,0.888889,8324.66
6420,KB3,ARQ,Default,200,8e-05,1,25,0,0.1921,0.888889,8329
6421,KB3,ARQ,Default,200,8e-05,1,25,0,0.1924,0.888889,8316.01
6422,KB3,ARQ,Default,200,8e-05,1,25,0,0.1941,0.888889,8243.17
6423,KB3,ARQ,Default,200,8e-05,1,25,0,0.194,0.888889,8247.42
6424,KB3,ARQ,Default,200,8e-05,1,25,0,0.1927,0.888889,8303.06
6425,KB3,ARQ,Default,200,8e-05,1,25,0,0.192,0.888889,8333.33
6426,KB3,ARQ,Default,200,8e-05,1,25,0,0.1932,0.888889,8281.57
6427,KB3,ARQ,Default,200,8e-05,1,25,0,0.1938,0.888889,8255.93
6428,KB3,ARQ,Default,200,8e-05,1,25,0,0.1915,0.888889,8355.09
6429,KB3,ARQ,Default,200,8e-05,1,25,0,0.1926,0.888889,8307.37
6430,KB3,ARQ,Default,200,8e-05,1,25,0,0.1929,0.888889,8294.45
6431,KB3,ARQ,Default,200,8e-05,1,25,0,0.1928,0.888889,8298.76
6432,KB3,ARQ,Default,200,8e-05,1,25,1,0.1964,0.854701,8146.64
6433,KB3,ARQ,Default,200,8e-05,1,25,0,0.1915,0.888889,8355.09
6434,KB3,ARQ,Default,200,8e-05,1,25,0,0.1921,0.888889,8329
6435,KB3,ARQ,Default,200,8e-05,1,25,1,0.1973,0.854701,8109.48
6436,KB3,ARQ,Default,200,8e-05,1,25,0,0.1924,0.888889,8316.01
6437,KB3,ARQ,Default,200,8e-05,1,25,1,0.1968,0.854701,8130.08
6438,KB3,ARQ,Default,200,8e-05,1,25,0,0.1928,0.888889,8298.76
6439,KB3,ARQ,Default,200,8e-05,1,25,1,0.1966,0.854701,8138.35
6440,KB3,ARQ,Default,200,8e-05,1,25,0,0.192,0.888889,8333.33
6441,KB3,ARQ,Default,200,8e-05,1,25,0,0.1948,0.888889,8213.55
6442,KB3,ARQ,Default,200,8e-05,1,25,0,0.1933,0.888889,8277.29
6443,KB3,ARQ,Default,200,8e-05,1,25,0,0.194,0.888889,8247.42
6444,KB3,ARQ,Default,200,8e-05,1,25,0,0.1923,0.888889,8320.33
6445,KB3,ARQ,Default,200,8e-05,1,25,0,0.1945,0.888889,8226.22
6446,KB3,ARQ,Default,200,8e-05,1,25,0,0.1928,0.888889,8298.76
6447,KB3,ARQ,Default,200,8e-05,1,25,0,0.1947,0.888889,8217.77
6448,KB3,ARQ,Default,200,8e-05,1,25,0,0.1925,0.888889,8311.69
6449,KB3,ARQ,Default,200,8e-05,1,25,0,0.1938,0.888889,8255.93
6450,KB3,ARQ,Default,200,8e-05,1,25,0,0.194,0.888889,8247.42
6451,KB3,ARQ,Default,200,8e-05,1,25,0,0.1937,0.888889,8260.2
6452,KB3,ARQ,Default,200,8e-05,1,25,1,0.198,0.854701,8080.81
6453,KB3,ARQ,Default,200,8e-05,1,25,0,0.1957,0.888889,8175.78
6454,KB3,ARQ,Default,200,8e-05,1,25,0,0.1914,0.888889,8359.46
6455,KB3,ARQ,Default,200,8e-05,1,25,1,0.1972,0.854701,8113.59
6456,KB3,ARQ,Default,200,8e-05,1,25,0,0.193,0.888889,8290.16
6457,KB3,ARQ,Default,200,8e-05,1,25,0,0.1944,0.888889,8230.45
6458,KB3,ARQ,Default,200,8e-05,1,25,1,0.1942,0.854701,8238.93
6459,KB3,ARQ,Default,200,8e-05,1,25,0,0.1935,0.888889,8268.73
6460,KB3,ARQ,Default,200,8e-05,1,25,0,0.1941,0.888889,8243.17
6461,KB3,ARQ,Default,200,8e-05,1,25,0,0.2535,0.888889,6311.64
6462,KB3,ARQ,Default,200,8e-05,1,25,0,0.1929,0.888889,8294.45
6463,KB3,ARQ,Default,200,8e-05,1,25,0,0.2301,0.888889,6953.5
6464,KB3,ARQ,Default,200,8e-05,1,25,0,0.211,0.888889,7582.94
6465,KB3,ARQ,Default,200,8e-05,1,25,0,0.3702,0.888889,4321.99
6466,KB3,ARQ,Default,200,8e-05,1,25,0,0.1923,0.888889,8320.33
6467,KB3,ARQ,Default,200,8e-05,1,25,0,0.2453,0.888889,6522.63
6468,KB3,ARQ,Default,200,8e-05,1,25,0,0.193,0.888889,8290.16
6469,KB3,ARQ,Default,200,8e-05,1,25,0,0.1925,0.888889,8311.69
6470,KB3,ARQ,Default,200,8e-05,1,25,2,0.2071,0.823045,7725.74
6471,KB3,ARQ,Default,200,8e-05,1,25,0,0.1947,0.888889,8217.77
6472,KB3,ARQ,Default,200,8e-05,1,25,0,0.1938,0.888889,8255.93
6473,KB3,ARQ,Default,200,8e-05,1,25,0,0.193,0.888889,8290.16
6474,KB3,ARQ,Default,200,8e-05,1,25,1,0.1982,0.854701,8072.65
6475,KB3,ARQ,Default,200,8e-05,1,25,0,0.1936,0.888889,8264.46
6476,KB3,ARQ,Default,200,8e-05,1,25,0,0.1928,0.888889,8298.76
6477,KB3,ARQ,Default,200,8e-05,1,25,0,0.1933,0.888889,8277.29
6478,KB3,ARQ,Default,200,8e-05,1,25,0,0.1938,0.888889,8255.93
6479,KB3,ARQ,Default,200,8e-05,1,25,0,0.1939,0.888889,8251.68
6480,KB3,ARQ,Default,200,8e-05,1,25,0,0.1941,0.888889,8243.17
6481,KB3,ARQ,Default,200,8e-05,1,25,0,0.192,0.888889,8333.33
6482,KB3,ARQ,Default,200,8e-05,1,25,0,0.1954,0.888889,8188.33
6483,KB3,ARQ,Default,200,8e-05,1,25,0,0.1942,0.888889,8238.93
6484,KB3,ARQ,Default,200,8e-05,1,25,0,0.1932,0.888889,8281.57
6485,KB3,ARQ,Default,200,8e-05,1,25,0,0.1915,0.888889,8355.09
6486,KB3,ARQ,Default,200,8e-05,1,25,0,0.2033,0.888889,7870.14
6487,KB3,ARQ,Default,200,8e-05,1,25,0,0.1919,0.888889,8337.68
6488,KB3,ARQ,Default,200,8e-05,1,25,0,0.1935,0.888889,8268.73
6489,KB3,ARQ,Default,200,8e-05,1,25,1,0.1957,0.854701,8175.78
6490,KB3,ARQ,Default,200,8e-05,1,25,0,0.1937,0.888889,8260.2
6491,KB3,ARQ,Default,200,8e-05,1,25,1,0.1984,0.854701,8064.52
6492,KB3,ARQ,Default,200,8e-05,1,25,1,0.1959,0.854701,8167.43
6493,KB3,ARQ,Default,200,8e-05,1,25,0,0.1939,0.888889,8251.68
6494,KB3,ARQ,Default,200,8e-05,1,25,1,0.1946,0.854701,8221.99
6495,KB3,ARQ,Default,200,8e-05,1,25,0,0.1922,0.888889,8324.66
6496,KB3,ARQ,Default,200,8e-05,1,25,0,0.1927,0.888889,8303.06
6497,KB3,ARQ,Default,200,8e-05,1,25,0,0.1947,0.888889,8217.77
6498,KB3,ARQ,Default,200,8e-05,1,25,0,0.1917,0.888889,8346.37
6499,KB3,ARQ,Default,200,8e-05,1,25,0,0.1918,0.888889,8342.02
6500,KB3,ARQ,Default,200,8e-05,1,25,0,0.1943,0.888889,8234.69
6501,KB3,ARQ,Default,200,8e-05,1,25,0,0.1954,0.888889,8188.33
6502,KB3,ARQ,Default,200,8e-05,1,25,0,0.1931,0.888889,8285.86
6503,KB3,ARQ,Default,200,8e-05,1,25,0,0.1915,0.888889,8355.09
6504,KB3,ARQ,Default,200,8e-05,1,25,0,0.1945,0.888889,8226.22
6505,KB3,ARQ,Default,200,8e-05,1,25,0,0.1951,0.888889,8200.92
6506,KB3,ARQ,Default,200,8e-05,1,25,0,0.1914,0.888889,8359.46
6507,KB3,ARQ,Default,200,8e-05,1,25,0,0.1914,0.888889,8359.46
6508,KB3,ARQ,Default,200,8e-05,1,25,0,0.1931,0.888889,8285.86
6509,KB3,ARQ,Default,200,8e-05,1,25,0,0.1939,0.888889,8251.68
6510,KB3,ARQ,Default,200,8e-05,1,25,0,0.1915,0.888889,8355.09
6511,KB3,ARQ,Default,200,8e-05,1,25,0,0.192,0.888889,8333.33
6512,KB3,ARQ,Default,200,8e-05,1,25,0,0.1934,0.888889,8273.01
6513,KB3,ARQ,Default,200,8e-05,1,25,0,0.1948,0.888889,8213.55
6514,KB3,ARQ,Default,200,8e-05,1,25,0,0.1929,0.888889,8294.45
6515,KB3,ARQ,Default,200,8e-05,1,25,1,0.1956,0.854701,8179.96
6516,KB3,ARQ,Default,200,8e-05,1,25,1,0.1963,0.854701,8150.79
6517,KB3,ARQ,Default,200,8e-05,1,25,0,0.1919,0.888889,8337.68
6518,KB3,ARQ,Default,200,8e-05,1,25,0,0.1911,0.888889,8372.58
6519,KB3,ARQ,Default,200,8e-05,1,25,0,0.1928,0.888889,8298.76
6520,KB3,ARQ,Default,200,8e-05,1,25,0,0.1934,0.888889,8273.01
6521,KB3,ARQ,Default,200,8e-05,1,25,0,0.2237,0.888889,7152.44
6522,KB3,ARQ,Default,200,8e-05,1,25,0,0.1917,0.888889,8346.37
6523,KB3,ARQ,Default,200,8e-05,1,25,0,0.1923,0.888889,8320.33
6524,KB3,ARQ,Default,200,8e-05,1,25,0,0.1936,0.888889,8264.46
6525,KB3,ARQ,Default,200,8e-05,1,25,0,0.191,0.888889,8376.96
6526,KB3,ARQ,Default,200,8e-05,1,25,0,0.1918,0.888889,8342.02
6527,KB3,ARQ,Default,200,8e-05,1,25,0,0.1905,0.888889,8398.95
6528,KB3,ARQ,Default,200,8e-05,1,25,0,0.1942,0.888889,8238.93
6529,KB3,ARQ,Default,200,8e-05,1,25,0,0.1947,0.888889,8217.77
6530,KB3,ARQ,Default,200,8e-05,1,25,0,0.1921,0.888889,8329
6531,KB3,ARQ,Default,200,8e-05,1,25,0,0.1919,0.888889,8337.68
6532,KB3,ARQ,Default,200,8e-05,1,25,0,0.197,0.888889,8121.83
6533,KB3,ARQ,Default,200,8e-05,1,25,0,0.1929,0.888889,8294.45
6534,KB3,ARQ,Default,200,8e-05,1,25,1,0.1963,0.854701,8150.79
6535,KB3,ARQ,Default,200,8e-05,1,25,0,0.1919,0.888889,8337.68
6536,KB3,ARQ,Default,200,8e-05,1,25,0,0.1926,0.888889,8307.37
6537,KB3,ARQ,Default,200,8e-05,1,25,0,0.1925,0.888889,8311.69
6538,KB3,ARQ,Default,200,8e-05,1,25,0,0.1932,0.888889,8281.57
6539,KB3,ARQ,Default,200,8e-05,1,25,0,0.1921,0.888889,8329
6540,KB3,ARQ,Default,200,8e-05,1,25,0,0.1939,0.888889,8251.68
6541,KB3,ARQ,Default,200,8e-05,1,25,0,0.1923,0.888889,8320.33
6542,KB3,ARQ,Default,200,8e-05,1,25,0,0.1935,0.888889,8268.73
6543,KB3,ARQ,Default,200,8e-05,1,25,0,0.194,0.888889,8247.42
6544,KB3,ARQ,Default,200,8e-05,1,25,0,0.1933,0.888889,8277.29
6545,KB3,ARQ,Default,200,8e-05,1,25,0,0.1934,0.888889,8273.01
6546,KB3,ARQ,Default,200,8e-05,1,25,1,0.1954,0.854701,8188.33
6547,KB3,ARQ,Default,200,8e-05,1,25,1,0.1969,0.854701,8125.95
6548,KB3,ARQ,Default,200,8e-05,1,25,0,0.1929,0.888889,8294.45
6549,KB3,ARQ,Default,200,8e-05,1,25,0,0.1929,0.888889,8294.45
6550,KB3,ARQ,Default,200,8e-05,1,25,0,0.1916,0.888889,8350.73
6551,KB3,ARQ,Default,200,8e-05,1,25,0,0.1942,0.888889,8238.93
6552,KB3,ARQ,Default,200,8e-05,1,25,0,0.1932,0.888889,8281.57
6553,KB3,ARQ,Default,200,8e-05,1,25,0,0.1917,0.888889,8346.37
6554,KB3,ARQ,Default,200,8e-05,1,25,0,0.1921,0.888889,8329
6555,KB3,ARQ,Default,200,8e-05,1,25,0,0.1945,0.888889,8226.22
6556,KB3,ARQ,Default,200,8e-05,1,25,0,0.1936,0.888889,8264.46
6557,KB3,ARQ,Default,200,8e-05,1,25,0,0.1935,0.888889,8268.73
6558,KB3,ARQ,Default,200,8e-05,1,25,0,0.1914,0.888889,8359.46
6559,KB3,ARQ,Default,200,8e-05,1,25,0,0.1961,0.888889,8159.1
6560,KB3,ARQ,Default,200,8e-05,1,25,0,0.1934,0.888889,8273.01
6561,KB3,ARQ,Default,200,8e-05,1,25,1,0.1971,0.854701,8117.71
6562,KB3,ARQ,Default,200,8e-05,1,25,0,0.1927,0.888889,8303.06
6563,KB3,ARQ,Default,200,8e-05,1,25,0,0.1939,0.888889,8251.68
6564,KB3,ARQ,Default,200,8e-05,1,25,0,0.194,0.888889,8247.42
6565,KB3,ARQ,Default,200,8e-05,1,25,0,0.1929,0.888889,8294.45
6566,KB3,ARQ,Default,200,8e-05,1,25,0,0.1928,0.888889,8298.76
6567,KB3,ARQ,Default,200,8e-05,1,25,0,0.193,0.888889,8290.16
6568,KB3,ARQ,Default,200,8e-05,1,25,0,0.1946,0.888889,8221.99
6569,KB3,ARQ,Default,200,8e-05,1,25,0,0.1924,0.888889,8316.01
6570,KB3,ARQ,Default,200,8e-05,1,25,0,0.1978,0.888889,8088.98
6571,KB3,ARQ,Default,200,8e-05,1,25,0,0.1919,0.888889,8337.68
6572,KB3,ARQ,Default,200,8e-05,1,25,0,0.1912,0.888889,8368.2
6573,KB3,ARQ,Default,200,8e-05,1,25,0,0.1935,0.888889,8268.73
6574,KB3,ARQ,Default,200,8e-05,1,25,0,0.1944,0.888889,8230.45
6575,KB3,ARQ,Default,200,8e-05,1,25,0,0.192,0.888889,8333.33
6576,KB3,ARQ,Default,200,8e-05,1,25,0,0.1923,0.888889,8320.33
6577,KB3,ARQ,Default,200,8e-05,1,25,2,0.2036,0.823045,7858.55
6578,KB3,ARQ,Default,200,8e-05,1,25,0,0.1945,0.888889,8226.22
6579,KB3,ARQ,Default,200,8e-05,1,25,2,0.2019,0.823045,7924.72
6580,KB3,ARQ,Default,200,8e-05,1,25,0,0.1906,0.888889,8394.54
6581,KB3,ARQ,Default,200,8e-05,1,25,0,0.1946,0.888889,8221.99
6582,KB3,ARQ,Default,200,8e-05,1,25,0,0.446,0.888889,3587.44
6583,KB3,ARQ,Default,200,8e-05,1,25,0,0.2066,0.888889,7744.43
6584,KB3,ARQ,Default,200,8e-05,1,25,0,0.2667,0.888889,5999.25
6585,KB3,ARQ,Default,200,8e-05,1,25,0,0.1951,0.888889,8200.92
6586,KB3,ARQ,Default,200,8e-05,1,25,1,0.1974,0.854701,8105.37
6587,KB3,ARQ,Default,200,8e-05,1,25,0,0.1925,0.888889,8311.69
6588,KB3,ARQ,Default,200,8e-05,1,25,0,0.1953,0.888889,8192.52
6589,KB3,ARQ,Default,200,8e-05,1,25,0,0.1928,0.888889,8298.76
6590,KB3,ARQ,Default,200,8e-05,1,25,0,0.1937,0.888889,8260.2
6591,KB3,ARQ,Default,200,8e-05,1,25,0,0.1939,0.888889,8251.68
6592,KB3,ARQ,Default,200,8e-05,1,25,0,0.1953,0.888889,8192.52
6593,KB3,ARQ,Default,200,8e-05,1,25,0,0.193,0.888889,8290.16
6594,KB3,ARQ,Default,200,8e-05,1,25,0,0.1918,0.888889,8342.02
6595,KB3,ARQ,Default,200,8e-05,1,25,0,0.1918,0.888889,8342.02
6596,KB3,ARQ,Default,200,8e-05,1,25,0,0.2242,0.888889,7136.49
6597,KB3,ARQ,Default,200,8e-05,1,25,0,0.1933,0.888889,8277.29
6598,KB3,ARQ,Default,200,8e-05,1,25,1,0.1961,0.854701,8159.1
6599,KB3,ARQ,Default,200,8e-05,1,25,0,0.1932,0.888889,8281.57
6600,KB3,ARQ,Default,200,8e-05,1,25,0,0.192,0.888889,8333.33
6601,KB3,ARQ,Default,200,8e-05,1,25,0,0.1927,0.888889,8303.06
6602,KB3,ARQ,Default,200,8e-05,1,25,0,0.193,0.888889,8290.16
6603,KB3,ARQ,Default,200,8e-05,1,25,0,0.2256,0.888889,7092.2
6604,KB3,ARQ,Default,200,8e-05,1,25,0,0.193,0.888889,8290.16
6605,KB3,ARQ,Default,200,8e-05,1,25,0,0.1939,0.888889,8251.68
6606,KB3,ARQ,Default,200,8e-05,1,25,1,0.1953,0.854701,8192.52
6607,KB3,ARQ,Default,200,8e-05,1,25,0,0.1927,0.888889,8303.06
6608,KB3,ARQ,Default,200,8e-05,1,25,0,0.1933,0.888889,8277.29
6609,KB3,ARQ,Default,200,8e-05,1,25,0,0.1946,0.888889,8221.99
6610,KB3,ARQ,Default,200,8e-05,1,25,0,0.1929,0.888889,8294.45
6611,KB3,ARQ,Default,200,8e-05,1,25,1,0.1972,0.854701,8113.59
6612,KB3,ARQ,Default,200,8e-05,1,25,0,0.1911,0.888889,8372.58
6613,KB3,ARQ,Default,200,8e-05,1,25,0,0.195,0.888889,8205.13
6614,KB3,ARQ,Default,200,8e-05,1,25,1,0.197,0.854701,8121.83
6615,KB3,ARQ,Default,200,8e-05,1,25,0,0.193,0.888889,8290.16
6616,KB3,ARQ,Default,200,8e-05,1,25,0,0.1922,0.888889,8324.66
6617,KB3,ARQ,Default,200,8e-05,1,25,0,0.1937,0.888889,8260.2
6618,KB3,ARQ,Default,200,8e-05,1,25,0,0.1926,0.888889,8307.37
6619,KB3,ARQ,Default,200,8e-05,1,25,0,0.1932,0.888889,8281.57
6620,KB3,ARQ,Default,200,8e-05,1,25,0,0.193,0.888889,8290.16
6621,KB3,ARQ,Default,200,8e-05,1,25,0,0.1926,0.888889,8307.37
6622,KB3,ARQ,Default,200,8e-05,1,25,0,0.1947,0.888889,8217.77
6623,KB3,ARQ,Default,200,8e-05,1,25,0,0.1921,0.888889,8329
6624,KB3,ARQ,Default,200,8e-05,1,25,0,0.192,0.888889,8333.33
6625,KB3,ARQ,Default,200,8e-05,1,25,0,0.1933,0.888889,8277.29
6626,KB3,ARQ,Default,200,8e-05,1,25,0,0.1944,0.888889,8230.45
6627,KB3,ARQ,Default,200,8e-05,1,25,0,0.1914,0.888889,8359.46
6628,KB3,ARQ,Default,200,8e-05,1,25,0,0.1921,0.888889,8329
6629,KB3,ARQ,Default,200,8e-05,1,25,0,0.1937,0.888889,8260.2
6630,KB3,ARQ,Default,200,8e-05,1,25,1,0.1987,0.854701,8052.34
6631,KB3,ARQ,Default,200,8e-05,1,25,0,0.1924,0.888889,8316.01
6632,KB3,ARQ,Default,200,8e-05,1,25,0,0.1927,0.888889,8303.06
6633,KB3,ARQ,Default,200,8e-05,1,25,1,0.2522,0.854701,6344.17
6634,KB3,ARQ,Default,200,8e-05,1,25,0,0.1931,0.888889,8285.86
6635,KB3,ARQ,Default,200,8e-05,1,25,0,0.1925,0.888889,8311.69
6636,KB3,ARQ,Default,200,8e-05,1,25,2,0.2032,0.823045,7874.02
6637,KB3,ARQ,Default,200,8e-05,1,25,0,0.1954,0.888889,8188.33
6638,KB3,ARQ,Default,200,8e-05,1,25,0,0.2786,0.888889,5743
6639,KB3,ARQ,Default,200,8e-05,1,25,1,0.1969,0.854701,8125.95
6640,KB3,ARQ,Default,200,8e-05,1,25,0,0.1936,0.888889,8264.46
6641,KB3,ARQ,Default,200,8e-05,1,25,0,0.1926,0.888889,8307.37
6642,KB3,ARQ,Default,200,8e-05,1,25,0,0.194,0.888889,8247.42
6643,KB3,ARQ,Default,200,8e-05,1,25,0,0.1926,0.888889,8307.37
6644,KB3,ARQ,Default,200,8e-05,1,25,0,0.1928,0.888889,8298.76
6645,KB3,ARQ,Default,200,8e-05,1,25,0,0.194,0.888889,8247.42
6646,KB3,ARQ,Default,200,8e-05,1,25,0,0.1926,0.888889,8307.37
6647,KB3,ARQ,Default,200,8e-05,1,25,0,0.1928,0.888889,8298.76
6648,KB3,ARQ,Default,200,8e-05,1,25,0,0.1923,0.888889,8320.33
6649,KB3,ARQ,Default,200,8e-05,1,25,0,0.1932,0.888889,8281.57
6650,KB3,ARQ,Default,200,8e-05,1,25,1,0.1975,0.854701,8101.27
6651,KB3,ARQ,Default,200,8e-05,1,25,0,0.1918,0.888889,8342.02
6652,KB3,ARQ,Default,200,8e-05,1,25,1,0.1957,0.854701,8175.78
6653,KB3,ARQ,Default,200,8e-05,1,25,0,0.1945,0.888889,8226.22
6654,KB3,ARQ,Default,200,8e-05,1,25,0,0.1938,0.888889,8255.93
6655,KB3,ARQ,Default,200,8e-05,1,25,0,0.1932,0.888889,8281.57
6656,KB3,ARQ,Default,200,8e-05,1,25,0,0.1938,0.888889,8255.93
6657,KB3,ARQ,Default,200,8e-05,1,25,0,0.1934,0.888889,8273.01
6658,KB3,ARQ,Default,200,8e-05,1,25,0,0.194,0.888889,8247.42
6659,KB3,ARQ,Default,200,8e-05,1,25,0,0.192,0.888889,8333.33
6660,KB3,ARQ,Default,200,8e-05,1,25,0,0.1923,0.888889,8320.33
6661,KB3,ARQ,Default,200,8e-05,1,25,0,0.1939,0.888889,8251.68
6662,KB3,ARQ,Default,200,8e-05,1,25,0,0.1948,0.888889,8213.55
6663,KB3,ARQ,Default,200,8e-05,1,25,0,0.1926,0.888889,8307.37
6664,KB3,ARQ,Default,200,8e-05,1,25,0,0.1937,0.888889,8260.2
6665,KB3,ARQ,Default,200,8e-05,1,25,0,0.195,0.888889,8205.13
6666,KB3,ARQ,Default,200,8e-05,1,25,1,0.1965,0.854701,8142.49
6667,KB3,ARQ,Default,200,8e-05,1,25,0,0.1927,0.888889,8303.06
6668,KB3,ARQ,Default,200,8e-05,1,25,0,0.1948,0.888889,8213.55
6669,KB3,ARQ,Default,200,8e-05,1,25,0,0.1917,0.888889,8346.37
6670,KB3,ARQ,Default,200,8e-05,1,25,1,0.1968,0.854701,8130.08
6671,KB3,ARQ,Default,200,8e-05,1,25,0,0.1925,0.888889,8311.69
6672,KB3,ARQ,Default,200,8e-05,1,25,0,0.1947,0.888889,8217.77
6673,KB3,ARQ,Default,200,8e-05,1,25,0,0.1922,0.888889,8324.66
6674,KB3,ARQ,Default,200,8e-05,1,25,0,0.1949,0.888889,8209.34
6675,KB3,ARQ,Default,200,8e-05,1,25,0,0.1917,0.888889,8346.37
6676,KB3,ARQ,Default,200,8e-05,1,25,1,0.1962,0.854701,8154.94
6677,KB3,ARQ,Default,200,8e-05,1,25,0,0.193,0.888889,8290.16
6678,KB3,ARQ,Default,200,8e-05,1,25,0,0.1942,0.888889,8238.93
6679,KB3,ARQ,Default,200,8e-05,1,25,0,0.1935,0.888889,8268.73
6680,KB3,ARQ,Default,200,8e-05,1,25,0,0.1932,0.888889,8281.57
6681,KB3,ARQ,Default,200,8e-05,1,25,1,0.1954,0.854701,8188.33
6682,KB3,ARQ,Default,200,8e-05,1,25,0,0.1948,0.888889,8213.55
6683,KB3,ARQ,Default,200,8e-05,1,25,0,0.1928,0.888889,8298.76
6684,KB3,ARQ,Default,200,8e-05,1,25,0,0.192,0.888889,8333.33
6685,KB3,ARQ,Default,200,8e-05,1,25,0,0.1924,0.888889,8316.01
6686,KB3,ARQ,Default,200,8e-05,1,25,0,0.193,0.888889,8290.16
6687,KB3,ARQ,Default,200,8e-05,1,25,0,0.1917,0.888889,8346.37
6688,KB3,ARQ,Default,200,8e-05,1,25,2,0.2034,0.823045,7866.27
6689,KB3,ARQ,Default,200,8e-05,1,25,1,0.1946,0.854701,8221.99
6690,KB3,ARQ,Default,200,8e-05,1,25,1,0.1974,0.854701,8105.37
6691,KB3,ARQ,Default,200,8e-05,1,25,0,0.1929,0.888889,8294.45
6692,KB3,ARQ,Default,200,8e-05,1,25,0,0.1925,0.888889,8311.69
6693,KB3,ARQ,Default,200,8e-05,1,25,1,0.1967,0.854701,8134.21
6694,KB3,ARQ,Default,200,8e-05,1,25,0,0.1925,0.888889,8311.69
6695,KB3,ARQ,Default,200,8e-05,1,25,0,0.1936,0.888889,8264.46
6696,KB3,ARQ,Default,200,8e-05,1,25,0,0.2273,0.888889,7039.16
6697,KB3,ARQ,Default,200,8e-05,1,25,0,0.2372,0.888889,6745.36
6698,KB3,ARQ,Default,200,8e-05,1,25,0,0.2144,0.888889,7462.69
6699,KB3,ARQ,Default,200,8e-05,1,25,0,0.2098,0.888889,7626.31
6700,KB3,ARQ,Default,200,8e-05,1,25,0,0.1914,0.888889,8359.46
6701,KB3,ARQ,Default,200,8e-05,1,25,0,0.1924,0.888889,8316.01
6702,KB3,ARQ,Default,200,8e-05,1,25,0,0.195,0.888889,8205.13
6703,KB3,ARQ,Default,200,8e-05,1,25,1,0.1955,0.854701,8184.14
6704,KB3,ARQ,Default,200,8e-05,1,25,0,0.1929,0.888889,8294.45
6705,KB3,ARQ,Default,200,8e-05,1,25,0,0.1911,0.888889,8372.58
6706,KB3,ARQ,Default,200,8e-05,1,25,0,0.1946,0.888889,8221.99
6707,KB3,ARQ,Default,200,8e-05,1,25,0,0.1918,0.888889,8342.02
6708,KB3,ARQ,Default,200,8e-05,1,25,0,0.1936,0.888889,8264.46
6709,KB3,ARQ,Default,200,8e-05,1,25,0,0.192,0.888889,8333.33
6710,KB3,ARQ,Default,200,8e-05,1,25,0,0.1946,0.888889,8221.99
6711,KB3,ARQ,Default,200,8e-05,1,25,1,0.1962,0.854701,8154.94
6712,KB3,ARQ,Default,200,8e-05,1,25,0,0.1926,0.888889,8307.37
6713,KB3,ARQ,Default,200,8e-05,1,25,0,0.1917,0.888889,8346.37
6714,KB3,ARQ,Default,200,8e-05,1,25,0,0.1949,0.888889,8209.34
6715,KB3,ARQ,Default,200,8e-05,1,25,0,0.1925,0.888889,8311.69
6716,KB3,ARQ,Default,200,8e-05,1,25,0,0.1918,0.888889,8342.02
6717,KB3,ARQ,Default,200,8e-05,1,25,0,0.1934,0.888889,8273.01
6718,KB3,ARQ,Default,200,8e-05,1,25,1,0.1988,0.854701,8048.29
6719,KB3,ARQ,Default,200,8e-05,1,25,0,0.1923,0.888889,8320.33
6720,KB3,ARQ,Default,200,8e-05,1,25,0,0.1925,0.888889,8311.69
6721,KB3,ARQ,Default,200,8e-05,1,25,0,0.1921,0.888889,8329
6722,KB3,ARQ,Default,200,8e-05,1,25,0,0.1941,0.888889,8243.17
6723,KB3,ARQ,Default,200,8e-05,1,25,0,0.1933,0.888889,8277.29
6724,KB3,ARQ,Default,200,8e-05,1,25,3,0.2072,0.793651,7722.01
6725,KB3,ARQ,Default,200,8e-05,1,25,0,0.1916,0.888889,8350.73
6726,KB3,ARQ,Default,200,8e-05,1,25,0,0.1929,0.888889,8294.45
6727,KB3,ARQ,Default,200,8e-05,1,25,0,0.1924,0.888889,8316.01
6728,KB3,ARQ,Default,200,8e-05,1,25,0,0.1934,0.888889,8273.01
6729,KB3,ARQ,Default,200,8e-05,1,25,0,0.1933,0.888889,8277.29
6730,KB3,ARQ,Default,200,8e-05,1,25,1,0.1979,0.854701,8084.89
6731,KB3,ARQ,Default,200,8e-05,1,25,0,0.1927,0.888889,8303.06
6732,KB3,ARQ,Default,200,8e-05,1,25,0,0.1937,0.888889,8260.2
6733,KB3,ARQ,Default,200,8e-05,1,25,0,0.1965,0.888889,8142.49
6734,KB3,ARQ,Default,200,8e-05,1,25,0,0.1932,0.888889,8281.57
6735,KB3,ARQ,Default,200,8e-05,1,25,0,0.1917,0.888889,8346.37
6736,KB3,ARQ,Default,200,8e-05,1,25,0,0.1925,0.888889,8311.69
6737,KB3,ARQ,Default,200,8e-05,1,25,1,0.1954,0.854701,8188.33
6738,KB3,ARQ,Default,200,8e-05,1,25,0,0.195,0.888889,8205.13
6739,KB3,ARQ,Default,200,8e-05,1,25,0,0.1938,0.888889,8255.93
6740,KB3,ARQ,Default,200,8e-05,1,25,0,0.1916,0.888889,8350.73
6741,KB3,ARQ,Default,200,8e-05,1,25,0,0.1925,0.888889,8311.69
6742,KB3,ARQ,Default,200,8e-05,1,25,1,0.1953,0.854701,8192.52
6743,KB3,ARQ,Default,200,8e-05,1,25,0,0.1929,0.888889,8294.45
6744,KB3,ARQ,Default,200,8e-05,1,25,0,0.1935,0.888889,8268.73
6745,KB3,ARQ,Default,200,8e-05,1,25,0,0.1928,0.888889,8298.76
6746,KB3,ARQ,Default,200,8e-05,1,25,1,0.1968,0.854701,8130.08
6747,KB3,ARQ,Default,200,8e-05,1,25,0,0.1932,0.888889,8281.57
6748,KB3,ARQ,Default,200,8e-05,1,25,0,0.193,0.888889,8290.16
6749,KB3,ARQ,Default,200,8e-05,1,25,0,0.1933,0.888889,8277.29
6750,KB3,ARQ,Default,200,8e-05,1,25,0,0.1945,0.888889,8226.22
6751,KB3,ARQ,Default,200,8e-05,1,25,0,0.1935,0.888889,8268.73
6752,KB3,ARQ,Default,200,8e-05,1,25,0,0.1939,0.888889,8251.68
6753,KB3,ARQ,Default,200,8e-05,1,25,0,0.1916,0.888889,8350.73
6754,KB3,ARQ,Default,200,8e-05,1,25,1,0.1978,0.854701,8088.98
6755,KB3,ARQ,Default,200,8e-05,1,25,0,0.194,0.888889,8247.42
6756,KB3,ARQ,Default,200,8e-05,1,25,1,0.2054,0.854701,7789.68
6757,KB3,ARQ,Default,200,8e-05,1,25,0,0.192,0.888889,8333.33
6758,KB3,ARQ,Default,200,8e-05,1,25,0,0.1935,0.888889,8268.73
6759,KB3,ARQ,Default,200,8e-05,1,25,0,0.1938,0.888889,8255.93
6760,KB3,ARQ,Default,200,8e-05,1,25,0,0.2684,0.888889,5961.25
6761,KB3,ARQ,Default,200,8e-05,1,25,0,0.1925,0.888889,8311.69
6762,KB3,ARQ,Default,200,8e-05,1,25,0,0.1931,0.888889,8285.86
6763,KB3,ARQ,Default,200,8e-05,1,25,0,0.1936,0.888889,8264.46
6764,KB3,ARQ,Default,200,8e-05,1,25,1,0.1952,0.854701,8196.72
6765,KB3,ARQ,Default,200,8e-05,1,25,0,0.1925,0.888889,8311.69
6766,KB3,ARQ,Default,200,8e-05,1,25,0,0.1945,0.888889,8226.22
6767,KB3,ARQ,Default,200,8e-05,1,25,0,0.1932,0.888889,8281.57
6768,KB3,ARQ,Default,200,8e-05,1,25,1,0.1959,0.854701,8167.43
6769,KB3,ARQ,Default,200,8e-05,1,25,0,0.193,0.888889,8290.16
6770,KB3,ARQ,Default,200,8e-05,1,25,0,0.1939,0.888889,8251.68
6771,KB3,ARQ,Default,200,8e-05,1,25,0,0.195,0.888889,8205.13
6772,KB3,ARQ,Default,200,8e-05,1,25,0,0.1933,0.888889,8277.29
6773,KB3,ARQ,Default,200,8e-05,1,25,0,0.1919,0.888889,8337.68
6774,KB3,ARQ,Default,200,8e-05,1,25,1,0.197,0.854701,8121.83
6775,KB3,ARQ,Default,200,8e-05,1,25,0,0.1945,0.888889,8226.22
6776,KB3,ARQ,Default,200,8e-05,1,25,0,0.1923,0.888889,8320.33
6777,KB3,ARQ,Default,200,8e-05,1,25,0,0.1909,0.888889,8381.35
6778,KB3,ARQ,Default,200,8e-05,1,25,1,0.1966,0.854701,8138.35
6779,KB3,ARQ,Default,200,8e-05,1,25,0,0.1939,0.888889,8251.68
6780,KB3,ARQ,Default,200,8e-05,1,25,0,0.1936,0.888889,8264.46
6781,KB3,ARQ,Default,200,8e-05,1,25,0,0.1917,0.888889,8346.37
6782,KB3,ARQ,Default,200,8e-05,1,25,0,0.191,0.888889,8376.96
6783,KB3,ARQ,Default,200,8e-05,1,25,0,0.1945,0.888889,8226.22
6784,KB3,ARQ,Default,200,8e-05,1,25,1,0.1968,0.854701,8130.08
6785,KB3,ARQ,Default,200,8e-05,1,25,0,0.1924,0.888889,8316.01
6786,KB3,ARQ,Default,200,8e-05,1,25,0,0.1918,0.888889,8342.02
6787,KB3,ARQ,Default,200,8e-05,1,25,0,0.1934,0.888889,8273.01
6788,KB3,ARQ,Default,200,8e-05,1,25,2,0.2031,0.823045,7877.89
6789,KB3,ARQ,Default,200,8e-05,1,25,0,0.193,0.888889,8290.16
6790,KB3,ARQ,Default,200,8e-05,1,25,0,0.1951,0.888889,8200.92
6791,KB3,ARQ,Default,200,8e-05,1,25,0,0.1933,0.888889,8277.29
6792,KB3,ARQ,Default,200,8e-05,1,25,1,0.195,0.854701,8205.13
6793,KB3,ARQ,Default,200,8e-05,1,25,0,0.1934,0.888889,8273.01
6794,KB3,ARQ,Default,200,8e-05,1,25,0,0.1937,0.888889,8260.2
6795,KB3,ARQ,Default,200,8e-05,1,25,0,0.1927,0.888889,8303.06
6796,KB3,ARQ,Default,200,8e-05,1,25,0,0.1919,0.888889,8337.68
6797,KB3,ARQ,Default,200,8e-05,1,25,0,0.1937,0.888889,8260.2
6798,KB3,ARQ,Default,200,8e-05,1,25,0,0.1921,0.888889,8329
6799,KB3,ARQ,Default,200,8e-05,1,25,0,0.1933,0.888889,8277.29
6800,KB3,ARQ,Default,200,8e-05,1,25,0,0.1939,0.888889,8251.68
6801,KB3,ARQ,Default,200,8e-05,1,25,0,0.1915,0.888889,8355.09
6802,KB3,ARQ,Default,200,8e-05,1,25,0,0.1942,0.888889,8238.93
6803,KB3,ARQ,Default,200,8e-05,1,25,0,0.193,0.888889,8290.16
6804,KB3,ARQ,Default,200,8e-05,1,25,0,0.1912,0.888889,8368.2
6805,KB3,ARQ,Default,200,8e-05,1,25,0,0.1931,0.888889,8285.86
6806,KB3,ARQ,Default,200,8e-05,1,25,0,0.1938,0.888889,8255.93
6807,KB3,ARQ,Default,200,8e-05,1,25,0,0.1934,0.888889,8273.01
6808,KB3,ARQ,Default,200,8e-05,1,25,0,0.1917,0.888889,8346.37
6809,KB3,ARQ,Default,200,8e-05,1,25,0,0.1919,0.888889,8337.68
6810,KB3,ARQ,Default,200,8e-05,1,25,0,0.1942,0.888889,8238.93
6811,KB3,ARQ,Default,200,8e-05,1,25,0,0.194,0.888889,8247.42
6812,KB3,ARQ,Default,200,8e-05,1,25,0,0.1926,0.888889,8307.37
6813,KB3,ARQ,Default,200,8e-05,1,25,1,0.196,0.854701,8163.27
6814,KB3,ARQ,Default,200,8e-05,1,25,0,0.1916,0.888889,8350.73
6815,KB3,ARQ,Default,200,8e-05,1,25,0,0.1932,0.888889,8281.57
6816,KB3,ARQ,Default,200,8e-05,1,25,0,0.1928,0.888889,8298.76
6817,KB3,ARQ,Default,200,8e-05,1,25,0,0.1924,0.888889,8316.01
6818,KB3,ARQ,Default,200,8e-05,1,25,1,0.1952,0.854701,8196.72
6819,KB3,ARQ,Default,200,8e-05,1,25,0,0.1922,0.888889,8324.66
6820,KB3,ARQ,Default,200,8e-05,1,25,0,0.193,0.888889,8290.16
6821,KB3,ARQ,Default,200,8e-05,1,25,0,0.2114,0.888889,7568.59
6822,KB3,ARQ,Default,200,8e-05,1,25,0,0.2131,0.888889,7508.21
6823,KB3,ARQ,Default,200,8e-05,1,25,0,0.1945,0.888889,8226.22
6824,KB3,ARQ,Default,200,8e-05,1,25,0,0.193,0.888889,8290.16
6825,KB3,ARQ,Default,200,8e-05,1,25,0,0.2314,0.888889,6914.43
6826,KB3,ARQ,Default,200,8e-05,1,25,0,0.1915,0.888889,8355.09
6827,KB3,ARQ,Default,200,8e-05,1,25,0,0.1934,0.888889,8273.01
6828,KB3,ARQ,Default,200,8e-05,1,25,0,0.1914,0.888889,8359.46
6829,KB3,ARQ,Default,200,8e-05,1,25,0,0.2016,0.888889,7936.51
6830,KB3,ARQ,Default,200,8e-05,1,25,0,0.1925,0.888889,8311.69
6831,KB3,ARQ,Default,200,8e-05,1,25,0,0.1914,0.888889,8359.46
6832,KB3,ARQ,Default,200,8e-05,1,25,1,0.198,0.854701,8080.81
6833,KB3,ARQ,Default,200,8e-05,1,25,1,0.1969,0.854701,8125.95
6834,KB3,ARQ,Default,200,8e-05,1,25,0,0.1924,0.888889,8316.01
6835,KB3,ARQ,Default,200,8e-05,1,25,1,0.1979,0.854701,8084.89
6836,KB3,ARQ,Default,200,8e-05,1,25,0,0.1951,0.888889,8200.92
6837,KB3,ARQ,Default,200,8e-05,1,25,0,0.193,0.888889,8290.16
6838,KB3,ARQ,Default,200,8e-05,1,25,0,0.1926,0.888889,8307.37
6839,KB3,ARQ,Default,200,8e-05,1,25,0,0.1941,0.888889,8243.17
6840,KB3,ARQ,Default,200,8e-05,1,25,1,0.1968,0.854701,8130.08
6841,KB3,ARQ,Default,200,8e-05,1,25,0,0.191,0.888889,8376.96
6842,KB3,ARQ,Default,200,8e-05,1,25,0,0.1917,0.888889,8346.37
6843,KB3,ARQ,Default,200,8e-05,1,25,0,0.1938,0.888889,8255.93
6844,KB3,ARQ,Default,200,8e-05,1,25,0,0.1945,0.888889,8226.22
6845,KB3,ARQ,Default,200,8e-05,1,25,0,0.1921,0.888889,8329
6846,KB3,ARQ,Default,200,8e-05,1,25,0,0.1921,0.888889,8329
6847,KB3,ARQ,Default,200,8e-05,1,25,0,0.1921,0.888889,8329
6848,KB3,ARQ,Default,200,8e-05,1,25,1,0.1976,0.854701,8097.17
6849,KB3,ARQ,Default,200,8e-05,1,25,0,0.1916,0.888889,8350.73
6850,KB3,ARQ,Default,200,8e-05,1,25,0,0.1912,0.888889,8368.2
6851,KB3,ARQ,Default,200,8e-05,1,25,0,0.1942,0.888889,8238.93
6852,KB3,ARQ,Default,200,8e-05,1,25,0,0.1985,0.888889,8060.45
6853,KB3,ARQ,Default,200,8e-05,1,25,1,0.1956,0.854701,8179.96
6854,KB3,ARQ,Default,200,8e-05,1,25,0,0.1935,0.888889,8268.73
6855,KB3,ARQ,Default,200,8e-05,1,25,0,0.194,0.888889,8247.42
6856,KB3,ARQ,Default,200,8e-05,1,25,0,0.1965,0.888889,8142.49
6857,KB3,ARQ,Default,200,8e-05,1,25,0,0.1916,0.888889,8350.73
6858,KB3,ARQ,Default,200,8e-05,1,25,0,0.1922,0.888889,8324.66
6859,KB3,ARQ,Default,200,8e-05,1,25,0,0.1935,0.888889,8268.73
6860,KB3,ARQ,Default,200,8e-05,1,25,0,0.1948,0.888889,8213.55
6861,KB3,ARQ,Default,200,8e-05,1,25,0,0.1928,0.888889,8298.76
6862,KB3,ARQ,Default,200,8e-05,1,25,0,0.1933,0.888889,8277.29
6863,KB3,ARQ,Default,200,8e-05,1,25,0,0.1947,0.888889,8217.77
6864,KB3,ARQ,Default,200,8e-05,1,25,1,0.1973,0.854701,8109.48
6865,KB3,ARQ,Default,200,8e-05,1,25,0,0.1925,0.888889,8311.69
6866,KB3,ARQ,Default,200,8e-05,1,25,0,0.1918,0.888889,8342.02
6867,KB3,ARQ,Default,200,8e-05,1,25,0,0.196,0.888889,8163.27
6868,KB3,ARQ,Default,200,8e-05,1,25,0,0.1933,0.888889,8277.29
6869,KB3,ARQ,Default,200,8e-05,1,25,0,0.1915,0.888889,8355.09
6870,KB3,ARQ,Default,200,8e-05,1,25,0,0.1936,0.888889,8264.46
6871,KB3,ARQ,Default,200,8e-05,1,25,1,0.1971,0.854701,8117.71
6872,KB3,ARQ,Default,200,8e-05,1,25,0,0.195,0.888889,8205.13
6873,KB3,ARQ,Default,200,8e-05,1,25,0,0.1933,0.888889,8277.29
6874,KB3,ARQ,Default,200,8e-05,1,25,0,0.192,0.888889,8333.33
6875,KB3,ARQ,Default,200,8e-05,1,25,0,0.1936,0.888889,8264.46
6876,KB3,ARQ,Default,200,8e-05,1,25,0,0.1933,0.888889,8277.29
6877,KB3,ARQ,Default,200,8e-05,1,25,0,0.1933,0.888889,8277.29
6878,KB3,ARQ,Default,200,8e-05,1,25,0,0.1922,0.888889,8324.66
6879,KB3,ARQ,Default,200,8e-05,1,25,0,0.1937,0.888889,8260.2
6880,KB3,ARQ,Default,200,8e-05,1,25,0,0.1949,0.888889,8209.34
6881,KB3,ARQ,Default,200,8e-05,1,25,0,0.1917,0.888889,8346.37
6882,KB3,ARQ,Default,200,8e-05,1,25,1,0.197,0.854701,8121.83
6883,KB3,ARQ,Default,200,8e-05,1,25,1,0.2397,0.854701,6675.01
6884,KB3,ARQ,Default,200,8e-05,1,25,0,0.1931,0.888889,8285.86
6885,KB3,ARQ,Default,200,8e-05,1,25,0,0.1939,0.888889,8251.68
6886,KB3,ARQ,Default,200,8e-05,1,25,0,0.1918,0.888889,8342.02
6887,KB3,ARQ,Default,200,8e-05,1,25,1,0.1955,0.854701,8184.14
6888,KB3,ARQ,Default,200,8e-05,1,25,0,0.1944,0.888889,8230.45
6889,KB3,ARQ,Default,200,8e-05,1,25,1,0.1946,0.854701,8221.99
6890,KB3,ARQ,Default,200,8e-05,1,25,0,0.1942,0.888889,8238.93
6891,KB3,ARQ,Default,200,8e-05,1,25,0,0.1906,0.888889,8394.54
6892,KB3,ARQ,Default,200,8e-05,1,25,0,0.1942,0.888889,8238.93
6893,KB3,ARQ,Default,200,8e-05,1,25,0,0.1913,0.888889,8363.83
6894,KB3,ARQ,Default,200,8e-05,1,25,0,0.1916,0.888889,8350.73
6895,KB3,ARQ,Default,200,8e-05,1,25,0,0.1936,0.888889,8264.46
6896,KB3,ARQ,Default,200,8e-05,1,25,0,0.1946,0.888889,8221.99
6897,KB3,ARQ,Default,200,8e-05,1,25,2,0.2031,0.823045,7877.89
6898,KB3,ARQ,Default,200,8e-05,1,25,0,0.1934,0.888889,8273.01
6899,KB3,ARQ,Default,200,8e-05,1,25,0,0.1911,0.888889,8372.58
6900,KB3,ARQ,Default,200,8e-05,1,25,1,0.1971,0.854701,8117.71
6901,KB3,ARQ,Default,200,8e-05,1,25,0,0.1925,0.888889,8311.69
6902,KB3,ARQ,Default,200,8e-05,1,25,0,0.1931,0.888889,8285.86
6903,KB3,ARQ,Default,200,8e-05,1,25,0,0.1932,0.888889,8281.57
6904,KB3,ARQ,Default,200,8e-05,1,25,0,0.1944,0.888889,8230.45
6905,KB3,ARQ,Default,200,8e-05,1,25,0,0.191,0.888889,8376.96
6906,KB3,ARQ,Default,200,8e-05,1,25,0,0.1942,0.888889,8238.93
6907,KB3,ARQ,Default,200,8e-05,1,25,0,0.1926,0.888889,8307.37
6908,KB3,ARQ,Default,200,8e-05,1,25,0,0.193,0.888889,8290.16
6909,KB3,ARQ,Default,200,8e-05,1,25,0,0.1927,0.888889,8303.06
6910,KB3,ARQ,Default,200,8e-05,1,25,0,0.1946,0.888889,8221.99
6911,KB3,ARQ,Default,200,8e-05,1,25,0,0.1918,0.888889,8342.02
6912,KB3,ARQ,Default,200,8e-05,1,25,0,0.1936,0.888889,8264.46
6913,KB3,ARQ,Default,200,8e-05,1,25,0,0.1915,0.888889,8355.09
6914,KB3,ARQ,Default,200,8e-05,1,25,0,0.1924,0.888889,8316.01
6915,KB3,ARQ,Default,200,8e-05,1,25,0,0.1917,0.888889,8346.37
6916,KB3,ARQ,Default,200,8e-05,1,25,0,0.1934,0.888889,8273.01
6917,KB3,ARQ,Default,200,8e-05,1,25,0,0.1918,0.888889,8342.02
6918,KB3,ARQ,Default,200,8e-05,1,25,0,0.1927,0.888889,8303.06
6919,KB3,ARQ,Default,200,8e-05,1,25,1,0.1979,0.854701,8084.89
6920,KB3,ARQ,Default,200,8e-05,1,25,0,0.1945,0.888889,8226.22
6921,KB3,ARQ,Default,200,8e-05,1,25,0,0.1949,0.888889,8209.34
6922,KB3,ARQ,Default,200,8e-05,1,25,0,0.1913,0.888889,8363.83
6923,KB3,ARQ,Default,200,8e-05,1,25,0,0.1913,0.888889,8363.83
6924,KB3,ARQ,Default,200,8e-05,1,25,1,0.1973,0.854701,8109.48
6925,KB3,ARQ,Default,200,8e-05,1,25,1,0.1966,0.854701,8138.35
6926,KB3,ARQ,Default,200,8e-05,1,25,0,0.194,0.888889,8247.42
6927,KB3,ARQ,Default,200,8e-05,1,25,0,0.1927,0.888889,8303.06
6928,KB3,ARQ,Default,200,8e-05,1,25,0,0.1941,0.888889,8243.17
6929,KB3,ARQ,Default,200,8e-05,1,25,1,0.1978,0.854701,8088.98
6930,KB3,ARQ,Default,200,8e-05,1,25,0,0.1933,0.888889,8277.29
6931,KB3,ARQ,Default,200,8e-05,1,25,0,0.1937,0.888889,8260.2
6932,KB3,ARQ,Default,200,8e-05,1,25,0,0.1929,0.888889,8294.45
6933,KB3,ARQ,Default,200,8e-05,1,25,0,0.1963,0.888889,8150.79
6934,KB3,ARQ,Default,200,8e-05,1,25,1,0.195,0.854701,8205.13
6935,KB3,ARQ,Default,200,8e-05,1,25,0,0.1921,0.888889,8329
6936,KB3,ARQ,Default,200,8e-05,1,25,0,0.194,0.888889,8247.42
6937,KB3,ARQ,Default,200,8e-05,1,25,0,0.1946,0.888889,8221.99
6938,KB3,ARQ,Default,200,8e-05,1,25,0,0.1928,0.888889,8298.76
6939,KB3,ARQ,Default,200,8e-05,1,25,0,0.1916,0.888889,8350.73
6940,KB3,ARQ,Default,200,8e-05,1,25,0,0.1938,0.888889,8255.93
6941,KB3,ARQ,Default,200,8e-05,1,25,0,0.1933,0.888889,8277.29
6942,KB3,ARQ,Default,200,8e-05,1,25,0,0.1937,0.888889,8260.2
6943,KB3,ARQ,Default,200,8e-05,1,25,0,0.1932,0.888889,8281.57
6944,KB3,ARQ,Default,200,8e-05,1,25,0,0.1947,0.888889,8217.77
6945,KB3,ARQ,Default,200,8e-05,1,25,0,0.2071,0.888889,7725.74
6946,KB3,ARQ,Default,200,8e-05,1,25,0,0.1937,0.888889,8260.2
6947,KB3,ARQ,Default,200,8e-05,1,25,0,0.1915,0.888889,8355.09
6948,KB3,ARQ,Default,200,8e-05,1,25,0,0.1949,0.888889,8209.34
6949,KB3,ARQ,Default,200,8e-05,1,25,0,0.1942,0.888889,8238.93
6950,KB3,ARQ,Default,200,8e-05,1,25,0,0.1924,0.888889,8316.01
6951,KB3,ARQ,Default,200,8e-05,1,25,1,0.1944,0.854701,8230.45
6952,KB3,ARQ,Default,200,8e-05,1,25,0,0.1958,0.888889,8171.6
6953,KB3,ARQ,Default,200,8e-05,1,25,0,0.1943,0.888889,8234.69
6954,KB3,ARQ,Default,200,8e-05,1,25,0,0.1919,0.888889,8337.68
6955,KB3,ARQ,Default,200,8e-05,1,25,0,0.1931,0.888889,8285.86
6956,KB3,ARQ,Default,200,8e-05,1,25,1,0.1962,0.854701,8154.94
6957,KB3,ARQ,Default,200,8e-05,1,25,0,0.1932,0.888889,8281.57
6958,KB3,ARQ,Default,200,8e-05,1,25,0,0.1921,0.888889,8329
6959,KB3,ARQ,Default,200,8e-05,1,25,0,0.193,0.888889,8290.16
6960,KB3,ARQ,Default,200,8e-05,1,25,1,0.199,0.854701,8040.2
6961,KB3,ARQ,Default,200,8e-05,1,25,0,0.1942,0.888889,8238.93
6962,KB3,ARQ,Default,200,8e-05,1,25,0,0.1921,0.888889,8329
6963,KB3,ARQ,Default,200,8e-05,1,25,0,0.1919,0.888889,8337.68
6964,KB3,ARQ,Default,200,8e-05,1,25,1,0.1989,0.854701,8044.24
6965,KB3,ARQ,Default,200,8e-05,1,25,0,0.1942,0.888889,8238.93
6966,KB3,ARQ,Default,200,8e-05,1,25,0,0.1921,0.888889,8329
6967,KB3,ARQ,Default,200,8e-05,1,25,0,0.1916,0.888889,8350.73
6968,KB3,ARQ,Default,200,8e-05,1,25,0,0.1931,0.888889,8285.86
6969,KB3,ARQ,Default,200,8e-05,1,25,0,0.1944,0.888889,8230.45
6970,KB3,ARQ,Default,200,8e-05,1,25,0,0.1924,0.888889,8316.01
6971,KB3,ARQ,Default,200,8e-05,1,25,0,0.1926,0.888889,8307.37
6972,KB3,ARQ,Default,200,8e-05,1,25,0,0.193,0.888889,8290.16
6973,KB3,ARQ,Default,200,8e-05,1,25,0,0.1937,0.888889,8260.2
6974,KB3,ARQ,Default,200,8e-05,1,25,0,0.1929,0.888889,8294.45
6975,KB3,ARQ,Default,200,8e-05,1,25,1,0.1967,0.854701,8134.21
6976,KB3,ARQ,Default,200,8e-05,1,25,0,0.1935,0.888889,8268.73
6977,KB3,ARQ,Default,200,8e-05,1,25,0,0.194,0.888889,8247.42
6978,KB3,ARQ,Default,200,8e-05,1,25,0,0.1923,0.888889,8320.33
6979,KB3,ARQ,Default,200,8e-05,1,25,0,0.1943,0.888889,8234.69
6980,KB3,ARQ,Default,200,8e-05,1,25,0,0.1937,0.888889,8260.2
6981,KB3,ARQ,Default,200,8e-05,1,25,0,0.1927,0.888889,8303.06
6982,KB3,ARQ,Default,200,8e-05,1,25,0,0.1912,0.888889,8368.2
6983,KB3,ARQ,Default,200,8e-05,1,25,0,0.1931,0.888889,8285.86
6984,KB3,ARQ,Default,200,8e-05,1,25,0,0.1927,0.888889,8303.06
6985,KB3,ARQ,Default,200,8e-05,1,25,0,0.1928,0.888889,8298.76
6986,KB3,ARQ,Default,200,8e-05,1,25,0,0.1923,0.888889,8320.33
6987,KB3,ARQ,Default,200,8e-05,1,25,1,0.196,0.854701,8163.27
6988,KB3,ARQ,Default,200,8e-05,1,25,0,0.1932,0.888889,8281.57
6989,KB3,ARQ,Default,200,8e-05,1,25,0,0.1933,0.888889,8277.29
6990,KB3,ARQ,Default,200,8e-05,1,25,0,0.1938,0.888889,8255.93
6991,KB3,ARQ,Default,200,8e-05,1,25,0,0.1956,0.888889,8179.96
6992,KB3,ARQ,Default,200,8e-05,1,25,0,0.1922,0.888889,8324.66
6993,KB3,ARQ,Default,200,8e-05,1,25,0,0.1932,0.888889,8281.57
6994,KB3,ARQ,Default,200,8e-05,1,25,0,0.192,0.888889,8333.33
6995,KB3,ARQ,Default,200,8e-05,1,25,0,0.1946,0.888889,8221.99
6996,KB3,ARQ,Default,200,8e-05,1,25,0,0.1914,0.888889,8359.46
6997,KB3,ARQ,Default,200,8e-05,1,25,0,0.194,0.888889,8247.42
6998,KB3,ARQ,Default,200,8e-05,1,25,0,0.192,0.888889,8333.33
6999,KB3,ARQ,Default,200,8e-05,1,25,0,0.1932,0.888889,8281.57
7000,KB3,ARQ,Default,200,8e-05,1,25,0,0.1908,0.888889,8385.74
7001,KB3,HARQ,Default,200,8e-05,1,25,0,2.092,0.888889,764.818
7002,KB3,HARQ,Default,200,8e-05,1,25,0,2.2457,0.888889,712.473
7003,KB3,HARQ,Default,200,8e-05,1,25,0,1.8975,0.888889,843.215
7004,KB3,HARQ,Default,200,8e-05,1,25,0,1.8831,0.888889,849.663
7005,KB3,HARQ,Default,200,8e-05,1,25,0,1.8965,0.888889,843.659
7006,KB3,HARQ,Default,200,8e-05,1,25,0,1.9165,0.888889,834.855
7007,KB3,HARQ,Default,200,8e-05,1,25,0,1.8867,0.888889,848.042
7008,KB3,HARQ,Default,200,8e-05,1,25,0,1.9058,0.888889,839.542
7009,KB3,HARQ,Default,200,8e-05,1,25,0,1.9596,0.888889,816.493
7010,KB3,HARQ,Default,200,8e-05,1,25,0,1.8922,0.888889,845.577
7011,KB3,HARQ,Default,200,8e-05,1,25,0,1.9171,0.888889,834.594
7012,KB3,HARQ,Default,200,8e-05,1,25,0,1.9098,0.888889,837.784
7013,KB3,HARQ,Default,200,8e-05,1,25,0,1.9031,0.888889,840.734
7014,KB3,HARQ,Default,200,8e-05,1,25,0,1.8884,0.888889,847.278
7015,KB3,HARQ,Default,200,8e-05,1,25,0,1.9083,0.888889,838.443
7016,KB3,HARQ,Default,200,8e-05,1,25,0,1.8916,0.888889,845.845
7017,KB3,HARQ,Default,200,8e-05,1,25,0,1.9234,0.888889,831.86
7018,KB3,HARQ,Default,200,8e-05,1,25,0,1.9006,0.888889,841.839
7019,KB3,HARQ,Default,200,8e-05,1,25,0,1.9073,0.888889,838.882
7020,KB3,HARQ,Default,200,8e-05,1,25,0,1.908,0.888889,838.574
7021,KB3,HARQ,Default,200,8e-05,1,25,0,1.8821,0.888889,850.114
7022,KB3,HARQ,Default,200,8e-05,1,25,0,1.8948,0.888889,844.416
7023,KB3,HARQ,Default,200,8e-05,1,25,0,1.8836,0.888889,849.437
7024,KB3,HARQ,Default,200,8e-05,1,25,0,1.9025,0.888889,840.999
7025,KB3,HARQ,Default,200,8e-05,1,25,0,2.0291,0.888889,788.527
7026,KB3,HARQ,Default,200,8e-05,1,25,0,1.9084,0.888889,838.399
7027,KB3,HARQ,Default,200,8e-05,1,25,0,1.8901,0.888889,846.516
7028,KB3,HARQ,Default,200,8e-05,1,25,0,1.9057,0.888889,839.587
7029,KB3,HARQ,Default,200,8e-05,1,25,0,1.8992,0.888889,842.46
7030,KB3,HARQ,Default,200,8e-05,1,25,0,1.8864,0.888889,848.176
7031,KB3,HARQ,Default,200,8e-05,1,25,0,1.9023,0.888889,841.087
7032,KB3,HARQ,Default,200,8e-05,1,25,0,1.9071,0.888889,838.97
7033,KB3,HARQ,Default,200,8e-05,1,25,0,1.9669,0.888889,813.463
7034,KB3,HARQ,Default,200,8e-05,1,25,0,1.9012,0.888889,841.574
7035,KB3,HARQ,Default,200,8e-05,1,25,0,1.8907,0.888889,846.247
7036,KB3,HARQ,Default,200,8e-05,1,25,0,1.9046,0.888889,840.071
7037,KB3,HARQ,Default,200,8e-05,1,25,0,1.8862,0.888889,848.266
7038,KB3,HARQ,Default,200,8e-05,1,25,0,1.905,0.888889,839.895
7039,KB3,HARQ,Default,200,8e-05,1,25,0,1.9026,0.888889,840.954
7040,KB3,HARQ,Default,200,8e-05,1,25,0,1.9101,0.888889,837.652
7041,KB3,HARQ,Default,200,8e-05,1,25,0,1.8995,0.888889,842.327
7042,KB3,HARQ,Default,200,8e-05,1,25,0,1.885,0.888889,848.806
7043,KB3,HARQ,Default,200,8e-05,1,25,0,1.9153,0.888889,835.378
7044,KB3,HARQ,Default,200,8e-05,1,25,0,1.9138,0.888889,836.033
7045,KB3,HARQ,Default,200,8e-05,1,25,0,1.9202,0.888889,833.247
7046,KB3,HARQ,Default,200,8e-05,1,25,0,1.9124,0.888889,836.645
7047,KB3,HARQ,Default,200,8e-05,1,25,0,1.8843,0.888889,849.122
7048,KB3,HARQ,Default,200,8e-05,1,25,0,1.8963,0.888889,843.748
7049,KB3,HARQ,Default,200,8e-05,1,25,0,1.9316,0.888889,828.329
7050,KB3,HARQ,Default,200,8e-05,1,25,0,1.9169,0.888889,834.681
7051,KB3,HARQ,Default,200,8e-05,1,25,0,1.9011,0.888889,841.618
7052,KB3,HARQ,Default,200,8e-05,1,25,0,1.9003,0.888889,841.972
7053,KB3,HARQ,Default,200,8e-05,1,25,0,1.9067,0.888889,839.146
7054,KB3,HARQ,Default,200,8e-05,1,25,0,1.8904,0.888889,846.382
7055,KB3,HARQ,Default,200,8e-05,1,25,0,1.8871,0.888889,847.862
7056,KB3,HARQ,Default,200,8e-05,1,25,0,1.8782,0.888889,851.879
7057,KB3,HARQ,Default,200,8e-05,1,25,0,1.8988,0.888889,842.637
7058,KB3,HARQ,Default,200,8e-05,1,25,0,1.9938,0.888889,802.488
7059,KB3,HARQ,Default,200,8e-05,1,25,0,1.9129,0.888889,836.426
7060,KB3,HARQ,Default,200,8e-05,1,25,0,1.8915,0.888889,845.89
7061,KB3,HARQ,Default,200,8e-05,1,25,0,1.8779,0.888889,852.016
7062,KB3,HARQ,Default,200,8e-05,1,25,0,1.9004,0.888889,841.928
7063,KB3,HARQ,Default,200,8e-05,1,25,0,1.8995,0.888889,842.327
7064,KB3,HARQ,Default,200,8e-05,1,25,0,1.9104,0.888889,837.521
7065,KB3,HARQ,Default,200,8e-05,1,25,0,1.8811,0.888889,850.566
7066,KB3,HARQ,Default,200,8e-05,1,25,0,1.9617,0.888889,815.619
7067,KB3,HARQ,Default,200,8e-05,1,25,0,1.8811,0.888889,850.566
7068,KB3,HARQ,Default,200,8e-05,1,25,0,1.8967,0.888889,843.57
7069,KB3,HARQ,Default,200,8e-05,1,25,0,1.9106,0.888889,837.433
7070,KB3,HARQ,Default,200,8e-05,1,25,0,1.9161,0.888889,835.029
7071,KB3,HARQ,Default,200,8e-05,1,25,0,1.8962,0.888889,843.793
7072,KB3,HARQ,Default,200,8e-05,1,25,0,1.8997,0.888889,842.238
7073,KB3,HARQ,Default,200,8e-05,1,25,0,1.9026,0.888889,840.954
7074,KB3,HARQ,Default,200,8e-05,1,25,0,2.3159,0.888889,690.876
7075,KB3,HARQ,Default,200,8e-05,1,25,0,1.8896,0.888889,846.74
7076,KB3,HARQ,Default,200,8e-05,1,25,0,1.9013,0.888889,841.529
7077,KB3,HARQ,Default,200,8e-05,1,25,0,1.906,0.888889,839.454
7078,KB3,HARQ,Default,200,8e-05,1,25,0,1.9192,0.888889,833.681
7079,KB3,HARQ,Default,200,8e-05,1,25,0,1.9068,0.888889,839.102
7080,KB3,HARQ,Default,200,8e-05,1,25,0,1.8861,0.888889,848.311
7081,KB3,HARQ,Default,200,8e-05,1,25,0,1.8903,0.888889,846.426
7082,KB3,HARQ,Default,200,8e-05,1,25,0,1.8912,0.888889,846.024
7083,KB3,HARQ,Default,200,8e-05,1,25,0,1.8908,0.888889,846.203
7084,KB3,HARQ,Default,200,8e-05,1,25,0,1.9262,0.888889,830.651
7085,KB3,HARQ,Default,200,8e-05,1,25,0,1.8879,0.888889,847.503
7086,KB3,HARQ,Default,200,8e-05,1,25,0,1.8788,0.888889,851.607
7087,KB3,HARQ,Default,200,8e-05,1,25,0,1.8973,0.888889,843.304
7088,KB3,HARQ,Default,200,8e-05,1,25,0,1.8998,0.888889,842.194
7089,KB3,HARQ,Default,200,8e-05,1,25,0,1.904,0.888889,840.336
7090,KB3,HARQ,Default,200,8e-05,1,25,0,1.9611,0.888889,815.869
7091,KB3,HARQ,Default,200,8e-05,1,25,0,1.8965,0.888889,843.659
7092,KB3,HARQ,Default,200,8e-05,1,25,0,1.9009,0.888889,841.707
7093,KB3,HARQ,Default,200,8e-05,1,25,0,1.8904,0.888889,846.382
7094,KB3,HARQ,Default,200,8e-05,1,25,0,1.8889,0.888889,847.054
7095,KB3,HARQ,Default,200,8e-05,1,25,0,1.8877,0.888889,847.592
7096,KB3,HARQ,Default,200,8e-05,1,25,0,1.9066,0.888889,839.19
7097,KB3,HARQ,Default,200,8e-05,1,25,0,1.9058,0.888889,839.542
7098,KB3,HARQ,Default,200,8e-05,1,25,0,1.9567,0.888889,817.703
7099,KB3,HARQ,Default,200,8e-05,1,25,0,1.9021,0.888889,841.176
7100,KB3,HARQ,Default,200,8e-05,1,25,0,1.89,0.888889,846.561
7101,KB3,HARQ,Default,200,8e-05,1,25,0,1.9025,0.888889,840.999
7102,KB3,HARQ,Default,200,8e-05,1,25,0,1.9102,0.888889,837.609
7103,KB3,HARQ,Default,200,8e-05,1,25,0,1.9002,0.888889,842.017
7104,KB3,HARQ,Default,200,8e-05,1,25,0,1.9243,0.888889,831.471
7105,KB3,HARQ,Default,200,8e-05,1,25,0,1.8916,0.888889,845.845
7106,KB3,HARQ,Default,200,8e-05,1,25,0,1.9844,0.888889,806.289
7107,KB3,HARQ,Default,200,8e-05,1,25,0,1.8936,0.888889,844.951
7108,KB3,HARQ,Default,200,8e-05,1,25,0,1.9073,0.888889,838.882
7109,KB3,HARQ,Default,200,8e-05,1,25,0,1.9038,0.888889,840.424
7110,KB3,HARQ,Default,200,8e-05,1,25,0,1.9008,0.888889,841.751
7111,KB3,HARQ,Default,200,8e-05,1,25,0,1.8923,0.888889,845.532
7112,KB3,HARQ,Default,200,8e-05,1,25,0,1.894,0.888889,844.773
7113,KB3,HARQ,Default,200,8e-05,1,25,0,1.8885,0.888889,847.233
7114,KB3,HARQ,Default,200,8e-05,1,25,0,1.956,0.888889,817.996
7115,KB3,HARQ,Default,200,8e-05,1,25,0,1.9127,0.888889,836.514
7116,KB3,HARQ,Default,200,8e-05,1,25,0,1.9047,0.888889,840.027
7117,KB3,HARQ,Default,200,8e-05,1,25,0,1.8954,0.888889,844.149
7118,KB3,HARQ,Default,200,8e-05,1,25,0,1.8964,0.888889,843.704
7119,KB3,HARQ,Default,200,8e-05,1,25,0,1.8892,0.888889,846.919
7120,KB3,HARQ,Default,200,8e-05,1,25,0,1.8962,0.888889,843.793
7121,KB3,HARQ,Default,200,8e-05,1,25,0,1.9186,0.888889,833.941
7122,KB3,HARQ,Default,200,8e-05,1,25,0,1.9422,0.888889,823.808
7123,KB3,HARQ,Default,200,8e-05,1,25,0,1.8915,0.888889,845.89
7124,KB3,HARQ,Default,200,8e-05,1,25,0,1.9137,0.888889,836.077
7125,KB3,HARQ,Default,200,8e-05,1,25,0,1.8896,0.888889,846.74
7126,KB3,HARQ,Default,200,8e-05,1,25,0,1.8887,0.888889,847.144
7127,KB3,HARQ,Default,200,8e-05,1,25,0,1.8976,0.888889,843.17
7128,KB3,HARQ,Default,200,8e-05,1,25,0,1.9056,0.888889,839.631
7129,KB3,HARQ,Default,200,8e-05,1,25,0,1.9238,0.888889,831.687
7130,KB3,HARQ,Default,200,8e-05,1,25,0,1.9952,0.888889,801.925
7131,KB3,HARQ,Default,200,8e-05,1,25,0,1.9064,0.888889,839.278
7132,KB3,HARQ,Default,200,8e-05,1,25,0,1.8936,0.888889,844.951
7133,KB3,HARQ,Default,200,8e-05,1,25,0,1.8918,0.888889,845.755
7134,KB3,HARQ,Default,200,8e-05,1,25,0,1.9022,0.888889,841.131
7135,KB3,HARQ,Default,200,8e-05,1,25,0,1.9006,0.888889,841.839
7136,KB3,HARQ,Default,200,8e-05,1,25,0,1.9088,0.888889,838.223
7137,KB3,HARQ,Default,200,8e-05,1,25,0,1.8926,0.888889,845.398
7138,KB3,HARQ,Default,200,8e-05,1,25,0,1.9723,0.888889,811.236
7139,KB3,HARQ,Default,200,8e-05,1,25,0,1.8749,0.888889,853.379
7140,KB3,HARQ,Default,200,8e-05,1,25,0,1.8394,0.888889,869.849
7141,KB3,HARQ,Default,200,8e-05,1,25,0,1.8483,0.888889,865.66
7142,KB3,HARQ,Default,200,8e-05,1,25,0,1.8667,0.888889,857.128
7143,KB3,HARQ,Default,200,8e-05,1,25,0,1.8511,0.888889,864.351
7144,KB3,HARQ,Default,200,8e-05,1,25,0,1.8803,0.888889,850.928
7145,KB3,HARQ,Default,200,8e-05,1,25,0,1.8761,0.888889,852.833
7146,KB3,HARQ,Default,200,8e-05,1,25,0,2.1387,0.888889,748.118
7147,KB3,HARQ,Default,200,8e-05,1,25,0,2.2364,0.888889,715.436
7148,KB3,HARQ,Default,200,8e-05,1,25,0,1.8881,0.888889,847.413
7149,KB3,HARQ,Default,200,8e-05,1,25,0,1.8899,0.888889,846.606
7150,KB3,HARQ,Default,200,8e-05,1,25,0,1.8498,0.888889,864.958
7151,KB3,HARQ,Default,200,8e-05,1,25,0,1.8503,0.888889,864.725
7152,KB3,HARQ,Default,200,8e-05,1,25,0,1.8497,0.888889,865.005
7153,KB3,HARQ,Default,200,8e-05,1,25,0,1.8468,0.888889,866.363
7154,KB3,HARQ,Default,200,8e-05,1,25,0,1.9625,0.888889,815.287
7155,KB3,HARQ,Default,200,8e-05,1,25,0,1.9852,0.888889,805.964
7156,KB3,HARQ,Default,200,8e-05,1,25,0,1.858,0.888889,861.141
7157,KB3,HARQ,Default,200,8e-05,1,25,0,1.8517,0.888889,864.071
7158,KB3,HARQ,Default,200,8e-05,1,25,0,1.8484,0.888889,865.614
7159,KB3,HARQ,Default,200,8e-05,1,25,0,1.8823,0.888889,850.024
7160,KB3,HARQ,Default,200,8e-05,1,25,0,1.9044,0.888889,840.16
7161,KB3,HARQ,Default,200,8e-05,1,25,0,1.8617,0.888889,859.43
7162,KB3,HARQ,Default,200,8e-05,1,25,0,1.9501,0.888889,820.471
7163,KB3,HARQ,Default,200,8e-05,1,25,0,1.938,0.888889,825.593
7164,KB3,HARQ,Default,200,8e-05,1,25,0,1.8773,0.888889,852.288
7165,KB3,HARQ,Default,200,8e-05,1,25,0,1.8691,0.888889,856.027
7166,KB3,HARQ,Default,200,8e-05,1,25,0,1.8618,0.888889,859.383
7167,KB3,HARQ,Default,200,8e-05,1,25,0,1.8614,0.888889,859.568
7168,KB3,HARQ,Default,200,8e-05,1,25,0,1.8574,0.888889,861.419
7169,KB3,HARQ,Default,200,8e-05,1,25,0,1.8853,0.888889,848.671
7170,KB3,HARQ,Default,200,8e-05,1,25,0,1.9134,0.888889,836.208
7171,KB3,HARQ,Default,200,8e-05,1,25,0,1.8484,0.888889,865.614
7172,KB3,HARQ,Default,200,8e-05,1,25,0,1.9337,0.888889,827.429
7173,KB3,HARQ,Default,200,8e-05,1,25,0,1.8529,0.888889,863.511
7174,KB3,HARQ,Default,200,8e-05,1,25,0,1.8929,0.888889,845.264
7175,KB3,HARQ,Default,200,8e-05,1,25,0,1.9094,0.888889,837.96
7176,KB3,HARQ,Default,200,8e-05,1,25,0,1.851,0.888889,864.398
7177,KB3,HARQ,Default,200,8e-05,1,25,0,1.8375,0.888889,870.748
7178,KB3,HARQ,Default,200,8e-05,1,25,0,1.8488,0.888889,865.426
7179,KB3,HARQ,Default,200,8e-05,1,25,0,2.0596,0.888889,776.85
7180,KB3,HARQ,Default,200,8e-05,1,25,0,1.9794,0.888889,808.326
7181,KB3,HARQ,Default,200,8e-05,1,25,0,1.8498,0.888889,864.958
7182,KB3,HARQ,Default,200,8e-05,1,25,0,1.8645,0.888889,858.139
7183,KB3,HARQ,Default,200,8e-05,1,25,0,1.8383,0.888889,870.369
7184,KB3,HARQ,Default,200,8e-05,1,25,0,1.8704,0.888889,855.432
7185,KB3,HARQ,Default,200,8e-05,1,25,0,1.894,0.888889,844.773
7186,KB3,HARQ,Default,200,8e-05,1,25,0,1.8603,0.888889,860.076
7187,KB3,HARQ,Default,200,8e-05,1,25,0,2.0226,0.888889,791.061
7188,KB3,HARQ,Default,200,8e-05,1,25,0,1.8753,0.888889,853.197
7189,KB3,HARQ,Default,200,8e-05,1,25,0,1.9356,0.888889,826.617
7190,KB3,HARQ,Default,200,8e-05,1,25,0,1.8966,0.888889,843.615
7191,KB3,HARQ,Default,200,8e-05,1,25,0,1.893,0.888889,845.219
7192,KB3,HARQ,Default,200,8e-05,1,25,0,1.906,0.888889,839.454
7193,KB3,HARQ,Default,200,8e-05,1,25,0,1.9087,0.888889,838.267
7194,KB3,HARQ,Default,200,8e-05,1,25,0,1.9098,0.888889,837.784
7195,KB3,HARQ,Default,200,8e-05,1,25,0,1.9434,0.888889,823.299
7196,KB3,HARQ,Default,200,8e-05,1,25,0,1.8964,0.888889,843.704
7197,KB3,HARQ,Default,200,8e-05,1,25,0,1.8942,0.888889,844.684
7198,KB3,HARQ,Default,200,8e-05,1,25,0,1.8961,0.888889,843.837
7199,KB3,HARQ,Default,200,8e-05,1,25,0,1.8856,0.888889,848.536
7200,KB3,HARQ,Default,200,8e-05,1,25,0,1.9159,0.888889,835.117
7201,KB3,HARQ,Default,200,8e-05,1,25,0,1.8859,0.888889,848.401
7202,KB3,HARQ,Default,200,8e-05,1,25,0,1.8889,0.888889,847.054
7203,KB3,HARQ,Default,200,8e-05,1,25,0,1.937,0.888889,826.02
7204,KB3,HARQ,Default,200,8e-05,1,25,0,1.892,0.888889,845.666
7205,KB3,HARQ,Default,200,8e-05,1,25,0,1.9128,0.888889,836.47
7206,KB3,HARQ,Default,200,8e-05,1,25,0,1.9216,0.888889,832.639
7207,KB3,HARQ,Default,200,8e-05,1,25,0,1.9001,0.888889,842.061
7208,KB3,HARQ,Default,200,8e-05,1,25,0,1.8974,0.888889,843.259
7209,KB3,HARQ,Default,200,8e-05,1,25,0,1.8873,0.888889,847.772
7210,KB3,HARQ,Default,200,8e-05,1,25,0,1.8978,0.888889,843.081
7211,KB3,HARQ,Default,200,8e-05,1,25,0,2.0857,0.888889,767.129
7212,KB3,HARQ,Default,200,8e-05,1,25,0,1.905,0.888889,839.895
7213,KB3,HARQ,Default,200,8e-05,1,25,0,1.9121,0.888889,836.776
7214,KB3,HARQ,Default,200,8e-05,1,25,0,2.0365,0.888889,785.662
7215,KB3,HARQ,Default,200,8e-05,1,25,0,1.8898,0.888889,846.65
7216,KB3,HARQ,Default,200,8e-05,1,25,0,1.881,0.888889,850.611
7217,KB3,HARQ,Default,200,8e-05,1,25,0,1.9009,0.888889,841.707
7218,KB3,HARQ,Default,200,8e-05,1,25,0,1.9109,0.888889,837.302
7219,KB3,HARQ,Default,200,8e-05,1,25,0,2.2428,0.888889,713.394
7220,KB3,HARQ,Default,200,8e-05,1,25,0,1.9607,0.888889,816.035
7221,KB3,HARQ,Default,200,8e-05,1,25,0,1.9026,0.888889,840.954
7222,KB3,HARQ,Default,200,8e-05,1,25,0,1.9998,0.888889,800.08
7223,KB3,HARQ,Default,200,8e-05,1,25,0,1.8836,0.888889,849.437
7224,KB3,HARQ,Default,200,8e-05,1,25,0,1.907,0.888889,839.014
7225,KB3,HARQ,Default,200,8e-05,1,25,0,1.9065,0.888889,839.234
7226,KB3,HARQ,Default,200,8e-05,1,25,0,1.9047,0.888889,840.027
7227,KB3,HARQ,Default,200,8e-05,1,25,0,2.0152,0.888889,793.966
7228,KB3,HARQ,Default,200,8e-05,1,25,0,1.8952,0.888889,844.238
7229,KB3,HARQ,Default,200,8e-05,1,25,0,1.8869,0.888889,847.952
7230,KB3,HARQ,Default,200,8e-05,1,25,0,1.8834,0.888889,849.527
7231,KB3,HARQ,Default,200,8e-05,1,25,0,1.953,0.888889,819.252
7232,KB3,HARQ,Default,200,8e-05,1,25,0,1.9183,0.888889,834.072
7233,KB3,HARQ,Default,200,8e-05,1,25,0,1.9075,0.888889,838.794
7234,KB3,HARQ,Default,200,8e-05,1,25,0,1.8898,0.888889,846.65
7235,KB3,HARQ,Default,200,8e-05,1,25,0,2.0065,0.888889,797.408
7236,KB3,HARQ,Default,200,8e-05,1,25,0,1.9011,0.888889,841.618
7237,KB3,HARQ,Default,200,8e-05,1,25,0,1.9102,0.888889,837.609
7238,KB3,HARQ,Default,200,8e-05,1,25,0,1.8953,0.888889,844.194
7239,KB3,HARQ,Default,200,8e-05,1,25,0,1.9994,0.888889,800.24
7240,KB3,HARQ,Default,200,8e-05,1,25,0,1.9545,0.888889,818.624
7241,KB3,HARQ,Default,200,8e-05,1,25,0,1.9368,0.888889,826.105
7242,KB3,HARQ,Default,200,8e-05,1,25,0,1.9643,0.888889,814.54
7243,KB3,HARQ,Default,200,8e-05,1,25,0,1.9415,0.888889,824.105
7244,KB3,HARQ,Default,200,8e-05,1,25,0,1.9484,0.888889,821.187
7245,KB3,HARQ,Default,200,8e-05,1,25,0,1.9515,0.888889,819.882
7246,KB3,HARQ,Default,200,8e-05,1,25,0,1.9428,0.888889,823.554
7247,KB3,HARQ,Default,200,8e-05,1,25,0,1.9542,0.888889,818.749
7248,KB3,HARQ,Default,200,8e-05,1,25,0,1.9263,0.888889,830.608
7249,KB3,HARQ,Default,200,8e-05,1,25,0,1.9246,0.888889,831.342
7250,KB3,HARQ,Default,200,8e-05,1,25,0,1.9786,0.888889,808.653
7251,KB3,HARQ,Default,200,8e-05,1,25,0,1.9414,0.888889,824.148
7252,KB3,HARQ,Default,200,8e-05,1,25,0,1.9463,0.888889,822.073
7253,KB3,HARQ,Default,200,8e-05,1,25,0,1.9238,0.888889,831.687
7254,KB3,HARQ,Default,200,8e-05,1,25,0,1.9336,0.888889,827.472
7255,KB3,HARQ,Default,200,8e-05,1,25,0,1.9279,0.888889,829.919
7256,KB3,HARQ,Default,200,8e-05,1,25,0,1.9248,0.888889,831.255
7257,KB3,HARQ,Default,200,8e-05,1,25,0,1.9195,0.888889,833.55
7258,KB3,HARQ,Default,200,8e-05,1,25,0,1.9847,0.888889,806.167
7259,KB3,HARQ,Default,200,8e-05,1,25,0,1.9356,0.888889,826.617
7260,KB3,HARQ,Default,200,8e-05,1,25,0,1.9259,0.888889,830.78
7261,KB3,HARQ,Default,200,8e-05,1,25,0,1.9257,0.888889,830.867
7262,KB3,HARQ,Default,200,8e-05,1,25,0,1.9259,0.888889,830.78
7263,KB3,HARQ,Default,200,8e-05,1,25,0,1.9544,0.888889,818.666
7264,KB3,HARQ,Default,200,8e-05,1,25,0,1.954,0.888889,818.833
7265,KB3,HARQ,Default,200,8e-05,1,25,0,1.9631,0.888889,815.037
7266,KB3,HARQ,Default,200,8e-05,1,25,0,1.9513,0.888889,819.966
7267,KB3,HARQ,Default,200,8e-05,1,25,0,1.9423,0.888889,823.766
7268,KB3,HARQ,Default,200,8e-05,1,25,0,1.9374,0.888889,825.849
7269,KB3,HARQ,Default,200,8e-05,1,25,0,1.9374,0.888889,825.849
7270,KB3,HARQ,Default,200,8e-05,1,25,0,1.9428,0.888889,823.554
7271,KB3,HARQ,Default,200,8e-05,1,25,0,1.9512,0.888889,820.008
7272,KB3,HARQ,Default,200,8e-05,1,25,0,1.953,0.888889,819.252
7273,KB3,HARQ,Default,200,8e-05,1,25,0,1.9222,0.888889,832.38
7274,KB3,HARQ,Default,200,8e-05,1,25,0,1.9456,0.888889,822.368
7275,KB3,HARQ,Default,200,8e-05,1,25,0,1.9513,0.888889,819.966
7276,KB3,HARQ,Default,200,8e-05,1,25,0,1.94,0.888889,824.742
7277,KB3,HARQ,Default,200,8e-05,1,25,0,1.9531,0.888889,819.21
7278,KB3,HARQ,Default,200,8e-05,1,25,0,1.9373,0.888889,825.892
7279,KB3,HARQ,Default,200,8e-05,1,25,0,1.9332,0.888889,827.643
7280,KB3,HARQ,Default,200,8e-05,1,25,0,1.9487,0.888889,821.06
7281,KB3,HARQ,Default,200,8e-05,1,25,0,1.9209,0.888889,832.943
7282,KB3,HARQ,Default,200,8e-05,1,25,0,1.9646,0.888889,814.415
7283,KB3,HARQ,Default,200,8e-05,1,25,0,1.9378,0.888889,825.679
7284,KB3,HARQ,Default,200,8e-05,1,25,0,1.9609,0.888889,815.952
7285,KB3,HARQ,Default,200,8e-05,1,25,0,1.9367,0.888889,826.148
7286,KB3,HARQ,Default,200,8e-05,1,25,0,1.9247,0.888889,831.298
7287,KB3,HARQ,Default,200,8e-05,1,25,0,1.9221,0.888889,832.423
7288,KB3,HARQ,Default,200,8e-05,1,25,0,1.9373,0.888889,825.892
7289,KB3,HARQ,Default,200,8e-05,1,25,0,1.9191,0.888889,833.724
7290,KB3,HARQ,Default,200,8e-05,1,25,0,2.5524,0.888889,626.861
7291,KB3,HARQ,Default,200,8e-05,1,25,0,1.967,0.888889,813.421
7292,KB3,HARQ,Default,200,8e-05,1,25,0,1.8935,0.888889,844.996
7293,KB3,HARQ,Default,200,8e-05,1,25,0,1.8904,0.888889,846.382
7294,KB3,HARQ,Default,200,8e-05,1,25,0,1.8988,0.888889,842.637
7295,KB3,HARQ,Default,200,8e-05,1,25,0,1.9044,0.888889,840.16
7296,KB3,HARQ,Default,200,8e-05,1,25,0,1.8978,0.888889,843.081
7297,KB3,HARQ,Default,200,8e-05,1,25,0,2.0182,0.888889,792.786
7298,KB3,HARQ,Default,200,8e-05,1,25,0,2.0957,0.888889,763.468
7299,KB3,HARQ,Default,200,8e-05,1,25,0,1.8883,0.888889,847.323
7300,KB3,HARQ,Default,200,8e-05,1,25,0,1.8892,0.888889,846.919
7301,KB3,HARQ,Default,200,8e-05,1,25,0,1.902,0.888889,841.22
7302,KB3,HARQ,Default,200,8e-05,1,25,0,1.902,0.888889,841.22
7303,KB3,HARQ,Default,200,8e-05,1,25,0,1.9056,0.888889,839.631
7304,KB3,HARQ,Default,200,8e-05,1,25,0,1.8928,0.888889,845.309
7305,KB3,HARQ,Default,200,8e-05,1,25,0,1.9945,0.888889,802.206
7306,KB3,HARQ,Default,200,8e-05,1,25,0,1.8897,0.888889,846.695
7307,KB3,HARQ,Default,200,8e-05,1,25,0,1.8825,0.888889,849.934
7308,KB3,HARQ,Default,200,8e-05,1,25,0,1.9057,0.888889,839.587
7309,KB3,HARQ,Default,200,8e-05,1,25,0,1.9061,0.888889,839.41
7310,KB3,HARQ,Default,200,8e-05,1,25,0,1.9187,0.888889,833.898
7311,KB3,HARQ,Default,200,8e-05,1,25,0,1.8832,0.888889,849.618
7312,KB3,HARQ,Default,200,8e-05,1,25,0,1.8882,0.888889,847.368
7313,KB3,HARQ,Default,200,8e-05,1,25,0,2.0788,0.888889,769.675
7314,KB3,HARQ,Default,200,8e-05,1,25,0,2.2494,0.888889,711.301
7315,KB3,HARQ,Default,200,8e-05,1,25,0,2.0447,0.888889,782.511
7316,KB3,HARQ,Default,200,8e-05,1,25,0,1.9068,0.888889,839.102
7317,KB3,HARQ,Default,200,8e-05,1,25,0,1.8795,0.888889,851.29
7318,KB3,HARQ,Default,200,8e-05,1,25,0,1.8847,0.888889,848.941
7319,KB3,HARQ,Default,200,8e-05,1,25,0,1.8893,0.888889,846.875
7320,KB3,HARQ,Default,200,8e-05,1,25,0,1.8906,0.888889,846.292
7321,KB3,HARQ,Default,200,8e-05,1,25,0,2.0476,0.888889,781.403
7322,KB3,HARQ,Default,200,8e-05,1,25,0,1.9048,0.888889,839.983
7323,KB3,HARQ,Default,200,8e-05,1,25,0,1.9045,0.888889,840.116
7324,KB3,HARQ,Default,200,8e-05,1,25,0,1.8905,0.888889,846.337
7325,KB3,HARQ,Default,200,8e-05,1,25,0,1.9024,0.888889,841.043
7326,KB3,HARQ,Default,200,8e-05,1,25,0,1.8962,0.888889,843.793
7327,KB3,HARQ,Default,200,8e-05,1,25,0,1.8766,0.888889,852.606
7328,KB3,HARQ,Default,200,8e-05,1,25,0,1.9082,0.888889,838.487
7329,KB3,HARQ,Default,200,8e-05,1,25,0,1.9437,0.888889,823.172
7330,KB3,HARQ,Default,200,8e-05,1,25,0,1.9188,0.888889,833.854
7331,KB3,HARQ,Default,200,8e-05,1,25,0,1.8962,0.888889,843.793
7332,KB3,HARQ,Default,200,8e-05,1,25,0,1.8888,0.888889,847.099
7333,KB3,HARQ,Default,200,8e-05,1,25,0,1.9025,0.888889,840.999
7334,KB3,HARQ,Default,200,8e-05,1,25,0,1.9113,0.888889,837.127
7335,KB3,HARQ,Default,200,8e-05,1,25,0,1.9057,0.888889,839.587
7336,KB3,HARQ,Default,200,8e-05,1,25,0,1.9036,0.888889,840.513
7337,KB3,HARQ,Default,200,8e-05,1,25,0,1.9317,0.888889,828.286
7338,KB3,HARQ,Default,200,8e-05,1,25,0,1.9196,0.888889,833.507
7339,KB3,HARQ,Default,200,8e-05,1,25,0,1.9372,0.888889,825.934
7340,KB3,HARQ,Default,200,8e-05,1,25,0,1.9656,0.888889,814.001
7341,KB3,HARQ,Default,200,8e-05,1,25,0,1.9366,0.888889,826.19
7342,KB3,HARQ,Default,200,8e-05,1,25,0,1.9568,0.888889,817.661
7343,KB3,HARQ,Default,200,8e-05,1,25,0,1.9415,0.888889,824.105
7344,KB3,HARQ,Default,200,8e-05,1,25,0,1.9345,0.888889,827.087
7345,KB3,HARQ,Default,200,8e-05,1,25,0,1.9449,0.888889,822.664
7346,KB3,HARQ,Default,200,8e-05,1,25,0,1.9409,0.888889,824.36
7347,KB3,HARQ,Default,200,8e-05,1,25,0,1.9591,0.888889,816.702
7348,KB3,HARQ,Default,200,8e-05,1,25,0,1.9457,0.888889,822.326
7349,KB3,HARQ,Default,200,8e-05,1,25,0,1.9391,0.888889,825.125
7350,KB3,HARQ,Default,200,8e-05,1,25,0,1.9272,0.888889,830.22
7351,KB3,HARQ,Default,200,8e-05,1,25,0,1.9244,0.888889,831.428
7352,KB3,HARQ,Default,200,8e-05,1,25,0,1.9448,0.888889,822.707
7353,KB3,HARQ,Default,200,8e-05,1,25,0,1.9485,0.888889,821.144
7354,KB3,HARQ,Default,200,8e-05,1,25,0,1.9515,0.888889,819.882
7355,KB3,HARQ,Default,200,8e-05,1,25,0,1.9321,0.888889,828.114
7356,KB3,HARQ,Default,200,8e-05,1,25,0,1.9577,0.888889,817.286
7357,KB3,HARQ,Default,200,8e-05,1,25,0,1.9352,0.888889,826.788
7358,KB3,HARQ,Default,200,8e-05,1,25,0,1.9407,0.888889,824.445
7359,KB3,HARQ,Default,200,8e-05,1,25,0,1.9378,0.888889,825.679
7360,KB3,HARQ,Default,200,8e-05,1,25,0,2.0158,0.888889,793.73
7361,KB3,HARQ,Default,200,8e-05,1,25,0,1.9998,0.888889,800.08
7362,KB3,HARQ,Default,200,8e-05,1,25,0,1.9245,0.888889,831.385
7363,KB3,HARQ,Default,200,8e-05,1,25,0,1.9564,0.888889,817.829
7364,KB3,HARQ,Default,200,8e-05,1,25,0,1.9515,0.888889,819.882
7365,KB3,HARQ,Default,200,8e-05,1,25,0,1.9376,0.888889,825.764
7366,KB3,HARQ,Default,200,8e-05,1,25,0,1.942,0.888889,823.893
7367,KB3,HARQ,Default,200,8e-05,1,25,0,1.9507,0.888889,820.218
7368,KB3,HARQ,Default,200,8e-05,1,25,0,1.9616,0.888889,815.661
7369,KB3,HARQ,Default,200,8e-05,1,25,0,1.9318,0.888889,828.243
7370,KB3,HARQ,Default,200,8e-05,1,25,0,1.9382,0.888889,825.508
7371,KB3,HARQ,Default,200,8e-05,1,25,0,1.9384,0.888889,825.423
7372,KB3,HARQ,Default,200,8e-05,1,25,0,1.9402,0.888889,824.657
7373,KB3,HARQ,Default,200,8e-05,1,25,0,1.9267,0.888889,830.435
7374,KB3,HARQ,Default,200,8e-05,1,25,0,1.9462,0.888889,822.115
7375,KB3,HARQ,Default,200,8e-05,1,25,0,1.9248,0.888889,831.255
7376,KB3,HARQ,Default,200,8e-05,1,25,0,1.9458,0.888889,822.284
7377,KB3,HARQ,Default,200,8e-05,1,25,0,1.9336,0.888889,827.472
7378,KB3,HARQ,Default,200,8e-05,1,25,0,1.9348,0.888889,826.959
7379,KB3,HARQ,Default,200,8e-05,1,25,0,1.9425,0.888889,823.681
7380,KB3,HARQ,Default,200,8e-05,1,25,0,1.9591,0.888889,816.702
7381,KB3,HARQ,Default,200,8e-05,1,25,0,1.94,0.888889,824.742
7382,KB3,HARQ,Default,200,8e-05,1,25,0,1.923,0.888889,832.033
7383,KB3,HARQ,Default,200,8e-05,1,25,0,1.9307,0.888889,828.715
7384,KB3,HARQ,Default,200,8e-05,1,25,0,2.004,0.888889,798.403
7385,KB3,HARQ,Default,200,8e-05,1,25,0,1.9322,0.888889,828.072
7386,KB3,HARQ,Default,200,8e-05,1,25,0,1.9581,0.888889,817.119
7387,KB3,HARQ,Default,200,8e-05,1,25,0,1.9406,0.888889,824.487
7388,KB3,HARQ,Default,200,8e-05,1,25,0,1.9428,0.888889,823.554
7389,KB3,HARQ,Default,200,8e-05,1,25,0,1.8884,0.888889,847.278
7390,KB3,HARQ,Default,200,8e-05,1,25,0,1.8955,0.888889,844.104
7391,KB3,HARQ,Default,200,8e-05,1,25,0,1.9061,0.888889,839.41
7392,KB3,HARQ,Default,200,8e-05,1,25,0,2.0455,0.888889,782.205
7393,KB3,HARQ,Default,200,8e-05,1,25,0,1.9017,0.888889,841.352
7394,KB3,HARQ,Default,200,8e-05,1,25,0,1.9004,0.888889,841.928
7395,KB3,HARQ,Default,200,8e-05,1,25,0,1.8941,0.888889,844.728
7396,KB3,HARQ,Default,200,8e-05,1,25,0,1.8874,0.888889,847.727
7397,KB3,HARQ,Default,200,8e-05,1,25,0,1.8906,0.888889,846.292
7398,KB3,HARQ,Default,200,8e-05,1,25,0,1.924,0.888889,831.601
7399,KB3,HARQ,Default,200,8e-05,1,25,0,1.9101,0.888889,837.652
7400,KB3,HARQ,Default,200,8e-05,1,25,0,1.9504,0.888889,820.345
7401,KB3,HARQ,Default,200,8e-05,1,25,0,1.8955,0.888889,844.104
7402,KB3,HARQ,Default,200,8e-05,1,25,0,1.8812,0.888889,850.521
7403,KB3,HARQ,Default,200,8e-05,1,25,0,1.8847,0.888889,848.941
7404,KB3,HARQ,Default,200,8e-05,1,25,0,1.8929,0.888889,845.264
7405,KB3,HARQ,Default,200,8e-05,1,25,0,1.9147,0.888889,835.64
7406,KB3,HARQ,Default,200,8e-05,1,25,0,1.9018,0.888889,841.308
7407,KB3,HARQ,Default,200,8e-05,1,25,0,1.9035,0.888889,840.557
7408,KB3,HARQ,Default,200,8e-05,1,25,0,1.9403,0.888889,824.615
7409,KB3,HARQ,Default,200,8e-05,1,25,0,1.8869,0.888889,847.952
7410,KB3,HARQ,Default,200,8e-05,1,25,0,1.8955,0.888889,844.104
7411,KB3,HARQ,Default,200,8e-05,1,25,0,1.9041,0.888889,840.292
7412,KB3,HARQ,Default,200,8e-05,1,25,0,1.8972,0.888889,843.348
7413,KB3,HARQ,Default,200,8e-05,1,25,0,1.8959,0.888889,843.926
7414,KB3,HARQ,Default,200,8e-05,1,25,0,1.9757,0.888889,809.84
7415,KB3,HARQ,Default,200,8e-05,1,25,0,1.889,0.888889,847.009
7416,KB3,HARQ,Default,200,8e-05,1,25,0,2.0403,0.888889,784.198
7417,KB3,HARQ,Default,200,8e-05,1,25,0,1.9076,0.888889,838.75
7418,KB3,HARQ,Default,200,8e-05,1,25,0,1.8994,0.888889,842.371
7419,KB3,HARQ,Default,200,8e-05,1,25,0,1.9057,0.888889,839.587
7420,KB3,HARQ,Default,200,8e-05,1,25,0,1.8918,0.888889,845.755
7421,KB3,HARQ,Default,200,8e-05,1,25,0,1.8983,0.888889,842.859
7422,KB3,HARQ,Default,200,8e-05,1,25,0,1.8966,0.888889,843.615
7423,KB3,HARQ,Default,200,8e-05,1,25,0,1.8834,0.888889,849.527
7424,KB3,HARQ,Default,200,8e-05,1,25,0,1.9609,0.888889,815.952
7425,KB3,HARQ,Default,200,8e-05,1,25,0,1.907,0.888889,839.014
7426,KB3,HARQ,Default,200,8e-05,1,25,0,1.8997,0.888889,842.238
7427,KB3,HARQ,Default,200,8e-05,1,25,0,1.8881,0.888889,847.413
7428,KB3,HARQ,Default,200,8e-05,1,25,0,1.8882,0.888889,847.368
7429,KB3,HARQ,Default,200,8e-05,1,25,0,1.8992,0.888889,842.46
7430,KB3,HARQ,Default,200,8e-05,1,25,0,1.8913,0.888889,845.979
7431,KB3,HARQ,Default,200,8e-05,1,25,0,1.9025,0.888889,840.999
7432,KB3,HARQ,Default,200,8e-05,1,25,0,2.1688,0.888889,737.735
7433,KB3,HARQ,Default,200,8e-05,1,25,0,2.0109,0.888889,795.664
7434,KB3,HARQ,Default,200,8e-05,1,25,0,1.8995,0.888889,842.327
7435,KB3,HARQ,Default,200,8e-05,1,25,0,1.8954,0.888889,844.149
7436,KB3,HARQ,Default,200,8e-05,1,25,0,1.8811,0.888889,850.566
7437,KB3,HARQ,Default,200,8e-05,1,25,0,1.9084,0.888889,838.399
7438,KB3,HARQ,Default,200,8e-05,1,25,0,1.9212,0.888889,832.813
7439,KB3,HARQ,Default,200,8e-05,1,25,0,1.9223,0.888889,832.336
7440,KB3,HARQ,Default,200,8e-05,1,25,0,1.9286,0.888889,829.617
7441,KB3,HARQ,Default,200,8e-05,1,25,0,1.8916,0.888889,845.845
7442,KB3,HARQ,Default,200,8e-05,1,25,0,1.8896,0.888889,846.74
7443,KB3,HARQ,Default,200,8e-05,1,25,0,1.8883,0.888889,847.323
7444,KB3,HARQ,Default,200,8e-05,1,25,0,1.9098,0.888889,837.784
7445,KB3,HARQ,Default,200,8e-05,1,25,0,1.908,0.888889,838.574
7446,KB3,HARQ,Default,200,8e-05,1,25,0,1.9097,0.888889,837.828
7447,KB3,HARQ,Default,200,8e-05,1,25,0,1.8953,0.888889,844.194
7448,KB3,HARQ,Default,200,8e-05,1,25,0,2.0253,0.888889,790.006
7449,KB3,HARQ,Default,200,8e-05,1,25,0,1.9184,0.888889,834.028
7450,KB3,HARQ,Default,200,8e-05,1,25,0,1.9126,0.888889,836.558
7451,KB3,HARQ,Default,200,8e-05,1,25,0,1.9114,0.888889,837.083
7452,KB3,HARQ,Default,200,8e-05,1,25,0,1.9053,0.888889,839.763
7453,KB3,HARQ,Default,200,8e-05,1,25,0,1.892,0.888889,845.666
7454,KB3,HARQ,Default,200,8e-05,1,25,0,1.8881,0.888889,847.413
7455,KB3,HARQ,Default,200,8e-05,1,25,0,1.8859,0.888889,848.401
7456,KB3,HARQ,Default,200,8e-05,1,25,0,2.081,0.888889,768.861
7457,KB3,HARQ,Default,200,8e-05,1,25,0,1.8958,0.888889,843.971
7458,KB3,HARQ,Default,200,8e-05,1,25,0,1.9075,0.888889,838.794
7459,KB3,HARQ,Default,200,8e-05,1,25,0,1.9018,0.888889,841.308
7460,KB3,HARQ,Default,200,8e-05,1,25,0,1.8899,0.888889,846.606
7461,KB3,HARQ,Default,200,8e-05,1,25,0,1.8881,0.888889,847.413
7462,KB3,HARQ,Default,200,8e-05,1,25,0,1.8876,0.888889,847.637
7463,KB3,HARQ,Default,200,8e-05,1,25,0,1.909,0.888889,838.135
7464,KB3,HARQ,Default,200,8e-05,1,25,0,2.0591,0.888889,777.039
7465,KB3,HARQ,Default,200,8e-05,1,25,0,1.9044,0.888889,840.16
7466,KB3,HARQ,Default,200,8e-05,1,25,0,1.8918,0.888889,845.755
7467,KB3,HARQ,Default,200,8e-05,1,25,0,1.8847,0.888889,848.941
7468,KB3,HARQ,Default,200,8e-05,1,25,0,1.89,0.888889,846.561
7469,KB3,HARQ,Default,200,8e-05,1,25,0,1.9093,0.888889,838.003
7470,KB3,HARQ,Default,200,8e-05,1,25,0,1.8971,0.888889,843.393
7471,KB3,HARQ,Default,200,8e-05,1,25,0,1.8893,0.888889,846.875
7472,KB3,HARQ,Default,200,8e-05,1,25,0,2.2588,0.888889,708.341
7473,KB3,HARQ,Default,200,8e-05,1,25,0,1.8915,0.888889,845.89
7474,KB3,HARQ,Default,200,8e-05,1,25,0,1.8934,0.888889,845.041
7475,KB3,HARQ,Default,200,8e-05,1,25,0,1.9019,0.888889,841.264
7476,KB3,HARQ,Default,200,8e-05,1,25,0,1.9101,0.888889,837.652
7477,KB3,HARQ,Default,200,8e-05,1,25,0,1.9076,0.888889,838.75
7478,KB3,HARQ,Default,200,8e-05,1,25,0,1.8875,0.888889,847.682
7479,KB3,HARQ,Default,200,8e-05,1,25,0,1.911,0.888889,837.258
7480,KB3,HARQ,Default,200,8e-05,1,25,0,1.988,0.888889,804.829
7481,KB3,HARQ,Default,200,8e-05,1,25,0,1.9966,0.888889,801.362
7482,KB3,HARQ,Default,200,8e-05,1,25,0,1.904,0.888889,840.336
7483,KB3,HARQ,Default,200,8e-05,1,25,0,1.8967,0.888889,843.57
7484,KB3,HARQ,Default,200,8e-05,1,25,0,1.9038,0.888889,840.424
7485,KB3,HARQ,Default,200,8e-05,1,25,0,1.895,0.888889,844.327
7486,KB3,HARQ,Default,200,8e-05,1,25,0,1.8851,0.888889,848.761
7487,KB3,HARQ,Default,200,8e-05,1,25,0,1.8902,0.888889,846.471
7488,KB3,HARQ,Default,200,8e-05,1,25,0,1.9709,0.888889,811.812
7489,KB3,HARQ,Default,200,8e-05,1,25,0,1.9097,0.888889,837.828
7490,KB3,HARQ,Default,200,8e-05,1,25,0,1.9189,0.888889,833.811
7491,KB3,HARQ,Default,200,8e-05,1,25,0,1.8862,0.888889,848.266
7492,KB3,HARQ,Default,200,8e-05,1,25,0,1.8883,0.888889,847.323
7493,KB3,HARQ,Default,200,8e-05,1,25,0,1.8875,0.888889,847.682
7494,KB3,HARQ,Default,200,8e-05,1,25,0,1.8969,0.888889,843.481
7495,KB3,HARQ,Default,200,8e-05,1,25,0,1.9016,0.888889,841.397
7496,KB3,HARQ,Default,200,8e-05,1,25,0,1.9474,0.888889,821.608
7497,KB3,HARQ,Default,200,8e-05,1,25,0,1.9059,0.888889,839.498
7498,KB3,HARQ,Default,200,8e-05,1,25,0,1.8938,0.888889,844.862
7499,KB3,HARQ,Default,200,8e-05,1,25,0,1.8881,0.888889,847.413
7500,KB3,HARQ,Default,200,8e-05,1,25,0,1.8811,0.888889,850.566
7501,KB3,HARQ,Default,200,8e-05,1,25,0,1.8887,0.888889,847.144
7502,KB3,HARQ,Default,200,8e-05,1,25,0,1.8993,0.888889,842.416
7503,KB3,HARQ,Default,200,8e-05,1,25,0,1.9017,0.888889,841.352
7504,KB3,HARQ,Default,200,8e-05,1,25,0,2.4176,0.888889,661.813
7505,KB3,HARQ,Default,200,8e-05,1,25,0,1.9517,0.888889,819.798
7506,KB3,HARQ,Default,200,8e-05,1,25,0,1.8876,0.888889,847.637
7507,KB3,HARQ,Default,200,8e-05,1,25,0,1.8938,0.888889,844.862
7508,KB3,HARQ,Default,200,8e-05,1,25,0,1.9078,0.888889,838.662
7509,KB3,HARQ,Default,200,8e-05,1,25,0,1.9008,0.888889,841.751
7510,KB3,HARQ,Default,200,8e-05,1,25,0,1.9054,0.888889,839.719
7511,KB3,HARQ,Default,200,8e-05,1,25,0,1.8894,0.888889,846.83
7512,KB3,HARQ,Default,200,8e-05,1,25,0,1.9289,0.888889,829.488
7513,KB3,HARQ,Default,200,8e-05,1,25,0,1.8801,0.888889,851.019
7514,KB3,HARQ,Default,200,8e-05,1,25,0,1.9082,0.888889,838.487
7515,KB3,HARQ,Default,200,8e-05,1,25,0,1.8939,0.888889,844.818
7516,KB3,HARQ,Default,200,8e-05,1,25,0,1.9064,0.888889,839.278
7517,KB3,HARQ,Default,200,8e-05,1,25,0,1.9009,0.888889,841.707
7518,KB3,HARQ,Default,200,8e-05,1,25,0,1.8904,0.888889,846.382
7519,KB3,HARQ,Default,200,8e-05,1,25,0,1.8942,0.888889,844.684
7520,KB3,HARQ,Default,200,8e-05,1,25,0,1.8993,0.888889,842.416
7521,KB3,HARQ,Default,200,8e-05,1,25,0,1.9074,0.888889,838.838
7522,KB3,HARQ,Default,200,8e-05,1,25,0,1.9005,0.888889,841.884
7523,KB3,HARQ,Default,200,8e-05,1,25,0,1.9174,0.888889,834.463
7524,KB3,HARQ,Default,200,8e-05,1,25,0,1.8987,0.888889,842.682
7525,KB3,HARQ,Default,200,8e-05,1,25,0,1.8843,0.888889,849.122
7526,KB3,HARQ,Default,200,8e-05,1,25,0,1.8976,0.888889,843.17
7527,KB3,HARQ,Default,200,8e-05,1,25,0,1.9,0.888889,842.105
7528,KB3,HARQ,Default,200,8e-05,1,25,0,1.9865,0.888889,805.437
7529,KB3,HARQ,Default,200,8e-05,1,25,0,1.8929,0.888889,845.264
7530,KB3,HARQ,Default,200,8e-05,1,25,0,1.9109,0.888889,837.302
7531,KB3,HARQ,Default,200,8e-05,1,25,0,1.8929,0.888889,845.264
7532,KB3,HARQ,Default,200,8e-05,1,25,0,1.8876,0.888889,847.637
7533,KB3,HARQ,Default,200,8e-05,1,25,0,1.9038,0.888889,840.424
7534,KB3,HARQ,Default,200,8e-05,1,25,0,1.9043,0.888889,840.204
7535,KB3,HARQ,Default,200,8e-05,1,25,0,1.9092,0.888889,838.047
7536,KB3,HARQ,Default,200,8e-05,1,25,0,1.9663,0.888889,813.711
7537,KB3,HARQ,Default,200,8e-05,1,25,0,1.902,0.888889,841.22
7538,KB3,HARQ,Default,200,8e-05,1,25,0,1.89,0.888889,846.561
7539,KB3,HARQ,Default,200,8e-05,1,25,0,1.8954,0.888889,844.149
7540,KB3,HARQ,Default,200,8e-05,1,25,0,1.9132,0.888889,836.295
7541,KB3,HARQ,Default,200,8e-05,1,25,0,1.895,0.888889,844.327
7542,KB3,HARQ,Default,200,8e-05,1,25,0,1.9049,0.888889,839.939
7543,KB3,HARQ,Default,200,8e-05,1,25,0,1.8937,0.888889,844.907
7544,KB3,HARQ,Default,200,8e-05,1,25,0,1.9401,0.888889,824.7
7545,KB3,HARQ,Default,200,8e-05,1,25,0,1.8856,0.888889,848.536
7546,KB3,HARQ,Default,200,8e-05,1,25,0,1.8884,0.888889,847.278
7547,KB3,HARQ,Default,200,8e-05,1,25,0,1.8878,0.888889,847.547
7548,KB3,HARQ,Default,200,8e-05,1,25,0,1.9244,0.888889,831.428
7549,KB3,HARQ,Default,200,8e-05,1,25,0,1.8882,0.888889,847.368
7550,KB3,HARQ,Default,200,8e-05,1,25,0,1.9044,0.888889,840.16
7551,KB3,HARQ,Default,200,8e-05,1,25,0,1.8871,0.888889,847.862
7552,KB3,HARQ,Default,200,8e-05,1,25,0,1.9339,0.888889,827.344
7553,KB3,HARQ,Default,200,8e-05,1,25,0,1.9082,0.888889,838.487
7554,KB3,HARQ,Default,200,8e-05,1,25,0,1.9002,0.888889,842.017
7555,KB3,HARQ,Default,200,8e-05,1,25,0,1.9065,0.888889,839.234
7556,KB3,HARQ,Default,200,8e-05,1,25,0,1.8805,0.888889,850.838
7557,KB3,HARQ,Default,200,8e-05,1,25,0,1.8976,0.888889,843.17
7558,KB3,HARQ,Default,200,8e-05,1,25,0,1.8779,0.888889,852.016
7559,KB3,HARQ,Default,200,8e-05,1,25,0,1.8951,0.888889,844.283
7560,KB3,HARQ,Default,200,8e-05,1,25,0,2.0573,0.888889,777.718
7561,KB3,HARQ,Default,200,8e-05,1,25,0,1.8937,0.888889,844.907
7562,KB3,HARQ,Default,200,8e-05,1,25,0,1.9753,0.888889,810.004
7563,KB3,HARQ,Default,200,8e-05,1,25,0,1.8912,0.888889,846.024
7564,KB3,HARQ,Default,200,8e-05,1,25,0,1.8804,0.888889,850.883
7565,KB3,HARQ,Default,200,8e-05,1,25,0,1.921,0.888889,832.9
7566,KB3,HARQ,Default,200,8e-05,1,25,0,1.9022,0.888889,841.131
7567,KB3,HARQ,Default,200,8e-05,1,25,0,1.9012,0.888889,841.574
7568,KB3,HARQ,Default,200,8e-05,1,25,0,1.9564,0.888889,817.829
7569,KB3,HARQ,Default,200,8e-05,1,25,0,1.8875,0.888889,847.682
7570,KB3,HARQ,Default,200,8e-05,1,25,0,1.8827,0.888889,849.843
7571,KB3,HARQ,Default,200,8e-05,1,25,0,1.8918,0.888889,845.755
7572,KB3,HARQ,Default,200,8e-05,1,25,0,1.9022,0.888889,841.131
7573,KB3,HARQ,Default,200,8e-05,1,25,0,1.8981,0.888889,842.948
7574,KB3,HARQ,Default,200,8e-05,1,25,0,1.9316,0.888889,828.329
7575,KB3,HARQ,Default,200,8e-05,1,25,0,1.8886,0.888889,847.188
7576,KB3,HARQ,Default,200,8e-05,1,25,0,2.1072,0.888889,759.301
7577,KB3,HARQ,Default,200,8e-05,1,25,0,2.1638,0.888889,739.44
7578,KB3,HARQ,Default,200,8e-05,1,25,0,1.8917,0.888889,845.8
7579,KB3,HARQ,Default,200,8e-05,1,25,0,1.909,0.888889,838.135
7580,KB3,HARQ,Default,200,8e-05,1,25,0,1.9227,0.888889,832.163
7581,KB3,HARQ,Default,200,8e-05,1,25,0,1.912,0.888889,836.82
7582,KB3,HARQ,Default,200,8e-05,1,25,0,1.8999,0.888889,842.15
7583,KB3,HARQ,Default,200,8e-05,1,25,0,1.8908,0.888889,846.203
7584,KB3,HARQ,Default,200,8e-05,1,25,0,1.9351,0.888889,826.831
7585,KB3,HARQ,Default,200,8e-05,1,25,0,1.914,0.888889,835.946
7586,KB3,HARQ,Default,200,8e-05,1,25,0,1.9089,0.888889,838.179
7587,KB3,HARQ,Default,200,8e-05,1,25,0,1.8907,0.888889,846.247
7588,KB3,HARQ,Default,200,8e-05,1,25,0,1.9096,0.888889,837.872
7589,KB3,HARQ,Default,200,8e-05,1,25,0,1.8852,0.888889,848.716
7590,KB3,HARQ,Default,200,8e-05,1,25,0,1.9048,0.888889,839.983
7591,KB3,HARQ,Default,200,8e-05,1,25,0,1.8958,0.888889,843.971
7592,KB3,HARQ,Default,200,8e-05,1,25,0,1.9574,0.888889,817.411
7593,KB3,HARQ,Default,200,8e-05,1,25,0,1.9018,0.888889,841.308
7594,KB3,HARQ,Default,200,8e-05,1,25,0,1.8802,0.888889,850.973
7595,KB3,HARQ,Default,200,8e-05,1,25,0,1.9044,0.888889,840.16
7596,KB3,HARQ,Default,200,8e-05,1,25,0,1.8832,0.888889,849.618
7597,KB3,HARQ,Default,200,8e-05,1,25,0,1.8968,0.888889,843.526
7598,KB3,HARQ,Default,200,8e-05,1,25,0,1.9105,0.888889,837.477
7599,KB3,HARQ,Default,200,8e-05,1,25,0,1.9336,0.888889,827.472
7600,KB3,HARQ,Default,200,8e-05,1,25,0,1.9415,0.888889,824.105
7601,KB3,HARQ,Default,200,8e-05,1,25,0,1.8964,0.888889,843.704
7602,KB3,HARQ,Default,200,8e-05,1,25,0,1.8798,0.888889,851.154
7603,KB3,HARQ,Default,200,8e-05,1,25,0,1.8814,0.888889,850.431
7604,KB3,HARQ,Default,200,8e-05,1,25,0,1.9,0.888889,842.105
7605,KB3,HARQ,Default,200,8e-05,1,25,0,1.8857,0.888889,848.491
7606,KB3,HARQ,Default,200,8e-05,1,25,0,1.9076,0.888889,838.75
7607,KB3,HARQ,Default,200,8e-05,1,25,0,1.9045,0.888889,840.116
7608,KB3,HARQ,Default,200,8e-05,1,25,0,1.9544,0.888889,818.666
7609,KB3,HARQ,Default,200,8e-05,1,25,0,1.8979,0.888889,843.037
7610,KB3,HARQ,Default,200,8e-05,1,25,0,1.8892,0.888889,846.919
7611,KB3,HARQ,Default,200,8e-05,1,25,0,1.9079,0.888889,838.618
7612,KB3,HARQ,Default,200,8e-05,1,25,0,1.9054,0.888889,839.719
7613,KB3,HARQ,Default,200,8e-05,1,25,0,1.9115,0.888889,837.039
7614,KB3,HARQ,Default,200,8e-05,1,25,0,1.8903,0.888889,846.426
7615,KB3,HARQ,Default,200,8e-05,1,25,0,1.8968,0.888889,843.526
7616,KB3,HARQ,Default,200,8e-05,1,25,0,1.9762,0.888889,809.635
7617,KB3,HARQ,Default,200,8e-05,1,25,0,1.8882,0.888889,847.368
7618,KB3,HARQ,Default,200,8e-05,1,25,0,1.9075,0.888889,838.794
7619,KB3,HARQ,Default,200,8e-05,1,25,0,1.91,0.888889,837.696
7620,KB3,HARQ,Default,200,8e-05,1,25,0,1.9158,0.888889,835.16
7621,KB3,HARQ,Default,200,8e-05,1,25,0,1.8847,0.888889,848.941
7622,KB3,HARQ,Default,200,8e-05,1,25,0,1.8936,0.888889,844.951
7623,KB3,HARQ,Default,200,8e-05,1,25,0,1.8954,0.888889,844.149
7624,KB3,HARQ,Default,200,8e-05,1,25,0,1.9896,0.888889,804.182
7625,KB3,HARQ,Default,200,8e-05,1,25,0,1.9037,0.888889,840.469
7626,KB3,HARQ,Default,200,8e-05,1,25,0,1.9157,0.888889,835.204
7627,KB3,HARQ,Default,200,8e-05,1,25,0,1.8958,0.888889,843.971
7628,KB3,HARQ,Default,200,8e-05,1,25,0,1.8918,0.888889,845.755
7629,KB3,HARQ,Default,200,8e-05,1,25,0,1.8866,0.888889,848.087
7630,KB3,HARQ,Default,200,8e-05,1,25,0,1.8997,0.888889,842.238
7631,KB3,HARQ,Default,200,8e-05,1,25,0,1.8993,0.888889,842.416
7632,KB3,HARQ,Default,200,8e-05,1,25,0,2.0676,0.888889,773.844
7633,KB3,HARQ,Default,200,8e-05,1,25,0,1.9045,0.888889,840.116
7634,KB3,HARQ,Default,200,8e-05,1,25,0,1.8893,0.888889,846.875
7635,KB3,HARQ,Default,200,8e-05,1,25,0,1.893,0.888889,845.219
7636,KB3,HARQ,Default,200,8e-05,1,25,0,1.8789,0.888889,851.562
7637,KB3,HARQ,Default,200,8e-05,1,25,0,1.9011,0.888889,841.618
7638,KB3,HARQ,Default,200,8e-05,1,25,0,1.912,0.888889,836.82
7639,KB3,HARQ,Default,200,8e-05,1,25,0,1.9033,0.888889,840.645
7640,KB3,HARQ,Default,200,8e-05,1,25,0,1.941,0.888889,824.317
7641,KB3,HARQ,Default,200,8e-05,1,25,0,1.9094,0.888889,837.96
7642,KB3,HARQ,Default,200,8e-05,1,25,0,1.8863,0.888889,848.221
7643,KB3,HARQ,Default,200,8e-05,1,25,0,1.9085,0.888889,838.355
7644,KB3,HARQ,Default,200,8e-05,1,25,0,1.9133,0.888889,836.252
7645,KB3,HARQ,Default,200,8e-05,1,25,0,1.8843,0.888889,849.122
7646,KB3,HARQ,Default,200,8e-05,1,25,0,1.9096,0.888889,837.872
7647,KB3,HARQ,Default,200,8e-05,1,25,0,1.8869,0.888889,847.952
7648,KB3,HARQ,Default,200,8e-05,1,25,0,1.9391,0.888889,825.125
7649,KB3,HARQ,Default,200,8e-05,1,25,0,2.3563,0.888889,679.031
7650,KB3,HARQ,Default,200,8e-05,1,25,0,1.9073,0.888889,838.882
7651,KB3,HARQ,Default,200,8e-05,1,25,0,1.9031,0.888889,840.734
7652,KB3,HARQ,Default,200,8e-05,1,25,0,1.8907,0.888889,846.247
7653,KB3,HARQ,Default,200,8e-05,1,25,0,1.9071,0.888889,838.97
7654,KB3,HARQ,Default,200,8e-05,1,25,0,1.8874,0.888889,847.727
7655,KB3,HARQ,Default,200,8e-05,1,25,0,1.8924,0.888889,845.487
7656,KB3,HARQ,Default,200,8e-05,1,25,0,2.0116,0.888889,795.387
7657,KB3,HARQ,Default,200,8e-05,1,25,0,1.9117,0.888889,836.951
7658,KB3,HARQ,Default,200,8e-05,1,25,0,1.9117,0.888889,836.951
7659,KB3,HARQ,Default,200,8e-05,1,25,0,1.8861,0.888889,848.311
7660,KB3,HARQ,Default,200,8e-05,1,25,0,1.8952,0.888889,844.238
7661,KB3,HARQ,Default,200,8e-05,1,25,0,1.8889,0.888889,847.054
7662,KB3,HARQ,Default,200,8e-05,1,25,0,1.89,0.888889,846.561
7663,KB3,HARQ,Default,200,8e-05,1,25,0,1.884,0.888889,849.257
7664,KB3,HARQ,Default,200,8e-05,1,25,0,1.9595,0.888889,816.535
7665,KB3,HARQ,Default,200,8e-05,1,25,0,1.8984,0.888889,842.815
7666,KB3,HARQ,Default,200,8e-05,1,25,0,1.8959,0.888889,843.926
7667,KB3,HARQ,Default,200,8e-05,1,25,0,1.8831,0.888889,849.663
7668,KB3,HARQ,Default,200,8e-05,1,25,0,1.8871,0.888889,847.862
7669,KB3,HARQ,Default,200,8e-05,1,25,0,1.9028,0.888889,840.866
7670,KB3,HARQ,Default,200,8e-05,1,25,0,1.9143,0.888889,835.815
7671,KB3,HARQ,Default,200,8e-05,1,25,0,1.9152,0.888889,835.422
7672,KB3,HARQ,Default,200,8e-05,1,25,0,1.9323,0.888889,828.029
7673,KB3,HARQ,Default,200,8e-05,1,25,0,1.8897,0.888889,846.695
7674,KB3,HARQ,Default,200,8e-05,1,25,0,1.907,0.888889,839.014
7675,KB3,HARQ,Default,200,8e-05,1,25,0,1.8986,0.888889,842.726
7676,KB3,HARQ,Default,200,8e-05,1,25,0,1.9054,0.888889,839.719
7677,KB3,HARQ,Default,200,8e-05,1,25,0,1.9079,0.888889,838.618
7678,KB3,HARQ,Default,200,8e-05,1,25,0,1.9009,0.888889,841.707
7679,KB3,HARQ,Default,200,8e-05,1,25,0,1.8969,0.888889,843.481
7680,KB3,HARQ,Default,200,8e-05,1,25,0,1.9144,0.888889,835.771
7681,KB3,HARQ,Default,200,8e-05,1,25,0,2.0109,0.888889,795.664
7682,KB3,HARQ,Default,200,8e-05,1,25,0,1.9093,0.888889,838.003
7683,KB3,HARQ,Default,200,8e-05,1,25,0,1.9132,0.888889,836.295
7684,KB3,HARQ,Default,200,8e-05,1,25,0,1.9076,0.888889,838.75
7685,KB3,HARQ,Default,200,8e-05,1,25,0,1.8912,0.888889,846.024
7686,KB3,HARQ,Default,200,8e-05,1,25,0,1.8961,0.888889,843.837
7687,KB3,HARQ,Default,200,8e-05,1,25,0,1.8882,0.888889,847.368
7688,KB3,HARQ,Default,200,8e-05,1,25,0,1.9516,0.888889,819.84
7689,KB3,HARQ,Default,200,8e-05,1,25,0,1.9126,0.888889,836.558
7690,KB3,HARQ,Default,200,8e-05,1,25,0,1.9082,0.888889,838.487
7691,KB3,HARQ,Default,200,8e-05,1,25,0,1.8907,0.888889,846.247
7692,KB3,HARQ,Default,200,8e-05,1,25,0,1.8948,0.888889,844.416
7693,KB3,HARQ,Default,200,8e-05,1,25,0,1.8784,0.888889,851.789
7694,KB3,HARQ,Default,200,8e-05,1,25,0,1.8861,0.888889,848.311
7695,KB3,HARQ,Default,200,8e-05,1,25,0,1.8994,0.888889,842.371
7696,KB3,HARQ,Default,200,8e-05,1,25,0,1.9002,0.888889,842.017
7697,KB3,HARQ,Default,200,8e-05,1,25,0,1.9109,0.888889,837.302
7698,KB3,HARQ,Default,200,8e-05,1,25,0,1.8874,0.888889,847.727
7699,KB3,HARQ,Default,200,8e-05,1,25,0,1.8857,0.888889,848.491
7700,KB3,HARQ,Default,200,8e-05,1,25,0,1.9098,0.888889,837.784
7701,KB3,HARQ,Default,200,8e-05,1,25,0,1.9067,0.888889,839.146
7702,KB3,HARQ,Default,200,8e-05,1,25,0,1.922,0.888889,832.466
7703,KB3,HARQ,Default,200,8e-05,1,25,0,1.8897,0.888889,846.695
7704,KB3,HARQ,Default,200,8e-05,1,25,0,1.9111,0.888889,837.214
7705,KB3,HARQ,Default,200,8e-05,1,25,0,1.9835,0.888889,806.655
7706,KB3,HARQ,Default,200,8e-05,1,25,0,1.8953,0.888889,844.194
7707,KB3,HARQ,Default,200,8e-05,1,25,0,1.8961,0.888889,843.837
7708,KB3,HARQ,Default,200,8e-05,1,25,0,1.9077,0.888889,838.706
7709,KB3,HARQ,Default,200,8e-05,1,25,0,1.9138,0.888889,836.033
7710,KB3,HARQ,Default,200,8e-05,1,25,0,1.8851,0.888889,848.761
7711,KB3,HARQ,Default,200,8e-05,1,25,0,1.8981,0.888889,842.948
7712,KB3,HARQ,Default,200,8e-05,1,25,0,1.8857,0.888889,848.491
7713,KB3,HARQ,Default,200,8e-05,1,25,0,1.9895,0.888889,804.222
7714,KB3,HARQ,Default,200,8e-05,1,25,0,1.9074,0.888889,838.838
7715,KB3,HARQ,Default,200,8e-05,1,25,0,1.8993,0.888889,842.416
7716,KB3,HARQ,Default,200,8e-05,1,25,0,1.9019,0.888889,841.264
7717,KB3,HARQ,Default,200,8e-05,1,25,0,1.9141,0.888889,835.902
7718,KB3,HARQ,Default,200,8e-05,1,25,0,1.8903,0.888889,846.426
7719,KB3,HARQ,Default,200,8e-05,1,25,0,1.8948,0.888889,844.416
7720,KB3,HARQ,Default,200,8e-05,1,25,0,1.8914,0.888889,845.934
7721,KB3,HARQ,Default,200,8e-05,1,25,0,2.328,0.888889,687.285
7722,KB3,HARQ,Default,200,8e-05,1,25,0,1.9103,0.888889,837.565
7723,KB3,HARQ,Default,200,8e-05,1,25,0,1.8753,0.888889,853.197
7724,KB3,HARQ,Default,200,8e-05,1,25,0,1.8824,0.888889,849.979
7725,KB3,HARQ,Default,200,8e-05,1,25,0,1.9011,0.888889,841.618
7726,KB3,HARQ,Default,200,8e-05,1,25,0,1.8892,0.888889,846.919
7727,KB3,HARQ,Default,200,8e-05,1,25,0,1.8926,0.888889,845.398
7728,KB3,HARQ,Default,200,8e-05,1,25,0,1.9046,0.888889,840.071
7729,KB3,HARQ,Default,200,8e-05,1,25,0,1.9474,0.888889,821.608
7730,KB3,HARQ,Default,200,8e-05,1,25,0,1.8938,0.888889,844.862
7731,KB3,HARQ,Default,200,8e-05,1,25,0,1.8834,0.888889,849.527
7732,KB3,HARQ,Default,200,8e-05,1,25,0,1.8994,0.888889,842.371
7733,KB3,HARQ,Default,200,8e-05,1,25,0,1.8823,0.888889,850.024
7734,KB3,HARQ,Default,200,8e-05,1,25,0,1.9147,0.888889,835.64
7735,KB3,HARQ,Default,200,8e-05,1,25,0,1.9049,0.888889,839.939
7736,KB3,HARQ,Default,200,8e-05,1,25,0,1.9091,0.888889,838.091
7737,KB3,HARQ,Default,200,8e-05,1,25,0,1.928,0.888889,829.876
7738,KB3,HARQ,Default,200,8e-05,1,25,0,1.8893,0.888889,846.875
7739,KB3,HARQ,Default,200,8e-05,1,25,0,1.9057,0.888889,839.587
7740,KB3,HARQ,Default,200,8e-05,1,25,0,2.0109,0.888889,795.664
7741,KB3,HARQ,Default,200,8e-05,1,25,0,1.9003,0.888889,841.972
7742,KB3,HARQ,Default,200,8e-05,1,25,0,1.9065,0.888889,839.234
7743,KB3,HARQ,Default,200,8e-05,1,25,0,1.891,0.888889,846.113
7744,KB3,HARQ,Default,200,8e-05,1,25,0,1.888,0.888889,847.458
7745,KB3,HARQ,Default,200,8e-05,1,25,0,2.193,0.888889,729.594
7746,KB3,HARQ,Default,200,8e-05,1,25,0,1.8979,0.888889,843.037
7747,KB3,HARQ,Default,200,8e-05,1,25,0,1.9021,0.888889,841.176
7748,KB3,HARQ,Default,200,8e-05,1,25,0,1.9114,0.888889,837.083
7749,KB3,HARQ,Default,200,8e-05,1,25,0,1.8933,0.888889,845.085
7750,KB3,HARQ,Default,200,8e-05,1,25,0,1.999,0.888889,800.4
7751,KB3,HARQ,Default,200,8e-05,1,25,0,1.886,0.888889,848.356
7752,KB3,HARQ,Default,200,8e-05,1,25,0,1.8826,0.888889,849.888
7753,KB3,HARQ,Default,200,8e-05,1,25,0,1.9811,0.888889,807.632
7754,KB3,HARQ,Default,200,8e-05,1,25,0,1.9037,0.888889,840.469
7755,KB3,HARQ,Default,200,8e-05,1,25,0,1.8957,0.888889,844.015
7756,KB3,HARQ,Default,200,8e-05,1,25,0,1.8879,0.888889,847.503
7757,KB3,HARQ,Default,200,8e-05,1,25,0,1.887,0.888889,847.907
7758,KB3,HARQ,Default,200,8e-05,1,25,0,1.8872,0.888889,847.817
7759,KB3,HARQ,Default,200,8e-05,1,25,0,1.9916,0.888889,803.374
7760,KB3,HARQ,Default,200,8e-05,1,25,0,1.9149,0.888889,835.553
7761,KB3,HARQ,Default,200,8e-05,1,25,0,1.9416,0.888889,824.063
7762,KB3,HARQ,Default,200,8e-05,1,25,0,1.9154,0.888889,835.335
7763,KB3,HARQ,Default,200,8e-05,1,25,0,1.8845,0.888889,849.032
7764,KB3,HARQ,Default,200,8e-05,1,25,0,1.8921,0.888889,845.621
7765,KB3,HARQ,Default,200,8e-05,1,25,0,1.9053,0.888889,839.763
7766,KB3,HARQ,Default,200,8e-05,1,25,0,1.9099,0.888889,837.74
7767,KB3,HARQ,Default,200,8e-05,1,25,0,1.9319,0.888889,828.2
7768,KB3,HARQ,Default,200,8e-05,1,25,0,1.8918,0.888889,845.755
7769,KB3,HARQ,Default,200,8e-05,1,25,0,1.9531,0.888889,819.21
7770,KB3,HARQ,Default,200,8e-05,1,25,0,1.8954,0.888889,844.149
7771,KB3,HARQ,Default,200,8e-05,1,25,0,1.8973,0.888889,843.304
7772,KB3,HARQ,Default,200,8e-05,1,25,0,1.906,0.888889,839.454
7773,KB3,HARQ,Default,200,8e-05,1,25,0,1.8959,0.888889,843.926
7774,KB3,HARQ,Default,200,8e-05,1,25,0,1.9059,0.888889,839.498
7775,KB3,HARQ,Default,200,8e-05,1,25,0,1.8981,0.888889,842.948
7776,KB3,HARQ,Default,200,8e-05,1,25,0,1.885,0.888889,848.806
7777,KB3,HARQ,Default,200,8e-05,1,25,0,1.9848,0.888889,806.127
7778,KB3,HARQ,Default,200,8e-05,1,25,0,1.8891,0.888889,846.964
7779,KB3,HARQ,Default,200,8e-05,1,25,0,1.8906,0.888889,846.292
7780,KB3,HARQ,Default,200,8e-05,1,25,0,1.9166,0.888889,834.812
7781,KB3,HARQ,Default,200,8e-05,1,25,0,1.8827,0.888889,849.843
7782,KB3,HARQ,Default,200,8e-05,1,25,0,1.8894,0.888889,846.83
7783,KB3,HARQ,Default,200,8e-05,1,25,0,1.8806,0.888889,850.792
7784,KB3,HARQ,Default,200,8e-05,1,25,0,1.9117,0.888889,836.951
7785,KB3,HARQ,Default,200,8e-05,1,25,0,1.9553,0.888889,818.289
7786,KB3,HARQ,Default,200,8e-05,1,25,0,1.8968,0.888889,843.526
7787,KB3,HARQ,Default,200,8e-05,1,25,0,1.9054,0.888889,839.719
7788,KB3,HARQ,Default,200,8e-05,1,25,0,1.891,0.888889,846.113
7789,KB3,HARQ,Default,200,8e-05,1,25,0,1.8882,0.888889,847.368
7790,KB3,HARQ,Default,200,8e-05,1,25,0,1.8846,0.888889,848.987
7791,KB3,HARQ,Default,200,8e-05,1,25,0,1.8957,0.888889,844.015
7792,KB3,HARQ,Default,200,8e-05,1,25,0,1.9286,0.888889,829.617
7793,KB3,HARQ,Default,200,8e-05,1,25,0,2.2427,0.888889,713.426
7794,KB3,HARQ,Default,200,8e-05,1,25,0,1.987,0.888889,805.234
7795,KB3,HARQ,Default,200,8e-05,1,25,0,1.9003,0.888889,841.972
7796,KB3,HARQ,Default,200,8e-05,1,25,0,1.8886,0.888889,847.188
7797,KB3,HARQ,Default,200,8e-05,1,25,0,1.8958,0.888889,843.971
7798,KB3,HARQ,Default,200,8e-05,1,25,0,1.9056,0.888889,839.631
7799,KB3,HARQ,Default,200,8e-05,1,25,0,1.9022,0.888889,841.131
7800,KB3,HARQ,Default,200,8e-05,1,25,0,2.2235,0.888889,719.586
7801,KB3,HARQ,Default,200,8e-05,1,25,0,1.9133,0.888889,836.252
7802,KB3,HARQ,Default,200,8e-05,1,25,0,1.8832,0.888889,849.618
7803,KB3,HARQ,Default,200,8e-05,1,25,0,1.8867,0.888889,848.042
7804,KB3,HARQ,Default,200,8e-05,1,25,0,1.9142,0.888889,835.858
7805,KB3,HARQ,Default,200,8e-05,1,25,0,1.9036,0.888889,840.513
7806,KB3,HARQ,Default,200,8e-05,1,25,0,1.9078,0.888889,838.662
7807,KB3,HARQ,Default,200,8e-05,1,25,0,1.898,0.888889,842.993
7808,KB3,HARQ,Default,200,8e-05,1,25,0,1.8942,0.888889,844.684
7809,KB3,HARQ,Default,200,8e-05,1,25,0,1.9103,0.888889,837.565
7810,KB3,HARQ,Default,200,8e-05,1,25,0,1.8977,0.888889,843.126
7811,KB3,HARQ,Default,200,8e-05,1,25,0,1.9035,0.888889,840.557
7812,KB3,HARQ,Default,200,8e-05,1,25,0,1.9035,0.888889,840.557
7813,KB3,HARQ,Default,200,8e-05,1,25,0,1.9002,0.888889,842.017
7814,KB3,HARQ,Default,200,8e-05,1,25,0,1.8937,0.888889,844.907
7815,KB3,HARQ,Default,200,8e-05,1,25,0,1.8916,0.888889,845.845
7816,KB3,HARQ,Default,200,8e-05,1,25,0,1.9591,0.888889,816.702
7817,KB3,HARQ,Default,200,8e-05,1,25,0,1.9305,0.888889,828.801
7818,KB3,HARQ,Default,200,8e-05,1,25,0,1.903,0.888889,840.778
7819,KB3,HARQ,Default,200,8e-05,1,25,0,1.8905,0.888889,846.337
7820,KB3,HARQ,Default,200,8e-05,1,25,0,1.9145,0.888889,835.727
7821,KB3,HARQ,Default,200,8e-05,1,25,0,1.88,0.888889,851.064
7822,KB3,HARQ,Default,200,8e-05,1,25,0,1.9046,0.888889,840.071
7823,KB3,HARQ,Default,200,8e-05,1,25,0,1.9129,0.888889,836.426
7824,KB3,HARQ,Default,200,8e-05,1,25,0,2.0115,0.888889,795.426
7825,KB3,HARQ,Default,200,8e-05,1,25,0,1.9047,0.888889,840.027
7826,KB3,HARQ,Default,200,8e-05,1,25,0,1.906,0.888889,839.454
7827,KB3,HARQ,Default,200,8e-05,1,25,0,1.8988,0.888889,842.637
7828,KB3,HARQ,Default,200,8e-05,1,25,0,1.8981,0.888889,842.948
7829,KB3,HARQ,Default,200,8e-05,1,25,0,1.8898,0.888889,846.65
7830,KB3,HARQ,Default,200,8e-05,1,25,0,1.9102,0.888889,837.609
7831,KB3,HARQ,Default,200,8e-05,1,25,0,1.9053,0.888889,839.763
7832,KB3,HARQ,Default,200,8e-05,1,25,0,1.9469,0.888889,821.819
7833,KB3,HARQ,Default,200,8e-05,1,25,0,1.889,0.888889,847.009
7834,KB3,HARQ,Default,200,8e-05,1,25,0,1.8999,0.888889,842.15
7835,KB3,HARQ,Default,200,8e-05,1,25,0,1.8852,0.888889,848.716
7836,KB3,HARQ,Default,200,8e-05,1,25,0,1.8802,0.888889,850.973
7837,KB3,HARQ,Default,200,8e-05,1,25,0,1.9034,0.888889,840.601
7838,KB3,HARQ,Default,200,8e-05,1,25,0,1.9066,0.888889,839.19
7839,KB3,HARQ,Default,200,8e-05,1,25,0,1.8847,0.888889,848.941
7840,KB3,HARQ,Default,200,8e-05,1,25,0,1.9274,0.888889,830.134
7841,KB3,HARQ,Default,200,8e-05,1,25,0,1.951,0.888889,820.092
7842,KB3,HARQ,Default,200,8e-05,1,25,0,1.8923,0.888889,845.532
7843,KB3,HARQ,Default,200,8e-05,1,25,0,1.913,0.888889,836.383
7844,KB3,HARQ,Default,200,8e-05,1,25,0,1.9109,0.888889,837.302
7845,KB3,HARQ,Default,200,8e-05,1,25,0,1.9127,0.888889,836.514
7846,KB3,HARQ,Default,200,8e-05,1,25,0,1.8845,0.888889,849.032
7847,KB3,HARQ,Default,200,8e-05,1,25,0,1.8891,0.888889,846.964
7848,KB3,HARQ,Default,200,8e-05,1,25,0,1.8903,0.888889,846.426
7849,KB3,HARQ,Default,200,8e-05,1,25,0,1.9316,0.888889,828.329
7850,KB3,HARQ,Default,200,8e-05,1,25,0,1.9061,0.888889,839.41
7851,KB3,HARQ,Default,200,8e-05,1,25,0,1.9124,0.888889,836.645
7852,KB3,HARQ,Default,200,8e-05,1,25,0,1.9073,0.888889,838.882
7853,KB3,HARQ,Default,200,8e-05,1,25,0,1.8888,0.888889,847.099
7854,KB3,HARQ,Default,200,8e-05,1,25,0,1.8798,0.888889,851.154
7855,KB3,HARQ,Default,200,8e-05,1,25,0,1.9033,0.888889,840.645
7856,KB3,HARQ,Default,200,8e-05,1,25,0,1.9137,0.888889,836.077
7857,KB3,HARQ,Default,200,8e-05,1,25,0,1.9448,0.888889,822.707
7858,KB3,HARQ,Default,200,8e-05,1,25,0,1.8953,0.888889,844.194
7859,KB3,HARQ,Default,200,8e-05,1,25,0,1.8841,0.888889,849.212
7860,KB3,HARQ,Default,200,8e-05,1,25,0,1.8973,0.888889,843.304
7861,KB3,HARQ,Default,200,8e-05,1,25,0,1.887,0.888889,847.907
7862,KB3,HARQ,Default,200,8e-05,1,25,0,1.8974,0.888889,843.259
7863,KB3,HARQ,Default,200,8e-05,1,25,0,1.8995,0.888889,842.327
7864,KB3,HARQ,Default,200,8e-05,1,25,0,1.9146,0.888889,835.684
7865,KB3,HARQ,Default,200,8e-05,1,25,0,2.3283,0.888889,687.197
7866,KB3,HARQ,Default,200,8e-05,1,25,0,1.8975,0.888889,843.215
7867,KB3,HARQ,Default,200,8e-05,1,25,0,1.8884,0.888889,847.278
7868,KB3,HARQ,Default,200,8e-05,1,25,0,1.9175,0.888889,834.42
7869,KB3,HARQ,Default,200,8e-05,1,25,0,1.9023,0.888889,841.087
7870,KB3,HARQ,Default,200,8e-05,1,25,0,1.9122,0.888889,836.733
7871,KB3,HARQ,Default,200,8e-05,1,25,0,1.907,0.888889,839.014
7872,KB3,HARQ,Default,200,8e-05,1,25,0,1.8804,0.888889,850.883
7873,KB3,HARQ,Default,200,8e-05,1,25,0,1.9672,0.888889,813.339
7874,KB3,HARQ,Default,200,8e-05,1,25,0,1.8801,0.888889,851.019
7875,KB3,HARQ,Default,200,8e-05,1,25,0,1.8973,0.888889,843.304
7876,KB3,HARQ,Default,200,8e-05,1,25,0,1.9133,0.888889,836.252
7877,KB3,HARQ,Default,200,8e-05,1,25,0,1.8788,0.888889,851.607
7878,KB3,HARQ,Default,200,8e-05,1,25,0,1.9022,0.888889,841.131
7879,KB3,HARQ,Default,200,8e-05,1,25,0,1.8883,0.888889,847.323
7880,KB3,HARQ,Default,200,8e-05,1,25,0,1.8956,0.888889,844.06
7881,KB3,HARQ,Default,200,8e-05,1,25,0,1.9428,0.888889,823.554
7882,KB3,HARQ,Default,200,8e-05,1,25,0,1.906,0.888889,839.454
7883,KB3,HARQ,Default,200,8e-05,1,25,0,1.9108,0.888889,837.346
7884,KB3,HARQ,Default,200,8e-05,1,25,0,1.8856,0.888889,848.536
7885,KB3,HARQ,Default,200,8e-05,1,25,0,1.914,0.888889,835.946
7886,KB3,HARQ,Default,200,8e-05,1,25,0,1.8961,0.888889,843.837
7887,KB3,HARQ,Default,200,8e-05,1,25,0,1.8899,0.888889,846.606
7888,KB3,HARQ,Default,200,8e-05,1,25,0,1.9014,0.888889,841.485
7889,KB3,HARQ,Default,200,8e-05,1,25,0,2.1069,0.888889,759.41
7890,KB3,HARQ,Default,200,8e-05,1,25,0,1.9127,0.888889,836.514
7891,KB3,HARQ,Default,200,8e-05,1,25,0,1.9323,0.888889,828.029
7892,KB3,HARQ,Default,200,8e-05,1,25,0,1.9407,0.888889,824.445
7893,KB3,HARQ,Default,200,8e-05,1,25,0,1.9489,0.888889,820.976
7894,KB3,HARQ,Default,200,8e-05,1,25,0,1.9297,0.888889,829.144
7895,KB3,HARQ,Default,200,8e-05,1,25,0,1.936,0.888889,826.446
7896,KB3,HARQ,Default,200,8e-05,1,25,0,1.9588,0.888889,816.827
7897,KB3,HARQ,Default,200,8e-05,1,25,0,1.9798,0.888889,808.162
7898,KB3,HARQ,Default,200,8e-05,1,25,0,1.9363,0.888889,826.318
7899,KB3,HARQ,Default,200,8e-05,1,25,0,1.9347,0.888889,827.002
7900,KB3,HARQ,Default,200,8e-05,1,25,0,1.9385,0.888889,825.38
7901,KB3,HARQ,Default,200,8e-05,1,25,0,1.9441,0.888889,823.003
7902,KB3,HARQ,Default,200,8e-05,1,25,0,1.9552,0.888889,818.331
7903,KB3,HARQ,Default,200,8e-05,1,25,0,1.9384,0.888889,825.423
7904,KB3,HARQ,Default,200,8e-05,1,25,0,1.9827,0.888889,806.98
7905,KB3,HARQ,Default,200,8e-05,1,25,0,1.9367,0.888889,826.148
7906,KB3,HARQ,Default,200,8e-05,1,25,0,1.923,0.888889,832.033
7907,KB3,HARQ,Default,200,8e-05,1,25,0,1.9246,0.888889,831.342
7908,KB3,HARQ,Default,200,8e-05,1,25,0,1.9406,0.888889,824.487
7909,KB3,HARQ,Default,200,8e-05,1,25,0,1.9537,0.888889,818.959
7910,KB3,HARQ,Default,200,8e-05,1,25,0,1.953,0.888889,819.252
7911,KB3,HARQ,Default,200,8e-05,1,25,0,1.9231,0.888889,831.99
7912,KB3,HARQ,Default,200,8e-05,1,25,0,1.968,0.888889,813.008
7913,KB3,HARQ,Default,200,8e-05,1,25,0,1.9556,0.888889,818.163
7914,KB3,HARQ,Default,200,8e-05,1,25,0,1.9505,0.888889,820.302
7915,KB3,HARQ,Default,200,8e-05,1,25,0,1.9485,0.888889,821.144
7916,KB3,HARQ,Default,200,8e-05,1,25,0,1.9407,0.888889,824.445
7917,KB3,HARQ,Default,200,8e-05,1,25,0,1.926,0.888889,830.737
7918,KB3,HARQ,Default,200,8e-05,1,25,0,1.9323,0.888889,828.029
7919,KB3,HARQ,Default,200,8e-05,1,25,0,1.9433,0.888889,823.342
7920,KB3,HARQ,Default,200,8e-05,1,25,0,1.9538,0.888889,818.917
7921,KB3,HARQ,Default,200,8e-05,1,25,0,1.9386,0.888889,825.338
7922,KB3,HARQ,Default,200,8e-05,1,25,0,1.9543,0.888889,818.707
7923,KB3,HARQ,Default,200,8e-05,1,25,0,1.9408,0.888889,824.402
7924,KB3,HARQ,Default,200,8e-05,1,25,0,1.9398,0.888889,824.827
7925,KB3,HARQ,Default,200,8e-05,1,25,0,1.934,0.888889,827.301
7926,KB3,HARQ,Default,200,8e-05,1,25,0,1.9366,0.888889,826.19
7927,KB3,HARQ,Default,200,8e-05,1,25,0,1.9646,0.888889,814.415
7928,KB3,HARQ,Default,200,8e-05,1,25,0,1.9393,0.888889,825.04
7929,KB3,HARQ,Default,200,8e-05,1,25,0,1.9563,0.888889,817.87
7930,KB3,HARQ,Default,200,8e-05,1,25,0,1.9363,0.888889,826.318
7931,KB3,HARQ,Default,200,8e-05,1,25,0,1.9302,0.888889,828.93
7932,KB3,HARQ,Default,200,8e-05,1,25,0,1.9235,0.888889,831.817
7933,KB3,HARQ,Default,200,8e-05,1,25,0,1.9358,0.888889,826.532
7934,KB3,HARQ,Default,200,8e-05,1,25,0,1.9479,0.888889,821.397
7935,KB3,HARQ,Default,200,8e-05,1,25,0,1.991,0.888889,803.616
7936,KB3,HARQ,Default,200,8e-05,1,25,0,2.0523,0.888889,779.613
7937,KB3,HARQ,Default,200,8e-05,1,25,0,1.9296,0.888889,829.187
7938,KB3,HARQ,Default,200,8e-05,1,25,0,1.9262,0.888889,830.651
7939,KB3,HARQ,Default,200,8e-05,1,25,0,1.9546,0.888889,818.582
7940,KB3,HARQ,Default,200,8e-05,1,25,0,1.9579,0.888889,817.202
7941,KB3,HARQ,Default,200,8e-05,1,25,0,1.9044,0.888889,840.16
7942,KB3,HARQ,Default,200,8e-05,1,25,0,1.8953,0.888889,844.194
7943,KB3,HARQ,Default,200,8e-05,1,25,0,1.9549,0.888889,818.456
7944,KB3,HARQ,Default,200,8e-05,1,25,0,1.8952,0.888889,844.238
7945,KB3,HARQ,Default,200,8e-05,1,25,0,1.8913,0.888889,845.979
7946,KB3,HARQ,Default,200,8e-05,1,25,0,1.9025,0.888889,840.999
7947,KB3,HARQ,Default,200,8e-05,1,25,0,1.8924,0.888889,845.487
7948,KB3,HARQ,Default,200,8e-05,1,25,0,1.9031,0.888889,840.734
7949,KB3,HARQ,Default,200,8e-05,1,25,0,1.8845,0.888889,849.032
7950,KB3,HARQ,Default,200,8e-05,1,25,0,1.8917,0.888889,845.8
7951,KB3,HARQ,Default,200,8e-05,1,25,0,1.9662,0.888889,813.752
7952,KB3,HARQ,Default,200,8e-05,1,25,0,1.8925,0.888889,845.443
7953,KB3,HARQ,Default,200,8e-05,1,25,0,1.8901,0.888889,846.516
7954,KB3,HARQ,Default,200,8e-05,1,25,0,1.9137,0.888889,836.077
7955,KB3,HARQ,Default,200,8e-05,1,25,0,1.8926,0.888889,845.398
7956,KB3,HARQ,Default,200,8e-05,1,25,0,1.8885,0.888889,847.233
7957,KB3,HARQ,Default,200,8e-05,1,25,0,1.8907,0.888889,846.247
7958,KB3,HARQ,Default,200,8e-05,1,25,0,1.8838,0.888889,849.347
7959,KB3,HARQ,Default,200,8e-05,1,25,0,1.9608,0.888889,815.993
7960,KB3,HARQ,Default,200,8e-05,1,25,0,1.9259,0.888889,830.78
7961,KB3,HARQ,Default,200,8e-05,1,25,0,1.9076,0.888889,838.75
7962,KB3,HARQ,Default,200,8e-05,1,25,0,1.8909,0.888889,846.158
7963,KB3,HARQ,Default,200,8e-05,1,25,0,1.9025,0.888889,840.999
7964,KB3,HARQ,Default,200,8e-05,1,25,0,1.8962,0.888889,843.793
7965,KB3,HARQ,Default,200,8e-05,1,25,0,1.8894,0.888889,846.83
7966,KB3,HARQ,Default,200,8e-05,1,25,0,1.9058,0.888889,839.542
7967,KB3,HARQ,Default,200,8e-05,1,25,0,2.0501,0.888889,780.45
7968,KB3,HARQ,Default,200,8e-05,1,25,0,2.0247,0.888889,790.241
7969,KB3,HARQ,Default,200,8e-05,1,25,0,1.8894,0.888889,846.83
7970,KB3,HARQ,Default,200,8e-05,1,25,0,1.8901,0.888889,846.516
7971,KB3,HARQ,Default,200,8e-05,1,25,0,1.9031,0.888889,840.734
7972,KB3,HARQ,Default,200,8e-05,1,25,0,1.9142,0.888889,835.858
7973,KB3,HARQ,Default,200,8e-05,1,25,0,1.8922,0.888889,845.577
7974,KB3,HARQ,Default,200,8e-05,1,25,0,1.903,0.888889,840.778
7975,KB3,HARQ,Default,200,8e-05,1,25,0,1.9491,0.888889,820.892
7976,KB3,HARQ,Default,200,8e-05,1,25,0,1.8971,0.888889,843.393
7977,KB3,HARQ,Default,200,8e-05,1,25,0,1.8892,0.888889,846.919
7978,KB3,HARQ,Default,200,8e-05,1,25,0,1.9069,0.888889,839.058
7979,KB3,HARQ,Default,200,8e-05,1,25,0,1.9073,0.888889,838.882
7980,KB3,HARQ,Default,200,8e-05,1,25,0,1.9134,0.888889,836.208
7981,KB3,HARQ,Default,200,8e-05,1,25,0,1.8949,0.888889,844.372
7982,KB3,HARQ,Default,200,8e-05,1,25,0,1.8819,0.888889,850.205
7983,KB3,HARQ,Default,200,8e-05,1,25,0,1.9344,0.888889,827.13
7984,KB3,HARQ,Default,200,8e-05,1,25,0,1.8889,0.888889,847.054
7985,KB3,HARQ,Default,200,8e-05,1,25,0,1.9064,0.888889,839.278
7986,KB3,HARQ,Default,200,8e-05,1,25,0,1.8958,0.888889,843.971
7987,KB3,HARQ,Default,200,8e-05,1,25,0,1.911,0.888889,837.258
7988,KB3,HARQ,Default,200,8e-05,1,25,0,1.8874,0.888889,847.727
7989,KB3,HARQ,Default,200,8e-05,1,25,0,1.8858,0.888889,848.446
7990,KB3,HARQ,Default,200,8e-05,1,25,0,1.8872,0.888889,847.817
7991,KB3,HARQ,Default,200,8e-05,1,25,0,2.0262,0.888889,789.656
7992,KB3,HARQ,Default,200,8e-05,1,25,0,1.9395,0.888889,824.955
7993,KB3,HARQ,Default,200,8e-05,1,25,0,1.8902,0.888889,846.471
7994,KB3,HARQ,Default,200,8e-05,1,25,0,1.9287,0.888889,829.574
7995,KB3,HARQ,Default,200,8e-05,1,25,0,1.8957,0.888889,844.015
7996,KB3,HARQ,Default,200,8e-05,1,25,0,1.8965,0.888889,843.659
7997,KB3,HARQ,Default,200,8e-05,1,25,0,1.902,0.888889,841.22
7998,KB3,HARQ,Default,200,8e-05,1,25,0,1.8975,0.888889,843.215
7999,KB3,HARQ,Default,200,8e-05,1,25,0,1.9603,0.888889,816.202
8000,KB3,HARQ,Default,200,8e-05,1,25,0,1.8894,0.888889,846.83
8001,KB3,ARQ,Default,200,0.0001,1,25,0,0.2301,0.888889,6953.5
8002,KB3,ARQ,Default,200,0.0001,1,25,0,0.1944,0.888889,8230.45
8003,KB3,ARQ,Default,200,0.0001,1,25,0,0.1934,0.888889,8273.01
8004,KB3,ARQ,Default,200,0.0001,1,25,0,0.1939,0.888889,8251.68
8005,KB3,ARQ,Default,200,0.0001,1,25,0,0.1927,0.888889,8303.06
8006,KB3,ARQ,Default,200,0.0001,1,25,0,0.1925,0.888889,8311.69
8007,KB3,ARQ,Default,200,0.0001,1,25,0,0.192,0.888889,8333.33
8008,KB3,ARQ,Default,200,0.0001,1,25,0,0.1926,0.888889,8307.37
8009,KB3,ARQ,Default,200,0.0001,1,25,0,0.1935,0.888889,8268.73
8010,KB3,ARQ,Default,200,0.0001,1,25,0,0.1923,0.888889,8320.33
8011,KB3,ARQ,Default,200,0.0001,1,25,0,0.1933,0.888889,8277.29
8012,KB3,ARQ,Default,200,0.0001,1,25,0,0.1914,0.888889,8359.46
8013,KB3,ARQ,Default,200,0.0001,1,25,0,0.1938,0.888889,8255.93
8014,KB3,ARQ,Default,200,0.0001,1,25,0,0.2001,0.888889,7996
8015,KB3,ARQ,Default,200,0.0001,1,25,0,0.193,0.888889,8290.16
8016,KB3,ARQ,Default,200,0.0001,1,25,0,0.1935,0.888889,8268.73
8017,KB3,ARQ,Default,200,0.0001,1,25,0,0.1941,0.888889,8243.17
8018,KB3,ARQ,Default,200,0.0001,1,25,1,0.1979,0.854701,8084.89
8019,KB3,ARQ,Default,200,0.0001,1,25,0,0.1936,0.888889,8264.46
8020,KB3,ARQ,Default,200,0.0001,1,25,0,0.1913,0.888889,8363.83
8021,KB3,ARQ,Default,200,0.0001,1,25,0,0.1934,0.888889,8273.01
8022,KB3,ARQ,Default,200,0.0001,1,25,0,0.1917,0.888889,8346.37
8023,KB3,ARQ,Default,200,0.0001,1,25,0,0.1927,0.888889,8303.06
8024,KB3,ARQ,Default,200,0.0001,1,25,0,0.1935,0.888889,8268.73
8025,KB3,ARQ,Default,200,0.0001,1,25,0,0.1944,0.888889,8230.45
8026,KB3,ARQ,Default,200,0.0001,1,25,1,0.1975,0.854701,8101.27
8027,KB3,ARQ,Default,200,0.0001,1,25,0,0.1926,0.888889,8307.37
8028,KB3,ARQ,Default,200,0.0001,1,25,0,0.1936,0.888889,8264.46
8029,KB3,ARQ,Default,200,0.0001,1,25,0,0.1941,0.888889,8243.17
8030,KB3,ARQ,Default,200,0.0001,1,25,0,0.2021,0.888889,7916.87
8031,KB3,ARQ,Default,200,0.0001,1,25,1,0.1961,0.854701,8159.1
8032,KB3,ARQ,Default,200,0.0001,1,25,0,0.192,0.888889,8333.33
8033,KB3,ARQ,Default,200,0.0001,1,25,0,0.1931,0.888889,8285.86
8034,KB3,ARQ,Default,200,0.0001,1,25,0,0.1969,0.888889,8125.95
8035,KB3,ARQ,Default,200,0.0001,1,25,0,0.1912,0.888889,8368.2
8036,KB3,ARQ,Default,200,0.0001,1,25,0,0.193,0.888889,8290.16
8037,KB3,ARQ,Default,200,0.0001,1,25,1,0.1963,0.854701,8150.79
8038,KB3,ARQ,Default,200,0.0001,1,25,0,0.1941,0.888889,8243.17
8039,KB3,ARQ,Default,200,0.0001,1,25,0,0.1924,0.888889,8316.01
8040,KB3,ARQ,Default,200,0.0001,1,25,1,0.1948,0.854701,8213.55
8041,KB3,ARQ,Default,200,0.0001,1,25,1,0.1987,0.854701,8052.34
8042,KB3,ARQ,Default,200,0.0001,1,25,0,0.1931,0.888889,8285.86
8043,KB3,ARQ,Default,200,0.0001,1,25,0,0.1919,0.888889,8337.68
8044,KB3,ARQ,Default,200,0.0001,1,25,0,0.1922,0.888889,8324.66
8045,KB3,ARQ,Default,200,0.0001,1,25,0,0.1949,0.888889,8209.34
8046,KB3,ARQ,Default,200,0.0001,1,25,0,0.1933,0.888889,8277.29
8047,KB3,ARQ,Default,200,0.0001,1,25,1,0.1949,0.854701,8209.34
8048,KB3,ARQ,Default,200,0.0001,1,25,0,0.1924,0.888889,8316.01
8049,KB3,ARQ,Default,200,0.0001,1,25,1,0.1984,0.854701,8064.52
8050,KB3,ARQ,Default,200,0.0001,1,25,0,0.1939,0.888889,8251.68
8051,KB3,ARQ,Default,200,0.0001,1,25,0,0.1921,0.888889,8329
8052,KB3,ARQ,Default,200,0.0001,1,25,0,0.1918,0.888889,8342.02
8053,KB3,ARQ,Default,200,0.0001,1,25,0,0.2163,0.888889,7397.13
8054,KB3,ARQ,Default,200,0.0001,1,25,0,0.2211,0.888889,7236.54
8055,KB3,ARQ,Default,200,0.0001,1,25,1,0.2279,0.854701,7020.62
8056,KB3,ARQ,Default,200,0.0001,1,25,0,0.2005,0.888889,7980.05
8057,KB3,ARQ,Default,200,0.0001,1,25,0,0.2453,0.888889,6522.63
8058,KB3,ARQ,Default,200,0.0001,1,25,0,0.1938,0.888889,8255.93
8059,KB3,ARQ,Default,200,0.0001,1,25,0,0.1921,0.888889,8329
8060,KB3,ARQ,Default,200,0.0001,1,25,0,0.1942,0.888889,8238.93
8061,KB3,ARQ,Default,200,0.0001,1,25,0,0.2076,0.888889,7707.13
8062,KB3,ARQ,Default,200,0.0001,1,25,0,0.1944,0.888889,8230.45
8063,KB3,ARQ,Default,200,0.0001,1,25,0,0.1939,0.888889,8251.68
8064,KB3,ARQ,Default,200,0.0001,1,25,2,0.229,0.823045,6986.9
8065,KB3,ARQ,Default,200,0.0001,1,25,0,0.1942,0.888889,8238.93
8066,KB3,ARQ,Default,200,0.0001,1,25,0,0.195,0.888889,8205.13
8067,KB3,ARQ,Default,200,0.0001,1,25,0,0.1917,0.888889,8346.37
8068,KB3,ARQ,Default,200,0.0001,1,25,0,0.1931,0.888889,8285.86
8069,KB3,ARQ,Default,200,0.0001,1,25,0,0.1938,0.888889,8255.93
8070,KB3,ARQ,Default,200,0.0001,1,25,0,0.1925,0.888889,8311.69
8071,KB3,ARQ,Default,200,0.0001,1,25,0,0.1947,0.888889,8217.77
8072,KB3,ARQ,Default,200,0.0001,1,25,1,0.196,0.854701,8163.27
8073,KB3,ARQ,Default,200,0.0001,1,25,0,0.1921,0.888889,8329
8074,KB3,ARQ,Default,200,0.0001,1,25,0,0.1943,0.888889,8234.69
8075,KB3,ARQ,Default,200,0.0001,1,25,0,0.2547,0.888889,6281.9
8076,KB3,ARQ,Default,200,0.0001,1,25,0,0.2073,0.888889,7718.28
8077,KB3,ARQ,Default,200,0.0001,1,25,0,0.1924,0.888889,8316.01
8078,KB3,ARQ,Default,200,0.0001,1,25,0,0.1936,0.888889,8264.46
8079,KB3,ARQ,Default,200,0.0001,1,25,0,0.1942,0.888889,8238.93
8080,KB3,ARQ,Default,200,0.0001,1,25,0,0.1929,0.888889,8294.45
8081,KB3,ARQ,Default,200,0.0001,1,25,0,0.1921,0.888889,8329
8082,KB3,ARQ,Default,200,0.0001,1,25,0,0.1949,0.888889,8209.34
8083,KB3,ARQ,Default,200,0.0001,1,25,0,0.192,0.888889,8333.33
8084,KB3,ARQ,Default,200,0.0001,1,25,0,0.1918,0.888889,8342.02
8085,KB3,ARQ,Default,200,0.0001,1,25,0,0.1928,0.888889,8298.76
8086,KB3,ARQ,Default,200,0.0001,1,25,0,0.1944,0.888889,8230.45
8087,KB3,ARQ,Default,200,0.0001,1,25,1,0.1957,0.854701,8175.78
8088,KB3,ARQ,Default,200,0.0001,1,25,0,0.1914,0.888889,8359.46
8089,KB3,ARQ,Default,200,0.0001,1,25,0,0.1934,0.888889,8273.01
8090,KB3,ARQ,Default,200,0.0001,1,25,0,0.1953,0.888889,8192.52
8091,KB3,ARQ,Default,200,0.0001,1,25,0,0.1928,0.888889,8298.76
8092,KB3,ARQ,Default,200,0.0001,1,25,0,0.1936,0.888889,8264.46
8093,KB3,ARQ,Default,200,0.0001,1,25,0,0.1936,0.888889,8264.46
8094,KB3,ARQ,Default,200,0.0001,1,25,0,0.1942,0.888889,8238.93
8095,KB3,ARQ,Default,200,0.0001,1,25,1,0.1955,0.854701,8184.14
8096,KB3,ARQ,Default,200,0.0001,1,25,0,0.1933,0.888889,8277.29
8097,KB3,ARQ,Default,200,0.0001,1,25,0,0.1927,0.888889,8303.06
8098,KB3,ARQ,Default,200,0.0001,1,25,0,0.1941,0.888889,8243.17
8099,KB3,ARQ,Default,200,0.0001,1,25,0,0.1922,0.888889,8324.66
8100,KB3,ARQ,Default,200,0.0001,1,25,0,0.1918,0.888889,8342.02
8101,KB3,ARQ,Default,200,0.0001,1,25,0,0.1926,0.888889,8307.37
8102,KB3,ARQ,Default,200,0.0001,1,25,0,0.1954,0.888889,8188.33
8103,KB3,ARQ,Default,200,0.0001,1,25,0,0.1935,0.888889,8268.73
8104,KB3,ARQ,Default,200,0.0001,1,25,1,0.1968,0.854701,8130.08
8105,KB3,ARQ,Default,200,0.0001,1,25,0,0.1926,0.888889,8307.37
8106,KB3,ARQ,Default,200,0.0001,1,25,0,0.1936,0.888889,8264.46
8107,KB3,ARQ,Default,200,0.0001,1,25,1,0.196,0.854701,8163.27
8108,KB3,ARQ,Default,200,0.0001,1,25,0,0.1928,0.888889,8298.76
8109,KB3,ARQ,Default,200,0.0001,1,25,0,0.1914,0.888889,8359.46
8110,KB3,ARQ,Default,200,0.0001,1,25,0,0.1925,0.888889,8311.69
8111,KB3,ARQ,Default,200,0.0001,1,25,1,0.1957,0.854701,8175.78
8112,KB3,ARQ,Default,200,0.0001,1,25,0,0.1925,0.888889,8311.69
8113,KB3,ARQ,Default,200,0.0001,1,25,0,0.1937,0.888889,8260.2
8114,KB3,ARQ,Default,200,0.0001,1,25,0,0.2085,0.888889,7673.86
8115,KB3,ARQ,Default,200,0.0001,1,25,0,0.1936,0.888889,8264.46
8116,KB3,ARQ,Default,200,0.0001,1,25,1,0.196,0.854701,8163.27
8117,KB3,ARQ,Default,200,0.0001,1,25,0,0.1925,0.888889,8311.69
8118,KB3,ARQ,Default,200,0.0001,1,25,0,0.1926,0.888889,8307.37
8119,KB3,ARQ,Default,200,0.0001,1,25,0,0.1935,0.888889,8268.73
8120,KB3,ARQ,Default,200,0.0001,1,25,0,0.1933,0.888889,8277.29
8121,KB3,ARQ,Default,200,0.0001,1,25,1,0.1969,0.854701,8125.95
8122,KB3,ARQ,Default,200,0.0001,1,25,1,0.1969,0.854701,8125.95
8123,KB3,ARQ,Default,200,0.0001,1,25,0,0.1937,0.888889,8260.2
8124,KB3,ARQ,Default,200,0.0001,1,25,0,0.1921,0.888889,8329
8125,KB3,ARQ,Default,200,0.0001,1,25,0,0.193,0.888889,8290.16
8126,KB3,ARQ,Default,200,0.0001,1,25,0,0.1942,0.888889,8238.93
8127,KB3,ARQ,Default,200,0.0001,1,25,0,0.1933,0.888889,8277.29
8128,KB3,ARQ,Default,200,0.0001,1,25,0,0.1922,0.888889,8324.66
8129,KB3,ARQ,Default,200,0.0001,1,25,0,0.2027,0.888889,7893.44
8130,KB3,ARQ,Default,200,0.0001,1,25,0,0.1931,0.888889,8285.86
8131,KB3,ARQ,Default,200,0.0001,1,25,1,0.1947,0.854701,8217.77
8132,KB3,ARQ,Default,200,0.0001,1,25,2,0.204,0.823045,7843.14
8133,KB3,ARQ,Default,200,0.0001,1,25,0,0.1925,0.888889,8311.69
8134,KB3,ARQ,Default,200,0.0001,1,25,0,0.1947,0.888889,8217.77
8135,KB3,ARQ,Default,200,0.0001,1,25,1,0.1951,0.854701,8200.92
8136,KB3,ARQ,Default,200,0.0001,1,25,0,0.1936,0.888889,8264.46
8137,KB3,ARQ,Default,200,0.0001,1,25,0,0.1932,0.888889,8281.57
8138,KB3,ARQ,Default,200,0.0001,1,25,1,0.1971,0.854701,8117.71
8139,KB3,ARQ,Default,200,0.0001,1,25,0,0.1928,0.888889,8298.76
8140,KB3,ARQ,Default,200,0.0001,1,25,0,0.2393,0.888889,6686.17
8141,KB3,ARQ,Default,200,0.0001,1,25,0,0.1919,0.888889,8337.68
8142,KB3,ARQ,Default,200,0.0001,1,25,0,0.193,0.888889,8290.16
8143,KB3,ARQ,Default,200,0.0001,1,25,0,0.1925,0.888889,8311.69
8144,KB3,ARQ,Default,200,0.0001,1,25,0,0.1936,0.888889,8264.46
8145,KB3,ARQ,Default,200,0.0001,1,25,0,0.1938,0.888889,8255.93
8146,KB3,ARQ,Default,200,0.0001,1,25,0,0.1928,0.888889,8298.76
8147,KB3,ARQ,Default,200,0.0001,1,25,1,0.1961,0.854701,8159.1
8148,KB3,ARQ,Default,200,0.0001,1,25,0,0.1942,0.888889,8238.93
8149,KB3,ARQ,Default,200,0.0001,1,25,0,0.1912,0.888889,8368.2
8150,KB3,ARQ,Default,200,0.0001,1,25,0,0.1954,0.888889,8188.33
8151,KB3,ARQ,Default,200,0.0001,1,25,0,0.1946,0.888889,8221.99
8152,KB3,ARQ,Default,200,0.0001,1,25,0,0.1936,0.888889,8264.46
8153,KB3,ARQ,Default,200,0.0001,1,25,0,0.1918,0.888889,8342.02
8154,KB3,ARQ,Default,200,0.0001,1,25,0,0.1929,0.888889,8294.45
8155,KB3,ARQ,Default,200,0.0001,1,25,1,0.197,0.854701,8121.83
8156,KB3,ARQ,Default,200,0.0001,1,25,0,0.1921,0.888889,8329
8157,KB3,ARQ,Default,200,0.0001,1,25,0,0.193,0.888889,8290.16
8158,KB3,ARQ,Default,200,0.0001,1,25,0,0.1924,0.888889,8316.01
8159,KB3,ARQ,Default,200,0.0001,1,25,0,0.1953,0.888889,8192.52
8160,KB3,ARQ,Default,200,0.0001,1,25,1,0.1967,0.854701,8134.21
8161,KB3,ARQ,Default,200,0.0001,1,25,0,0.1911,0.888889,8372.58
8162,KB3,ARQ,Default,200,0.0001,1,25,0,0.1935,0.888889,8268.73
8163,KB3,ARQ,Default,200,0.0001,1,25,0,0.1931,0.888889,8285.86
8164,KB3,ARQ,Default,200,0.0001,1,25,1,0.197,0.854701,8121.83
8165,KB3,ARQ,Default,200,0.0001,1,25,0,0.1911,0.888889,8372.58
8166,KB3,ARQ,Default,200,0.0001,1,25,1,0.1954,0.854701,8188.33
8167,KB3,ARQ,Default,200,0.0001,1,25,0,0.1949,0.888889,8209.34
8168,KB3,ARQ,Default,200,0.0001,1,25,0,0.1925,0.888889,8311.69
8169,KB3,ARQ,Default,200,0.0001,1,25,0,0.1919,0.888889,8337.68
8170,KB3,ARQ,Default,200,0.0001,1,25,2,0.2038,0.823045,7850.83
8171,KB3,ARQ,Default,200,0.0001,1,25,0,0.1948,0.888889,8213.55
8172,KB3,ARQ,Default,200,0.0001,1,25,0,0.192,0.888889,8333.33
8173,KB3,ARQ,Default,200,0.0001,1,25,0,0.1925,0.888889,8311.69
8174,KB3,ARQ,Default,200,0.0001,1,25,0,0.1943,0.888889,8234.69
8175,KB3,ARQ,Default,200,0.0001,1,25,0,0.245,0.888889,6530.61
8176,KB3,ARQ,Default,200,0.0001,1,25,0,0.1922,0.888889,8324.66
8177,KB3,ARQ,Default,200,0.0001,1,25,0,0.1933,0.888889,8277.29
8178,KB3,ARQ,Default,200,0.0001,1,25,0,0.1934,0.888889,8273.01
8179,KB3,ARQ,Default,200,0.0001,1,25,0,0.1934,0.888889,8273.01
8180,KB3,ARQ,Default,200,0.0001,1,25,0,0.192,0.888889,8333.33
8181,KB3,ARQ,Default,200,0.0001,1,25,1,0.1962,0.854701,8154.94
8182,KB3,ARQ,Default,200,0.0001,1,25,0,0.1939,0.888889,8251.68
8183,KB3,ARQ,Default,200,0.0001,1,25,0,0.1934,0.888889,8273.01
8184,KB3,ARQ,Default,200,0.0001,1,25,0,0.1931,0.888889,8285.86
8185,KB3,ARQ,Default,200,0.0001,1,25,0,0.1924,0.888889,8316.01
8186,KB3,ARQ,Default,200,0.0001,1,25,0,0.1945,0.888889,8226.22
8187,KB3,ARQ,Default,200,0.0001,1,25,2,0.2041,0.823045,7839.29
8188,KB3,ARQ,Default,200,0.0001,1,25,0,0.1929,0.888889,8294.45
8189,KB3,ARQ,Default,200,0.0001,1,25,0,0.191,0.888889,8376.96
8190,KB3,ARQ,Default,200,0.0001,1,25,0,0.1928,0.888889,8298.76
8191,KB3,ARQ,Default,200,0.0001,1,25,0,0.1929,0.888889,8294.45
8192,KB3,ARQ,Default,200,0.0001,1,25,0,0.1916,0.888889,8350.73
8193,KB3,ARQ,Default,200,0.0001,1,25,0,0.1919,0.888889,8337.68
8194,KB3,ARQ,Default,200,0.0001,1,25,0,0.1938,0.888889,8255.93
8195,KB3,ARQ,Default,200,0.0001,1,25,0,0.1927,0.888889,8303.06
8196,KB3,ARQ,Default,200,0.0001,1,25,0,0.1914,0.888889,8359.46
8197,KB3,ARQ,Default,200,0.0001,1,25,0,0.193,0.888889,8290.16
8198,KB3,ARQ,Default,200,0.0001,1,25,0,0.1931,0.888889,8285.86
8199,KB3,ARQ,Default,200,0.0001,1,25,0,0.1948,0.888889,8213.55
8200,KB3,ARQ,Default,200,0.0001,1,25,0,0.1922,0.888889,8324.66
8201,KB3,ARQ,Default,200,0.0001,1,25,0,0.1931,0.888889,8285.86
8202,KB3,ARQ,Default,200,0.0001,1,25,1,0.1974,0.854701,8105.37
8203,KB3,ARQ,Default,200,0.0001,1,25,0,0.1919,0.888889,8337.68
8204,KB3,ARQ,Default,200,0.0001,1,25,0,0.193,0.888889,8290.16
8205,KB3,ARQ,Default,200,0.0001,1,25,0,0.193,0.888889,8290.16
8206,KB3,ARQ,Default,200,0.0001,1,25,0,0.1919,0.888889,8337.68
8207,KB3,ARQ,Default,200,0.0001,1,25,0,0.1933,0.888889,8277.29
8208,KB3,ARQ,Default,200,0.0001,1,25,1,0.1955,0.854701,8184.14
8209,KB3,ARQ,Default,200,0.0001,1,25,0,0.1909,0.888889,8381.35
8210,KB3,ARQ,Default,200,0.0001,1,25,0,0.1933,0.888889,8277.29
8211,KB3,ARQ,Default,200,0.0001,1,25,1,0.1981,0.854701,8076.73
8212,KB3,ARQ,Default,200,0.0001,1,25,0,0.192,0.888889,8333.33
8213,KB3,ARQ,Default,200,0.0001,1,25,0,0.1943,0.888889,8234.69
8214,KB3,ARQ,Default,200,0.0001,1,25,0,0.1913,0.888889,8363.83
8215,KB3,ARQ,Default,200,0.0001,1,25,0,0.1937,0.888889,8260.2
8216,KB3,ARQ,Default,200,0.0001,1,25,1,0.1973,0.854701,8109.48
8217,KB3,ARQ,Default,200,0.0001,1,25,0,0.1947,0.888889,8217.77
8218,KB3,ARQ,Default,200,0.0001,1,25,0,0.1914,0.888889,8359.46
8219,KB3,ARQ,Default,200,0.0001,1,25,0,0.1932,0.888889,8281.57
8220,KB3,ARQ,Default,200,0.0001,1,25,0,0.1908,0.888889,8385.74
8221,KB3,ARQ,Default,200,0.0001,1,25,0,0.1927,0.888889,8303.06
8222,KB3,ARQ,Default,200,0.0001,1,25,0,0.192,0.888889,8333.33
8223,KB3,ARQ,Default,200,0.0001,1,25,0,0.1934,0.888889,8273.01
8224,KB3,ARQ,Default,200,0.0001,1,25,0,0.1922,0.888889,8324.66
8225,KB3,ARQ,Default,200,0.0001,1,25,0,0.1928,0.888889,8298.76
8226,KB3,ARQ,Default,200,0.0001,1,25,0,0.1912,0.888889,8368.2
8227,KB3,ARQ,Default,200,0.0001,1,25,1,0.1956,0.854701,8179.96
8228,KB3,ARQ,Default,200,0.0001,1,25,0,0.193,0.888889,8290.16
8229,KB3,ARQ,Default,200,0.0001,1,25,0,0.194,0.888889,8247.42
8230,KB3,ARQ,Default,200,0.0001,1,25,0,0.192,0.888889,8333.33
8231,KB3,ARQ,Default,200,0.0001,1,25,0,0.1937,0.888889,8260.2
8232,KB3,ARQ,Default,200,0.0001,1,25,0,0.1923,0.888889,8320.33
8233,KB3,ARQ,Default,200,0.0001,1,25,0,0.1932,0.888889,8281.57
8234,KB3,ARQ,Default,200,0.0001,1,25,0,0.1926,0.888889,8307.37
8235,KB3,ARQ,Default,200,0.0001,1,25,0,0.1944,0.888889,8230.45
8236,KB3,ARQ,Default,200,0.0001,1,25,0,0.1938,0.888889,8255.93
8237,KB3,ARQ,Default,200,0.0001,1,25,0,0.2203,0.888889,7262.82
8238,KB3,ARQ,Default,200,0.0001,1,25,0,0.2027,0.888889,7893.44
8239,KB3,ARQ,Default,200,0.0001,1,25,0,0.194,0.888889,8247.42
8240,KB3,ARQ,Default,200,0.0001,1,25,0,0.1937,0.888889,8260.2
8241,KB3,ARQ,Default,200,0.0001,1,25,1,0.1967,0.854701,8134.21
8242,KB3,ARQ,Default,200,0.0001,1,25,0,0.1922,0.888889,8324.66
8243,KB3,ARQ,Default,200,0.0001,1,25,0,0.194,0.888889,8247.42
8244,KB3,ARQ,Default,200,0.0001,1,25,0,0.2025,0.888889,7901.23
8245,KB3,ARQ,Default,200,0.0001,1,25,0,0.192,0.888889,8333.33
8246,KB3,ARQ,Default,200,0.0001,1,25,0,0.192,0.888889,8333.33
8247,KB3,ARQ,Default,200,0.0001,1,25,0,0.1939,0.888889,8251.68
8248,KB3,ARQ,Default,200,0.0001,1,25,1,0.198,0.854701,8080.81
8249,KB3,ARQ,Default,200,0.0001,1,25,0,0.1918,0.888889,8342.02
8250,KB3,ARQ,Default,200,0.0001,1,25,0,0.193,0.888889,8290.16
8251,KB3,ARQ,Default,200,0.0001,1,25,0,0.1932,0.888889,8281.57
8252,KB3,ARQ,Default,200,0.0001,1,25,0,0.1936,0.888889,8264.46
8253,KB3,ARQ,Default,200,0.0001,1,25,0,0.1926,0.888889,8307.37
8254,KB3,ARQ,Default,200,0.0001,1,25,0,0.1922,0.888889,8324.66
8255,KB3,ARQ,Default,200,0.0001,1,25,0,0.1917,0.888889,8346.37
8256,KB3,ARQ,Default,200,0.0001,1,25,1,0.1971,0.854701,8117.71
8257,KB3,ARQ,Default,200,0.0001,1,25,1,0.1972,0.854701,8113.59
8258,KB3,ARQ,Default,200,0.0001,1,25,1,0.1968,0.854701,8130.08
8259,KB3,ARQ,Default,200,0.0001,1,25,0,0.1958,0.888889,8171.6
8260,KB3,ARQ,Default,200,0.0001,1,25,0,0.1947,0.888889,8217.77
8261,KB3,ARQ,Default,200,0.0001,1,25,0,0.193,0.888889,8290.16
8262,KB3,ARQ,Default,200,0.0001,1,25,3,0.2082,0.793651,7684.92
8263,KB3,ARQ,Default,200,0.0001,1,25,0,0.1952,0.888889,8196.72
8264,KB3,ARQ,Default,200,0.0001,1,25,0,0.1933,0.888889,8277.29
8265,KB3,ARQ,Default,200,0.0001,1,25,0,0.1919,0.888889,8337.68
8266,KB3,ARQ,Default,200,0.0001,1,25,0,0.1925,0.888889,8311.69
8267,KB3,ARQ,Default,200,0.0001,1,25,0,0.1953,0.888889,8192.52
8268,KB3,ARQ,Default,200,0.0001,1,25,0,0.1936,0.888889,8264.46
8269,KB3,ARQ,Default,200,0.0001,1,25,0,0.1933,0.888889,8277.29
8270,KB3,ARQ,Default,200,0.0001,1,25,0,0.1918,0.888889,8342.02
8271,KB3,ARQ,Default,200,0.0001,1,25,0,0.1952,0.888889,8196.72
8272,KB3,ARQ,Default,200,0.0001,1,25,1,0.1972,0.854701,8113.59
8273,KB3,ARQ,Default,200,0.0001,1,25,0,0.1911,0.888889,8372.58
8274,KB3,ARQ,Default,200,0.0001,1,25,0,0.1923,0.888889,8320.33
8275,KB3,ARQ,Default,200,0.0001,1,25,0,0.1953,0.888889,8192.52
8276,KB3,ARQ,Default,200,0.0001,1,25,0,0.1924,0.888889,8316.01
8277,KB3,ARQ,Default,200,0.0001,1,25,0,0.1909,0.888889,8381.35
8278,KB3,ARQ,Default,200,0.0001,1,25,0,0.1913,0.888889,8363.83
8279,KB3,ARQ,Default,200,0.0001,1,25,1,0.1982,0.854701,8072.65
8280,KB3,ARQ,Default,200,0.0001,1,25,0,0.1938,0.888889,8255.93
8281,KB3,ARQ,Default,200,0.0001,1,25,0,0.1925,0.888889,8311.69
8282,KB3,ARQ,Default,200,0.0001,1,25,0,0.1923,0.888889,8320.33
8283,KB3,ARQ,Default,200,0.0001,1,25,0,0.1948,0.888889,8213.55
8284,KB3,ARQ,Default,200,0.0001,1,25,1,0.1961,0.854701,8159.1
8285,KB3,ARQ,Default,200,0.0001,1,25,1,0.1965,0.854701,8142.49
8286,KB3,ARQ,Default,200,0.0001,1,25,0,0.1921,0.888889,8329
8287,KB3,ARQ,Default,200,0.0001,1,25,1,0.1973,0.854701,8109.48
8288,KB3,ARQ,Default,200,0.0001,1,25,0,0.1946,0.888889,8221.99
8289,KB3,ARQ,Default,200,0.0001,1,25,0,0.193,0.888889,8290.16
8290,KB3,ARQ,Default,200,0.0001,1,25,1,0.1955,0.854701,8184.14
8291,KB3,ARQ,Default,200,0.0001,1,25,0,0.1948,0.888889,8213.55
8292,KB3,ARQ,Default,200,0.0001,1,25,1,0.1968,0.854701,8130.08
8293,KB3,ARQ,Default,200,0.0001,1,25,0,0.1907,0.888889,8390.14
8294,KB3,ARQ,Default,200,0.0001,1,25,0,0.1931,0.888889,8285.86
8295,KB3,ARQ,Default,200,0.0001,1,25,0,0.1938,0.888889,8255.93
8296,KB3,ARQ,Default,200,0.0001,1,25,0,0.1922,0.888889,8324.66
8297,KB3,ARQ,Default,200,0.0001,1,25,0,0.1933,0.888889,8277.29
8298,KB3,ARQ,Default,200,0.0001,1,25,0,0.2491,0.888889,6423.12
8299,KB3,ARQ,Default,200,0.0001,1,25,0,0.192,0.888889,8333.33
8300,KB3,ARQ,Default,200,0.0001,1,25,0,0.1928,0.888889,8298.76
8301,KB3,ARQ,Default,200,0.0001,1,25,0,0.1921,0.888889,8329
8302,KB3,ARQ,Default,200,0.0001,1,25,0,0.1943,0.888889,8234.69
8303,KB3,ARQ,Default,200,0.0001,1,25,0,0.193,0.888889,8290.16
8304,KB3,ARQ,Default,200,0.0001,1,25,0,0.194,0.888889,8247.42
8305,KB3,ARQ,Default,200,0.0001,1,25,1,0.1994,0.854701,8024.07
8306,KB3,ARQ,Default,200,0.0001,1,25,0,0.191,0.888889,8376.96
8307,KB3,ARQ,Default,200,0.0001,1,25,0,0.1927,0.888889,8303.06
8308,KB3,ARQ,Default,200,0.0001,1,25,0,0.1937,0.888889,8260.2
8309,KB3,ARQ,Default,200,0.0001,1,25,1,0.2117,0.854701,7557.86
8310,KB3,ARQ,Default,200,0.0001,1,25,1,0.2004,0.854701,7984.03
8311,KB3,ARQ,Default,200,0.0001,1,25,0,0.1964,0.888889,8146.64
8312,KB3,ARQ,Default,200,0.0001,1,25,0,0.1989,0.888889,8044.24
8313,KB3,ARQ,Default,200,0.0001,1,25,0,0.1987,0.888889,8052.34
8314,KB3,ARQ,Default,200,0.0001,1,25,0,0.1977,0.888889,8093.07
8315,KB3,ARQ,Default,200,0.0001,1,25,0,0.1973,0.888889,8109.48
8316,KB3,ARQ,Default,200,0.0001,1,25,0,0.1987,0.888889,8052.34
8317,KB3,ARQ,Default,200,0.0001,1,25,0,0.1964,0.888889,8146.64
8318,KB3,ARQ,Default,200,0.0001,1,25,0,0.1968,0.888889,8130.08
8319,KB3,ARQ,Default,200,0.0001,1,25,0,0.1975,0.888889,8101.27
8320,KB3,ARQ,Default,200,0.0001,1,25,1,0.2038,0.854701,7850.83
8321,KB3,ARQ,Default,200,0.0001,1,25,0,0.198,0.888889,8080.81
8322,KB3,ARQ,Default,200,0.0001,1,25,1,0.1996,0.854701,8016.03
8323,KB3,ARQ,Default,200,0.0001,1,25,1,0.202,0.854701,7920.79
8324,KB3,ARQ,Default,200,0.0001,1,25,0,0.2074,0.888889,7714.56
8325,KB3,ARQ,Default,200,0.0001,1,25,0,0.1964,0.888889,8146.64
8326,KB3,ARQ,Default,200,0.0001,1,25,0,0.1969,0.888889,8125.95
8327,KB3,ARQ,Default,200,0.0001,1,25,0,0.1967,0.888889,8134.21
8328,KB3,ARQ,Default,200,0.0001,1,25,1,0.2023,0.854701,7909.05
8329,KB3,ARQ,Default,200,0.0001,1,25,0,0.1964,0.888889,8146.64
8330,KB3,ARQ,Default,200,0.0001,1,25,0,0.1975,0.888889,8101.27
8331,KB3,ARQ,Default,200,0.0001,1,25,0,0.1962,0.888889,8154.94
8332,KB3,ARQ,Default,200,0.0001,1,25,0,0.1991,0.888889,8036.16
8333,KB3,ARQ,Default,200,0.0001,1,25,0,0.1986,0.888889,8056.39
8334,KB3,ARQ,Default,200,0.0001,1,25,0,0.1969,0.888889,8125.95
8335,KB3,ARQ,Default,200,0.0001,1,25,0,0.1958,0.888889,8171.6
8336,KB3,ARQ,Default,200,0.0001,1,25,0,0.1997,0.888889,8012.02
8337,KB3,ARQ,Default,200,0.0001,1,25,0,0.1962,0.888889,8154.94
8338,KB3,ARQ,Default,200,0.0001,1,25,0,0.1964,0.888889,8146.64
8339,KB3,ARQ,Default,200,0.0001,1,25,0,0.1972,0.888889,8113.59
8340,KB3,ARQ,Default,200,0.0001,1,25,0,0.197,0.888889,8121.83
8341,KB3,ARQ,Default,200,0.0001,1,25,1,0.2016,0.854701,7936.51
8342,KB3,ARQ,Default,200,0.0001,1,25,1,0.1997,0.854701,8012.02
8343,KB3,ARQ,Default,200,0.0001,1,25,0,0.1983,0.888889,8068.58
8344,KB3,ARQ,Default,200,0.0001,1,25,0,0.1973,0.888889,8109.48
8345,KB3,ARQ,Default,200,0.0001,1,25,0,0.1964,0.888889,8146.64
8346,KB3,ARQ,Default,200,0.0001,1,25,0,0.196,0.888889,8163.27
8347,KB3,ARQ,Default,200,0.0001,1,25,0,0.1978,0.888889,8088.98
8348,KB3,ARQ,Default,200,0.0001,1,25,0,0.199,0.888889,8040.2
8349,KB3,ARQ,Default,200,0.0001,1,25,0,0.1982,0.888889,8072.65
8350,KB3,ARQ,Default,200,0.0001,1,25,1,0.1993,0.854701,8028.1
8351,KB3,ARQ,Default,200,0.0001,1,25,0,0.1974,0.888889,8105.37
8352,KB3,ARQ,Default,200,0.0001,1,25,0,0.1983,0.888889,8068.58
8353,KB3,ARQ,Default,200,0.0001,1,25,2,0.2086,0.823045,7670.18
8354,KB3,ARQ,Default,200,0.0001,1,25,0,0.1976,0.888889,8097.17
8355,KB3,ARQ,Default,200,0.0001,1,25,0,0.1952,0.888889,8196.72
8356,KB3,ARQ,Default,200,0.0001,1,25,0,0.1986,0.888889,8056.39
8357,KB3,ARQ,Default,200,0.0001,1,25,0,0.1985,0.888889,8060.45
8358,KB3,ARQ,Default,200,0.0001,1,25,0,0.2072,0.888889,7722.01
8359,KB3,ARQ,Default,200,0.0001,1,25,0,0.1964,0.888889,8146.64
8360,KB3,ARQ,Default,200,0.0001,1,25,2,0.2145,0.823045,7459.21
8361,KB3,ARQ,Default,200,0.0001,1,25,0,0.1973,0.888889,8109.48
8362,KB3,ARQ,Default,200,0.0001,1,25,0,0.1994,0.888889,8024.07
8363,KB3,ARQ,Default,200,0.0001,1,25,0,0.1961,0.888889,8159.1
8364,KB3,ARQ,Default,200,0.0001,1,25,0,0.198,0.888889,8080.81
8365,KB3,ARQ,Default,200,0.0001,1,25,0,0.1984,0.888889,8064.52
8366,KB3,ARQ,Default,200,0.0001,1,25,0,0.1954,0.888889,8188.33
8367,KB3,ARQ,Default,200,0.0001,1,25,0,0.1967,0.888889,8134.21
8368,KB3,ARQ,Default,200,0.0001,1,25,0,0.1973,0.888889,8109.48
8369,KB3,ARQ,Default,200,0.0001,1,25,0,0.197,0.888889,8121.83
8370,KB3,ARQ,Default,200,0.0001,1,25,0,0.1981,0.888889,8076.73
8371,KB3,ARQ,Default,200,0.0001,1,25,0,0.1969,0.888889,8125.95
8372,KB3,ARQ,Default,200,0.0001,1,25,0,0.1978,0.888889,8088.98
8373,KB3,ARQ,Default,200,0.0001,1,25,1,0.204,0.854701,7843.14
8374,KB3,ARQ,Default,200,0.0001,1,25,0,0.1967,0.888889,8134.21
8375,KB3,ARQ,Default,200,0.0001,1,25,0,0.1983,0.888889,8068.58
8376,KB3,ARQ,Default,200,0.0001,1,25,1,0.2025,0.854701,7901.23
8377,KB3,ARQ,Default,200,0.0001,1,25,1,0.2019,0.854701,7924.72
8378,KB3,ARQ,Default,200,0.0001,1,25,0,0.1971,0.888889,8117.71
8379,KB3,ARQ,Default,200,0.0001,1,25,0,0.197,0.888889,8121.83
8380,KB3,ARQ,Default,200,0.0001,1,25,1,0.2028,0.854701,7889.55
8381,KB3,ARQ,Default,200,0.0001,1,25,1,0.2023,0.854701,7909.05
8382,KB3,ARQ,Default,200,0.0001,1,25,0,0.1969,0.888889,8125.95
8383,KB3,ARQ,Default,200,0.0001,1,25,0,0.1969,0.888889,8125.95
8384,KB3,ARQ,Default,200,0.0001,1,25,0,0.204,0.888889,7843.14
8385,KB3,ARQ,Default,200,0.0001,1,25,0,0.1993,0.888889,8028.1
8386,KB3,ARQ,Default,200,0.0001,1,25,0,0.1975,0.888889,8101.27
8387,KB3,ARQ,Default,200,0.0001,1,25,0,0.1968,0.888889,8130.08
8388,KB3,ARQ,Default,200,0.0001,1,25,0,0.1996,0.888889,8016.03
8389,KB3,ARQ,Default,200,0.0001,1,25,0,0.1978,0.888889,8088.98
8390,KB3,ARQ,Default,200,0.0001,1,25,1,0.2009,0.854701,7964.16
8391,KB3,ARQ,Default,200,0.0001,1,25,0,0.1978,0.888889,8088.98
8392,KB3,ARQ,Default,200,0.0001,1,25,0,0.1981,0.888889,8076.73
8393,KB3,ARQ,Default,200,0.0001,1,25,0,0.1977,0.888889,8093.07
8394,KB3,ARQ,Default,200,0.0001,1,25,0,0.1985,0.888889,8060.45
8395,KB3,ARQ,Default,200,0.0001,1,25,2,0.2081,0.823045,7688.61
8396,KB3,ARQ,Default,200,0.0001,1,25,0,0.198,0.888889,8080.81
8397,KB3,ARQ,Default,200,0.0001,1,25,1,0.2013,0.854701,7948.34
8398,KB3,ARQ,Default,200,0.0001,1,25,0,0.1971,0.888889,8117.71
8399,KB3,ARQ,Default,200,0.0001,1,25,0,0.1967,0.888889,8134.21
8400,KB3,ARQ,Default,200,0.0001,1,25,0,0.1991,0.888889,8036.16
8401,KB3,ARQ,Default,200,0.0001,1,25,1,0.2031,0.854701,7877.89
8402,KB3,ARQ,Default,200,0.0001,1,25,0,0.198,0.888889,8080.81
8403,KB3,ARQ,Default,200,0.0001,1,25,0,0.1977,0.888889,8093.07
8404,KB3,ARQ,Default,200,0.0001,1,25,1,0.2028,0.854701,7889.55
8405,KB3,ARQ,Default,200,0.0001,1,25,0,0.1982,0.888889,8072.65
8406,KB3,ARQ,Default,200,0.0001,1,25,0,0.1978,0.888889,8088.98
8407,KB3,ARQ,Default,200,0.0001,1,25,0,0.1975,0.888889,8101.27
8408,KB3,ARQ,Default,200,0.0001,1,25,0,0.1968,0.888889,8130.08
8409,KB3,ARQ,Default,200,0.0001,1,25,0,0.1995,0.888889,8020.05
8410,KB3,ARQ,Default,200,0.0001,1,25,0,0.1959,0.888889,8167.43
8411,KB3,ARQ,Default,200,0.0001,1,25,1,0.2004,0.854701,7984.03
8412,KB3,ARQ,Default,200,0.0001,1,25,0,0.1981,0.888889,8076.73
8413,KB3,ARQ,Default,200,0.0001,1,25,0,0.1981,0.888889,8076.73
8414,KB3,ARQ,Default,200,0.0001,1,25,0,0.1964,0.888889,8146.64
8415,KB3,ARQ,Default,200,0.0001,1,25,1,0.2001,0.854701,7996
8416,KB3,ARQ,Default,200,0.0001,1,25,0,0.1978,0.888889,8088.98
8417,KB3,ARQ,Default,200,0.0001,1,25,0,0.1984,0.888889,8064.52
8418,KB3,ARQ,Default,200,0.0001,1,25,0,0.199,0.888889,8040.2
8419,KB3,ARQ,Default,200,0.0001,1,25,0,0.1959,0.888889,8167.43
8420,KB3,ARQ,Default,200,0.0001,1,25,0,0.1962,0.888889,8154.94
8421,KB3,ARQ,Default,200,0.0001,1,25,0,0.1972,0.888889,8113.59
8422,KB3,ARQ,Default,200,0.0001,1,25,0,0.1978,0.888889,8088.98
8423,KB3,ARQ,Default,200,0.0001,1,25,0,0.1951,0.888889,8200.92
8424,KB3,ARQ,Default,200,0.0001,1,25,0,0.1964,0.888889,8146.64
8425,KB3,ARQ,Default,200,0.0001,1,25,1,0.2006,0.854701,7976.07
8426,KB3,ARQ,Default,200,0.0001,1,25,1,0.2086,0.854701,7670.18
8427,KB3,ARQ,Default,200,0.0001,1,25,0,0.1953,0.888889,8192.52
8428,KB3,ARQ,Default,200,0.0001,1,25,0,0.1962,0.888889,8154.94
8429,KB3,ARQ,Default,200,0.0001,1,25,1,0.2035,0.854701,7862.41
8430,KB3,ARQ,Default,200,0.0001,1,25,1,0.2008,0.854701,7968.13
8431,KB3,ARQ,Default,200,0.0001,1,25,0,0.197,0.888889,8121.83
8432,KB3,ARQ,Default,200,0.0001,1,25,0,0.1971,0.888889,8117.71
8433,KB3,ARQ,Default,200,0.0001,1,25,0,0.1987,0.888889,8052.34
8434,KB3,ARQ,Default,200,0.0001,1,25,0,0.1969,0.888889,8125.95
8435,KB3,ARQ,Default,200,0.0001,1,25,0,0.1977,0.888889,8093.07
8436,KB3,ARQ,Default,200,0.0001,1,25,1,0.2008,0.854701,7968.13
8437,KB3,ARQ,Default,200,0.0001,1,25,0,0.1999,0.888889,8004
8438,KB3,ARQ,Default,200,0.0001,1,25,1,0.1989,0.854701,8044.24
8439,KB3,ARQ,Default,200,0.0001,1,25,1,0.1998,0.854701,8008.01
8440,KB3,ARQ,Default,200,0.0001,1,25,0,0.1969,0.888889,8125.95
8441,KB3,ARQ,Default,200,0.0001,1,25,1,0.2027,0.854701,7893.44
8442,KB3,ARQ,Default,200,0.0001,1,25,1,0.2018,0.854701,7928.64
8443,KB3,ARQ,Default,200,0.0001,1,25,0,0.1966,0.888889,8138.35
8444,KB3,ARQ,Default,200,0.0001,1,25,0,0.1978,0.888889,8088.98
8445,KB3,ARQ,Default,200,0.0001,1,25,0,0.1991,0.888889,8036.16
8446,KB3,ARQ,Default,200,0.0001,1,25,0,0.1982,0.888889,8072.65
8447,KB3,ARQ,Default,200,0.0001,1,25,0,0.1982,0.888889,8072.65
8448,KB3,ARQ,Default,200,0.0001,1,25,0,0.199,0.888889,8040.2
8449,KB3,ARQ,Default,200,0.0001,1,25,1,0.2028,0.854701,7889.55
8450,KB3,ARQ,Default,200,0.0001,1,25,0,0.1962,0.888889,8154.94
8451,KB3,ARQ,Default,200,0.0001,1,25,0,0.197,0.888889,8121.83
8452,KB3,ARQ,Default,200,0.0001,1,25,1,0.2014,0.854701,7944.39
8453,KB3,ARQ,Default,200,0.0001,1,25,0,0.1991,0.888889,8036.16
8454,KB3,ARQ,Default,200,0.0001,1,25,0,0.1974,0.888889,8105.37
8455,KB3,ARQ,Default,200,0.0001,1,25,0,0.1961,0.888889,8159.1
8456,KB3,ARQ,Default,200,0.0001,1,25,0,0.1992,0.888889,8032.13
8457,KB3,ARQ,Default,200,0.0001,1,25,0,0.1972,0.888889,8113.59
8458,KB3,ARQ,Default,200,0.0001,1,25,1,0.2011,0.854701,7956.24
8459,KB3,ARQ,Default,200,0.0001,1,25,0,0.1961,0.888889,8159.1
8460,KB3,ARQ,Default,200,0.0001,1,25,1,0.2017,0.854701,7932.57
8461,KB3,ARQ,Default,200,0.0001,1,25,0,0.1974,0.888889,8105.37
8462,KB3,ARQ,Default,200,0.0001,1,25,0,0.1967,0.888889,8134.21
8463,KB3,ARQ,Default,200,0.0001,1,25,0,0.1963,0.888889,8150.79
8464,KB3,ARQ,Default,200,0.0001,1,25,0,0.1983,0.888889,8068.58
8465,KB3,ARQ,Default,200,0.0001,1,25,1,0.2008,0.854701,7968.13
8466,KB3,ARQ,Default,200,0.0001,1,25,0,0.1967,0.888889,8134.21
8467,KB3,ARQ,Default,200,0.0001,1,25,0,0.1965,0.888889,8142.49
8468,KB3,ARQ,Default,200,0.0001,1,25,0,0.1976,0.888889,8097.17
8469,KB3,ARQ,Default,200,0.0001,1,25,0,0.1981,0.888889,8076.73
8470,KB3,ARQ,Default,200,0.0001,1,25,0,0.1976,0.888889,8097.17
8471,KB3,ARQ,Default,200,0.0001,1,25,0,0.1982,0.888889,8072.65
8472,KB3,ARQ,Default,200,0.0001,1,25,0,0.1972,0.888889,8113.59
8473,KB3,ARQ,Default,200,0.0001,1,25,0,0.1997,0.888889,8012.02
8474,KB3,ARQ,Default,200,0.0001,1,25,0,0.1968,0.888889,8130.08
8475,KB3,ARQ,Default,200,0.0001,1,25,0,0.2052,0.888889,7797.27
8476,KB3,ARQ,Default,200,0.0001,1,25,1,0.1996,0.854701,8016.03
8477,KB3,ARQ,Default,200,0.0001,1,25,0,0.1968,0.888889,8130.08
8478,KB3,ARQ,Default,200,0.0001,1,25,0,0.1984,0.888889,8064.52
8479,KB3,ARQ,Default,200,0.0001,1,25,0,0.1973,0.888889,8109.48
8480,KB3,ARQ,Default,200,0.0001,1,25,0,0.1982,0.888889,8072.65
8481,KB3,ARQ,Default,200,0.0001,1,25,1,0.2017,0.854701,7932.57
8482,KB3,ARQ,Default,200,0.0001,1,25,1,0.203,0.854701,7881.77
8483,KB3,ARQ,Default,200,0.0001,1,25,0,0.1977,0.888889,8093.07
8484,KB3,ARQ,Default,200,0.0001,1,25,0,0.1969,0.888889,8125.95
8485,KB3,ARQ,Default,200,0.0001,1,25,0,0.1974,0.888889,8105.37
8486,KB3,ARQ,Default,200,0.0001,1,25,1,0.2018,0.854701,7928.64
8487,KB3,ARQ,Default,200,0.0001,1,25,0,0.1955,0.888889,8184.14
8488,KB3,ARQ,Default,200,0.0001,1,25,0,0.1951,0.888889,8200.92
8489,KB3,ARQ,Default,200,0.0001,1,25,0,0.1976,0.888889,8097.17
8490,KB3,ARQ,Default,200,0.0001,1,25,0,0.1994,0.888889,8024.07
8491,KB3,ARQ,Default,200,0.0001,1,25,0,0.1973,0.888889,8109.48
8492,KB3,ARQ,Default,200,0.0001,1,25,0,0.1951,0.888889,8200.92
8493,KB3,ARQ,Default,200,0.0001,1,25,0,0.1978,0.888889,8088.98
8494,KB3,ARQ,Default,200,0.0001,1,25,0,0.2066,0.888889,7744.43
8495,KB3,ARQ,Default,200,0.0001,1,25,0,0.1975,0.888889,8101.27
8496,KB3,ARQ,Default,200,0.0001,1,25,0,0.1968,0.888889,8130.08
8497,KB3,ARQ,Default,200,0.0001,1,25,0,0.1971,0.888889,8117.71
8498,KB3,ARQ,Default,200,0.0001,1,25,0,0.1997,0.888889,8012.02
8499,KB3,ARQ,Default,200,0.0001,1,25,0,0.1971,0.888889,8117.71
8500,KB3,ARQ,Default,200,0.0001,1,25,2,0.2098,0.823045,7626.31
8501,KB3,ARQ,Default,200,0.0001,1,25,0,0.1999,0.888889,8004
8502,KB3,ARQ,Default,200,0.0001,1,25,0,0.1972,0.888889,8113.59
8503,KB3,ARQ,Default,200,0.0001,1,25,0,0.195,0.888889,8205.13
8504,KB3,ARQ,Default,200,0.0001,1,25,0,0.1961,0.888889,8159.1
8505,KB3,ARQ,Default,200,0.0001,1,25,0,0.1985,0.888889,8060.45
8506,KB3,ARQ,Default,200,0.0001,1,25,0,0.1986,0.888889,8056.39
8507,KB3,ARQ,Default,200,0.0001,1,25,0,0.1971,0.888889,8117.71
8508,KB3,ARQ,Default,200,0.0001,1,25,1,0.2014,0.854701,7944.39
8509,KB3,ARQ,Default,200,0.0001,1,25,0,0.1994,0.888889,8024.07
8510,KB3,ARQ,Default,200,0.0001,1,25,0,0.1984,0.888889,8064.52
8511,KB3,ARQ,Default,200,0.0001,1,25,0,0.1964,0.888889,8146.64
8512,KB3,ARQ,Default,200,0.0001,1,25,0,0.1958,0.888889,8171.6
8513,KB3,ARQ,Default,200,0.0001,1,25,0,0.1962,0.888889,8154.94
8514,KB3,ARQ,Default,200,0.0001,1,25,0,0.1979,0.888889,8084.89
8515,KB3,ARQ,Default,200,0.0001,1,25,0,0.196,0.888889,8163.27
8516,KB3,ARQ,Default,200,0.0001,1,25,0,0.1979,0.888889,8084.89
8517,KB3,ARQ,Default,200,0.0001,1,25,0,0.1978,0.888889,8088.98
8518,KB3,ARQ,Default,200,0.0001,1,25,0,0.1973,0.888889,8109.48
8519,KB3,ARQ,Default,200,0.0001,1,25,0,0.1972,0.888889,8113.59
8520,KB3,ARQ,Default,200,0.0001,1,25,0,0.1973,0.888889,8109.48
8521,KB3,ARQ,Default,200,0.0001,1,25,0,0.1976,0.888889,8097.17
8522,KB3,ARQ,Default,200,0.0001,1,25,1,0.2045,0.854701,7823.96
8523,KB3,ARQ,Default,200,0.0001,1,25,0,0.1978,0.888889,8088.98
8524,KB3,ARQ,Default,200,0.0001,1,25,1,0.201,0.854701,7960.2
8525,KB3,ARQ,Default,200,0.0001,1,25,0,0.1977,0.888889,8093.07
8526,KB3,ARQ,Default,200,0.0001,1,25,0,0.1976,0.888889,8097.17
8527,KB3,ARQ,Default,200,0.0001,1,25,0,0.198,0.888889,8080.81
8528,KB3,ARQ,Default,200,0.0001,1,25,0,0.1975,0.888889,8101.27
8529,KB3,ARQ,Default,200,0.0001,1,25,0,0.1971,0.888889,8117.71
8530,KB3,ARQ,Default,200,0.0001,1,25,0,0.1989,0.888889,8044.24
8531,KB3,ARQ,Default,200,0.0001,1,25,1,0.2007,0.854701,7972.1
8532,KB3,ARQ,Default,200,0.0001,1,25,0,0.1977,0.888889,8093.07
8533,KB3,ARQ,Default,200,0.0001,1,25,1,0.2005,0.854701,7980.05
8534,KB3,ARQ,Default,200,0.0001,1,25,1,0.2004,0.854701,7984.03
8535,KB3,ARQ,Default,200,0.0001,1,25,0,0.1991,0.888889,8036.16
8536,KB3,ARQ,Default,200,0.0001,1,25,0,0.1956,0.888889,8179.96
8537,KB3,ARQ,Default,200,0.0001,1,25,0,0.1975,0.888889,8101.27
8538,KB3,ARQ,Default,200,0.0001,1,25,0,0.1973,0.888889,8109.48
8539,KB3,ARQ,Default,200,0.0001,1,25,0,0.1996,0.888889,8016.03
8540,KB3,ARQ,Default,200,0.0001,1,25,0,0.1968,0.888889,8130.08
8541,KB3,ARQ,Default,200,0.0001,1,25,0,0.1965,0.888889,8142.49
8542,KB3,ARQ,Default,200,0.0001,1,25,0,0.1978,0.888889,8088.98
8543,KB3,ARQ,Default,200,0.0001,1,25,2,0.2079,0.823045,7696.01
8544,KB3,ARQ,Default,200,0.0001,1,25,0,0.1974,0.888889,8105.37
8545,KB3,ARQ,Default,200,0.0001,1,25,0,0.1965,0.888889,8142.49
8546,KB3,ARQ,Default,200,0.0001,1,25,0,0.1999,0.888889,8004
8547,KB3,ARQ,Default,200,0.0001,1,25,1,0.202,0.854701,7920.79
8548,KB3,ARQ,Default,200,0.0001,1,25,1,0.2,0.854701,8000
8549,KB3,ARQ,Default,200,0.0001,1,25,0,0.1979,0.888889,8084.89
8550,KB3,ARQ,Default,200,0.0001,1,25,0,0.1994,0.888889,8024.07
8551,KB3,ARQ,Default,200,0.0001,1,25,0,0.1961,0.888889,8159.1
8552,KB3,ARQ,Default,200,0.0001,1,25,0,0.1968,0.888889,8130.08
8553,KB3,ARQ,Default,200,0.0001,1,25,0,0.1972,0.888889,8113.59
8554,KB3,ARQ,Default,200,0.0001,1,25,0,0.1986,0.888889,8056.39
8555,KB3,ARQ,Default,200,0.0001,1,25,0,0.1955,0.888889,8184.14
8556,KB3,ARQ,Default,200,0.0001,1,25,0,0.1966,0.888889,8138.35
8557,KB3,ARQ,Default,200,0.0001,1,25,0,0.1976,0.888889,8097.17
8558,KB3,ARQ,Default,200,0.0001,1,25,0,0.1975,0.888889,8101.27
8559,KB3,ARQ,Default,200,0.0001,1,25,0,0.1974,0.888889,8105.37
8560,KB3,ARQ,Default,200,0.0001,1,25,0,0.1971,0.888889,8117.71
8561,KB3,ARQ,Default,200,0.0001,1,25,0,0.1968,0.888889,8130.08
8562,KB3,ARQ,Default,200,0.0001,1,25,0,0.1981,0.888889,8076.73
8563,KB3,ARQ,Default,200,0.0001,1,25,0,0.1965,0.888889,8142.49
8564,KB3,ARQ,Default,200,0.0001,1,25,1,0.2009,0.854701,7964.16
8565,KB3,ARQ,Default,200,0.0001,1,25,0,0.1994,0.888889,8024.07
8566,KB3,ARQ,Default,200,0.0001,1,25,0,0.1986,0.888889,8056.39
8567,KB3,ARQ,Default,200,0.0001,1,25,0,0.1963,0.888889,8150.79
8568,KB3,ARQ,Default,200,0.0001,1,25,0,0.1987,0.888889,8052.34
8569,KB3,ARQ,Default,200,0.0001,1,25,0,0.1987,0.888889,8052.34
8570,KB3,ARQ,Default,200,0.0001,1,25,1,0.2008,0.854701,7968.13
8571,KB3,ARQ,Default,200,0.0001,1,25,0,0.1958,0.888889,8171.6
8572,KB3,ARQ,Default,200,0.0001,1,25,0,0.1969,0.888889,8125.95
8573,KB3,ARQ,Default,200,0.0001,1,25,0,0.2005,0.888889,7980.05
8574,KB3,ARQ,Default,200,0.0001,1,25,0,0.1977,0.888889,8093.07
8575,KB3,ARQ,Default,200,0.0001,1,25,0,0.1958,0.888889,8171.6
8576,KB3,ARQ,Default,200,0.0001,1,25,0,0.197,0.888889,8121.83
8577,KB3,ARQ,Default,200,0.0001,1,25,1,0.2005,0.854701,7980.05
8578,KB3,ARQ,Default,200,0.0001,1,25,0,0.1971,0.888889,8117.71
8579,KB3,ARQ,Default,200,0.0001,1,25,0,0.1987,0.888889,8052.34
8580,KB3,ARQ,Default,200,0.0001,1,25,0,0.1978,0.888889,8088.98
8581,KB3,ARQ,Default,200,0.0001,1,25,0,0.198,0.888889,8080.81
8582,KB3,ARQ,Default,200,0.0001,1,25,1,0.2006,0.854701,7976.07
8583,KB3,ARQ,Default,200,0.0001,1,25,0,0.1984,0.888889,8064.52
8584,KB3,ARQ,Default,200,0.0001,1,25,0,0.1985,0.888889,8060.45
8585,KB3,ARQ,Default,200,0.0001,1,25,0,0.1977,0.888889,8093.07
8586,KB3,ARQ,Default,200,0.0001,1,25,0,0.1962,0.888889,8154.94
8587,KB3,ARQ,Default,200,0.0001,1,25,0,0.1983,0.888889,8068.58
8588,KB3,ARQ,Default,200,0.0001,1,25,0,0.2065,0.888889,7748.18
8589,KB3,ARQ,Default,200,0.0001,1,25,0,0.1957,0.888889,8175.78
8590,KB3,ARQ,Default,200,0.0001,1,25,0,0.1974,0.888889,8105.37
8591,KB3,ARQ,Default,200,0.0001,1,25,0,0.199,0.888889,8040.2
8592,KB3,ARQ,Default,200,0.0001,1,25,0,0.199,0.888889,8040.2
8593,KB3,ARQ,Default,200,0.0001,1,25,0,0.1967,0.888889,8134.21
8594,KB3,ARQ,Default,200,0.0001,1,25,0,0.1984,0.888889,8064.52
8595,KB3,ARQ,Default,200,0.0001,1,25,0,0.1988,0.888889,8048.29
8596,KB3,ARQ,Default,200,0.0001,1,25,0,0.1973,0.888889,8109.48
8597,KB3,ARQ,Default,200,0.0001,1,25,0,0.204,0.888889,7843.14
8598,KB3,ARQ,Default,200,0.0001,1,25,0,0.1982,0.888889,8072.65
8599,KB3,ARQ,Default,200,0.0001,1,25,0,0.2012,0.888889,7952.29
8600,KB3,ARQ,Default,200,0.0001,1,25,0,0.1999,0.888889,8004
8601,KB3,ARQ,Default,200,0.0001,1,25,0,0.1973,0.888889,8109.48
8602,KB3,ARQ,Default,200,0.0001,1,25,0,0.2048,0.888889,7812.5
8603,KB3,ARQ,Default,200,0.0001,1,25,0,0.2043,0.888889,7831.62
8604,KB3,ARQ,Default,200,0.0001,1,25,0,0.1985,0.888889,8060.45
8605,KB3,ARQ,Default,200,0.0001,1,25,0,0.198,0.888889,8080.81
8606,KB3,ARQ,Default,200,0.0001,1,25,0,0.1983,0.888889,8068.58
8607,KB3,ARQ,Default,200,0.0001,1,25,1,0.2105,0.854701,7600.95
8608,KB3,ARQ,Default,200,0.0001,1,25,0,0.1968,0.888889,8130.08
8609,KB3,ARQ,Default,200,0.0001,1,25,0,0.1965,0.888889,8142.49
8610,KB3,ARQ,Default,200,0.0001,1,25,0,0.1971,0.888889,8117.71
8611,KB3,ARQ,Default,200,0.0001,1,25,0,0.1982,0.888889,8072.65
8612,KB3,ARQ,Default,200,0.0001,1,25,0,0.1977,0.888889,8093.07
8613,KB3,ARQ,Default,200,0.0001,1,25,0,0.1966,0.888889,8138.35
8614,KB3,ARQ,Default,200,0.0001,1,25,0,0.1974,0.888889,8105.37
8615,KB3,ARQ,Default,200,0.0001,1,25,1,0.2009,0.854701,7964.16
8616,KB3,ARQ,Default,200,0.0001,1,25,0,0.196,0.888889,8163.27
8617,KB3,ARQ,Default,200,0.0001,1,25,0,0.1964,0.888889,8146.64
8618,KB3,ARQ,Default,200,0.0001,1,25,0,0.1986,0.888889,8056.39
8619,KB3,ARQ,Default,200,0.0001,1,25,0,0.1994,0.888889,8024.07
8620,KB3,ARQ,Default,200,0.0001,1,25,0,0.1975,0.888889,8101.27
8621,KB3,ARQ,Default,200,0.0001,1,25,0,0.1972,0.888889,8113.59
8622,KB3,ARQ,Default,200,0.0001,1,25,0,0.1974,0.888889,8105.37
8623,KB3,ARQ,Default,200,0.0001,1,25,0,0.1984,0.888889,8064.52
8624,KB3,ARQ,Default,200,0.0001,1,25,0,0.1959,0.888889,8167.43
8625,KB3,ARQ,Default,200,0.0001,1,25,0,0.198,0.888889,8080.81
8626,KB3,ARQ,Default,200,0.0001,1,25,0,0.1982,0.888889,8072.65
8627,KB3,ARQ,Default,200,0.0001,1,25,0,0.1991,0.888889,8036.16
8628,KB3,ARQ,Default,200,0.0001,1,25,1,0.2,0.854701,8000
8629,KB3,ARQ,Default,200,0.0001,1,25,0,0.1984,0.888889,8064.52
8630,KB3,ARQ,Default,200,0.0001,1,25,1,0.2009,0.854701,7964.16
8631,KB3,ARQ,Default,200,0.0001,1,25,0,0.1983,0.888889,8068.58
8632,KB3,ARQ,Default,200,0.0001,1,25,0,0.1966,0.888889,8138.35
8633,KB3,ARQ,Default,200,0.0001,1,25,0,0.1983,0.888889,8068.58
8634,KB3,ARQ,Default,200,0.0001,1,25,1,0.2004,0.854701,7984.03
8635,KB3,ARQ,Default,200,0.0001,1,25,0,0.1968,0.888889,8130.08
8636,KB3,ARQ,Default,200,0.0001,1,25,1,0.1998,0.854701,8008.01
8637,KB3,ARQ,Default,200,0.0001,1,25,0,0.1982,0.888889,8072.65
8638,KB3,ARQ,Default,200,0.0001,1,25,0,0.197,0.888889,8121.83
8639,KB3,ARQ,Default,200,0.0001,1,25,0,0.1977,0.888889,8093.07
8640,KB3,ARQ,Default,200,0.0001,1,25,0,0.1964,0.888889,8146.64
8641,KB3,ARQ,Default,200,0.0001,1,25,1,0.1993,0.854701,8028.1
8642,KB3,ARQ,Default,200,0.0001,1,25,0,0.1985,0.888889,8060.45
8643,KB3,ARQ,Default,200,0.0001,1,25,0,0.1975,0.888889,8101.27
8644,KB3,ARQ,Default,200,0.0001,1,25,1,0.2016,0.854701,7936.51
8645,KB3,ARQ,Default,200,0.0001,1,25,1,0.2,0.854701,8000
8646,KB3,ARQ,Default,200,0.0001,1,25,0,0.1967,0.888889,8134.21
8647,KB3,ARQ,Default,200,0.0001,1,25,0,0.1976,0.888889,8097.17
8648,KB3,ARQ,Default,200,0.0001,1,25,0,0.1992,0.888889,8032.13
8649,KB3,ARQ,Default,200,0.0001,1,25,0,0.1983,0.888889,8068.58
8650,KB3,ARQ,Default,200,0.0001,1,25,0,0.1963,0.888889,8150.79
8651,KB3,ARQ,Default,200,0.0001,1,25,0,0.1996,0.888889,8016.03
8652,KB3,ARQ,Default,200,0.0001,1,25,0,0.1975,0.888889,8101.27
8653,KB3,ARQ,Default,200,0.0001,1,25,0,0.1963,0.888889,8150.79
8654,KB3,ARQ,Default,200,0.0001,1,25,0,0.1971,0.888889,8117.71
8655,KB3,ARQ,Default,200,0.0001,1,25,0,0.1986,0.888889,8056.39
8656,KB3,ARQ,Default,200,0.0001,1,25,0,0.2001,0.888889,7996
8657,KB3,ARQ,Default,200,0.0001,1,25,0,0.1962,0.888889,8154.94
8658,KB3,ARQ,Default,200,0.0001,1,25,0,0.1965,0.888889,8142.49
8659,KB3,ARQ,Default,200,0.0001,1,25,0,0.1988,0.888889,8048.29
8660,KB3,ARQ,Default,200,0.0001,1,25,0,0.1959,0.888889,8167.43
8661,KB3,ARQ,Default,200,0.0001,1,25,0,0.1968,0.888889,8130.08
8662,KB3,ARQ,Default,200,0.0001,1,25,0,0.1973,0.888889,8109.48
8663,KB3,ARQ,Default,200,0.0001,1,25,0,0.1989,0.888889,8044.24
8664,KB3,ARQ,Default,200,0.0001,1,25,1,0.2021,0.854701,7916.87
8665,KB3,ARQ,Default,200,0.0001,1,25,0,0.1985,0.888889,8060.45
8666,KB3,ARQ,Default,200,0.0001,1,25,1,0.2008,0.854701,7968.13
8667,KB3,ARQ,Default,200,0.0001,1,25,1,0.2041,0.854701,7839.29
8668,KB3,ARQ,Default,200,0.0001,1,25,0,0.1969,0.888889,8125.95
8669,KB3,ARQ,Default,200,0.0001,1,25,0,0.1963,0.888889,8150.79
8670,KB3,ARQ,Default,200,0.0001,1,25,0,0.1982,0.888889,8072.65
8671,KB3,ARQ,Default,200,0.0001,1,25,1,0.2026,0.854701,7897.33
8672,KB3,ARQ,Default,200,0.0001,1,25,0,0.1979,0.888889,8084.89
8673,KB3,ARQ,Default,200,0.0001,1,25,0,0.1969,0.888889,8125.95
8674,KB3,ARQ,Default,200,0.0001,1,25,0,0.1967,0.888889,8134.21
8675,KB3,ARQ,Default,200,0.0001,1,25,0,0.1986,0.888889,8056.39
8676,KB3,ARQ,Default,200,0.0001,1,25,0,0.1982,0.888889,8072.65
8677,KB3,ARQ,Default,200,0.0001,1,25,0,0.1974,0.888889,8105.37
8678,KB3,ARQ,Default,200,0.0001,1,25,0,0.201,0.888889,7960.2
8679,KB3,ARQ,Default,200,0.0001,1,25,0,0.1984,0.888889,8064.52
8680,KB3,ARQ,Default,200,0.0001,1,25,0,0.1986,0.888889,8056.39
8681,KB3,ARQ,Default,200,0.0001,1,25,1,0.1997,0.854701,8012.02
8682,KB3,ARQ,Default,200,0.0001,1,25,0,0.1986,0.888889,8056.39
8683,KB3,ARQ,Default,200,0.0001,1,25,0,0.1987,0.888889,8052.34
8684,KB3,ARQ,Default,200,0.0001,1,25,0,0.1993,0.888889,8028.1
8685,KB3,ARQ,Default,200,0.0001,1,25,0,0.197,0.888889,8121.83
8686,KB3,ARQ,Default,200,0.0001,1,25,0,0.1981,0.888889,8076.73
8687,KB3,ARQ,Default,200,0.0001,1,25,0,0.2088,0.888889,7662.84
8688,KB3,ARQ,Default,200,0.0001,1,25,0,0.1944,0.888889,8230.45
8689,KB3,ARQ,Default,200,0.0001,1,25,0,0.1914,0.888889,8359.46
8690,KB3,ARQ,Default,200,0.0001,1,25,0,0.1923,0.888889,8320.33
8691,KB3,ARQ,Default,200,0.0001,1,25,0,0.1929,0.888889,8294.45
8692,KB3,ARQ,Default,200,0.0001,1,25,1,0.1975,0.854701,8101.27
8693,KB3,ARQ,Default,200,0.0001,1,25,0,0.1923,0.888889,8320.33
8694,KB3,ARQ,Default,200,0.0001,1,25,0,0.193,0.888889,8290.16
8695,KB3,ARQ,Default,200,0.0001,1,25,0,0.194,0.888889,8247.42
8696,KB3,ARQ,Default,200,0.0001,1,25,0,0.1939,0.888889,8251.68
8697,KB3,ARQ,Default,200,0.0001,1,25,0,0.1935,0.888889,8268.73
8698,KB3,ARQ,Default,200,0.0001,1,25,0,0.1915,0.888889,8355.09
8699,KB3,ARQ,Default,200,0.0001,1,25,0,0.1945,0.888889,8226.22
8700,KB3,ARQ,Default,200,0.0001,1,25,0,0.1934,0.888889,8273.01
8701,KB3,ARQ,Default,200,0.0001,1,25,0,0.2044,0.888889,7827.79
8702,KB3,ARQ,Default,200,0.0001,1,25,0,0.1932,0.888889,8281.57
8703,KB3,ARQ,Default,200,0.0001,1,25,0,0.1923,0.888889,8320.33
8704,KB3,ARQ,Default,200,0.0001,1,25,0,0.1939,0.888889,8251.68
8705,KB3,ARQ,Default,200,0.0001,1,25,0,0.1936,0.888889,8264.46
8706,KB3,ARQ,Default,200,0.0001,1,25,1,0.1965,0.854701,8142.49
8707,KB3,ARQ,Default,200,0.0001,1,25,0,0.1908,0.888889,8385.74
8708,KB3,ARQ,Default,200,0.0001,1,25,0,0.1942,0.888889,8238.93
8709,KB3,ARQ,Default,200,0.0001,1,25,0,0.1932,0.888889,8281.57
8710,KB3,ARQ,Default,200,0.0001,1,25,0,0.1921,0.888889,8329
8711,KB3,ARQ,Default,200,0.0001,1,25,0,0.1912,0.888889,8368.2
8712,KB3,ARQ,Default,200,0.0001,1,25,0,0.1944,0.888889,8230.45
8713,KB3,ARQ,Default,200,0.0001,1,25,0,0.2465,0.888889,6490.87
8714,KB3,ARQ,Default,200,0.0001,1,25,0,0.193,0.888889,8290.16
8715,KB3,ARQ,Default,200,0.0001,1,25,0,0.1929,0.888889,8294.45
8716,KB3,ARQ,Default,200,0.0001,1,25,1,0.1981,0.854701,8076.73
8717,KB3,ARQ,Default,200,0.0001,1,25,0,0.1936,0.888889,8264.46
8718,KB3,ARQ,Default,200,0.0001,1,25,0,0.1938,0.888889,8255.93
8719,KB3,ARQ,Default,200,0.0001,1,25,0,0.193,0.888889,8290.16
8720,KB3,ARQ,Default,200,0.0001,1,25,1,0.1986,0.854701,8056.39
8721,KB3,ARQ,Default,200,0.0001,1,25,0,0.1936,0.888889,8264.46
8722,KB3,ARQ,Default,200,0.0001,1,25,0,0.192,0.888889,8333.33
8723,KB3,ARQ,Default,200,0.0001,1,25,0,0.1938,0.888889,8255.93
8724,KB3,ARQ,Default,200,0.0001,1,25,0,0.1948,0.888889,8213.55
8725,KB3,ARQ,Default,200,0.0001,1,25,0,0.1937,0.888889,8260.2
8726,KB3,ARQ,Default,200,0.0001,1,25,1,0.1958,0.854701,8171.6
8727,KB3,ARQ,Default,200,0.0001,1,25,0,0.1924,0.888889,8316.01
8728,KB3,ARQ,Default,200,0.0001,1,25,0,0.2002,0.888889,7992.01
8729,KB3,ARQ,Default,200,0.0001,1,25,1,0.1967,0.854701,8134.21
8730,KB3,ARQ,Default,200,0.0001,1,25,1,0.1971,0.854701,8117.71
8731,KB3,ARQ,Default,200,0.0001,1,25,0,0.1909,0.888889,8381.35
8732,KB3,ARQ,Default,200,0.0001,1,25,0,0.1942,0.888889,8238.93
8733,KB3,ARQ,Default,200,0.0001,1,25,1,0.1971,0.854701,8117.71
8734,KB3,ARQ,Default,200,0.0001,1,25,0,0.1921,0.888889,8329
8735,KB3,ARQ,Default,200,0.0001,1,25,0,0.1933,0.888889,8277.29
8736,KB3,ARQ,Default,200,0.0001,1,25,0,0.1946,0.888889,8221.99
8737,KB3,ARQ,Default,200,0.0001,1,25,0,0.1905,0.888889,8398.95
8738,KB3,ARQ,Default,200,0.0001,1,25,1,0.1959,0.854701,8167.43
8739,KB3,ARQ,Default,200,0.0001,1,25,0,0.1926,0.888889,8307.37
8740,KB3,ARQ,Default,200,0.0001,1,25,1,0.1986,0.854701,8056.39
8741,KB3,ARQ,Default,200,0.0001,1,25,0,0.1927,0.888889,8303.06
8742,KB3,ARQ,Default,200,0.0001,1,25,0,0.1923,0.888889,8320.33
8743,KB3,ARQ,Default,200,0.0001,1,25,0,0.1922,0.888889,8324.66
8744,KB3,ARQ,Default,200,0.0001,1,25,0,0.1938,0.888889,8255.93
8745,KB3,ARQ,Default,200,0.0001,1,25,0,0.1914,0.888889,8359.46
8746,KB3,ARQ,Default,200,0.0001,1,25,0,0.1912,0.888889,8368.2
8747,KB3,ARQ,Default,200,0.0001,1,25,0,0.194,0.888889,8247.42
8748,KB3,ARQ,Default,200,0.0001,1,25,0,0.1926,0.888889,8307.37
8749,KB3,ARQ,Default,200,0.0001,1,25,0,0.1909,0.888889,8381.35
8750,KB3,ARQ,Default,200,0.0001,1,25,0,0.1926,0.888889,8307.37
8751,KB3,ARQ,Default,200,0.0001,1,25,0,0.1929,0.888889,8294.45
8752,KB3,ARQ,Default,200,0.0001,1,25,0,0.1928,0.888889,8298.76
8753,KB3,ARQ,Default,200,0.0001,1,25,0,0.1929,0.888889,8294.45
8754,KB3,ARQ,Default,200,0.0001,1,25,0,0.1919,0.888889,8337.68
8755,KB3,ARQ,Default,200,0.0001,1,25,0,0.1927,0.888889,8303.06
8756,KB3,ARQ,Default,200,0.0001,1,25,0,0.1934,0.888889,8273.01
8757,KB3,ARQ,Default,200,0.0001,1,25,0,0.1922,0.888889,8324.66
8758,KB3,ARQ,Default,200,0.0001,1,25,1,0.1964,0.854701,8146.64
8759,KB3,ARQ,Default,200,0.0001,1,25,0,0.1933,0.888889,8277.29
8760,KB3,ARQ,Default,200,0.0001,1,25,0,0.1931,0.888889,8285.86
8761,KB3,ARQ,Default,200,0.0001,1,25,0,0.1944,0.888889,8230.45
8762,KB3,ARQ,Default,200,0.0001,1,25,1,0.1948,0.854701,8213.55
8763,KB3,ARQ,Default,200,0.0001,1,25,0,0.1935,0.888889,8268.73
8764,KB3,ARQ,Default,200,0.0001,1,25,0,0.1928,0.888889,8298.76
8765,KB3,ARQ,Default,200,0.0001,1,25,0,0.1934,0.888889,8273.01
8766,KB3,ARQ,Default,200,0.0001,1,25,0,0.1927,0.888889,8303.06
8767,KB3,ARQ,Default,200,0.0001,1,25,0,0.1921,0.888889,8329
8768,KB3,ARQ,Default,200,0.0001,1,25,0,0.1942,0.888889,8238.93
8769,KB3,ARQ,Default,200,0.0001,1,25,0,0.1922,0.888889,8324.66
8770,KB3,ARQ,Default,200,0.0001,1,25,0,0.1928,0.888889,8298.76
8771,KB3,ARQ,Default,200,0.0001,1,25,0,0.1921,0.888889,8329
8772,KB3,ARQ,Default,200,0.0001,1,25,1,0.1971,0.854701,8117.71
8773,KB3,ARQ,Default,200,0.0001,1,25,0,0.1937,0.888889,8260.2
8774,KB3,ARQ,Default,200,0.0001,1,25,0,0.2364,0.888889,6768.19
8775,KB3,ARQ,Default,200,0.0001,1,25,0,0.1934,0.888889,8273.01
8776,KB3,ARQ,Default,200,0.0001,1,25,0,0.2093,0.888889,7644.53
8777,KB3,ARQ,Default,200,0.0001,1,25,0,0.1942,0.888889,8238.93
8778,KB3,ARQ,Default,200,0.0001,1,25,1,0.1951,0.854701,8200.92
8779,KB3,ARQ,Default,200,0.0001,1,25,0,0.1919,0.888889,8337.68
8780,KB3,ARQ,Default,200,0.0001,1,25,0,0.194,0.888889,8247.42
8781,KB3,ARQ,Default,200,0.0001,1,25,0,0.1932,0.888889,8281.57
8782,KB3,ARQ,Default,200,0.0001,1,25,1,0.1969,0.854701,8125.95
8783,KB3,ARQ,Default,200,0.0001,1,25,1,0.1972,0.854701,8113.59
8784,KB3,ARQ,Default,200,0.0001,1,25,0,0.1933,0.888889,8277.29
8785,KB3,ARQ,Default,200,0.0001,1,25,0,0.1949,0.888889,8209.34
8786,KB3,ARQ,Default,200,0.0001,1,25,0,0.1913,0.888889,8363.83
8787,KB3,ARQ,Default,200,0.0001,1,25,0,0.1918,0.888889,8342.02
8788,KB3,ARQ,Default,200,0.0001,1,25,0,0.1928,0.888889,8298.76
8789,KB3,ARQ,Default,200,0.0001,1,25,0,0.1953,0.888889,8192.52
8790,KB3,ARQ,Default,200,0.0001,1,25,0,0.1926,0.888889,8307.37
8791,KB3,ARQ,Default,200,0.0001,1,25,0,0.1919,0.888889,8337.68
8792,KB3,ARQ,Default,200,0.0001,1,25,0,0.1925,0.888889,8311.69
8793,KB3,ARQ,Default,200,0.0001,1,25,1,0.1979,0.854701,8084.89
8794,KB3,ARQ,Default,200,0.0001,1,25,1,0.1955,0.854701,8184.14
8795,KB3,ARQ,Default,200,0.0001,1,25,0,0.1923,0.888889,8320.33
8796,KB3,ARQ,Default,200,0.0001,1,25,1,0.1981,0.854701,8076.73
8797,KB3,ARQ,Default,200,0.0001,1,25,0,0.1996,0.888889,8016.03
8798,KB3,ARQ,Default,200,0.0001,1,25,0,0.193,0.888889,8290.16
8799,KB3,ARQ,Default,200,0.0001,1,25,0,0.1923,0.888889,8320.33
8800,KB3,ARQ,Default,200,0.0001,1,25,0,0.1926,0.888889,8307.37
8801,KB3,ARQ,Default,200,0.0001,1,25,0,0.1952,0.888889,8196.72
8802,KB3,ARQ,Default,200,0.0001,1,25,0,0.1918,0.888889,8342.02
8803,KB3,ARQ,Default,200,0.0001,1,25,1,0.1955,0.854701,8184.14
8804,KB3,ARQ,Default,200,0.0001,1,25,0,0.1936,0.888889,8264.46
8805,KB3,ARQ,Default,200,0.0001,1,25,0,0.193,0.888889,8290.16
8806,KB3,ARQ,Default,200,0.0001,1,25,0,0.1919,0.888889,8337.68
8807,KB3,ARQ,Default,200,0.0001,1,25,1,0.1943,0.854701,8234.69
8808,KB3,ARQ,Default,200,0.0001,1,25,0,0.1927,0.888889,8303.06
8809,KB3,ARQ,Default,200,0.0001,1,25,1,0.198,0.854701,8080.81
8810,KB3,ARQ,Default,200,0.0001,1,25,0,0.1938,0.888889,8255.93
8811,KB3,ARQ,Default,200,0.0001,1,25,0,0.1914,0.888889,8359.46
8812,KB3,ARQ,Default,200,0.0001,1,25,0,0.193,0.888889,8290.16
8813,KB3,ARQ,Default,200,0.0001,1,25,0,0.1932,0.888889,8281.57
8814,KB3,ARQ,Default,200,0.0001,1,25,0,0.193,0.888889,8290.16
8815,KB3,ARQ,Default,200,0.0001,1,25,0,0.1919,0.888889,8337.68
8816,KB3,ARQ,Default,200,0.0001,1,25,1,0.2046,0.854701,7820.14
8817,KB3,ARQ,Default,200,0.0001,1,25,0,0.1942,0.888889,8238.93
8818,KB3,ARQ,Default,200,0.0001,1,25,0,0.1916,0.888889,8350.73
8819,KB3,ARQ,Default,200,0.0001,1,25,0,0.1936,0.888889,8264.46
8820,KB3,ARQ,Default,200,0.0001,1,25,0,0.1943,0.888889,8234.69
8821,KB3,ARQ,Default,200,0.0001,1,25,1,0.1968,0.854701,8130.08
8822,KB3,ARQ,Default,200,0.0001,1,25,0,0.1933,0.888889,8277.29
8823,KB3,ARQ,Default,200,0.0001,1,25,0,0.1927,0.888889,8303.06
8824,KB3,ARQ,Default,200,0.0001,1,25,1,0.1983,0.854701,8068.58
8825,KB3,ARQ,Default,200,0.0001,1,25,0,0.1927,0.888889,8303.06
8826,KB3,ARQ,Default,200,0.0001,1,25,0,0.1934,0.888889,8273.01
8827,KB3,ARQ,Default,200,0.0001,1,25,0,0.192,0.888889,8333.33
8828,KB3,ARQ,Default,200,0.0001,1,25,0,0.1927,0.888889,8303.06
8829,KB3,ARQ,Default,200,0.0001,1,25,0,0.1948,0.888889,8213.55
8830,KB3,ARQ,Default,200,0.0001,1,25,0,0.1914,0.888889,8359.46
8831,KB3,ARQ,Default,200,0.0001,1,25,0,0.1934,0.888889,8273.01
8832,KB3,ARQ,Default,200,0.0001,1,25,0,0.192,0.888889,8333.33
8833,KB3,ARQ,Default,200,0.0001,1,25,0,0.1933,0.888889,8277.29
8834,KB3,ARQ,Default,200,0.0001,1,25,0,0.1927,0.888889,8303.06
8835,KB3,ARQ,Default,200,0.0001,1,25,0,0.1915,0.888889,8355.09
8836,KB3,ARQ,Default,200,0.0001,1,25,0,0.2142,0.888889,7469.65
8837,KB3,ARQ,Default,200,0.0001,1,25,1,0.1961,0.854701,8159.1
8838,KB3,ARQ,Default,200,0.0001,1,25,0,0.1923,0.888889,8320.33
8839,KB3,ARQ,Default,200,0.0001,1,25,0,0.1915,0.888889,8355.09
8840,KB3,ARQ,Default,200,0.0001,1,25,0,0.1931,0.888889,8285.86
8841,KB3,ARQ,Default,200,0.0001,1,25,0,0.1927,0.888889,8303.06
8842,KB3,ARQ,Default,200,0.0001,1,25,0,0.192,0.888889,8333.33
8843,KB3,ARQ,Default,200,0.0001,1,25,0,0.1934,0.888889,8273.01
8844,KB3,ARQ,Default,200,0.0001,1,25,0,0.1916,0.888889,8350.73
8845,KB3,ARQ,Default,200,0.0001,1,25,0,0.1931,0.888889,8285.86
8846,KB3,ARQ,Default,200,0.0001,1,25,0,0.1921,0.888889,8329
8847,KB3,ARQ,Default,200,0.0001,1,25,0,0.1935,0.888889,8268.73
8848,KB3,ARQ,Default,200,0.0001,1,25,0,0.1926,0.888889,8307.37
8849,KB3,ARQ,Default,200,0.0001,1,25,0,0.1925,0.888889,8311.69
8850,KB3,ARQ,Default,200,0.0001,1,25,0,0.1928,0.888889,8298.76
8851,KB3,ARQ,Default,200,0.0001,1,25,0,0.1939,0.888889,8251.68
8852,KB3,ARQ,Default,200,0.0001,1,25,0,0.1923,0.888889,8320.33
8853,KB3,ARQ,Default,200,0.0001,1,25,0,0.1926,0.888889,8307.37
8854,KB3,ARQ,Default,200,0.0001,1,25,0,0.194,0.888889,8247.42
8855,KB3,ARQ,Default,200,0.0001,1,25,0,0.1928,0.888889,8298.76
8856,KB3,ARQ,Default,200,0.0001,1,25,0,0.1919,0.888889,8337.68
8857,KB3,ARQ,Default,200,0.0001,1,25,0,0.1944,0.888889,8230.45
8858,KB3,ARQ,Default,200,0.0001,1,25,0,0.1947,0.888889,8217.77
8859,KB3,ARQ,Default,200,0.0001,1,25,0,0.1919,0.888889,8337.68
8860,KB3,ARQ,Default,200,0.0001,1,25,0,0.1925,0.888889,8311.69
8861,KB3,ARQ,Default,200,0.0001,1,25,0,0.1928,0.888889,8298.76
8862,KB3,ARQ,Default,200,0.0001,1,25,0,0.1928,0.888889,8298.76
8863,KB3,ARQ,Default,200,0.0001,1,25,2,0.2042,0.823045,7835.46
8864,KB3,ARQ,Default,200,0.0001,1,25,1,0.1969,0.854701,8125.95
8865,KB3,ARQ,Default,200,0.0001,1,25,0,0.194,0.888889,8247.42
8866,KB3,ARQ,Default,200,0.0001,1,25,0,0.1941,0.888889,8243.17
8867,KB3,ARQ,Default,200,0.0001,1,25,0,0.1919,0.888889,8337.68
8868,KB3,ARQ,Default,200,0.0001,1,25,0,0.1932,0.888889,8281.57
8869,KB3,ARQ,Default,200,0.0001,1,25,0,0.1922,0.888889,8324.66
8870,KB3,ARQ,Default,200,0.0001,1,25,0,0.1945,0.888889,8226.22
8871,KB3,ARQ,Default,200,0.0001,1,25,0,0.1937,0.888889,8260.2
8872,KB3,ARQ,Default,200,0.0001,1,25,0,0.192,0.888889,8333.33
8873,KB3,ARQ,Default,200,0.0001,1,25,0,0.195,0.888889,8205.13
8874,KB3,ARQ,Default,200,0.0001,1,25,0,0.1937,0.888889,8260.2
8875,KB3,ARQ,Default,200,0.0001,1,25,0,0.1922,0.888889,8324.66
8876,KB3,ARQ,Default,200,0.0001,1,25,0,0.1933,0.888889,8277.29
8877,KB3,ARQ,Default,200,0.0001,1,25,0,0.1938,0.888889,8255.93
8878,KB3,ARQ,Default,200,0.0001,1,25,0,0.1936,0.888889,8264.46
8879,KB3,ARQ,Default,200,0.0001,1,25,0,0.1923,0.888889,8320.33
8880,KB3,ARQ,Default,200,0.0001,1,25,0,0.1929,0.888889,8294.45
8881,KB3,ARQ,Default,200,0.0001,1,25,0,0.1924,0.888889,8316.01
8882,KB3,ARQ,Default,200,0.0001,1,25,0,0.195,0.888889,8205.13
8883,KB3,ARQ,Default,200,0.0001,1,25,1,0.1958,0.854701,8171.6
8884,KB3,ARQ,Default,200,0.0001,1,25,1,0.1968,0.854701,8130.08
8885,KB3,ARQ,Default,200,0.0001,1,25,0,0.193,0.888889,8290.16
8886,KB3,ARQ,Default,200,0.0001,1,25,1,0.1968,0.854701,8130.08
8887,KB3,ARQ,Default,200,0.0001,1,25,0,0.192,0.888889,8333.33
8888,KB3,ARQ,Default,200,0.0001,1,25,0,0.1918,0.888889,8342.02
8889,KB3,ARQ,Default,200,0.0001,1,25,0,0.1957,0.888889,8175.78
8890,KB3,ARQ,Default,200,0.0001,1,25,0,0.1937,0.888889,8260.2
8891,KB3,ARQ,Default,200,0.0001,1,25,0,0.1913,0.888889,8363.83
8892,KB3,ARQ,Default,200,0.0001,1,25,0,0.194,0.888889,8247.42
8893,KB3,ARQ,Default,200,0.0001,1,25,1,0.1983,0.854701,8068.58
8894,KB3,ARQ,Default,200,0.0001,1,25,0,0.1926,0.888889,8307.37
8895,KB3,ARQ,Default,200,0.0001,1,25,1,0.1959,0.854701,8167.43
8896,KB3,ARQ,Default,200,0.0001,1,25,1,0.1957,0.854701,8175.78
8897,KB3,ARQ,Default,200,0.0001,1,25,0,0.2687,0.888889,5954.6
8898,KB3,ARQ,Default,200,0.0001,1,25,0,0.1946,0.888889,8221.99
8899,KB3,ARQ,Default,200,0.0001,1,25,0,0.192,0.888889,8333.33
8900,KB3,ARQ,Default,200,0.0001,1,25,0,0.193,0.888889,8290.16
8901,KB3,ARQ,Default,200,0.0001,1,25,0,0.1926,0.888889,8307.37
8902,KB3,ARQ,Default,200,0.0001,1,25,0,0.1938,0.888889,8255.93
8903,KB3,ARQ,Default,200,0.0001,1,25,0,0.1919,0.888889,8337.68
8904,KB3,ARQ,Default,200,0.0001,1,25,1,0.1979,0.854701,8084.89
8905,KB3,ARQ,Default,200,0.0001,1,25,0,0.1919,0.888889,8337.68
8906,KB3,ARQ,Default,200,0.0001,1,25,0,0.1945,0.888889,8226.22
8907,KB3,ARQ,Default,200,0.0001,1,25,1,0.1964,0.854701,8146.64
8908,KB3,ARQ,Default,200,0.0001,1,25,0,0.1941,0.888889,8243.17
8909,KB3,ARQ,Default,200,0.0001,1,25,0,0.1936,0.888889,8264.46
8910,KB3,ARQ,Default,200,0.0001,1,25,1,0.1978,0.854701,8088.98
8911,KB3,ARQ,Default,200,0.0001,1,25,0,0.1922,0.888889,8324.66
8912,KB3,ARQ,Default,200,0.0001,1,25,0,0.1925,0.888889,8311.69
8913,KB3,ARQ,Default,200,0.0001,1,25,0,0.1923,0.888889,8320.33
8914,KB3,ARQ,Default,200,0.0001,1,25,0,0.1923,0.888889,8320.33
8915,KB3,ARQ,Default,200,0.0001,1,25,1,0.1942,0.854701,8238.93
8916,KB3,ARQ,Default,200,0.0001,1,25,0,0.1936,0.888889,8264.46
8917,KB3,ARQ,Default,200,0.0001,1,25,0,0.1931,0.888889,8285.86
8918,KB3,ARQ,Default,200,0.0001,1,25,1,0.1962,0.854701,8154.94
8919,KB3,ARQ,Default,200,0.0001,1,25,0,0.1925,0.888889,8311.69
8920,KB3,ARQ,Default,200,0.0001,1,25,0,0.1938,0.888889,8255.93
8921,KB3,ARQ,Default,200,0.0001,1,25,0,0.1922,0.888889,8324.66
8922,KB3,ARQ,Default,200,0.0001,1,25,0,0.1929,0.888889,8294.45
8923,KB3,ARQ,Default,200,0.0001,1,25,0,0.1911,0.888889,8372.58
8924,KB3,ARQ,Default,200,0.0001,1,25,0,0.194,0.888889,8247.42
8925,KB3,ARQ,Default,200,0.0001,1,25,2,0.2035,0.823045,7862.41
8926,KB3,ARQ,Default,200,0.0001,1,25,0,0.1954,0.888889,8188.33
8927,KB3,ARQ,Default,200,0.0001,1,25,0,0.1938,0.888889,8255.93
8928,KB3,ARQ,Default,200,0.0001,1,25,0,0.1922,0.888889,8324.66
8929,KB3,ARQ,Default,200,0.0001,1,25,0,0.1917,0.888889,8346.37
8930,KB3,ARQ,Default,200,0.0001,1,25,0,0.1946,0.888889,8221.99
8931,KB3,ARQ,Default,200,0.0001,1,25,1,0.1976,0.854701,8097.17
8932,KB3,ARQ,Default,200,0.0001,1,25,0,0.1927,0.888889,8303.06
8933,KB3,ARQ,Default,200,0.0001,1,25,0,0.1933,0.888889,8277.29
8934,KB3,ARQ,Default,200,0.0001,1,25,0,0.1946,0.888889,8221.99
8935,KB3,ARQ,Default,200,0.0001,1,25,0,0.1929,0.888889,8294.45
8936,KB3,ARQ,Default,200,0.0001,1,25,0,0.1921,0.888889,8329
8937,KB3,ARQ,Default,200,0.0001,1,25,0,0.1941,0.888889,8243.17
8938,KB3,ARQ,Default,200,0.0001,1,25,0,0.1942,0.888889,8238.93
8939,KB3,ARQ,Default,200,0.0001,1,25,0,0.1939,0.888889,8251.68
8940,KB3,ARQ,Default,200,0.0001,1,25,0,0.1914,0.888889,8359.46
8941,KB3,ARQ,Default,200,0.0001,1,25,0,0.1912,0.888889,8368.2
8942,KB3,ARQ,Default,200,0.0001,1,25,1,0.1978,0.854701,8088.98
8943,KB3,ARQ,Default,200,0.0001,1,25,0,0.1933,0.888889,8277.29
8944,KB3,ARQ,Default,200,0.0001,1,25,0,0.1931,0.888889,8285.86
8945,KB3,ARQ,Default,200,0.0001,1,25,0,0.1922,0.888889,8324.66
8946,KB3,ARQ,Default,200,0.0001,1,25,0,0.1933,0.888889,8277.29
8947,KB3,ARQ,Default,200,0.0001,1,25,0,0.1936,0.888889,8264.46
8948,KB3,ARQ,Default,200,0.0001,1,25,0,0.1928,0.888889,8298.76
8949,KB3,ARQ,Default,200,0.0001,1,25,0,0.1927,0.888889,8303.06
8950,KB3,ARQ,Default,200,0.0001,1,25,1,0.1973,0.854701,8109.48
8951,KB3,ARQ,Default,200,0.0001,1,25,0,0.1936,0.888889,8264.46
8952,KB3,ARQ,Default,200,0.0001,1,25,0,0.1924,0.888889,8316.01
8953,KB3,ARQ,Default,200,0.0001,1,25,1,0.1963,0.854701,8150.79
8954,KB3,ARQ,Default,200,0.0001,1,25,0,0.1943,0.888889,8234.69
8955,KB3,ARQ,Default,200,0.0001,1,25,0,0.1937,0.888889,8260.2
8956,KB3,ARQ,Default,200,0.0001,1,25,0,0.1921,0.888889,8329
8957,KB3,ARQ,Default,200,0.0001,1,25,0,0.1926,0.888889,8307.37
8958,KB3,ARQ,Default,200,0.0001,1,25,0,0.2209,0.888889,7243.1
8959,KB3,ARQ,Default,200,0.0001,1,25,0,0.2005,0.888889,7980.05
8960,KB3,ARQ,Default,200,0.0001,1,25,0,0.1912,0.888889,8368.2
8961,KB3,ARQ,Default,200,0.0001,1,25,0,0.1931,0.888889,8285.86
8962,KB3,ARQ,Default,200,0.0001,1,25,0,0.194,0.888889,8247.42
8963,KB3,ARQ,Default,200,0.0001,1,25,1,0.1957,0.854701,8175.78
8964,KB3,ARQ,Default,200,0.0001,1,25,0,0.192,0.888889,8333.33
8965,KB3,ARQ,Default,200,0.0001,1,25,0,0.1928,0.888889,8298.76
8966,KB3,ARQ,Default,200,0.0001,1,25,0,0.2,0.888889,8000
8967,KB3,ARQ,Default,200,0.0001,1,25,1,0.1969,0.854701,8125.95
8968,KB3,ARQ,Default,200,0.0001,1,25,0,0.1926,0.888889,8307.37
8969,KB3,ARQ,Default,200,0.0001,1,25,0,0.1975,0.888889,8101.27
8970,KB3,ARQ,Default,200,0.0001,1,25,0,0.1938,0.888889,8255.93
8971,KB3,ARQ,Default,200,0.0001,1,25,0,0.1945,0.888889,8226.22
8972,KB3,ARQ,Default,200,0.0001,1,25,0,0.1917,0.888889,8346.37
8973,KB3,ARQ,Default,200,0.0001,1,25,0,0.1918,0.888889,8342.02
8974,KB3,ARQ,Default,200,0.0001,1,25,0,0.1942,0.888889,8238.93
8975,KB3,ARQ,Default,200,0.0001,1,25,0,0.1931,0.888889,8285.86
8976,KB3,ARQ,Default,200,0.0001,1,25,1,0.1954,0.854701,8188.33
8977,KB3,ARQ,Default,200,0.0001,1,25,0,0.1929,0.888889,8294.45
8978,KB3,ARQ,Default,200,0.0001,1,25,0,0.1927,0.888889,8303.06
8979,KB3,ARQ,Default,200,0.0001,1,25,0,0.1942,0.888889,8238.93
8980,KB3,ARQ,Default,200,0.0001,1,25,0,0.1917,0.888889,8346.37
8981,KB3,ARQ,Default,200,0.0001,1,25,0,0.1933,0.888889,8277.29
8982,KB3,ARQ,Default,200,0.0001,1,25,0,0.1933,0.888889,8277.29
8983,KB3,ARQ,Default,200,0.0001,1,25,0,0.1922,0.888889,8324.66
8984,KB3,ARQ,Default,200,0.0001,1,25,0,0.1935,0.888889,8268.73
8985,KB3,ARQ,Default,200,0.0001,1,25,0,0.194,0.888889,8247.42
8986,KB3,ARQ,Default,200,0.0001,1,25,0,0.1933,0.888889,8277.29
8987,KB3,ARQ,Default,200,0.0001,1,25,0,0.1948,0.888889,8213.55
8988,KB3,ARQ,Default,200,0.0001,1,25,1,0.1971,0.854701,8117.71
8989,KB3,ARQ,Default,200,0.0001,1,25,0,0.1929,0.888889,8294.45
8990,KB3,ARQ,Default,200,0.0001,1,25,1,0.1958,0.854701,8171.6
8991,KB3,ARQ,Default,200,0.0001,1,25,0,0.1927,0.888889,8303.06
8992,KB3,ARQ,Default,200,0.0001,1,25,0,0.1912,0.888889,8368.2
8993,KB3,ARQ,Default,200,0.0001,1,25,0,0.1929,0.888889,8294.45
8994,KB3,ARQ,Default,200,0.0001,1,25,0,0.1925,0.888889,8311.69
8995,KB3,ARQ,Default,200,0.0001,1,25,0,0.1933,0.888889,8277.29
8996,KB3,ARQ,Default,200,0.0001,1,25,0,0.192,0.888889,8333.33
8997,KB3,ARQ,Default,200,0.0001,1,25,0,0.1949,0.888889,8209.34
8998,KB3,ARQ,Default,200,0.0001,1,25,0,0.1934,0.888889,8273.01
8999,KB3,ARQ,Default,200,0.0001,1,25,0,0.1936,0.888889,8264.46
9000,KB3,ARQ,Default,200,0.0001,1,25,1,0.195,0.854701,8205.13
9001,KB3,HARQ,Default,200,0.0001,1,25,0,1.876,0.888889,852.878
9002,KB3,HARQ,Default,200,0.0001,1,25,0,1.8891,0.888889,846.964
9003,KB3,HARQ,Default,200,0.0001,1,25,0,2.0138,0.888889,794.518
9004,KB3,HARQ,Default,200,0.0001,1,25,0,1.9067,0.888889,839.146
9005,KB3,HARQ,Default,200,0.0001,1,25,0,1.9485,0.888889,821.144
9006,KB3,HARQ,Default,200,0.0001,1,25,0,1.904,0.888889,840.336
9007,KB3,HARQ,Default,200,0.0001,1,25,0,1.8879,0.888889,847.503
9008,KB3,HARQ,Default,200,0.0001,1,25,0,1.8913,0.888889,845.979
9009,KB3,HARQ,Default,200,0.0001,1,25,0,1.8856,0.888889,848.536
9010,KB3,HARQ,Default,200,0.0001,1,25,0,1.8901,0.888889,846.516
9011,KB3,HARQ,Default,200,0.0001,1,25,0,1.9282,0.888889,829.789
9012,KB3,HARQ,Default,200,0.0001,1,25,0,1.9102,0.888889,837.609
9013,KB3,HARQ,Default,200,0.0001,1,25,0,1.8933,0.888889,845.085
9014,KB3,HARQ,Default,200,0.0001,1,25,0,1.8869,0.888889,847.952
9015,KB3,HARQ,Default,200,0.0001,1,25,0,1.8779,0.888889,852.016
9016,KB3,HARQ,Default,200,0.0001,1,25,0,1.8937,0.888889,844.907
9017,KB3,HARQ,Default,200,0.0001,1,25,0,1.8916,0.888889,845.845
9018,KB3,HARQ,Default,200,0.0001,1,25,0,2.0659,0.888889,774.481
9019,KB3,HARQ,Default,200,0.0001,1,25,0,2.1415,0.888889,747.14
9020,KB3,HARQ,Default,200,0.0001,1,25,0,1.8904,0.888889,846.382
9021,KB3,HARQ,Default,200,0.0001,1,25,0,1.8831,0.888889,849.663
9022,KB3,HARQ,Default,200,0.0001,1,25,0,1.8992,0.888889,842.46
9023,KB3,HARQ,Default,200,0.0001,1,25,0,1.886,0.888889,848.356
9024,KB3,HARQ,Default,200,0.0001,1,25,0,1.9086,0.888889,838.311
9025,KB3,HARQ,Default,200,0.0001,1,25,0,1.9053,0.888889,839.763
9026,KB3,HARQ,Default,200,0.0001,1,25,0,1.9762,0.888889,809.635
9027,KB3,HARQ,Default,200,0.0001,1,25,0,1.8816,0.888889,850.34
9028,KB3,HARQ,Default,200,0.0001,1,25,0,1.8833,0.888889,849.573
9029,KB3,HARQ,Default,200,0.0001,1,25,0,1.903,0.888889,840.778
9030,KB3,HARQ,Default,200,0.0001,1,25,0,1.9147,0.888889,835.64
9031,KB3,HARQ,Default,200,0.0001,1,25,0,1.9017,0.888889,841.352
9032,KB3,HARQ,Default,200,0.0001,1,25,0,1.9113,0.888889,837.127
9033,KB3,HARQ,Default,200,0.0001,1,25,0,1.9048,0.888889,839.983
9034,KB3,HARQ,Default,200,0.0001,1,25,0,1.9398,0.888889,824.827
9035,KB3,HARQ,Default,200,0.0001,1,25,0,1.8795,0.888889,851.29
9036,KB3,HARQ,Default,200,0.0001,1,25,0,1.9034,0.888889,840.601
9037,KB3,HARQ,Default,200,0.0001,1,25,0,1.9192,0.888889,833.681
9038,KB3,HARQ,Default,200,0.0001,1,25,0,1.926,0.888889,830.737
9039,KB3,HARQ,Default,200,0.0001,1,25,0,1.8888,0.888889,847.099
9040,KB3,HARQ,Default,200,0.0001,1,25,0,1.8862,0.888889,848.266
9041,KB3,HARQ,Default,200,0.0001,1,25,0,1.8854,0.888889,848.626
9042,KB3,HARQ,Default,200,0.0001,1,25,0,2.0209,0.888889,791.726
9043,KB3,HARQ,Default,200,0.0001,1,25,0,1.9088,0.888889,838.223
9044,KB3,HARQ,Default,200,0.0001,1,25,0,1.9065,0.888889,839.234
9045,KB3,HARQ,Default,200,0.0001,1,25,0,1.9041,0.888889,840.292
9046,KB3,HARQ,Default,200,0.0001,1,25,0,1.8867,0.888889,848.042
9047,KB3,HARQ,Default,200,0.0001,1,25,0,1.9057,0.888889,839.587
9048,KB3,HARQ,Default,200,0.0001,1,25,0,1.8877,0.888889,847.592
9049,KB3,HARQ,Default,200,0.0001,1,25,0,1.8987,0.888889,842.682
9050,KB3,HARQ,Default,200,0.0001,1,25,0,2.0039,0.888889,798.443
9051,KB3,HARQ,Default,200,0.0001,1,25,0,1.8827,0.888889,849.843
9052,KB3,HARQ,Default,200,0.0001,1,25,0,1.9124,0.888889,836.645
9053,KB3,HARQ,Default,200,0.0001,1,25,0,1.8823,0.888889,850.024
9054,KB3,HARQ,Default,200,0.0001,1,25,0,1.895,0.888889,844.327
9055,KB3,HARQ,Default,200,0.0001,1,25,0,1.9198,0.888889,833.42
9056,KB3,HARQ,Default,200,0.0001,1,25,0,1.8983,0.888889,842.859
9057,KB3,HARQ,Default,200,0.0001,1,25,0,1.8993,0.888889,842.416
9058,KB3,HARQ,Default,200,0.0001,1,25,0,1.9491,0.888889,820.892
9059,KB3,HARQ,Default,200,0.0001,1,25,0,1.9039,0.888889,840.38
9060,KB3,HARQ,Default,200,0.0001,1,25,0,1.8926,0.888889,845.398
9061,KB3,HARQ,Default,200,0.0001,1,25,0,1.8925,0.888889,845.443
9062,KB3,HARQ,Default,200,0.0001,1,25,0,1.9061,0.888889,839.41
9063,KB3,HARQ,Default,200,0.0001,1,25,0,1.9086,0.888889,838.311
9064,KB3,HARQ,Default,200,0.0001,1,25,0,1.9076,0.888889,838.75
9065,KB3,HARQ,Default,200,0.0001,1,25,0,1.8881,0.888889,847.413
9066,KB3,HARQ,Default,200,0.0001,1,25,0,1.9299,0.888889,829.059
9067,KB3,HARQ,Default,200,0.0001,1,25,0,1.8933,0.888889,845.085
9068,KB3,HARQ,Default,200,0.0001,1,25,0,1.8888,0.888889,847.099
9069,KB3,HARQ,Default,200,0.0001,1,25,0,1.8881,0.888889,847.413
9070,KB3,HARQ,Default,200,0.0001,1,25,0,1.9061,0.888889,839.41
9071,KB3,HARQ,Default,200,0.0001,1,25,0,1.8865,0.888889,848.131
9072,KB3,HARQ,Default,200,0.0001,1,25,0,1.888,0.888889,847.458
9073,KB3,HARQ,Default,200,0.0001,1,25,0,1.8857,0.888889,848.491
9074,KB3,HARQ,Default,200,0.0001,1,25,0,1.9208,0.888889,832.986
9075,KB3,HARQ,Default,200,0.0001,1,25,0,1.9272,0.888889,830.22
9076,KB3,HARQ,Default,200,0.0001,1,25,0,1.9025,0.888889,840.999
9077,KB3,HARQ,Default,200,0.0001,1,25,0,1.8972,0.888889,843.348
9078,KB3,HARQ,Default,200,0.0001,1,25,0,1.8873,0.888889,847.772
9079,KB3,HARQ,Default,200,0.0001,1,25,0,1.881,0.888889,850.611
9080,KB3,HARQ,Default,200,0.0001,1,25,0,1.885,0.888889,848.806
9081,KB3,HARQ,Default,200,0.0001,1,25,0,1.8923,0.888889,845.532
9082,KB3,HARQ,Default,200,0.0001,1,25,0,1.9239,0.888889,831.644
9083,KB3,HARQ,Default,200,0.0001,1,25,0,1.9609,0.888889,815.952
9084,KB3,HARQ,Default,200,0.0001,1,25,0,1.8966,0.888889,843.615
9085,KB3,HARQ,Default,200,0.0001,1,25,0,1.8963,0.888889,843.748
9086,KB3,HARQ,Default,200,0.0001,1,25,0,1.8867,0.888889,848.042
9087,KB3,HARQ,Default,200,0.0001,1,25,0,1.9029,0.888889,840.822
9088,KB3,HARQ,Default,200,0.0001,1,25,0,1.9145,0.888889,835.727
9089,KB3,HARQ,Default,200,0.0001,1,25,0,1.9226,0.888889,832.206
9090,KB3,HARQ,Default,200,0.0001,1,25,0,1.9098,0.888889,837.784
9091,KB3,HARQ,Default,200,0.0001,1,25,0,2.3753,0.888889,673.599
9092,KB3,HARQ,Default,200,0.0001,1,25,0,1.8854,0.888889,848.626
9093,KB3,HARQ,Default,200,0.0001,1,25,0,1.8969,0.888889,843.481
9094,KB3,HARQ,Default,200,0.0001,1,25,0,1.9136,0.888889,836.12
9095,KB3,HARQ,Default,200,0.0001,1,25,0,1.9108,0.888889,837.346
9096,KB3,HARQ,Default,200,0.0001,1,25,0,1.907,0.888889,839.014
9097,KB3,HARQ,Default,200,0.0001,1,25,0,1.9119,0.888889,836.864
9098,KB3,HARQ,Default,200,0.0001,1,25,0,1.9505,0.888889,820.302
9099,KB3,HARQ,Default,200,0.0001,1,25,0,1.8953,0.888889,844.194
9100,KB3,HARQ,Default,200,0.0001,1,25,0,1.8989,0.888889,842.593
9101,KB3,HARQ,Default,200,0.0001,1,25,0,1.9038,0.888889,840.424
9102,KB3,HARQ,Default,200,0.0001,1,25,0,1.904,0.888889,840.336
9103,KB3,HARQ,Default,200,0.0001,1,25,0,1.9093,0.888889,838.003
9104,KB3,HARQ,Default,200,0.0001,1,25,0,1.8984,0.888889,842.815
9105,KB3,HARQ,Default,200,0.0001,1,25,0,1.8817,0.888889,850.295
9106,KB3,HARQ,Default,200,0.0001,1,25,0,1.8891,0.888889,846.964
9107,KB3,HARQ,Default,200,0.0001,1,25,0,1.9001,0.888889,842.061
9108,KB3,HARQ,Default,200,0.0001,1,25,0,1.9077,0.888889,838.706
9109,KB3,HARQ,Default,200,0.0001,1,25,0,1.8812,0.888889,850.521
9110,KB3,HARQ,Default,200,0.0001,1,25,0,1.9002,0.888889,842.017
9111,KB3,HARQ,Default,200,0.0001,1,25,0,2.0567,0.888889,777.945
9112,KB3,HARQ,Default,200,0.0001,1,25,0,1.8924,0.888889,845.487
9113,KB3,HARQ,Default,200,0.0001,1,25,0,1.9017,0.888889,841.352
9114,KB3,HARQ,Default,200,0.0001,1,25,0,1.9771,0.888889,809.266
9115,KB3,HARQ,Default,200,0.0001,1,25,0,1.8995,0.888889,842.327
9116,KB3,HARQ,Default,200,0.0001,1,25,0,1.8902,0.888889,846.471
9117,KB3,HARQ,Default,200,0.0001,1,25,0,1.914,0.888889,835.946
9118,KB3,HARQ,Default,200,0.0001,1,25,0,1.89,0.888889,846.561
9119,KB3,HARQ,Default,200,0.0001,1,25,0,1.8797,0.888889,851.2
9120,KB3,HARQ,Default,200,0.0001,1,25,0,1.9062,0.888889,839.366
9121,KB3,HARQ,Default,200,0.0001,1,25,0,1.8931,0.888889,845.175
9122,KB3,HARQ,Default,200,0.0001,1,25,0,1.8961,0.888889,843.837
9123,KB3,HARQ,Default,200,0.0001,1,25,0,1.9822,0.888889,807.184
9124,KB3,HARQ,Default,200,0.0001,1,25,0,1.8807,0.888889,850.747
9125,KB3,HARQ,Default,200,0.0001,1,25,0,1.8979,0.888889,843.037
9126,KB3,HARQ,Default,200,0.0001,1,25,0,1.8806,0.888889,850.792
9127,KB3,HARQ,Default,200,0.0001,1,25,0,1.8781,0.888889,851.925
9128,KB3,HARQ,Default,200,0.0001,1,25,0,1.909,0.888889,838.135
9129,KB3,HARQ,Default,200,0.0001,1,25,0,1.8934,0.888889,845.041
9130,KB3,HARQ,Default,200,0.0001,1,25,0,1.887,0.888889,847.907
9131,KB3,HARQ,Default,200,0.0001,1,25,0,1.9663,0.888889,813.711
9132,KB3,HARQ,Default,200,0.0001,1,25,0,1.8819,0.888889,850.205
9133,KB3,HARQ,Default,200,0.0001,1,25,0,1.9043,0.888889,840.204
9134,KB3,HARQ,Default,200,0.0001,1,25,0,1.9043,0.888889,840.204
9135,KB3,HARQ,Default,200,0.0001,1,25,0,1.9057,0.888889,839.587
9136,KB3,HARQ,Default,200,0.0001,1,25,0,1.8903,0.888889,846.426
9137,KB3,HARQ,Default,200,0.0001,1,25,0,1.8884,0.888889,847.278
9138,KB3,HARQ,Default,200,0.0001,1,25,0,1.8922,0.888889,845.577
9139,KB3,HARQ,Default,200,0.0001,1,25,0,1.94,0.888889,824.742
9140,KB3,HARQ,Default,200,0.0001,1,25,0,1.9366,0.888889,826.19
9141,KB3,HARQ,Default,200,0.0001,1,25,0,1.9004,0.888889,841.928
9142,KB3,HARQ,Default,200,0.0001,1,25,0,1.9134,0.888889,836.208
9143,KB3,HARQ,Default,200,0.0001,1,25,0,1.8992,0.888889,842.46
9144,KB3,HARQ,Default,200,0.0001,1,25,0,1.8971,0.888889,843.393
9145,KB3,HARQ,Default,200,0.0001,1,25,0,1.9181,0.888889,834.159
9146,KB3,HARQ,Default,200,0.0001,1,25,0,2.0261,0.888889,789.694
9147,KB3,HARQ,Default,200,0.0001,1,25,0,1.977,0.888889,809.307
9148,KB3,HARQ,Default,200,0.0001,1,25,0,2.0197,0.888889,792.197
9149,KB3,HARQ,Default,200,0.0001,1,25,0,1.8899,0.888889,846.606
9150,KB3,HARQ,Default,200,0.0001,1,25,0,1.9058,0.888889,839.542
9151,KB3,HARQ,Default,200,0.0001,1,25,0,1.883,0.888889,849.708
9152,KB3,HARQ,Default,200,0.0001,1,25,0,1.9115,0.888889,837.039
9153,KB3,HARQ,Default,200,0.0001,1,25,0,1.9001,0.888889,842.061
9154,KB3,HARQ,Default,200,0.0001,1,25,0,1.9588,0.888889,816.827
9155,KB3,HARQ,Default,200,0.0001,1,25,0,1.8979,0.888889,843.037
9156,KB3,HARQ,Default,200,0.0001,1,25,0,2.0165,0.888889,793.454
9157,KB3,HARQ,Default,200,0.0001,1,25,0,1.8851,0.888889,848.761
9158,KB3,HARQ,Default,200,0.0001,1,25,0,1.8923,0.888889,845.532
9159,KB3,HARQ,Default,200,0.0001,1,25,0,1.912,0.888889,836.82
9160,KB3,HARQ,Default,200,0.0001,1,25,0,1.9175,0.888889,834.42
9161,KB3,HARQ,Default,200,0.0001,1,25,0,1.9108,0.888889,837.346
9162,KB3,HARQ,Default,200,0.0001,1,25,0,2.117,0.888889,755.786
9163,KB3,HARQ,Default,200,0.0001,1,25,0,2.208,0.888889,724.638
9164,KB3,HARQ,Default,200,0.0001,1,25,0,1.8952,0.888889,844.238
9165,KB3,HARQ,Default,200,0.0001,1,25,0,1.9214,0.888889,832.726
9166,KB3,HARQ,Default,200,0.0001,1,25,0,1.904,0.888889,840.336
9167,KB3,HARQ,Default,200,0.0001,1,25,0,1.8874,0.888889,847.727
9168,KB3,HARQ,Default,200,0.0001,1,25,0,1.9096,0.888889,837.872
9169,KB3,HARQ,Default,200,0.0001,1,25,0,1.8777,0.888889,852.106
9170,KB3,HARQ,Default,200,0.0001,1,25,0,2.2149,0.888889,722.38
9171,KB3,HARQ,Default,200,0.0001,1,25,0,1.9028,0.888889,840.866
9172,KB3,HARQ,Default,200,0.0001,1,25,0,1.9109,0.888889,837.302
9173,KB3,HARQ,Default,200,0.0001,1,25,0,1.9126,0.888889,836.558
9174,KB3,HARQ,Default,200,0.0001,1,25,0,1.8918,0.888889,845.755
9175,KB3,HARQ,Default,200,0.0001,1,25,0,1.9044,0.888889,840.16
9176,KB3,HARQ,Default,200,0.0001,1,25,0,1.8892,0.888889,846.919
9177,KB3,HARQ,Default,200,0.0001,1,25,0,1.8888,0.888889,847.099
9178,KB3,HARQ,Default,200,0.0001,1,25,0,2.0206,0.888889,791.844
9179,KB3,HARQ,Default,200,0.0001,1,25,0,1.903,0.888889,840.778
9180,KB3,HARQ,Default,200,0.0001,1,25,0,1.9056,0.888889,839.631
9181,KB3,HARQ,Default,200,0.0001,1,25,0,1.9029,0.888889,840.822
9182,KB3,HARQ,Default,200,0.0001,1,25,0,1.8857,0.888889,848.491
9183,KB3,HARQ,Default,200,0.0001,1,25,0,1.8949,0.888889,844.372
9184,KB3,HARQ,Default,200,0.0001,1,25,0,1.8914,0.888889,845.934
9185,KB3,HARQ,Default,200,0.0001,1,25,0,1.8817,0.888889,850.295
9186,KB3,HARQ,Default,200,0.0001,1,25,0,2.0057,0.888889,797.726
9187,KB3,HARQ,Default,200,0.0001,1,25,0,2.0563,0.888889,778.097
9188,KB3,HARQ,Default,200,0.0001,1,25,0,1.9499,0.888889,820.555
9189,KB3,HARQ,Default,200,0.0001,1,25,0,1.9057,0.888889,839.587
9190,KB3,HARQ,Default,200,0.0001,1,25,0,1.9007,0.888889,841.795
9191,KB3,HARQ,Default,200,0.0001,1,25,0,1.9123,0.888889,836.689
9192,KB3,HARQ,Default,200,0.0001,1,25,0,1.9046,0.888889,840.071
9193,KB3,HARQ,Default,200,0.0001,1,25,0,1.9057,0.888889,839.587
9194,KB3,HARQ,Default,200,0.0001,1,25,0,1.9535,0.888889,819.043
9195,KB3,HARQ,Default,200,0.0001,1,25,0,1.8896,0.888889,846.74
9196,KB3,HARQ,Default,200,0.0001,1,25,0,1.9013,0.888889,841.529
9197,KB3,HARQ,Default,200,0.0001,1,25,0,1.88,0.888889,851.064
9198,KB3,HARQ,Default,200,0.0001,1,25,0,1.9252,0.888889,831.082
9199,KB3,HARQ,Default,200,0.0001,1,25,0,1.9039,0.888889,840.38
9200,KB3,HARQ,Default,200,0.0001,1,25,0,1.9163,0.888889,834.942
9201,KB3,HARQ,Default,200,0.0001,1,25,0,1.891,0.888889,846.113
9202,KB3,HARQ,Default,200,0.0001,1,25,0,1.9385,0.888889,825.38
9203,KB3,HARQ,Default,200,0.0001,1,25,0,1.8995,0.888889,842.327
9204,KB3,HARQ,Default,200,0.0001,1,25,0,1.9036,0.888889,840.513
9205,KB3,HARQ,Default,200,0.0001,1,25,0,1.904,0.888889,840.336
9206,KB3,HARQ,Default,200,0.0001,1,25,0,1.9068,0.888889,839.102
9207,KB3,HARQ,Default,200,0.0001,1,25,0,1.8927,0.888889,845.353
9208,KB3,HARQ,Default,200,0.0001,1,25,0,1.8901,0.888889,846.516
9209,KB3,HARQ,Default,200,0.0001,1,25,0,1.8868,0.888889,847.997
9210,KB3,HARQ,Default,200,0.0001,1,25,0,2.0652,0.888889,774.743
9211,KB3,HARQ,Default,200,0.0001,1,25,0,1.8958,0.888889,843.971
9212,KB3,HARQ,Default,200,0.0001,1,25,0,1.9075,0.888889,838.794
9213,KB3,HARQ,Default,200,0.0001,1,25,0,1.8835,0.888889,849.482
9214,KB3,HARQ,Default,200,0.0001,1,25,0,1.8873,0.888889,847.772
9215,KB3,HARQ,Default,200,0.0001,1,25,0,1.8861,0.888889,848.311
9216,KB3,HARQ,Default,200,0.0001,1,25,0,1.8822,0.888889,850.069
9217,KB3,HARQ,Default,200,0.0001,1,25,0,1.899,0.888889,842.549
9218,KB3,HARQ,Default,200,0.0001,1,25,0,2.0292,0.888889,788.488
9219,KB3,HARQ,Default,200,0.0001,1,25,0,1.8965,0.888889,843.659
9220,KB3,HARQ,Default,200,0.0001,1,25,0,1.8873,0.888889,847.772
9221,KB3,HARQ,Default,200,0.0001,1,25,0,1.8807,0.888889,850.747
9222,KB3,HARQ,Default,200,0.0001,1,25,0,1.8929,0.888889,845.264
9223,KB3,HARQ,Default,200,0.0001,1,25,0,1.9098,0.888889,837.784
9224,KB3,HARQ,Default,200,0.0001,1,25,0,1.903,0.888889,840.778
9225,KB3,HARQ,Default,200,0.0001,1,25,0,1.902,0.888889,841.22
9226,KB3,HARQ,Default,200,0.0001,1,25,0,1.9521,0.888889,819.63
9227,KB3,HARQ,Default,200,0.0001,1,25,0,1.8889,0.888889,847.054
9228,KB3,HARQ,Default,200,0.0001,1,25,0,1.882,0.888889,850.159
9229,KB3,HARQ,Default,200,0.0001,1,25,0,1.9124,0.888889,836.645
9230,KB3,HARQ,Default,200,0.0001,1,25,0,1.9113,0.888889,837.127
9231,KB3,HARQ,Default,200,0.0001,1,25,0,1.9066,0.888889,839.19
9232,KB3,HARQ,Default,200,0.0001,1,25,0,1.8967,0.888889,843.57
9233,KB3,HARQ,Default,200,0.0001,1,25,0,1.9044,0.888889,840.16
9234,KB3,HARQ,Default,200,0.0001,1,25,0,2.1514,0.888889,743.702
9235,KB3,HARQ,Default,200,0.0001,1,25,0,2.165,0.888889,739.03
9236,KB3,HARQ,Default,200,0.0001,1,25,0,1.8996,0.888889,842.283
9237,KB3,HARQ,Default,200,0.0001,1,25,0,1.8995,0.888889,842.327
9238,KB3,HARQ,Default,200,0.0001,1,25,0,1.9124,0.888889,836.645
9239,KB3,HARQ,Default,200,0.0001,1,25,0,1.8881,0.888889,847.413
9240,KB3,HARQ,Default,200,0.0001,1,25,0,1.9449,0.888889,822.664
9241,KB3,HARQ,Default,200,0.0001,1,25,0,1.8827,0.888889,849.843
9242,KB3,HARQ,Default,200,0.0001,1,25,0,1.9474,0.888889,821.608
9243,KB3,HARQ,Default,200,0.0001,1,25,0,1.8864,0.888889,848.176
9244,KB3,HARQ,Default,200,0.0001,1,25,0,1.9002,0.888889,842.017
9245,KB3,HARQ,Default,200,0.0001,1,25,0,1.8854,0.888889,848.626
9246,KB3,HARQ,Default,200,0.0001,1,25,0,1.8787,0.888889,851.653
9247,KB3,HARQ,Default,200,0.0001,1,25,0,1.8804,0.888889,850.883
9248,KB3,HARQ,Default,200,0.0001,1,25,0,1.8975,0.888889,843.215
9249,KB3,HARQ,Default,200,0.0001,1,25,0,1.9383,0.888889,825.466
9250,KB3,HARQ,Default,200,0.0001,1,25,0,1.9717,0.888889,811.482
9251,KB3,HARQ,Default,200,0.0001,1,25,0,1.9133,0.888889,836.252
9252,KB3,HARQ,Default,200,0.0001,1,25,0,1.89,0.888889,846.561
9253,KB3,HARQ,Default,200,0.0001,1,25,0,1.89,0.888889,846.561
9254,KB3,HARQ,Default,200,0.0001,1,25,0,1.8819,0.888889,850.205
9255,KB3,HARQ,Default,200,0.0001,1,25,0,1.8902,0.888889,846.471
9256,KB3,HARQ,Default,200,0.0001,1,25,0,1.9083,0.888889,838.443
9257,KB3,HARQ,Default,200,0.0001,1,25,0,1.9083,0.888889,838.443
9258,KB3,HARQ,Default,200,0.0001,1,25,0,2.0189,0.888889,792.511
9259,KB3,HARQ,Default,200,0.0001,1,25,0,1.8811,0.888889,850.566
9260,KB3,HARQ,Default,200,0.0001,1,25,0,1.8886,0.888889,847.188
9261,KB3,HARQ,Default,200,0.0001,1,25,0,1.8945,0.888889,844.55
9262,KB3,HARQ,Default,200,0.0001,1,25,0,1.9026,0.888889,840.954
9263,KB3,HARQ,Default,200,0.0001,1,25,0,1.9119,0.888889,836.864
9264,KB3,HARQ,Default,200,0.0001,1,25,0,1.9029,0.888889,840.822
9265,KB3,HARQ,Default,200,0.0001,1,25,0,1.9124,0.888889,836.645
9266,KB3,HARQ,Default,200,0.0001,1,25,0,1.951,0.888889,820.092
9267,KB3,HARQ,Default,200,0.0001,1,25,0,1.8788,0.888889,851.607
9268,KB3,HARQ,Default,200,0.0001,1,25,0,1.9037,0.888889,840.469
9269,KB3,HARQ,Default,200,0.0001,1,25,0,1.9111,0.888889,837.214
9270,KB3,HARQ,Default,200,0.0001,1,25,0,1.9055,0.888889,839.675
9271,KB3,HARQ,Default,200,0.0001,1,25,0,1.8902,0.888889,846.471
9272,KB3,HARQ,Default,200,0.0001,1,25,0,1.8898,0.888889,846.65
9273,KB3,HARQ,Default,200,0.0001,1,25,0,1.8878,0.888889,847.547
9274,KB3,HARQ,Default,200,0.0001,1,25,0,1.9304,0.888889,828.844
9275,KB3,HARQ,Default,200,0.0001,1,25,0,1.9092,0.888889,838.047
9276,KB3,HARQ,Default,200,0.0001,1,25,0,1.9011,0.888889,841.618
9277,KB3,HARQ,Default,200,0.0001,1,25,0,1.896,0.888889,843.882
9278,KB3,HARQ,Default,200,0.0001,1,25,0,1.9048,0.888889,839.983
9279,KB3,HARQ,Default,200,0.0001,1,25,0,1.8956,0.888889,844.06
9280,KB3,HARQ,Default,200,0.0001,1,25,0,1.8959,0.888889,843.926
9281,KB3,HARQ,Default,200,0.0001,1,25,0,1.9016,0.888889,841.397
9282,KB3,HARQ,Default,200,0.0001,1,25,0,1.9769,0.888889,809.348
9283,KB3,HARQ,Default,200,0.0001,1,25,0,1.8932,0.888889,845.13
9284,KB3,HARQ,Default,200,0.0001,1,25,0,1.9191,0.888889,833.724
9285,KB3,HARQ,Default,200,0.0001,1,25,0,1.8815,0.888889,850.385
9286,KB3,HARQ,Default,200,0.0001,1,25,0,1.8995,0.888889,842.327
9287,KB3,HARQ,Default,200,0.0001,1,25,0,1.9031,0.888889,840.734
9288,KB3,HARQ,Default,200,0.0001,1,25,0,1.8962,0.888889,843.793
9289,KB3,HARQ,Default,200,0.0001,1,25,0,1.91,0.888889,837.696
9290,KB3,HARQ,Default,200,0.0001,1,25,0,1.9398,0.888889,824.827
9291,KB3,HARQ,Default,200,0.0001,1,25,0,1.9102,0.888889,837.609
9292,KB3,HARQ,Default,200,0.0001,1,25,0,1.8921,0.888889,845.621
9293,KB3,HARQ,Default,200,0.0001,1,25,0,1.8978,0.888889,843.081
9294,KB3,HARQ,Default,200,0.0001,1,25,0,1.9114,0.888889,837.083
9295,KB3,HARQ,Default,200,0.0001,1,25,0,1.913,0.888889,836.383
9296,KB3,HARQ,Default,200,0.0001,1,25,0,1.909,0.888889,838.135
9297,KB3,HARQ,Default,200,0.0001,1,25,0,1.8802,0.888889,850.973
9298,KB3,HARQ,Default,200,0.0001,1,25,0,1.9134,0.888889,836.208
9299,KB3,HARQ,Default,200,0.0001,1,25,0,1.9047,0.888889,840.027
9300,KB3,HARQ,Default,200,0.0001,1,25,0,1.8815,0.888889,850.385
9301,KB3,HARQ,Default,200,0.0001,1,25,0,1.8857,0.888889,848.491
9302,KB3,HARQ,Default,200,0.0001,1,25,0,1.898,0.888889,842.993
9303,KB3,HARQ,Default,200,0.0001,1,25,0,1.8825,0.888889,849.934
9304,KB3,HARQ,Default,200,0.0001,1,25,0,1.8889,0.888889,847.054
9305,KB3,HARQ,Default,200,0.0001,1,25,0,1.889,0.888889,847.009
9306,KB3,HARQ,Default,200,0.0001,1,25,0,1.8822,0.888889,850.069
9307,KB3,HARQ,Default,200,0.0001,1,25,0,2.3429,0.888889,682.914
9308,KB3,HARQ,Default,200,0.0001,1,25,0,1.9663,0.888889,813.711
9309,KB3,HARQ,Default,200,0.0001,1,25,0,1.9122,0.888889,836.733
9310,KB3,HARQ,Default,200,0.0001,1,25,0,1.8898,0.888889,846.65
9311,KB3,HARQ,Default,200,0.0001,1,25,0,1.8891,0.888889,846.964
9312,KB3,HARQ,Default,200,0.0001,1,25,0,1.8919,0.888889,845.711
9313,KB3,HARQ,Default,200,0.0001,1,25,0,1.8879,0.888889,847.503
9314,KB3,HARQ,Default,200,0.0001,1,25,0,1.9538,0.888889,818.917
9315,KB3,HARQ,Default,200,0.0001,1,25,0,1.9072,0.888889,838.926
9316,KB3,HARQ,Default,200,0.0001,1,25,0,1.9194,0.888889,833.594
9317,KB3,HARQ,Default,200,0.0001,1,25,0,1.8911,0.888889,846.068
9318,KB3,HARQ,Default,200,0.0001,1,25,0,1.887,0.888889,847.907
9319,KB3,HARQ,Default,200,0.0001,1,25,0,1.9171,0.888889,834.594
9320,KB3,HARQ,Default,200,0.0001,1,25,0,1.9184,0.888889,834.028
9321,KB3,HARQ,Default,200,0.0001,1,25,0,1.9084,0.888889,838.399
9322,KB3,HARQ,Default,200,0.0001,1,25,0,1.9486,0.888889,821.102
9323,KB3,HARQ,Default,200,0.0001,1,25,0,1.9107,0.888889,837.389
9324,KB3,HARQ,Default,200,0.0001,1,25,0,1.9069,0.888889,839.058
9325,KB3,HARQ,Default,200,0.0001,1,25,0,1.8876,0.888889,847.637
9326,KB3,HARQ,Default,200,0.0001,1,25,0,1.9097,0.888889,837.828
9327,KB3,HARQ,Default,200,0.0001,1,25,0,1.909,0.888889,838.135
9328,KB3,HARQ,Default,200,0.0001,1,25,0,1.9139,0.888889,835.989
9329,KB3,HARQ,Default,200,0.0001,1,25,0,1.8859,0.888889,848.401
9330,KB3,HARQ,Default,200,0.0001,1,25,0,1.8884,0.888889,847.278
9331,KB3,HARQ,Default,200,0.0001,1,25,0,1.93,0.888889,829.016
9332,KB3,HARQ,Default,200,0.0001,1,25,0,1.8801,0.888889,851.019
9333,KB3,HARQ,Default,200,0.0001,1,25,0,1.9171,0.888889,834.594
9334,KB3,HARQ,Default,200,0.0001,1,25,0,1.9183,0.888889,834.072
9335,KB3,HARQ,Default,200,0.0001,1,25,0,1.9165,0.888889,834.855
9336,KB3,HARQ,Default,200,0.0001,1,25,0,1.8946,0.888889,844.505
9337,KB3,HARQ,Default,200,0.0001,1,25,0,1.8873,0.888889,847.772
9338,KB3,HARQ,Default,200,0.0001,1,25,0,1.9436,0.888889,823.215
9339,KB3,HARQ,Default,200,0.0001,1,25,0,1.9097,0.888889,837.828
9340,KB3,HARQ,Default,200,0.0001,1,25,0,1.901,0.888889,841.662
9341,KB3,HARQ,Default,200,0.0001,1,25,0,1.9044,0.888889,840.16
9342,KB3,HARQ,Default,200,0.0001,1,25,0,1.9006,0.888889,841.839
9343,KB3,HARQ,Default,200,0.0001,1,25,0,1.883,0.888889,849.708
9344,KB3,HARQ,Default,200,0.0001,1,25,0,1.8899,0.888889,846.606
9345,KB3,HARQ,Default,200,0.0001,1,25,0,1.9016,0.888889,841.397
9346,KB3,HARQ,Default,200,0.0001,1,25,0,1.9972,0.888889,801.122
9347,KB3,HARQ,Default,200,0.0001,1,25,0,1.8973,0.888889,843.304
9348,KB3,HARQ,Default,200,0.0001,1,25,0,1.8932,0.888889,845.13
9349,KB3,HARQ,Default,200,0.0001,1,25,0,1.9091,0.888889,838.091
9350,KB3,HARQ,Default,200,0.0001,1,25,0,1.9108,0.888889,837.346
9351,KB3,HARQ,Default,200,0.0001,1,25,0,1.8937,0.888889,844.907
9352,KB3,HARQ,Default,200,0.0001,1,25,0,1.9079,0.888889,838.618
9353,KB3,HARQ,Default,200,0.0001,1,25,0,1.8951,0.888889,844.283
9354,KB3,HARQ,Default,200,0.0001,1,25,0,1.9702,0.888889,812.1
9355,KB3,HARQ,Default,200,0.0001,1,25,0,1.9629,0.888889,815.12
9356,KB3,HARQ,Default,200,0.0001,1,25,0,1.8804,0.888889,850.883
9357,KB3,HARQ,Default,200,0.0001,1,25,0,1.8864,0.888889,848.176
9358,KB3,HARQ,Default,200,0.0001,1,25,0,1.891,0.888889,846.113
9359,KB3,HARQ,Default,200,0.0001,1,25,0,1.882,0.888889,850.159
9360,KB3,HARQ,Default,200,0.0001,1,25,0,1.9166,0.888889,834.812
9361,KB3,HARQ,Default,200,0.0001,1,25,0,1.8876,0.888889,847.637
9362,KB3,HARQ,Default,200,0.0001,1,25,0,1.9327,0.888889,827.857
9363,KB3,HARQ,Default,200,0.0001,1,25,0,1.8846,0.888889,848.987
9364,KB3,HARQ,Default,200,0.0001,1,25,0,1.886,0.888889,848.356
9365,KB3,HARQ,Default,200,0.0001,1,25,0,1.8979,0.888889,843.037
9366,KB3,HARQ,Default,200,0.0001,1,25,0,1.8975,0.888889,843.215
9367,KB3,HARQ,Default,200,0.0001,1,25,0,1.9072,0.888889,838.926
9368,KB3,HARQ,Default,200,0.0001,1,25,0,1.8917,0.888889,845.8
9369,KB3,HARQ,Default,200,0.0001,1,25,0,1.8925,0.888889,845.443
9370,KB3,HARQ,Default,200,0.0001,1,25,0,2.0508,0.888889,780.183
9371,KB3,HARQ,Default,200,0.0001,1,25,0,1.876,0.888889,852.878
9372,KB3,HARQ,Default,200,0.0001,1,25,0,1.9062,0.888889,839.366
9373,KB3,HARQ,Default,200,0.0001,1,25,0,1.9109,0.888889,837.302
9374,KB3,HARQ,Default,200,0.0001,1,25,0,1.9082,0.888889,838.487
9375,KB3,HARQ,Default,200,0.0001,1,25,0,1.9082,0.888889,838.487
9376,KB3,HARQ,Default,200,0.0001,1,25,0,1.8981,0.888889,842.948
9377,KB3,HARQ,Default,200,0.0001,1,25,0,1.908,0.888889,838.574
9378,KB3,HARQ,Default,200,0.0001,1,25,0,2.1266,0.888889,752.375
9379,KB3,HARQ,Default,200,0.0001,1,25,0,2.2264,0.888889,718.649
9380,KB3,HARQ,Default,200,0.0001,1,25,0,1.9105,0.888889,837.477
9381,KB3,HARQ,Default,200,0.0001,1,25,0,1.8851,0.888889,848.761
9382,KB3,HARQ,Default,200,0.0001,1,25,0,1.8977,0.888889,843.126
9383,KB3,HARQ,Default,200,0.0001,1,25,0,1.9051,0.888889,839.851
9384,KB3,HARQ,Default,200,0.0001,1,25,0,1.9075,0.888889,838.794
9385,KB3,HARQ,Default,200,0.0001,1,25,0,1.9036,0.888889,840.513
9386,KB3,HARQ,Default,200,0.0001,1,25,0,1.9175,0.888889,834.42
9387,KB3,HARQ,Default,200,0.0001,1,25,0,1.8898,0.888889,846.65
9388,KB3,HARQ,Default,200,0.0001,1,25,0,1.8815,0.888889,850.385
9389,KB3,HARQ,Default,200,0.0001,1,25,0,1.8768,0.888889,852.515
9390,KB3,HARQ,Default,200,0.0001,1,25,0,1.902,0.888889,841.22
9391,KB3,HARQ,Default,200,0.0001,1,25,0,1.9058,0.888889,839.542
9392,KB3,HARQ,Default,200,0.0001,1,25,0,1.9286,0.888889,829.617
9393,KB3,HARQ,Default,200,0.0001,1,25,0,1.9113,0.888889,837.127
9394,KB3,HARQ,Default,200,0.0001,1,25,0,1.9385,0.888889,825.38
9395,KB3,HARQ,Default,200,0.0001,1,25,0,1.8871,0.888889,847.862
9396,KB3,HARQ,Default,200,0.0001,1,25,0,1.8974,0.888889,843.259
9397,KB3,HARQ,Default,200,0.0001,1,25,0,1.9044,0.888889,840.16
9398,KB3,HARQ,Default,200,0.0001,1,25,0,1.8968,0.888889,843.526
9399,KB3,HARQ,Default,200,0.0001,1,25,0,1.8993,0.888889,842.416
9400,KB3,HARQ,Default,200,0.0001,1,25,0,1.9218,0.888889,832.553
9401,KB3,HARQ,Default,200,0.0001,1,25,0,1.8859,0.888889,848.401
9402,KB3,HARQ,Default,200,0.0001,1,25,0,2.0267,0.888889,789.461
9403,KB3,HARQ,Default,200,0.0001,1,25,0,1.898,0.888889,842.993
9404,KB3,HARQ,Default,200,0.0001,1,25,1,1.9637,0.854701,814.788
9405,KB3,HARQ,Default,200,0.0001,1,25,0,1.8952,0.888889,844.238
9406,KB3,HARQ,Default,200,0.0001,1,25,0,1.8867,0.888889,848.042
9407,KB3,HARQ,Default,200,0.0001,1,25,0,1.9032,0.888889,840.689
9408,KB3,HARQ,Default,200,0.0001,1,25,0,1.8935,0.888889,844.996
9409,KB3,HARQ,Default,200,0.0001,1,25,0,1.911,0.888889,837.258
9410,KB3,HARQ,Default,200,0.0001,1,25,0,2.1211,0.888889,754.326
9411,KB3,HARQ,Default,200,0.0001,1,25,0,1.8983,0.888889,842.859
9412,KB3,HARQ,Default,200,0.0001,1,25,0,1.8832,0.888889,849.618
9413,KB3,HARQ,Default,200,0.0001,1,25,0,1.8871,0.888889,847.862
9414,KB3,HARQ,Default,200,0.0001,1,25,0,1.9193,0.888889,833.637
9415,KB3,HARQ,Default,200,0.0001,1,25,0,1.8811,0.888889,850.566
9416,KB3,HARQ,Default,200,0.0001,1,25,0,1.9064,0.888889,839.278
9417,KB3,HARQ,Default,200,0.0001,1,25,0,2.0245,0.888889,790.319
9418,KB3,HARQ,Default,200,0.0001,1,25,0,1.9504,0.888889,820.345
9419,KB3,HARQ,Default,200,0.0001,1,25,0,1.8811,0.888889,850.566
9420,KB3,HARQ,Default,200,0.0001,1,25,0,1.8803,0.888889,850.928
9421,KB3,HARQ,Default,200,0.0001,1,25,0,1.899,0.888889,842.549
9422,KB3,HARQ,Default,200,0.0001,1,25,0,1.8879,0.888889,847.503
9423,KB3,HARQ,Default,200,0.0001,1,25,0,1.9017,0.888889,841.352
9424,KB3,HARQ,Default,200,0.0001,1,25,0,1.9012,0.888889,841.574
9425,KB3,HARQ,Default,200,0.0001,1,25,0,2.0509,0.888889,780.145
9426,KB3,HARQ,Default,200,0.0001,1,25,0,1.9209,0.888889,832.943
9427,KB3,HARQ,Default,200,0.0001,1,25,0,1.8845,0.888889,849.032
9428,KB3,HARQ,Default,200,0.0001,1,25,0,1.9032,0.888889,840.689
9429,KB3,HARQ,Default,200,0.0001,1,25,0,1.886,0.888889,848.356
9430,KB3,HARQ,Default,200,0.0001,1,25,0,1.9064,0.888889,839.278
9431,KB3,HARQ,Default,200,0.0001,1,25,0,1.9102,0.888889,837.609
9432,KB3,HARQ,Default,200,0.0001,1,25,0,1.8893,0.888889,846.875
9433,KB3,HARQ,Default,200,0.0001,1,25,0,1.8923,0.888889,845.532
9434,KB3,HARQ,Default,200,0.0001,1,25,0,1.9634,0.888889,814.913
9435,KB3,HARQ,Default,200,0.0001,1,25,0,1.895,0.888889,844.327
9436,KB3,HARQ,Default,200,0.0001,1,25,0,1.8785,0.888889,851.743
9437,KB3,HARQ,Default,200,0.0001,1,25,0,1.9058,0.888889,839.542
9438,KB3,HARQ,Default,200,0.0001,1,25,0,1.9086,0.888889,838.311
9439,KB3,HARQ,Default,200,0.0001,1,25,0,1.8824,0.888889,849.979
9440,KB3,HARQ,Default,200,0.0001,1,25,0,1.8966,0.888889,843.615
9441,KB3,HARQ,Default,200,0.0001,1,25,0,1.8883,0.888889,847.323
9442,KB3,HARQ,Default,200,0.0001,1,25,0,1.9677,0.888889,813.132
9443,KB3,HARQ,Default,200,0.0001,1,25,0,1.8856,0.888889,848.536
9444,KB3,HARQ,Default,200,0.0001,1,25,0,1.9125,0.888889,836.601
9445,KB3,HARQ,Default,200,0.0001,1,25,0,1.9181,0.888889,834.159
9446,KB3,HARQ,Default,200,0.0001,1,25,0,1.8787,0.888889,851.653
9447,KB3,HARQ,Default,200,0.0001,1,25,0,1.8938,0.888889,844.862
9448,KB3,HARQ,Default,200,0.0001,1,25,0,1.9063,0.888889,839.322
9449,KB3,HARQ,Default,200,0.0001,1,25,0,1.893,0.888889,845.219
9450,KB3,HARQ,Default,200,0.0001,1,25,0,2.0502,0.888889,780.412
9451,KB3,HARQ,Default,200,0.0001,1,25,0,2.2671,0.888889,705.747
9452,KB3,HARQ,Default,200,0.0001,1,25,0,1.8879,0.888889,847.503
9453,KB3,HARQ,Default,200,0.0001,1,25,0,1.8907,0.888889,846.247
9454,KB3,HARQ,Default,200,0.0001,1,25,0,1.8875,0.888889,847.682
9455,KB3,HARQ,Default,200,0.0001,1,25,0,1.9092,0.888889,838.047
9456,KB3,HARQ,Default,200,0.0001,1,25,0,1.9046,0.888889,840.071
9457,KB3,HARQ,Default,200,0.0001,1,25,0,1.8916,0.888889,845.845
9458,KB3,HARQ,Default,200,0.0001,1,25,0,1.959,0.888889,816.743
9459,KB3,HARQ,Default,200,0.0001,1,25,0,1.9041,0.888889,840.292
9460,KB3,HARQ,Default,200,0.0001,1,25,0,1.892,0.888889,845.666
9461,KB3,HARQ,Default,200,0.0001,1,25,0,1.8885,0.888889,847.233
9462,KB3,HARQ,Default,200,0.0001,1,25,0,1.9035,0.888889,840.557
9463,KB3,HARQ,Default,200,0.0001,1,25,0,1.893,0.888889,845.219
9464,KB3,HARQ,Default,200,0.0001,1,25,0,1.8887,0.888889,847.144
9465,KB3,HARQ,Default,200,0.0001,1,25,0,1.912,0.888889,836.82
9466,KB3,HARQ,Default,200,0.0001,1,25,0,2.0048,0.888889,798.085
9467,KB3,HARQ,Default,200,0.0001,1,25,0,1.9233,0.888889,831.903
9468,KB3,HARQ,Default,200,0.0001,1,25,0,1.9032,0.888889,840.689
9469,KB3,HARQ,Default,200,0.0001,1,25,0,1.8911,0.888889,846.068
9470,KB3,HARQ,Default,200,0.0001,1,25,0,1.896,0.888889,843.882
9471,KB3,HARQ,Default,200,0.0001,1,25,0,1.8827,0.888889,849.843
9472,KB3,HARQ,Default,200,0.0001,1,25,0,1.9044,0.888889,840.16
9473,KB3,HARQ,Default,200,0.0001,1,25,0,1.884,0.888889,849.257
9474,KB3,HARQ,Default,200,0.0001,1,25,0,1.9525,0.888889,819.462
9475,KB3,HARQ,Default,200,0.0001,1,25,0,1.9093,0.888889,838.003
9476,KB3,HARQ,Default,200,0.0001,1,25,0,1.9318,0.888889,828.243
9477,KB3,HARQ,Default,200,0.0001,1,25,0,1.8903,0.888889,846.426
9478,KB3,HARQ,Default,200,0.0001,1,25,0,1.882,0.888889,850.159
9479,KB3,HARQ,Default,200,0.0001,1,25,0,1.9142,0.888889,835.858
9480,KB3,HARQ,Default,200,0.0001,1,25,0,1.8778,0.888889,852.061
9481,KB3,HARQ,Default,200,0.0001,1,25,0,1.9136,0.888889,836.12
9482,KB3,HARQ,Default,200,0.0001,1,25,0,1.9496,0.888889,820.681
9483,KB3,HARQ,Default,200,0.0001,1,25,0,1.8923,0.888889,845.532
9484,KB3,HARQ,Default,200,0.0001,1,25,0,1.9011,0.888889,841.618
9485,KB3,HARQ,Default,200,0.0001,1,25,0,1.8904,0.888889,846.382
9486,KB3,HARQ,Default,200,0.0001,1,25,0,1.9119,0.888889,836.864
9487,KB3,HARQ,Default,200,0.0001,1,25,0,1.8887,0.888889,847.144
9488,KB3,HARQ,Default,200,0.0001,1,25,0,1.8978,0.888889,843.081
9489,KB3,HARQ,Default,200,0.0001,1,25,0,1.9087,0.888889,838.267
9490,KB3,HARQ,Default,200,0.0001,1,25,0,1.881,0.888889,850.611
9491,KB3,HARQ,Default,200,0.0001,1,25,0,1.9517,0.888889,819.798
9492,KB3,HARQ,Default,200,0.0001,1,25,0,1.8867,0.888889,848.042
9493,KB3,HARQ,Default,200,0.0001,1,25,0,1.8932,0.888889,845.13
9494,KB3,HARQ,Default,200,0.0001,1,25,0,1.8765,0.888889,852.651
9495,KB3,HARQ,Default,200,0.0001,1,25,0,1.9046,0.888889,840.071
9496,KB3,HARQ,Default,200,0.0001,1,25,0,1.9092,0.888889,838.047
9497,KB3,HARQ,Default,200,0.0001,1,25,0,1.8989,0.888889,842.593
9498,KB3,HARQ,Default,200,0.0001,1,25,0,1.8893,0.888889,846.875
9499,KB3,HARQ,Default,200,0.0001,1,25,0,1.9406,0.888889,824.487
9500,KB3,HARQ,Default,200,0.0001,1,25,0,1.8767,0.888889,852.56
9501,KB3,HARQ,Default,200,0.0001,1,25,0,1.8924,0.888889,845.487
9502,KB3,HARQ,Default,200,0.0001,1,25,0,1.9035,0.888889,840.557
9503,KB3,HARQ,Default,200,0.0001,1,25,0,1.9054,0.888889,839.719
9504,KB3,HARQ,Default,200,0.0001,1,25,0,1.8868,0.888889,847.997
9505,KB3,HARQ,Default,200,0.0001,1,25,0,1.908,0.888889,838.574
9506,KB3,HARQ,Default,200,0.0001,1,25,0,1.9159,0.888889,835.117
9507,KB3,HARQ,Default,200,0.0001,1,25,0,2.0371,0.888889,785.43
9508,KB3,HARQ,Default,200,0.0001,1,25,0,1.8968,0.888889,843.526
9509,KB3,HARQ,Default,200,0.0001,1,25,0,1.8822,0.888889,850.069
9510,KB3,HARQ,Default,200,0.0001,1,25,0,1.9081,0.888889,838.53
9511,KB3,HARQ,Default,200,0.0001,1,25,0,1.8918,0.888889,845.755
9512,KB3,HARQ,Default,200,0.0001,1,25,0,1.8903,0.888889,846.426
9513,KB3,HARQ,Default,200,0.0001,1,25,0,1.9053,0.888889,839.763
9514,KB3,HARQ,Default,200,0.0001,1,25,0,1.8856,0.888889,848.536
9515,KB3,HARQ,Default,200,0.0001,1,25,0,1.9478,0.888889,821.44
9516,KB3,HARQ,Default,200,0.0001,1,25,0,1.8818,0.888889,850.25
9517,KB3,HARQ,Default,200,0.0001,1,25,0,1.8874,0.888889,847.727
9518,KB3,HARQ,Default,200,0.0001,1,25,0,1.9027,0.888889,840.91
9519,KB3,HARQ,Default,200,0.0001,1,25,0,1.8896,0.888889,846.74
9520,KB3,HARQ,Default,200,0.0001,1,25,0,1.9137,0.888889,836.077
9521,KB3,HARQ,Default,200,0.0001,1,25,0,1.8951,0.888889,844.283
9522,KB3,HARQ,Default,200,0.0001,1,25,0,1.8882,0.888889,847.368
9523,KB3,HARQ,Default,200,0.0001,1,25,0,2.3097,0.888889,692.731
9524,KB3,HARQ,Default,200,0.0001,1,25,0,1.9446,0.888889,822.791
9525,KB3,HARQ,Default,200,0.0001,1,25,0,1.905,0.888889,839.895
9526,KB3,HARQ,Default,200,0.0001,1,25,0,1.9196,0.888889,833.507
9527,KB3,HARQ,Default,200,0.0001,1,25,0,1.8946,0.888889,844.505
9528,KB3,HARQ,Default,200,0.0001,1,25,0,1.8877,0.888889,847.592
9529,KB3,HARQ,Default,200,0.0001,1,25,0,1.8886,0.888889,847.188
9530,KB3,HARQ,Default,200,0.0001,1,25,0,1.9033,0.888889,840.645
9531,KB3,HARQ,Default,200,0.0001,1,25,0,1.9513,0.888889,819.966
9532,KB3,HARQ,Default,200,0.0001,1,25,0,1.8977,0.888889,843.126
9533,KB3,HARQ,Default,200,0.0001,1,25,0,1.9055,0.888889,839.675
9534,KB3,HARQ,Default,200,0.0001,1,25,0,1.8849,0.888889,848.851
9535,KB3,HARQ,Default,200,0.0001,1,25,0,1.9271,0.888889,830.263
9536,KB3,HARQ,Default,200,0.0001,1,25,0,1.8991,0.888889,842.504
9537,KB3,HARQ,Default,200,0.0001,1,25,0,1.9123,0.888889,836.689
9538,KB3,HARQ,Default,200,0.0001,1,25,0,1.8838,0.888889,849.347
9539,KB3,HARQ,Default,200,0.0001,1,25,0,1.9385,0.888889,825.38
9540,KB3,HARQ,Default,200,0.0001,1,25,0,1.9086,0.888889,838.311
9541,KB3,HARQ,Default,200,0.0001,1,25,0,1.8977,0.888889,843.126
9542,KB3,HARQ,Default,200,0.0001,1,25,0,1.8812,0.888889,850.521
9543,KB3,HARQ,Default,200,0.0001,1,25,0,1.8923,0.888889,845.532
9544,KB3,HARQ,Default,200,0.0001,1,25,0,1.9058,0.888889,839.542
9545,KB3,HARQ,Default,200,0.0001,1,25,0,1.8867,0.888889,848.042
9546,KB3,HARQ,Default,200,0.0001,1,25,0,1.904,0.888889,840.336
9547,KB3,HARQ,Default,200,0.0001,1,25,0,1.9584,0.888889,816.993
9548,KB3,HARQ,Default,200,0.0001,1,25,0,1.8904,0.888889,846.382
9549,KB3,HARQ,Default,200,0.0001,1,25,0,1.9488,0.888889,821.018
9550,KB3,HARQ,Default,200,0.0001,1,25,0,1.8943,0.888889,844.639
9551,KB3,HARQ,Default,200,0.0001,1,25,0,1.8987,0.888889,842.682
9552,KB3,HARQ,Default,200,0.0001,1,25,0,1.8906,0.888889,846.292
9553,KB3,HARQ,Default,200,0.0001,1,25,0,1.8979,0.888889,843.037
9554,KB3,HARQ,Default,200,0.0001,1,25,0,1.9022,0.888889,841.131
9555,KB3,HARQ,Default,200,0.0001,1,25,0,1.9767,0.888889,809.43
9556,KB3,HARQ,Default,200,0.0001,1,25,0,1.8861,0.888889,848.311
9557,KB3,HARQ,Default,200,0.0001,1,25,0,1.8896,0.888889,846.74
9558,KB3,HARQ,Default,200,0.0001,1,25,0,1.8938,0.888889,844.862
9559,KB3,HARQ,Default,200,0.0001,1,25,0,1.8812,0.888889,850.521
9560,KB3,HARQ,Default,200,0.0001,1,25,0,1.9106,0.888889,837.433
9561,KB3,HARQ,Default,200,0.0001,1,25,0,1.9069,0.888889,839.058
9562,KB3,HARQ,Default,200,0.0001,1,25,0,1.8879,0.888889,847.503
9563,KB3,HARQ,Default,200,0.0001,1,25,0,1.9347,0.888889,827.002
9564,KB3,HARQ,Default,200,0.0001,1,25,0,1.9032,0.888889,840.689
9565,KB3,HARQ,Default,200,0.0001,1,25,0,1.8965,0.888889,843.659
9566,KB3,HARQ,Default,200,0.0001,1,25,0,1.8804,0.888889,850.883
9567,KB3,HARQ,Default,200,0.0001,1,25,0,1.9051,0.888889,839.851
9568,KB3,HARQ,Default,200,0.0001,1,25,0,1.8872,0.888889,847.817
9569,KB3,HARQ,Default,200,0.0001,1,25,0,1.8989,0.888889,842.593
9570,KB3,HARQ,Default,200,0.0001,1,25,0,1.8863,0.888889,848.221
9571,KB3,HARQ,Default,200,0.0001,1,25,0,1.9654,0.888889,814.084
9572,KB3,HARQ,Default,200,0.0001,1,25,0,1.8852,0.888889,848.716
9573,KB3,HARQ,Default,200,0.0001,1,25,0,1.8916,0.888889,845.845
9574,KB3,HARQ,Default,200,0.0001,1,25,0,1.8839,0.888889,849.302
9575,KB3,HARQ,Default,200,0.0001,1,25,0,1.8984,0.888889,842.815
9576,KB3,HARQ,Default,200,0.0001,1,25,0,1.8828,0.888889,849.798
9577,KB3,HARQ,Default,200,0.0001,1,25,0,1.9184,0.888889,834.028
9578,KB3,HARQ,Default,200,0.0001,1,25,0,1.9071,0.888889,838.97
9579,KB3,HARQ,Default,200,0.0001,1,25,0,1.9546,0.888889,818.582
9580,KB3,HARQ,Default,200,0.0001,1,25,0,1.9026,0.888889,840.954
9581,KB3,HARQ,Default,200,0.0001,1,25,0,1.9137,0.888889,836.077
9582,KB3,HARQ,Default,200,0.0001,1,25,0,1.8849,0.888889,848.851
9583,KB3,HARQ,Default,200,0.0001,1,25,0,1.9017,0.888889,841.352
9584,KB3,HARQ,Default,200,0.0001,1,25,0,1.9104,0.888889,837.521
9585,KB3,HARQ,Default,200,0.0001,1,25,0,1.882,0.888889,850.159
9586,KB3,HARQ,Default,200,0.0001,1,25,0,1.9655,0.888889,814.042
9587,KB3,HARQ,Default,200,0.0001,1,25,0,1.9735,0.888889,810.742
9588,KB3,HARQ,Default,200,0.0001,1,25,0,1.8978,0.888889,843.081
9589,KB3,HARQ,Default,200,0.0001,1,25,0,1.893,0.888889,845.219
9590,KB3,HARQ,Default,200,0.0001,1,25,0,1.894,0.888889,844.773
9591,KB3,HARQ,Default,200,0.0001,1,25,0,1.9133,0.888889,836.252
9592,KB3,HARQ,Default,200,0.0001,1,25,0,1.8889,0.888889,847.054
9593,KB3,HARQ,Default,200,0.0001,1,25,0,1.8927,0.888889,845.353
9594,KB3,HARQ,Default,200,0.0001,1,25,0,1.8874,0.888889,847.727
9595,KB3,HARQ,Default,200,0.0001,1,25,0,2.0388,0.888889,784.775
9596,KB3,HARQ,Default,200,0.0001,1,25,0,2.2071,0.888889,724.933
9597,KB3,HARQ,Default,200,0.0001,1,25,0,1.931,0.888889,828.586
9598,KB3,HARQ,Default,200,0.0001,1,25,0,1.9025,0.888889,840.999
9599,KB3,HARQ,Default,200,0.0001,1,25,0,1.8922,0.888889,845.577
9600,KB3,HARQ,Default,200,0.0001,1,25,0,1.9604,0.888889,816.16
9601,KB3,HARQ,Default,200,0.0001,1,25,0,1.8957,0.888889,844.015
9602,KB3,HARQ,Default,200,0.0001,1,25,0,1.9245,0.888889,831.385
9603,KB3,HARQ,Default,200,0.0001,1,25,0,1.9316,0.888889,828.329
9604,KB3,HARQ,Default,200,0.0001,1,25,0,1.901,0.888889,841.662
9605,KB3,HARQ,Default,200,0.0001,1,25,0,1.9064,0.888889,839.278
9606,KB3,HARQ,Default,200,0.0001,1,25,0,1.8929,0.888889,845.264
9607,KB3,HARQ,Default,200,0.0001,1,25,0,1.8975,0.888889,843.215
9608,KB3,HARQ,Default,200,0.0001,1,25,0,1.8865,0.888889,848.131
9609,KB3,HARQ,Default,200,0.0001,1,25,0,1.8857,0.888889,848.491
9610,KB3,HARQ,Default,200,0.0001,1,25,0,1.8885,0.888889,847.233
9611,KB3,HARQ,Default,200,0.0001,1,25,0,1.9925,0.888889,803.011
9612,KB3,HARQ,Default,200,0.0001,1,25,0,1.9124,0.888889,836.645
9613,KB3,HARQ,Default,200,0.0001,1,25,0,1.8903,0.888889,846.426
9614,KB3,HARQ,Default,200,0.0001,1,25,0,2.0531,0.888889,779.309
9615,KB3,HARQ,Default,200,0.0001,1,25,0,1.8945,0.888889,844.55
9616,KB3,HARQ,Default,200,0.0001,1,25,0,1.8902,0.888889,846.471
9617,KB3,HARQ,Default,200,0.0001,1,25,0,1.8904,0.888889,846.382
9618,KB3,HARQ,Default,200,0.0001,1,25,0,1.9046,0.888889,840.071
9619,KB3,HARQ,Default,200,0.0001,1,25,0,1.9952,0.888889,801.925
9620,KB3,HARQ,Default,200,0.0001,1,25,0,1.8841,0.888889,849.212
9621,KB3,HARQ,Default,200,0.0001,1,25,0,1.8841,0.888889,849.212
9622,KB3,HARQ,Default,200,0.0001,1,25,0,1.9131,0.888889,836.339
9623,KB3,HARQ,Default,200,0.0001,1,25,0,1.8932,0.888889,845.13
9624,KB3,HARQ,Default,200,0.0001,1,25,0,1.8915,0.888889,845.89
9625,KB3,HARQ,Default,200,0.0001,1,25,0,1.8853,0.888889,848.671
9626,KB3,HARQ,Default,200,0.0001,1,25,0,1.9058,0.888889,839.542
9627,KB3,HARQ,Default,200,0.0001,1,25,0,2.0329,0.888889,787.053
9628,KB3,HARQ,Default,200,0.0001,1,25,0,1.891,0.888889,846.113
9629,KB3,HARQ,Default,200,0.0001,1,25,0,1.9092,0.888889,838.047
9630,KB3,HARQ,Default,200,0.0001,1,25,0,1.8872,0.888889,847.817
9631,KB3,HARQ,Default,200,0.0001,1,25,0,1.9058,0.888889,839.542
9632,KB3,HARQ,Default,200,0.0001,1,25,0,1.8891,0.888889,846.964
9633,KB3,HARQ,Default,200,0.0001,1,25,0,1.8897,0.888889,846.695
9634,KB3,HARQ,Default,200,0.0001,1,25,0,1.8776,0.888889,852.152
9635,KB3,HARQ,Default,200,0.0001,1,25,0,2.007,0.888889,797.21
9636,KB3,HARQ,Default,200,0.0001,1,25,0,1.9138,0.888889,836.033
9637,KB3,HARQ,Default,200,0.0001,1,25,0,1.8926,0.888889,845.398
9638,KB3,HARQ,Default,200,0.0001,1,25,0,1.8895,0.888889,846.785
9639,KB3,HARQ,Default,200,0.0001,1,25,0,1.9096,0.888889,837.872
9640,KB3,HARQ,Default,200,0.0001,1,25,0,1.8827,0.888889,849.843
9641,KB3,HARQ,Default,200,0.0001,1,25,0,1.9168,0.888889,834.725
9642,KB3,HARQ,Default,200,0.0001,1,25,0,1.9116,0.888889,836.995
9643,KB3,HARQ,Default,200,0.0001,1,25,0,1.9101,0.888889,837.652
9644,KB3,HARQ,Default,200,0.0001,1,25,0,1.8782,0.888889,851.879
9645,KB3,HARQ,Default,200,0.0001,1,25,0,1.9096,0.888889,837.872
9646,KB3,HARQ,Default,200,0.0001,1,25,0,1.9115,0.888889,837.039
9647,KB3,HARQ,Default,200,0.0001,1,25,0,1.8866,0.888889,848.087
9648,KB3,HARQ,Default,200,0.0001,1,25,0,1.9024,0.888889,841.043
9649,KB3,HARQ,Default,200,0.0001,1,25,0,1.9184,0.888889,834.028
9650,KB3,HARQ,Default,200,0.0001,1,25,0,1.8805,0.888889,850.838
9651,KB3,HARQ,Default,200,0.0001,1,25,0,2.0063,0.888889,797.488
9652,KB3,HARQ,Default,200,0.0001,1,25,0,1.903,0.888889,840.778
9653,KB3,HARQ,Default,200,0.0001,1,25,0,1.9293,0.888889,829.316
9654,KB3,HARQ,Default,200,0.0001,1,25,0,1.8901,0.888889,846.516
9655,KB3,HARQ,Default,200,0.0001,1,25,0,1.8948,0.888889,844.416
9656,KB3,HARQ,Default,200,0.0001,1,25,0,1.9133,0.888889,836.252
9657,KB3,HARQ,Default,200,0.0001,1,25,0,1.888,0.888889,847.458
9658,KB3,HARQ,Default,200,0.0001,1,25,0,1.8798,0.888889,851.154
9659,KB3,HARQ,Default,200,0.0001,1,25,0,1.9259,0.888889,830.78
9660,KB3,HARQ,Default,200,0.0001,1,25,0,1.9115,0.888889,837.039
9661,KB3,HARQ,Default,200,0.0001,1,25,0,1.8932,0.888889,845.13
9662,KB3,HARQ,Default,200,0.0001,1,25,0,1.9184,0.888889,834.028
9663,KB3,HARQ,Default,200,0.0001,1,25,0,1.8981,0.888889,842.948
9664,KB3,HARQ,Default,200,0.0001,1,25,0,1.8898,0.888889,846.65
9665,KB3,HARQ,Default,200,0.0001,1,25,0,1.8892,0.888889,846.919
9666,KB3,HARQ,Default,200,0.0001,1,25,0,1.8936,0.888889,844.951
9667,KB3,HARQ,Default,200,0.0001,1,25,0,2.0983,0.888889,762.522
9668,KB3,HARQ,Default,200,0.0001,1,25,0,2.1681,0.888889,737.973
9669,KB3,HARQ,Default,200,0.0001,1,25,0,1.9059,0.888889,839.498
9670,KB3,HARQ,Default,200,0.0001,1,25,0,1.9049,0.888889,839.939
9671,KB3,HARQ,Default,200,0.0001,1,25,0,1.916,0.888889,835.073
9672,KB3,HARQ,Default,200,0.0001,1,25,0,1.8849,0.888889,848.851
9673,KB3,HARQ,Default,200,0.0001,1,25,0,1.8911,0.888889,846.068
9674,KB3,HARQ,Default,200,0.0001,1,25,0,1.8772,0.888889,852.333
9675,KB3,HARQ,Default,200,0.0001,1,25,0,2.2416,0.888889,713.776
9676,KB3,HARQ,Default,200,0.0001,1,25,0,1.9091,0.888889,838.091
9677,KB3,HARQ,Default,200,0.0001,1,25,0,1.9224,0.888889,832.293
9678,KB3,HARQ,Default,200,0.0001,1,25,0,2.0176,0.888889,793.021
9679,KB3,HARQ,Default,200,0.0001,1,25,0,1.897,0.888889,843.437
9680,KB3,HARQ,Default,200,0.0001,1,25,0,1.9153,0.888889,835.378
9681,KB3,HARQ,Default,200,0.0001,1,25,0,1.8888,0.888889,847.099
9682,KB3,HARQ,Default,200,0.0001,1,25,0,1.944,0.888889,823.045
9683,KB3,HARQ,Default,200,0.0001,1,25,0,1.8852,0.888889,848.716
9684,KB3,HARQ,Default,200,0.0001,1,25,0,1.8778,0.888889,852.061
9685,KB3,HARQ,Default,200,0.0001,1,25,0,1.8898,0.888889,846.65
9686,KB3,HARQ,Default,200,0.0001,1,25,0,1.9018,0.888889,841.308
9687,KB3,HARQ,Default,200,0.0001,1,25,0,2.0555,0.888889,778.399
9688,KB3,HARQ,Default,200,0.0001,1,25,0,1.884,0.888889,849.257
9689,KB3,HARQ,Default,200,0.0001,1,25,0,1.8935,0.888889,844.996
9690,KB3,HARQ,Default,200,0.0001,1,25,0,1.9259,0.888889,830.78
9691,KB3,HARQ,Default,200,0.0001,1,25,0,1.8809,0.888889,850.657
9692,KB3,HARQ,Default,200,0.0001,1,25,0,1.8853,0.888889,848.671
9693,KB3,HARQ,Default,200,0.0001,1,25,0,1.8906,0.888889,846.292
9694,KB3,HARQ,Default,200,0.0001,1,25,0,1.9078,0.888889,838.662
9695,KB3,HARQ,Default,200,0.0001,1,25,0,1.8893,0.888889,846.875
9696,KB3,HARQ,Default,200,0.0001,1,25,0,1.8996,0.888889,842.283
9697,KB3,HARQ,Default,200,0.0001,1,25,0,1.9104,0.888889,837.521
9698,KB3,HARQ,Default,200,0.0001,1,25,0,1.8802,0.888889,850.973
9699,KB3,HARQ,Default,200,0.0001,1,25,0,1.9674,0.888889,813.256
9700,KB3,HARQ,Default,200,0.0001,1,25,0,1.8949,0.888889,844.372
9701,KB3,HARQ,Default,200,0.0001,1,25,0,1.9161,0.888889,835.029
9702,KB3,HARQ,Default,200,0.0001,1,25,0,1.8906,0.888889,846.292
9703,KB3,HARQ,Default,200,0.0001,1,25,0,1.8903,0.888889,846.426
9704,KB3,HARQ,Default,200,0.0001,1,25,0,1.9004,0.888889,841.928
9705,KB3,HARQ,Default,200,0.0001,1,25,0,1.8807,0.888889,850.747
9706,KB3,HARQ,Default,200,0.0001,1,25,0,1.9065,0.888889,839.234
9707,KB3,HARQ,Default,200,0.0001,1,25,0,2.1908,0.888889,730.327
9708,KB3,HARQ,Default,200,0.0001,1,25,0,1.8811,0.888889,850.566
9709,KB3,HARQ,Default,200,0.0001,1,25,0,1.8991,0.888889,842.504
9710,KB3,HARQ,Default,200,0.0001,1,25,0,1.8859,0.888889,848.401
9711,KB3,HARQ,Default,200,0.0001,1,25,0,1.9074,0.888889,838.838
9712,KB3,HARQ,Default,200,0.0001,1,25,0,1.903,0.888889,840.778
9713,KB3,HARQ,Default,200,0.0001,1,25,0,1.8972,0.888889,843.348
9714,KB3,HARQ,Default,200,0.0001,1,25,0,1.9751,0.888889,810.086
9715,KB3,HARQ,Default,200,0.0001,1,25,0,1.9308,0.888889,828.672
9716,KB3,HARQ,Default,200,0.0001,1,25,0,1.939,0.888889,825.168
9717,KB3,HARQ,Default,200,0.0001,1,25,0,1.9326,0.888889,827.9
9718,KB3,HARQ,Default,200,0.0001,1,25,0,1.9551,0.888889,818.372
9719,KB3,HARQ,Default,200,0.0001,1,25,0,1.9372,0.888889,825.934
9720,KB3,HARQ,Default,200,0.0001,1,25,0,1.9553,0.888889,818.289
9721,KB3,HARQ,Default,200,0.0001,1,25,0,1.9568,0.888889,817.661
9722,KB3,HARQ,Default,200,0.0001,1,25,0,1.9342,0.888889,827.215
9723,KB3,HARQ,Default,200,0.0001,1,25,0,1.9713,0.888889,811.647
9724,KB3,HARQ,Default,200,0.0001,1,25,0,1.9429,0.888889,823.511
9725,KB3,HARQ,Default,200,0.0001,1,25,0,1.9297,0.888889,829.144
9726,KB3,HARQ,Default,200,0.0001,1,25,0,1.9364,0.888889,826.276
9727,KB3,HARQ,Default,200,0.0001,1,25,0,1.9388,0.888889,825.253
9728,KB3,HARQ,Default,200,0.0001,1,25,0,1.971,0.888889,811.771
9729,KB3,HARQ,Default,200,0.0001,1,25,0,1.9459,0.888889,822.242
9730,KB3,HARQ,Default,200,0.0001,1,25,0,1.9331,0.888889,827.686
9731,KB3,HARQ,Default,200,0.0001,1,25,0,1.9398,0.888889,824.827
9732,KB3,HARQ,Default,200,0.0001,1,25,0,1.928,0.888889,829.876
9733,KB3,HARQ,Default,200,0.0001,1,25,0,1.9225,0.888889,832.25
9734,KB3,HARQ,Default,200,0.0001,1,25,0,1.9383,0.888889,825.466
9735,KB3,HARQ,Default,200,0.0001,1,25,0,1.9546,0.888889,818.582
9736,KB3,HARQ,Default,200,0.0001,1,25,0,1.9338,0.888889,827.386
9737,KB3,HARQ,Default,200,0.0001,1,25,0,1.9403,0.888889,824.615
9738,KB3,HARQ,Default,200,0.0001,1,25,0,2.0282,0.888889,788.877
9739,KB3,HARQ,Default,200,0.0001,1,25,0,1.9624,0.888889,815.328
9740,KB3,HARQ,Default,200,0.0001,1,25,0,1.923,0.888889,832.033
9741,KB3,HARQ,Default,200,0.0001,1,25,0,1.9347,0.888889,827.002
9742,KB3,HARQ,Default,200,0.0001,1,25,0,1.929,0.888889,829.445
9743,KB3,HARQ,Default,200,0.0001,1,25,0,1.926,0.888889,830.737
9744,KB3,HARQ,Default,200,0.0001,1,25,0,1.9219,0.888889,832.509
9745,KB3,HARQ,Default,200,0.0001,1,25,0,1.9599,0.888889,816.368
9746,KB3,HARQ,Default,200,0.0001,1,25,0,1.9716,0.888889,811.524
9747,KB3,HARQ,Default,200,0.0001,1,25,0,1.9405,0.888889,824.53
9748,KB3,HARQ,Default,200,0.0001,1,25,0,1.9345,0.888889,827.087
9749,KB3,HARQ,Default,200,0.0001,1,25,0,1.9402,0.888889,824.657
9750,KB3,HARQ,Default,200,0.0001,1,25,0,1.9286,0.888889,829.617
9751,KB3,HARQ,Default,200,0.0001,1,25,0,1.9266,0.888889,830.479
9752,KB3,HARQ,Default,200,0.0001,1,25,0,1.9483,0.888889,821.229
9753,KB3,HARQ,Default,200,0.0001,1,25,0,1.9652,0.888889,814.166
9754,KB3,HARQ,Default,200,0.0001,1,25,0,1.9354,0.888889,826.702
9755,KB3,HARQ,Default,200,0.0001,1,25,0,1.9447,0.888889,822.749
9756,KB3,HARQ,Default,200,0.0001,1,25,0,1.9449,0.888889,822.664
9757,KB3,HARQ,Default,200,0.0001,1,25,0,1.9571,0.888889,817.536
9758,KB3,HARQ,Default,200,0.0001,1,25,0,1.9504,0.888889,820.345
9759,KB3,HARQ,Default,200,0.0001,1,25,0,1.9337,0.888889,827.429
9760,KB3,HARQ,Default,200,0.0001,1,25,0,1.9256,0.888889,830.91
9761,KB3,HARQ,Default,200,0.0001,1,25,0,1.9597,0.888889,816.451
9762,KB3,HARQ,Default,200,0.0001,1,25,0,1.9519,0.888889,819.714
9763,KB3,HARQ,Default,200,0.0001,1,25,0,1.9298,0.888889,829.101
9764,KB3,HARQ,Default,200,0.0001,1,25,0,1.9274,0.888889,830.134
9765,KB3,HARQ,Default,200,0.0001,1,25,0,1.9134,0.888889,836.208
9766,KB3,HARQ,Default,200,0.0001,1,25,0,1.8989,0.888889,842.593
9767,KB3,HARQ,Default,200,0.0001,1,25,0,1.8925,0.888889,845.443
9768,KB3,HARQ,Default,200,0.0001,1,25,0,1.8832,0.888889,849.618
9769,KB3,HARQ,Default,200,0.0001,1,25,0,1.985,0.888889,806.045
9770,KB3,HARQ,Default,200,0.0001,1,25,0,1.8957,0.888889,844.015
9771,KB3,HARQ,Default,200,0.0001,1,25,0,1.8967,0.888889,843.57
9772,KB3,HARQ,Default,200,0.0001,1,25,0,1.9025,0.888889,840.999
9773,KB3,HARQ,Default,200,0.0001,1,25,0,1.8833,0.888889,849.573
9774,KB3,HARQ,Default,200,0.0001,1,25,0,1.8942,0.888889,844.684
9775,KB3,HARQ,Default,200,0.0001,1,25,0,1.8837,0.888889,849.392
9776,KB3,HARQ,Default,200,0.0001,1,25,0,1.9112,0.888889,837.17
9777,KB3,HARQ,Default,200,0.0001,1,25,0,1.927,0.888889,830.306
9778,KB3,HARQ,Default,200,0.0001,1,25,0,1.9206,0.888889,833.073
9779,KB3,HARQ,Default,200,0.0001,1,25,0,1.9034,0.888889,840.601
9780,KB3,HARQ,Default,200,0.0001,1,25,0,1.8832,0.888889,849.618
9781,KB3,HARQ,Default,200,0.0001,1,25,0,1.9006,0.888889,841.839
9782,KB3,HARQ,Default,200,0.0001,1,25,0,1.8805,0.888889,850.838
9783,KB3,HARQ,Default,200,0.0001,1,25,0,1.886,0.888889,848.356
9784,KB3,HARQ,Default,200,0.0001,1,25,0,1.8865,0.888889,848.131
9785,KB3,HARQ,Default,200,0.0001,1,25,0,1.9567,0.888889,817.703
9786,KB3,HARQ,Default,200,0.0001,1,25,0,1.9002,0.888889,842.017
9787,KB3,HARQ,Default,200,0.0001,1,25,0,1.9168,0.888889,834.725
9788,KB3,HARQ,Default,200,0.0001,1,25,0,1.8863,0.888889,848.221
9789,KB3,HARQ,Default,200,0.0001,1,25,0,1.8937,0.888889,844.907
9790,KB3,HARQ,Default,200,0.0001,1,25,0,1.8764,0.888889,852.697
9791,KB3,HARQ,Default,200,0.0001,1,25,0,1.902,0.888889,841.22
9792,KB3,HARQ,Default,200,0.0001,1,25,0,1.9033,0.888889,840.645
9793,KB3,HARQ,Default,200,0.0001,1,25,0,1.9711,0.888889,811.729
9794,KB3,HARQ,Default,200,0.0001,1,25,0,1.8838,0.888889,849.347
9795,KB3,HARQ,Default,200,0.0001,1,25,0,1.9097,0.888889,837.828
9796,KB3,HARQ,Default,200,0.0001,1,25,0,1.9133,0.888889,836.252
9797,KB3,HARQ,Default,200,0.0001,1,25,0,1.8879,0.888889,847.503
9798,KB3,HARQ,Default,200,0.0001,1,25,0,1.8917,0.888889,845.8
9799,KB3,HARQ,Default,200,0.0001,1,25,0,1.8879,0.888889,847.503
9800,KB3,HARQ,Default,200,0.0001,1,25,0,1.8874,0.888889,847.727
9801,KB3,HARQ,Default,200,0.0001,1,25,0,2.0145,0.888889,794.242
9802,KB3,HARQ,Default,200,0.0001,1,25,0,1.891,0.888889,846.113
9803,KB3,HARQ,Default,200,0.0001,1,25,0,1.9048,0.888889,839.983
9804,KB3,HARQ,Default,200,0.0001,1,25,0,1.8886,0.888889,847.188
9805,KB3,HARQ,Default,200,0.0001,1,25,0,1.8935,0.888889,844.996
9806,KB3,HARQ,Default,200,0.0001,1,25,0,1.888,0.888889,847.458
9807,KB3,HARQ,Default,200,0.0001,1,25,0,1.9058,0.888889,839.542
9808,KB3,HARQ,Default,200,0.0001,1,25,0,1.8875,0.888889,847.682
9809,KB3,HARQ,Default,200,0.0001,1,25,0,1.945,0.888889,822.622
9810,KB3,HARQ,Default,200,0.0001,1,25,0,2.2698,0.888889,704.908
9811,KB3,HARQ,Default,200,0.0001,1,25,0,1.9333,0.888889,827.6
9812,KB3,HARQ,Default,200,0.0001,1,25,0,1.9935,0.888889,802.608
9813,KB3,HARQ,Default,200,0.0001,1,25,0,1.9058,0.888889,839.542
9814,KB3,HARQ,Default,200,0.0001,1,25,0,1.8799,0.888889,851.109
9815,KB3,HARQ,Default,200,0.0001,1,25,0,1.9038,0.888889,840.424
9816,KB3,HARQ,Default,200,0.0001,1,25,0,1.9117,0.888889,836.951
9817,KB3,HARQ,Default,200,0.0001,1,25,0,2.0467,0.888889,781.746
9818,KB3,HARQ,Default,200,0.0001,1,25,0,1.8866,0.888889,848.087
9819,KB3,HARQ,Default,200,0.0001,1,25,0,1.891,0.888889,846.113
9820,KB3,HARQ,Default,200,0.0001,1,25,0,1.9023,0.888889,841.087
9821,KB3,HARQ,Default,200,0.0001,1,25,0,1.9259,0.888889,830.78
9822,KB3,HARQ,Default,200,0.0001,1,25,0,1.9096,0.888889,837.872
9823,KB3,HARQ,Default,200,0.0001,1,25,0,1.9151,0.888889,835.466
9824,KB3,HARQ,Default,200,0.0001,1,25,0,1.8808,0.888889,850.702
9825,KB3,HARQ,Default,200,0.0001,1,25,0,1.9529,0.888889,819.294
9826,KB3,HARQ,Default,200,0.0001,1,25,0,1.8953,0.888889,844.194
9827,KB3,HARQ,Default,200,0.0001,1,25,0,1.9098,0.888889,837.784
9828,KB3,HARQ,Default,200,0.0001,1,25,0,1.8883,0.888889,847.323
9829,KB3,HARQ,Default,200,0.0001,1,25,0,1.9158,0.888889,835.16
9830,KB3,HARQ,Default,200,0.0001,1,25,0,1.9034,0.888889,840.601
9831,KB3,HARQ,Default,200,0.0001,1,25,0,1.9016,0.888889,841.397
9832,KB3,HARQ,Default,200,0.0001,1,25,0,1.8873,0.888889,847.772
9833,KB3,HARQ,Default,200,0.0001,1,25,0,1.9976,0.888889,800.961
9834,KB3,HARQ,Default,200,0.0001,1,25,0,1.905,0.888889,839.895
9835,KB3,HARQ,Default,200,0.0001,1,25,0,1.8809,0.888889,850.657
9836,KB3,HARQ,Default,200,0.0001,1,25,0,1.9169,0.888889,834.681
9837,KB3,HARQ,Default,200,0.0001,1,25,0,1.9233,0.888889,831.903
9838,KB3,HARQ,Default,200,0.0001,1,25,0,1.8972,0.888889,843.348
9839,KB3,HARQ,Default,200,0.0001,1,25,0,1.8842,0.888889,849.167
9840,KB3,HARQ,Default,200,0.0001,1,25,0,1.8972,0.888889,843.348
9841,KB3,HARQ,Default,200,0.0001,1,25,0,1.952,0.888889,819.672
9842,KB3,HARQ,Default,200,0.0001,1,25,0,1.8848,0.888889,848.896
9843,KB3,HARQ,Default,200,0.0001,1,25,0,1.9026,0.888889,840.954
9844,KB3,HARQ,Default,200,0.0001,1,25,0,1.9016,0.888889,841.397
9845,KB3,HARQ,Default,200,0.0001,1,25,0,1.8895,0.888889,846.785
9846,KB3,HARQ,Default,200,0.0001,1,25,0,1.9619,0.888889,815.536
9847,KB3,HARQ,Default,200,0.0001,1,25,0,1.8871,0.888889,847.862
9848,KB3,HARQ,Default,200,0.0001,1,25,0,1.9307,0.888889,828.715
9849,KB3,HARQ,Default,200,0.0001,1,25,0,1.8926,0.888889,845.398
9850,KB3,HARQ,Default,200,0.0001,1,25,0,1.9057,0.888889,839.587
9851,KB3,HARQ,Default,200,0.0001,1,25,0,1.9025,0.888889,840.999
9852,KB3,HARQ,Default,200,0.0001,1,25,0,1.8981,0.888889,842.948
9853,KB3,HARQ,Default,200,0.0001,1,25,0,1.8923,0.888889,845.532
9854,KB3,HARQ,Default,200,0.0001,1,25,0,1.9101,0.888889,837.652
9855,KB3,HARQ,Default,200,0.0001,1,25,0,1.8919,0.888889,845.711
9856,KB3,HARQ,Default,200,0.0001,1,25,0,1.89,0.888889,846.561
9857,KB3,HARQ,Default,200,0.0001,1,25,0,1.9456,0.888889,822.368
9858,KB3,HARQ,Default,200,0.0001,1,25,0,1.8802,0.888889,850.973
9859,KB3,HARQ,Default,200,0.0001,1,25,0,1.8939,0.888889,844.818
9860,KB3,HARQ,Default,200,0.0001,1,25,0,1.887,0.888889,847.907
9861,KB3,HARQ,Default,200,0.0001,1,25,0,1.916,0.888889,835.073
9862,KB3,HARQ,Default,200,0.0001,1,25,0,1.8948,0.888889,844.416
9863,KB3,HARQ,Default,200,0.0001,1,25,0,1.9019,0.888889,841.264
9864,KB3,HARQ,Default,200,0.0001,1,25,0,1.895,0.888889,844.327
9865,KB3,HARQ,Default,200,0.0001,1,25,0,1.933,0.888889,827.729
9866,KB3,HARQ,Default,200,0.0001,1,25,0,1.8906,0.888889,846.292
9867,KB3,HARQ,Default,200,0.0001,1,25,0,1.8971,0.888889,843.393
9868,KB3,HARQ,Default,200,0.0001,1,25,0,1.9075,0.888889,838.794
9869,KB3,HARQ,Default,200,0.0001,1,25,0,1.8863,0.888889,848.221
9870,KB3,HARQ,Default,200,0.0001,1,25,0,1.8894,0.888889,846.83
9871,KB3,HARQ,Default,200,0.0001,1,25,0,1.9251,0.888889,831.126
9872,KB3,HARQ,Default,200,0.0001,1,25,0,1.8907,0.888889,846.247
9873,KB3,HARQ,Default,200,0.0001,1,25,0,2.0487,0.888889,780.983
9874,KB3,HARQ,Default,200,0.0001,1,25,0,1.9046,0.888889,840.071
9875,KB3,HARQ,Default,200,0.0001,1,25,0,1.8851,0.888889,848.761
9876,KB3,HARQ,Default,200,0.0001,1,25,0,1.8986,0.888889,842.726
9877,KB3,HARQ,Default,200,0.0001,1,25,0,1.8799,0.888889,851.109
9878,KB3,HARQ,Default,200,0.0001,1,25,0,1.8964,0.888889,843.704
9879,KB3,HARQ,Default,200,0.0001,1,25,0,1.8799,0.888889,851.109
9880,KB3,HARQ,Default,200,0.0001,1,25,0,1.9075,0.888889,838.794
9881,KB3,HARQ,Default,200,0.0001,1,25,0,2.4655,0.888889,648.956
9882,KB3,HARQ,Default,200,0.0001,1,25,0,1.8859,0.888889,848.401
9883,KB3,HARQ,Default,200,0.0001,1,25,0,1.8974,0.888889,843.259
9884,KB3,HARQ,Default,200,0.0001,1,25,0,1.8816,0.888889,850.34
9885,KB3,HARQ,Default,200,0.0001,1,25,0,1.905,0.888889,839.895
9886,KB3,HARQ,Default,200,0.0001,1,25,0,1.8873,0.888889,847.772
9887,KB3,HARQ,Default,200,0.0001,1,25,0,1.9102,0.888889,837.609
9888,KB3,HARQ,Default,200,0.0001,1,25,0,1.957,0.888889,817.578
9889,KB3,HARQ,Default,200,0.0001,1,25,0,1.8868,0.888889,847.997
9890,KB3,HARQ,Default,200,0.0001,1,25,0,1.8892,0.888889,846.919
9891,KB3,HARQ,Default,200,0.0001,1,25,0,1.8898,0.888889,846.65
9892,KB3,HARQ,Default,200,0.0001,1,25,0,1.9033,0.888889,840.645
9893,KB3,HARQ,Default,200,0.0001,1,25,0,1.8814,0.888889,850.431
9894,KB3,HARQ,Default,200,0.0001,1,25,0,1.9033,0.888889,840.645
9895,KB3,HARQ,Default,200,0.0001,1,25,0,1.9131,0.888889,836.339
9896,KB3,HARQ,Default,200,0.0001,1,25,0,1.9269,0.888889,830.349
9897,KB3,HARQ,Default,200,0.0001,1,25,0,1.9175,0.888889,834.42
9898,KB3,HARQ,Default,200,0.0001,1,25,0,1.8897,0.888889,846.695
9899,KB3,HARQ,Default,200,0.0001,1,25,0,1.8897,0.888889,846.695
9900,KB3,HARQ,Default,200,0.0001,1,25,0,1.8759,0.888889,852.924
9901,KB3,HARQ,Default,200,0.0001,1,25,0,1.9034,0.888889,840.601
9902,KB3,HARQ,Default,200,0.0001,1,25,0,1.8937,0.888889,844.907
9903,KB3,HARQ,Default,200,0.0001,1,25,0,1.9005,0.888889,841.884
9904,KB3,HARQ,Default,200,0.0001,1,25,0,1.8889,0.888889,847.054
9905,KB3,HARQ,Default,200,0.0001,1,25,0,2.2558,0.888889,709.283
9906,KB3,HARQ,Default,200,0.0001,1,25,0,1.9038,0.888889,840.424
9907,KB3,HARQ,Default,200,0.0001,1,25,0,1.8889,0.888889,847.054
9908,KB3,HARQ,Default,200,0.0001,1,25,0,1.9083,0.888889,838.443
9909,KB3,HARQ,Default,200,0.0001,1,25,0,1.9139,0.888889,835.989
9910,KB3,HARQ,Default,200,0.0001,1,25,0,1.8843,0.888889,849.122
9911,KB3,HARQ,Default,200,0.0001,1,25,0,1.8916,0.888889,845.845
9912,KB3,HARQ,Default,200,0.0001,1,25,0,1.9154,0.888889,835.335
9913,KB3,HARQ,Default,200,0.0001,1,25,0,2.0206,0.888889,791.844
9914,KB3,HARQ,Default,200,0.0001,1,25,0,1.8842,0.888889,849.167
9915,KB3,HARQ,Default,200,0.0001,1,25,0,1.924,0.888889,831.601
9916,KB3,HARQ,Default,200,0.0001,1,25,0,1.9336,0.888889,827.472
9917,KB3,HARQ,Default,200,0.0001,1,25,0,1.9323,0.888889,828.029
9918,KB3,HARQ,Default,200,0.0001,1,25,0,1.9223,0.888889,832.336
9919,KB3,HARQ,Default,200,0.0001,1,25,0,1.9425,0.888889,823.681
9920,KB3,HARQ,Default,200,0.0001,1,25,0,1.9568,0.888889,817.661
9921,KB3,HARQ,Default,200,0.0001,1,25,0,1.934,0.888889,827.301
9922,KB3,HARQ,Default,200,0.0001,1,25,0,1.9277,0.888889,830.005
9923,KB3,HARQ,Default,200,0.0001,1,25,0,1.9218,0.888889,832.553
9924,KB3,HARQ,Default,200,0.0001,1,25,0,1.9211,0.888889,832.856
9925,KB3,HARQ,Default,200,0.0001,1,25,0,1.9237,0.888889,831.731
9926,KB3,HARQ,Default,200,0.0001,1,25,0,1.9569,0.888889,817.62
9927,KB3,HARQ,Default,200,0.0001,1,25,0,1.9508,0.888889,820.176
9928,KB3,HARQ,Default,200,0.0001,1,25,0,1.9442,0.888889,822.961
9929,KB3,HARQ,Default,200,0.0001,1,25,0,1.9587,0.888889,816.868
9930,KB3,HARQ,Default,200,0.0001,1,25,0,1.9401,0.888889,824.7
9931,KB3,HARQ,Default,200,0.0001,1,25,0,1.9502,0.888889,820.429
9932,KB3,HARQ,Default,200,0.0001,1,25,0,1.95,0.888889,820.513
9933,KB3,HARQ,Default,200,0.0001,1,25,0,1.9273,0.888889,830.177
9934,KB3,HARQ,Default,200,0.0001,1,25,0,1.9197,0.888889,833.464
9935,KB3,HARQ,Default,200,0.0001,1,25,0,1.925,0.888889,831.169
9936,KB3,HARQ,Default,200,0.0001,1,25,0,1.9774,0.888889,809.143
9937,KB3,HARQ,Default,200,0.0001,1,25,0,1.9443,0.888889,822.918
9938,KB3,HARQ,Default,200,0.0001,1,25,0,1.9382,0.888889,825.508
9939,KB3,HARQ,Default,200,0.0001,1,25,0,1.9573,0.888889,817.453
9940,KB3,HARQ,Default,200,0.0001,1,25,0,1.9264,0.888889,830.565
9941,KB3,HARQ,Default,200,0.0001,1,25,0,1.942,0.888889,823.893
9942,KB3,HARQ,Default,200,0.0001,1,25,0,1.9375,0.888889,825.806
9943,KB3,HARQ,Default,200,0.0001,1,25,0,1.9552,0.888889,818.331
9944,KB3,HARQ,Default,200,0.0001,1,25,0,1.991,0.888889,803.616
9945,KB3,HARQ,Default,200,0.0001,1,25,0,1.945,0.888889,822.622
9946,KB3,HARQ,Default,200,0.0001,1,25,0,1.9761,0.888889,809.676
9947,KB3,HARQ,Default,200,0.0001,1,25,0,1.9397,0.888889,824.87
9948,KB3,HARQ,Default,200,0.0001,1,25,0,1.9192,0.888889,833.681
9949,KB3,HARQ,Default,200,0.0001,1,25,0,1.9234,0.888889,831.86
9950,KB3,HARQ,Default,200,0.0001,1,25,0,1.9421,0.888889,823.85
9951,KB3,HARQ,Default,200,0.0001,1,25,0,1.9289,0.888889,829.488
9952,KB3,HARQ,Default,200,0.0001,1,25,0,2.094,0.888889,764.088
9953,KB3,HARQ,Default,200,0.0001,1,25,0,1.9436,0.888889,823.215
9954,KB3,HARQ,Default,200,0.0001,1,25,1,1.9996,0.854701,800.16
9955,KB3,HARQ,Default,200,0.0001,1,25,0,1.9758,0.888889,809.799
9956,KB3,HARQ,Default,200,0.0001,1,25,0,1.9512,0.888889,820.008
9957,KB3,HARQ,Default,200,0.0001,1,25,0,1.9266,0.888889,830.479
9958,KB3,HARQ,Default,200,0.0001,1,25,0,1.9246,0.888889,831.342
9959,KB3,HARQ,Default,200,0.0001,1,25,0,1.9623,0.888889,815.37
9960,KB3,HARQ,Default,200,0.0001,1,25,0,2.052,0.888889,779.727
9961,KB3,HARQ,Default,200,0.0001,1,25,0,1.9515,0.888889,819.882
9962,KB3,HARQ,Default,200,0.0001,1,25,0,1.9657,0.888889,813.959
9963,KB3,HARQ,Default,200,0.0001,1,25,0,1.9605,0.888889,816.118
9964,KB3,HARQ,Default,200,0.0001,1,25,0,1.9319,0.888889,828.2
9965,KB3,HARQ,Default,200,0.0001,1,25,0,1.9235,0.888889,831.817
9966,KB3,HARQ,Default,200,0.0001,1,25,0,1.9362,0.888889,826.361
9967,KB3,HARQ,Default,200,0.0001,1,25,0,1.9546,0.888889,818.582
9968,KB3,HARQ,Default,200,0.0001,1,25,0,1.9496,0.888889,820.681
9969,KB3,HARQ,Default,200,0.0001,1,25,0,1.9285,0.888889,829.66
9970,KB3,HARQ,Default,200,0.0001,1,25,0,1.9295,0.888889,829.23
9971,KB3,HARQ,Default,200,0.0001,1,25,0,1.9755,0.888889,809.922
9972,KB3,HARQ,Default,200,0.0001,1,25,0,1.9436,0.888889,823.215
9973,KB3,HARQ,Default,200,0.0001,1,25,0,1.9329,0.888889,827.772
9974,KB3,HARQ,Default,200,0.0001,1,25,0,1.9308,0.888889,828.672
9975,KB3,HARQ,Default,200,0.0001,1,25,0,1.9634,0.888889,814.913
9976,KB3,HARQ,Default,200,0.0001,1,25,0,1.943,0.888889,823.469
9977,KB3,HARQ,Default,200,0.0001,1,25,0,1.9399,0.888889,824.785
9978,KB3,HARQ,Default,200,0.0001,1,25,0,1.9294,0.888889,829.273
9979,KB3,HARQ,Default,200,0.0001,1,25,0,1.9207,0.888889,833.03
9980,KB3,HARQ,Default,200,0.0001,1,25,0,1.9552,0.888889,818.331
9981,KB3,HARQ,Default,200,0.0001,1,25,0,1.9386,0.888889,825.338
9982,KB3,HARQ,Default,200,0.0001,1,25,0,1.9524,0.888889,819.504
9983,KB3,HARQ,Default,200,0.0001,1,25,0,1.9578,0.888889,817.244
9984,KB3,HARQ,Default,200,0.0001,1,25,0,1.9338,0.888889,827.386
9985,KB3,HARQ,Default,200,0.0001,1,25,0,1.9278,0.888889,829.962
9986,KB3,HARQ,Default,200,0.0001,1,25,0,1.942,0.888889,823.893
9987,KB3,HARQ,Default,200,0.0001,1,25,0,1.9645,0.888889,814.457
9988,KB3,HARQ,Default,200,0.0001,1,25,0,1.9661,0.888889,813.794
9989,KB3,HARQ,Default,200,0.0001,1,25,0,1.9335,0.888889,827.515
9990,KB3,HARQ,Default,200,0.0001,1,25,0,1.933,0.888889,827.729
9991,KB3,HARQ,Default,200,0.0001,1,25,0,1.9468,0.888889,821.862
9992,KB3,HARQ,Default,200,0.0001,1,25,0,1.9307,0.888889,828.715
9993,KB3,HARQ,Default,200,0.0001,1,25,0,1.9443,0.888889,822.918
9994,KB3,HARQ,Default,200,0.0001,1,25,0,1.9299,0.888889,829.059
9995,KB3,HARQ,Default,200,0.0001,1,25,0,1.9254,0.888889,830.996
9996,KB3,HARQ,Default,200,0.0001,1,25,0,1.9593,0.888889,816.618
9997,KB3,HARQ,Default,200,0.0001,1,25,0,1.9383,0.888889,825.466
9998,KB3,HARQ,Default,200,0.0001,1,25,0,1.9369,0.888889,826.062
9999,KB3,HARQ,Default,200,0.0001,1,25,0,1.9548,0.888889,818.498
10000,KB3,HARQ,Default,200,0.0001,1,25,0,1.9532,0.888889,819.169
10001,KB3,ARQ,Default,200,0.0005,1,25,1,0.2289,0.854701,6989.95
10002,KB3,ARQ,Default,200,0.0005,1,25,2,0.2114,0.823045,7568.59
10003,KB3,ARQ,Default,200,0.0005,1,25,3,0.2125,0.793651,7529.41
10004,KB3,ARQ,Default,200,0.0005,1,25,1,0.2016,0.854701,7936.51
10005,KB3,ARQ,Default,200,0.0005,1,25,1,0.2016,0.854701,7936.51
10006,KB3,ARQ,Default,200,0.0005,1,25,1,0.2012,0.854701,7952.29
10007,KB3,ARQ,Default,200,0.0005,1,25,1,0.2033,0.854701,7870.14
10008,KB3,ARQ,Default,200,0.0005,1,25,0,0.1954,0.888889,8188.33
10009,KB3,ARQ,Default,200,0.0005,1,25,1,0.2007,0.854701,7972.1
10010,KB3,ARQ,Default,200,0.0005,1,25,3,0.2137,0.793651,7487.13
10011,KB3,ARQ,Default,200,0.0005,1,25,2,0.2102,0.823045,7611.8
10012,KB3,ARQ,Default,200,0.0005,1,25,0,0.1961,0.888889,8159.1
10013,KB3,ARQ,Default,200,0.0005,1,25,0,0.1965,0.888889,8142.49
10014,KB3,ARQ,Default,200,0.0005,1,25,1,0.203,0.854701,7881.77
10015,KB3,ARQ,Default,200,0.0005,1,25,1,0.2088,0.854701,7662.84
10016,KB3,ARQ,Default,200,0.0005,1,25,2,0.2088,0.823045,7662.84
10017,KB3,ARQ,Default,200,0.0005,1,25,2,0.2087,0.823045,7666.51
10018,KB3,ARQ,Default,200,0.0005,1,25,0,0.1977,0.888889,8093.07
10019,KB3,ARQ,Default,200,0.0005,1,25,0,0.1955,0.888889,8184.14
10020,KB3,ARQ,Default,200,0.0005,1,25,1,0.2008,0.854701,7968.13
10021,KB3,ARQ,Default,200,0.0005,1,25,1,0.2012,0.854701,7952.29
10022,KB3,ARQ,Default,200,0.0005,1,25,0,0.1997,0.888889,8012.02
10023,KB3,ARQ,Default,200,0.0005,1,25,0,0.1963,0.888889,8150.79
10024,KB3,ARQ,Default,200,0.0005,1,25,4,0.2152,0.766284,7434.94
10025,KB3,ARQ,Default,200,0.0005,1,25,0,0.196,0.888889,8163.27
10026,KB3,ARQ,Default,200,0.0005,1,25,4,0.2167,0.766284,7383.48
10027,KB3,ARQ,Default,200,0.0005,1,25,0,0.1964,0.888889,8146.64
10028,KB3,ARQ,Default,200,0.0005,1,25,0,0.1977,0.888889,8093.07
10029,KB3,ARQ,Default,200,0.0005,1,25,0,0.1953,0.888889,8192.52
10030,KB3,ARQ,Default,200,0.0005,1,25,2,0.2104,0.823045,7604.56
10031,KB3,ARQ,Default,200,0.0005,1,25,1,0.1993,0.854701,8028.1
10032,KB3,ARQ,Default,200,0.0005,1,25,1,0.2009,0.854701,7964.16
10033,KB3,ARQ,Default,200,0.0005,1,25,1,0.2013,0.854701,7948.34
10034,KB3,ARQ,Default,200,0.0005,1,25,0,0.1982,0.888889,8072.65
10035,KB3,ARQ,Default,200,0.0005,1,25,0,0.1968,0.888889,8130.08
10036,KB3,ARQ,Default,200,0.0005,1,25,0,0.1984,0.888889,8064.52
10037,KB3,ARQ,Default,200,0.0005,1,25,1,0.2015,0.854701,7940.45
10038,KB3,ARQ,Default,200,0.0005,1,25,1,0.2004,0.854701,7984.03
10039,KB3,ARQ,Default,200,0.0005,1,25,2,0.2069,0.823045,7733.2
10040,KB3,ARQ,Default,200,0.0005,1,25,0,0.1951,0.888889,8200.92
10041,KB3,ARQ,Default,200,0.0005,1,25,2,0.2146,0.823045,7455.73
10042,KB3,ARQ,Default,200,0.0005,1,25,0,0.1977,0.888889,8093.07
10043,KB3,ARQ,Default,200,0.0005,1,25,0,0.1962,0.888889,8154.94
10044,KB3,ARQ,Default,200,0.0005,1,25,1,0.1997,0.854701,8012.02
10045,KB3,ARQ,Default,200,0.0005,1,25,2,0.2077,0.823045,7703.42
10046,KB3,ARQ,Default,200,0.0005,1,25,1,0.2008,0.854701,7968.13
10047,KB3,ARQ,Default,200,0.0005,1,25,0,0.1973,0.888889,8109.48
10048,KB3,ARQ,Default,200,0.0005,1,25,1,0.2016,0.854701,7936.51
10049,KB3,ARQ,Default,200,0.0005,1,25,0,0.1994,0.888889,8024.07
10050,KB3,ARQ,Default,200,0.0005,1,25,0,0.1995,0.888889,8020.05
10051,KB3,ARQ,Default,200,0.0005,1,25,0,0.1958,0.888889,8171.6
10052,KB3,ARQ,Default,200,0.0005,1,25,0,0.1989,0.888889,8044.24
10053,KB3,ARQ,Default,200,0.0005,1,25,1,0.1997,0.854701,8012.02
10054,KB3,ARQ,Default,200,0.0005,1,25,1,0.2022,0.854701,7912.96
10055,KB3,ARQ,Default,200,0.0005,1,25,2,0.2095,0.823045,7637.23
10056,KB3,ARQ,Default,200,0.0005,1,25,0,0.1976,0.888889,8097.17
10057,KB3,ARQ,Default,200,0.0005,1,25,3,0.2112,0.793651,7575.76
10058,KB3,ARQ,Default,200,0.0005,1,25,0,0.1981,0.888889,8076.73
10059,KB3,ARQ,Default,200,0.0005,1,25,0,0.1973,0.888889,8109.48
10060,KB3,ARQ,Default,200,0.0005,1,25,0,0.1978,0.888889,8088.98
10061,KB3,ARQ,Default,200,0.0005,1,25,0,0.197,0.888889,8121.83
10062,KB3,ARQ,Default,200,0.0005,1,25,1,0.2012,0.854701,7952.29
10063,KB3,ARQ,Default,200,0.0005,1,25,1,0.2009,0.854701,7964.16
10064,KB3,ARQ,Default,200,0.0005,1,25,2,0.2089,0.823045,7659.17
10065,KB3,ARQ,Default,200,0.0005,1,25,5,0.2208,0.740741,7246.38
10066,KB3,ARQ,Default,200,0.0005,1,25,1,0.2021,0.854701,7916.87
10067,KB3,ARQ,Default,200,0.0005,1,25,1,0.2022,0.854701,7912.96
10068,KB3,ARQ,Default,200,0.0005,1,25,1,0.2012,0.854701,7952.29
10069,KB3,ARQ,Default,200,0.0005,1,25,3,0.2138,0.793651,7483.63
10070,KB3,ARQ,Default,200,0.0005,1,25,1,0.2014,0.854701,7944.39
10071,KB3,ARQ,Default,200,0.0005,1,25,2,0.2093,0.823045,7644.53
10072,KB3,ARQ,Default,200,0.0005,1,25,1,0.2002,0.854701,7992.01
10073,KB3,ARQ,Default,200,0.0005,1,25,2,0.2102,0.823045,7611.8
10074,KB3,ARQ,Default,200,0.0005,1,25,3,0.2141,0.793651,7473.14
10075,KB3,ARQ,Default,200,0.0005,1,25,1,0.1999,0.854701,8004
10076,KB3,ARQ,Default,200,0.0005,1,25,0,0.197,0.888889,8121.83
10077,KB3,ARQ,Default,200,0.0005,1,25,2,0.2109,0.823045,7586.53
10078,KB3,ARQ,Default,200,0.0005,1,25,2,0.2105,0.823045,7600.95
10079,KB3,ARQ,Default,200,0.0005,1,25,1,0.2013,0.854701,7948.34
10080,KB3,ARQ,Default,200,0.0005,1,25,2,0.2079,0.823045,7696.01
10081,KB3,ARQ,Default,200,0.0005,1,25,0,0.1986,0.888889,8056.39
10082,KB3,ARQ,Default,200,0.0005,1,25,0,0.1979,0.888889,8084.89
10083,KB3,ARQ,Default,200,0.0005,1,25,5,0.2198,0.740741,7279.34
10084,KB3,ARQ,Default,200,0.0005,1,25,2,0.209,0.823045,7655.5
10085,KB3,ARQ,Default,200,0.0005,1,25,1,0.2016,0.854701,7936.51
10086,KB3,ARQ,Default,200,0.0005,1,25,0,0.1985,0.888889,8060.45
10087,KB3,ARQ,Default,200,0.0005,1,25,1,0.2004,0.854701,7984.03
10088,KB3,ARQ,Default,200,0.0005,1,25,0,0.1955,0.888889,8184.14
10089,KB3,ARQ,Default,200,0.0005,1,25,1,0.2023,0.854701,7909.05
10090,KB3,ARQ,Default,200,0.0005,1,25,3,0.2118,0.793651,7554.3
10091,KB3,ARQ,Default,200,0.0005,1,25,1,0.2019,0.854701,7924.72
10092,KB3,ARQ,Default,200,0.0005,1,25,2,0.2149,0.823045,7445.32
10093,KB3,ARQ,Default,200,0.0005,1,25,0,0.1976,0.888889,8097.17
10094,KB3,ARQ,Default,200,0.0005,1,25,2,0.209,0.823045,7655.5
10095,KB3,ARQ,Default,200,0.0005,1,25,1,0.2004,0.854701,7984.03
10096,KB3,ARQ,Default,200,0.0005,1,25,1,0.2005,0.854701,7980.05
10097,KB3,ARQ,Default,200,0.0005,1,25,1,0.2024,0.854701,7905.14
10098,KB3,ARQ,Default,200,0.0005,1,25,1,0.1995,0.854701,8020.05
10099,KB3,ARQ,Default,200,0.0005,1,25,3,0.212,0.793651,7547.17
10100,KB3,ARQ,Default,200,0.0005,1,25,3,0.2148,0.793651,7448.79
10101,KB3,ARQ,Default,200,0.0005,1,25,1,0.2013,0.854701,7948.34
10102,KB3,ARQ,Default,200,0.0005,1,25,2,0.2081,0.823045,7688.61
10103,KB3,ARQ,Default,200,0.0005,1,25,1,0.2051,0.854701,7801.07
10104,KB3,ARQ,Default,200,0.0005,1,25,1,0.1942,0.854701,8238.93
10105,KB3,ARQ,Default,200,0.0005,1,25,1,0.1926,0.854701,8307.37
10106,KB3,ARQ,Default,200,0.0005,1,25,0,0.1879,0.888889,8515.17
10107,KB3,ARQ,Default,200,0.0005,1,25,0,0.1887,0.888889,8479.07
10108,KB3,ARQ,Default,200,0.0005,1,25,1,0.2514,0.854701,6364.36
10109,KB3,ARQ,Default,200,0.0005,1,25,2,0.2008,0.823045,7968.13
10110,KB3,ARQ,Default,200,0.0005,1,25,1,0.1916,0.854701,8350.73
10111,KB3,ARQ,Default,200,0.0005,1,25,1,0.2241,0.854701,7139.67
10112,KB3,ARQ,Default,200,0.0005,1,25,2,0.2015,0.823045,7940.45
10113,KB3,ARQ,Default,200,0.0005,1,25,2,0.2006,0.823045,7976.07
10114,KB3,ARQ,Default,200,0.0005,1,25,0,0.189,0.888889,8465.61
10115,KB3,ARQ,Default,200,0.0005,1,25,1,0.2003,0.854701,7988.02
10116,KB3,ARQ,Default,200,0.0005,1,25,0,0.1895,0.888889,8443.27
10117,KB3,ARQ,Default,200,0.0005,1,25,2,0.1997,0.823045,8012.02
10118,KB3,ARQ,Default,200,0.0005,1,25,1,0.1918,0.854701,8342.02
10119,KB3,ARQ,Default,200,0.0005,1,25,1,0.2287,0.854701,6996.06
10120,KB3,ARQ,Default,200,0.0005,1,25,1,0.1934,0.854701,8273.01
10121,KB3,ARQ,Default,200,0.0005,1,25,1,0.1915,0.854701,8355.09
10122,KB3,ARQ,Default,200,0.0005,1,25,1,0.1917,0.854701,8346.37
10123,KB3,ARQ,Default,200,0.0005,1,25,1,0.1928,0.854701,8298.76
10124,KB3,ARQ,Default,200,0.0005,1,25,1,0.1926,0.854701,8307.37
10125,KB3,ARQ,Default,200,0.0005,1,25,1,0.1924,0.854701,8316.01
10126,KB3,ARQ,Default,200,0.0005,1,25,3,0.2023,0.793651,7909.05
10127,KB3,ARQ,Default,200,0.0005,1,25,0,0.1884,0.888889,8492.57
10128,KB3,ARQ,Default,200,0.0005,1,25,0,0.189,0.888889,8465.61
10129,KB3,ARQ,Default,200,0.0005,1,25,2,0.1986,0.823045,8056.39
10130,KB3,ARQ,Default,200,0.0005,1,25,1,0.1914,0.854701,8359.46
10131,KB3,ARQ,Default,200,0.0005,1,25,1,0.192,0.854701,8333.33
10132,KB3,ARQ,Default,200,0.0005,1,25,1,0.1943,0.854701,8234.69
10133,KB3,ARQ,Default,200,0.0005,1,25,0,0.1882,0.888889,8501.59
10134,KB3,ARQ,Default,200,0.0005,1,25,1,0.1919,0.854701,8337.68
10135,KB3,ARQ,Default,200,0.0005,1,25,2,0.201,0.823045,7960.2
10136,KB3,ARQ,Default,200,0.0005,1,25,1,0.1922,0.854701,8324.66
10137,KB3,ARQ,Default,200,0.0005,1,25,0,0.1871,0.888889,8551.58
10138,KB3,ARQ,Default,200,0.0005,1,25,1,0.1928,0.854701,8298.76
10139,KB3,ARQ,Default,200,0.0005,1,25,0,0.1888,0.888889,8474.58
10140,KB3,ARQ,Default,200,0.0005,1,25,1,0.1935,0.854701,8268.73
10141,KB3,ARQ,Default,200,0.0005,1,25,1,0.1907,0.854701,8390.14
10142,KB3,ARQ,Default,200,0.0005,1,25,2,0.2007,0.823045,7972.1
10143,KB3,ARQ,Default,200,0.0005,1,25,0,0.1896,0.888889,8438.82
10144,KB3,ARQ,Default,200,0.0005,1,25,1,0.191,0.854701,8376.96
10145,KB3,ARQ,Default,200,0.0005,1,25,1,0.1909,0.854701,8381.35
10146,KB3,ARQ,Default,200,0.0005,1,25,1,0.1928,0.854701,8298.76
10147,KB3,ARQ,Default,200,0.0005,1,25,4,0.2054,0.766284,7789.68
10148,KB3,ARQ,Default,200,0.0005,1,25,2,0.2011,0.823045,7956.24
10149,KB3,ARQ,Default,200,0.0005,1,25,1,0.1916,0.854701,8350.73
10150,KB3,ARQ,Default,200,0.0005,1,25,1,0.2316,0.854701,6908.46
10151,KB3,ARQ,Default,200,0.0005,1,25,1,0.1926,0.854701,8307.37
10152,KB3,ARQ,Default,200,0.0005,1,25,0,0.1902,0.888889,8412.2
10153,KB3,ARQ,Default,200,0.0005,1,25,2,0.1986,0.823045,8056.39
10154,KB3,ARQ,Default,200,0.0005,1,25,2,0.1997,0.823045,8012.02
10155,KB3,ARQ,Default,200,0.0005,1,25,1,0.1927,0.854701,8303.06
10156,KB3,ARQ,Default,200,0.0005,1,25,0,0.2187,0.888889,7315.96
10157,KB3,ARQ,Default,200,0.0005,1,25,1,0.2234,0.854701,7162.04
10158,KB3,ARQ,Default,200,0.0005,1,25,0,0.1879,0.888889,8515.17
10159,KB3,ARQ,Default,200,0.0005,1,25,0,0.1892,0.888889,8456.66
10160,KB3,ARQ,Default,200,0.0005,1,25,1,0.1922,0.854701,8324.66
10161,KB3,ARQ,Default,200,0.0005,1,25,1,0.1925,0.854701,8311.69
10162,KB3,ARQ,Default,200,0.0005,1,25,0,0.1872,0.888889,8547.01
10163,KB3,ARQ,Default,200,0.0005,1,25,1,0.1917,0.854701,8346.37
10164,KB3,ARQ,Default,200,0.0005,1,25,0,0.1883,0.888889,8497.08
10165,KB3,ARQ,Default,200,0.0005,1,25,0,0.1899,0.888889,8425.49
10166,KB3,ARQ,Default,200,0.0005,1,25,0,0.1889,0.888889,8470.09
10167,KB3,ARQ,Default,200,0.0005,1,25,0,0.1881,0.888889,8506.11
10168,KB3,ARQ,Default,200,0.0005,1,25,2,0.1993,0.823045,8028.1
10169,KB3,ARQ,Default,200,0.0005,1,25,0,0.2755,0.888889,5807.62
10170,KB3,ARQ,Default,200,0.0005,1,25,3,0.2978,0.793651,5372.73
10171,KB3,ARQ,Default,200,0.0005,1,25,0,0.238,0.888889,6722.69
10172,KB3,ARQ,Default,200,0.0005,1,25,0,0.237,0.888889,6751.05
10173,KB3,ARQ,Default,200,0.0005,1,25,1,0.3301,0.854701,4847.02
10174,KB3,ARQ,Default,200,0.0005,1,25,1,0.2294,0.854701,6974.72
10175,KB3,ARQ,Default,200,0.0005,1,25,1,0.2495,0.854701,6412.83
10176,KB3,ARQ,Default,200,0.0005,1,25,1,0.1922,0.854701,8324.66
10177,KB3,ARQ,Default,200,0.0005,1,25,0,0.1877,0.888889,8524.24
10178,KB3,ARQ,Default,200,0.0005,1,25,2,0.2008,0.823045,7968.13
10179,KB3,ARQ,Default,200,0.0005,1,25,3,0.2049,0.793651,7808.69
10180,KB3,ARQ,Default,200,0.0005,1,25,0,0.188,0.888889,8510.64
10181,KB3,ARQ,Default,200,0.0005,1,25,1,0.1923,0.854701,8320.33
10182,KB3,ARQ,Default,200,0.0005,1,25,1,0.1928,0.854701,8298.76
10183,KB3,ARQ,Default,200,0.0005,1,25,0,0.1885,0.888889,8488.06
10184,KB3,ARQ,Default,200,0.0005,1,25,1,0.1935,0.854701,8268.73
10185,KB3,ARQ,Default,200,0.0005,1,25,3,0.2026,0.793651,7897.33
10186,KB3,ARQ,Default,200,0.0005,1,25,0,0.2182,0.888889,7332.72
10187,KB3,ARQ,Default,200,0.0005,1,25,1,0.1927,0.854701,8303.06
10188,KB3,ARQ,Default,200,0.0005,1,25,1,0.1943,0.854701,8234.69
10189,KB3,ARQ,Default,200,0.0005,1,25,2,0.1993,0.823045,8028.1
10190,KB3,ARQ,Default,200,0.0005,1,25,0,0.1884,0.888889,8492.57
10191,KB3,ARQ,Default,200,0.0005,1,25,1,0.1936,0.854701,8264.46
10192,KB3,ARQ,Default,200,0.0005,1,25,0,0.1883,0.888889,8497.08
10193,KB3,ARQ,Default,200,0.0005,1,25,3,0.2033,0.793651,7870.14
10194,KB3,ARQ,Default,200,0.0005,1,25,0,0.1884,0.888889,8492.57
10195,KB3,ARQ,Default,200,0.0005,1,25,0,0.1893,0.888889,8452.19
10196,KB3,ARQ,Default,200,0.0005,1,25,0,0.1876,0.888889,8528.78
10197,KB3,ARQ,Default,200,0.0005,1,25,0,0.189,0.888889,8465.61
10198,KB3,ARQ,Default,200,0.0005,1,25,0,0.1891,0.888889,8461.13
10199,KB3,ARQ,Default,200,0.0005,1,25,0,0.1908,0.888889,8385.74
10200,KB3,ARQ,Default,200,0.0005,1,25,0,0.1872,0.888889,8547.01
10201,KB3,ARQ,Default,200,0.0005,1,25,0,0.1903,0.888889,8407.78
10202,KB3,ARQ,Default,200,0.0005,1,25,1,0.1922,0.854701,8324.66
10203,KB3,ARQ,Default,200,0.0005,1,25,3,0.2031,0.793651,7877.89
10204,KB3,ARQ,Default,200,0.0005,1,25,1,0.1917,0.854701,8346.37
10205,KB3,ARQ,Default,200,0.0005,1,25,0,0.1898,0.888889,8429.93
10206,KB3,ARQ,Default,200,0.0005,1,25,1,0.1918,0.854701,8342.02
10207,KB3,ARQ,Default,200,0.0005,1,25,0,0.1894,0.888889,8447.73
10208,KB3,ARQ,Default,200,0.0005,1,25,2,0.1989,0.823045,8044.24
10209,KB3,ARQ,Default,200,0.0005,1,25,0,0.1887,0.888889,8479.07
10210,KB3,ARQ,Default,200,0.0005,1,25,1,0.1922,0.854701,8324.66
10211,KB3,ARQ,Default,200,0.0005,1,25,2,0.1992,0.823045,8032.13
10212,KB3,ARQ,Default,200,0.0005,1,25,1,0.1908,0.854701,8385.74
10213,KB3,ARQ,Default,200,0.0005,1,25,0,0.1886,0.888889,8483.56
10214,KB3,ARQ,Default,200,0.0005,1,25,2,0.1997,0.823045,8012.02
10215,KB3,ARQ,Default,200,0.0005,1,25,0,0.1893,0.888889,8452.19
10216,KB3,ARQ,Default,200,0.0005,1,25,2,0.1982,0.823045,8072.65
10217,KB3,ARQ,Default,200,0.0005,1,25,0,0.1892,0.888889,8456.66
10218,KB3,ARQ,Default,200,0.0005,1,25,1,0.2553,0.854701,6267.14
10219,KB3,ARQ,Default,200,0.0005,1,25,1,0.1919,0.854701,8337.68
10220,KB3,ARQ,Default,200,0.0005,1,25,0,0.1886,0.888889,8483.56
10221,KB3,ARQ,Default,200,0.0005,1,25,1,0.1919,0.854701,8337.68
10222,KB3,ARQ,Default,200,0.0005,1,25,0,0.1895,0.888889,8443.27
10223,KB3,ARQ,Default,200,0.0005,1,25,1,0.1926,0.854701,8307.37
10224,KB3,ARQ,Default,200,0.0005,1,25,1,0.2228,0.854701,7181.33
10225,KB3,ARQ,Default,200,0.0005,1,25,0,0.188,0.888889,8510.64
10226,KB3,ARQ,Default,200,0.0005,1,25,1,0.1916,0.854701,8350.73
10227,KB3,ARQ,Default,200,0.0005,1,25,0,0.1892,0.888889,8456.66
10228,KB3,ARQ,Default,200,0.0005,1,25,1,0.2589,0.854701,6179.99
10229,KB3,ARQ,Default,200,0.0005,1,25,1,0.1919,0.854701,8337.68
10230,KB3,ARQ,Default,200,0.0005,1,25,1,0.1906,0.854701,8394.54
10231,KB3,ARQ,Default,200,0.0005,1,25,0,0.1892,0.888889,8456.66
10232,KB3,ARQ,Default,200,0.0005,1,25,0,0.2193,0.888889,7295.94
10233,KB3,ARQ,Default,200,0.0005,1,25,1,0.1912,0.854701,8368.2
10234,KB3,ARQ,Default,200,0.0005,1,25,2,0.2001,0.823045,7996
10235,KB3,ARQ,Default,200,0.0005,1,25,1,0.1925,0.854701,8311.69
10236,KB3,ARQ,Default,200,0.0005,1,25,1,0.1916,0.854701,8350.73
10237,KB3,ARQ,Default,200,0.0005,1,25,1,0.1908,0.854701,8385.74
10238,KB3,ARQ,Default,200,0.0005,1,25,2,0.2008,0.823045,7968.13
10239,KB3,ARQ,Default,200,0.0005,1,25,1,0.1923,0.854701,8320.33
10240,KB3,ARQ,Default,200,0.0005,1,25,0,0.1891,0.888889,8461.13
10241,KB3,ARQ,Default,200,0.0005,1,25,2,0.1997,0.823045,8012.02
10242,KB3,ARQ,Default,200,0.0005,1,25,1,0.193,0.854701,8290.16
10243,KB3,ARQ,Default,200,0.0005,1,25,0,0.1885,0.888889,8488.06
10244,KB3,ARQ,Default,200,0.0005,1,25,1,0.1908,0.854701,8385.74
10245,KB3,ARQ,Default,200,0.0005,1,25,0,0.187,0.888889,8556.15
10246,KB3,ARQ,Default,200,0.0005,1,25,1,0.1925,0.854701,8311.69
10247,KB3,ARQ,Default,200,0.0005,1,25,0,0.189,0.888889,8465.61
10248,KB3,ARQ,Default,200,0.0005,1,25,0,0.1868,0.888889,8565.31
10249,KB3,ARQ,Default,200,0.0005,1,25,1,0.191,0.854701,8376.96
10250,KB3,ARQ,Default,200,0.0005,1,25,0,0.1875,0.888889,8533.33
10251,KB3,ARQ,Default,200,0.0005,1,25,1,0.1937,0.854701,8260.2
10252,KB3,ARQ,Default,200,0.0005,1,25,1,0.1922,0.854701,8324.66
10253,KB3,ARQ,Default,200,0.0005,1,25,0,0.1878,0.888889,8519.7
10254,KB3,ARQ,Default,200,0.0005,1,25,0,0.1877,0.888889,8524.24
10255,KB3,ARQ,Default,200,0.0005,1,25,1,0.1951,0.854701,8200.92
10256,KB3,ARQ,Default,200,0.0005,1,25,1,0.1926,0.854701,8307.37
10257,KB3,ARQ,Default,200,0.0005,1,25,1,0.1903,0.854701,8407.78
10258,KB3,ARQ,Default,200,0.0005,1,25,0,0.1877,0.888889,8524.24
10259,KB3,ARQ,Default,200,0.0005,1,25,1,0.1937,0.854701,8260.2
10260,KB3,ARQ,Default,200,0.0005,1,25,0,0.1887,0.888889,8479.07
10261,KB3,ARQ,Default,200,0.0005,1,25,2,0.1979,0.823045,8084.89
10262,KB3,ARQ,Default,200,0.0005,1,25,1,0.1928,0.854701,8298.76
10263,KB3,ARQ,Default,200,0.0005,1,25,1,0.2224,0.854701,7194.24
10264,KB3,ARQ,Default,200,0.0005,1,25,4,0.2068,0.766284,7736.94
10265,KB3,ARQ,Default,200,0.0005,1,25,2,0.2001,0.823045,7996
10266,KB3,ARQ,Default,200,0.0005,1,25,1,0.1925,0.854701,8311.69
10267,KB3,ARQ,Default,200,0.0005,1,25,0,0.1896,0.888889,8438.82
10268,KB3,ARQ,Default,200,0.0005,1,25,1,0.1927,0.854701,8303.06
10269,KB3,ARQ,Default,200,0.0005,1,25,3,0.2019,0.793651,7924.72
10270,KB3,ARQ,Default,200,0.0005,1,25,0,0.1895,0.888889,8443.27
10271,KB3,ARQ,Default,200,0.0005,1,25,0,0.2047,0.888889,7816.32
10272,KB3,ARQ,Default,200,0.0005,1,25,1,0.191,0.854701,8376.96
10273,KB3,ARQ,Default,200,0.0005,1,25,2,0.1999,0.823045,8004
10274,KB3,ARQ,Default,200,0.0005,1,25,0,0.1896,0.888889,8438.82
10275,KB3,ARQ,Default,200,0.0005,1,25,0,0.188,0.888889,8510.64
10276,KB3,ARQ,Default,200,0.0005,1,25,1,0.1908,0.854701,8385.74
10277,KB3,ARQ,Default,200,0.0005,1,25,1,0.1923,0.854701,8320.33
10278,KB3,ARQ,Default,200,0.0005,1,25,0,0.1906,0.888889,8394.54
10279,KB3,ARQ,Default,200,0.0005,1,25,2,0.2016,0.823045,7936.51
10280,KB3,ARQ,Default,200,0.0005,1,25,0,0.1892,0.888889,8456.66
10281,KB3,ARQ,Default,200,0.0005,1,25,1,0.1909,0.854701,8381.35
10282,KB3,ARQ,Default,200,0.0005,1,25,3,0.2211,0.793651,7236.54
10283,KB3,ARQ,Default,200,0.0005,1,25,2,0.2612,0.823045,6125.57
10284,KB3,ARQ,Default,200,0.0005,1,25,0,0.1869,0.888889,8560.73
10285,KB3,ARQ,Default,200,0.0005,1,25,0,0.1877,0.888889,8524.24
10286,KB3,ARQ,Default,200,0.0005,1,25,3,0.2035,0.793651,7862.41
10287,KB3,ARQ,Default,200,0.0005,1,25,2,0.1998,0.823045,8008.01
10288,KB3,ARQ,Default,200,0.0005,1,25,4,0.2063,0.766284,7755.7
10289,KB3,ARQ,Default,200,0.0005,1,25,0,0.1888,0.888889,8474.58
10290,KB3,ARQ,Default,200,0.0005,1,25,0,0.2192,0.888889,7299.27
10291,KB3,ARQ,Default,200,0.0005,1,25,1,0.1915,0.854701,8355.09
10292,KB3,ARQ,Default,200,0.0005,1,25,1,0.1913,0.854701,8363.83
10293,KB3,ARQ,Default,200,0.0005,1,25,1,0.1923,0.854701,8320.33
10294,KB3,ARQ,Default,200,0.0005,1,25,1,0.1918,0.854701,8342.02
10295,KB3,ARQ,Default,200,0.0005,1,25,1,0.1915,0.854701,8355.09
10296,KB3,ARQ,Default,200,0.0005,1,25,1,0.1914,0.854701,8359.46
10297,KB3,ARQ,Default,200,0.0005,1,25,1,0.1911,0.854701,8372.58
10298,KB3,ARQ,Default,200,0.0005,1,25,0,0.1894,0.888889,8447.73
10299,KB3,ARQ,Default,200,0.0005,1,25,0,0.1884,0.888889,8492.57
10300,KB3,ARQ,Default,200,0.0005,1,25,1,0.1918,0.854701,8342.02
10301,KB3,ARQ,Default,200,0.0005,1,25,0,0.2205,0.888889,7256.24
10302,KB3,ARQ,Default,200,0.0005,1,25,0,0.1902,0.888889,8412.2
10303,KB3,ARQ,Default,200,0.0005,1,25,0,0.1865,0.888889,8579.09
10304,KB3,ARQ,Default,200,0.0005,1,25,1,0.1916,0.854701,8350.73
10305,KB3,ARQ,Default,200,0.0005,1,25,0,0.1895,0.888889,8443.27
10306,KB3,ARQ,Default,200,0.0005,1,25,0,0.1894,0.888889,8447.73
10307,KB3,ARQ,Default,200,0.0005,1,25,1,0.1907,0.854701,8390.14
10308,KB3,ARQ,Default,200,0.0005,1,25,0,0.1896,0.888889,8438.82
10309,KB3,ARQ,Default,200,0.0005,1,25,3,0.2345,0.793651,6823.03
10310,KB3,ARQ,Default,200,0.0005,1,25,3,0.2037,0.793651,7854.69
10311,KB3,ARQ,Default,200,0.0005,1,25,0,0.189,0.888889,8465.61
10312,KB3,ARQ,Default,200,0.0005,1,25,1,0.1931,0.854701,8285.86
10313,KB3,ARQ,Default,200,0.0005,1,25,3,0.2028,0.793651,7889.55
10314,KB3,ARQ,Default,200,0.0005,1,25,0,0.1899,0.888889,8425.49
10315,KB3,ARQ,Default,200,0.0005,1,25,2,0.2002,0.823045,7992.01
10316,KB3,ARQ,Default,200,0.0005,1,25,1,0.1928,0.854701,8298.76
10317,KB3,ARQ,Default,200,0.0005,1,25,1,0.1915,0.854701,8355.09
10318,KB3,ARQ,Default,200,0.0005,1,25,2,0.2009,0.823045,7964.16
10319,KB3,ARQ,Default,200,0.0005,1,25,0,0.1876,0.888889,8528.78
10320,KB3,ARQ,Default,200,0.0005,1,25,3,0.203,0.793651,7881.77
10321,KB3,ARQ,Default,200,0.0005,1,25,0,0.1901,0.888889,8416.62
10322,KB3,ARQ,Default,200,0.0005,1,25,0,0.189,0.888889,8465.61
10323,KB3,ARQ,Default,200,0.0005,1,25,1,0.1902,0.854701,8412.2
10324,KB3,ARQ,Default,200,0.0005,1,25,2,0.2003,0.823045,7988.02
10325,KB3,ARQ,Default,200,0.0005,1,25,1,0.1925,0.854701,8311.69
10326,KB3,ARQ,Default,200,0.0005,1,25,0,0.1894,0.888889,8447.73
10327,KB3,ARQ,Default,200,0.0005,1,25,0,0.1872,0.888889,8547.01
10328,KB3,ARQ,Default,200,0.0005,1,25,0,0.1891,0.888889,8461.13
10329,KB3,ARQ,Default,200,0.0005,1,25,0,0.1891,0.888889,8461.13
10330,KB3,ARQ,Default,200,0.0005,1,25,1,0.1927,0.854701,8303.06
10331,KB3,ARQ,Default,200,0.0005,1,25,0,0.1879,0.888889,8515.17
10332,KB3,ARQ,Default,200,0.0005,1,25,0,0.1888,0.888889,8474.58
10333,KB3,ARQ,Default,200,0.0005,1,25,0,0.1893,0.888889,8452.19
10334,KB3,ARQ,Default,200,0.0005,1,25,0,0.1903,0.888889,8407.78
10335,KB3,ARQ,Default,200,0.0005,1,25,2,0.1982,0.823045,8072.65
10336,KB3,ARQ,Default,200,0.0005,1,25,3,0.204,0.793651,7843.14
10337,KB3,ARQ,Default,200,0.0005,1,25,0,0.1879,0.888889,8515.17
10338,KB3,ARQ,Default,200,0.0005,1,25,0,0.1905,0.888889,8398.95
10339,KB3,ARQ,Default,200,0.0005,1,25,1,0.1923,0.854701,8320.33
10340,KB3,ARQ,Default,200,0.0005,1,25,1,0.2243,0.854701,7133.3
10341,KB3,ARQ,Default,200,0.0005,1,25,1,0.1928,0.854701,8298.76
10342,KB3,ARQ,Default,200,0.0005,1,25,0,0.1899,0.888889,8425.49
10343,KB3,ARQ,Default,200,0.0005,1,25,1,0.1919,0.854701,8337.68
10344,KB3,ARQ,Default,200,0.0005,1,25,0,0.1958,0.888889,8171.6
10345,KB3,ARQ,Default,200,0.0005,1,25,0,0.1891,0.888889,8461.13
10346,KB3,ARQ,Default,200,0.0005,1,25,0,0.1897,0.888889,8434.37
10347,KB3,ARQ,Default,200,0.0005,1,25,0,0.2858,0.888889,5598.32
10348,KB3,ARQ,Default,200,0.0005,1,25,2,0.1991,0.823045,8036.16
10349,KB3,ARQ,Default,200,0.0005,1,25,1,0.1935,0.854701,8268.73
10350,KB3,ARQ,Default,200,0.0005,1,25,0,0.1891,0.888889,8461.13
10351,KB3,ARQ,Default,200,0.0005,1,25,0,0.2581,0.888889,6199.15
10352,KB3,ARQ,Default,200,0.0005,1,25,0,0.1881,0.888889,8506.11
10353,KB3,ARQ,Default,200,0.0005,1,25,1,0.1928,0.854701,8298.76
10354,KB3,ARQ,Default,200,0.0005,1,25,2,0.1993,0.823045,8028.1
10355,KB3,ARQ,Default,200,0.0005,1,25,1,0.1922,0.854701,8324.66
10356,KB3,ARQ,Default,200,0.0005,1,25,0,0.1872,0.888889,8547.01
10357,KB3,ARQ,Default,200,0.0005,1,25,1,0.1933,0.854701,8277.29
10358,KB3,ARQ,Default,200,0.0005,1,25,1,0.1919,0.854701,8337.68
10359,KB3,ARQ,Default,200,0.0005,1,25,0,0.1895,0.888889,8443.27
10360,KB3,ARQ,Default,200,0.0005,1,25,1,0.1921,0.854701,8329
10361,KB3,ARQ,Default,200,0.0005,1,25,0,0.1899,0.888889,8425.49
10362,KB3,ARQ,Default,200,0.0005,1,25,1,0.1924,0.854701,8316.01
10363,KB3,ARQ,Default,200,0.0005,1,25,1,0.1924,0.854701,8316.01
10364,KB3,ARQ,Default,200,0.0005,1,25,0,0.1877,0.888889,8524.24
10365,KB3,ARQ,Default,200,0.0005,1,25,0,0.1887,0.888889,8479.07
10366,KB3,ARQ,Default,200,0.0005,1,25,1,0.1939,0.854701,8251.68
10367,KB3,ARQ,Default,200,0.0005,1,25,0,0.1884,0.888889,8492.57
10368,KB3,ARQ,Default,200,0.0005,1,25,2,0.1995,0.823045,8020.05
10369,KB3,ARQ,Default,200,0.0005,1,25,2,0.2017,0.823045,7932.57
10370,KB3,ARQ,Default,200,0.0005,1,25,1,0.1947,0.854701,8217.77
10371,KB3,ARQ,Default,200,0.0005,1,25,1,0.1918,0.854701,8342.02
10372,KB3,ARQ,Default,200,0.0005,1,25,1,0.1928,0.854701,8298.76
10373,KB3,ARQ,Default,200,0.0005,1,25,0,0.1884,0.888889,8492.57
10374,KB3,ARQ,Default,200,0.0005,1,25,0,0.1901,0.888889,8416.62
10375,KB3,ARQ,Default,200,0.0005,1,25,1,0.1914,0.854701,8359.46
10376,KB3,ARQ,Default,200,0.0005,1,25,1,0.1924,0.854701,8316.01
10377,KB3,ARQ,Default,200,0.0005,1,25,1,0.1914,0.854701,8359.46
10378,KB3,ARQ,Default,200,0.0005,1,25,0,0.2208,0.888889,7246.38
10379,KB3,ARQ,Default,200,0.0005,1,25,2,0.1993,0.823045,8028.1
10380,KB3,ARQ,Default,200,0.0005,1,25,0,0.1878,0.888889,8519.7
10381,KB3,ARQ,Default,200,0.0005,1,25,0,0.1901,0.888889,8416.62
10382,KB3,ARQ,Default,200,0.0005,1,25,1,0.1941,0.854701,8243.17
10383,KB3,ARQ,Default,200,0.0005,1,25,1,0.1909,0.854701,8381.35
10384,KB3,ARQ,Default,200,0.0005,1,25,4,0.2071,0.766284,7725.74
10385,KB3,ARQ,Default,200,0.0005,1,25,2,0.2011,0.823045,7956.24
10386,KB3,ARQ,Default,200,0.0005,1,25,2,0.2309,0.823045,6929.41
10387,KB3,ARQ,Default,200,0.0005,1,25,1,0.1916,0.854701,8350.73
10388,KB3,ARQ,Default,200,0.0005,1,25,1,0.1909,0.854701,8381.35
10389,KB3,ARQ,Default,200,0.0005,1,25,0,0.1898,0.888889,8429.93
10390,KB3,ARQ,Default,200,0.0005,1,25,1,0.1915,0.854701,8355.09
10391,KB3,ARQ,Default,200,0.0005,1,25,3,0.2018,0.793651,7928.64
10392,KB3,ARQ,Default,200,0.0005,1,25,0,0.1882,0.888889,8501.59
10393,KB3,ARQ,Default,200,0.0005,1,25,1,0.1936,0.854701,8264.46
10394,KB3,ARQ,Default,200,0.0005,1,25,1,0.1912,0.854701,8368.2
10395,KB3,ARQ,Default,200,0.0005,1,25,0,0.1874,0.888889,8537.89
10396,KB3,ARQ,Default,200,0.0005,1,25,1,0.1921,0.854701,8329
10397,KB3,ARQ,Default,200,0.0005,1,25,1,0.194,0.854701,8247.42
10398,KB3,ARQ,Default,200,0.0005,1,25,2,0.1996,0.823045,8016.03
10399,KB3,ARQ,Default,200,0.0005,1,25,0,0.1883,0.888889,8497.08
10400,KB3,ARQ,Default,200,0.0005,1,25,1,0.1921,0.854701,8329
10401,KB3,ARQ,Default,200,0.0005,1,25,1,0.2023,0.854701,7909.05
10402,KB3,ARQ,Default,200,0.0005,1,25,2,0.1983,0.823045,8068.58
10403,KB3,ARQ,Default,200,0.0005,1,25,1,0.1913,0.854701,8363.83
10404,KB3,ARQ,Default,200,0.0005,1,25,0,0.1886,0.888889,8483.56
10405,KB3,ARQ,Default,200,0.0005,1,25,2,0.2011,0.823045,7956.24
10406,KB3,ARQ,Default,200,0.0005,1,25,0,0.187,0.888889,8556.15
10407,KB3,ARQ,Default,200,0.0005,1,25,0,0.1874,0.888889,8537.89
10408,KB3,ARQ,Default,200,0.0005,1,25,0,0.19,0.888889,8421.05
10409,KB3,ARQ,Default,200,0.0005,1,25,0,0.1919,0.888889,8337.68
10410,KB3,ARQ,Default,200,0.0005,1,25,3,0.2031,0.793651,7877.89
10411,KB3,ARQ,Default,200,0.0005,1,25,0,0.2174,0.888889,7359.71
10412,KB3,ARQ,Default,200,0.0005,1,25,0,0.2167,0.888889,7383.48
10413,KB3,ARQ,Default,200,0.0005,1,25,1,0.3315,0.854701,4826.55
10414,KB3,ARQ,Default,200,0.0005,1,25,0,0.1882,0.888889,8501.59
10415,KB3,ARQ,Default,200,0.0005,1,25,1,0.1927,0.854701,8303.06
10416,KB3,ARQ,Default,200,0.0005,1,25,1,0.2223,0.854701,7197.48
10417,KB3,ARQ,Default,200,0.0005,1,25,1,0.1925,0.854701,8311.69
10418,KB3,ARQ,Default,200,0.0005,1,25,1,0.1928,0.854701,8298.76
10419,KB3,ARQ,Default,200,0.0005,1,25,2,0.1991,0.823045,8036.16
10420,KB3,ARQ,Default,200,0.0005,1,25,1,0.1919,0.854701,8337.68
10421,KB3,ARQ,Default,200,0.0005,1,25,1,0.1944,0.854701,8230.45
10422,KB3,ARQ,Default,200,0.0005,1,25,1,0.1931,0.854701,8285.86
10423,KB3,ARQ,Default,200,0.0005,1,25,0,0.1899,0.888889,8425.49
10424,KB3,ARQ,Default,200,0.0005,1,25,2,0.1996,0.823045,8016.03
10425,KB3,ARQ,Default,200,0.0005,1,25,0,0.1895,0.888889,8443.27
10426,KB3,ARQ,Default,200,0.0005,1,25,1,0.1917,0.854701,8346.37
10427,KB3,ARQ,Default,200,0.0005,1,25,0,0.1898,0.888889,8429.93
10428,KB3,ARQ,Default,200,0.0005,1,25,1,0.1931,0.854701,8285.86
10429,KB3,ARQ,Default,200,0.0005,1,25,1,0.1931,0.854701,8285.86
10430,KB3,ARQ,Default,200,0.0005,1,25,0,0.1882,0.888889,8501.59
10431,KB3,ARQ,Default,200,0.0005,1,25,0,0.1903,0.888889,8407.78
10432,KB3,ARQ,Default,200,0.0005,1,25,1,0.1935,0.854701,8268.73
10433,KB3,ARQ,Default,200,0.0005,1,25,0,0.1903,0.888889,8407.78
10434,KB3,ARQ,Default,200,0.0005,1,25,2,0.199,0.823045,8040.2
10435,KB3,ARQ,Default,200,0.0005,1,25,0,0.1885,0.888889,8488.06
10436,KB3,ARQ,Default,200,0.0005,1,25,1,0.1926,0.854701,8307.37
10437,KB3,ARQ,Default,200,0.0005,1,25,2,0.1994,0.823045,8024.07
10438,KB3,ARQ,Default,200,0.0005,1,25,2,0.1999,0.823045,8004
10439,KB3,ARQ,Default,200,0.0005,1,25,1,0.1977,0.854701,8093.07
10440,KB3,ARQ,Default,200,0.0005,1,25,1,0.193,0.854701,8290.16
10441,KB3,ARQ,Default,200,0.0005,1,25,0,0.1869,0.888889,8560.73
10442,KB3,ARQ,Default,200,0.0005,1,25,0,0.1872,0.888889,8547.01
10443,KB3,ARQ,Default,200,0.0005,1,25,0,0.1894,0.888889,8447.73
10444,KB3,ARQ,Default,200,0.0005,1,25,0,0.1893,0.888889,8452.19
10445,KB3,ARQ,Default,200,0.0005,1,25,1,0.1916,0.854701,8350.73
10446,KB3,ARQ,Default,200,0.0005,1,25,2,0.1982,0.823045,8072.65
10447,KB3,ARQ,Default,200,0.0005,1,25,1,0.1931,0.854701,8285.86
10448,KB3,ARQ,Default,200,0.0005,1,25,2,0.2015,0.823045,7940.45
10449,KB3,ARQ,Default,200,0.0005,1,25,1,0.1915,0.854701,8355.09
10450,KB3,ARQ,Default,200,0.0005,1,25,0,0.188,0.888889,8510.64
10451,KB3,ARQ,Default,200,0.0005,1,25,2,0.2006,0.823045,7976.07
10452,KB3,ARQ,Default,200,0.0005,1,25,0,0.1878,0.888889,8519.7
10453,KB3,ARQ,Default,200,0.0005,1,25,0,0.1912,0.888889,8368.2
10454,KB3,ARQ,Default,200,0.0005,1,25,0,0.1872,0.888889,8547.01
10455,KB3,ARQ,Default,200,0.0005,1,25,0,0.1889,0.888889,8470.09
10456,KB3,ARQ,Default,200,0.0005,1,25,3,0.2049,0.793651,7808.69
10457,KB3,ARQ,Default,200,0.0005,1,25,1,0.1941,0.854701,8243.17
10458,KB3,ARQ,Default,200,0.0005,1,25,2,0.2067,0.823045,7740.69
10459,KB3,ARQ,Default,200,0.0005,1,25,1,0.1922,0.854701,8324.66
10460,KB3,ARQ,Default,200,0.0005,1,25,1,0.1928,0.854701,8298.76
10461,KB3,ARQ,Default,200,0.0005,1,25,3,0.2026,0.793651,7897.33
10462,KB3,ARQ,Default,200,0.0005,1,25,0,0.2194,0.888889,7292.62
10463,KB3,ARQ,Default,200,0.0005,1,25,1,0.1924,0.854701,8316.01
10464,KB3,ARQ,Default,200,0.0005,1,25,2,0.2007,0.823045,7972.1
10465,KB3,ARQ,Default,200,0.0005,1,25,0,0.188,0.888889,8510.64
10466,KB3,ARQ,Default,200,0.0005,1,25,1,0.1936,0.854701,8264.46
10467,KB3,ARQ,Default,200,0.0005,1,25,1,0.1914,0.854701,8359.46
10468,KB3,ARQ,Default,200,0.0005,1,25,1,0.1927,0.854701,8303.06
10469,KB3,ARQ,Default,200,0.0005,1,25,1,0.1901,0.854701,8416.62
10470,KB3,ARQ,Default,200,0.0005,1,25,1,0.2014,0.854701,7944.39
10471,KB3,ARQ,Default,200,0.0005,1,25,0,0.1878,0.888889,8519.7
10472,KB3,ARQ,Default,200,0.0005,1,25,0,0.1903,0.888889,8407.78
10473,KB3,ARQ,Default,200,0.0005,1,25,0,0.1875,0.888889,8533.33
10474,KB3,ARQ,Default,200,0.0005,1,25,0,0.2712,0.888889,5899.71
10475,KB3,ARQ,Default,200,0.0005,1,25,2,0.2895,0.823045,5526.77
10476,KB3,ARQ,Default,200,0.0005,1,25,2,0.2002,0.823045,7992.01
10477,KB3,ARQ,Default,200,0.0005,1,25,1,0.1935,0.854701,8268.73
10478,KB3,ARQ,Default,200,0.0005,1,25,1,0.1916,0.854701,8350.73
10479,KB3,ARQ,Default,200,0.0005,1,25,0,0.1892,0.888889,8456.66
10480,KB3,ARQ,Default,200,0.0005,1,25,2,0.199,0.823045,8040.2
10481,KB3,ARQ,Default,200,0.0005,1,25,3,0.2023,0.793651,7909.05
10482,KB3,ARQ,Default,200,0.0005,1,25,1,0.1928,0.854701,8298.76
10483,KB3,ARQ,Default,200,0.0005,1,25,0,0.1879,0.888889,8515.17
10484,KB3,ARQ,Default,200,0.0005,1,25,1,0.1934,0.854701,8273.01
10485,KB3,ARQ,Default,200,0.0005,1,25,2,0.2189,0.823045,7309.27
10486,KB3,ARQ,Default,200,0.0005,1,25,3,0.2076,0.793651,7707.13
10487,KB3,ARQ,Default,200,0.0005,1,25,0,0.192,0.888889,8333.33
10488,KB3,ARQ,Default,200,0.0005,1,25,0,0.1932,0.888889,8281.57
10489,KB3,ARQ,Default,200,0.0005,1,25,1,0.1962,0.854701,8154.94
10490,KB3,ARQ,Default,200,0.0005,1,25,0,0.1924,0.888889,8316.01
10491,KB3,ARQ,Default,200,0.0005,1,25,0,0.1927,0.888889,8303.06
10492,KB3,ARQ,Default,200,0.0005,1,25,0,0.1954,0.888889,8188.33
10493,KB3,ARQ,Default,200,0.0005,1,25,1,0.1963,0.854701,8150.79
10494,KB3,ARQ,Default,200,0.0005,1,25,1,0.1956,0.854701,8179.96
10495,KB3,ARQ,Default,200,0.0005,1,25,1,0.1964,0.854701,8146.64
10496,KB3,ARQ,Default,200,0.0005,1,25,0,0.1944,0.888889,8230.45
10497,KB3,ARQ,Default,200,0.0005,1,25,0,0.1921,0.888889,8329
10498,KB3,ARQ,Default,200,0.0005,1,25,1,0.1957,0.854701,8175.78
10499,KB3,ARQ,Default,200,0.0005,1,25,0,0.1932,0.888889,8281.57
10500,KB3,ARQ,Default,200,0.0005,1,25,1,0.1979,0.854701,8084.89
10501,KB3,ARQ,Default,200,0.0005,1,25,1,0.1954,0.854701,8188.33
10502,KB3,ARQ,Default,200,0.0005,1,25,1,0.1949,0.854701,8209.34
10503,KB3,ARQ,Default,200,0.0005,1,25,0,0.192,0.888889,8333.33
10504,KB3,ARQ,Default,200,0.0005,1,25,2,0.2074,0.823045,7714.56
10505,KB3,ARQ,Default,200,0.0005,1,25,1,0.1971,0.854701,8117.71
10506,KB3,ARQ,Default,200,0.0005,1,25,0,0.1919,0.888889,8337.68
10507,KB3,ARQ,Default,200,0.0005,1,25,1,0.1952,0.854701,8196.72
10508,KB3,ARQ,Default,200,0.0005,1,25,1,0.1991,0.854701,8036.16
10509,KB3,ARQ,Default,200,0.0005,1,25,1,0.1958,0.854701,8171.6
10510,KB3,ARQ,Default,200,0.0005,1,25,3,0.2075,0.793651,7710.84
10511,KB3,ARQ,Default,200,0.0005,1,25,1,0.1972,0.854701,8113.59
10512,KB3,ARQ,Default,200,0.0005,1,25,2,0.2049,0.823045,7808.69
10513,KB3,ARQ,Default,200,0.0005,1,25,2,0.2028,0.823045,7889.55
10514,KB3,ARQ,Default,200,0.0005,1,25,0,0.1923,0.888889,8320.33
10515,KB3,ARQ,Default,200,0.0005,1,25,1,0.2001,0.854701,7996
10516,KB3,ARQ,Default,200,0.0005,1,25,0,0.1936,0.888889,8264.46
10517,KB3,ARQ,Default,200,0.0005,1,25,2,0.2048,0.823045,7812.5
10518,KB3,ARQ,Default,200,0.0005,1,25,0,0.1931,0.888889,8285.86
10519,KB3,ARQ,Default,200,0.0005,1,25,1,0.1975,0.854701,8101.27
10520,KB3,ARQ,Default,200,0.0005,1,25,1,0.1975,0.854701,8101.27
10521,KB3,ARQ,Default,200,0.0005,1,25,1,0.1965,0.854701,8142.49
10522,KB3,ARQ,Default,200,0.0005,1,25,0,0.1937,0.888889,8260.2
10523,KB3,ARQ,Default,200,0.0005,1,25,2,0.2047,0.823045,7816.32
10524,KB3,ARQ,Default,200,0.0005,1,25,0,0.1948,0.888889,8213.55
10525,KB3,ARQ,Default,200,0.0005,1,25,1,0.1963,0.854701,8150.79
10526,KB3,ARQ,Default,200,0.0005,1,25,0,0.1925,0.888889,8311.69
10527,KB3,ARQ,Default,200,0.0005,1,25,0,0.1947,0.888889,8217.77
10528,KB3,ARQ,Default,200,0.0005,1,25,0,0.1942,0.888889,8238.93
10529,KB3,ARQ,Default,200,0.0005,1,25,0,0.1927,0.888889,8303.06
10530,KB3,ARQ,Default,200,0.0005,1,25,2,0.2033,0.823045,7870.14
10531,KB3,ARQ,Default,200,0.0005,1,25,1,0.1974,0.854701,8105.37
10532,KB3,ARQ,Default,200,0.0005,1,25,5,0.2147,0.740741,7452.26
10533,KB3,ARQ,Default,200,0.0005,1,25,1,0.1965,0.854701,8142.49
10534,KB3,ARQ,Default,200,0.0005,1,25,0,0.1933,0.888889,8277.29
10535,KB3,ARQ,Default,200,0.0005,1,25,0,0.1935,0.888889,8268.73
10536,KB3,ARQ,Default,200,0.0005,1,25,1,0.1982,0.854701,8072.65
10537,KB3,ARQ,Default,200,0.0005,1,25,2,0.2014,0.823045,7944.39
10538,KB3,ARQ,Default,200,0.0005,1,25,0,0.1945,0.888889,8226.22
10539,KB3,ARQ,Default,200,0.0005,1,25,1,0.1962,0.854701,8154.94
10540,KB3,ARQ,Default,200,0.0005,1,25,1,0.1964,0.854701,8146.64
10541,KB3,ARQ,Default,200,0.0005,1,25,1,0.1962,0.854701,8154.94
10542,KB3,ARQ,Default,200,0.0005,1,25,0,0.1945,0.888889,8226.22
10543,KB3,ARQ,Default,200,0.0005,1,25,0,0.1921,0.888889,8329
10544,KB3,ARQ,Default,200,0.0005,1,25,2,0.203,0.823045,7881.77
10545,KB3,ARQ,Default,200,0.0005,1,25,1,0.1956,0.854701,8179.96
10546,KB3,ARQ,Default,200,0.0005,1,25,3,0.2059,0.793651,7770.76
10547,KB3,ARQ,Default,200,0.0005,1,25,1,0.1968,0.854701,8130.08
10548,KB3,ARQ,Default,200,0.0005,1,25,0,0.1929,0.888889,8294.45
10549,KB3,ARQ,Default,200,0.0005,1,25,1,0.1963,0.854701,8150.79
10550,KB3,ARQ,Default,200,0.0005,1,25,0,0.1934,0.888889,8273.01
10551,KB3,ARQ,Default,200,0.0005,1,25,1,0.1978,0.854701,8088.98
10552,KB3,ARQ,Default,200,0.0005,1,25,1,0.1958,0.854701,8171.6
10553,KB3,ARQ,Default,200,0.0005,1,25,0,0.1944,0.888889,8230.45
10554,KB3,ARQ,Default,200,0.0005,1,25,0,0.1919,0.888889,8337.68
10555,KB3,ARQ,Default,200,0.0005,1,25,0,0.1946,0.888889,8221.99
10556,KB3,ARQ,Default,200,0.0005,1,25,3,0.2087,0.793651,7666.51
10557,KB3,ARQ,Default,200,0.0005,1,25,0,0.1939,0.888889,8251.68
10558,KB3,ARQ,Default,200,0.0005,1,25,1,0.1971,0.854701,8117.71
10559,KB3,ARQ,Default,200,0.0005,1,25,3,0.2078,0.793651,7699.71
10560,KB3,ARQ,Default,200,0.0005,1,25,0,0.1919,0.888889,8337.68
10561,KB3,ARQ,Default,200,0.0005,1,25,1,0.1979,0.854701,8084.89
10562,KB3,ARQ,Default,200,0.0005,1,25,1,0.1972,0.854701,8113.59
10563,KB3,ARQ,Default,200,0.0005,1,25,1,0.1986,0.854701,8056.39
10564,KB3,ARQ,Default,200,0.0005,1,25,0,0.1928,0.888889,8298.76
10565,KB3,ARQ,Default,200,0.0005,1,25,2,0.2037,0.823045,7854.69
10566,KB3,ARQ,Default,200,0.0005,1,25,1,0.1961,0.854701,8159.1
10567,KB3,ARQ,Default,200,0.0005,1,25,0,0.1939,0.888889,8251.68
10568,KB3,ARQ,Default,200,0.0005,1,25,0,0.1922,0.888889,8324.66
10569,KB3,ARQ,Default,200,0.0005,1,25,2,0.2033,0.823045,7870.14
10570,KB3,ARQ,Default,200,0.0005,1,25,1,0.197,0.854701,8121.83
10571,KB3,ARQ,Default,200,0.0005,1,25,2,0.2048,0.823045,7812.5
10572,KB3,ARQ,Default,200,0.0005,1,25,0,0.2005,0.888889,7980.05
10573,KB3,ARQ,Default,200,0.0005,1,25,0,0.1919,0.888889,8337.68
10574,KB3,ARQ,Default,200,0.0005,1,25,0,0.1925,0.888889,8311.69
10575,KB3,ARQ,Default,200,0.0005,1,25,2,0.2045,0.823045,7823.96
10576,KB3,ARQ,Default,200,0.0005,1,25,2,0.2062,0.823045,7759.46
10577,KB3,ARQ,Default,200,0.0005,1,25,1,0.1951,0.854701,8200.92
10578,KB3,ARQ,Default,200,0.0005,1,25,0,0.1907,0.888889,8390.14
10579,KB3,ARQ,Default,200,0.0005,1,25,0,0.1938,0.888889,8255.93
10580,KB3,ARQ,Default,200,0.0005,1,25,1,0.197,0.854701,8121.83
10581,KB3,ARQ,Default,200,0.0005,1,25,2,0.203,0.823045,7881.77
10582,KB3,ARQ,Default,200,0.0005,1,25,1,0.1963,0.854701,8150.79
10583,KB3,ARQ,Default,200,0.0005,1,25,3,0.209,0.793651,7655.5
10584,KB3,ARQ,Default,200,0.0005,1,25,2,0.2042,0.823045,7835.46
10585,KB3,ARQ,Default,200,0.0005,1,25,0,0.1905,0.888889,8398.95
10586,KB3,ARQ,Default,200,0.0005,1,25,3,0.209,0.793651,7655.5
10587,KB3,ARQ,Default,200,0.0005,1,25,1,0.1984,0.854701,8064.52
10588,KB3,ARQ,Default,200,0.0005,1,25,0,0.1923,0.888889,8320.33
10589,KB3,ARQ,Default,200,0.0005,1,25,0,0.1913,0.888889,8363.83
10590,KB3,ARQ,Default,200,0.0005,1,25,0,0.194,0.888889,8247.42
10591,KB3,ARQ,Default,200,0.0005,1,25,1,0.1977,0.854701,8093.07
10592,KB3,ARQ,Default,200,0.0005,1,25,0,0.191,0.888889,8376.96
10593,KB3,ARQ,Default,200,0.0005,1,25,0,0.1936,0.888889,8264.46
10594,KB3,ARQ,Default,200,0.0005,1,25,0,0.1932,0.888889,8281.57
10595,KB3,ARQ,Default,200,0.0005,1,25,2,0.2786,0.823045,5743
10596,KB3,ARQ,Default,200,0.0005,1,25,1,0.1977,0.854701,8093.07
10597,KB3,ARQ,Default,200,0.0005,1,25,1,0.1952,0.854701,8196.72
10598,KB3,ARQ,Default,200,0.0005,1,25,2,0.2048,0.823045,7812.5
10599,KB3,ARQ,Default,200,0.0005,1,25,1,0.1957,0.854701,8175.78
10600,KB3,ARQ,Default,200,0.0005,1,25,0,0.1927,0.888889,8303.06
10601,KB3,ARQ,Default,200,0.0005,1,25,1,0.1963,0.854701,8150.79
10602,KB3,ARQ,Default,200,0.0005,1,25,0,0.1934,0.888889,8273.01
10603,KB3,ARQ,Default,200,0.0005,1,25,0,0.1945,0.888889,8226.22
10604,KB3,ARQ,Default,200,0.0005,1,25,1,0.196,0.854701,8163.27
10605,KB3,ARQ,Default,200,0.0005,1,25,0,0.1917,0.888889,8346.37
10606,KB3,ARQ,Default,200,0.0005,1,25,1,0.1984,0.854701,8064.52
10607,KB3,ARQ,Default,200,0.0005,1,25,0,0.1942,0.888889,8238.93
10608,KB3,ARQ,Default,200,0.0005,1,25,0,0.1936,0.888889,8264.46
10609,KB3,ARQ,Default,200,0.0005,1,25,0,0.192,0.888889,8333.33
10610,KB3,ARQ,Default,200,0.0005,1,25,1,0.1972,0.854701,8113.59
10611,KB3,ARQ,Default,200,0.0005,1,25,3,0.2076,0.793651,7707.13
10612,KB3,ARQ,Default,200,0.0005,1,25,0,0.1925,0.888889,8311.69
10613,KB3,ARQ,Default,200,0.0005,1,25,0,0.1923,0.888889,8320.33
10614,KB3,ARQ,Default,200,0.0005,1,25,0,0.1939,0.888889,8251.68
10615,KB3,ARQ,Default,200,0.0005,1,25,0,0.1934,0.888889,8273.01
10616,KB3,ARQ,Default,200,0.0005,1,25,0,0.1922,0.888889,8324.66
10617,KB3,ARQ,Default,200,0.0005,1,25,1,0.1965,0.854701,8142.49
10618,KB3,ARQ,Default,200,0.0005,1,25,1,0.197,0.854701,8121.83
10619,KB3,ARQ,Default,200,0.0005,1,25,0,0.1946,0.888889,8221.99
10620,KB3,ARQ,Default,200,0.0005,1,25,1,0.1966,0.854701,8138.35
10621,KB3,ARQ,Default,200,0.0005,1,25,1,0.1973,0.854701,8109.48
10622,KB3,ARQ,Default,200,0.0005,1,25,4,0.211,0.766284,7582.94
10623,KB3,ARQ,Default,200,0.0005,1,25,1,0.1965,0.854701,8142.49
10624,KB3,ARQ,Default,200,0.0005,1,25,2,0.2027,0.823045,7893.44
10625,KB3,ARQ,Default,200,0.0005,1,25,0,0.1936,0.888889,8264.46
10626,KB3,ARQ,Default,200,0.0005,1,25,0,0.1944,0.888889,8230.45
10627,KB3,ARQ,Default,200,0.0005,1,25,1,0.197,0.854701,8121.83
10628,KB3,ARQ,Default,200,0.0005,1,25,1,0.1962,0.854701,8154.94
10629,KB3,ARQ,Default,200,0.0005,1,25,0,0.1926,0.888889,8307.37
10630,KB3,ARQ,Default,200,0.0005,1,25,0,0.1936,0.888889,8264.46
10631,KB3,ARQ,Default,200,0.0005,1,25,1,0.1979,0.854701,8084.89
10632,KB3,ARQ,Default,200,0.0005,1,25,1,0.1956,0.854701,8179.96
10633,KB3,ARQ,Default,200,0.0005,1,25,2,0.2049,0.823045,7808.69
10634,KB3,ARQ,Default,200,0.0005,1,25,0,0.1941,0.888889,8243.17
10635,KB3,ARQ,Default,200,0.0005,1,25,0,0.1915,0.888889,8355.09
10636,KB3,ARQ,Default,200,0.0005,1,25,0,0.1925,0.888889,8311.69
10637,KB3,ARQ,Default,200,0.0005,1,25,0,0.1935,0.888889,8268.73
10638,KB3,ARQ,Default,200,0.0005,1,25,1,0.1966,0.854701,8138.35
10639,KB3,ARQ,Default,200,0.0005,1,25,2,0.2049,0.823045,7808.69
10640,KB3,ARQ,Default,200,0.0005,1,25,0,0.1915,0.888889,8355.09
10641,KB3,ARQ,Default,200,0.0005,1,25,0,0.1915,0.888889,8355.09
10642,KB3,ARQ,Default,200,0.0005,1,25,2,0.2055,0.823045,7785.89
10643,KB3,ARQ,Default,200,0.0005,1,25,0,0.1929,0.888889,8294.45
10644,KB3,ARQ,Default,200,0.0005,1,25,1,0.1968,0.854701,8130.08
10645,KB3,ARQ,Default,200,0.0005,1,25,0,0.1925,0.888889,8311.69
10646,KB3,ARQ,Default,200,0.0005,1,25,0,0.1934,0.888889,8273.01
10647,KB3,ARQ,Default,200,0.0005,1,25,1,0.1953,0.854701,8192.52
10648,KB3,ARQ,Default,200,0.0005,1,25,2,0.2037,0.823045,7854.69
10649,KB3,ARQ,Default,200,0.0005,1,25,2,0.2033,0.823045,7870.14
10650,KB3,ARQ,Default,200,0.0005,1,25,3,0.2082,0.793651,7684.92
10651,KB3,ARQ,Default,200,0.0005,1,25,0,0.1922,0.888889,8324.66
10652,KB3,ARQ,Default,200,0.0005,1,25,1,0.1967,0.854701,8134.21
10653,KB3,ARQ,Default,200,0.0005,1,25,2,0.2037,0.823045,7854.69
10654,KB3,ARQ,Default,200,0.0005,1,25,0,0.1939,0.888889,8251.68
10655,KB3,ARQ,Default,200,0.0005,1,25,0,0.1928,0.888889,8298.76
10656,KB3,ARQ,Default,200,0.0005,1,25,1,0.2918,0.854701,5483.21
10657,KB3,ARQ,Default,200,0.0005,1,25,0,0.1924,0.888889,8316.01
10658,KB3,ARQ,Default,200,0.0005,1,25,0,0.1949,0.888889,8209.34
10659,KB3,ARQ,Default,200,0.0005,1,25,0,0.1942,0.888889,8238.93
10660,KB3,ARQ,Default,200,0.0005,1,25,0,0.192,0.888889,8333.33
10661,KB3,ARQ,Default,200,0.0005,1,25,0,0.1929,0.888889,8294.45
10662,KB3,ARQ,Default,200,0.0005,1,25,1,0.1975,0.854701,8101.27
10663,KB3,ARQ,Default,200,0.0005,1,25,1,0.1958,0.854701,8171.6
10664,KB3,ARQ,Default,200,0.0005,1,25,2,0.2043,0.823045,7831.62
10665,KB3,ARQ,Default,200,0.0005,1,25,2,0.2025,0.823045,7901.23
10666,KB3,ARQ,Default,200,0.0005,1,25,1,0.1964,0.854701,8146.64
10667,KB3,ARQ,Default,200,0.0005,1,25,2,0.2058,0.823045,7774.54
10668,KB3,ARQ,Default,200,0.0005,1,25,1,0.1954,0.854701,8188.33
10669,KB3,ARQ,Default,200,0.0005,1,25,1,0.1952,0.854701,8196.72
10670,KB3,ARQ,Default,200,0.0005,1,25,0,0.1938,0.888889,8255.93
10671,KB3,ARQ,Default,200,0.0005,1,25,0,0.1943,0.888889,8234.69
10672,KB3,ARQ,Default,200,0.0005,1,25,0,0.1915,0.888889,8355.09
10673,KB3,ARQ,Default,200,0.0005,1,25,1,0.1949,0.854701,8209.34
10674,KB3,ARQ,Default,200,0.0005,1,25,0,0.1937,0.888889,8260.2
10675,KB3,ARQ,Default,200,0.0005,1,25,0,0.1921,0.888889,8329
10676,KB3,ARQ,Default,200,0.0005,1,25,2,0.2014,0.823045,7944.39
10677,KB3,ARQ,Default,200,0.0005,1,25,3,0.2061,0.793651,7763.22
10678,KB3,ARQ,Default,200,0.0005,1,25,0,0.1937,0.888889,8260.2
10679,KB3,ARQ,Default,200,0.0005,1,25,1,0.1964,0.854701,8146.64
10680,KB3,ARQ,Default,200,0.0005,1,25,1,0.1964,0.854701,8146.64
10681,KB3,ARQ,Default,200,0.0005,1,25,1,0.1956,0.854701,8179.96
10682,KB3,ARQ,Default,200,0.0005,1,25,1,0.1987,0.854701,8052.34
10683,KB3,ARQ,Default,200,0.0005,1,25,2,0.2041,0.823045,7839.29
10684,KB3,ARQ,Default,200,0.0005,1,25,0,0.1919,0.888889,8337.68
10685,KB3,ARQ,Default,200,0.0005,1,25,0,0.1911,0.888889,8372.58
10686,KB3,ARQ,Default,200,0.0005,1,25,1,0.1984,0.854701,8064.52
10687,KB3,ARQ,Default,200,0.0005,1,25,3,0.2081,0.793651,7688.61
10688,KB3,ARQ,Default,200,0.0005,1,25,0,0.1916,0.888889,8350.73
10689,KB3,ARQ,Default,200,0.0005,1,25,0,0.1942,0.888889,8238.93
10690,KB3,ARQ,Default,200,0.0005,1,25,0,0.2024,0.888889,7905.14
10691,KB3,ARQ,Default,200,0.0005,1,25,0,0.191,0.888889,8376.96
10692,KB3,ARQ,Default,200,0.0005,1,25,1,0.1972,0.854701,8113.59
10693,KB3,ARQ,Default,200,0.0005,1,25,1,0.197,0.854701,8121.83
10694,KB3,ARQ,Default,200,0.0005,1,25,1,0.1991,0.854701,8036.16
10695,KB3,ARQ,Default,200,0.0005,1,25,0,0.1938,0.888889,8255.93
10696,KB3,ARQ,Default,200,0.0005,1,25,1,0.1955,0.854701,8184.14
10697,KB3,ARQ,Default,200,0.0005,1,25,0,0.1938,0.888889,8255.93
10698,KB3,ARQ,Default,200,0.0005,1,25,1,0.1956,0.854701,8179.96
10699,KB3,ARQ,Default,200,0.0005,1,25,2,0.2043,0.823045,7831.62
10700,KB3,ARQ,Default,200,0.0005,1,25,1,0.1947,0.854701,8217.77
10701,KB3,ARQ,Default,200,0.0005,1,25,0,0.1953,0.888889,8192.52
10702,KB3,ARQ,Default,200,0.0005,1,25,2,0.2054,0.823045,7789.68
10703,KB3,ARQ,Default,200,0.0005,1,25,0,0.1921,0.888889,8329
10704,KB3,ARQ,Default,200,0.0005,1,25,0,0.1926,0.888889,8307.37
10705,KB3,ARQ,Default,200,0.0005,1,25,0,0.1963,0.888889,8150.79
10706,KB3,ARQ,Default,200,0.0005,1,25,0,0.1941,0.888889,8243.17
10707,KB3,ARQ,Default,200,0.0005,1,25,0,0.1927,0.888889,8303.06
10708,KB3,ARQ,Default,200,0.0005,1,25,1,0.1967,0.854701,8134.21
10709,KB3,ARQ,Default,200,0.0005,1,25,2,0.2049,0.823045,7808.69
10710,KB3,ARQ,Default,200,0.0005,1,25,0,0.1934,0.888889,8273.01
10711,KB3,ARQ,Default,200,0.0005,1,25,1,0.1951,0.854701,8200.92
10712,KB3,ARQ,Default,200,0.0005,1,25,4,0.2114,0.766284,7568.59
10713,KB3,ARQ,Default,200,0.0005,1,25,0,0.1976,0.888889,8097.17
10714,KB3,ARQ,Default,200,0.0005,1,25,0,0.1936,0.888889,8264.46
10715,KB3,ARQ,Default,200,0.0005,1,25,0,0.1925,0.888889,8311.69
10716,KB3,ARQ,Default,200,0.0005,1,25,0,0.1919,0.888889,8337.68
10717,KB3,ARQ,Default,200,0.0005,1,25,0,0.277,0.888889,5776.17
10718,KB3,ARQ,Default,200,0.0005,1,25,2,0.205,0.823045,7804.88
10719,KB3,ARQ,Default,200,0.0005,1,25,0,0.2342,0.888889,6831.77
10720,KB3,ARQ,Default,200,0.0005,1,25,0,0.2782,0.888889,5751.26
10721,KB3,ARQ,Default,200,0.0005,1,25,0,0.3199,0.888889,5001.56
10722,KB3,ARQ,Default,200,0.0005,1,25,1,0.226,0.854701,7079.65
10723,KB3,ARQ,Default,200,0.0005,1,25,1,0.1954,0.854701,8188.33
10724,KB3,ARQ,Default,200,0.0005,1,25,1,0.1958,0.854701,8171.6
10725,KB3,ARQ,Default,200,0.0005,1,25,3,0.2086,0.793651,7670.18
10726,KB3,ARQ,Default,200,0.0005,1,25,0,0.1955,0.888889,8184.14
10727,KB3,ARQ,Default,200,0.0005,1,25,1,0.1951,0.854701,8200.92
10728,KB3,ARQ,Default,200,0.0005,1,25,0,0.1932,0.888889,8281.57
10729,KB3,ARQ,Default,200,0.0005,1,25,1,0.1984,0.854701,8064.52
10730,KB3,ARQ,Default,200,0.0005,1,25,0,0.1949,0.888889,8209.34
10731,KB3,ARQ,Default,200,0.0005,1,25,2,0.2031,0.823045,7877.89
10732,KB3,ARQ,Default,200,0.0005,1,25,3,0.2082,0.793651,7684.92
10733,KB3,ARQ,Default,200,0.0005,1,25,1,0.1971,0.854701,8117.71
10734,KB3,ARQ,Default,200,0.0005,1,25,1,0.1982,0.854701,8072.65
10735,KB3,ARQ,Default,200,0.0005,1,25,1,0.1972,0.854701,8113.59
10736,KB3,ARQ,Default,200,0.0005,1,25,1,0.1951,0.854701,8200.92
10737,KB3,ARQ,Default,200,0.0005,1,25,1,0.1971,0.854701,8117.71
10738,KB3,ARQ,Default,200,0.0005,1,25,0,0.1933,0.888889,8277.29
10739,KB3,ARQ,Default,200,0.0005,1,25,0,0.1934,0.888889,8273.01
10740,KB3,ARQ,Default,200,0.0005,1,25,0,0.1915,0.888889,8355.09
10741,KB3,ARQ,Default,200,0.0005,1,25,0,0.1951,0.888889,8200.92
10742,KB3,ARQ,Default,200,0.0005,1,25,1,0.1983,0.854701,8068.58
10743,KB3,ARQ,Default,200,0.0005,1,25,1,0.1961,0.854701,8159.1
10744,KB3,ARQ,Default,200,0.0005,1,25,1,0.1959,0.854701,8167.43
10745,KB3,ARQ,Default,200,0.0005,1,25,1,0.1993,0.854701,8028.1
10746,KB3,ARQ,Default,200,0.0005,1,25,3,0.2075,0.793651,7710.84
10747,KB3,ARQ,Default,200,0.0005,1,25,1,0.1972,0.854701,8113.59
10748,KB3,ARQ,Default,200,0.0005,1,25,0,0.193,0.888889,8290.16
10749,KB3,ARQ,Default,200,0.0005,1,25,0,0.1951,0.888889,8200.92
10750,KB3,ARQ,Default,200,0.0005,1,25,0,0.1916,0.888889,8350.73
10751,KB3,ARQ,Default,200,0.0005,1,25,1,0.1958,0.854701,8171.6
10752,KB3,ARQ,Default,200,0.0005,1,25,0,0.1932,0.888889,8281.57
10753,KB3,ARQ,Default,200,0.0005,1,25,1,0.1988,0.854701,8048.29
10754,KB3,ARQ,Default,200,0.0005,1,25,1,0.1973,0.854701,8109.48
10755,KB3,ARQ,Default,200,0.0005,1,25,1,0.1976,0.854701,8097.17
10756,KB3,ARQ,Default,200,0.0005,1,25,1,0.1955,0.854701,8184.14
10757,KB3,ARQ,Default,200,0.0005,1,25,0,0.1944,0.888889,8230.45
10758,KB3,ARQ,Default,200,0.0005,1,25,0,0.1929,0.888889,8294.45
10759,KB3,ARQ,Default,200,0.0005,1,25,1,0.1954,0.854701,8188.33
10760,KB3,ARQ,Default,200,0.0005,1,25,0,0.1927,0.888889,8303.06
10761,KB3,ARQ,Default,200,0.0005,1,25,1,0.1976,0.854701,8097.17
10762,KB3,ARQ,Default,200,0.0005,1,25,2,0.204,0.823045,7843.14
10763,KB3,ARQ,Default,200,0.0005,1,25,1,0.1959,0.854701,8167.43
10764,KB3,ARQ,Default,200,0.0005,1,25,1,0.1977,0.854701,8093.07
10765,KB3,ARQ,Default,200,0.0005,1,25,0,0.1943,0.888889,8234.69
10766,KB3,ARQ,Default,200,0.0005,1,25,0,0.1923,0.888889,8320.33
10767,KB3,ARQ,Default,200,0.0005,1,25,1,0.1967,0.854701,8134.21
10768,KB3,ARQ,Default,200,0.0005,1,25,1,0.196,0.854701,8163.27
10769,KB3,ARQ,Default,200,0.0005,1,25,0,0.1943,0.888889,8234.69
10770,KB3,ARQ,Default,200,0.0005,1,25,2,0.204,0.823045,7843.14
10771,KB3,ARQ,Default,200,0.0005,1,25,2,0.2039,0.823045,7846.98
10772,KB3,ARQ,Default,200,0.0005,1,25,2,0.2043,0.823045,7831.62
10773,KB3,ARQ,Default,200,0.0005,1,25,0,0.1932,0.888889,8281.57
10774,KB3,ARQ,Default,200,0.0005,1,25,1,0.1946,0.854701,8221.99
10775,KB3,ARQ,Default,200,0.0005,1,25,0,0.1932,0.888889,8281.57
10776,KB3,ARQ,Default,200,0.0005,1,25,1,0.264,0.854701,6060.61
10777,KB3,ARQ,Default,200,0.0005,1,25,2,0.2047,0.823045,7816.32
10778,KB3,ARQ,Default,200,0.0005,1,25,0,0.1919,0.888889,8337.68
10779,KB3,ARQ,Default,200,0.0005,1,25,0,0.1925,0.888889,8311.69
10780,KB3,ARQ,Default,200,0.0005,1,25,0,0.1917,0.888889,8346.37
10781,KB3,ARQ,Default,200,0.0005,1,25,2,0.2036,0.823045,7858.55
10782,KB3,ARQ,Default,200,0.0005,1,25,1,0.1959,0.854701,8167.43
10783,KB3,ARQ,Default,200,0.0005,1,25,2,0.2048,0.823045,7812.5
10784,KB3,ARQ,Default,200,0.0005,1,25,3,0.2066,0.793651,7744.43
10785,KB3,ARQ,Default,200,0.0005,1,25,1,0.1964,0.854701,8146.64
10786,KB3,ARQ,Default,200,0.0005,1,25,0,0.1921,0.888889,8329
10787,KB3,ARQ,Default,200,0.0005,1,25,2,0.2037,0.823045,7854.69
10788,KB3,ARQ,Default,200,0.0005,1,25,0,0.1923,0.888889,8320.33
10789,KB3,ARQ,Default,200,0.0005,1,25,1,0.1964,0.854701,8146.64
10790,KB3,ARQ,Default,200,0.0005,1,25,1,0.196,0.854701,8163.27
10791,KB3,ARQ,Default,200,0.0005,1,25,4,0.2101,0.766284,7615.42
10792,KB3,ARQ,Default,200,0.0005,1,25,1,0.1968,0.854701,8130.08
10793,KB3,ARQ,Default,200,0.0005,1,25,1,0.1974,0.854701,8105.37
10794,KB3,ARQ,Default,200,0.0005,1,25,0,0.1923,0.888889,8320.33
10795,KB3,ARQ,Default,200,0.0005,1,25,1,0.1941,0.854701,8243.17
10796,KB3,ARQ,Default,200,0.0005,1,25,2,0.205,0.823045,7804.88
10797,KB3,ARQ,Default,200,0.0005,1,25,1,0.1973,0.854701,8109.48
10798,KB3,ARQ,Default,200,0.0005,1,25,0,0.1938,0.888889,8255.93
10799,KB3,ARQ,Default,200,0.0005,1,25,3,0.2084,0.793651,7677.54
10800,KB3,ARQ,Default,200,0.0005,1,25,1,0.1967,0.854701,8134.21
10801,KB3,ARQ,Default,200,0.0005,1,25,0,0.1925,0.888889,8311.69
10802,KB3,ARQ,Default,200,0.0005,1,25,0,0.2007,0.888889,7972.1
10803,KB3,ARQ,Default,200,0.0005,1,25,1,0.1968,0.854701,8130.08
10804,KB3,ARQ,Default,200,0.0005,1,25,0,0.1938,0.888889,8255.93
10805,KB3,ARQ,Default,200,0.0005,1,25,0,0.1922,0.888889,8324.66
10806,KB3,ARQ,Default,200,0.0005,1,25,0,0.1933,0.888889,8277.29
10807,KB3,ARQ,Default,200,0.0005,1,25,1,0.1951,0.854701,8200.92
10808,KB3,ARQ,Default,200,0.0005,1,25,3,0.2083,0.793651,7681.23
10809,KB3,ARQ,Default,200,0.0005,1,25,0,0.1953,0.888889,8192.52
10810,KB3,ARQ,Default,200,0.0005,1,25,1,0.1981,0.854701,8076.73
10811,KB3,ARQ,Default,200,0.0005,1,25,0,0.1937,0.888889,8260.2
10812,KB3,ARQ,Default,200,0.0005,1,25,3,0.209,0.793651,7655.5
10813,KB3,ARQ,Default,200,0.0005,1,25,1,0.1977,0.854701,8093.07
10814,KB3,ARQ,Default,200,0.0005,1,25,0,0.1925,0.888889,8311.69
10815,KB3,ARQ,Default,200,0.0005,1,25,0,0.1938,0.888889,8255.93
10816,KB3,ARQ,Default,200,0.0005,1,25,0,0.1928,0.888889,8298.76
10817,KB3,ARQ,Default,200,0.0005,1,25,1,0.1975,0.854701,8101.27
10818,KB3,ARQ,Default,200,0.0005,1,25,0,0.1906,0.888889,8394.54
10819,KB3,ARQ,Default,200,0.0005,1,25,0,0.1927,0.888889,8303.06
10820,KB3,ARQ,Default,200,0.0005,1,25,0,0.194,0.888889,8247.42
10821,KB3,ARQ,Default,200,0.0005,1,25,1,0.1982,0.854701,8072.65
10822,KB3,ARQ,Default,200,0.0005,1,25,2,0.2028,0.823045,7889.55
10823,KB3,ARQ,Default,200,0.0005,1,25,1,0.1965,0.854701,8142.49
10824,KB3,ARQ,Default,200,0.0005,1,25,2,0.2044,0.823045,7827.79
10825,KB3,ARQ,Default,200,0.0005,1,25,1,0.1998,0.854701,8008.01
10826,KB3,ARQ,Default,200,0.0005,1,25,1,0.1952,0.854701,8196.72
10827,KB3,ARQ,Default,200,0.0005,1,25,0,0.1934,0.888889,8273.01
10828,KB3,ARQ,Default,200,0.0005,1,25,4,0.212,0.766284,7547.17
10829,KB3,ARQ,Default,200,0.0005,1,25,1,0.196,0.854701,8163.27
10830,KB3,ARQ,Default,200,0.0005,1,25,0,0.1926,0.888889,8307.37
10831,KB3,ARQ,Default,200,0.0005,1,25,1,0.1945,0.854701,8226.22
10832,KB3,ARQ,Default,200,0.0005,1,25,2,0.2022,0.823045,7912.96
10833,KB3,ARQ,Default,200,0.0005,1,25,1,0.1957,0.854701,8175.78
10834,KB3,ARQ,Default,200,0.0005,1,25,0,0.193,0.888889,8290.16
10835,KB3,ARQ,Default,200,0.0005,1,25,1,0.1973,0.854701,8109.48
10836,KB3,ARQ,Default,200,0.0005,1,25,0,0.1924,0.888889,8316.01
10837,KB3,ARQ,Default,200,0.0005,1,25,0,0.2053,0.888889,7793.47
10838,KB3,ARQ,Default,200,0.0005,1,25,0,0.1907,0.888889,8390.14
10839,KB3,ARQ,Default,200,0.0005,1,25,0,0.1923,0.888889,8320.33
10840,KB3,ARQ,Default,200,0.0005,1,25,1,0.1975,0.854701,8101.27
10841,KB3,ARQ,Default,200,0.0005,1,25,2,0.2037,0.823045,7854.69
10842,KB3,ARQ,Default,200,0.0005,1,25,2,0.2043,0.823045,7831.62
10843,KB3,ARQ,Default,200,0.0005,1,25,2,0.2031,0.823045,7877.89
10844,KB3,ARQ,Default,200,0.0005,1,25,1,0.1972,0.854701,8113.59
10845,KB3,ARQ,Default,200,0.0005,1,25,1,0.1963,0.854701,8150.79
10846,KB3,ARQ,Default,200,0.0005,1,25,0,0.1926,0.888889,8307.37
10847,KB3,ARQ,Default,200,0.0005,1,25,0,0.193,0.888889,8290.16
10848,KB3,ARQ,Default,200,0.0005,1,25,0,0.1939,0.888889,8251.68
10849,KB3,ARQ,Default,200,0.0005,1,25,1,0.1964,0.854701,8146.64
10850,KB3,ARQ,Default,200,0.0005,1,25,1,0.1972,0.854701,8113.59
10851,KB3,ARQ,Default,200,0.0005,1,25,0,0.1907,0.888889,8390.14
10852,KB3,ARQ,Default,200,0.0005,1,25,2,0.2052,0.823045,7797.27
10853,KB3,ARQ,Default,200,0.0005,1,25,0,0.1925,0.888889,8311.69
10854,KB3,ARQ,Default,200,0.0005,1,25,1,0.1955,0.854701,8184.14
10855,KB3,ARQ,Default,200,0.0005,1,25,1,0.1959,0.854701,8167.43
10856,KB3,ARQ,Default,200,0.0005,1,25,0,0.1933,0.888889,8277.29
10857,KB3,ARQ,Default,200,0.0005,1,25,1,0.1952,0.854701,8196.72
10858,KB3,ARQ,Default,200,0.0005,1,25,2,0.2031,0.823045,7877.89
10859,KB3,ARQ,Default,200,0.0005,1,25,0,0.1916,0.888889,8350.73
10860,KB3,ARQ,Default,200,0.0005,1,25,1,0.1979,0.854701,8084.89
10861,KB3,ARQ,Default,200,0.0005,1,25,0,0.1915,0.888889,8355.09
10862,KB3,ARQ,Default,200,0.0005,1,25,0,0.1914,0.888889,8359.46
10863,KB3,ARQ,Default,200,0.0005,1,25,1,0.1976,0.854701,8097.17
10864,KB3,ARQ,Default,200,0.0005,1,25,2,0.2105,0.823045,7600.95
10865,KB3,ARQ,Default,200,0.0005,1,25,0,0.3354,0.888889,4770.42
10866,KB3,ARQ,Default,200,0.0005,1,25,5,0.222,0.740741,7207.21
10867,KB3,ARQ,Default,200,0.0005,1,25,1,0.198,0.854701,8080.81
10868,KB3,ARQ,Default,200,0.0005,1,25,2,0.2043,0.823045,7831.62
10869,KB3,ARQ,Default,200,0.0005,1,25,0,0.1921,0.888889,8329
10870,KB3,ARQ,Default,200,0.0005,1,25,2,0.2047,0.823045,7816.32
10871,KB3,ARQ,Default,200,0.0005,1,25,0,0.1934,0.888889,8273.01
10872,KB3,ARQ,Default,200,0.0005,1,25,0,0.1929,0.888889,8294.45
10873,KB3,ARQ,Default,200,0.0005,1,25,0,0.1919,0.888889,8337.68
10874,KB3,ARQ,Default,200,0.0005,1,25,0,0.1946,0.888889,8221.99
10875,KB3,ARQ,Default,200,0.0005,1,25,2,0.2048,0.823045,7812.5
10876,KB3,ARQ,Default,200,0.0005,1,25,1,0.1976,0.854701,8097.17
10877,KB3,ARQ,Default,200,0.0005,1,25,3,0.2062,0.793651,7759.46
10878,KB3,ARQ,Default,200,0.0005,1,25,2,0.2059,0.823045,7770.76
10879,KB3,ARQ,Default,200,0.0005,1,25,2,0.2041,0.823045,7839.29
10880,KB3,ARQ,Default,200,0.0005,1,25,4,0.2122,0.766284,7540.06
10881,KB3,ARQ,Default,200,0.0005,1,25,0,0.1923,0.888889,8320.33
10882,KB3,ARQ,Default,200,0.0005,1,25,0,0.1917,0.888889,8346.37
10883,KB3,ARQ,Default,200,0.0005,1,25,3,0.2076,0.793651,7707.13
10884,KB3,ARQ,Default,200,0.0005,1,25,1,0.198,0.854701,8080.81
10885,KB3,ARQ,Default,200,0.0005,1,25,0,0.1938,0.888889,8255.93
10886,KB3,ARQ,Default,200,0.0005,1,25,1,0.1959,0.854701,8167.43
10887,KB3,ARQ,Default,200,0.0005,1,25,0,0.1932,0.888889,8281.57
10888,KB3,ARQ,Default,200,0.0005,1,25,0,0.1932,0.888889,8281.57
10889,KB3,ARQ,Default,200,0.0005,1,25,1,0.1981,0.854701,8076.73
10890,KB3,ARQ,Default,200,0.0005,1,25,0,0.1928,0.888889,8298.76
10891,KB3,ARQ,Default,200,0.0005,1,25,1,0.1976,0.854701,8097.17
10892,KB3,ARQ,Default,200,0.0005,1,25,1,0.1971,0.854701,8117.71
10893,KB3,ARQ,Default,200,0.0005,1,25,0,0.2017,0.888889,7932.57
10894,KB3,ARQ,Default,200,0.0005,1,25,1,0.1961,0.854701,8159.1
10895,KB3,ARQ,Default,200,0.0005,1,25,1,0.1962,0.854701,8154.94
10896,KB3,ARQ,Default,200,0.0005,1,25,0,0.1927,0.888889,8303.06
10897,KB3,ARQ,Default,200,0.0005,1,25,2,0.25,0.823045,6400
10898,KB3,ARQ,Default,200,0.0005,1,25,2,0.204,0.823045,7843.14
10899,KB3,ARQ,Default,200,0.0005,1,25,0,0.1929,0.888889,8294.45
10900,KB3,ARQ,Default,200,0.0005,1,25,2,0.2055,0.823045,7785.89
10901,KB3,ARQ,Default,200,0.0005,1,25,1,0.1957,0.854701,8175.78
10902,KB3,ARQ,Default,200,0.0005,1,25,4,0.2105,0.766284,7600.95
10903,KB3,ARQ,Default,200,0.0005,1,25,1,0.1963,0.854701,8150.79
10904,KB3,ARQ,Default,200,0.0005,1,25,0,0.1924,0.888889,8316.01
10905,KB3,ARQ,Default,200,0.0005,1,25,1,0.1953,0.854701,8192.52
10906,KB3,ARQ,Default,200,0.0005,1,25,1,0.1971,0.854701,8117.71
10907,KB3,ARQ,Default,200,0.0005,1,25,2,0.2067,0.823045,7740.69
10908,KB3,ARQ,Default,200,0.0005,1,25,0,0.1956,0.888889,8179.96
10909,KB3,ARQ,Default,200,0.0005,1,25,0,0.1941,0.888889,8243.17
10910,KB3,ARQ,Default,200,0.0005,1,25,0,0.193,0.888889,8290.16
10911,KB3,ARQ,Default,200,0.0005,1,25,0,0.1947,0.888889,8217.77
10912,KB3,ARQ,Default,200,0.0005,1,25,0,0.1937,0.888889,8260.2
10913,KB3,ARQ,Default,200,0.0005,1,25,1,0.1957,0.854701,8175.78
10914,KB3,ARQ,Default,200,0.0005,1,25,0,0.1926,0.888889,8307.37
10915,KB3,ARQ,Default,200,0.0005,1,25,3,0.2079,0.793651,7696.01
10916,KB3,ARQ,Default,200,0.0005,1,25,0,0.1929,0.888889,8294.45
10917,KB3,ARQ,Default,200,0.0005,1,25,1,0.1966,0.854701,8138.35
10918,KB3,ARQ,Default,200,0.0005,1,25,1,0.1954,0.854701,8188.33
10919,KB3,ARQ,Default,200,0.0005,1,25,1,0.1969,0.854701,8125.95
10920,KB3,ARQ,Default,200,0.0005,1,25,1,0.1951,0.854701,8200.92
10921,KB3,ARQ,Default,200,0.0005,1,25,2,0.2029,0.823045,7885.66
10922,KB3,ARQ,Default,200,0.0005,1,25,0,0.1941,0.888889,8243.17
10923,KB3,ARQ,Default,200,0.0005,1,25,3,0.2086,0.793651,7670.18
10924,KB3,ARQ,Default,200,0.0005,1,25,1,0.1961,0.854701,8159.1
10925,KB3,ARQ,Default,200,0.0005,1,25,1,0.1949,0.854701,8209.34
10926,KB3,ARQ,Default,200,0.0005,1,25,1,0.1959,0.854701,8167.43
10927,KB3,ARQ,Default,200,0.0005,1,25,4,0.212,0.766284,7547.17
10928,KB3,ARQ,Default,200,0.0005,1,25,0,0.1916,0.888889,8350.73
10929,KB3,ARQ,Default,200,0.0005,1,25,1,0.1948,0.854701,8213.55
10930,KB3,ARQ,Default,200,0.0005,1,25,0,0.1946,0.888889,8221.99
10931,KB3,ARQ,Default,200,0.0005,1,25,1,0.1991,0.854701,8036.16
10932,KB3,ARQ,Default,200,0.0005,1,25,0,0.1931,0.888889,8285.86
10933,KB3,ARQ,Default,200,0.0005,1,25,3,0.207,0.793651,7729.47
10934,KB3,ARQ,Default,200,0.0005,1,25,0,0.1934,0.888889,8273.01
10935,KB3,ARQ,Default,200,0.0005,1,25,0,0.1949,0.888889,8209.34
10936,KB3,ARQ,Default,200,0.0005,1,25,1,0.1962,0.854701,8154.94
10937,KB3,ARQ,Default,200,0.0005,1,25,0,0.1937,0.888889,8260.2
10938,KB3,ARQ,Default,200,0.0005,1,25,0,0.1935,0.888889,8268.73
10939,KB3,ARQ,Default,200,0.0005,1,25,1,0.1973,0.854701,8109.48
10940,KB3,ARQ,Default,200,0.0005,1,25,2,0.203,0.823045,7881.77
10941,KB3,ARQ,Default,200,0.0005,1,25,1,0.1956,0.854701,8179.96
10942,KB3,ARQ,Default,200,0.0005,1,25,0,0.195,0.888889,8205.13
10943,KB3,ARQ,Default,200,0.0005,1,25,1,0.1977,0.854701,8093.07
10944,KB3,ARQ,Default,200,0.0005,1,25,0,0.1934,0.888889,8273.01
10945,KB3,ARQ,Default,200,0.0005,1,25,1,0.1968,0.854701,8130.08
10946,KB3,ARQ,Default,200,0.0005,1,25,1,0.1992,0.854701,8032.13
10947,KB3,ARQ,Default,200,0.0005,1,25,0,0.1938,0.888889,8255.93
10948,KB3,ARQ,Default,200,0.0005,1,25,1,0.1965,0.854701,8142.49
10949,KB3,ARQ,Default,200,0.0005,1,25,0,0.1936,0.888889,8264.46
10950,KB3,ARQ,Default,200,0.0005,1,25,2,0.2062,0.823045,7759.46
10951,KB3,ARQ,Default,200,0.0005,1,25,2,0.2051,0.823045,7801.07
10952,KB3,ARQ,Default,200,0.0005,1,25,0,0.193,0.888889,8290.16
10953,KB3,ARQ,Default,200,0.0005,1,25,3,0.2067,0.793651,7740.69
10954,KB3,ARQ,Default,200,0.0005,1,25,0,0.195,0.888889,8205.13
10955,KB3,ARQ,Default,200,0.0005,1,25,0,0.1931,0.888889,8285.86
10956,KB3,ARQ,Default,200,0.0005,1,25,1,0.1958,0.854701,8171.6
10957,KB3,ARQ,Default,200,0.0005,1,25,0,0.1917,0.888889,8346.37
10958,KB3,ARQ,Default,200,0.0005,1,25,0,0.219,0.888889,7305.94
10959,KB3,ARQ,Default,200,0.0005,1,25,0,0.1947,0.888889,8217.77
10960,KB3,ARQ,Default,200,0.0005,1,25,1,0.1956,0.854701,8179.96
10961,KB3,ARQ,Default,200,0.0005,1,25,1,0.1957,0.854701,8175.78
10962,KB3,ARQ,Default,200,0.0005,1,25,0,0.1935,0.888889,8268.73
10963,KB3,ARQ,Default,200,0.0005,1,25,0,0.1937,0.888889,8260.2
10964,KB3,ARQ,Default,200,0.0005,1,25,1,0.1967,0.854701,8134.21
10965,KB3,ARQ,Default,200,0.0005,1,25,2,0.2057,0.823045,7778.32
10966,KB3,ARQ,Default,200,0.0005,1,25,0,0.1931,0.888889,8285.86
10967,KB3,ARQ,Default,200,0.0005,1,25,1,0.1978,0.854701,8088.98
10968,KB3,ARQ,Default,200,0.0005,1,25,1,0.1955,0.854701,8184.14
10969,KB3,ARQ,Default,200,0.0005,1,25,1,0.1974,0.854701,8105.37
10970,KB3,ARQ,Default,200,0.0005,1,25,0,0.1937,0.888889,8260.2
10971,KB3,ARQ,Default,200,0.0005,1,25,1,0.1963,0.854701,8150.79
10972,KB3,ARQ,Default,200,0.0005,1,25,0,0.1918,0.888889,8342.02
10973,KB3,ARQ,Default,200,0.0005,1,25,2,0.2061,0.823045,7763.22
10974,KB3,ARQ,Default,200,0.0005,1,25,2,0.2067,0.823045,7740.69
10975,KB3,ARQ,Default,200,0.0005,1,25,2,0.2052,0.823045,7797.27
10976,KB3,ARQ,Default,200,0.0005,1,25,0,0.1933,0.888889,8277.29
10977,KB3,ARQ,Default,200,0.0005,1,25,0,0.1926,0.888889,8307.37
10978,KB3,ARQ,Default,200,0.0005,1,25,1,0.1967,0.854701,8134.21
10979,KB3,ARQ,Default,200,0.0005,1,25,2,0.2031,0.823045,7877.89
10980,KB3,ARQ,Default,200,0.0005,1,25,0,0.1924,0.888889,8316.01
10981,KB3,ARQ,Default,200,0.0005,1,25,1,0.1964,0.854701,8146.64
10982,KB3,ARQ,Default,200,0.0005,1,25,2,0.2036,0.823045,7858.55
10983,KB3,ARQ,Default,200,0.0005,1,25,0,0.1928,0.888889,8298.76
10984,KB3,ARQ,Default,200,0.0005,1,25,1,0.1985,0.854701,8060.45
10985,KB3,ARQ,Default,200,0.0005,1,25,0,0.1925,0.888889,8311.69
10986,KB3,ARQ,Default,200,0.0005,1,25,0,0.1939,0.888889,8251.68
10987,KB3,ARQ,Default,200,0.0005,1,25,0,0.1932,0.888889,8281.57
10988,KB3,ARQ,Default,200,0.0005,1,25,1,0.1978,0.854701,8088.98
10989,KB3,ARQ,Default,200,0.0005,1,25,0,0.1927,0.888889,8303.06
10990,KB3,ARQ,Default,200,0.0005,1,25,0,0.1939,0.888889,8251.68
10991,KB3,ARQ,Default,200,0.0005,1,25,1,0.1965,0.854701,8142.49
10992,KB3,ARQ,Default,200,0.0005,1,25,0,0.1973,0.888889,8109.48
10993,KB3,ARQ,Default,200,0.0005,1,25,1,0.1973,0.854701,8109.48
10994,KB3,ARQ,Default,200,0.0005,1,25,1,0.1972,0.854701,8113.59
10995,KB3,ARQ,Default,200,0.0005,1,25,0,0.1928,0.888889,8298.76
10996,KB3,ARQ,Default,200,0.0005,1,25,1,0.1966,0.854701,8138.35
10997,KB3,ARQ,Default,200,0.0005,1,25,1,0.1951,0.854701,8200.92
10998,KB3,ARQ,Default,200,0.0005,1,25,0,0.1929,0.888889,8294.45
10999,KB3,ARQ,Default,200,0.0005,1,25,1,0.1967,0.854701,8134.21
11000,KB3,ARQ,Default,200,0.0005,1,25,1,0.1956,0.854701,8179.96
11001,KB3,HARQ,Default,200,0.0005,1,25,0,1.8723,0.888889,854.564
11002,KB3,HARQ,Default,200,0.0005,1,25,0,1.8931,0.888889,845.175
11003,KB3,HARQ,Default,200,0.0005,1,25,0,1.9642,0.888889,814.581
11004,KB3,HARQ,Default,200,0.0005,1,25,0,1.8955,0.888889,844.104
11005,KB3,HARQ,Default,200,0.0005,1,25,0,1.8931,0.888889,845.175
11006,KB3,HARQ,Default,200,0.0005,1,25,1,1.957,0.854701,817.578
11007,KB3,HARQ,Default,200,0.0005,1,25,0,1.9355,0.888889,826.66
11008,KB3,HARQ,Default,200,0.0005,1,25,0,1.8978,0.888889,843.081
11009,KB3,HARQ,Default,200,0.0005,1,25,0,1.899,0.888889,842.549
11010,KB3,HARQ,Default,200,0.0005,1,25,0,1.9107,0.888889,837.389
11011,KB3,HARQ,Default,200,0.0005,1,25,0,2.0591,0.888889,777.039
11012,KB3,HARQ,Default,200,0.0005,1,25,0,1.9142,0.888889,835.858
11013,KB3,HARQ,Default,200,0.0005,1,25,0,1.9069,0.888889,839.058
11014,KB3,HARQ,Default,200,0.0005,1,25,0,1.9151,0.888889,835.466
11015,KB3,HARQ,Default,200,0.0005,1,25,0,1.9009,0.888889,841.707
11016,KB3,HARQ,Default,200,0.0005,1,25,0,1.8911,0.888889,846.068
11017,KB3,HARQ,Default,200,0.0005,1,25,0,1.9091,0.888889,838.091
11018,KB3,HARQ,Default,200,0.0005,1,25,0,1.8892,0.888889,846.919
11019,KB3,HARQ,Default,200,0.0005,1,25,0,2.0992,0.888889,762.195
11020,KB3,HARQ,Default,200,0.0005,1,25,0,1.9192,0.888889,833.681
11021,KB3,HARQ,Default,200,0.0005,1,25,0,1.9257,0.888889,830.867
11022,KB3,HARQ,Default,200,0.0005,1,25,0,1.893,0.888889,845.219
11023,KB3,HARQ,Default,200,0.0005,1,25,0,1.9379,0.888889,825.636
11024,KB3,HARQ,Default,200,0.0005,1,25,0,1.8983,0.888889,842.859
11025,KB3,HARQ,Default,200,0.0005,1,25,0,1.9087,0.888889,838.267
11026,KB3,HARQ,Default,200,0.0005,1,25,0,1.9223,0.888889,832.336
11027,KB3,HARQ,Default,200,0.0005,1,25,0,1.9371,0.888889,825.977
11028,KB3,HARQ,Default,200,0.0005,1,25,0,1.9071,0.888889,838.97
11029,KB3,HARQ,Default,200,0.0005,1,25,0,1.9006,0.888889,841.839
11030,KB3,HARQ,Default,200,0.0005,1,25,0,1.8856,0.888889,848.536
11031,KB3,HARQ,Default,200,0.0005,1,25,0,1.8882,0.888889,847.368
11032,KB3,HARQ,Default,200,0.0005,1,25,0,1.9037,0.888889,840.469
11033,KB3,HARQ,Default,200,0.0005,1,25,0,1.8977,0.888889,843.126
11034,KB3,HARQ,Default,200,0.0005,1,25,0,1.8939,0.888889,844.818
11035,KB3,HARQ,Default,200,0.0005,1,25,0,2.2198,0.888889,720.786
11036,KB3,HARQ,Default,200,0.0005,1,25,0,1.9702,0.888889,812.1
11037,KB3,HARQ,Default,200,0.0005,1,25,0,1.8909,0.888889,846.158
11038,KB3,HARQ,Default,200,0.0005,1,25,0,1.8856,0.888889,848.536
11039,KB3,HARQ,Default,200,0.0005,1,25,0,1.8982,0.888889,842.904
11040,KB3,HARQ,Default,200,0.0005,1,25,0,1.8882,0.888889,847.368
11041,KB3,HARQ,Default,200,0.0005,1,25,0,1.8965,0.888889,843.659
11042,KB3,HARQ,Default,200,0.0005,1,25,0,1.8838,0.888889,849.347
11043,KB3,HARQ,Default,200,0.0005,1,25,0,2.119,0.888889,755.073
11044,KB3,HARQ,Default,200,0.0005,1,25,0,1.8843,0.888889,849.122
11045,KB3,HARQ,Default,200,0.0005,1,25,0,1.8957,0.888889,844.015
11046,KB3,HARQ,Default,200,0.0005,1,25,0,1.9185,0.888889,833.985
11047,KB3,HARQ,Default,200,0.0005,1,25,0,1.8834,0.888889,849.527
11048,KB3,HARQ,Default,200,0.0005,1,25,0,1.8953,0.888889,844.194
11049,KB3,HARQ,Default,200,0.0005,1,25,0,1.9127,0.888889,836.514
11050,KB3,HARQ,Default,200,0.0005,1,25,0,1.8976,0.888889,843.17
11051,KB3,HARQ,Default,200,0.0005,1,25,0,1.963,0.888889,815.079
11052,KB3,HARQ,Default,200,0.0005,1,25,0,1.8807,0.888889,850.747
11053,KB3,HARQ,Default,200,0.0005,1,25,0,1.8894,0.888889,846.83
11054,KB3,HARQ,Default,200,0.0005,1,25,0,1.9143,0.888889,835.815
11055,KB3,HARQ,Default,200,0.0005,1,25,0,1.9002,0.888889,842.017
11056,KB3,HARQ,Default,200,0.0005,1,25,0,1.904,0.888889,840.336
11057,KB3,HARQ,Default,200,0.0005,1,25,0,1.9144,0.888889,835.771
11058,KB3,HARQ,Default,200,0.0005,1,25,0,1.9085,0.888889,838.355
11059,KB3,HARQ,Default,200,0.0005,1,25,0,1.9556,0.888889,818.163
11060,KB3,HARQ,Default,200,0.0005,1,25,0,1.8873,0.888889,847.772
11061,KB3,HARQ,Default,200,0.0005,1,25,0,1.8907,0.888889,846.247
11062,KB3,HARQ,Default,200,0.0005,1,25,0,1.8854,0.888889,848.626
11063,KB3,HARQ,Default,200,0.0005,1,25,0,1.8961,0.888889,843.837
11064,KB3,HARQ,Default,200,0.0005,1,25,0,1.8955,0.888889,844.104
11065,KB3,HARQ,Default,200,0.0005,1,25,0,1.9238,0.888889,831.687
11066,KB3,HARQ,Default,200,0.0005,1,25,0,1.8838,0.888889,849.347
11067,KB3,HARQ,Default,200,0.0005,1,25,0,1.9573,0.888889,817.453
11068,KB3,HARQ,Default,200,0.0005,1,25,0,1.9036,0.888889,840.513
11069,KB3,HARQ,Default,200,0.0005,1,25,0,1.8841,0.888889,849.212
11070,KB3,HARQ,Default,200,0.0005,1,25,0,1.8987,0.888889,842.682
11071,KB3,HARQ,Default,200,0.0005,1,25,0,1.911,0.888889,837.258
11072,KB3,HARQ,Default,200,0.0005,1,25,0,1.9072,0.888889,838.926
11073,KB3,HARQ,Default,200,0.0005,1,25,0,1.8851,0.888889,848.761
11074,KB3,HARQ,Default,200,0.0005,1,25,0,1.9013,0.888889,841.529
11075,KB3,HARQ,Default,200,0.0005,1,25,0,2.1339,0.888889,749.801
11076,KB3,HARQ,Default,200,0.0005,1,25,0,1.8884,0.888889,847.278
11077,KB3,HARQ,Default,200,0.0005,1,25,0,1.8986,0.888889,842.726
11078,KB3,HARQ,Default,200,0.0005,1,25,0,1.8939,0.888889,844.818
11079,KB3,HARQ,Default,200,0.0005,1,25,0,1.9055,0.888889,839.675
11080,KB3,HARQ,Default,200,0.0005,1,25,0,1.8795,0.888889,851.29
11081,KB3,HARQ,Default,200,0.0005,1,25,0,1.902,0.888889,841.22
11082,KB3,HARQ,Default,200,0.0005,1,25,0,2.0131,0.888889,794.794
11083,KB3,HARQ,Default,200,0.0005,1,25,0,1.9299,0.888889,829.059
11084,KB3,HARQ,Default,200,0.0005,1,25,0,1.9367,0.888889,826.148
11085,KB3,HARQ,Default,200,0.0005,1,25,0,1.9262,0.888889,830.651
11086,KB3,HARQ,Default,200,0.0005,1,25,0,1.9429,0.888889,823.511
11087,KB3,HARQ,Default,200,0.0005,1,25,0,1.9426,0.888889,823.638
11088,KB3,HARQ,Default,200,0.0005,1,25,0,1.9387,0.888889,825.295
11089,KB3,HARQ,Default,200,0.0005,1,25,0,1.9441,0.888889,823.003
11090,KB3,HARQ,Default,200,0.0005,1,25,0,1.9367,0.888889,826.148
11091,KB3,HARQ,Default,200,0.0005,1,25,0,1.9716,0.888889,811.524
11092,KB3,HARQ,Default,200,0.0005,1,25,0,1.9342,0.888889,827.215
11093,KB3,HARQ,Default,200,0.0005,1,25,0,1.9452,0.888889,822.538
11094,KB3,HARQ,Default,200,0.0005,1,25,0,1.9318,0.888889,828.243
11095,KB3,HARQ,Default,200,0.0005,1,25,0,1.9442,0.888889,822.961
11096,KB3,HARQ,Default,200,0.0005,1,25,0,1.9381,0.888889,825.551
11097,KB3,HARQ,Default,200,0.0005,1,25,0,1.9406,0.888889,824.487
11098,KB3,HARQ,Default,200,0.0005,1,25,0,1.932,0.888889,828.157
11099,KB3,HARQ,Default,200,0.0005,1,25,0,2.0153,0.888889,793.926
11100,KB3,HARQ,Default,200,0.0005,1,25,0,1.9988,0.888889,800.48
11101,KB3,HARQ,Default,200,0.0005,1,25,0,1.9259,0.888889,830.78
11102,KB3,HARQ,Default,200,0.0005,1,25,0,1.9453,0.888889,822.495
11103,KB3,HARQ,Default,200,0.0005,1,25,1,2.0094,0.854701,796.258
11104,KB3,HARQ,Default,200,0.0005,1,25,0,1.9487,0.888889,821.06
11105,KB3,HARQ,Default,200,0.0005,1,25,0,1.9218,0.888889,832.553
11106,KB3,HARQ,Default,200,0.0005,1,25,0,1.9244,0.888889,831.428
11107,KB3,HARQ,Default,200,0.0005,1,25,0,2.0256,0.888889,789.889
11108,KB3,HARQ,Default,200,0.0005,1,25,0,2.0032,0.888889,798.722
11109,KB3,HARQ,Default,200,0.0005,1,25,0,1.9558,0.888889,818.08
11110,KB3,HARQ,Default,200,0.0005,1,25,0,1.9264,0.888889,830.565
11111,KB3,HARQ,Default,200,0.0005,1,25,0,1.9233,0.888889,831.903
11112,KB3,HARQ,Default,200,0.0005,1,25,0,1.9237,0.888889,831.731
11113,KB3,HARQ,Default,200,0.0005,1,25,0,1.948,0.888889,821.355
11114,KB3,HARQ,Default,200,0.0005,1,25,0,1.95,0.888889,820.513
11115,KB3,HARQ,Default,200,0.0005,1,25,0,2.0076,0.888889,796.972
11116,KB3,HARQ,Default,200,0.0005,1,25,0,1.9264,0.888889,830.565
11117,KB3,HARQ,Default,200,0.0005,1,25,0,1.9275,0.888889,830.091
11118,KB3,HARQ,Default,200,0.0005,1,25,0,1.9353,0.888889,826.745
11119,KB3,HARQ,Default,200,0.0005,1,25,0,1.9358,0.888889,826.532
11120,KB3,HARQ,Default,200,0.0005,1,25,0,1.958,0.888889,817.16
11121,KB3,HARQ,Default,200,0.0005,1,25,0,1.9457,0.888889,822.326
11122,KB3,HARQ,Default,200,0.0005,1,25,0,1.9505,0.888889,820.302
11123,KB3,HARQ,Default,200,0.0005,1,25,0,1.9442,0.888889,822.961
11124,KB3,HARQ,Default,200,0.0005,1,25,0,1.9422,0.888889,823.808
11125,KB3,HARQ,Default,200,0.0005,1,25,0,1.9541,0.888889,818.791
11126,KB3,HARQ,Default,200,0.0005,1,25,0,1.9423,0.888889,823.766
11127,KB3,HARQ,Default,200,0.0005,1,25,0,1.9351,0.888889,826.831
11128,KB3,HARQ,Default,200,0.0005,1,25,0,1.9509,0.888889,820.134
11129,KB3,HARQ,Default,200,0.0005,1,25,0,1.9497,0.888889,820.639
11130,KB3,HARQ,Default,200,0.0005,1,25,0,1.9499,0.888889,820.555
11131,KB3,HARQ,Default,200,0.0005,1,25,0,1.9505,0.888889,820.302
11132,KB3,HARQ,Default,200,0.0005,1,25,0,1.958,0.888889,817.16
11133,KB3,HARQ,Default,200,0.0005,1,25,0,1.9424,0.888889,823.723
11134,KB3,HARQ,Default,200,0.0005,1,25,0,1.9435,0.888889,823.257
11135,KB3,HARQ,Default,200,0.0005,1,25,0,1.9544,0.888889,818.666
11136,KB3,HARQ,Default,200,0.0005,1,25,0,1.9307,0.888889,828.715
11137,KB3,HARQ,Default,200,0.0005,1,25,0,1.9266,0.888889,830.479
11138,KB3,HARQ,Default,200,0.0005,1,25,0,1.9684,0.888889,812.843
11139,KB3,HARQ,Default,200,0.0005,1,25,0,1.9558,0.888889,818.08
11140,KB3,HARQ,Default,200,0.0005,1,25,0,1.9555,0.888889,818.205
11141,KB3,HARQ,Default,200,0.0005,1,25,0,1.9392,0.888889,825.083
11142,KB3,HARQ,Default,200,0.0005,1,25,0,1.9275,0.888889,830.091
11143,KB3,HARQ,Default,200,0.0005,1,25,0,1.9272,0.888889,830.22
11144,KB3,HARQ,Default,200,0.0005,1,25,0,1.9264,0.888889,830.565
11145,KB3,HARQ,Default,200,0.0005,1,25,0,1.9242,0.888889,831.514
11146,KB3,HARQ,Default,200,0.0005,1,25,0,1.9641,0.888889,814.622
11147,KB3,HARQ,Default,200,0.0005,1,25,0,1.9255,0.888889,830.953
11148,KB3,HARQ,Default,200,0.0005,1,25,0,1.9654,0.888889,814.084
11149,KB3,HARQ,Default,200,0.0005,1,25,0,1.9391,0.888889,825.125
11150,KB3,HARQ,Default,200,0.0005,1,25,0,1.9389,0.888889,825.21
11151,KB3,HARQ,Default,200,0.0005,1,25,0,1.9265,0.888889,830.522
11152,KB3,HARQ,Default,200,0.0005,1,25,0,1.9449,0.888889,822.664
11153,KB3,HARQ,Default,200,0.0005,1,25,0,1.9505,0.888889,820.302
11154,KB3,HARQ,Default,200,0.0005,1,25,0,1.9466,0.888889,821.946
11155,KB3,HARQ,Default,200,0.0005,1,25,0,1.9405,0.888889,824.53
11156,KB3,HARQ,Default,200,0.0005,1,25,0,1.9492,0.888889,820.85
11157,KB3,HARQ,Default,200,0.0005,1,25,0,1.9472,0.888889,821.693
11158,KB3,HARQ,Default,200,0.0005,1,25,0,1.9435,0.888889,823.257
11159,KB3,HARQ,Default,200,0.0005,1,25,0,1.9491,0.888889,820.892
11160,KB3,HARQ,Default,200,0.0005,1,25,0,1.942,0.888889,823.893
11161,KB3,HARQ,Default,200,0.0005,1,25,0,1.976,0.888889,809.717
11162,KB3,HARQ,Default,200,0.0005,1,25,0,1.9475,0.888889,821.566
11163,KB3,HARQ,Default,200,0.0005,1,25,0,1.9278,0.888889,829.962
11164,KB3,HARQ,Default,200,0.0005,1,25,0,1.9297,0.888889,829.144
11165,KB3,HARQ,Default,200,0.0005,1,25,0,1.9383,0.888889,825.466
11166,KB3,HARQ,Default,200,0.0005,1,25,0,1.9296,0.888889,829.187
11167,KB3,HARQ,Default,200,0.0005,1,25,0,1.9439,0.888889,823.088
11168,KB3,HARQ,Default,200,0.0005,1,25,0,1.9244,0.888889,831.428
11169,KB3,HARQ,Default,200,0.0005,1,25,0,1.9493,0.888889,820.807
11170,KB3,HARQ,Default,200,0.0005,1,25,0,1.9255,0.888889,830.953
11171,KB3,HARQ,Default,200,0.0005,1,25,0,1.9431,0.888889,823.426
11172,KB3,HARQ,Default,200,0.0005,1,25,0,1.9541,0.888889,818.791
11173,KB3,HARQ,Default,200,0.0005,1,25,0,1.9546,0.888889,818.582
11174,KB3,HARQ,Default,200,0.0005,1,25,0,1.9387,0.888889,825.295
11175,KB3,HARQ,Default,200,0.0005,1,25,0,1.9329,0.888889,827.772
11176,KB3,HARQ,Default,200,0.0005,1,25,0,1.9312,0.888889,828.5
11177,KB3,HARQ,Default,200,0.0005,1,25,0,2.0035,0.888889,798.602
11178,KB3,HARQ,Default,200,0.0005,1,25,0,2.0004,0.888889,799.84
11179,KB3,HARQ,Default,200,0.0005,1,25,0,1.9512,0.888889,820.008
11180,KB3,HARQ,Default,200,0.0005,1,25,0,1.946,0.888889,822.199
11181,KB3,HARQ,Default,200,0.0005,1,25,0,1.9252,0.888889,831.082
11182,KB3,HARQ,Default,200,0.0005,1,25,0,1.9286,0.888889,829.617
11183,KB3,HARQ,Default,200,0.0005,1,25,0,1.9058,0.888889,839.542
11184,KB3,HARQ,Default,200,0.0005,1,25,0,1.9102,0.888889,837.609
11185,KB3,HARQ,Default,200,0.0005,1,25,0,1.9428,0.888889,823.554
11186,KB3,HARQ,Default,200,0.0005,1,25,0,1.8959,0.888889,843.926
11187,KB3,HARQ,Default,200,0.0005,1,25,0,1.9079,0.888889,838.618
11188,KB3,HARQ,Default,200,0.0005,1,25,0,1.8997,0.888889,842.238
11189,KB3,HARQ,Default,200,0.0005,1,25,0,1.8886,0.888889,847.188
11190,KB3,HARQ,Default,200,0.0005,1,25,0,1.9268,0.888889,830.392
11191,KB3,HARQ,Default,200,0.0005,1,25,0,1.9042,0.888889,840.248
11192,KB3,HARQ,Default,200,0.0005,1,25,0,1.9115,0.888889,837.039
11193,KB3,HARQ,Default,200,0.0005,1,25,0,1.9488,0.888889,821.018
11194,KB3,HARQ,Default,200,0.0005,1,25,0,1.8884,0.888889,847.278
11195,KB3,HARQ,Default,200,0.0005,1,25,0,1.889,0.888889,847.009
11196,KB3,HARQ,Default,200,0.0005,1,25,0,1.8895,0.888889,846.785
11197,KB3,HARQ,Default,200,0.0005,1,25,0,1.9045,0.888889,840.116
11198,KB3,HARQ,Default,200,0.0005,1,25,0,1.9106,0.888889,837.433
11199,KB3,HARQ,Default,200,0.0005,1,25,0,1.9153,0.888889,835.378
11200,KB3,HARQ,Default,200,0.0005,1,25,0,1.8913,0.888889,845.979
11201,KB3,HARQ,Default,200,0.0005,1,25,0,1.8981,0.888889,842.948
11202,KB3,HARQ,Default,200,0.0005,1,25,0,1.8841,0.888889,849.212
11203,KB3,HARQ,Default,200,0.0005,1,25,0,1.8745,0.888889,853.561
11204,KB3,HARQ,Default,200,0.0005,1,25,0,1.8983,0.888889,842.859
11205,KB3,HARQ,Default,200,0.0005,1,25,0,1.8778,0.888889,852.061
11206,KB3,HARQ,Default,200,0.0005,1,25,0,1.9062,0.888889,839.366
11207,KB3,HARQ,Default,200,0.0005,1,25,0,1.8933,0.888889,845.085
11208,KB3,HARQ,Default,200,0.0005,1,25,0,1.8965,0.888889,843.659
11209,KB3,HARQ,Default,200,0.0005,1,25,0,1.9519,0.888889,819.714
11210,KB3,HARQ,Default,200,0.0005,1,25,0,1.8999,0.888889,842.15
11211,KB3,HARQ,Default,200,0.0005,1,25,0,1.8991,0.888889,842.504
11212,KB3,HARQ,Default,200,0.0005,1,25,0,1.8825,0.888889,849.934
11213,KB3,HARQ,Default,200,0.0005,1,25,0,1.9104,0.888889,837.521
11214,KB3,HARQ,Default,200,0.0005,1,25,0,1.9081,0.888889,838.53
11215,KB3,HARQ,Default,200,0.0005,1,25,0,1.9019,0.888889,841.264
11216,KB3,HARQ,Default,200,0.0005,1,25,0,1.8971,0.888889,843.393
11217,KB3,HARQ,Default,200,0.0005,1,25,0,1.9456,0.888889,822.368
11218,KB3,HARQ,Default,200,0.0005,1,25,0,1.9034,0.888889,840.601
11219,KB3,HARQ,Default,200,0.0005,1,25,0,1.8968,0.888889,843.526
11220,KB3,HARQ,Default,200,0.0005,1,25,0,1.911,0.888889,837.258
11221,KB3,HARQ,Default,200,0.0005,1,25,0,1.8884,0.888889,847.278
11222,KB3,HARQ,Default,200,0.0005,1,25,0,1.8941,0.888889,844.728
11223,KB3,HARQ,Default,200,0.0005,1,25,0,1.8862,0.888889,848.266
11224,KB3,HARQ,Default,200,0.0005,1,25,0,1.9105,0.888889,837.477
11225,KB3,HARQ,Default,200,0.0005,1,25,0,1.9715,0.888889,811.565
11226,KB3,HARQ,Default,200,0.0005,1,25,0,1.8922,0.888889,845.577
11227,KB3,HARQ,Default,200,0.0005,1,25,0,1.8907,0.888889,846.247
11228,KB3,HARQ,Default,200,0.0005,1,25,0,1.8936,0.888889,844.951
11229,KB3,HARQ,Default,200,0.0005,1,25,0,1.9202,0.888889,833.247
11230,KB3,HARQ,Default,200,0.0005,1,25,0,1.9065,0.888889,839.234
11231,KB3,HARQ,Default,200,0.0005,1,25,0,1.9089,0.888889,838.179
11232,KB3,HARQ,Default,200,0.0005,1,25,0,1.8968,0.888889,843.526
11233,KB3,HARQ,Default,200,0.0005,1,25,0,2.0868,0.888889,766.724
11234,KB3,HARQ,Default,200,0.0005,1,25,0,1.8805,0.888889,850.838
11235,KB3,HARQ,Default,200,0.0005,1,25,0,1.8455,0.888889,866.974
11236,KB3,HARQ,Default,200,0.0005,1,25,0,1.8627,0.888889,858.968
11237,KB3,HARQ,Default,200,0.0005,1,25,0,1.86,0.888889,860.215
11238,KB3,HARQ,Default,200,0.0005,1,25,0,1.8941,0.888889,844.728
11239,KB3,HARQ,Default,200,0.0005,1,25,0,1.8813,0.888889,850.476
11240,KB3,HARQ,Default,200,0.0005,1,25,0,1.8495,0.888889,865.099
11241,KB3,HARQ,Default,200,0.0005,1,25,0,2.0201,0.888889,792.04
11242,KB3,HARQ,Default,200,0.0005,1,25,0,1.8638,0.888889,858.461
11243,KB3,HARQ,Default,200,0.0005,1,25,0,1.8898,0.888889,846.65
11244,KB3,HARQ,Default,200,0.0005,1,25,0,1.8974,0.888889,843.259
11245,KB3,HARQ,Default,200,0.0005,1,25,0,1.8615,0.888889,859.522
11246,KB3,HARQ,Default,200,0.0005,1,25,0,1.8392,0.888889,869.943
11247,KB3,HARQ,Default,200,0.0005,1,25,0,1.8492,0.888889,865.239
11248,KB3,HARQ,Default,200,0.0005,1,25,0,1.8967,0.888889,843.57
11249,KB3,HARQ,Default,200,0.0005,1,25,0,1.9699,0.888889,812.224
11250,KB3,HARQ,Default,200,0.0005,1,25,0,2.6899,0.888889,594.818
11251,KB3,HARQ,Default,200,0.0005,1,25,0,1.8605,0.888889,859.984
11252,KB3,HARQ,Default,200,0.0005,1,25,0,1.8563,0.888889,861.93
11253,KB3,HARQ,Default,200,0.0005,1,25,0,1.8739,0.888889,853.834
11254,KB3,HARQ,Default,200,0.0005,1,25,0,1.8686,0.888889,856.256
11255,KB3,HARQ,Default,200,0.0005,1,25,0,1.8587,0.888889,860.817
11256,KB3,HARQ,Default,200,0.0005,1,25,0,1.8636,0.888889,858.553
11257,KB3,HARQ,Default,200,0.0005,1,25,0,1.9789,0.888889,808.53
11258,KB3,HARQ,Default,200,0.0005,1,25,0,1.8972,0.888889,843.348
11259,KB3,HARQ,Default,200,0.0005,1,25,0,1.8806,0.888889,850.792
11260,KB3,HARQ,Default,200,0.0005,1,25,0,1.8587,0.888889,860.817
11261,KB3,HARQ,Default,200,0.0005,1,25,0,1.8483,0.888889,865.66
11262,KB3,HARQ,Default,200,0.0005,1,25,1,1.9305,0.854701,828.801
11263,KB3,HARQ,Default,200,0.0005,1,25,0,1.8953,0.888889,844.194
11264,KB3,HARQ,Default,200,0.0005,1,25,0,1.868,0.888889,856.531
11265,KB3,HARQ,Default,200,0.0005,1,25,0,1.9111,0.888889,837.214
11266,KB3,HARQ,Default,200,0.0005,1,25,0,1.9246,0.888889,831.342
11267,KB3,HARQ,Default,200,0.0005,1,25,0,1.8403,0.888889,869.423
11268,KB3,HARQ,Default,200,0.0005,1,25,0,1.896,0.888889,843.882
11269,KB3,HARQ,Default,200,0.0005,1,25,0,1.8816,0.888889,850.34
11270,KB3,HARQ,Default,200,0.0005,1,25,0,1.849,0.888889,865.333
11271,KB3,HARQ,Default,200,0.0005,1,25,0,1.8497,0.888889,865.005
11272,KB3,HARQ,Default,200,0.0005,1,25,0,1.8455,0.888889,866.974
11273,KB3,HARQ,Default,200,0.0005,1,25,0,1.9627,0.888889,815.204
11274,KB3,HARQ,Default,200,0.0005,1,25,0,2.091,0.888889,765.184
11275,KB3,HARQ,Default,200,0.0005,1,25,0,1.8714,0.888889,854.975
11276,KB3,HARQ,Default,200,0.0005,1,25,0,1.8461,0.888889,866.692
11277,KB3,HARQ,Default,200,0.0005,1,25,0,1.8532,0.888889,863.371
11278,KB3,HARQ,Default,200,0.0005,1,25,0,1.8923,0.888889,845.532
11279,KB3,HARQ,Default,200,0.0005,1,25,0,1.8802,0.888889,850.973
11280,KB3,HARQ,Default,200,0.0005,1,25,0,1.8612,0.888889,859.66
11281,KB3,HARQ,Default,200,0.0005,1,25,0,1.9764,0.888889,809.553
11282,KB3,HARQ,Default,200,0.0005,1,25,0,1.8855,0.888889,848.581
11283,KB3,HARQ,Default,200,0.0005,1,25,0,1.9663,0.888889,813.711
11284,KB3,HARQ,Default,200,0.0005,1,25,0,1.943,0.888889,823.469
11285,KB3,HARQ,Default,200,0.0005,1,25,0,1.9398,0.888889,824.827
11286,KB3,HARQ,Default,200,0.0005,1,25,0,1.9229,0.888889,832.077
11287,KB3,HARQ,Default,200,0.0005,1,25,0,1.9593,0.888889,816.618
11288,KB3,HARQ,Default,200,0.0005,1,25,0,1.9464,0.888889,822.03
11289,KB3,HARQ,Default,200,0.0005,1,25,0,1.9821,0.888889,807.225
11290,KB3,HARQ,Default,200,0.0005,1,25,0,1.927,0.888889,830.306
11291,KB3,HARQ,Default,200,0.0005,1,25,0,1.9315,0.888889,828.372
11292,KB3,HARQ,Default,200,0.0005,1,25,0,1.9527,0.888889,819.378
11293,KB3,HARQ,Default,200,0.0005,1,25,0,1.9388,0.888889,825.253
11294,KB3,HARQ,Default,200,0.0005,1,25,0,1.9441,0.888889,823.003
11295,KB3,HARQ,Default,200,0.0005,1,25,0,1.9273,0.888889,830.177
11296,KB3,HARQ,Default,200,0.0005,1,25,0,1.9233,0.888889,831.903
11297,KB3,HARQ,Default,200,0.0005,1,25,0,1.9624,0.888889,815.328
11298,KB3,HARQ,Default,200,0.0005,1,25,0,1.9362,0.888889,826.361
11299,KB3,HARQ,Default,200,0.0005,1,25,1,2.0195,0.854701,792.275
11300,KB3,HARQ,Default,200,0.0005,1,25,0,1.9457,0.888889,822.326
11301,KB3,HARQ,Default,200,0.0005,1,25,0,1.9212,0.888889,832.813
11302,KB3,HARQ,Default,200,0.0005,1,25,0,1.9247,0.888889,831.298
11303,KB3,HARQ,Default,200,0.0005,1,25,0,1.9281,0.888889,829.832
11304,KB3,HARQ,Default,200,0.0005,1,25,0,1.9258,0.888889,830.824
11305,KB3,HARQ,Default,200,0.0005,1,25,0,1.9613,0.888889,815.785
11306,KB3,HARQ,Default,200,0.0005,1,25,0,1.939,0.888889,825.168
11307,KB3,HARQ,Default,200,0.0005,1,25,0,1.925,0.888889,831.169
11308,KB3,HARQ,Default,200,0.0005,1,25,0,1.9501,0.888889,820.471
11309,KB3,HARQ,Default,200,0.0005,1,25,0,1.9241,0.888889,831.558
11310,KB3,HARQ,Default,200,0.0005,1,25,0,1.9239,0.888889,831.644
11311,KB3,HARQ,Default,200,0.0005,1,25,0,1.9206,0.888889,833.073
11312,KB3,HARQ,Default,200,0.0005,1,25,0,1.9226,0.888889,832.206
11313,KB3,HARQ,Default,200,0.0005,1,25,0,1.9596,0.888889,816.493
11314,KB3,HARQ,Default,200,0.0005,1,25,0,1.9429,0.888889,823.511
11315,KB3,HARQ,Default,200,0.0005,1,25,0,1.9332,0.888889,827.643
11316,KB3,HARQ,Default,200,0.0005,1,25,0,1.951,0.888889,820.092
11317,KB3,HARQ,Default,200,0.0005,1,25,0,1.92,0.888889,833.333
11318,KB3,HARQ,Default,200,0.0005,1,25,0,1.9329,0.888889,827.772
11319,KB3,HARQ,Default,200,0.0005,1,25,0,1.9266,0.888889,830.479
11320,KB3,HARQ,Default,200,0.0005,1,25,0,1.93,0.888889,829.016
11321,KB3,HARQ,Default,200,0.0005,1,25,0,2.0686,0.888889,773.47
11322,KB3,HARQ,Default,200,0.0005,1,25,0,1.9312,0.888889,828.5
11323,KB3,HARQ,Default,200,0.0005,1,25,0,1.9301,0.888889,828.973
11324,KB3,HARQ,Default,200,0.0005,1,25,0,1.9489,0.888889,820.976
11325,KB3,HARQ,Default,200,0.0005,1,25,0,1.9337,0.888889,827.429
11326,KB3,HARQ,Default,200,0.0005,1,25,0,1.9249,0.888889,831.212
11327,KB3,HARQ,Default,200,0.0005,1,25,0,1.9222,0.888889,832.38
11328,KB3,HARQ,Default,200,0.0005,1,25,0,1.9469,0.888889,821.819
11329,KB3,HARQ,Default,200,0.0005,1,25,0,1.9421,0.888889,823.85
11330,KB3,HARQ,Default,200,0.0005,1,25,0,1.9295,0.888889,829.23
11331,KB3,HARQ,Default,200,0.0005,1,25,0,1.942,0.888889,823.893
11332,KB3,HARQ,Default,200,0.0005,1,25,0,1.9244,0.888889,831.428
11333,KB3,HARQ,Default,200,0.0005,1,25,0,1.9442,0.888889,822.961
11334,KB3,HARQ,Default,200,0.0005,1,25,0,1.8947,0.888889,844.461
11335,KB3,HARQ,Default,200,0.0005,1,25,0,1.8901,0.888889,846.516
11336,KB3,HARQ,Default,200,0.0005,1,25,0,1.9263,0.888889,830.608
11337,KB3,HARQ,Default,200,0.0005,1,25,0,2.0556,0.888889,778.362
11338,KB3,HARQ,Default,200,0.0005,1,25,0,1.8921,0.888889,845.621
11339,KB3,HARQ,Default,200,0.0005,1,25,0,1.8975,0.888889,843.215
11340,KB3,HARQ,Default,200,0.0005,1,25,0,1.8912,0.888889,846.024
11341,KB3,HARQ,Default,200,0.0005,1,25,0,1.9977,0.888889,800.921
11342,KB3,HARQ,Default,200,0.0005,1,25,0,1.8897,0.888889,846.695
11343,KB3,HARQ,Default,200,0.0005,1,25,0,1.9109,0.888889,837.302
11344,KB3,HARQ,Default,200,0.0005,1,25,0,2.0147,0.888889,794.163
11345,KB3,HARQ,Default,200,0.0005,1,25,0,2.5636,0.888889,624.122
11346,KB3,HARQ,Default,200,0.0005,1,25,0,1.89,0.888889,846.561
11347,KB3,HARQ,Default,200,0.0005,1,25,0,1.905,0.888889,839.895
11348,KB3,HARQ,Default,200,0.0005,1,25,0,1.9062,0.888889,839.366
11349,KB3,HARQ,Default,200,0.0005,1,25,0,2.0669,0.888889,774.106
11350,KB3,HARQ,Default,200,0.0005,1,25,0,1.9005,0.888889,841.884
11351,KB3,HARQ,Default,200,0.0005,1,25,0,1.8937,0.888889,844.907
11352,KB3,HARQ,Default,200,0.0005,1,25,0,1.9597,0.888889,816.451
11353,KB3,HARQ,Default,200,0.0005,1,25,0,1.8787,0.888889,851.653
11354,KB3,HARQ,Default,200,0.0005,1,25,0,1.8896,0.888889,846.74
11355,KB3,HARQ,Default,200,0.0005,1,25,0,1.8764,0.888889,852.697
11356,KB3,HARQ,Default,200,0.0005,1,25,0,1.8785,0.888889,851.743
11357,KB3,HARQ,Default,200,0.0005,1,25,0,1.9011,0.888889,841.618
11358,KB3,HARQ,Default,200,0.0005,1,25,0,1.9096,0.888889,837.872
11359,KB3,HARQ,Default,200,0.0005,1,25,0,1.8814,0.888889,850.431
11360,KB3,HARQ,Default,200,0.0005,1,25,0,1.9422,0.888889,823.808
11361,KB3,HARQ,Default,200,0.0005,1,25,0,1.8934,0.888889,845.041
11362,KB3,HARQ,Default,200,0.0005,1,25,0,1.8874,0.888889,847.727
11363,KB3,HARQ,Default,200,0.0005,1,25,0,1.8932,0.888889,845.13
11364,KB3,HARQ,Default,200,0.0005,1,25,0,1.9046,0.888889,840.071
11365,KB3,HARQ,Default,200,0.0005,1,25,0,1.8867,0.888889,848.042
11366,KB3,HARQ,Default,200,0.0005,1,25,0,1.8932,0.888889,845.13
11367,KB3,HARQ,Default,200,0.0005,1,25,0,1.8824,0.888889,849.979
11368,KB3,HARQ,Default,200,0.0005,1,25,0,1.9443,0.888889,822.918
11369,KB3,HARQ,Default,200,0.0005,1,25,0,1.8814,0.888889,850.431
11370,KB3,HARQ,Default,200,0.0005,1,25,0,1.8901,0.888889,846.516
11371,KB3,HARQ,Default,200,0.0005,1,25,0,1.8833,0.888889,849.573
11372,KB3,HARQ,Default,200,0.0005,1,25,0,1.8876,0.888889,847.637
11373,KB3,HARQ,Default,200,0.0005,1,25,0,1.8898,0.888889,846.65
11374,KB3,HARQ,Default,200,0.0005,1,25,0,1.8776,0.888889,852.152
11375,KB3,HARQ,Default,200,0.0005,1,25,0,1.8841,0.888889,849.212
11376,KB3,HARQ,Default,200,0.0005,1,25,0,1.9449,0.888889,822.664
11377,KB3,HARQ,Default,200,0.0005,1,25,0,1.9089,0.888889,838.179
11378,KB3,HARQ,Default,200,0.0005,1,25,0,1.8832,0.888889,849.618
11379,KB3,HARQ,Default,200,0.0005,1,25,0,1.8922,0.888889,845.577
11380,KB3,HARQ,Default,200,0.0005,1,25,0,1.8847,0.888889,848.941
11381,KB3,HARQ,Default,200,0.0005,1,25,0,1.8737,0.888889,853.925
11382,KB3,HARQ,Default,200,0.0005,1,25,0,1.8925,0.888889,845.443
11383,KB3,HARQ,Default,200,0.0005,1,25,0,1.9375,0.888889,825.806
11384,KB3,HARQ,Default,200,0.0005,1,25,0,1.9382,0.888889,825.508
11385,KB3,HARQ,Default,200,0.0005,1,25,0,1.935,0.888889,826.873
11386,KB3,HARQ,Default,200,0.0005,1,25,0,1.9452,0.888889,822.538
11387,KB3,HARQ,Default,200,0.0005,1,25,0,1.9292,0.888889,829.359
11388,KB3,HARQ,Default,200,0.0005,1,25,0,1.947,0.888889,821.777
11389,KB3,HARQ,Default,200,0.0005,1,25,0,1.9389,0.888889,825.21
11390,KB3,HARQ,Default,200,0.0005,1,25,0,1.9184,0.888889,834.028
11391,KB3,HARQ,Default,200,0.0005,1,25,0,1.9337,0.888889,827.429
11392,KB3,HARQ,Default,200,0.0005,1,25,0,1.978,0.888889,808.898
11393,KB3,HARQ,Default,200,0.0005,1,25,0,2.0402,0.888889,784.237
11394,KB3,HARQ,Default,200,0.0005,1,25,0,1.9496,0.888889,820.681
11395,KB3,HARQ,Default,200,0.0005,1,25,0,1.9539,0.888889,818.875
11396,KB3,HARQ,Default,200,0.0005,1,25,0,1.9366,0.888889,826.19
11397,KB3,HARQ,Default,200,0.0005,1,25,0,1.9345,0.888889,827.087
11398,KB3,HARQ,Default,200,0.0005,1,25,0,1.9326,0.888889,827.9
11399,KB3,HARQ,Default,200,0.0005,1,25,0,1.925,0.888889,831.169
11400,KB3,HARQ,Default,200,0.0005,1,25,0,1.9873,0.888889,805.112
11401,KB3,HARQ,Default,200,0.0005,1,25,0,1.9352,0.888889,826.788
11402,KB3,HARQ,Default,200,0.0005,1,25,0,1.9376,0.888889,825.764
11403,KB3,HARQ,Default,200,0.0005,1,25,0,1.919,0.888889,833.768
11404,KB3,HARQ,Default,200,0.0005,1,25,0,1.9285,0.888889,829.66
11405,KB3,HARQ,Default,200,0.0005,1,25,0,1.9524,0.888889,819.504
11406,KB3,HARQ,Default,200,0.0005,1,25,0,1.9353,0.888889,826.745
11407,KB3,HARQ,Default,200,0.0005,1,25,0,1.9167,0.888889,834.768
11408,KB3,HARQ,Default,200,0.0005,1,25,0,1.9631,0.888889,815.037
11409,KB3,HARQ,Default,200,0.0005,1,25,0,1.9633,0.888889,814.954
11410,KB3,HARQ,Default,200,0.0005,1,25,0,1.9241,0.888889,831.558
11411,KB3,HARQ,Default,200,0.0005,1,25,0,1.9258,0.888889,830.824
11412,KB3,HARQ,Default,200,0.0005,1,25,0,1.9192,0.888889,833.681
11413,KB3,HARQ,Default,200,0.0005,1,25,0,1.9271,0.888889,830.263
11414,KB3,HARQ,Default,200,0.0005,1,25,0,1.928,0.888889,829.876
11415,KB3,HARQ,Default,200,0.0005,1,25,0,1.936,0.888889,826.446
11416,KB3,HARQ,Default,200,0.0005,1,25,0,1.957,0.888889,817.578
11417,KB3,HARQ,Default,200,0.0005,1,25,0,1.9324,0.888889,827.986
11418,KB3,HARQ,Default,200,0.0005,1,25,0,1.9342,0.888889,827.215
11419,KB3,HARQ,Default,200,0.0005,1,25,0,1.9304,0.888889,828.844
11420,KB3,HARQ,Default,200,0.0005,1,25,0,1.9228,0.888889,832.12
11421,KB3,HARQ,Default,200,0.0005,1,25,0,1.9361,0.888889,826.404
11422,KB3,HARQ,Default,200,0.0005,1,25,0,1.9377,0.888889,825.721
11423,KB3,HARQ,Default,200,0.0005,1,25,0,1.9312,0.888889,828.5
11424,KB3,HARQ,Default,200,0.0005,1,25,0,1.98,0.888889,808.081
11425,KB3,HARQ,Default,200,0.0005,1,25,0,1.9289,0.888889,829.488
11426,KB3,HARQ,Default,200,0.0005,1,25,0,1.9173,0.888889,834.507
11427,KB3,HARQ,Default,200,0.0005,1,25,0,1.9202,0.888889,833.247
11428,KB3,HARQ,Default,200,0.0005,1,25,0,1.9326,0.888889,827.9
11429,KB3,HARQ,Default,200,0.0005,1,25,0,1.9216,0.888889,832.639
11430,KB3,HARQ,Default,200,0.0005,1,25,0,1.9284,0.888889,829.703
11431,KB3,HARQ,Default,200,0.0005,1,25,0,1.9249,0.888889,831.212
11432,KB3,HARQ,Default,200,0.0005,1,25,0,1.9423,0.888889,823.766
11433,KB3,HARQ,Default,200,0.0005,1,25,0,2.0091,0.888889,796.376
11434,KB3,HARQ,Default,200,0.0005,1,25,0,1.9387,0.888889,825.295
11435,KB3,HARQ,Default,200,0.0005,1,25,0,1.8801,0.888889,851.019
11436,KB3,HARQ,Default,200,0.0005,1,25,0,1.885,0.888889,848.806
11437,KB3,HARQ,Default,200,0.0005,1,25,0,1.8826,0.888889,849.888
11438,KB3,HARQ,Default,200,0.0005,1,25,0,1.8766,0.888889,852.606
11439,KB3,HARQ,Default,200,0.0005,1,25,0,1.8782,0.888889,851.879
11440,KB3,HARQ,Default,200,0.0005,1,25,0,1.9733,0.888889,810.825
11441,KB3,HARQ,Default,200,0.0005,1,25,0,1.8866,0.888889,848.087
11442,KB3,HARQ,Default,200,0.0005,1,25,0,1.8863,0.888889,848.221
11443,KB3,HARQ,Default,200,0.0005,1,25,0,1.8744,0.888889,853.606
11444,KB3,HARQ,Default,200,0.0005,1,25,0,1.9099,0.888889,837.74
11445,KB3,HARQ,Default,200,0.0005,1,25,0,1.8766,0.888889,852.606
11446,KB3,HARQ,Default,200,0.0005,1,25,0,1.893,0.888889,845.219
11447,KB3,HARQ,Default,200,0.0005,1,25,0,1.8982,0.888889,842.904
11448,KB3,HARQ,Default,200,0.0005,1,25,0,1.9753,0.888889,810.004
11449,KB3,HARQ,Default,200,0.0005,1,25,0,1.9054,0.888889,839.719
11450,KB3,HARQ,Default,200,0.0005,1,25,0,1.9048,0.888889,839.983
11451,KB3,HARQ,Default,200,0.0005,1,25,0,1.8832,0.888889,849.618
11452,KB3,HARQ,Default,200,0.0005,1,25,0,1.9066,0.888889,839.19
11453,KB3,HARQ,Default,200,0.0005,1,25,0,1.8987,0.888889,842.682
11454,KB3,HARQ,Default,200,0.0005,1,25,0,1.8981,0.888889,842.948
11455,KB3,HARQ,Default,200,0.0005,1,25,0,1.8902,0.888889,846.471
11456,KB3,HARQ,Default,200,0.0005,1,25,0,1.9785,0.888889,808.693
11457,KB3,HARQ,Default,200,0.0005,1,25,0,1.8835,0.888889,849.482
11458,KB3,HARQ,Default,200,0.0005,1,25,0,1.8911,0.888889,846.068
11459,KB3,HARQ,Default,200,0.0005,1,25,0,1.9097,0.888889,837.828
11460,KB3,HARQ,Default,200,0.0005,1,25,0,1.9115,0.888889,837.039
11461,KB3,HARQ,Default,200,0.0005,1,25,0,1.8816,0.888889,850.34
11462,KB3,HARQ,Default,200,0.0005,1,25,0,1.8866,0.888889,848.087
11463,KB3,HARQ,Default,200,0.0005,1,25,0,1.8939,0.888889,844.818
11464,KB3,HARQ,Default,200,0.0005,1,25,0,2.2167,0.888889,721.794
11465,KB3,HARQ,Default,200,0.0005,1,25,0,1.9616,0.888889,815.661
11466,KB3,HARQ,Default,200,0.0005,1,25,0,1.8945,0.888889,844.55
11467,KB3,HARQ,Default,200,0.0005,1,25,0,1.9106,0.888889,837.433
11468,KB3,HARQ,Default,200,0.0005,1,25,0,1.8881,0.888889,847.413
11469,KB3,HARQ,Default,200,0.0005,1,25,0,1.8859,0.888889,848.401
11470,KB3,HARQ,Default,200,0.0005,1,25,0,1.8862,0.888889,848.266
11471,KB3,HARQ,Default,200,0.0005,1,25,0,1.8886,0.888889,847.188
11472,KB3,HARQ,Default,200,0.0005,1,25,0,1.9716,0.888889,811.524
11473,KB3,HARQ,Default,200,0.0005,1,25,0,1.9027,0.888889,840.91
11474,KB3,HARQ,Default,200,0.0005,1,25,0,1.8907,0.888889,846.247
11475,KB3,HARQ,Default,200,0.0005,1,25,0,1.8854,0.888889,848.626
11476,KB3,HARQ,Default,200,0.0005,1,25,0,1.8766,0.888889,852.606
11477,KB3,HARQ,Default,200,0.0005,1,25,0,1.8806,0.888889,850.792
11478,KB3,HARQ,Default,200,0.0005,1,25,0,1.8886,0.888889,847.188
11479,KB3,HARQ,Default,200,0.0005,1,25,0,1.8766,0.888889,852.606
11480,KB3,HARQ,Default,200,0.0005,1,25,0,1.9652,0.888889,814.166
11481,KB3,HARQ,Default,200,0.0005,1,25,0,1.8815,0.888889,850.385
11482,KB3,HARQ,Default,200,0.0005,1,25,0,1.885,0.888889,848.806
11483,KB3,HARQ,Default,200,0.0005,1,25,0,2.0428,0.888889,783.239
11484,KB3,HARQ,Default,200,0.0005,1,25,0,1.9045,0.888889,840.116
11485,KB3,HARQ,Default,200,0.0005,1,25,0,1.8831,0.888889,849.663
11486,KB3,HARQ,Default,200,0.0005,1,25,0,1.8871,0.888889,847.862
11487,KB3,HARQ,Default,200,0.0005,1,25,0,1.8836,0.888889,849.437
11488,KB3,HARQ,Default,200,0.0005,1,25,0,1.9479,0.888889,821.397
11489,KB3,HARQ,Default,200,0.0005,1,25,0,1.8829,0.888889,849.753
11490,KB3,HARQ,Default,200,0.0005,1,25,0,1.8758,0.888889,852.969
11491,KB3,HARQ,Default,200,0.0005,1,25,0,1.8733,0.888889,854.108
11492,KB3,HARQ,Default,200,0.0005,1,25,0,1.9001,0.888889,842.061
11493,KB3,HARQ,Default,200,0.0005,1,25,0,1.8911,0.888889,846.068
11494,KB3,HARQ,Default,200,0.0005,1,25,0,1.8924,0.888889,845.487
11495,KB3,HARQ,Default,200,0.0005,1,25,0,1.8848,0.888889,848.896
11496,KB3,HARQ,Default,200,0.0005,1,25,0,1.9521,0.888889,819.63
11497,KB3,HARQ,Default,200,0.0005,1,25,0,1.8868,0.888889,847.997
11498,KB3,HARQ,Default,200,0.0005,1,25,0,1.9079,0.888889,838.618
11499,KB3,HARQ,Default,200,0.0005,1,25,0,1.8819,0.888889,850.205
11500,KB3,HARQ,Default,200,0.0005,1,25,0,1.8983,0.888889,842.859
11501,KB3,HARQ,Default,200,0.0005,1,25,0,1.8974,0.888889,843.259
11502,KB3,HARQ,Default,200,0.0005,1,25,0,1.9057,0.888889,839.587
11503,KB3,HARQ,Default,200,0.0005,1,25,0,1.8912,0.888889,846.024
11504,KB3,HARQ,Default,200,0.0005,1,25,0,1.977,0.888889,809.307
11505,KB3,HARQ,Default,200,0.0005,1,25,0,1.9007,0.888889,841.795
11506,KB3,HARQ,Default,200,0.0005,1,25,0,1.8774,0.888889,852.242
11507,KB3,HARQ,Default,200,0.0005,1,25,0,1.901,0.888889,841.662
11508,KB3,HARQ,Default,200,0.0005,1,25,0,1.8876,0.888889,847.637
11509,KB3,HARQ,Default,200,0.0005,1,25,0,1.8952,0.888889,844.238
11510,KB3,HARQ,Default,200,0.0005,1,25,0,1.902,0.888889,841.22
11511,KB3,HARQ,Default,200,0.0005,1,25,0,1.8927,0.888889,845.353
11512,KB3,HARQ,Default,200,0.0005,1,25,0,1.9954,0.888889,801.844
11513,KB3,HARQ,Default,200,0.0005,1,25,0,1.8854,0.888889,848.626
11514,KB3,HARQ,Default,200,0.0005,1,25,0,1.8844,0.888889,849.077
11515,KB3,HARQ,Default,200,0.0005,1,25,0,1.8832,0.888889,849.618
11516,KB3,HARQ,Default,200,0.0005,1,25,0,1.8943,0.888889,844.639
11517,KB3,HARQ,Default,200,0.0005,1,25,0,1.8984,0.888889,842.815
11518,KB3,HARQ,Default,200,0.0005,1,25,0,1.9156,0.888889,835.247
11519,KB3,HARQ,Default,200,0.0005,1,25,0,1.8912,0.888889,846.024
11520,KB3,HARQ,Default,200,0.0005,1,25,0,1.9524,0.888889,819.504
11521,KB3,HARQ,Default,200,0.0005,1,25,0,1.898,0.888889,842.993
11522,KB3,HARQ,Default,200,0.0005,1,25,0,1.8997,0.888889,842.238
11523,KB3,HARQ,Default,200,0.0005,1,25,0,1.8812,0.888889,850.521
11524,KB3,HARQ,Default,200,0.0005,1,25,0,1.9016,0.888889,841.397
11525,KB3,HARQ,Default,200,0.0005,1,25,0,1.9068,0.888889,839.102
11526,KB3,HARQ,Default,200,0.0005,1,25,0,1.8963,0.888889,843.748
11527,KB3,HARQ,Default,200,0.0005,1,25,0,1.8872,0.888889,847.817
11528,KB3,HARQ,Default,200,0.0005,1,25,0,1.9377,0.888889,825.721
11529,KB3,HARQ,Default,200,0.0005,1,25,0,1.891,0.888889,846.113
11530,KB3,HARQ,Default,200,0.0005,1,25,0,1.8912,0.888889,846.024
11531,KB3,HARQ,Default,200,0.0005,1,25,0,1.903,0.888889,840.778
11532,KB3,HARQ,Default,200,0.0005,1,25,0,1.8794,0.888889,851.336
11533,KB3,HARQ,Default,200,0.0005,1,25,0,1.8824,0.888889,849.979
11534,KB3,HARQ,Default,200,0.0005,1,25,0,1.8681,0.888889,856.485
11535,KB3,HARQ,Default,200,0.0005,1,25,0,1.9695,0.888889,812.389
11536,KB3,HARQ,Default,200,0.0005,1,25,0,1.8373,0.888889,870.843
11537,KB3,HARQ,Default,200,0.0005,1,25,0,2.4917,0.888889,642.132
11538,KB3,HARQ,Default,200,0.0005,1,25,0,1.8875,0.888889,847.682
11539,KB3,HARQ,Default,200,0.0005,1,25,0,1.8704,0.888889,855.432
11540,KB3,HARQ,Default,200,0.0005,1,25,0,1.8414,0.888889,868.904
11541,KB3,HARQ,Default,200,0.0005,1,25,0,1.8425,0.888889,868.385
11542,KB3,HARQ,Default,200,0.0005,1,25,0,1.8397,0.888889,869.707
11543,KB3,HARQ,Default,200,0.0005,1,25,0,1.9822,0.888889,807.184
11544,KB3,HARQ,Default,200,0.0005,1,25,0,1.845,0.888889,867.209
11545,KB3,HARQ,Default,200,0.0005,1,25,0,2.2067,0.888889,725.065
11546,KB3,HARQ,Default,200,0.0005,1,25,0,1.8474,0.888889,866.082
11547,KB3,HARQ,Default,200,0.0005,1,25,0,1.8395,0.888889,869.802
11548,KB3,HARQ,Default,200,0.0005,1,25,0,1.8693,0.888889,855.935
11549,KB3,HARQ,Default,200,0.0005,1,25,0,1.8497,0.888889,865.005
11550,KB3,HARQ,Default,200,0.0005,1,25,0,1.8365,0.888889,871.222
11551,KB3,HARQ,Default,200,0.0005,1,25,0,1.8755,0.888889,853.106
11552,KB3,HARQ,Default,200,0.0005,1,25,0,1.843,0.888889,868.15
11553,KB3,HARQ,Default,200,0.0005,1,25,0,2.003,0.888889,798.802
11554,KB3,HARQ,Default,200,0.0005,1,25,0,1.8658,0.888889,857.541
11555,KB3,HARQ,Default,200,0.0005,1,25,0,1.8689,0.888889,856.119
11556,KB3,HARQ,Default,200,0.0005,1,25,0,1.8556,0.888889,862.255
11557,KB3,HARQ,Default,200,0.0005,1,25,0,1.853,0.888889,863.465
11558,KB3,HARQ,Default,200,0.0005,1,25,0,1.848,0.888889,865.801
11559,KB3,HARQ,Default,200,0.0005,1,25,0,1.8726,0.888889,854.427
11560,KB3,HARQ,Default,200,0.0005,1,25,1,2.0484,0.854701,781.097
11561,KB3,HARQ,Default,200,0.0005,1,25,0,1.9392,0.888889,825.083
11562,KB3,HARQ,Default,200,0.0005,1,25,0,1.8461,0.888889,866.692
11563,KB3,HARQ,Default,200,0.0005,1,25,0,1.8646,0.888889,858.093
11564,KB3,HARQ,Default,200,0.0005,1,25,0,1.8681,0.888889,856.485
11565,KB3,HARQ,Default,200,0.0005,1,25,0,1.865,0.888889,857.909
11566,KB3,HARQ,Default,200,0.0005,1,25,0,1.8414,0.888889,868.904
11567,KB3,HARQ,Default,200,0.0005,1,25,0,1.8634,0.888889,858.645
11568,KB3,HARQ,Default,200,0.0005,1,25,0,1.8354,0.888889,871.745
11569,KB3,HARQ,Default,200,0.0005,1,25,0,2.1088,0.888889,758.725
11570,KB3,HARQ,Default,200,0.0005,1,25,0,1.8957,0.888889,844.015
11571,KB3,HARQ,Default,200,0.0005,1,25,1,1.9059,0.854701,839.498
11572,KB3,HARQ,Default,200,0.0005,1,25,0,1.8492,0.888889,865.239
11573,KB3,HARQ,Default,200,0.0005,1,25,0,1.8403,0.888889,869.423
11574,KB3,HARQ,Default,200,0.0005,1,25,0,1.8575,0.888889,861.373
11575,KB3,HARQ,Default,200,0.0005,1,25,0,1.861,0.888889,859.753
11576,KB3,HARQ,Default,200,0.0005,1,25,0,1.8652,0.888889,857.817
11577,KB3,HARQ,Default,200,0.0005,1,25,0,2.1112,0.888889,757.863
11578,KB3,HARQ,Default,200,0.0005,1,25,0,1.8577,0.888889,861.28
11579,KB3,HARQ,Default,200,0.0005,1,25,0,1.8855,0.888889,848.581
11580,KB3,HARQ,Default,200,0.0005,1,25,0,1.8821,0.888889,850.114
11581,KB3,HARQ,Default,200,0.0005,1,25,0,1.8333,0.888889,872.743
11582,KB3,HARQ,Default,200,0.0005,1,25,0,1.8411,0.888889,869.046
11583,KB3,HARQ,Default,200,0.0005,1,25,0,1.8485,0.888889,865.567
11584,KB3,HARQ,Default,200,0.0005,1,25,0,1.8884,0.888889,847.278
11585,KB3,HARQ,Default,200,0.0005,1,25,0,2.0124,0.888889,795.071
11586,KB3,HARQ,Default,200,0.0005,1,25,0,1.9501,0.888889,820.471
11587,KB3,HARQ,Default,200,0.0005,1,25,0,1.9244,0.888889,831.428
11588,KB3,HARQ,Default,200,0.0005,1,25,0,1.927,0.888889,830.306
11589,KB3,HARQ,Default,200,0.0005,1,25,0,1.9385,0.888889,825.38
11590,KB3,HARQ,Default,200,0.0005,1,25,0,1.9415,0.888889,824.105
11591,KB3,HARQ,Default,200,0.0005,1,25,0,1.9262,0.888889,830.651
11592,KB3,HARQ,Default,200,0.0005,1,25,0,1.9469,0.888889,821.819
11593,KB3,HARQ,Default,200,0.0005,1,25,0,1.9578,0.888889,817.244
11594,KB3,HARQ,Default,200,0.0005,1,25,0,1.9438,0.888889,823.13
11595,KB3,HARQ,Default,200,0.0005,1,25,0,1.9212,0.888889,832.813
11596,KB3,HARQ,Default,200,0.0005,1,25,0,1.9175,0.888889,834.42
11597,KB3,HARQ,Default,200,0.0005,1,25,0,1.9374,0.888889,825.849
11598,KB3,HARQ,Default,200,0.0005,1,25,0,1.929,0.888889,829.445
11599,KB3,HARQ,Default,200,0.0005,1,25,0,1.9387,0.888889,825.295
11600,KB3,HARQ,Default,200,0.0005,1,25,0,1.9336,0.888889,827.472
11601,KB3,HARQ,Default,200,0.0005,1,25,0,1.9483,0.888889,821.229
11602,KB3,HARQ,Default,200,0.0005,1,25,0,1.9405,0.888889,824.53
11603,KB3,HARQ,Default,200,0.0005,1,25,0,1.926,0.888889,830.737
11604,KB3,HARQ,Default,200,0.0005,1,25,0,1.9423,0.888889,823.766
11605,KB3,HARQ,Default,200,0.0005,1,25,0,1.9242,0.888889,831.514
11606,KB3,HARQ,Default,200,0.0005,1,25,0,1.9599,0.888889,816.368
11607,KB3,HARQ,Default,200,0.0005,1,25,0,1.9329,0.888889,827.772
11608,KB3,HARQ,Default,200,0.0005,1,25,0,1.9874,0.888889,805.072
11609,KB3,HARQ,Default,200,0.0005,1,25,0,2.0459,0.888889,782.052
11610,KB3,HARQ,Default,200,0.0005,1,25,0,1.9456,0.888889,822.368
11611,KB3,HARQ,Default,200,0.0005,1,25,0,1.9397,0.888889,824.87
11612,KB3,HARQ,Default,200,0.0005,1,25,0,1.9222,0.888889,832.38
11613,KB3,HARQ,Default,200,0.0005,1,25,0,1.9347,0.888889,827.002
11614,KB3,HARQ,Default,200,0.0005,1,25,0,1.9255,0.888889,830.953
11615,KB3,HARQ,Default,200,0.0005,1,25,0,1.9253,0.888889,831.039
11616,KB3,HARQ,Default,200,0.0005,1,25,0,1.9767,0.888889,809.43
11617,KB3,HARQ,Default,200,0.0005,1,25,0,1.9401,0.888889,824.7
11618,KB3,HARQ,Default,200,0.0005,1,25,0,1.923,0.888889,832.033
11619,KB3,HARQ,Default,200,0.0005,1,25,0,1.963,0.888889,815.079
11620,KB3,HARQ,Default,200,0.0005,1,25,0,1.9368,0.888889,826.105
11621,KB3,HARQ,Default,200,0.0005,1,25,0,1.9398,0.888889,824.827
11622,KB3,HARQ,Default,200,0.0005,1,25,1,1.9881,0.854701,804.788
11623,KB3,HARQ,Default,200,0.0005,1,25,0,1.9389,0.888889,825.21
11624,KB3,HARQ,Default,200,0.0005,1,25,0,1.9762,0.888889,809.635
11625,KB3,HARQ,Default,200,0.0005,1,25,0,1.9276,0.888889,830.048
11626,KB3,HARQ,Default,200,0.0005,1,25,0,1.9258,0.888889,830.824
11627,KB3,HARQ,Default,200,0.0005,1,25,0,1.9538,0.888889,818.917
11628,KB3,HARQ,Default,200,0.0005,1,25,0,1.9198,0.888889,833.42
11629,KB3,HARQ,Default,200,0.0005,1,25,0,1.9502,0.888889,820.429
11630,KB3,HARQ,Default,200,0.0005,1,25,0,1.9327,0.888889,827.857
11631,KB3,HARQ,Default,200,0.0005,1,25,0,1.9272,0.888889,830.22
11632,KB3,HARQ,Default,200,0.0005,1,25,1,2.0297,0.854701,788.294
11633,KB3,HARQ,Default,200,0.0005,1,25,0,1.9169,0.888889,834.681
11634,KB3,HARQ,Default,200,0.0005,1,25,0,1.9356,0.888889,826.617
11635,KB3,HARQ,Default,200,0.0005,1,25,0,1.9601,0.888889,816.285
11636,KB3,HARQ,Default,200,0.0005,1,25,0,1.9311,0.888889,828.543
11637,KB3,HARQ,Default,200,0.0005,1,25,0,1.9193,0.888889,833.637
11638,KB3,HARQ,Default,200,0.0005,1,25,0,1.945,0.888889,822.622
11639,KB3,HARQ,Default,200,0.0005,1,25,0,1.9489,0.888889,820.976
11640,KB3,HARQ,Default,200,0.0005,1,25,0,1.9664,0.888889,813.67
11641,KB3,HARQ,Default,200,0.0005,1,25,0,1.9426,0.888889,823.638
11642,KB3,HARQ,Default,200,0.0005,1,25,0,1.9372,0.888889,825.934
11643,KB3,HARQ,Default,200,0.0005,1,25,0,1.9147,0.888889,835.64
11644,KB3,HARQ,Default,200,0.0005,1,25,0,1.9346,0.888889,827.044
11645,KB3,HARQ,Default,200,0.0005,1,25,0,1.9181,0.888889,834.159
11646,KB3,HARQ,Default,200,0.0005,1,25,0,1.919,0.888889,833.768
11647,KB3,HARQ,Default,200,0.0005,1,25,0,1.917,0.888889,834.637
11648,KB3,HARQ,Default,200,0.0005,1,25,0,1.9331,0.888889,827.686
11649,KB3,HARQ,Default,200,0.0005,1,25,0,1.9209,0.888889,832.943
11650,KB3,HARQ,Default,200,0.0005,1,25,0,1.9214,0.888889,832.726
11651,KB3,HARQ,Default,200,0.0005,1,25,0,1.9244,0.888889,831.428
11652,KB3,HARQ,Default,200,0.0005,1,25,0,1.9254,0.888889,830.996
11653,KB3,HARQ,Default,200,0.0005,1,25,0,1.9162,0.888889,834.986
11654,KB3,HARQ,Default,200,0.0005,1,25,0,1.9187,0.888889,833.898
11655,KB3,HARQ,Default,200,0.0005,1,25,0,1.9193,0.888889,833.637
11656,KB3,HARQ,Default,200,0.0005,1,25,0,1.9322,0.888889,828.072
11657,KB3,HARQ,Default,200,0.0005,1,25,0,1.9153,0.888889,835.378
11658,KB3,HARQ,Default,200,0.0005,1,25,0,1.9257,0.888889,830.867
11659,KB3,HARQ,Default,200,0.0005,1,25,0,1.9198,0.888889,833.42
11660,KB3,HARQ,Default,200,0.0005,1,25,0,1.9451,0.888889,822.58
11661,KB3,HARQ,Default,200,0.0005,1,25,0,1.9193,0.888889,833.637
11662,KB3,HARQ,Default,200,0.0005,1,25,0,1.9247,0.888889,831.298
11663,KB3,HARQ,Default,200,0.0005,1,25,0,1.9566,0.888889,817.745
11664,KB3,HARQ,Default,200,0.0005,1,25,0,1.922,0.888889,832.466
11665,KB3,HARQ,Default,200,0.0005,1,25,0,1.9161,0.888889,835.029
11666,KB3,HARQ,Default,200,0.0005,1,25,0,1.9265,0.888889,830.522
11667,KB3,HARQ,Default,200,0.0005,1,25,0,1.9178,0.888889,834.289
11668,KB3,HARQ,Default,200,0.0005,1,25,0,1.9229,0.888889,832.077
11669,KB3,HARQ,Default,200,0.0005,1,25,0,1.9258,0.888889,830.824
11670,KB3,HARQ,Default,200,0.0005,1,25,0,1.9254,0.888889,830.996
11671,KB3,HARQ,Default,200,0.0005,1,25,0,1.9611,0.888889,815.869
11672,KB3,HARQ,Default,200,0.0005,1,25,0,1.9513,0.888889,819.966
11673,KB3,HARQ,Default,200,0.0005,1,25,0,1.9434,0.888889,823.299
11674,KB3,HARQ,Default,200,0.0005,1,25,0,1.9303,0.888889,828.887
11675,KB3,HARQ,Default,200,0.0005,1,25,0,1.9496,0.888889,820.681
11676,KB3,HARQ,Default,200,0.0005,1,25,0,1.9316,0.888889,828.329
11677,KB3,HARQ,Default,200,0.0005,1,25,0,1.9372,0.888889,825.934
11678,KB3,HARQ,Default,200,0.0005,1,25,0,1.9394,0.888889,824.997
11679,KB3,HARQ,Default,200,0.0005,1,25,0,2.0298,0.888889,788.255
11680,KB3,HARQ,Default,200,0.0005,1,25,0,1.9945,0.888889,802.206
11681,KB3,HARQ,Default,200,0.0005,1,25,0,1.9319,0.888889,828.2
11682,KB3,HARQ,Default,200,0.0005,1,25,0,1.9364,0.888889,826.276
11683,KB3,HARQ,Default,200,0.0005,1,25,0,1.929,0.888889,829.445
11684,KB3,HARQ,Default,200,0.0005,1,25,0,1.9239,0.888889,831.644
11685,KB3,HARQ,Default,200,0.0005,1,25,0,1.9135,0.888889,836.164
11686,KB3,HARQ,Default,200,0.0005,1,25,0,1.9029,0.888889,840.822
11687,KB3,HARQ,Default,200,0.0005,1,25,0,1.9264,0.888889,830.565
11688,KB3,HARQ,Default,200,0.0005,1,25,0,1.8952,0.888889,844.238
11689,KB3,HARQ,Default,200,0.0005,1,25,0,1.8806,0.888889,850.792
11690,KB3,HARQ,Default,200,0.0005,1,25,0,1.8847,0.888889,848.941
11691,KB3,HARQ,Default,200,0.0005,1,25,0,1.8799,0.888889,851.109
11692,KB3,HARQ,Default,200,0.0005,1,25,0,1.8963,0.888889,843.748
11693,KB3,HARQ,Default,200,0.0005,1,25,0,1.8949,0.888889,844.372
11694,KB3,HARQ,Default,200,0.0005,1,25,0,1.8981,0.888889,842.948
11695,KB3,HARQ,Default,200,0.0005,1,25,0,1.9667,0.888889,813.546
11696,KB3,HARQ,Default,200,0.0005,1,25,0,1.908,0.888889,838.574
11697,KB3,HARQ,Default,200,0.0005,1,25,0,1.9072,0.888889,838.926
11698,KB3,HARQ,Default,200,0.0005,1,25,0,1.8902,0.888889,846.471
11699,KB3,HARQ,Default,200,0.0005,1,25,0,1.9002,0.888889,842.017
11700,KB3,HARQ,Default,200,0.0005,1,25,0,1.9059,0.888889,839.498
11701,KB3,HARQ,Default,200,0.0005,1,25,0,1.8773,0.888889,852.288
11702,KB3,HARQ,Default,200,0.0005,1,25,0,1.8987,0.888889,842.682
11703,KB3,HARQ,Default,200,0.0005,1,25,1,1.9968,0.854701,801.282
11704,KB3,HARQ,Default,200,0.0005,1,25,0,1.8908,0.888889,846.203
11705,KB3,HARQ,Default,200,0.0005,1,25,0,1.8947,0.888889,844.461
11706,KB3,HARQ,Default,200,0.0005,1,25,0,1.8783,0.888889,851.834
11707,KB3,HARQ,Default,200,0.0005,1,25,0,1.8882,0.888889,847.368
11708,KB3,HARQ,Default,200,0.0005,1,25,0,1.8894,0.888889,846.83
11709,KB3,HARQ,Default,200,0.0005,1,25,0,1.8851,0.888889,848.761
11710,KB3,HARQ,Default,200,0.0005,1,25,0,1.9126,0.888889,836.558
11711,KB3,HARQ,Default,200,0.0005,1,25,0,1.9739,0.888889,810.578
11712,KB3,HARQ,Default,200,0.0005,1,25,0,1.8991,0.888889,842.504
11713,KB3,HARQ,Default,200,0.0005,1,25,0,1.889,0.888889,847.009
11714,KB3,HARQ,Default,200,0.0005,1,25,0,1.8769,0.888889,852.469
11715,KB3,HARQ,Default,200,0.0005,1,25,0,1.8837,0.888889,849.392
11716,KB3,HARQ,Default,200,0.0005,1,25,0,1.8828,0.888889,849.798
11717,KB3,HARQ,Default,200,0.0005,1,25,0,1.9116,0.888889,836.995
11718,KB3,HARQ,Default,200,0.0005,1,25,0,1.9005,0.888889,841.884
11719,KB3,HARQ,Default,200,0.0005,1,25,0,1.9627,0.888889,815.204
11720,KB3,HARQ,Default,200,0.0005,1,25,0,1.8857,0.888889,848.491
11721,KB3,HARQ,Default,200,0.0005,1,25,0,1.8869,0.888889,847.952
11722,KB3,HARQ,Default,200,0.0005,1,25,0,1.8768,0.888889,852.515
11723,KB3,HARQ,Default,200,0.0005,1,25,0,1.8956,0.888889,844.06
11724,KB3,HARQ,Default,200,0.0005,1,25,0,1.8969,0.888889,843.481
11725,KB3,HARQ,Default,200,0.0005,1,25,0,1.9001,0.888889,842.061
11726,KB3,HARQ,Default,200,0.0005,1,25,0,1.9938,0.888889,802.488
11727,KB3,HARQ,Default,200,0.0005,1,25,0,1.8878,0.888889,847.547
11728,KB3,HARQ,Default,200,0.0005,1,25,0,1.8952,0.888889,844.238
11729,KB3,HARQ,Default,200,0.0005,1,25,0,1.8839,0.888889,849.302
11730,KB3,HARQ,Default,200,0.0005,1,25,0,1.8951,0.888889,844.283
11731,KB3,HARQ,Default,200,0.0005,1,25,0,1.8789,0.888889,851.562
11732,KB3,HARQ,Default,200,0.0005,1,25,0,1.8796,0.888889,851.245
11733,KB3,HARQ,Default,200,0.0005,1,25,0,1.8933,0.888889,845.085
11734,KB3,HARQ,Default,200,0.0005,1,25,0,1.9903,0.888889,803.899
11735,KB3,HARQ,Default,200,0.0005,1,25,0,1.894,0.888889,844.773
11736,KB3,HARQ,Default,200,0.0005,1,25,0,1.9108,0.888889,837.346
11737,KB3,HARQ,Default,200,0.0005,1,25,0,1.8449,0.888889,867.256
11738,KB3,HARQ,Default,200,0.0005,1,25,0,1.8612,0.888889,859.66
11739,KB3,HARQ,Default,200,0.0005,1,25,0,1.8724,0.888889,854.518
11740,KB3,HARQ,Default,200,0.0005,1,25,0,1.8665,0.888889,857.219
11741,KB3,HARQ,Default,200,0.0005,1,25,0,1.8445,0.888889,867.444
11742,KB3,HARQ,Default,200,0.0005,1,25,0,1.8708,0.888889,855.249
11743,KB3,HARQ,Default,200,0.0005,1,25,0,1.8847,0.888889,848.941
11744,KB3,HARQ,Default,200,0.0005,1,25,0,1.875,0.888889,853.333
11745,KB3,HARQ,Default,200,0.0005,1,25,0,1.9886,0.888889,804.586
11746,KB3,HARQ,Default,200,0.0005,1,25,0,1.8349,0.888889,871.982
11747,KB3,HARQ,Default,200,0.0005,1,25,0,1.865,0.888889,857.909
11748,KB3,HARQ,Default,200,0.0005,1,25,0,1.8597,0.888889,860.354
11749,KB3,HARQ,Default,200,0.0005,1,25,0,1.8858,0.888889,848.446
11750,KB3,HARQ,Default,200,0.0005,1,25,0,1.868,0.888889,856.531
11751,KB3,HARQ,Default,200,0.0005,1,25,0,2.494,0.888889,641.54
11752,KB3,HARQ,Default,200,0.0005,1,25,0,1.9044,0.888889,840.16
11753,KB3,HARQ,Default,200,0.0005,1,25,0,1.937,0.888889,826.02
11754,KB3,HARQ,Default,200,0.0005,1,25,0,1.8947,0.888889,844.461
11755,KB3,HARQ,Default,200,0.0005,1,25,0,1.8603,0.888889,860.076
11756,KB3,HARQ,Default,200,0.0005,1,25,0,1.8631,0.888889,858.784
11757,KB3,HARQ,Default,200,0.0005,1,25,0,1.8463,0.888889,866.598
11758,KB3,HARQ,Default,200,0.0005,1,25,0,1.8421,0.888889,868.574
11759,KB3,HARQ,Default,200,0.0005,1,25,0,2.1965,0.888889,728.432
11760,KB3,HARQ,Default,200,0.0005,1,25,0,1.8737,0.888889,853.925
11761,KB3,HARQ,Default,200,0.0005,1,25,0,1.857,0.888889,861.605
11762,KB3,HARQ,Default,200,0.0005,1,25,0,1.9405,0.888889,824.53
11763,KB3,HARQ,Default,200,0.0005,1,25,1,1.9182,0.854701,834.115
11764,KB3,HARQ,Default,200,0.0005,1,25,0,1.877,0.888889,852.424
11765,KB3,HARQ,Default,200,0.0005,1,25,0,1.872,0.888889,854.701
11766,KB3,HARQ,Default,200,0.0005,1,25,0,1.8394,0.888889,869.849
11767,KB3,HARQ,Default,200,0.0005,1,25,0,2.2435,0.888889,713.171
11768,KB3,HARQ,Default,200,0.0005,1,25,0,1.8588,0.888889,860.77
11769,KB3,HARQ,Default,200,0.0005,1,25,0,1.8706,0.888889,855.341
11770,KB3,HARQ,Default,200,0.0005,1,25,0,1.9381,0.888889,825.551
11771,KB3,HARQ,Default,200,0.0005,1,25,0,1.8386,0.888889,870.227
11772,KB3,HARQ,Default,200,0.0005,1,25,0,1.8521,0.888889,863.884
11773,KB3,HARQ,Default,200,0.0005,1,25,0,1.8454,0.888889,867.021
11774,KB3,HARQ,Default,200,0.0005,1,25,0,1.8884,0.888889,847.278
11775,KB3,HARQ,Default,200,0.0005,1,25,0,2.2168,0.888889,721.761
11776,KB3,HARQ,Default,200,0.0005,1,25,0,1.8468,0.888889,866.363
11777,KB3,HARQ,Default,200,0.0005,1,25,0,1.833,0.888889,872.886
11778,KB3,HARQ,Default,200,0.0005,1,25,0,1.9391,0.888889,825.125
11779,KB3,HARQ,Default,200,0.0005,1,25,0,1.8881,0.888889,847.413
11780,KB3,HARQ,Default,200,0.0005,1,25,0,1.8766,0.888889,852.606
11781,KB3,HARQ,Default,200,0.0005,1,25,0,2.043,0.888889,783.162
11782,KB3,HARQ,Default,200,0.0005,1,25,0,1.844,0.888889,867.679
11783,KB3,HARQ,Default,200,0.0005,1,25,0,2.9156,0.888889,548.772
11784,KB3,HARQ,Default,200,0.0005,1,25,0,1.9243,0.888889,831.471
11785,KB3,HARQ,Default,200,0.0005,1,25,0,1.9576,0.888889,817.327
11786,KB3,HARQ,Default,200,0.0005,1,25,0,1.9701,0.888889,812.142
11787,KB3,HARQ,Default,200,0.0005,1,25,0,1.9223,0.888889,832.336
11788,KB3,HARQ,Default,200,0.0005,1,25,0,1.9398,0.888889,824.827
11789,KB3,HARQ,Default,200,0.0005,1,25,0,1.9267,0.888889,830.435
11790,KB3,HARQ,Default,200,0.0005,1,25,0,1.9417,0.888889,824.02
11791,KB3,HARQ,Default,200,0.0005,1,25,0,1.9247,0.888889,831.298
11792,KB3,HARQ,Default,200,0.0005,1,25,0,1.9426,0.888889,823.638
11793,KB3,HARQ,Default,200,0.0005,1,25,0,1.9261,0.888889,830.694
11794,KB3,HARQ,Default,200,0.0005,1,25,0,1.9211,0.888889,832.856
11795,KB3,HARQ,Default,200,0.0005,1,25,0,1.9743,0.888889,810.414
11796,KB3,HARQ,Default,200,0.0005,1,25,0,1.9299,0.888889,829.059
11797,KB3,HARQ,Default,200,0.0005,1,25,0,1.9264,0.888889,830.565
11798,KB3,HARQ,Default,200,0.0005,1,25,0,1.9354,0.888889,826.702
11799,KB3,HARQ,Default,200,0.0005,1,25,0,1.9454,0.888889,822.453
11800,KB3,HARQ,Default,200,0.0005,1,25,0,1.9246,0.888889,831.342
11801,KB3,HARQ,Default,200,0.0005,1,25,0,1.9318,0.888889,828.243
11802,KB3,HARQ,Default,200,0.0005,1,25,0,1.9185,0.888889,833.985
11803,KB3,HARQ,Default,200,0.0005,1,25,0,1.945,0.888889,822.622
11804,KB3,HARQ,Default,200,0.0005,1,25,0,1.9525,0.888889,819.462
11805,KB3,HARQ,Default,200,0.0005,1,25,0,1.931,0.888889,828.586
11806,KB3,HARQ,Default,200,0.0005,1,25,0,1.9772,0.888889,809.225
11807,KB3,HARQ,Default,200,0.0005,1,25,0,1.9283,0.888889,829.746
11808,KB3,HARQ,Default,200,0.0005,1,25,0,1.9399,0.888889,824.785
11809,KB3,HARQ,Default,200,0.0005,1,25,0,1.9367,0.888889,826.148
11810,KB3,HARQ,Default,200,0.0005,1,25,0,1.9218,0.888889,832.553
11811,KB3,HARQ,Default,200,0.0005,1,25,0,1.9478,0.888889,821.44
11812,KB3,HARQ,Default,200,0.0005,1,25,0,1.9392,0.888889,825.083
11813,KB3,HARQ,Default,200,0.0005,1,25,0,1.9557,0.888889,818.121
11814,KB3,HARQ,Default,200,0.0005,1,25,0,1.9362,0.888889,826.361
11815,KB3,HARQ,Default,200,0.0005,1,25,0,1.9293,0.888889,829.316
11816,KB3,HARQ,Default,200,0.0005,1,25,0,1.9422,0.888889,823.808
11817,KB3,HARQ,Default,200,0.0005,1,25,0,1.9333,0.888889,827.6
11818,KB3,HARQ,Default,200,0.0005,1,25,0,1.9502,0.888889,820.429
11819,KB3,HARQ,Default,200,0.0005,1,25,0,1.9393,0.888889,825.04
11820,KB3,HARQ,Default,200,0.0005,1,25,0,1.9384,0.888889,825.423
11821,KB3,HARQ,Default,200,0.0005,1,25,0,1.9677,0.888889,813.132
11822,KB3,HARQ,Default,200,0.0005,1,25,0,2.0411,0.888889,783.891
11823,KB3,HARQ,Default,200,0.0005,1,25,0,1.946,0.888889,822.199
11824,KB3,HARQ,Default,200,0.0005,1,25,0,1.9373,0.888889,825.892
11825,KB3,HARQ,Default,200,0.0005,1,25,0,1.9483,0.888889,821.229
11826,KB3,HARQ,Default,200,0.0005,1,25,0,1.9366,0.888889,826.19
11827,KB3,HARQ,Default,200,0.0005,1,25,0,1.9214,0.888889,832.726
11828,KB3,HARQ,Default,200,0.0005,1,25,0,1.9407,0.888889,824.445
11829,KB3,HARQ,Default,200,0.0005,1,25,0,1.9481,0.888889,821.313
11830,KB3,HARQ,Default,200,0.0005,1,25,0,1.9534,0.888889,819.085
11831,KB3,HARQ,Default,200,0.0005,1,25,0,1.9315,0.888889,828.372
11832,KB3,HARQ,Default,200,0.0005,1,25,0,1.9326,0.888889,827.9
11833,KB3,HARQ,Default,200,0.0005,1,25,0,1.9331,0.888889,827.686
11834,KB3,HARQ,Default,200,0.0005,1,25,0,1.9277,0.888889,830.005
11835,KB3,HARQ,Default,200,0.0005,1,25,0,1.8793,0.888889,851.381
11836,KB3,HARQ,Default,200,0.0005,1,25,0,1.9014,0.888889,841.485
11837,KB3,HARQ,Default,200,0.0005,1,25,0,1.9667,0.888889,813.546
11838,KB3,HARQ,Default,200,0.0005,1,25,0,1.8845,0.888889,849.032
11839,KB3,HARQ,Default,200,0.0005,1,25,0,1.9021,0.888889,841.176
11840,KB3,HARQ,Default,200,0.0005,1,25,0,1.8884,0.888889,847.278
11841,KB3,HARQ,Default,200,0.0005,1,25,0,1.8853,0.888889,848.671
11842,KB3,HARQ,Default,200,0.0005,1,25,0,1.8811,0.888889,850.566
11843,KB3,HARQ,Default,200,0.0005,1,25,0,1.8876,0.888889,847.637
11844,KB3,HARQ,Default,200,0.0005,1,25,0,1.9036,0.888889,840.513
11845,KB3,HARQ,Default,200,0.0005,1,25,0,1.9084,0.888889,838.399
11846,KB3,HARQ,Default,200,0.0005,1,25,0,1.9165,0.888889,834.855
11847,KB3,HARQ,Default,200,0.0005,1,25,0,1.8764,0.888889,852.697
11848,KB3,HARQ,Default,200,0.0005,1,25,0,1.8916,0.888889,845.845
11849,KB3,HARQ,Default,200,0.0005,1,25,0,1.8828,0.888889,849.798
11850,KB3,HARQ,Default,200,0.0005,1,25,0,1.9116,0.888889,836.995
11851,KB3,HARQ,Default,200,0.0005,1,25,0,1.8762,0.888889,852.788
11852,KB3,HARQ,Default,200,0.0005,1,25,0,1.8888,0.888889,847.099
11853,KB3,HARQ,Default,200,0.0005,1,25,0,1.9716,0.888889,811.524
11854,KB3,HARQ,Default,200,0.0005,1,25,0,1.8834,0.888889,849.527
11855,KB3,HARQ,Default,200,0.0005,1,25,0,1.8809,0.888889,850.657
11856,KB3,HARQ,Default,200,0.0005,1,25,0,1.8865,0.888889,848.131
11857,KB3,HARQ,Default,200,0.0005,1,25,0,1.9016,0.888889,841.397
11858,KB3,HARQ,Default,200,0.0005,1,25,0,1.8928,0.888889,845.309
11859,KB3,HARQ,Default,200,0.0005,1,25,0,1.887,0.888889,847.907
11860,KB3,HARQ,Default,200,0.0005,1,25,0,1.8796,0.888889,851.245
11861,KB3,HARQ,Default,200,0.0005,1,25,0,1.8897,0.888889,846.695
11862,KB3,HARQ,Default,200,0.0005,1,25,0,1.9144,0.888889,835.771
11863,KB3,HARQ,Default,200,0.0005,1,25,0,1.8994,0.888889,842.371
11864,KB3,HARQ,Default,200,0.0005,1,25,0,1.912,0.888889,836.82
11865,KB3,HARQ,Default,200,0.0005,1,25,0,1.8766,0.888889,852.606
11866,KB3,HARQ,Default,200,0.0005,1,25,0,1.8867,0.888889,848.042
11867,KB3,HARQ,Default,200,0.0005,1,25,0,1.892,0.888889,845.666
11868,KB3,HARQ,Default,200,0.0005,1,25,0,1.8953,0.888889,844.194
11869,KB3,HARQ,Default,200,0.0005,1,25,0,1.9097,0.888889,837.828
11870,KB3,HARQ,Default,200,0.0005,1,25,0,2.0871,0.888889,766.614
11871,KB3,HARQ,Default,200,0.0005,1,25,0,1.9007,0.888889,841.795
11872,KB3,HARQ,Default,200,0.0005,1,25,0,1.8799,0.888889,851.109
11873,KB3,HARQ,Default,200,0.0005,1,25,0,1.8735,0.888889,854.017
11874,KB3,HARQ,Default,200,0.0005,1,25,0,1.8957,0.888889,844.015
11875,KB3,HARQ,Default,200,0.0005,1,25,0,1.9052,0.888889,839.807
11876,KB3,HARQ,Default,200,0.0005,1,25,0,1.904,0.888889,840.336
11877,KB3,HARQ,Default,200,0.0005,1,25,0,1.903,0.888889,840.778
11878,KB3,HARQ,Default,200,0.0005,1,25,0,2.0304,0.888889,788.022
11879,KB3,HARQ,Default,200,0.0005,1,25,0,1.9438,0.888889,823.13
11880,KB3,HARQ,Default,200,0.0005,1,25,0,1.8766,0.888889,852.606
11881,KB3,HARQ,Default,200,0.0005,1,25,0,1.8897,0.888889,846.695
11882,KB3,HARQ,Default,200,0.0005,1,25,0,1.9,0.888889,842.105
11883,KB3,HARQ,Default,200,0.0005,1,25,0,1.8876,0.888889,847.637
11884,KB3,HARQ,Default,200,0.0005,1,25,0,1.9121,0.888889,836.776
11885,KB3,HARQ,Default,200,0.0005,1,25,1,1.956,0.854701,817.996
11886,KB3,HARQ,Default,200,0.0005,1,25,0,1.9337,0.888889,827.429
11887,KB3,HARQ,Default,200,0.0005,1,25,0,1.9655,0.888889,814.042
11888,KB3,HARQ,Default,200,0.0005,1,25,0,1.9141,0.888889,835.902
11889,KB3,HARQ,Default,200,0.0005,1,25,0,1.8748,0.888889,853.424
11890,KB3,HARQ,Default,200,0.0005,1,25,0,1.904,0.888889,840.336
11891,KB3,HARQ,Default,200,0.0005,1,25,0,1.9036,0.888889,840.513
11892,KB3,HARQ,Default,200,0.0005,1,25,0,1.8944,0.888889,844.595
11893,KB3,HARQ,Default,200,0.0005,1,25,0,1.8873,0.888889,847.772
11894,KB3,HARQ,Default,200,0.0005,1,25,0,2.2864,0.888889,699.79
11895,KB3,HARQ,Default,200,0.0005,1,25,0,1.901,0.888889,841.662
11896,KB3,HARQ,Default,200,0.0005,1,25,0,1.8905,0.888889,846.337
11897,KB3,HARQ,Default,200,0.0005,1,25,0,1.9051,0.888889,839.851
11898,KB3,HARQ,Default,200,0.0005,1,25,0,1.8877,0.888889,847.592
11899,KB3,HARQ,Default,200,0.0005,1,25,1,1.9491,0.854701,820.892
11900,KB3,HARQ,Default,200,0.0005,1,25,0,1.8964,0.888889,843.704
11901,KB3,HARQ,Default,200,0.0005,1,25,0,1.8847,0.888889,848.941
11902,KB3,HARQ,Default,200,0.0005,1,25,0,1.8777,0.888889,852.106
11903,KB3,HARQ,Default,200,0.0005,1,25,0,1.875,0.888889,853.333
11904,KB3,HARQ,Default,200,0.0005,1,25,0,1.9063,0.888889,839.322
11905,KB3,HARQ,Default,200,0.0005,1,25,0,1.8831,0.888889,849.663
11906,KB3,HARQ,Default,200,0.0005,1,25,0,1.8973,0.888889,843.304
11907,KB3,HARQ,Default,200,0.0005,1,25,0,1.8962,0.888889,843.793
11908,KB3,HARQ,Default,200,0.0005,1,25,0,1.8854,0.888889,848.626
11909,KB3,HARQ,Default,200,0.0005,1,25,0,1.883,0.888889,849.708
11910,KB3,HARQ,Default,200,0.0005,1,25,0,1.9578,0.888889,817.244
11911,KB3,HARQ,Default,200,0.0005,1,25,0,1.8814,0.888889,850.431
11912,KB3,HARQ,Default,200,0.0005,1,25,0,1.8962,0.888889,843.793
11913,KB3,HARQ,Default,200,0.0005,1,25,0,1.9094,0.888889,837.96
11914,KB3,HARQ,Default,200,0.0005,1,25,0,1.8882,0.888889,847.368
11915,KB3,HARQ,Default,200,0.0005,1,25,0,1.9046,0.888889,840.071
11916,KB3,HARQ,Default,200,0.0005,1,25,0,1.8855,0.888889,848.581
11917,KB3,HARQ,Default,200,0.0005,1,25,0,1.8924,0.888889,845.487
11918,KB3,HARQ,Default,200,0.0005,1,25,0,2.0013,0.888889,799.48
11919,KB3,HARQ,Default,200,0.0005,1,25,0,1.9067,0.888889,839.146
11920,KB3,HARQ,Default,200,0.0005,1,25,0,1.8775,0.888889,852.197
11921,KB3,HARQ,Default,200,0.0005,1,25,0,1.878,0.888889,851.97
11922,KB3,HARQ,Default,200,0.0005,1,25,0,1.8957,0.888889,844.015
11923,KB3,HARQ,Default,200,0.0005,1,25,0,1.8731,0.888889,854.199
11924,KB3,HARQ,Default,200,0.0005,1,25,0,1.8866,0.888889,848.087
11925,KB3,HARQ,Default,200,0.0005,1,25,0,1.893,0.888889,845.219
11926,KB3,HARQ,Default,200,0.0005,1,25,0,1.9661,0.888889,813.794
11927,KB3,HARQ,Default,200,0.0005,1,25,0,1.9435,0.888889,823.257
11928,KB3,HARQ,Default,200,0.0005,1,25,0,1.9117,0.888889,836.951
11929,KB3,HARQ,Default,200,0.0005,1,25,0,2.0051,0.888889,797.965
11930,KB3,HARQ,Default,200,0.0005,1,25,0,1.9623,0.888889,815.37
11931,KB3,HARQ,Default,200,0.0005,1,25,0,1.9195,0.888889,833.55
11932,KB3,HARQ,Default,200,0.0005,1,25,0,2.0596,0.888889,776.85
11933,KB3,HARQ,Default,200,0.0005,1,25,0,1.9856,0.888889,805.802
11934,KB3,HARQ,Default,200,0.0005,1,25,0,1.9868,0.888889,805.315
11935,KB3,HARQ,Default,200,0.0005,1,25,0,1.92,0.888889,833.333
11936,KB3,HARQ,Default,200,0.0005,1,25,0,1.932,0.888889,828.157
11937,KB3,HARQ,Default,200,0.0005,1,25,0,1.9643,0.888889,814.54
11938,KB3,HARQ,Default,200,0.0005,1,25,0,1.9279,0.888889,829.919
11939,KB3,HARQ,Default,200,0.0005,1,25,0,1.9476,0.888889,821.524
11940,KB3,HARQ,Default,200,0.0005,1,25,0,1.936,0.888889,826.446
11941,KB3,HARQ,Default,200,0.0005,1,25,0,1.9306,0.888889,828.758
11942,KB3,HARQ,Default,200,0.0005,1,25,0,1.9729,0.888889,810.989
11943,KB3,HARQ,Default,200,0.0005,1,25,0,1.9139,0.888889,835.989
11944,KB3,HARQ,Default,200,0.0005,1,25,0,1.9274,0.888889,830.134
11945,KB3,HARQ,Default,200,0.0005,1,25,0,1.9299,0.888889,829.059
11946,KB3,HARQ,Default,200,0.0005,1,25,0,1.9279,0.888889,829.919
11947,KB3,HARQ,Default,200,0.0005,1,25,0,1.9236,0.888889,831.774
11948,KB3,HARQ,Default,200,0.0005,1,25,0,1.9281,0.888889,829.832
11949,KB3,HARQ,Default,200,0.0005,1,25,0,1.943,0.888889,823.469
11950,KB3,HARQ,Default,200,0.0005,1,25,0,1.9832,0.888889,806.777
11951,KB3,HARQ,Default,200,0.0005,1,25,0,1.9475,0.888889,821.566
11952,KB3,HARQ,Default,200,0.0005,1,25,0,1.9233,0.888889,831.903
11953,KB3,HARQ,Default,200,0.0005,1,25,0,1.9162,0.888889,834.986
11954,KB3,HARQ,Default,200,0.0005,1,25,0,1.9419,0.888889,823.935
11955,KB3,HARQ,Default,200,0.0005,1,25,0,1.9277,0.888889,830.005
11956,KB3,HARQ,Default,200,0.0005,1,25,0,1.9181,0.888889,834.159
11957,KB3,HARQ,Default,200,0.0005,1,25,0,1.9248,0.888889,831.255
11958,KB3,HARQ,Default,200,0.0005,1,25,0,1.923,0.888889,832.033
11959,KB3,HARQ,Default,200,0.0005,1,25,0,1.9319,0.888889,828.2
11960,KB3,HARQ,Default,200,0.0005,1,25,0,1.9249,0.888889,831.212
11961,KB3,HARQ,Default,200,0.0005,1,25,0,1.9223,0.888889,832.336
11962,KB3,HARQ,Default,200,0.0005,1,25,0,1.9319,0.888889,828.2
11963,KB3,HARQ,Default,200,0.0005,1,25,0,1.9159,0.888889,835.117
11964,KB3,HARQ,Default,200,0.0005,1,25,0,1.9502,0.888889,820.429
11965,KB3,HARQ,Default,200,0.0005,1,25,0,1.9434,0.888889,823.299
11966,KB3,HARQ,Default,200,0.0005,1,25,0,2.0839,0.888889,767.791
11967,KB3,HARQ,Default,200,0.0005,1,25,0,1.9328,0.888889,827.815
11968,KB3,HARQ,Default,200,0.0005,1,25,0,1.9512,0.888889,820.008
11969,KB3,HARQ,Default,200,0.0005,1,25,0,1.932,0.888889,828.157
11970,KB3,HARQ,Default,200,0.0005,1,25,0,1.9332,0.888889,827.643
11971,KB3,HARQ,Default,200,0.0005,1,25,0,1.9399,0.888889,824.785
11972,KB3,HARQ,Default,200,0.0005,1,25,0,1.9185,0.888889,833.985
11973,KB3,HARQ,Default,200,0.0005,1,25,0,1.9584,0.888889,816.993
11974,KB3,HARQ,Default,200,0.0005,1,25,0,1.9396,0.888889,824.912
11975,KB3,HARQ,Default,200,0.0005,1,25,0,1.928,0.888889,829.876
11976,KB3,HARQ,Default,200,0.0005,1,25,0,1.9374,0.888889,825.849
11977,KB3,HARQ,Default,200,0.0005,1,25,0,1.9508,0.888889,820.176
11978,KB3,HARQ,Default,200,0.0005,1,25,0,1.9389,0.888889,825.21
11979,KB3,HARQ,Default,200,0.0005,1,25,0,1.94,0.888889,824.742
11980,KB3,HARQ,Default,200,0.0005,1,25,0,1.9273,0.888889,830.177
11981,KB3,HARQ,Default,200,0.0005,1,25,0,1.9238,0.888889,831.687
11982,KB3,HARQ,Default,200,0.0005,1,25,0,1.9275,0.888889,830.091
11983,KB3,HARQ,Default,200,0.0005,1,25,0,1.9348,0.888889,826.959
11984,KB3,HARQ,Default,200,0.0005,1,25,0,1.9531,0.888889,819.21
11985,KB3,HARQ,Default,200,0.0005,1,25,0,2.0027,0.888889,798.921
11986,KB3,HARQ,Default,200,0.0005,1,25,0,1.8968,0.888889,843.526
11987,KB3,HARQ,Default,200,0.0005,1,25,0,1.9084,0.888889,838.399
11988,KB3,HARQ,Default,200,0.0005,1,25,0,1.8924,0.888889,845.487
11989,KB3,HARQ,Default,200,0.0005,1,25,0,1.9834,0.888889,806.696
11990,KB3,HARQ,Default,200,0.0005,1,25,0,1.9173,0.888889,834.507
11991,KB3,HARQ,Default,200,0.0005,1,25,0,1.9014,0.888889,841.485
11992,KB3,HARQ,Default,200,0.0005,1,25,0,1.8864,0.888889,848.176
11993,KB3,HARQ,Default,200,0.0005,1,25,0,1.8821,0.888889,850.114
11994,KB3,HARQ,Default,200,0.0005,1,25,0,1.8892,0.888889,846.919
11995,KB3,HARQ,Default,200,0.0005,1,25,0,1.8736,0.888889,853.971
11996,KB3,HARQ,Default,200,0.0005,1,25,0,1.8936,0.888889,844.951
11997,KB3,HARQ,Default,200,0.0005,1,25,0,1.9895,0.888889,804.222
11998,KB3,HARQ,Default,200,0.0005,1,25,0,1.8897,0.888889,846.695
11999,KB3,HARQ,Default,200,0.0005,1,25,0,1.8782,0.888889,851.879
12000,KB3,HARQ,Default,200,0.0005,1,25,0,1.9034,0.888889,840.601
12001,KB3,ARQ,Default,200,0.001,1,25,2,0.2288,0.823045,6993.01
12002,KB3,ARQ,Default,200,0.001,1,25,4,0.2097,0.766284,7629.95
12003,KB3,ARQ,Default,200,0.001,1,25,3,0.2062,0.793651,7759.46
12004,KB3,ARQ,Default,200,0.001,1,25,3,0.2081,0.793651,7688.61
12005,KB3,ARQ,Default,200,0.001,1,25,5,0.2148,0.740741,7448.79
12006,KB3,ARQ,Default,200,0.001,1,25,2,0.2037,0.823045,7854.69
12007,KB3,ARQ,Default,200,0.001,1,25,4,0.2098,0.766284,7626.31
12008,KB3,ARQ,Default,200,0.001,1,25,3,0.207,0.793651,7729.47
12009,KB3,ARQ,Default,200,0.001,1,25,0,0.1915,0.888889,8355.09
12010,KB3,ARQ,Default,200,0.001,1,25,2,0.2032,0.823045,7874.02
12011,KB3,ARQ,Default,200,0.001,1,25,2,0.2026,0.823045,7897.33
12012,KB3,ARQ,Default,200,0.001,1,25,0,0.1925,0.888889,8311.69
12013,KB3,ARQ,Default,200,0.001,1,25,4,0.2097,0.766284,7629.95
12014,KB3,ARQ,Default,200,0.001,1,25,2,0.2046,0.823045,7820.14
12015,KB3,ARQ,Default,200,0.001,1,25,4,0.2134,0.766284,7497.66
12016,KB3,ARQ,Default,200,0.001,1,25,5,0.2147,0.740741,7452.26
12017,KB3,ARQ,Default,200,0.001,1,25,0,0.1943,0.888889,8234.69
12018,KB3,ARQ,Default,200,0.001,1,25,1,0.1965,0.854701,8142.49
12019,KB3,ARQ,Default,200,0.001,1,25,4,0.2113,0.766284,7572.17
12020,KB3,ARQ,Default,200,0.001,1,25,1,0.1965,0.854701,8142.49
12021,KB3,ARQ,Default,200,0.001,1,25,0,0.194,0.888889,8247.42
12022,KB3,ARQ,Default,200,0.001,1,25,5,0.2151,0.740741,7438.4
12023,KB3,ARQ,Default,200,0.001,1,25,0,0.1923,0.888889,8320.33
12024,KB3,ARQ,Default,200,0.001,1,25,4,0.2127,0.766284,7522.33
12025,KB3,ARQ,Default,200,0.001,1,25,0,0.2006,0.888889,7976.07
12026,KB3,ARQ,Default,200,0.001,1,25,6,0.2205,0.716846,7256.24
12027,KB3,ARQ,Default,200,0.001,1,25,3,0.2088,0.793651,7662.84
12028,KB3,ARQ,Default,200,0.001,1,25,5,0.2158,0.740741,7414.27
12029,KB3,ARQ,Default,200,0.001,1,25,0,0.1914,0.888889,8359.46
12030,KB3,ARQ,Default,200,0.001,1,25,1,0.1953,0.854701,8192.52
12031,KB3,ARQ,Default,200,0.001,1,25,2,0.2036,0.823045,7858.55
12032,KB3,ARQ,Default,200,0.001,1,25,1,0.1958,0.854701,8171.6
12033,KB3,ARQ,Default,200,0.001,1,25,4,0.21,0.766284,7619.05
12034,KB3,ARQ,Default,200,0.001,1,25,1,0.1973,0.854701,8109.48
12035,KB3,ARQ,Default,200,0.001,1,25,1,0.1977,0.854701,8093.07
12036,KB3,ARQ,Default,200,0.001,1,25,3,0.2301,0.793651,6953.5
12037,KB3,ARQ,Default,200,0.001,1,25,1,0.1966,0.854701,8138.35
12038,KB3,ARQ,Default,200,0.001,1,25,1,0.1968,0.854701,8130.08
12039,KB3,ARQ,Default,200,0.001,1,25,3,0.207,0.793651,7729.47
12040,KB3,ARQ,Default,200,0.001,1,25,2,0.2024,0.823045,7905.14
12041,KB3,ARQ,Default,200,0.001,1,25,2,0.2038,0.823045,7850.83
12042,KB3,ARQ,Default,200,0.001,1,25,3,0.2077,0.793651,7703.42
12043,KB3,ARQ,Default,200,0.001,1,25,5,0.2158,0.740741,7414.27
12044,KB3,ARQ,Default,200,0.001,1,25,2,0.2045,0.823045,7823.96
12045,KB3,ARQ,Default,200,0.001,1,25,2,0.2041,0.823045,7839.29
12046,KB3,ARQ,Default,200,0.001,1,25,5,0.2147,0.740741,7452.26
12047,KB3,ARQ,Default,200,0.001,1,25,0,0.1939,0.888889,8251.68
12048,KB3,ARQ,Default,200,0.001,1,25,2,0.203,0.823045,7881.77
12049,KB3,ARQ,Default,200,0.001,1,25,2,0.2027,0.823045,7893.44
12050,KB3,ARQ,Default,200,0.001,1,25,3,0.2094,0.793651,7640.88
12051,KB3,ARQ,Default,200,0.001,1,25,2,0.2033,0.823045,7870.14
12052,KB3,ARQ,Default,200,0.001,1,25,3,0.2069,0.793651,7733.2
12053,KB3,ARQ,Default,200,0.001,1,25,4,0.2125,0.766284,7529.41
12054,KB3,ARQ,Default,200,0.001,1,25,3,0.2111,0.793651,7579.35
12055,KB3,ARQ,Default,200,0.001,1,25,2,0.2029,0.823045,7885.66
12056,KB3,ARQ,Default,200,0.001,1,25,0,0.1936,0.888889,8264.46
12057,KB3,ARQ,Default,200,0.001,1,25,1,0.1976,0.854701,8097.17
12058,KB3,ARQ,Default,200,0.001,1,25,1,0.1985,0.854701,8060.45
12059,KB3,ARQ,Default,200,0.001,1,25,4,0.2116,0.766284,7561.44
12060,KB3,ARQ,Default,200,0.001,1,25,3,0.2086,0.793651,7670.18
12061,KB3,ARQ,Default,200,0.001,1,25,1,0.1967,0.854701,8134.21
12062,KB3,ARQ,Default,200,0.001,1,25,2,0.2035,0.823045,7862.41
12063,KB3,ARQ,Default,200,0.001,1,25,5,0.2131,0.740741,7508.21
12064,KB3,ARQ,Default,200,0.001,1,25,0,0.1916,0.888889,8350.73
12065,KB3,ARQ,Default,200,0.001,1,25,1,0.1974,0.854701,8105.37
12066,KB3,ARQ,Default,200,0.001,1,25,0,0.1912,0.888889,8368.2
12067,KB3,ARQ,Default,200,0.001,1,25,2,0.2022,0.823045,7912.96
12068,KB3,ARQ,Default,200,0.001,1,25,1,0.1957,0.854701,8175.78
12069,KB3,ARQ,Default,200,0.001,1,25,3,0.2089,0.793651,7659.17
12070,KB3,ARQ,Default,200,0.001,1,25,0,0.1931,0.888889,8285.86
12071,KB3,ARQ,Default,200,0.001,1,25,1,0.196,0.854701,8163.27
12072,KB3,ARQ,Default,200,0.001,1,25,0,0.1926,0.888889,8307.37
12073,KB3,ARQ,Default,200,0.001,1,25,3,0.2076,0.793651,7707.13
12074,KB3,ARQ,Default,200,0.001,1,25,1,0.1962,0.854701,8154.94
12075,KB3,ARQ,Default,200,0.001,1,25,3,0.2083,0.793651,7681.23
12076,KB3,ARQ,Default,200,0.001,1,25,1,0.1966,0.854701,8138.35
12077,KB3,ARQ,Default,200,0.001,1,25,3,0.2083,0.793651,7681.23
12078,KB3,ARQ,Default,200,0.001,1,25,2,0.202,0.823045,7920.79
12079,KB3,ARQ,Default,200,0.001,1,25,1,0.1958,0.854701,8171.6
12080,KB3,ARQ,Default,200,0.001,1,25,2,0.2036,0.823045,7858.55
12081,KB3,ARQ,Default,200,0.001,1,25,3,0.2116,0.793651,7561.44
12082,KB3,ARQ,Default,200,0.001,1,25,3,0.2081,0.793651,7688.61
12083,KB3,ARQ,Default,200,0.001,1,25,1,0.1963,0.854701,8150.79
12084,KB3,ARQ,Default,200,0.001,1,25,2,0.2063,0.823045,7755.7
12085,KB3,ARQ,Default,200,0.001,1,25,3,0.2072,0.793651,7722.01
12086,KB3,ARQ,Default,200,0.001,1,25,1,0.1971,0.854701,8117.71
12087,KB3,ARQ,Default,200,0.001,1,25,1,0.1965,0.854701,8142.49
12088,KB3,ARQ,Default,200,0.001,1,25,3,0.2096,0.793651,7633.59
12089,KB3,ARQ,Default,200,0.001,1,25,2,0.2031,0.823045,7877.89
12090,KB3,ARQ,Default,200,0.001,1,25,1,0.1963,0.854701,8150.79
12091,KB3,ARQ,Default,200,0.001,1,25,0,0.192,0.888889,8333.33
12092,KB3,ARQ,Default,200,0.001,1,25,1,0.1974,0.854701,8105.37
12093,KB3,ARQ,Default,200,0.001,1,25,3,0.2072,0.793651,7722.01
12094,KB3,ARQ,Default,200,0.001,1,25,1,0.1965,0.854701,8142.49
12095,KB3,ARQ,Default,200,0.001,1,25,1,0.1971,0.854701,8117.71
12096,KB3,ARQ,Default,200,0.001,1,25,1,0.2591,0.854701,6175.22
12097,KB3,ARQ,Default,200,0.001,1,25,3,0.2056,0.793651,7782.1
12098,KB3,ARQ,Default,200,0.001,1,25,1,0.1964,0.854701,8146.64
12099,KB3,ARQ,Default,200,0.001,1,25,3,0.2091,0.793651,7651.84
12100,KB3,ARQ,Default,200,0.001,1,25,0,0.1952,0.888889,8196.72
12101,KB3,ARQ,Default,200,0.001,1,25,0,0.1933,0.888889,8277.29
12102,KB3,ARQ,Default,200,0.001,1,25,1,0.1956,0.854701,8179.96
12103,KB3,ARQ,Default,200,0.001,1,25,5,0.216,0.740741,7407.41
12104,KB3,ARQ,Default,200,0.001,1,25,3,0.2073,0.793651,7718.28
12105,KB3,ARQ,Default,200,0.001,1,25,2,0.2039,0.823045,7846.98
12106,KB3,ARQ,Default,200,0.001,1,25,1,0.1962,0.854701,8154.94
12107,KB3,ARQ,Default,200,0.001,1,25,3,0.2179,0.793651,7342.82
12108,KB3,ARQ,Default,200,0.001,1,25,1,0.1963,0.854701,8150.79
12109,KB3,ARQ,Default,200,0.001,1,25,4,0.2096,0.766284,7633.59
12110,KB3,ARQ,Default,200,0.001,1,25,2,0.2048,0.823045,7812.5
12111,KB3,ARQ,Default,200,0.001,1,25,0,0.1939,0.888889,8251.68
12112,KB3,ARQ,Default,200,0.001,1,25,0,0.1931,0.888889,8285.86
12113,KB3,ARQ,Default,200,0.001,1,25,1,0.1955,0.854701,8184.14
12114,KB3,ARQ,Default,200,0.001,1,25,2,0.2046,0.823045,7820.14
12115,KB3,ARQ,Default,200,0.001,1,25,1,0.197,0.854701,8121.83
12116,KB3,ARQ,Default,200,0.001,1,25,3,0.2067,0.793651,7740.69
12117,KB3,ARQ,Default,200,0.001,1,25,1,0.1963,0.854701,8150.79
12118,KB3,ARQ,Default,200,0.001,1,25,1,0.196,0.854701,8163.27
12119,KB3,ARQ,Default,200,0.001,1,25,1,0.1968,0.854701,8130.08
12120,KB3,ARQ,Default,200,0.001,1,25,0,0.1913,0.888889,8363.83
12121,KB3,ARQ,Default,200,0.001,1,25,1,0.194,0.854701,8247.42
12122,KB3,ARQ,Default,200,0.001,1,25,1,0.1967,0.854701,8134.21
12123,KB3,ARQ,Default,200,0.001,1,25,1,0.1975,0.854701,8101.27
12124,KB3,ARQ,Default,200,0.001,1,25,2,0.2035,0.823045,7862.41
12125,KB3,ARQ,Default,200,0.001,1,25,1,0.1954,0.854701,8188.33
12126,KB3,ARQ,Default,200,0.001,1,25,0,0.1916,0.888889,8350.73
12127,KB3,ARQ,Default,200,0.001,1,25,0,0.193,0.888889,8290.16
12128,KB3,ARQ,Default,200,0.001,1,25,2,0.2028,0.823045,7889.55
12129,KB3,ARQ,Default,200,0.001,1,25,3,0.2068,0.793651,7736.94
12130,KB3,ARQ,Default,200,0.001,1,25,1,0.1952,0.854701,8196.72
12131,KB3,ARQ,Default,200,0.001,1,25,1,0.1977,0.854701,8093.07
12132,KB3,ARQ,Default,200,0.001,1,25,0,0.1921,0.888889,8329
12133,KB3,ARQ,Default,200,0.001,1,25,2,0.2043,0.823045,7831.62
12134,KB3,ARQ,Default,200,0.001,1,25,1,0.1978,0.854701,8088.98
12135,KB3,ARQ,Default,200,0.001,1,25,3,0.2076,0.793651,7707.13
12136,KB3,ARQ,Default,200,0.001,1,25,2,0.2025,0.823045,7901.23
12137,KB3,ARQ,Default,200,0.001,1,25,1,0.197,0.854701,8121.83
12138,KB3,ARQ,Default,200,0.001,1,25,0,0.1928,0.888889,8298.76
12139,KB3,ARQ,Default,200,0.001,1,25,2,0.2046,0.823045,7820.14
12140,KB3,ARQ,Default,200,0.001,1,25,1,0.1962,0.854701,8154.94
12141,KB3,ARQ,Default,200,0.001,1,25,3,0.2072,0.793651,7722.01
12142,KB3,ARQ,Default,200,0.001,1,25,4,0.2123,0.766284,7536.5
12143,KB3,ARQ,Default,200,0.001,1,25,2,0.2051,0.823045,7801.07
12144,KB3,ARQ,Default,200,0.001,1,25,2,0.2046,0.823045,7820.14
12145,KB3,ARQ,Default,200,0.001,1,25,3,0.207,0.793651,7729.47
12146,KB3,ARQ,Default,200,0.001,1,25,3,0.2084,0.793651,7677.54
12147,KB3,ARQ,Default,200,0.001,1,25,2,0.2031,0.823045,7877.89
12148,KB3,ARQ,Default,200,0.001,1,25,3,0.2068,0.793651,7736.94
12149,KB3,ARQ,Default,200,0.001,1,25,0,0.1921,0.888889,8329
12150,KB3,ARQ,Default,200,0.001,1,25,1,0.1972,0.854701,8113.59
12151,KB3,ARQ,Default,200,0.001,1,25,0,0.193,0.888889,8290.16
12152,KB3,ARQ,Default,200,0.001,1,25,2,0.2047,0.823045,7816.32
12153,KB3,ARQ,Default,200,0.001,1,25,2,0.2039,0.823045,7846.98
12154,KB3,ARQ,Default,200,0.001,1,25,1,0.1968,0.854701,8130.08
12155,KB3,ARQ,Default,200,0.001,1,25,5,0.214,0.740741,7476.64
12156,KB3,ARQ,Default,200,0.001,1,25,2,0.2528,0.823045,6329.11
12157,KB3,ARQ,Default,200,0.001,1,25,2,0.2039,0.823045,7846.98
12158,KB3,ARQ,Default,200,0.001,1,25,0,0.1938,0.888889,8255.93
12159,KB3,ARQ,Default,200,0.001,1,25,0,0.1941,0.888889,8243.17
12160,KB3,ARQ,Default,200,0.001,1,25,2,0.2048,0.823045,7812.5
12161,KB3,ARQ,Default,200,0.001,1,25,5,0.2151,0.740741,7438.4
12162,KB3,ARQ,Default,200,0.001,1,25,1,0.1984,0.854701,8064.52
12163,KB3,ARQ,Default,200,0.001,1,25,0,0.1934,0.888889,8273.01
12164,KB3,ARQ,Default,200,0.001,1,25,1,0.1948,0.854701,8213.55
12165,KB3,ARQ,Default,200,0.001,1,25,3,0.2078,0.793651,7699.71
12166,KB3,ARQ,Default,200,0.001,1,25,0,0.1931,0.888889,8285.86
12167,KB3,ARQ,Default,200,0.001,1,25,4,0.2108,0.766284,7590.13
12168,KB3,ARQ,Default,200,0.001,1,25,1,0.1973,0.854701,8109.48
12169,KB3,ARQ,Default,200,0.001,1,25,1,0.1972,0.854701,8113.59
12170,KB3,ARQ,Default,200,0.001,1,25,2,0.2027,0.823045,7893.44
12171,KB3,ARQ,Default,200,0.001,1,25,1,0.198,0.854701,8080.81
12172,KB3,ARQ,Default,200,0.001,1,25,2,0.2041,0.823045,7839.29
12173,KB3,ARQ,Default,200,0.001,1,25,0,0.1934,0.888889,8273.01
12174,KB3,ARQ,Default,200,0.001,1,25,3,0.207,0.793651,7729.47
12175,KB3,ARQ,Default,200,0.001,1,25,1,0.1943,0.854701,8234.69
12176,KB3,ARQ,Default,200,0.001,1,25,1,0.1969,0.854701,8125.95
12177,KB3,ARQ,Default,200,0.001,1,25,0,0.1933,0.888889,8277.29
12178,KB3,ARQ,Default,200,0.001,1,25,1,0.1969,0.854701,8125.95
12179,KB3,ARQ,Default,200,0.001,1,25,1,0.1958,0.854701,8171.6
12180,KB3,ARQ,Default,200,0.001,1,25,1,0.1953,0.854701,8192.52
12181,KB3,ARQ,Default,200,0.001,1,25,3,0.2077,0.793651,7703.42
12182,KB3,ARQ,Default,200,0.001,1,25,3,0.2091,0.793651,7651.84
12183,KB3,ARQ,Default,200,0.001,1,25,2,0.2017,0.823045,7932.57
12184,KB3,ARQ,Default,200,0.001,1,25,3,0.2087,0.793651,7666.51
12185,KB3,ARQ,Default,200,0.001,1,25,4,0.2129,0.766284,7515.27
12186,KB3,ARQ,Default,200,0.001,1,25,1,0.1959,0.854701,8167.43
12187,KB3,ARQ,Default,200,0.001,1,25,2,0.2045,0.823045,7823.96
12188,KB3,ARQ,Default,200,0.001,1,25,2,0.2043,0.823045,7831.62
12189,KB3,ARQ,Default,200,0.001,1,25,2,0.2071,0.823045,7725.74
12190,KB3,ARQ,Default,200,0.001,1,25,4,0.2115,0.766284,7565.01
12191,KB3,ARQ,Default,200,0.001,1,25,2,0.2037,0.823045,7854.69
12192,KB3,ARQ,Default,200,0.001,1,25,2,0.2043,0.823045,7831.62
12193,KB3,ARQ,Default,200,0.001,1,25,2,0.2044,0.823045,7827.79
12194,KB3,ARQ,Default,200,0.001,1,25,2,0.2042,0.823045,7835.46
12195,KB3,ARQ,Default,200,0.001,1,25,3,0.2067,0.793651,7740.69
12196,KB3,ARQ,Default,200,0.001,1,25,2,0.2053,0.823045,7793.47
12197,KB3,ARQ,Default,200,0.001,1,25,1,0.2039,0.854701,7846.98
12198,KB3,ARQ,Default,200,0.001,1,25,3,0.206,0.793651,7766.99
12199,KB3,ARQ,Default,200,0.001,1,25,1,0.1959,0.854701,8167.43
12200,KB3,ARQ,Default,200,0.001,1,25,1,0.1983,0.854701,8068.58
12201,KB3,ARQ,Default,200,0.001,1,25,2,0.2027,0.823045,7893.44
12202,KB3,ARQ,Default,200,0.001,1,25,3,0.2069,0.793651,7733.2
12203,KB3,ARQ,Default,200,0.001,1,25,2,0.2037,0.823045,7854.69
12204,KB3,ARQ,Default,200,0.001,1,25,1,0.198,0.854701,8080.81
12205,KB3,ARQ,Default,200,0.001,1,25,1,0.1973,0.854701,8109.48
12206,KB3,ARQ,Default,200,0.001,1,25,3,0.2075,0.793651,7710.84
12207,KB3,ARQ,Default,200,0.001,1,25,0,0.1922,0.888889,8324.66
12208,KB3,ARQ,Default,200,0.001,1,25,0,0.1958,0.888889,8171.6
12209,KB3,ARQ,Default,200,0.001,1,25,1,0.1955,0.854701,8184.14
12210,KB3,ARQ,Default,200,0.001,1,25,0,0.1923,0.888889,8320.33
12211,KB3,ARQ,Default,200,0.001,1,25,0,0.1939,0.888889,8251.68
12212,KB3,ARQ,Default,200,0.001,1,25,1,0.1998,0.854701,8008.01
12213,KB3,ARQ,Default,200,0.001,1,25,3,0.2071,0.793651,7725.74
12214,KB3,ARQ,Default,200,0.001,1,25,2,0.2045,0.823045,7823.96
12215,KB3,ARQ,Default,200,0.001,1,25,1,0.1967,0.854701,8134.21
12216,KB3,ARQ,Default,200,0.001,1,25,0,0.2295,0.888889,6971.68
12217,KB3,ARQ,Default,200,0.001,1,25,2,0.2034,0.823045,7866.27
12218,KB3,ARQ,Default,200,0.001,1,25,1,0.1972,0.854701,8113.59
12219,KB3,ARQ,Default,200,0.001,1,25,3,0.2091,0.793651,7651.84
12220,KB3,ARQ,Default,200,0.001,1,25,1,0.1964,0.854701,8146.64
12221,KB3,ARQ,Default,200,0.001,1,25,2,0.2038,0.823045,7850.83
12222,KB3,ARQ,Default,200,0.001,1,25,0,0.192,0.888889,8333.33
12223,KB3,ARQ,Default,200,0.001,1,25,0,0.1948,0.888889,8213.55
12224,KB3,ARQ,Default,200,0.001,1,25,0,0.1946,0.888889,8221.99
12225,KB3,ARQ,Default,200,0.001,1,25,1,0.1963,0.854701,8150.79
12226,KB3,ARQ,Default,200,0.001,1,25,0,0.1928,0.888889,8298.76
12227,KB3,ARQ,Default,200,0.001,1,25,3,0.2091,0.793651,7651.84
12228,KB3,ARQ,Default,200,0.001,1,25,4,0.2123,0.766284,7536.5
12229,KB3,ARQ,Default,200,0.001,1,25,1,0.1962,0.854701,8154.94
12230,KB3,ARQ,Default,200,0.001,1,25,3,0.2059,0.793651,7770.76
12231,KB3,ARQ,Default,200,0.001,1,25,0,0.1934,0.888889,8273.01
12232,KB3,ARQ,Default,200,0.001,1,25,3,0.2062,0.793651,7759.46
12233,KB3,ARQ,Default,200,0.001,1,25,2,0.2018,0.823045,7928.64
12234,KB3,ARQ,Default,200,0.001,1,25,1,0.1971,0.854701,8117.71
12235,KB3,ARQ,Default,200,0.001,1,25,1,0.1967,0.854701,8134.21
12236,KB3,ARQ,Default,200,0.001,1,25,2,0.2026,0.823045,7897.33
12237,KB3,ARQ,Default,200,0.001,1,25,1,0.1971,0.854701,8117.71
12238,KB3,ARQ,Default,200,0.001,1,25,2,0.2036,0.823045,7858.55
12239,KB3,ARQ,Default,200,0.001,1,25,1,0.196,0.854701,8163.27
12240,KB3,ARQ,Default,200,0.001,1,25,0,0.1932,0.888889,8281.57
12241,KB3,ARQ,Default,200,0.001,1,25,0,0.1918,0.888889,8342.02
12242,KB3,ARQ,Default,200,0.001,1,25,4,0.2105,0.766284,7600.95
12243,KB3,ARQ,Default,200,0.001,1,25,4,0.2118,0.766284,7554.3
12244,KB3,ARQ,Default,200,0.001,1,25,0,0.1922,0.888889,8324.66
12245,KB3,ARQ,Default,200,0.001,1,25,1,0.1968,0.854701,8130.08
12246,KB3,ARQ,Default,200,0.001,1,25,3,0.2086,0.793651,7670.18
12247,KB3,ARQ,Default,200,0.001,1,25,2,0.2043,0.823045,7831.62
12248,KB3,ARQ,Default,200,0.001,1,25,1,0.1964,0.854701,8146.64
12249,KB3,ARQ,Default,200,0.001,1,25,3,0.2076,0.793651,7707.13
12250,KB3,ARQ,Default,200,0.001,1,25,2,0.2037,0.823045,7854.69
12251,KB3,ARQ,Default,200,0.001,1,25,1,0.1976,0.854701,8097.17
12252,KB3,ARQ,Default,200,0.001,1,25,0,0.1931,0.888889,8285.86
12253,KB3,ARQ,Default,200,0.001,1,25,2,0.2047,0.823045,7816.32
12254,KB3,ARQ,Default,200,0.001,1,25,4,0.2132,0.766284,7504.69
12255,KB3,ARQ,Default,200,0.001,1,25,0,0.1936,0.888889,8264.46
12256,KB3,ARQ,Default,200,0.001,1,25,3,0.208,0.793651,7692.31
12257,KB3,ARQ,Default,200,0.001,1,25,0,0.1935,0.888889,8268.73
12258,KB3,ARQ,Default,200,0.001,1,25,6,0.2232,0.716846,7168.46
12259,KB3,ARQ,Default,200,0.001,1,25,1,0.1917,0.854701,8346.37
12260,KB3,ARQ,Default,200,0.001,1,25,1,0.1906,0.854701,8394.54
12261,KB3,ARQ,Default,200,0.001,1,25,0,0.1882,0.888889,8501.59
12262,KB3,ARQ,Default,200,0.001,1,25,2,0.1995,0.823045,8020.05
12263,KB3,ARQ,Default,200,0.001,1,25,2,0.1971,0.823045,8117.71
12264,KB3,ARQ,Default,200,0.001,1,25,3,0.2021,0.793651,7916.87
12265,KB3,ARQ,Default,200,0.001,1,25,0,0.1876,0.888889,8528.78
12266,KB3,ARQ,Default,200,0.001,1,25,0,0.1889,0.888889,8470.09
12267,KB3,ARQ,Default,200,0.001,1,25,1,0.1908,0.854701,8385.74
12268,KB3,ARQ,Default,200,0.001,1,25,1,0.1912,0.854701,8368.2
12269,KB3,ARQ,Default,200,0.001,1,25,1,0.192,0.854701,8333.33
12270,KB3,ARQ,Default,200,0.001,1,25,0,0.1881,0.888889,8506.11
12271,KB3,ARQ,Default,200,0.001,1,25,0,0.1875,0.888889,8533.33
12272,KB3,ARQ,Default,200,0.001,1,25,4,0.2067,0.766284,7740.69
12273,KB3,ARQ,Default,200,0.001,1,25,4,0.2061,0.766284,7763.22
12274,KB3,ARQ,Default,200,0.001,1,25,4,0.2074,0.766284,7714.56
12275,KB3,ARQ,Default,200,0.001,1,25,3,0.2027,0.793651,7893.44
12276,KB3,ARQ,Default,200,0.001,1,25,0,0.2508,0.888889,6379.59
12277,KB3,ARQ,Default,200,0.001,1,25,1,0.3098,0.854701,5164.62
12278,KB3,ARQ,Default,200,0.001,1,25,2,0.3087,0.823045,5183.03
12279,KB3,ARQ,Default,200,0.001,1,25,2,0.2449,0.823045,6533.28
12280,KB3,ARQ,Default,200,0.001,1,25,0,0.3789,0.888889,4222.75
12281,KB3,ARQ,Default,200,0.001,1,25,2,0.2796,0.823045,5722.46
12282,KB3,ARQ,Default,200,0.001,1,25,2,0.23,0.823045,6956.52
12283,KB3,ARQ,Default,200,0.001,1,25,0,0.1885,0.888889,8488.06
12284,KB3,ARQ,Default,200,0.001,1,25,2,0.1997,0.823045,8012.02
12285,KB3,ARQ,Default,200,0.001,1,25,1,0.2246,0.854701,7123.78
12286,KB3,ARQ,Default,200,0.001,1,25,0,0.1886,0.888889,8483.56
12287,KB3,ARQ,Default,200,0.001,1,25,0,0.1887,0.888889,8479.07
12288,KB3,ARQ,Default,200,0.001,1,25,1,0.1912,0.854701,8368.2
12289,KB3,ARQ,Default,200,0.001,1,25,1,0.193,0.854701,8290.16
12290,KB3,ARQ,Default,200,0.001,1,25,0,0.1865,0.888889,8579.09
12291,KB3,ARQ,Default,200,0.001,1,25,3,0.202,0.793651,7920.79
12292,KB3,ARQ,Default,200,0.001,1,25,1,0.2236,0.854701,7155.64
12293,KB3,ARQ,Default,200,0.001,1,25,0,0.1888,0.888889,8474.58
12294,KB3,ARQ,Default,200,0.001,1,25,1,0.1911,0.854701,8372.58
12295,KB3,ARQ,Default,200,0.001,1,25,3,0.2023,0.793651,7909.05
12296,KB3,ARQ,Default,200,0.001,1,25,5,0.2099,0.740741,7622.68
12297,KB3,ARQ,Default,200,0.001,1,25,2,0.2004,0.823045,7984.03
12298,KB3,ARQ,Default,200,0.001,1,25,2,0.1996,0.823045,8016.03
12299,KB3,ARQ,Default,200,0.001,1,25,1,0.1911,0.854701,8372.58
12300,KB3,ARQ,Default,200,0.001,1,25,3,0.2024,0.793651,7905.14
12301,KB3,ARQ,Default,200,0.001,1,25,3,0.203,0.793651,7881.77
12302,KB3,ARQ,Default,200,0.001,1,25,2,0.1979,0.823045,8084.89
12303,KB3,ARQ,Default,200,0.001,1,25,3,0.2025,0.793651,7901.23
12304,KB3,ARQ,Default,200,0.001,1,25,1,0.1936,0.854701,8264.46
12305,KB3,ARQ,Default,200,0.001,1,25,3,0.2048,0.793651,7812.5
12306,KB3,ARQ,Default,200,0.001,1,25,2,0.199,0.823045,8040.2
12307,KB3,ARQ,Default,200,0.001,1,25,1,0.1918,0.854701,8342.02
12308,KB3,ARQ,Default,200,0.001,1,25,5,0.2109,0.740741,7586.53
12309,KB3,ARQ,Default,200,0.001,1,25,0,0.1884,0.888889,8492.57
12310,KB3,ARQ,Default,200,0.001,1,25,3,0.2017,0.793651,7932.57
12311,KB3,ARQ,Default,200,0.001,1,25,0,0.1886,0.888889,8483.56
12312,KB3,ARQ,Default,200,0.001,1,25,6,0.2178,0.716846,7346.19
12313,KB3,ARQ,Default,200,0.001,1,25,5,0.2085,0.740741,7673.86
12314,KB3,ARQ,Default,200,0.001,1,25,1,0.1913,0.854701,8363.83
12315,KB3,ARQ,Default,200,0.001,1,25,0,0.1882,0.888889,8501.59
12316,KB3,ARQ,Default,200,0.001,1,25,3,0.2045,0.793651,7823.96
12317,KB3,ARQ,Default,200,0.001,1,25,1,0.1918,0.854701,8342.02
12318,KB3,ARQ,Default,200,0.001,1,25,1,0.1923,0.854701,8320.33
12319,KB3,ARQ,Default,200,0.001,1,25,1,0.192,0.854701,8333.33
12320,KB3,ARQ,Default,200,0.001,1,25,7,0.2209,0.694444,7243.1
12321,KB3,ARQ,Default,200,0.001,1,25,2,0.1997,0.823045,8012.02
12322,KB3,ARQ,Default,200,0.001,1,25,2,0.1987,0.823045,8052.34
12323,KB3,ARQ,Default,200,0.001,1,25,3,0.2349,0.793651,6811.41
12324,KB3,ARQ,Default,200,0.001,1,25,3,0.2027,0.793651,7893.44
12325,KB3,ARQ,Default,200,0.001,1,25,2,0.199,0.823045,8040.2
12326,KB3,ARQ,Default,200,0.001,1,25,3,0.2026,0.793651,7897.33
12327,KB3,ARQ,Default,200,0.001,1,25,4,0.2063,0.766284,7755.7
12328,KB3,ARQ,Default,200,0.001,1,25,2,0.1983,0.823045,8068.58
12329,KB3,ARQ,Default,200,0.001,1,25,0,0.188,0.888889,8510.64
12330,KB3,ARQ,Default,200,0.001,1,25,0,0.2173,0.888889,7363.09
12331,KB3,ARQ,Default,200,0.001,1,25,0,0.1895,0.888889,8443.27
12332,KB3,ARQ,Default,200,0.001,1,25,2,0.1992,0.823045,8032.13
12333,KB3,ARQ,Default,200,0.001,1,25,1,0.1921,0.854701,8329
12334,KB3,ARQ,Default,200,0.001,1,25,1,0.339,0.854701,4719.76
12335,KB3,ARQ,Default,200,0.001,1,25,5,0.4198,0.740741,3811.34
12336,KB3,ARQ,Default,200,0.001,1,25,2,0.2755,0.823045,5807.62
12337,KB3,ARQ,Default,200,0.001,1,25,1,0.2548,0.854701,6279.43
12338,KB3,ARQ,Default,200,0.001,1,25,0,0.1893,0.888889,8452.19
12339,KB3,ARQ,Default,200,0.001,1,25,4,0.2084,0.766284,7677.54
12340,KB3,ARQ,Default,200,0.001,1,25,1,0.1922,0.854701,8324.66
12341,KB3,ARQ,Default,200,0.001,1,25,3,0.2029,0.793651,7885.66
12342,KB3,ARQ,Default,200,0.001,1,25,3,0.2033,0.793651,7870.14
12343,KB3,ARQ,Default,200,0.001,1,25,1,0.195,0.854701,8205.13
12344,KB3,ARQ,Default,200,0.001,1,25,1,0.1913,0.854701,8363.83
12345,KB3,ARQ,Default,200,0.001,1,25,2,0.1991,0.823045,8036.16
12346,KB3,ARQ,Default,200,0.001,1,25,0,0.1887,0.888889,8479.07
12347,KB3,ARQ,Default,200,0.001,1,25,3,0.2043,0.793651,7831.62
12348,KB3,ARQ,Default,200,0.001,1,25,2,0.1995,0.823045,8020.05
12349,KB3,ARQ,Default,200,0.001,1,25,2,0.1986,0.823045,8056.39
12350,KB3,ARQ,Default,200,0.001,1,25,1,0.1921,0.854701,8329
12351,KB3,ARQ,Default,200,0.001,1,25,1,0.1921,0.854701,8329
12352,KB3,ARQ,Default,200,0.001,1,25,2,0.1997,0.823045,8012.02
12353,KB3,ARQ,Default,200,0.001,1,25,1,0.1922,0.854701,8324.66
12354,KB3,ARQ,Default,200,0.001,1,25,5,0.2117,0.740741,7557.86
12355,KB3,ARQ,Default,200,0.001,1,25,2,0.1981,0.823045,8076.73
12356,KB3,ARQ,Default,200,0.001,1,25,1,0.1928,0.854701,8298.76
12357,KB3,ARQ,Default,200,0.001,1,25,2,0.2002,0.823045,7992.01
12358,KB3,ARQ,Default,200,0.001,1,25,1,0.2254,0.854701,7098.49
12359,KB3,ARQ,Default,200,0.001,1,25,1,0.1908,0.854701,8385.74
12360,KB3,ARQ,Default,200,0.001,1,25,1,0.1929,0.854701,8294.45
12361,KB3,ARQ,Default,200,0.001,1,25,4,0.2054,0.766284,7789.68
12362,KB3,ARQ,Default,200,0.001,1,25,2,0.2006,0.823045,7976.07
12363,KB3,ARQ,Default,200,0.001,1,25,4,0.2063,0.766284,7755.7
12364,KB3,ARQ,Default,200,0.001,1,25,8,0.2241,0.673401,7139.67
12365,KB3,ARQ,Default,200,0.001,1,25,2,0.2008,0.823045,7968.13
12366,KB3,ARQ,Default,200,0.001,1,25,0,0.1893,0.888889,8452.19
12367,KB3,ARQ,Default,200,0.001,1,25,1,0.1913,0.854701,8363.83
12368,KB3,ARQ,Default,200,0.001,1,25,1,0.1916,0.854701,8350.73
12369,KB3,ARQ,Default,200,0.001,1,25,3,0.211,0.793651,7582.94
12370,KB3,ARQ,Default,200,0.001,1,25,0,0.1876,0.888889,8528.78
12371,KB3,ARQ,Default,200,0.001,1,25,0,0.1889,0.888889,8470.09
12372,KB3,ARQ,Default,200,0.001,1,25,1,0.1928,0.854701,8298.76
12373,KB3,ARQ,Default,200,0.001,1,25,2,0.2012,0.823045,7952.29
12374,KB3,ARQ,Default,200,0.001,1,25,0,0.1888,0.888889,8474.58
12375,KB3,ARQ,Default,200,0.001,1,25,2,0.1997,0.823045,8012.02
12376,KB3,ARQ,Default,200,0.001,1,25,3,0.2041,0.793651,7839.29
12377,KB3,ARQ,Default,200,0.001,1,25,1,0.1942,0.854701,8238.93
12378,KB3,ARQ,Default,200,0.001,1,25,0,0.1882,0.888889,8501.59
12379,KB3,ARQ,Default,200,0.001,1,25,2,0.1992,0.823045,8032.13
12380,KB3,ARQ,Default,200,0.001,1,25,1,0.1925,0.854701,8311.69
12381,KB3,ARQ,Default,200,0.001,1,25,1,0.1941,0.854701,8243.17
12382,KB3,ARQ,Default,200,0.001,1,25,1,0.1909,0.854701,8381.35
12383,KB3,ARQ,Default,200,0.001,1,25,2,0.1996,0.823045,8016.03
12384,KB3,ARQ,Default,200,0.001,1,25,2,0.1985,0.823045,8060.45
12385,KB3,ARQ,Default,200,0.001,1,25,4,0.2074,0.766284,7714.56
12386,KB3,ARQ,Default,200,0.001,1,25,1,0.191,0.854701,8376.96
12387,KB3,ARQ,Default,200,0.001,1,25,4,0.2056,0.766284,7782.1
12388,KB3,ARQ,Default,200,0.001,1,25,3,0.2015,0.793651,7940.45
12389,KB3,ARQ,Default,200,0.001,1,25,0,0.19,0.888889,8421.05
12390,KB3,ARQ,Default,200,0.001,1,25,4,0.2068,0.766284,7736.94
12391,KB3,ARQ,Default,200,0.001,1,25,2,0.2005,0.823045,7980.05
12392,KB3,ARQ,Default,200,0.001,1,25,2,0.241,0.823045,6639
12393,KB3,ARQ,Default,200,0.001,1,25,1,0.1937,0.854701,8260.2
12394,KB3,ARQ,Default,200,0.001,1,25,1,0.191,0.854701,8376.96
12395,KB3,ARQ,Default,200,0.001,1,25,3,0.2028,0.793651,7889.55
12396,KB3,ARQ,Default,200,0.001,1,25,1,0.2228,0.854701,7181.33
12397,KB3,ARQ,Default,200,0.001,1,25,0,0.1905,0.888889,8398.95
12398,KB3,ARQ,Default,200,0.001,1,25,4,0.205,0.766284,7804.88
12399,KB3,ARQ,Default,200,0.001,1,25,0,0.1884,0.888889,8492.57
12400,KB3,ARQ,Default,200,0.001,1,25,1,0.224,0.854701,7142.86
12401,KB3,ARQ,Default,200,0.001,1,25,1,0.1916,0.854701,8350.73
12402,KB3,ARQ,Default,200,0.001,1,25,3,0.2028,0.793651,7889.55
12403,KB3,ARQ,Default,200,0.001,1,25,2,0.2309,0.823045,6929.41
12404,KB3,ARQ,Default,200,0.001,1,25,2,0.2,0.823045,8000
12405,KB3,ARQ,Default,200,0.001,1,25,1,0.1917,0.854701,8346.37
12406,KB3,ARQ,Default,200,0.001,1,25,1,0.1924,0.854701,8316.01
12407,KB3,ARQ,Default,200,0.001,1,25,0,0.1895,0.888889,8443.27
12408,KB3,ARQ,Default,200,0.001,1,25,2,0.2009,0.823045,7964.16
12409,KB3,ARQ,Default,200,0.001,1,25,2,0.2001,0.823045,7996
12410,KB3,ARQ,Default,200,0.001,1,25,2,0.2001,0.823045,7996
12411,KB3,ARQ,Default,200,0.001,1,25,4,0.215,0.766284,7441.86
12412,KB3,ARQ,Default,200,0.001,1,25,6,0.2185,0.716846,7322.65
12413,KB3,ARQ,Default,200,0.001,1,25,2,0.1989,0.823045,8044.24
12414,KB3,ARQ,Default,200,0.001,1,25,5,0.2101,0.740741,7615.42
12415,KB3,ARQ,Default,200,0.001,1,25,1,0.1935,0.854701,8268.73
12416,KB3,ARQ,Default,200,0.001,1,25,2,0.2003,0.823045,7988.02
12417,KB3,ARQ,Default,200,0.001,1,25,1,0.1919,0.854701,8337.68
12418,KB3,ARQ,Default,200,0.001,1,25,2,0.2096,0.823045,7633.59
12419,KB3,ARQ,Default,200,0.001,1,25,1,0.1938,0.854701,8255.93
12420,KB3,ARQ,Default,200,0.001,1,25,2,0.1983,0.823045,8068.58
12421,KB3,ARQ,Default,200,0.001,1,25,4,0.2063,0.766284,7755.7
12422,KB3,ARQ,Default,200,0.001,1,25,1,0.193,0.854701,8290.16
12423,KB3,ARQ,Default,200,0.001,1,25,0,0.1897,0.888889,8434.37
12424,KB3,ARQ,Default,200,0.001,1,25,1,0.1922,0.854701,8324.66
12425,KB3,ARQ,Default,200,0.001,1,25,2,0.1988,0.823045,8048.29
12426,KB3,ARQ,Default,200,0.001,1,25,2,0.1995,0.823045,8020.05
12427,KB3,ARQ,Default,200,0.001,1,25,3,0.2035,0.793651,7862.41
12428,KB3,ARQ,Default,200,0.001,1,25,3,0.204,0.793651,7843.14
12429,KB3,ARQ,Default,200,0.001,1,25,0,0.1888,0.888889,8474.58
12430,KB3,ARQ,Default,200,0.001,1,25,3,0.204,0.793651,7843.14
12431,KB3,ARQ,Default,200,0.001,1,25,4,0.2064,0.766284,7751.94
12432,KB3,ARQ,Default,200,0.001,1,25,1,0.1929,0.854701,8294.45
12433,KB3,ARQ,Default,200,0.001,1,25,2,0.1984,0.823045,8064.52
12434,KB3,ARQ,Default,200,0.001,1,25,0,0.1894,0.888889,8447.73
12435,KB3,ARQ,Default,200,0.001,1,25,3,0.205,0.793651,7804.88
12436,KB3,ARQ,Default,200,0.001,1,25,2,0.199,0.823045,8040.2
12437,KB3,ARQ,Default,200,0.001,1,25,1,0.1916,0.854701,8350.73
12438,KB3,ARQ,Default,200,0.001,1,25,0,0.1889,0.888889,8470.09
12439,KB3,ARQ,Default,200,0.001,1,25,1,0.1935,0.854701,8268.73
12440,KB3,ARQ,Default,200,0.001,1,25,4,0.2065,0.766284,7748.18
12441,KB3,ARQ,Default,200,0.001,1,25,0,0.2198,0.888889,7279.34
12442,KB3,ARQ,Default,200,0.001,1,25,0,0.1886,0.888889,8483.56
12443,KB3,ARQ,Default,200,0.001,1,25,1,0.1915,0.854701,8355.09
12444,KB3,ARQ,Default,200,0.001,1,25,2,0.1996,0.823045,8016.03
12445,KB3,ARQ,Default,200,0.001,1,25,0,0.1892,0.888889,8456.66
12446,KB3,ARQ,Default,200,0.001,1,25,1,0.1931,0.854701,8285.86
12447,KB3,ARQ,Default,200,0.001,1,25,3,0.2028,0.793651,7889.55
12448,KB3,ARQ,Default,200,0.001,1,25,1,0.1902,0.854701,8412.2
12449,KB3,ARQ,Default,200,0.001,1,25,1,0.196,0.854701,8163.27
12450,KB3,ARQ,Default,200,0.001,1,25,1,0.192,0.854701,8333.33
12451,KB3,ARQ,Default,200,0.001,1,25,4,0.205,0.766284,7804.88
12452,KB3,ARQ,Default,200,0.001,1,25,0,0.1893,0.888889,8452.19
12453,KB3,ARQ,Default,200,0.001,1,25,0,0.3112,0.888889,5141.39
12454,KB3,ARQ,Default,200,0.001,1,25,1,0.1927,0.854701,8303.06
12455,KB3,ARQ,Default,200,0.001,1,25,2,0.1984,0.823045,8064.52
12456,KB3,ARQ,Default,200,0.001,1,25,1,0.1943,0.854701,8234.69
12457,KB3,ARQ,Default,200,0.001,1,25,0,0.1892,0.888889,8456.66
12458,KB3,ARQ,Default,200,0.001,1,25,1,0.1926,0.854701,8307.37
12459,KB3,ARQ,Default,200,0.001,1,25,2,0.1993,0.823045,8028.1
12460,KB3,ARQ,Default,200,0.001,1,25,1,0.1936,0.854701,8264.46
12461,KB3,ARQ,Default,200,0.001,1,25,5,0.2101,0.740741,7615.42
12462,KB3,ARQ,Default,200,0.001,1,25,3,0.2038,0.793651,7850.83
12463,KB3,ARQ,Default,200,0.001,1,25,3,0.2172,0.793651,7366.48
12464,KB3,ARQ,Default,200,0.001,1,25,0,0.235,0.888889,6808.51
12465,KB3,ARQ,Default,200,0.001,1,25,1,0.1942,0.854701,8238.93
12466,KB3,ARQ,Default,200,0.001,1,25,0,0.1894,0.888889,8447.73
12467,KB3,ARQ,Default,200,0.001,1,25,5,0.2092,0.740741,7648.18
12468,KB3,ARQ,Default,200,0.001,1,25,2,0.2001,0.823045,7996
12469,KB3,ARQ,Default,200,0.001,1,25,2,0.2009,0.823045,7964.16
12470,KB3,ARQ,Default,200,0.001,1,25,0,0.1879,0.888889,8515.17
12471,KB3,ARQ,Default,200,0.001,1,25,0,0.2192,0.888889,7299.27
12472,KB3,ARQ,Default,200,0.001,1,25,2,0.1989,0.823045,8044.24
12473,KB3,ARQ,Default,200,0.001,1,25,1,0.1922,0.854701,8324.66
12474,KB3,ARQ,Default,200,0.001,1,25,1,0.1921,0.854701,8329
12475,KB3,ARQ,Default,200,0.001,1,25,1,0.1924,0.854701,8316.01
12476,KB3,ARQ,Default,200,0.001,1,25,3,0.2023,0.793651,7909.05
12477,KB3,ARQ,Default,200,0.001,1,25,1,0.1939,0.854701,8251.68
12478,KB3,ARQ,Default,200,0.001,1,25,0,0.1896,0.888889,8438.82
12479,KB3,ARQ,Default,200,0.001,1,25,0,0.2195,0.888889,7289.29
12480,KB3,ARQ,Default,200,0.001,1,25,0,0.1873,0.888889,8542.45
12481,KB3,ARQ,Default,200,0.001,1,25,2,0.2002,0.823045,7992.01
12482,KB3,ARQ,Default,200,0.001,1,25,4,0.2074,0.766284,7714.56
12483,KB3,ARQ,Default,200,0.001,1,25,3,0.2033,0.793651,7870.14
12484,KB3,ARQ,Default,200,0.001,1,25,2,0.1994,0.823045,8024.07
12485,KB3,ARQ,Default,200,0.001,1,25,3,0.2038,0.793651,7850.83
12486,KB3,ARQ,Default,200,0.001,1,25,1,0.192,0.854701,8333.33
12487,KB3,ARQ,Default,200,0.001,1,25,0,0.1875,0.888889,8533.33
12488,KB3,ARQ,Default,200,0.001,1,25,0,0.1872,0.888889,8547.01
12489,KB3,ARQ,Default,200,0.001,1,25,1,0.1921,0.854701,8329
12490,KB3,ARQ,Default,200,0.001,1,25,1,0.1934,0.854701,8273.01
12491,KB3,ARQ,Default,200,0.001,1,25,2,0.1996,0.823045,8016.03
12492,KB3,ARQ,Default,200,0.001,1,25,3,0.2035,0.793651,7862.41
12493,KB3,ARQ,Default,200,0.001,1,25,1,0.1937,0.854701,8260.2
12494,KB3,ARQ,Default,200,0.001,1,25,1,0.1925,0.854701,8311.69
12495,KB3,ARQ,Default,200,0.001,1,25,1,0.1903,0.854701,8407.78
12496,KB3,ARQ,Default,200,0.001,1,25,2,0.1993,0.823045,8028.1
12497,KB3,ARQ,Default,200,0.001,1,25,2,0.1998,0.823045,8008.01
12498,KB3,ARQ,Default,200,0.001,1,25,4,0.207,0.766284,7729.47
12499,KB3,ARQ,Default,200,0.001,1,25,2,0.1989,0.823045,8044.24
12500,KB3,ARQ,Default,200,0.001,1,25,2,0.1999,0.823045,8004
12501,KB3,ARQ,Default,200,0.001,1,25,1,0.1932,0.854701,8281.57
12502,KB3,ARQ,Default,200,0.001,1,25,0,0.188,0.888889,8510.64
12503,KB3,ARQ,Default,200,0.001,1,25,2,0.1993,0.823045,8028.1
12504,KB3,ARQ,Default,200,0.001,1,25,0,0.1883,0.888889,8497.08
12505,KB3,ARQ,Default,200,0.001,1,25,1,0.1917,0.854701,8346.37
12506,KB3,ARQ,Default,200,0.001,1,25,0,0.1887,0.888889,8479.07
12507,KB3,ARQ,Default,200,0.001,1,25,2,0.2008,0.823045,7968.13
12508,KB3,ARQ,Default,200,0.001,1,25,1,0.1937,0.854701,8260.2
12509,KB3,ARQ,Default,200,0.001,1,25,0,0.1898,0.888889,8429.93
12510,KB3,ARQ,Default,200,0.001,1,25,4,0.2061,0.766284,7763.22
12511,KB3,ARQ,Default,200,0.001,1,25,3,0.2017,0.793651,7932.57
12512,KB3,ARQ,Default,200,0.001,1,25,6,0.2189,0.716846,7309.27
12513,KB3,ARQ,Default,200,0.001,1,25,1,0.2882,0.854701,5551.7
12514,KB3,ARQ,Default,200,0.001,1,25,3,0.2631,0.793651,6081.34
12515,KB3,ARQ,Default,200,0.001,1,25,3,0.2031,0.793651,7877.89
12516,KB3,ARQ,Default,200,0.001,1,25,5,0.2412,0.740741,6633.5
12517,KB3,ARQ,Default,200,0.001,1,25,0,0.1874,0.888889,8537.89
12518,KB3,ARQ,Default,200,0.001,1,25,4,0.2046,0.766284,7820.14
12519,KB3,ARQ,Default,200,0.001,1,25,3,0.2045,0.793651,7823.96
12520,KB3,ARQ,Default,200,0.001,1,25,2,0.2008,0.823045,7968.13
12521,KB3,ARQ,Default,200,0.001,1,25,2,0.1991,0.823045,8036.16
12522,KB3,ARQ,Default,200,0.001,1,25,5,0.2092,0.740741,7648.18
12523,KB3,ARQ,Default,200,0.001,1,25,2,0.1994,0.823045,8024.07
12524,KB3,ARQ,Default,200,0.001,1,25,1,0.2013,0.854701,7948.34
12525,KB3,ARQ,Default,200,0.001,1,25,2,0.1975,0.823045,8101.27
12526,KB3,ARQ,Default,200,0.001,1,25,1,0.2204,0.854701,7259.53
12527,KB3,ARQ,Default,200,0.001,1,25,4,0.2223,0.766284,7197.48
12528,KB3,ARQ,Default,200,0.001,1,25,0,0.1881,0.888889,8506.11
12529,KB3,ARQ,Default,200,0.001,1,25,3,0.203,0.793651,7881.77
12530,KB3,ARQ,Default,200,0.001,1,25,0,0.1878,0.888889,8519.7
12531,KB3,ARQ,Default,200,0.001,1,25,2,0.2116,0.823045,7561.44
12532,KB3,ARQ,Default,200,0.001,1,25,3,0.2025,0.793651,7901.23
12533,KB3,ARQ,Default,200,0.001,1,25,0,0.189,0.888889,8465.61
12534,KB3,ARQ,Default,200,0.001,1,25,2,0.1992,0.823045,8032.13
12535,KB3,ARQ,Default,200,0.001,1,25,1,0.1931,0.854701,8285.86
12536,KB3,ARQ,Default,200,0.001,1,25,2,0.1983,0.823045,8068.58
12537,KB3,ARQ,Default,200,0.001,1,25,0,0.1888,0.888889,8474.58
12538,KB3,ARQ,Default,200,0.001,1,25,2,0.1991,0.823045,8036.16
12539,KB3,ARQ,Default,200,0.001,1,25,2,0.2011,0.823045,7956.24
12540,KB3,ARQ,Default,200,0.001,1,25,1,0.1912,0.854701,8368.2
12541,KB3,ARQ,Default,200,0.001,1,25,1,0.1927,0.854701,8303.06
12542,KB3,ARQ,Default,200,0.001,1,25,5,0.2119,0.740741,7550.73
12543,KB3,ARQ,Default,200,0.001,1,25,2,0.2013,0.823045,7948.34
12544,KB3,ARQ,Default,200,0.001,1,25,0,0.1883,0.888889,8497.08
12545,KB3,ARQ,Default,200,0.001,1,25,1,0.1911,0.854701,8372.58
12546,KB3,ARQ,Default,200,0.001,1,25,5,0.2097,0.740741,7629.95
12547,KB3,ARQ,Default,200,0.001,1,25,4,0.207,0.766284,7729.47
12548,KB3,ARQ,Default,200,0.001,1,25,2,0.1998,0.823045,8008.01
12549,KB3,ARQ,Default,200,0.001,1,25,0,0.1886,0.888889,8483.56
12550,KB3,ARQ,Default,200,0.001,1,25,2,0.2017,0.823045,7932.57
12551,KB3,ARQ,Default,200,0.001,1,25,2,0.1982,0.823045,8072.65
12552,KB3,ARQ,Default,200,0.001,1,25,3,0.2019,0.793651,7924.72
12553,KB3,ARQ,Default,200,0.001,1,25,3,0.2022,0.793651,7912.96
12554,KB3,ARQ,Default,200,0.001,1,25,0,0.2214,0.888889,7226.74
12555,KB3,ARQ,Default,200,0.001,1,25,0,0.1886,0.888889,8483.56
12556,KB3,ARQ,Default,200,0.001,1,25,1,0.1916,0.854701,8350.73
12557,KB3,ARQ,Default,200,0.001,1,25,0,0.1878,0.888889,8519.7
12558,KB3,ARQ,Default,200,0.001,1,25,4,0.2099,0.766284,7622.68
12559,KB3,ARQ,Default,200,0.001,1,25,0,0.1888,0.888889,8474.58
12560,KB3,ARQ,Default,200,0.001,1,25,4,0.2074,0.766284,7714.56
12561,KB3,ARQ,Default,200,0.001,1,25,4,0.207,0.766284,7729.47
12562,KB3,ARQ,Default,200,0.001,1,25,0,0.1895,0.888889,8443.27
12563,KB3,ARQ,Default,200,0.001,1,25,0,0.1871,0.888889,8551.58
12564,KB3,ARQ,Default,200,0.001,1,25,1,0.1919,0.854701,8337.68
12565,KB3,ARQ,Default,200,0.001,1,25,2,0.1985,0.823045,8060.45
12566,KB3,ARQ,Default,200,0.001,1,25,1,0.1941,0.854701,8243.17
12567,KB3,ARQ,Default,200,0.001,1,25,1,0.1926,0.854701,8307.37
12568,KB3,ARQ,Default,200,0.001,1,25,3,0.2023,0.793651,7909.05
12569,KB3,ARQ,Default,200,0.001,1,25,2,0.2018,0.823045,7928.64
12570,KB3,ARQ,Default,200,0.001,1,25,1,0.1942,0.854701,8238.93
12571,KB3,ARQ,Default,200,0.001,1,25,1,0.1906,0.854701,8394.54
12572,KB3,ARQ,Default,200,0.001,1,25,1,0.1919,0.854701,8337.68
12573,KB3,ARQ,Default,200,0.001,1,25,1,0.2479,0.854701,6454.22
12574,KB3,ARQ,Default,200,0.001,1,25,2,0.311,0.823045,5144.69
12575,KB3,ARQ,Default,200,0.001,1,25,0,0.1869,0.888889,8560.73
12576,KB3,ARQ,Default,200,0.001,1,25,4,0.2065,0.766284,7748.18
12577,KB3,ARQ,Default,200,0.001,1,25,2,0.1991,0.823045,8036.16
12578,KB3,ARQ,Default,200,0.001,1,25,1,0.194,0.854701,8247.42
12579,KB3,ARQ,Default,200,0.001,1,25,1,0.1914,0.854701,8359.46
12580,KB3,ARQ,Default,200,0.001,1,25,2,0.2014,0.823045,7944.39
12581,KB3,ARQ,Default,200,0.001,1,25,0,0.1892,0.888889,8456.66
12582,KB3,ARQ,Default,200,0.001,1,25,1,0.1917,0.854701,8346.37
12583,KB3,ARQ,Default,200,0.001,1,25,1,0.1924,0.854701,8316.01
12584,KB3,ARQ,Default,200,0.001,1,25,2,0.2304,0.823045,6944.44
12585,KB3,ARQ,Default,200,0.001,1,25,4,0.2071,0.766284,7725.74
12586,KB3,ARQ,Default,200,0.001,1,25,2,0.1988,0.823045,8048.29
12587,KB3,ARQ,Default,200,0.001,1,25,3,0.2016,0.793651,7936.51
12588,KB3,ARQ,Default,200,0.001,1,25,0,0.1883,0.888889,8497.08
12589,KB3,ARQ,Default,200,0.001,1,25,3,0.2552,0.793651,6269.59
12590,KB3,ARQ,Default,200,0.001,1,25,1,0.1926,0.854701,8307.37
12591,KB3,ARQ,Default,200,0.001,1,25,3,0.2333,0.793651,6858.12
12592,KB3,ARQ,Default,200,0.001,1,25,1,0.1922,0.854701,8324.66
12593,KB3,ARQ,Default,200,0.001,1,25,7,0.2212,0.694444,7233.27
12594,KB3,ARQ,Default,200,0.001,1,25,2,0.1983,0.823045,8068.58
12595,KB3,ARQ,Default,200,0.001,1,25,1,0.1917,0.854701,8346.37
12596,KB3,ARQ,Default,200,0.001,1,25,1,0.1932,0.854701,8281.57
12597,KB3,ARQ,Default,200,0.001,1,25,2,0.2005,0.823045,7980.05
12598,KB3,ARQ,Default,200,0.001,1,25,2,0.2001,0.823045,7996
12599,KB3,ARQ,Default,200,0.001,1,25,1,0.1909,0.854701,8381.35
12600,KB3,ARQ,Default,200,0.001,1,25,0,0.189,0.888889,8465.61
12601,KB3,ARQ,Default,200,0.001,1,25,1,0.1937,0.854701,8260.2
12602,KB3,ARQ,Default,200,0.001,1,25,1,0.1916,0.854701,8350.73
12603,KB3,ARQ,Default,200,0.001,1,25,1,0.1908,0.854701,8385.74
12604,KB3,ARQ,Default,200,0.001,1,25,0,0.189,0.888889,8465.61
12605,KB3,ARQ,Default,200,0.001,1,25,5,0.2127,0.740741,7522.33
12606,KB3,ARQ,Default,200,0.001,1,25,5,0.2107,0.740741,7593.74
12607,KB3,ARQ,Default,200,0.001,1,25,3,0.2015,0.793651,7940.45
12608,KB3,ARQ,Default,200,0.001,1,25,1,0.1935,0.854701,8268.73
12609,KB3,ARQ,Default,200,0.001,1,25,0,0.1886,0.888889,8483.56
12610,KB3,ARQ,Default,200,0.001,1,25,1,0.1936,0.854701,8264.46
12611,KB3,ARQ,Default,200,0.001,1,25,1,0.1924,0.854701,8316.01
12612,KB3,ARQ,Default,200,0.001,1,25,0,0.1899,0.888889,8425.49
12613,KB3,ARQ,Default,200,0.001,1,25,3,0.2023,0.793651,7909.05
12614,KB3,ARQ,Default,200,0.001,1,25,0,0.1893,0.888889,8452.19
12615,KB3,ARQ,Default,200,0.001,1,25,5,0.21,0.740741,7619.05
12616,KB3,ARQ,Default,200,0.001,1,25,1,0.1926,0.854701,8307.37
12617,KB3,ARQ,Default,200,0.001,1,25,4,0.2051,0.766284,7801.07
12618,KB3,ARQ,Default,200,0.001,1,25,2,0.1998,0.823045,8008.01
12619,KB3,ARQ,Default,200,0.001,1,25,0,0.1899,0.888889,8425.49
12620,KB3,ARQ,Default,200,0.001,1,25,0,0.1906,0.888889,8394.54
12621,KB3,ARQ,Default,200,0.001,1,25,1,0.1919,0.854701,8337.68
12622,KB3,ARQ,Default,200,0.001,1,25,3,0.2014,0.793651,7944.39
12623,KB3,ARQ,Default,200,0.001,1,25,6,0.2185,0.716846,7322.65
12624,KB3,ARQ,Default,200,0.001,1,25,1,0.1939,0.854701,8251.68
12625,KB3,ARQ,Default,200,0.001,1,25,1,0.192,0.854701,8333.33
12626,KB3,ARQ,Default,200,0.001,1,25,1,0.1908,0.854701,8385.74
12627,KB3,ARQ,Default,200,0.001,1,25,1,0.1905,0.854701,8398.95
12628,KB3,ARQ,Default,200,0.001,1,25,3,0.2037,0.793651,7854.69
12629,KB3,ARQ,Default,200,0.001,1,25,2,0.2667,0.823045,5999.25
12630,KB3,ARQ,Default,200,0.001,1,25,1,0.192,0.854701,8333.33
12631,KB3,ARQ,Default,200,0.001,1,25,2,0.199,0.823045,8040.2
12632,KB3,ARQ,Default,200,0.001,1,25,4,0.2095,0.766284,7637.23
12633,KB3,ARQ,Default,200,0.001,1,25,1,0.1953,0.854701,8192.52
12634,KB3,ARQ,Default,200,0.001,1,25,3,0.2056,0.793651,7782.1
12635,KB3,ARQ,Default,200,0.001,1,25,0,0.1937,0.888889,8260.2
12636,KB3,ARQ,Default,200,0.001,1,25,2,0.2031,0.823045,7877.89
12637,KB3,ARQ,Default,200,0.001,1,25,2,0.2045,0.823045,7823.96
12638,KB3,ARQ,Default,200,0.001,1,25,3,0.2078,0.793651,7699.71
12639,KB3,ARQ,Default,200,0.001,1,25,2,0.2037,0.823045,7854.69
12640,KB3,ARQ,Default,200,0.001,1,25,0,0.1936,0.888889,8264.46
12641,KB3,ARQ,Default,200,0.001,1,25,0,0.192,0.888889,8333.33
12642,KB3,ARQ,Default,200,0.001,1,25,1,0.1965,0.854701,8142.49
12643,KB3,ARQ,Default,200,0.001,1,25,1,0.1974,0.854701,8105.37
12644,KB3,ARQ,Default,200,0.001,1,25,3,0.2146,0.793651,7455.73
12645,KB3,ARQ,Default,200,0.001,1,25,2,0.204,0.823045,7843.14
12646,KB3,ARQ,Default,200,0.001,1,25,2,0.2051,0.823045,7801.07
12647,KB3,ARQ,Default,200,0.001,1,25,1,0.1961,0.854701,8159.1
12648,KB3,ARQ,Default,200,0.001,1,25,3,0.2078,0.793651,7699.71
12649,KB3,ARQ,Default,200,0.001,1,25,2,0.2035,0.823045,7862.41
12650,KB3,ARQ,Default,200,0.001,1,25,2,0.2033,0.823045,7870.14
12651,KB3,ARQ,Default,200,0.001,1,25,0,0.1952,0.888889,8196.72
12652,KB3,ARQ,Default,200,0.001,1,25,4,0.2106,0.766284,7597.34
12653,KB3,ARQ,Default,200,0.001,1,25,2,0.2041,0.823045,7839.29
12654,KB3,ARQ,Default,200,0.001,1,25,1,0.1972,0.854701,8113.59
12655,KB3,ARQ,Default,200,0.001,1,25,1,0.1965,0.854701,8142.49
12656,KB3,ARQ,Default,200,0.001,1,25,2,0.2039,0.823045,7846.98
12657,KB3,ARQ,Default,200,0.001,1,25,0,0.1913,0.888889,8363.83
12658,KB3,ARQ,Default,200,0.001,1,25,3,0.2071,0.793651,7725.74
12659,KB3,ARQ,Default,200,0.001,1,25,0,0.1934,0.888889,8273.01
12660,KB3,ARQ,Default,200,0.001,1,25,0,0.1922,0.888889,8324.66
12661,KB3,ARQ,Default,200,0.001,1,25,2,0.2044,0.823045,7827.79
12662,KB3,ARQ,Default,200,0.001,1,25,1,0.196,0.854701,8163.27
12663,KB3,ARQ,Default,200,0.001,1,25,0,0.1929,0.888889,8294.45
12664,KB3,ARQ,Default,200,0.001,1,25,1,0.1958,0.854701,8171.6
12665,KB3,ARQ,Default,200,0.001,1,25,1,0.1962,0.854701,8154.94
12666,KB3,ARQ,Default,200,0.001,1,25,3,0.2083,0.793651,7681.23
12667,KB3,ARQ,Default,200,0.001,1,25,3,0.2072,0.793651,7722.01
12668,KB3,ARQ,Default,200,0.001,1,25,0,0.192,0.888889,8333.33
12669,KB3,ARQ,Default,200,0.001,1,25,2,0.204,0.823045,7843.14
12670,KB3,ARQ,Default,200,0.001,1,25,3,0.2085,0.793651,7673.86
12671,KB3,ARQ,Default,200,0.001,1,25,3,0.2076,0.793651,7707.13
12672,KB3,ARQ,Default,200,0.001,1,25,0,0.1924,0.888889,8316.01
12673,KB3,ARQ,Default,200,0.001,1,25,4,0.2117,0.766284,7557.86
12674,KB3,ARQ,Default,200,0.001,1,25,1,0.2,0.854701,8000
12675,KB3,ARQ,Default,200,0.001,1,25,4,0.2099,0.766284,7622.68
12676,KB3,ARQ,Default,200,0.001,1,25,4,0.2115,0.766284,7565.01
12677,KB3,ARQ,Default,200,0.001,1,25,3,0.208,0.793651,7692.31
12678,KB3,ARQ,Default,200,0.001,1,25,2,0.2056,0.823045,7782.1
12679,KB3,ARQ,Default,200,0.001,1,25,5,0.2126,0.740741,7525.87
12680,KB3,ARQ,Default,200,0.001,1,25,2,0.2041,0.823045,7839.29
12681,KB3,ARQ,Default,200,0.001,1,25,4,0.2123,0.766284,7536.5
12682,KB3,ARQ,Default,200,0.001,1,25,0,0.1919,0.888889,8337.68
12683,KB3,ARQ,Default,200,0.001,1,25,0,0.1924,0.888889,8316.01
12684,KB3,ARQ,Default,200,0.001,1,25,2,0.2025,0.823045,7901.23
12685,KB3,ARQ,Default,200,0.001,1,25,1,0.1981,0.854701,8076.73
12686,KB3,ARQ,Default,200,0.001,1,25,5,0.2139,0.740741,7480.13
12687,KB3,ARQ,Default,200,0.001,1,25,3,0.207,0.793651,7729.47
12688,KB3,ARQ,Default,200,0.001,1,25,1,0.1969,0.854701,8125.95
12689,KB3,ARQ,Default,200,0.001,1,25,0,0.295,0.888889,5423.73
12690,KB3,ARQ,Default,200,0.001,1,25,2,0.3006,0.823045,5322.69
12691,KB3,ARQ,Default,200,0.001,1,25,1,0.1969,0.854701,8125.95
12692,KB3,ARQ,Default,200,0.001,1,25,3,0.2085,0.793651,7673.86
12693,KB3,ARQ,Default,200,0.001,1,25,1,0.1959,0.854701,8167.43
12694,KB3,ARQ,Default,200,0.001,1,25,0,0.191,0.888889,8376.96
12695,KB3,ARQ,Default,200,0.001,1,25,1,0.1978,0.854701,8088.98
12696,KB3,ARQ,Default,200,0.001,1,25,3,0.2104,0.793651,7604.56
12697,KB3,ARQ,Default,200,0.001,1,25,2,0.205,0.823045,7804.88
12698,KB3,ARQ,Default,200,0.001,1,25,0,0.1925,0.888889,8311.69
12699,KB3,ARQ,Default,200,0.001,1,25,3,0.2079,0.793651,7696.01
12700,KB3,ARQ,Default,200,0.001,1,25,1,0.1963,0.854701,8150.79
12701,KB3,ARQ,Default,200,0.001,1,25,0,0.1952,0.888889,8196.72
12702,KB3,ARQ,Default,200,0.001,1,25,2,0.203,0.823045,7881.77
12703,KB3,ARQ,Default,200,0.001,1,25,2,0.2047,0.823045,7816.32
12704,KB3,ARQ,Default,200,0.001,1,25,4,0.2113,0.766284,7572.17
12705,KB3,ARQ,Default,200,0.001,1,25,2,0.2025,0.823045,7901.23
12706,KB3,ARQ,Default,200,0.001,1,25,4,0.2112,0.766284,7575.76
12707,KB3,ARQ,Default,200,0.001,1,25,5,0.213,0.740741,7511.74
12708,KB3,ARQ,Default,200,0.001,1,25,2,0.2045,0.823045,7823.96
12709,KB3,ARQ,Default,200,0.001,1,25,4,0.2107,0.766284,7593.74
12710,KB3,ARQ,Default,200,0.001,1,25,2,0.204,0.823045,7843.14
12711,KB3,ARQ,Default,200,0.001,1,25,1,0.198,0.854701,8080.81
12712,KB3,ARQ,Default,200,0.001,1,25,0,0.1933,0.888889,8277.29
12713,KB3,ARQ,Default,200,0.001,1,25,3,0.2054,0.793651,7789.68
12714,KB3,ARQ,Default,200,0.001,1,25,2,0.2032,0.823045,7874.02
12715,KB3,ARQ,Default,200,0.001,1,25,2,0.2059,0.823045,7770.76
12716,KB3,ARQ,Default,200,0.001,1,25,2,0.2046,0.823045,7820.14
12717,KB3,ARQ,Default,200,0.001,1,25,1,0.197,0.854701,8121.83
12718,KB3,ARQ,Default,200,0.001,1,25,1,0.1981,0.854701,8076.73
12719,KB3,ARQ,Default,200,0.001,1,25,1,0.1959,0.854701,8167.43
12720,KB3,ARQ,Default,200,0.001,1,25,2,0.2058,0.823045,7774.54
12721,KB3,ARQ,Default,200,0.001,1,25,2,0.203,0.823045,7881.77
12722,KB3,ARQ,Default,200,0.001,1,25,3,0.2067,0.793651,7740.69
12723,KB3,ARQ,Default,200,0.001,1,25,0,0.194,0.888889,8247.42
12724,KB3,ARQ,Default,200,0.001,1,25,3,0.2067,0.793651,7740.69
12725,KB3,ARQ,Default,200,0.001,1,25,3,0.208,0.793651,7692.31
12726,KB3,ARQ,Default,200,0.001,1,25,1,0.1974,0.854701,8105.37
12727,KB3,ARQ,Default,200,0.001,1,25,2,0.2042,0.823045,7835.46
12728,KB3,ARQ,Default,200,0.001,1,25,0,0.1927,0.888889,8303.06
12729,KB3,ARQ,Default,200,0.001,1,25,4,0.2128,0.766284,7518.8
12730,KB3,ARQ,Default,200,0.001,1,25,3,0.2068,0.793651,7736.94
12731,KB3,ARQ,Default,200,0.001,1,25,4,0.211,0.766284,7582.94
12732,KB3,ARQ,Default,200,0.001,1,25,1,0.1972,0.854701,8113.59
12733,KB3,ARQ,Default,200,0.001,1,25,1,0.1974,0.854701,8105.37
12734,KB3,ARQ,Default,200,0.001,1,25,1,0.1986,0.854701,8056.39
12735,KB3,ARQ,Default,200,0.001,1,25,1,0.1985,0.854701,8060.45
12736,KB3,ARQ,Default,200,0.001,1,25,0,0.1929,0.888889,8294.45
12737,KB3,ARQ,Default,200,0.001,1,25,0,0.1922,0.888889,8324.66
12738,KB3,ARQ,Default,200,0.001,1,25,0,0.1953,0.888889,8192.52
12739,KB3,ARQ,Default,200,0.001,1,25,1,0.198,0.854701,8080.81
12740,KB3,ARQ,Default,200,0.001,1,25,4,0.2127,0.766284,7522.33
12741,KB3,ARQ,Default,200,0.001,1,25,2,0.2041,0.823045,7839.29
12742,KB3,ARQ,Default,200,0.001,1,25,0,0.1935,0.888889,8268.73
12743,KB3,ARQ,Default,200,0.001,1,25,1,0.1973,0.854701,8109.48
12744,KB3,ARQ,Default,200,0.001,1,25,1,0.1964,0.854701,8146.64
12745,KB3,ARQ,Default,200,0.001,1,25,1,0.1958,0.854701,8171.6
12746,KB3,ARQ,Default,200,0.001,1,25,1,0.1988,0.854701,8048.29
12747,KB3,ARQ,Default,200,0.001,1,25,4,0.2123,0.766284,7536.5
12748,KB3,ARQ,Default,200,0.001,1,25,0,0.1934,0.888889,8273.01
12749,KB3,ARQ,Default,200,0.001,1,25,2,0.2014,0.823045,7944.39
12750,KB3,ARQ,Default,200,0.001,1,25,2,0.2043,0.823045,7831.62
12751,KB3,ARQ,Default,200,0.001,1,25,1,0.1959,0.854701,8167.43
12752,KB3,ARQ,Default,200,0.001,1,25,2,0.2041,0.823045,7839.29
12753,KB3,ARQ,Default,200,0.001,1,25,1,0.1964,0.854701,8146.64
12754,KB3,ARQ,Default,200,0.001,1,25,4,0.2125,0.766284,7529.41
12755,KB3,ARQ,Default,200,0.001,1,25,3,0.2155,0.793651,7424.59
12756,KB3,ARQ,Default,200,0.001,1,25,1,0.1957,0.854701,8175.78
12757,KB3,ARQ,Default,200,0.001,1,25,4,0.2091,0.766284,7651.84
12758,KB3,ARQ,Default,200,0.001,1,25,0,0.1927,0.888889,8303.06
12759,KB3,ARQ,Default,200,0.001,1,25,2,0.2035,0.823045,7862.41
12760,KB3,ARQ,Default,200,0.001,1,25,2,0.204,0.823045,7843.14
12761,KB3,ARQ,Default,200,0.001,1,25,2,0.2019,0.823045,7924.72
12762,KB3,ARQ,Default,200,0.001,1,25,0,0.1929,0.888889,8294.45
12763,KB3,ARQ,Default,200,0.001,1,25,4,0.2118,0.766284,7554.3
12764,KB3,ARQ,Default,200,0.001,1,25,2,0.2034,0.823045,7866.27
12765,KB3,ARQ,Default,200,0.001,1,25,2,0.2052,0.823045,7797.27
12766,KB3,ARQ,Default,200,0.001,1,25,0,0.1947,0.888889,8217.77
12767,KB3,ARQ,Default,200,0.001,1,25,0,0.193,0.888889,8290.16
12768,KB3,ARQ,Default,200,0.001,1,25,3,0.208,0.793651,7692.31
12769,KB3,ARQ,Default,200,0.001,1,25,1,0.1982,0.854701,8072.65
12770,KB3,ARQ,Default,200,0.001,1,25,3,0.2085,0.793651,7673.86
12771,KB3,ARQ,Default,200,0.001,1,25,3,0.2074,0.793651,7714.56
12772,KB3,ARQ,Default,200,0.001,1,25,4,0.2102,0.766284,7611.8
12773,KB3,ARQ,Default,200,0.001,1,25,1,0.1972,0.854701,8113.59
12774,KB3,ARQ,Default,200,0.001,1,25,0,0.1933,0.888889,8277.29
12775,KB3,ARQ,Default,200,0.001,1,25,1,0.1951,0.854701,8200.92
12776,KB3,ARQ,Default,200,0.001,1,25,2,0.2038,0.823045,7850.83
12777,KB3,ARQ,Default,200,0.001,1,25,7,0.2274,0.694444,7036.06
12778,KB3,ARQ,Default,200,0.001,1,25,4,0.2112,0.766284,7575.76
12779,KB3,ARQ,Default,200,0.001,1,25,4,0.2108,0.766284,7590.13
12780,KB3,ARQ,Default,200,0.001,1,25,0,0.1921,0.888889,8329
12781,KB3,ARQ,Default,200,0.001,1,25,3,0.2099,0.793651,7622.68
12782,KB3,ARQ,Default,200,0.001,1,25,2,0.2026,0.823045,7897.33
12783,KB3,ARQ,Default,200,0.001,1,25,1,0.1959,0.854701,8167.43
12784,KB3,ARQ,Default,200,0.001,1,25,1,0.197,0.854701,8121.83
12785,KB3,ARQ,Default,200,0.001,1,25,1,0.1977,0.854701,8093.07
12786,KB3,ARQ,Default,200,0.001,1,25,0,0.1923,0.888889,8320.33
12787,KB3,ARQ,Default,200,0.001,1,25,3,0.2062,0.793651,7759.46
12788,KB3,ARQ,Default,200,0.001,1,25,0,0.1924,0.888889,8316.01
12789,KB3,ARQ,Default,200,0.001,1,25,5,0.2173,0.740741,7363.09
12790,KB3,ARQ,Default,200,0.001,1,25,1,0.196,0.854701,8163.27
12791,KB3,ARQ,Default,200,0.001,1,25,1,0.1962,0.854701,8154.94
12792,KB3,ARQ,Default,200,0.001,1,25,0,0.1929,0.888889,8294.45
12793,KB3,ARQ,Default,200,0.001,1,25,2,0.2072,0.823045,7722.01
12794,KB3,ARQ,Default,200,0.001,1,25,5,0.2139,0.740741,7480.13
12795,KB3,ARQ,Default,200,0.001,1,25,1,0.1952,0.854701,8196.72
12796,KB3,ARQ,Default,200,0.001,1,25,1,0.1972,0.854701,8113.59
12797,KB3,ARQ,Default,200,0.001,1,25,2,0.2048,0.823045,7812.5
12798,KB3,ARQ,Default,200,0.001,1,25,2,0.2029,0.823045,7885.66
12799,KB3,ARQ,Default,200,0.001,1,25,1,0.1957,0.854701,8175.78
12800,KB3,ARQ,Default,200,0.001,1,25,1,0.1993,0.854701,8028.1
12801,KB3,ARQ,Default,200,0.001,1,25,0,0.1928,0.888889,8298.76
12802,KB3,ARQ,Default,200,0.001,1,25,0,0.1924,0.888889,8316.01
12803,KB3,ARQ,Default,200,0.001,1,25,5,0.2142,0.740741,7469.65
12804,KB3,ARQ,Default,200,0.001,1,25,0,0.1933,0.888889,8277.29
12805,KB3,ARQ,Default,200,0.001,1,25,3,0.2078,0.793651,7699.71
12806,KB3,ARQ,Default,200,0.001,1,25,2,0.2045,0.823045,7823.96
12807,KB3,ARQ,Default,200,0.001,1,25,2,0.2042,0.823045,7835.46
12808,KB3,ARQ,Default,200,0.001,1,25,1,0.2522,0.854701,6344.17
12809,KB3,ARQ,Default,200,0.001,1,25,3,0.237,0.793651,6751.05
12810,KB3,ARQ,Default,200,0.001,1,25,1,0.235,0.854701,6808.51
12811,KB3,ARQ,Default,200,0.001,1,25,3,0.2266,0.793651,7060.9
12812,KB3,ARQ,Default,200,0.001,1,25,1,0.2424,0.854701,6600.66
12813,KB3,ARQ,Default,200,0.001,1,25,0,0.1934,0.888889,8273.01
12814,KB3,ARQ,Default,200,0.001,1,25,1,0.2506,0.854701,6384.68
12815,KB3,ARQ,Default,200,0.001,1,25,2,0.2045,0.823045,7823.96
12816,KB3,ARQ,Default,200,0.001,1,25,0,0.1946,0.888889,8221.99
12817,KB3,ARQ,Default,200,0.001,1,25,2,0.2032,0.823045,7874.02
12818,KB3,ARQ,Default,200,0.001,1,25,4,0.2117,0.766284,7557.86
12819,KB3,ARQ,Default,200,0.001,1,25,1,0.1975,0.854701,8101.27
12820,KB3,ARQ,Default,200,0.001,1,25,1,0.1962,0.854701,8154.94
12821,KB3,ARQ,Default,200,0.001,1,25,3,0.2093,0.793651,7644.53
12822,KB3,ARQ,Default,200,0.001,1,25,2,0.2039,0.823045,7846.98
12823,KB3,ARQ,Default,200,0.001,1,25,3,0.2098,0.793651,7626.31
12824,KB3,ARQ,Default,200,0.001,1,25,1,0.1961,0.854701,8159.1
12825,KB3,ARQ,Default,200,0.001,1,25,2,0.2046,0.823045,7820.14
12826,KB3,ARQ,Default,200,0.001,1,25,3,0.2069,0.793651,7733.2
12827,KB3,ARQ,Default,200,0.001,1,25,4,0.2115,0.766284,7565.01
12828,KB3,ARQ,Default,200,0.001,1,25,0,0.1933,0.888889,8277.29
12829,KB3,ARQ,Default,200,0.001,1,25,2,0.206,0.823045,7766.99
12830,KB3,ARQ,Default,200,0.001,1,25,1,0.1954,0.854701,8188.33
12831,KB3,ARQ,Default,200,0.001,1,25,3,0.2092,0.793651,7648.18
12832,KB3,ARQ,Default,200,0.001,1,25,2,0.2036,0.823045,7858.55
12833,KB3,ARQ,Default,200,0.001,1,25,2,0.2031,0.823045,7877.89
12834,KB3,ARQ,Default,200,0.001,1,25,1,0.1962,0.854701,8154.94
12835,KB3,ARQ,Default,200,0.001,1,25,0,0.1926,0.888889,8307.37
12836,KB3,ARQ,Default,200,0.001,1,25,6,0.2219,0.716846,7210.46
12837,KB3,ARQ,Default,200,0.001,1,25,2,0.2029,0.823045,7885.66
12838,KB3,ARQ,Default,200,0.001,1,25,5,0.2149,0.740741,7445.32
12839,KB3,ARQ,Default,200,0.001,1,25,4,0.2263,0.766284,7070.26
12840,KB3,ARQ,Default,200,0.001,1,25,1,0.1979,0.854701,8084.89
12841,KB3,ARQ,Default,200,0.001,1,25,0,0.1919,0.888889,8337.68
12842,KB3,ARQ,Default,200,0.001,1,25,4,0.2104,0.766284,7604.56
12843,KB3,ARQ,Default,200,0.001,1,25,2,0.2037,0.823045,7854.69
12844,KB3,ARQ,Default,200,0.001,1,25,1,0.1957,0.854701,8175.78
12845,KB3,ARQ,Default,200,0.001,1,25,1,0.1958,0.854701,8171.6
12846,KB3,ARQ,Default,200,0.001,1,25,2,0.2052,0.823045,7797.27
12847,KB3,ARQ,Default,200,0.001,1,25,3,0.2076,0.793651,7707.13
12848,KB3,ARQ,Default,200,0.001,1,25,4,0.212,0.766284,7547.17
12849,KB3,ARQ,Default,200,0.001,1,25,1,0.1951,0.854701,8200.92
12850,KB3,ARQ,Default,200,0.001,1,25,1,0.1966,0.854701,8138.35
12851,KB3,ARQ,Default,200,0.001,1,25,3,0.2081,0.793651,7688.61
12852,KB3,ARQ,Default,200,0.001,1,25,3,0.2076,0.793651,7707.13
12853,KB3,ARQ,Default,200,0.001,1,25,2,0.2053,0.823045,7793.47
12854,KB3,ARQ,Default,200,0.001,1,25,5,0.2153,0.740741,7431.49
12855,KB3,ARQ,Default,200,0.001,1,25,1,0.195,0.854701,8205.13
12856,KB3,ARQ,Default,200,0.001,1,25,2,0.2045,0.823045,7823.96
12857,KB3,ARQ,Default,200,0.001,1,25,1,0.1972,0.854701,8113.59
12858,KB3,ARQ,Default,200,0.001,1,25,1,0.1982,0.854701,8072.65
12859,KB3,ARQ,Default,200,0.001,1,25,1,0.1957,0.854701,8175.78
12860,KB3,ARQ,Default,200,0.001,1,25,1,0.1951,0.854701,8200.92
12861,KB3,ARQ,Default,200,0.001,1,25,1,0.196,0.854701,8163.27
12862,KB3,ARQ,Default,200,0.001,1,25,1,0.1983,0.854701,8068.58
12863,KB3,ARQ,Default,200,0.001,1,25,0,0.1915,0.888889,8355.09
12864,KB3,ARQ,Default,200,0.001,1,25,3,0.2079,0.793651,7696.01
12865,KB3,ARQ,Default,200,0.001,1,25,1,0.1962,0.854701,8154.94
12866,KB3,ARQ,Default,200,0.001,1,25,0,0.2273,0.888889,7039.16
12867,KB3,ARQ,Default,200,0.001,1,25,1,0.1964,0.854701,8146.64
12868,KB3,ARQ,Default,200,0.001,1,25,2,0.204,0.823045,7843.14
12869,KB3,ARQ,Default,200,0.001,1,25,2,0.2038,0.823045,7850.83
12870,KB3,ARQ,Default,200,0.001,1,25,1,0.1955,0.854701,8184.14
12871,KB3,ARQ,Default,200,0.001,1,25,0,0.1927,0.888889,8303.06
12872,KB3,ARQ,Default,200,0.001,1,25,0,0.1929,0.888889,8294.45
12873,KB3,ARQ,Default,200,0.001,1,25,2,0.2067,0.823045,7740.69
12874,KB3,ARQ,Default,200,0.001,1,25,2,0.205,0.823045,7804.88
12875,KB3,ARQ,Default,200,0.001,1,25,2,0.203,0.823045,7881.77
12876,KB3,ARQ,Default,200,0.001,1,25,1,0.1958,0.854701,8171.6
12877,KB3,ARQ,Default,200,0.001,1,25,0,0.1951,0.888889,8200.92
12878,KB3,ARQ,Default,200,0.001,1,25,3,0.2064,0.793651,7751.94
12879,KB3,ARQ,Default,200,0.001,1,25,2,0.2028,0.823045,7889.55
12880,KB3,ARQ,Default,200,0.001,1,25,2,0.2045,0.823045,7823.96
12881,KB3,ARQ,Default,200,0.001,1,25,4,0.2153,0.766284,7431.49
12882,KB3,ARQ,Default,200,0.001,1,25,3,0.2073,0.793651,7718.28
12883,KB3,ARQ,Default,200,0.001,1,25,5,0.2132,0.740741,7504.69
12884,KB3,ARQ,Default,200,0.001,1,25,1,0.1994,0.854701,8024.07
12885,KB3,ARQ,Default,200,0.001,1,25,2,0.2056,0.823045,7782.1
12886,KB3,ARQ,Default,200,0.001,1,25,1,0.1945,0.854701,8226.22
12887,KB3,ARQ,Default,200,0.001,1,25,2,0.2033,0.823045,7870.14
12888,KB3,ARQ,Default,200,0.001,1,25,3,0.2144,0.793651,7462.69
12889,KB3,ARQ,Default,200,0.001,1,25,5,0.2152,0.740741,7434.94
12890,KB3,ARQ,Default,200,0.001,1,25,0,0.192,0.888889,8333.33
12891,KB3,ARQ,Default,200,0.001,1,25,4,0.2104,0.766284,7604.56
12892,KB3,ARQ,Default,200,0.001,1,25,2,0.2058,0.823045,7774.54
12893,KB3,ARQ,Default,200,0.001,1,25,2,0.2041,0.823045,7839.29
12894,KB3,ARQ,Default,200,0.001,1,25,3,0.2084,0.793651,7677.54
12895,KB3,ARQ,Default,200,0.001,1,25,2,0.2036,0.823045,7858.55
12896,KB3,ARQ,Default,200,0.001,1,25,4,0.2125,0.766284,7529.41
12897,KB3,ARQ,Default,200,0.001,1,25,0,0.191,0.888889,8376.96
12898,KB3,ARQ,Default,200,0.001,1,25,4,0.2111,0.766284,7579.35
12899,KB3,ARQ,Default,200,0.001,1,25,1,0.1973,0.854701,8109.48
12900,KB3,ARQ,Default,200,0.001,1,25,1,0.1971,0.854701,8117.71
12901,KB3,ARQ,Default,200,0.001,1,25,2,0.2041,0.823045,7839.29
12902,KB3,ARQ,Default,200,0.001,1,25,2,0.2022,0.823045,7912.96
12903,KB3,ARQ,Default,200,0.001,1,25,0,0.1946,0.888889,8221.99
12904,KB3,ARQ,Default,200,0.001,1,25,0,0.1936,0.888889,8264.46
12905,KB3,ARQ,Default,200,0.001,1,25,3,0.206,0.793651,7766.99
12906,KB3,ARQ,Default,200,0.001,1,25,1,0.1969,0.854701,8125.95
12907,KB3,ARQ,Default,200,0.001,1,25,1,0.199,0.854701,8040.2
12908,KB3,ARQ,Default,200,0.001,1,25,1,0.1986,0.854701,8056.39
12909,KB3,ARQ,Default,200,0.001,1,25,3,0.2076,0.793651,7707.13
12910,KB3,ARQ,Default,200,0.001,1,25,3,0.2081,0.793651,7688.61
12911,KB3,ARQ,Default,200,0.001,1,25,1,0.1974,0.854701,8105.37
12912,KB3,ARQ,Default,200,0.001,1,25,2,0.2031,0.823045,7877.89
12913,KB3,ARQ,Default,200,0.001,1,25,1,0.1972,0.854701,8113.59
12914,KB3,ARQ,Default,200,0.001,1,25,2,0.2042,0.823045,7835.46
12915,KB3,ARQ,Default,200,0.001,1,25,3,0.2083,0.793651,7681.23
12916,KB3,ARQ,Default,200,0.001,1,25,1,0.1966,0.854701,8138.35
12917,KB3,ARQ,Default,200,0.001,1,25,1,0.1976,0.854701,8097.17
12918,KB3,ARQ,Default,200,0.001,1,25,2,0.2045,0.823045,7823.96
12919,KB3,ARQ,Default,200,0.001,1,25,1,0.1973,0.854701,8109.48
12920,KB3,ARQ,Default,200,0.001,1,25,4,0.2109,0.766284,7586.53
12921,KB3,ARQ,Default,200,0.001,1,25,4,0.211,0.766284,7582.94
12922,KB3,ARQ,Default,200,0.001,1,25,2,0.2141,0.823045,7473.14
12923,KB3,ARQ,Default,200,0.001,1,25,2,0.205,0.823045,7804.88
12924,KB3,ARQ,Default,200,0.001,1,25,3,0.2067,0.793651,7740.69
12925,KB3,ARQ,Default,200,0.001,1,25,3,0.2073,0.793651,7718.28
12926,KB3,ARQ,Default,200,0.001,1,25,2,0.2183,0.823045,7329.36
12927,KB3,ARQ,Default,200,0.001,1,25,0,0.1935,0.888889,8268.73
12928,KB3,ARQ,Default,200,0.001,1,25,3,0.2053,0.793651,7793.47
12929,KB3,ARQ,Default,200,0.001,1,25,2,0.2037,0.823045,7854.69
12930,KB3,ARQ,Default,200,0.001,1,25,2,0.2038,0.823045,7850.83
12931,KB3,ARQ,Default,200,0.001,1,25,2,0.2045,0.823045,7823.96
12932,KB3,ARQ,Default,200,0.001,1,25,4,0.2105,0.766284,7600.95
12933,KB3,ARQ,Default,200,0.001,1,25,2,0.2058,0.823045,7774.54
12934,KB3,ARQ,Default,200,0.001,1,25,0,0.1939,0.888889,8251.68
12935,KB3,ARQ,Default,200,0.001,1,25,1,0.1964,0.854701,8146.64
12936,KB3,ARQ,Default,200,0.001,1,25,0,0.1932,0.888889,8281.57
12937,KB3,ARQ,Default,200,0.001,1,25,4,0.2106,0.766284,7597.34
12938,KB3,ARQ,Default,200,0.001,1,25,0,0.1925,0.888889,8311.69
12939,KB3,ARQ,Default,200,0.001,1,25,0,0.1931,0.888889,8285.86
12940,KB3,ARQ,Default,200,0.001,1,25,6,0.2238,0.716846,7149.24
12941,KB3,ARQ,Default,200,0.001,1,25,0,0.1936,0.888889,8264.46
12942,KB3,ARQ,Default,200,0.001,1,25,3,0.2091,0.793651,7651.84
12943,KB3,ARQ,Default,200,0.001,1,25,1,0.1958,0.854701,8171.6
12944,KB3,ARQ,Default,200,0.001,1,25,9,0.2337,0.653595,6846.38
12945,KB3,ARQ,Default,200,0.001,1,25,2,0.2044,0.823045,7827.79
12946,KB3,ARQ,Default,200,0.001,1,25,1,0.198,0.854701,8080.81
12947,KB3,ARQ,Default,200,0.001,1,25,1,0.1978,0.854701,8088.98
12948,KB3,ARQ,Default,200,0.001,1,25,3,0.2074,0.793651,7714.56
12949,KB3,ARQ,Default,200,0.001,1,25,1,0.1972,0.854701,8113.59
12950,KB3,ARQ,Default,200,0.001,1,25,2,0.2065,0.823045,7748.18
12951,KB3,ARQ,Default,200,0.001,1,25,3,0.2078,0.793651,7699.71
12952,KB3,ARQ,Default,200,0.001,1,25,7,0.2261,0.694444,7076.51
12953,KB3,ARQ,Default,200,0.001,1,25,1,0.1979,0.854701,8084.89
12954,KB3,ARQ,Default,200,0.001,1,25,3,0.2074,0.793651,7714.56
12955,KB3,ARQ,Default,200,0.001,1,25,1,0.1974,0.854701,8105.37
12956,KB3,ARQ,Default,200,0.001,1,25,3,0.2055,0.793651,7785.89
12957,KB3,ARQ,Default,200,0.001,1,25,2,0.204,0.823045,7843.14
12958,KB3,ARQ,Default,200,0.001,1,25,3,0.2074,0.793651,7714.56
12959,KB3,ARQ,Default,200,0.001,1,25,0,0.1931,0.888889,8285.86
12960,KB3,ARQ,Default,200,0.001,1,25,1,0.1966,0.854701,8138.35
12961,KB3,ARQ,Default,200,0.001,1,25,5,0.216,0.740741,7407.41
12962,KB3,ARQ,Default,200,0.001,1,25,0,0.1928,0.888889,8298.76
12963,KB3,ARQ,Default,200,0.001,1,25,0,0.1916,0.888889,8350.73
12964,KB3,ARQ,Default,200,0.001,1,25,0,0.1929,0.888889,8294.45
12965,KB3,ARQ,Default,200,0.001,1,25,1,0.1971,0.854701,8117.71
12966,KB3,ARQ,Default,200,0.001,1,25,0,0.1919,0.888889,8337.68
12967,KB3,ARQ,Default,200,0.001,1,25,4,0.2111,0.766284,7579.35
12968,KB3,ARQ,Default,200,0.001,1,25,0,0.1937,0.888889,8260.2
12969,KB3,ARQ,Default,200,0.001,1,25,2,0.2057,0.823045,7778.32
12970,KB3,ARQ,Default,200,0.001,1,25,2,0.2038,0.823045,7850.83
12971,KB3,ARQ,Default,200,0.001,1,25,3,0.2078,0.793651,7699.71
12972,KB3,ARQ,Default,200,0.001,1,25,1,0.198,0.854701,8080.81
12973,KB3,ARQ,Default,200,0.001,1,25,3,0.2078,0.793651,7699.71
12974,KB3,ARQ,Default,200,0.001,1,25,3,0.2067,0.793651,7740.69
12975,KB3,ARQ,Default,200,0.001,1,25,1,0.1959,0.854701,8167.43
12976,KB3,ARQ,Default,200,0.001,1,25,2,0.2041,0.823045,7839.29
12977,KB3,ARQ,Default,200,0.001,1,25,0,0.1923,0.888889,8320.33
12978,KB3,ARQ,Default,200,0.001,1,25,2,0.2106,0.823045,7597.34
12979,KB3,ARQ,Default,200,0.001,1,25,1,0.1968,0.854701,8130.08
12980,KB3,ARQ,Default,200,0.001,1,25,0,0.1933,0.888889,8277.29
12981,KB3,ARQ,Default,200,0.001,1,25,0,0.192,0.888889,8333.33
12982,KB3,ARQ,Default,200,0.001,1,25,1,0.1963,0.854701,8150.79
12983,KB3,ARQ,Default,200,0.001,1,25,1,0.1973,0.854701,8109.48
12984,KB3,ARQ,Default,200,0.001,1,25,2,0.2057,0.823045,7778.32
12985,KB3,ARQ,Default,200,0.001,1,25,5,0.2351,0.740741,6805.61
12986,KB3,ARQ,Default,200,0.001,1,25,2,0.2182,0.823045,7332.72
12987,KB3,ARQ,Default,200,0.001,1,25,4,0.2104,0.766284,7604.56
12988,KB3,ARQ,Default,200,0.001,1,25,1,0.1957,0.854701,8175.78
12989,KB3,ARQ,Default,200,0.001,1,25,6,0.2222,0.716846,7200.72
12990,KB3,ARQ,Default,200,0.001,1,25,0,0.1944,0.888889,8230.45
12991,KB3,ARQ,Default,200,0.001,1,25,2,0.2049,0.823045,7808.69
12992,KB3,ARQ,Default,200,0.001,1,25,1,0.1979,0.854701,8084.89
12993,KB3,ARQ,Default,200,0.001,1,25,3,0.2076,0.793651,7707.13
12994,KB3,ARQ,Default,200,0.001,1,25,2,0.2042,0.823045,7835.46
12995,KB3,ARQ,Default,200,0.001,1,25,1,0.1978,0.854701,8088.98
12996,KB3,ARQ,Default,200,0.001,1,25,1,0.1989,0.854701,8044.24
12997,KB3,ARQ,Default,200,0.001,1,25,4,0.2096,0.766284,7633.59
12998,KB3,ARQ,Default,200,0.001,1,25,0,0.1916,0.888889,8350.73
12999,KB3,ARQ,Default,200,0.001,1,25,0,0.1948,0.888889,8213.55
13000,KB3,ARQ,Default,200,0.001,1,25,4,0.2099,0.766284,7622.68
13001,KB3,HARQ,Default,200,0.001,1,25,0,1.8683,0.888889,856.394
13002,KB3,HARQ,Default,200,0.001,1,25,0,1.9008,0.888889,841.751
13003,KB3,HARQ,Default,200,0.001,1,25,0,1.8886,0.888889,847.188
13004,KB3,HARQ,Default,200,0.001,1,25,0,1.887,0.888889,847.907
13005,KB3,HARQ,Default,200,0.001,1,25,0,1.8849,0.888889,848.851
13006,KB3,HARQ,Default,200,0.001,1,25,0,2.0845,0.888889,767.57
13007,KB3,HARQ,Default,200,0.001,1,25,0,1.9658,0.888889,813.918
13008,KB3,HARQ,Default,200,0.001,1,25,0,1.8844,0.888889,849.077
13009,KB3,HARQ,Default,200,0.001,1,25,0,1.8893,0.888889,846.875
13010,KB3,HARQ,Default,200,0.001,1,25,0,1.884,0.888889,849.257
13011,KB3,HARQ,Default,200,0.001,1,25,0,1.8727,0.888889,854.381
13012,KB3,HARQ,Default,200,0.001,1,25,0,2.0118,0.888889,795.308
13013,KB3,HARQ,Default,200,0.001,1,25,0,1.882,0.888889,850.159
13014,KB3,HARQ,Default,200,0.001,1,25,0,1.9963,0.888889,801.483
13015,KB3,HARQ,Default,200,0.001,1,25,0,1.8889,0.888889,847.054
13016,KB3,HARQ,Default,200,0.001,1,25,0,1.8799,0.888889,851.109
13017,KB3,HARQ,Default,200,0.001,1,25,0,1.8792,0.888889,851.426
13018,KB3,HARQ,Default,200,0.001,1,25,0,1.8814,0.888889,850.431
13019,KB3,HARQ,Default,200,0.001,1,25,0,1.8819,0.888889,850.205
13020,KB3,HARQ,Default,200,0.001,1,25,0,1.9032,0.888889,840.689
13021,KB3,HARQ,Default,200,0.001,1,25,0,2.0052,0.888889,797.925
13022,KB3,HARQ,Default,200,0.001,1,25,0,1.9492,0.888889,820.85
13023,KB3,HARQ,Default,200,0.001,1,25,0,1.8847,0.888889,848.941
13024,KB3,HARQ,Default,200,0.001,1,25,0,1.8866,0.888889,848.087
13025,KB3,HARQ,Default,200,0.001,1,25,1,1.9651,0.854701,814.208
13026,KB3,HARQ,Default,200,0.001,1,25,0,1.8847,0.888889,848.941
13027,KB3,HARQ,Default,200,0.001,1,25,0,1.8781,0.888889,851.925
13028,KB3,HARQ,Default,200,0.001,1,25,0,1.8934,0.888889,845.041
13029,KB3,HARQ,Default,200,0.001,1,25,0,1.9095,0.888889,837.916
13030,KB3,HARQ,Default,200,0.001,1,25,0,1.9834,0.888889,806.696
13031,KB3,HARQ,Default,200,0.001,1,25,0,1.8949,0.888889,844.372
13032,KB3,HARQ,Default,200,0.001,1,25,0,1.8826,0.888889,849.888
13033,KB3,HARQ,Default,200,0.001,1,25,0,1.8878,0.888889,847.547
13034,KB3,HARQ,Default,200,0.001,1,25,0,1.8784,0.888889,851.789
13035,KB3,HARQ,Default,200,0.001,1,25,0,1.9118,0.888889,836.908
13036,KB3,HARQ,Default,200,0.001,1,25,0,1.8756,0.888889,853.06
13037,KB3,HARQ,Default,200,0.001,1,25,0,1.8816,0.888889,850.34
13038,KB3,HARQ,Default,200,0.001,1,25,0,1.9729,0.888889,810.989
13039,KB3,HARQ,Default,200,0.001,1,25,0,1.9033,0.888889,840.645
13040,KB3,HARQ,Default,200,0.001,1,25,0,1.9148,0.888889,835.596
13041,KB3,HARQ,Default,200,0.001,1,25,0,1.8878,0.888889,847.547
13042,KB3,HARQ,Default,200,0.001,1,25,0,1.8898,0.888889,846.65
13043,KB3,HARQ,Default,200,0.001,1,25,0,1.9213,0.888889,832.769
13044,KB3,HARQ,Default,200,0.001,1,25,0,1.8765,0.888889,852.651
13045,KB3,HARQ,Default,200,0.001,1,25,0,1.9113,0.888889,837.127
13046,KB3,HARQ,Default,200,0.001,1,25,0,2.0517,0.888889,779.841
13047,KB3,HARQ,Default,200,0.001,1,25,0,2.1799,0.888889,733.979
13048,KB3,HARQ,Default,200,0.001,1,25,0,1.8877,0.888889,847.592
13049,KB3,HARQ,Default,200,0.001,1,25,0,1.8833,0.888889,849.573
13050,KB3,HARQ,Default,200,0.001,1,25,0,1.8895,0.888889,846.785
13051,KB3,HARQ,Default,200,0.001,1,25,0,1.9058,0.888889,839.542
13052,KB3,HARQ,Default,200,0.001,1,25,0,1.9522,0.888889,819.588
13053,KB3,HARQ,Default,200,0.001,1,25,0,1.9349,0.888889,826.916
13054,KB3,HARQ,Default,200,0.001,1,25,0,1.9725,0.888889,811.153
13055,KB3,HARQ,Default,200,0.001,1,25,1,2.009,0.854701,796.416
13056,KB3,HARQ,Default,200,0.001,1,25,0,1.9391,0.888889,825.125
13057,KB3,HARQ,Default,200,0.001,1,25,0,1.9196,0.888889,833.507
13058,KB3,HARQ,Default,200,0.001,1,25,0,1.9435,0.888889,823.257
13059,KB3,HARQ,Default,200,0.001,1,25,0,1.9458,0.888889,822.284
13060,KB3,HARQ,Default,200,0.001,1,25,0,1.9523,0.888889,819.546
13061,KB3,HARQ,Default,200,0.001,1,25,0,1.9525,0.888889,819.462
13062,KB3,HARQ,Default,200,0.001,1,25,0,1.929,0.888889,829.445
13063,KB3,HARQ,Default,200,0.001,1,25,0,1.9537,0.888889,818.959
13064,KB3,HARQ,Default,200,0.001,1,25,0,1.9525,0.888889,819.462
13065,KB3,HARQ,Default,200,0.001,1,25,0,1.938,0.888889,825.593
13066,KB3,HARQ,Default,200,0.001,1,25,0,1.9365,0.888889,826.233
13067,KB3,HARQ,Default,200,0.001,1,25,0,1.9182,0.888889,834.115
13068,KB3,HARQ,Default,200,0.001,1,25,0,1.924,0.888889,831.601
13069,KB3,HARQ,Default,200,0.001,1,25,0,1.9419,0.888889,823.935
13070,KB3,HARQ,Default,200,0.001,1,25,0,1.9478,0.888889,821.44
13071,KB3,HARQ,Default,200,0.001,1,25,0,1.9266,0.888889,830.479
13072,KB3,HARQ,Default,200,0.001,1,25,0,1.9387,0.888889,825.295
13073,KB3,HARQ,Default,200,0.001,1,25,0,1.9242,0.888889,831.514
13074,KB3,HARQ,Default,200,0.001,1,25,0,1.9317,0.888889,828.286
13075,KB3,HARQ,Default,200,0.001,1,25,0,1.9227,0.888889,832.163
13076,KB3,HARQ,Default,200,0.001,1,25,0,1.942,0.888889,823.893
13077,KB3,HARQ,Default,200,0.001,1,25,0,1.9452,0.888889,822.538
13078,KB3,HARQ,Default,200,0.001,1,25,0,1.9265,0.888889,830.522
13079,KB3,HARQ,Default,200,0.001,1,25,0,1.9497,0.888889,820.639
13080,KB3,HARQ,Default,200,0.001,1,25,0,1.929,0.888889,829.445
13081,KB3,HARQ,Default,200,0.001,1,25,0,1.9162,0.888889,834.986
13082,KB3,HARQ,Default,200,0.001,1,25,0,1.9203,0.888889,833.203
13083,KB3,HARQ,Default,200,0.001,1,25,0,1.9512,0.888889,820.008
13084,KB3,HARQ,Default,200,0.001,1,25,0,1.9529,0.888889,819.294
13085,KB3,HARQ,Default,200,0.001,1,25,0,1.9248,0.888889,831.255
13086,KB3,HARQ,Default,200,0.001,1,25,0,1.9359,0.888889,826.489
13087,KB3,HARQ,Default,200,0.001,1,25,0,1.9162,0.888889,834.986
13088,KB3,HARQ,Default,200,0.001,1,25,0,1.9427,0.888889,823.596
13089,KB3,HARQ,Default,200,0.001,1,25,0,1.9199,0.888889,833.377
13090,KB3,HARQ,Default,200,0.001,1,25,0,1.954,0.888889,818.833
13091,KB3,HARQ,Default,200,0.001,1,25,0,1.9339,0.888889,827.344
13092,KB3,HARQ,Default,200,0.001,1,25,0,1.9622,0.888889,815.411
13093,KB3,HARQ,Default,200,0.001,1,25,0,1.9529,0.888889,819.294
13094,KB3,HARQ,Default,200,0.001,1,25,0,1.9327,0.888889,827.857
13095,KB3,HARQ,Default,200,0.001,1,25,0,1.9288,0.888889,829.531
13096,KB3,HARQ,Default,200,0.001,1,25,0,1.9366,0.888889,826.19
13097,KB3,HARQ,Default,200,0.001,1,25,0,1.9174,0.888889,834.463
13098,KB3,HARQ,Default,200,0.001,1,25,0,1.9348,0.888889,826.959
13099,KB3,HARQ,Default,200,0.001,1,25,0,1.9239,0.888889,831.644
13100,KB3,HARQ,Default,200,0.001,1,25,0,1.9517,0.888889,819.798
13101,KB3,HARQ,Default,200,0.001,1,25,0,1.9232,0.888889,831.947
13102,KB3,HARQ,Default,200,0.001,1,25,0,1.9014,0.888889,841.485
13103,KB3,HARQ,Default,200,0.001,1,25,0,1.8961,0.888889,843.837
13104,KB3,HARQ,Default,200,0.001,1,25,0,1.9187,0.888889,833.898
13105,KB3,HARQ,Default,200,0.001,1,25,0,1.8847,0.888889,848.941
13106,KB3,HARQ,Default,200,0.001,1,25,0,1.8906,0.888889,846.292
13107,KB3,HARQ,Default,200,0.001,1,25,0,1.9005,0.888889,841.884
13108,KB3,HARQ,Default,200,0.001,1,25,0,1.9479,0.888889,821.397
13109,KB3,HARQ,Default,200,0.001,1,25,0,1.8991,0.888889,842.504
13110,KB3,HARQ,Default,200,0.001,1,25,0,1.9006,0.888889,841.839
13111,KB3,HARQ,Default,200,0.001,1,25,0,1.9012,0.888889,841.574
13112,KB3,HARQ,Default,200,0.001,1,25,0,1.8889,0.888889,847.054
13113,KB3,HARQ,Default,200,0.001,1,25,0,1.8898,0.888889,846.65
13114,KB3,HARQ,Default,200,0.001,1,25,0,1.9013,0.888889,841.529
13115,KB3,HARQ,Default,200,0.001,1,25,0,1.9067,0.888889,839.146
13116,KB3,HARQ,Default,200,0.001,1,25,0,1.9506,0.888889,820.26
13117,KB3,HARQ,Default,200,0.001,1,25,0,2.2113,0.888889,723.556
13118,KB3,HARQ,Default,200,0.001,1,25,0,1.9026,0.888889,840.954
13119,KB3,HARQ,Default,200,0.001,1,25,0,1.8794,0.888889,851.336
13120,KB3,HARQ,Default,200,0.001,1,25,0,1.8885,0.888889,847.233
13121,KB3,HARQ,Default,200,0.001,1,25,0,1.9059,0.888889,839.498
13122,KB3,HARQ,Default,200,0.001,1,25,0,1.9002,0.888889,842.017
13123,KB3,HARQ,Default,200,0.001,1,25,0,1.8861,0.888889,848.311
13124,KB3,HARQ,Default,200,0.001,1,25,0,1.94,0.888889,824.742
13125,KB3,HARQ,Default,200,0.001,1,25,0,1.89,0.888889,846.561
13126,KB3,HARQ,Default,200,0.001,1,25,0,1.8802,0.888889,850.973
13127,KB3,HARQ,Default,200,0.001,1,25,0,1.8816,0.888889,850.34
13128,KB3,HARQ,Default,200,0.001,1,25,0,1.8919,0.888889,845.711
13129,KB3,HARQ,Default,200,0.001,1,25,0,1.8893,0.888889,846.875
13130,KB3,HARQ,Default,200,0.001,1,25,0,1.9195,0.888889,833.55
13131,KB3,HARQ,Default,200,0.001,1,25,0,1.8841,0.888889,849.212
13132,KB3,HARQ,Default,200,0.001,1,25,0,1.9257,0.888889,830.867
13133,KB3,HARQ,Default,200,0.001,1,25,0,1.8888,0.888889,847.099
13134,KB3,HARQ,Default,200,0.001,1,25,0,1.8828,0.888889,849.798
13135,KB3,HARQ,Default,200,0.001,1,25,0,1.898,0.888889,842.993
13136,KB3,HARQ,Default,200,0.001,1,25,0,1.8829,0.888889,849.753
13137,KB3,HARQ,Default,200,0.001,1,25,0,1.9116,0.888889,836.995
13138,KB3,HARQ,Default,200,0.001,1,25,0,1.8883,0.888889,847.323
13139,KB3,HARQ,Default,200,0.001,1,25,0,1.882,0.888889,850.159
13140,KB3,HARQ,Default,200,0.001,1,25,0,1.8844,0.888889,849.077
13141,KB3,HARQ,Default,200,0.001,1,25,0,2.0295,0.888889,788.372
13142,KB3,HARQ,Default,200,0.001,1,25,0,1.8912,0.888889,846.024
13143,KB3,HARQ,Default,200,0.001,1,25,0,1.8823,0.888889,850.024
13144,KB3,HARQ,Default,200,0.001,1,25,0,1.893,0.888889,845.219
13145,KB3,HARQ,Default,200,0.001,1,25,0,1.8975,0.888889,843.215
13146,KB3,HARQ,Default,200,0.001,1,25,0,1.8822,0.888889,850.069
13147,KB3,HARQ,Default,200,0.001,1,25,0,1.8983,0.888889,842.859
13148,KB3,HARQ,Default,200,0.001,1,25,0,1.9062,0.888889,839.366
13149,KB3,HARQ,Default,200,0.001,1,25,0,2.063,0.888889,775.57
13150,KB3,HARQ,Default,200,0.001,1,25,0,1.8893,0.888889,846.875
13151,KB3,HARQ,Default,200,0.001,1,25,0,1.9148,0.888889,835.596
13152,KB3,HARQ,Default,200,0.001,1,25,0,1.8867,0.888889,848.042
13153,KB3,HARQ,Default,200,0.001,1,25,0,1.8885,0.888889,847.233
13154,KB3,HARQ,Default,200,0.001,1,25,0,1.8788,0.888889,851.607
13155,KB3,HARQ,Default,200,0.001,1,25,0,1.8894,0.888889,846.83
13156,KB3,HARQ,Default,200,0.001,1,25,0,1.8921,0.888889,845.621
13157,KB3,HARQ,Default,200,0.001,1,25,0,1.9513,0.888889,819.966
13158,KB3,HARQ,Default,200,0.001,1,25,0,1.8866,0.888889,848.087
13159,KB3,HARQ,Default,200,0.001,1,25,0,1.8783,0.888889,851.834
13160,KB3,HARQ,Default,200,0.001,1,25,0,1.9057,0.888889,839.587
13161,KB3,HARQ,Default,200,0.001,1,25,0,1.8999,0.888889,842.15
13162,KB3,HARQ,Default,200,0.001,1,25,0,1.9053,0.888889,839.763
13163,KB3,HARQ,Default,200,0.001,1,25,0,1.8977,0.888889,843.126
13164,KB3,HARQ,Default,200,0.001,1,25,0,1.8929,0.888889,845.264
13165,KB3,HARQ,Default,200,0.001,1,25,0,2.1252,0.888889,752.87
13166,KB3,HARQ,Default,200,0.001,1,25,0,1.9065,0.888889,839.234
13167,KB3,HARQ,Default,200,0.001,1,25,0,1.8985,0.888889,842.771
13168,KB3,HARQ,Default,200,0.001,1,25,0,1.9085,0.888889,838.355
13169,KB3,HARQ,Default,200,0.001,1,25,0,1.8987,0.888889,842.682
13170,KB3,HARQ,Default,200,0.001,1,25,0,1.8995,0.888889,842.327
13171,KB3,HARQ,Default,200,0.001,1,25,0,1.8792,0.888889,851.426
13172,KB3,HARQ,Default,200,0.001,1,25,0,1.9056,0.888889,839.631
13173,KB3,HARQ,Default,200,0.001,1,25,0,1.8961,0.888889,843.837
13174,KB3,HARQ,Default,200,0.001,1,25,0,1.8957,0.888889,844.015
13175,KB3,HARQ,Default,200,0.001,1,25,0,1.9069,0.888889,839.058
13176,KB3,HARQ,Default,200,0.001,1,25,0,1.9029,0.888889,840.822
13177,KB3,HARQ,Default,200,0.001,1,25,1,1.9436,0.854701,823.215
13178,KB3,HARQ,Default,200,0.001,1,25,0,1.9,0.888889,842.105
13179,KB3,HARQ,Default,200,0.001,1,25,0,1.8819,0.888889,850.205
13180,KB3,HARQ,Default,200,0.001,1,25,0,1.9075,0.888889,838.794
13181,KB3,HARQ,Default,200,0.001,1,25,0,1.9243,0.888889,831.471
13182,KB3,HARQ,Default,200,0.001,1,25,0,1.9033,0.888889,840.645
13183,KB3,HARQ,Default,200,0.001,1,25,0,1.8851,0.888889,848.761
13184,KB3,HARQ,Default,200,0.001,1,25,0,1.892,0.888889,845.666
13185,KB3,HARQ,Default,200,0.001,1,25,0,1.8822,0.888889,850.069
13186,KB3,HARQ,Default,200,0.001,1,25,0,1.8864,0.888889,848.176
13187,KB3,HARQ,Default,200,0.001,1,25,0,1.8861,0.888889,848.311
13188,KB3,HARQ,Default,200,0.001,1,25,0,2.0975,0.888889,762.813
13189,KB3,HARQ,Default,200,0.001,1,25,0,2.3267,0.888889,687.669
13190,KB3,HARQ,Default,200,0.001,1,25,0,1.9137,0.888889,836.077
13191,KB3,HARQ,Default,200,0.001,1,25,0,1.8865,0.888889,848.131
13192,KB3,HARQ,Default,200,0.001,1,25,0,1.9057,0.888889,839.587
13193,KB3,HARQ,Default,200,0.001,1,25,0,1.8972,0.888889,843.348
13194,KB3,HARQ,Default,200,0.001,1,25,0,1.8878,0.888889,847.547
13195,KB3,HARQ,Default,200,0.001,1,25,0,1.8874,0.888889,847.727
13196,KB3,HARQ,Default,200,0.001,1,25,0,1.9639,0.888889,814.705
13197,KB3,HARQ,Default,200,0.001,1,25,0,1.9058,0.888889,839.542
13198,KB3,HARQ,Default,200,0.001,1,25,0,1.8812,0.888889,850.521
13199,KB3,HARQ,Default,200,0.001,1,25,1,1.9699,0.854701,812.224
13200,KB3,HARQ,Default,200,0.001,1,25,0,1.8863,0.888889,848.221
13201,KB3,HARQ,Default,200,0.001,1,25,0,1.8911,0.888889,846.068
13202,KB3,HARQ,Default,200,0.001,1,25,0,1.9061,0.888889,839.41
13203,KB3,HARQ,Default,200,0.001,1,25,0,1.8729,0.888889,854.29
13204,KB3,HARQ,Default,200,0.001,1,25,0,1.9522,0.888889,819.588
13205,KB3,HARQ,Default,200,0.001,1,25,0,1.905,0.888889,839.895
13206,KB3,HARQ,Default,200,0.001,1,25,0,1.8934,0.888889,845.041
13207,KB3,HARQ,Default,200,0.001,1,25,0,1.873,0.888889,854.245
13208,KB3,HARQ,Default,200,0.001,1,25,0,1.8822,0.888889,850.069
13209,KB3,HARQ,Default,200,0.001,1,25,0,1.9055,0.888889,839.675
13210,KB3,HARQ,Default,200,0.001,1,25,0,1.9141,0.888889,835.902
13211,KB3,HARQ,Default,200,0.001,1,25,0,1.8801,0.888889,851.019
13212,KB3,HARQ,Default,200,0.001,1,25,0,1.8883,0.888889,847.323
13213,KB3,HARQ,Default,200,0.001,1,25,0,1.8786,0.888889,851.698
13214,KB3,HARQ,Default,200,0.001,1,25,0,1.9025,0.888889,840.999
13215,KB3,HARQ,Default,200,0.001,1,25,0,1.8882,0.888889,847.368
13216,KB3,HARQ,Default,200,0.001,1,25,0,1.9076,0.888889,838.75
13217,KB3,HARQ,Default,200,0.001,1,25,0,1.8992,0.888889,842.46
13218,KB3,HARQ,Default,200,0.001,1,25,0,1.8806,0.888889,850.792
13219,KB3,HARQ,Default,200,0.001,1,25,0,1.8832,0.888889,849.618
13220,KB3,HARQ,Default,200,0.001,1,25,0,2.1355,0.888889,749.239
13221,KB3,HARQ,Default,200,0.001,1,25,0,1.8827,0.888889,849.843
13222,KB3,HARQ,Default,200,0.001,1,25,0,1.8994,0.888889,842.371
13223,KB3,HARQ,Default,200,0.001,1,25,0,1.8957,0.888889,844.015
13224,KB3,HARQ,Default,200,0.001,1,25,0,1.9183,0.888889,834.072
13225,KB3,HARQ,Default,200,0.001,1,25,0,1.8846,0.888889,848.987
13226,KB3,HARQ,Default,200,0.001,1,25,0,1.8881,0.888889,847.413
13227,KB3,HARQ,Default,200,0.001,1,25,0,1.8777,0.888889,852.106
13228,KB3,HARQ,Default,200,0.001,1,25,0,1.9315,0.888889,828.372
13229,KB3,HARQ,Default,200,0.001,1,25,0,1.8854,0.888889,848.626
13230,KB3,HARQ,Default,200,0.001,1,25,0,1.8862,0.888889,848.266
13231,KB3,HARQ,Default,200,0.001,1,25,0,1.8956,0.888889,844.06
13232,KB3,HARQ,Default,200,0.001,1,25,0,1.8986,0.888889,842.726
13233,KB3,HARQ,Default,200,0.001,1,25,0,1.8817,0.888889,850.295
13234,KB3,HARQ,Default,200,0.001,1,25,0,1.8942,0.888889,844.684
13235,KB3,HARQ,Default,200,0.001,1,25,0,1.9,0.888889,842.105
13236,KB3,HARQ,Default,200,0.001,1,25,0,1.9774,0.888889,809.143
13237,KB3,HARQ,Default,200,0.001,1,25,0,1.894,0.888889,844.773
13238,KB3,HARQ,Default,200,0.001,1,25,0,1.8917,0.888889,845.8
13239,KB3,HARQ,Default,200,0.001,1,25,0,1.8975,0.888889,843.215
13240,KB3,HARQ,Default,200,0.001,1,25,0,1.8877,0.888889,847.592
13241,KB3,HARQ,Default,200,0.001,1,25,0,1.8877,0.888889,847.592
13242,KB3,HARQ,Default,200,0.001,1,25,0,1.8807,0.888889,850.747
13243,KB3,HARQ,Default,200,0.001,1,25,0,1.8834,0.888889,849.527
13244,KB3,HARQ,Default,200,0.001,1,25,0,1.9031,0.888889,840.734
13245,KB3,HARQ,Default,200,0.001,1,25,0,1.969,0.888889,812.595
13246,KB3,HARQ,Default,200,0.001,1,25,0,1.8845,0.888889,849.032
13247,KB3,HARQ,Default,200,0.001,1,25,0,1.8833,0.888889,849.573
13248,KB3,HARQ,Default,200,0.001,1,25,0,1.8955,0.888889,844.104
13249,KB3,HARQ,Default,200,0.001,1,25,0,1.8846,0.888889,848.987
13250,KB3,HARQ,Default,200,0.001,1,25,0,1.8761,0.888889,852.833
13251,KB3,HARQ,Default,200,0.001,1,25,0,1.8844,0.888889,849.077
13252,KB3,HARQ,Default,200,0.001,1,25,0,1.8913,0.888889,845.979
13253,KB3,HARQ,Default,200,0.001,1,25,0,1.9648,0.888889,814.332
13254,KB3,HARQ,Default,200,0.001,1,25,0,1.9019,0.888889,841.264
13255,KB3,HARQ,Default,200,0.001,1,25,0,1.902,0.888889,841.22
13256,KB3,HARQ,Default,200,0.001,1,25,0,1.8834,0.888889,849.527
13257,KB3,HARQ,Default,200,0.001,1,25,0,1.8829,0.888889,849.753
13258,KB3,HARQ,Default,200,0.001,1,25,1,1.9569,0.854701,817.62
13259,KB3,HARQ,Default,200,0.001,1,25,0,1.8766,0.888889,852.606
13260,KB3,HARQ,Default,200,0.001,1,25,0,1.8812,0.888889,850.521
13261,KB3,HARQ,Default,200,0.001,1,25,0,2.3517,0.888889,680.359
13262,KB3,HARQ,Default,200,0.001,1,25,0,1.8989,0.888889,842.593
13263,KB3,HARQ,Default,200,0.001,1,25,0,1.8974,0.888889,843.259
13264,KB3,HARQ,Default,200,0.001,1,25,0,1.8767,0.888889,852.56
13265,KB3,HARQ,Default,200,0.001,1,25,0,1.8948,0.888889,844.416
13266,KB3,HARQ,Default,200,0.001,1,25,0,1.8934,0.888889,845.041
13267,KB3,HARQ,Default,200,0.001,1,25,0,1.8916,0.888889,845.845
13268,KB3,HARQ,Default,200,0.001,1,25,0,1.8882,0.888889,847.368
13269,KB3,HARQ,Default,200,0.001,1,25,0,2.1104,0.888889,758.15
13270,KB3,HARQ,Default,200,0.001,1,25,0,1.8797,0.888889,851.2
13271,KB3,HARQ,Default,200,0.001,1,25,0,1.8947,0.888889,844.461
13272,KB3,HARQ,Default,200,0.001,1,25,0,1.8949,0.888889,844.372
13273,KB3,HARQ,Default,200,0.001,1,25,0,2.0165,0.888889,793.454
13274,KB3,HARQ,Default,200,0.001,1,25,0,1.8841,0.888889,849.212
13275,KB3,HARQ,Default,200,0.001,1,25,0,1.8862,0.888889,848.266
13276,KB3,HARQ,Default,200,0.001,1,25,0,1.8983,0.888889,842.859
13277,KB3,HARQ,Default,200,0.001,1,25,0,1.9347,0.888889,827.002
13278,KB3,HARQ,Default,200,0.001,1,25,0,1.889,0.888889,847.009
13279,KB3,HARQ,Default,200,0.001,1,25,0,1.8929,0.888889,845.264
13280,KB3,HARQ,Default,200,0.001,1,25,0,1.905,0.888889,839.895
13281,KB3,HARQ,Default,200,0.001,1,25,0,2.0146,0.888889,794.202
13282,KB3,HARQ,Default,200,0.001,1,25,0,1.8841,0.888889,849.212
13283,KB3,HARQ,Default,200,0.001,1,25,0,1.877,0.888889,852.424
13284,KB3,HARQ,Default,200,0.001,1,25,0,1.8884,0.888889,847.278
13285,KB3,HARQ,Default,200,0.001,1,25,0,1.9557,0.888889,818.121
13286,KB3,HARQ,Default,200,0.001,1,25,0,1.9084,0.888889,838.399
13287,KB3,HARQ,Default,200,0.001,1,25,0,1.9101,0.888889,837.652
13288,KB3,HARQ,Default,200,0.001,1,25,0,1.8785,0.888889,851.743
13289,KB3,HARQ,Default,200,0.001,1,25,0,1.8875,0.888889,847.682
13290,KB3,HARQ,Default,200,0.001,1,25,0,1.8998,0.888889,842.194
13291,KB3,HARQ,Default,200,0.001,1,25,0,1.9083,0.888889,838.443
13292,KB3,HARQ,Default,200,0.001,1,25,0,2.0063,0.888889,797.488
13293,KB3,HARQ,Default,200,0.001,1,25,0,1.9003,0.888889,841.972
13294,KB3,HARQ,Default,200,0.001,1,25,0,1.8996,0.888889,842.283
13295,KB3,HARQ,Default,200,0.001,1,25,0,1.8825,0.888889,849.934
13296,KB3,HARQ,Default,200,0.001,1,25,0,1.8818,0.888889,850.25
13297,KB3,HARQ,Default,200,0.001,1,25,0,1.8861,0.888889,848.311
13298,KB3,HARQ,Default,200,0.001,1,25,0,1.8883,0.888889,847.323
13299,KB3,HARQ,Default,200,0.001,1,25,0,1.9082,0.888889,838.487
13300,KB3,HARQ,Default,200,0.001,1,25,0,1.9478,0.888889,821.44
13301,KB3,HARQ,Default,200,0.001,1,25,0,1.9076,0.888889,838.75
13302,KB3,HARQ,Default,200,0.001,1,25,0,1.8821,0.888889,850.114
13303,KB3,HARQ,Default,200,0.001,1,25,0,1.9287,0.888889,829.574
13304,KB3,HARQ,Default,200,0.001,1,25,0,1.9166,0.888889,834.812
13305,KB3,HARQ,Default,200,0.001,1,25,0,1.9248,0.888889,831.255
13306,KB3,HARQ,Default,200,0.001,1,25,0,1.9435,0.888889,823.257
13307,KB3,HARQ,Default,200,0.001,1,25,0,1.9402,0.888889,824.657
13308,KB3,HARQ,Default,200,0.001,1,25,0,1.9503,0.888889,820.387
13309,KB3,HARQ,Default,200,0.001,1,25,0,1.9259,0.888889,830.78
13310,KB3,HARQ,Default,200,0.001,1,25,0,1.9292,0.888889,829.359
13311,KB3,HARQ,Default,200,0.001,1,25,0,1.9287,0.888889,829.574
13312,KB3,HARQ,Default,200,0.001,1,25,0,1.9299,0.888889,829.059
13313,KB3,HARQ,Default,200,0.001,1,25,0,1.9271,0.888889,830.263
13314,KB3,HARQ,Default,200,0.001,1,25,0,1.9312,0.888889,828.5
13315,KB3,HARQ,Default,200,0.001,1,25,0,1.9395,0.888889,824.955
13316,KB3,HARQ,Default,200,0.001,1,25,0,1.9689,0.888889,812.636
13317,KB3,HARQ,Default,200,0.001,1,25,0,1.9298,0.888889,829.101
13318,KB3,HARQ,Default,200,0.001,1,25,0,1.9203,0.888889,833.203
13319,KB3,HARQ,Default,200,0.001,1,25,0,1.9286,0.888889,829.617
13320,KB3,HARQ,Default,200,0.001,1,25,0,1.9335,0.888889,827.515
13321,KB3,HARQ,Default,200,0.001,1,25,0,1.9322,0.888889,828.072
13322,KB3,HARQ,Default,200,0.001,1,25,1,1.991,0.854701,803.616
13323,KB3,HARQ,Default,200,0.001,1,25,0,1.9278,0.888889,829.962
13324,KB3,HARQ,Default,200,0.001,1,25,0,1.9575,0.888889,817.369
13325,KB3,HARQ,Default,200,0.001,1,25,0,1.9257,0.888889,830.867
13326,KB3,HARQ,Default,200,0.001,1,25,0,1.9401,0.888889,824.7
13327,KB3,HARQ,Default,200,0.001,1,25,0,1.9246,0.888889,831.342
13328,KB3,HARQ,Default,200,0.001,1,25,0,1.9393,0.888889,825.04
13329,KB3,HARQ,Default,200,0.001,1,25,0,1.9298,0.888889,829.101
13330,KB3,HARQ,Default,200,0.001,1,25,1,2.0121,0.854701,795.189
13331,KB3,HARQ,Default,200,0.001,1,25,0,1.9256,0.888889,830.91
13332,KB3,HARQ,Default,200,0.001,1,25,0,2.0885,0.888889,766.1
13333,KB3,HARQ,Default,200,0.001,1,25,0,1.9595,0.888889,816.535
13334,KB3,HARQ,Default,200,0.001,1,25,0,1.9953,0.888889,801.884
13335,KB3,HARQ,Default,200,0.001,1,25,0,1.9457,0.888889,822.326
13336,KB3,HARQ,Default,200,0.001,1,25,0,1.9442,0.888889,822.961
13337,KB3,HARQ,Default,200,0.001,1,25,0,1.9349,0.888889,826.916
13338,KB3,HARQ,Default,200,0.001,1,25,0,1.9398,0.888889,824.827
13339,KB3,HARQ,Default,200,0.001,1,25,0,1.9437,0.888889,823.172
13340,KB3,HARQ,Default,200,0.001,1,25,0,1.9618,0.888889,815.578
13341,KB3,HARQ,Default,200,0.001,1,25,0,1.9325,0.888889,827.943
13342,KB3,HARQ,Default,200,0.001,1,25,0,1.9348,0.888889,826.959
13343,KB3,HARQ,Default,200,0.001,1,25,0,1.9221,0.888889,832.423
13344,KB3,HARQ,Default,200,0.001,1,25,0,1.9407,0.888889,824.445
13345,KB3,HARQ,Default,200,0.001,1,25,0,1.9266,0.888889,830.479
13346,KB3,HARQ,Default,200,0.001,1,25,0,1.9281,0.888889,829.832
13347,KB3,HARQ,Default,200,0.001,1,25,0,1.9434,0.888889,823.299
13348,KB3,HARQ,Default,200,0.001,1,25,0,1.926,0.888889,830.737
13349,KB3,HARQ,Default,200,0.001,1,25,0,1.9494,0.888889,820.765
13350,KB3,HARQ,Default,200,0.001,1,25,0,1.9421,0.888889,823.85
13351,KB3,HARQ,Default,200,0.001,1,25,0,1.9334,0.888889,827.558
13352,KB3,HARQ,Default,200,0.001,1,25,0,1.9599,0.888889,816.368
13353,KB3,HARQ,Default,200,0.001,1,25,0,1.9332,0.888889,827.643
13354,KB3,HARQ,Default,200,0.001,1,25,0,1.9263,0.888889,830.608
13355,KB3,HARQ,Default,200,0.001,1,25,0,1.9352,0.888889,826.788
13356,KB3,HARQ,Default,200,0.001,1,25,0,1.9399,0.888889,824.785
13357,KB3,HARQ,Default,200,0.001,1,25,0,1.9567,0.888889,817.703
13358,KB3,HARQ,Default,200,0.001,1,25,0,1.931,0.888889,828.586
13359,KB3,HARQ,Default,200,0.001,1,25,1,2.0014,0.854701,799.44
13360,KB3,HARQ,Default,200,0.001,1,25,0,1.9284,0.888889,829.703
13361,KB3,HARQ,Default,200,0.001,1,25,0,1.9298,0.888889,829.101
13362,KB3,HARQ,Default,200,0.001,1,25,0,1.9237,0.888889,831.731
13363,KB3,HARQ,Default,200,0.001,1,25,0,1.9616,0.888889,815.661
13364,KB3,HARQ,Default,200,0.001,1,25,0,1.9387,0.888889,825.295
13365,KB3,HARQ,Default,200,0.001,1,25,0,1.9565,0.888889,817.787
13366,KB3,HARQ,Default,200,0.001,1,25,0,1.9282,0.888889,829.789
13367,KB3,HARQ,Default,200,0.001,1,25,0,1.9196,0.888889,833.507
13368,KB3,HARQ,Default,200,0.001,1,25,0,1.9268,0.888889,830.392
13369,KB3,HARQ,Default,200,0.001,1,25,0,1.9313,0.888889,828.458
13370,KB3,HARQ,Default,200,0.001,1,25,0,1.9321,0.888889,828.114
13371,KB3,HARQ,Default,200,0.001,1,25,0,1.9423,0.888889,823.766
13372,KB3,HARQ,Default,200,0.001,1,25,0,1.9563,0.888889,817.87
13373,KB3,HARQ,Default,200,0.001,1,25,0,1.9351,0.888889,826.831
13374,KB3,HARQ,Default,200,0.001,1,25,0,1.9348,0.888889,826.959
13375,KB3,HARQ,Default,200,0.001,1,25,0,1.9278,0.888889,829.962
13376,KB3,HARQ,Default,200,0.001,1,25,0,1.9448,0.888889,822.707
13377,KB3,HARQ,Default,200,0.001,1,25,0,1.9292,0.888889,829.359
13378,KB3,HARQ,Default,200,0.001,1,25,0,1.9378,0.888889,825.679
13379,KB3,HARQ,Default,200,0.001,1,25,0,1.9485,0.888889,821.144
13380,KB3,HARQ,Default,200,0.001,1,25,0,1.9333,0.888889,827.6
13381,KB3,HARQ,Default,200,0.001,1,25,0,1.9457,0.888889,822.326
13382,KB3,HARQ,Default,200,0.001,1,25,0,1.9438,0.888889,823.13
13383,KB3,HARQ,Default,200,0.001,1,25,0,1.9267,0.888889,830.435
13384,KB3,HARQ,Default,200,0.001,1,25,0,1.9366,0.888889,826.19
13385,KB3,HARQ,Default,200,0.001,1,25,0,1.9406,0.888889,824.487
13386,KB3,HARQ,Default,200,0.001,1,25,0,1.9243,0.888889,831.471
13387,KB3,HARQ,Default,200,0.001,1,25,0,1.9636,0.888889,814.83
13388,KB3,HARQ,Default,200,0.001,1,25,0,1.9334,0.888889,827.558
13389,KB3,HARQ,Default,200,0.001,1,25,0,1.9347,0.888889,827.002
13390,KB3,HARQ,Default,200,0.001,1,25,0,1.9421,0.888889,823.85
13391,KB3,HARQ,Default,200,0.001,1,25,0,1.9532,0.888889,819.169
13392,KB3,HARQ,Default,200,0.001,1,25,0,1.9414,0.888889,824.148
13393,KB3,HARQ,Default,200,0.001,1,25,0,1.9286,0.888889,829.617
13394,KB3,HARQ,Default,200,0.001,1,25,1,2.0003,0.854701,799.88
13395,KB3,HARQ,Default,200,0.001,1,25,0,1.9234,0.888889,831.86
13396,KB3,HARQ,Default,200,0.001,1,25,0,1.9289,0.888889,829.488
13397,KB3,HARQ,Default,200,0.001,1,25,0,1.9424,0.888889,823.723
13398,KB3,HARQ,Default,200,0.001,1,25,1,1.994,0.854701,802.407
13399,KB3,HARQ,Default,200,0.001,1,25,0,1.9196,0.888889,833.507
13400,KB3,HARQ,Default,200,0.001,1,25,0,1.9289,0.888889,829.488
13401,KB3,HARQ,Default,200,0.001,1,25,0,1.9445,0.888889,822.834
13402,KB3,HARQ,Default,200,0.001,1,25,0,1.9235,0.888889,831.817
13403,KB3,HARQ,Default,200,0.001,1,25,0,2.3681,0.888889,675.647
13404,KB3,HARQ,Default,200,0.001,1,25,0,1.9277,0.888889,830.005
13405,KB3,HARQ,Default,200,0.001,1,25,0,1.873,0.888889,854.245
13406,KB3,HARQ,Default,200,0.001,1,25,0,1.9582,0.888889,817.077
13407,KB3,HARQ,Default,200,0.001,1,25,0,1.862,0.888889,859.291
13408,KB3,HARQ,Default,200,0.001,1,25,0,1.8617,0.888889,859.43
13409,KB3,HARQ,Default,200,0.001,1,25,0,1.8546,0.888889,862.72
13410,KB3,HARQ,Default,200,0.001,1,25,0,1.8897,0.888889,846.695
13411,KB3,HARQ,Default,200,0.001,1,25,0,2.2594,0.888889,708.153
13412,KB3,HARQ,Default,200,0.001,1,25,0,1.84,0.888889,869.565
13413,KB3,HARQ,Default,200,0.001,1,25,0,1.8603,0.888889,860.076
13414,KB3,HARQ,Default,200,0.001,1,25,0,1.8545,0.888889,862.766
13415,KB3,HARQ,Default,200,0.001,1,25,0,1.9791,0.888889,808.448
13416,KB3,HARQ,Default,200,0.001,1,25,0,1.8909,0.888889,846.158
13417,KB3,HARQ,Default,200,0.001,1,25,0,1.8415,0.888889,868.857
13418,KB3,HARQ,Default,200,0.001,1,25,0,1.8487,0.888889,865.473
13419,KB3,HARQ,Default,200,0.001,1,25,0,2.0458,0.888889,782.09
13420,KB3,HARQ,Default,200,0.001,1,25,0,1.8935,0.888889,844.996
13421,KB3,HARQ,Default,200,0.001,1,25,0,1.8885,0.888889,847.233
13422,KB3,HARQ,Default,200,0.001,1,25,0,1.8706,0.888889,855.341
13423,KB3,HARQ,Default,200,0.001,1,25,0,1.9291,0.888889,829.402
13424,KB3,HARQ,Default,200,0.001,1,25,0,1.8499,0.888889,864.912
13425,KB3,HARQ,Default,200,0.001,1,25,0,1.8661,0.888889,857.403
13426,KB3,HARQ,Default,200,0.001,1,25,0,1.8685,0.888889,856.302
13427,KB3,HARQ,Default,200,0.001,1,25,0,2.0486,0.888889,781.021
13428,KB3,HARQ,Default,200,0.001,1,25,0,1.8425,0.888889,868.385
13429,KB3,HARQ,Default,200,0.001,1,25,0,1.8587,0.888889,860.817
13430,KB3,HARQ,Default,200,0.001,1,25,0,1.8791,0.888889,851.471
13431,KB3,HARQ,Default,200,0.001,1,25,0,1.864,0.888889,858.369
13432,KB3,HARQ,Default,200,0.001,1,25,0,1.9336,0.888889,827.472
13433,KB3,HARQ,Default,200,0.001,1,25,0,1.8568,0.888889,861.698
13434,KB3,HARQ,Default,200,0.001,1,25,0,1.871,0.888889,855.158
13435,KB3,HARQ,Default,200,0.001,1,25,0,2.2625,0.888889,707.182
13436,KB3,HARQ,Default,200,0.001,1,25,0,2.0426,0.888889,783.315
13437,KB3,HARQ,Default,200,0.001,1,25,0,2.0191,0.888889,792.432
13438,KB3,HARQ,Default,200,0.001,1,25,0,1.8744,0.888889,853.606
13439,KB3,HARQ,Default,200,0.001,1,25,0,1.8442,0.888889,867.585
13440,KB3,HARQ,Default,200,0.001,1,25,0,1.9781,0.888889,808.857
13441,KB3,HARQ,Default,200,0.001,1,25,0,1.8998,0.888889,842.194
13442,KB3,HARQ,Default,200,0.001,1,25,0,1.8385,0.888889,870.275
13443,KB3,HARQ,Default,200,0.001,1,25,0,2.0454,0.888889,782.243
13444,KB3,HARQ,Default,200,0.001,1,25,0,1.8446,0.888889,867.397
13445,KB3,HARQ,Default,200,0.001,1,25,0,1.8815,0.888889,850.385
13446,KB3,HARQ,Default,200,0.001,1,25,0,1.8959,0.888889,843.926
13447,KB3,HARQ,Default,200,0.001,1,25,0,1.8599,0.888889,860.261
13448,KB3,HARQ,Default,200,0.001,1,25,0,1.9458,0.888889,822.284
13449,KB3,HARQ,Default,200,0.001,1,25,0,1.8477,0.888889,865.941
13450,KB3,HARQ,Default,200,0.001,1,25,0,1.8655,0.888889,857.679
13451,KB3,HARQ,Default,200,0.001,1,25,0,1.9151,0.888889,835.466
13452,KB3,HARQ,Default,200,0.001,1,25,0,1.8962,0.888889,843.793
13453,KB3,HARQ,Default,200,0.001,1,25,0,1.9453,0.888889,822.495
13454,KB3,HARQ,Default,200,0.001,1,25,0,1.9471,0.888889,821.735
13455,KB3,HARQ,Default,200,0.001,1,25,0,1.9293,0.888889,829.316
13456,KB3,HARQ,Default,200,0.001,1,25,0,1.9325,0.888889,827.943
13457,KB3,HARQ,Default,200,0.001,1,25,0,1.9447,0.888889,822.749
13458,KB3,HARQ,Default,200,0.001,1,25,0,1.9507,0.888889,820.218
13459,KB3,HARQ,Default,200,0.001,1,25,0,1.9749,0.888889,810.168
13460,KB3,HARQ,Default,200,0.001,1,25,0,1.941,0.888889,824.317
13461,KB3,HARQ,Default,200,0.001,1,25,0,1.9345,0.888889,827.087
13462,KB3,HARQ,Default,200,0.001,1,25,0,1.9227,0.888889,832.163
13463,KB3,HARQ,Default,200,0.001,1,25,0,1.9143,0.888889,835.815
13464,KB3,HARQ,Default,200,0.001,1,25,0,1.9429,0.888889,823.511
13465,KB3,HARQ,Default,200,0.001,1,25,0,1.9545,0.888889,818.624
13466,KB3,HARQ,Default,200,0.001,1,25,0,1.956,0.888889,817.996
13467,KB3,HARQ,Default,200,0.001,1,25,0,1.9463,0.888889,822.073
13468,KB3,HARQ,Default,200,0.001,1,25,0,1.9359,0.888889,826.489
13469,KB3,HARQ,Default,200,0.001,1,25,0,1.9183,0.888889,834.072
13470,KB3,HARQ,Default,200,0.001,1,25,0,1.9301,0.888889,828.973
13471,KB3,HARQ,Default,200,0.001,1,25,0,1.9414,0.888889,824.148
13472,KB3,HARQ,Default,200,0.001,1,25,0,1.9519,0.888889,819.714
13473,KB3,HARQ,Default,200,0.001,1,25,0,1.9431,0.888889,823.426
13474,KB3,HARQ,Default,200,0.001,1,25,0,2.011,0.888889,795.624
13475,KB3,HARQ,Default,200,0.001,1,25,0,2.0297,0.888889,788.294
13476,KB3,HARQ,Default,200,0.001,1,25,0,1.9216,0.888889,832.639
13477,KB3,HARQ,Default,200,0.001,1,25,0,1.9163,0.888889,834.942
13478,KB3,HARQ,Default,200,0.001,1,25,0,1.9389,0.888889,825.21
13479,KB3,HARQ,Default,200,0.001,1,25,0,1.9211,0.888889,832.856
13480,KB3,HARQ,Default,200,0.001,1,25,0,1.9547,0.888889,818.54
13481,KB3,HARQ,Default,200,0.001,1,25,0,1.9346,0.888889,827.044
13482,KB3,HARQ,Default,200,0.001,1,25,0,1.9972,0.888889,801.122
13483,KB3,HARQ,Default,200,0.001,1,25,0,1.9264,0.888889,830.565
13484,KB3,HARQ,Default,200,0.001,1,25,0,1.9319,0.888889,828.2
13485,KB3,HARQ,Default,200,0.001,1,25,0,1.9434,0.888889,823.299
13486,KB3,HARQ,Default,200,0.001,1,25,0,1.922,0.888889,832.466
13487,KB3,HARQ,Default,200,0.001,1,25,0,1.953,0.888889,819.252
13488,KB3,HARQ,Default,200,0.001,1,25,0,1.9349,0.888889,826.916
13489,KB3,HARQ,Default,200,0.001,1,25,0,1.9401,0.888889,824.7
13490,KB3,HARQ,Default,200,0.001,1,25,0,1.9474,0.888889,821.608
13491,KB3,HARQ,Default,200,0.001,1,25,0,1.9493,0.888889,820.807
13492,KB3,HARQ,Default,200,0.001,1,25,0,1.9344,0.888889,827.13
13493,KB3,HARQ,Default,200,0.001,1,25,0,1.929,0.888889,829.445
13494,KB3,HARQ,Default,200,0.001,1,25,0,1.9383,0.888889,825.466
13495,KB3,HARQ,Default,200,0.001,1,25,0,1.922,0.888889,832.466
13496,KB3,HARQ,Default,200,0.001,1,25,0,1.9221,0.888889,832.423
13497,KB3,HARQ,Default,200,0.001,1,25,0,1.9163,0.888889,834.942
13498,KB3,HARQ,Default,200,0.001,1,25,0,1.9932,0.888889,802.729
13499,KB3,HARQ,Default,200,0.001,1,25,0,1.9444,0.888889,822.876
13500,KB3,HARQ,Default,200,0.001,1,25,0,1.9293,0.888889,829.316
13501,KB3,HARQ,Default,200,0.001,1,25,0,1.9154,0.888889,835.335
13502,KB3,HARQ,Default,200,0.001,1,25,0,1.9053,0.888889,839.763
13503,KB3,HARQ,Default,200,0.001,1,25,0,1.8984,0.888889,842.815
13504,KB3,HARQ,Default,200,0.001,1,25,0,1.9077,0.888889,838.706
13505,KB3,HARQ,Default,200,0.001,1,25,0,1.8987,0.888889,842.682
13506,KB3,HARQ,Default,200,0.001,1,25,1,2.0049,0.854701,798.045
13507,KB3,HARQ,Default,200,0.001,1,25,0,1.8964,0.888889,843.704
13508,KB3,HARQ,Default,200,0.001,1,25,0,1.9018,0.888889,841.308
13509,KB3,HARQ,Default,200,0.001,1,25,0,1.8966,0.888889,843.615
13510,KB3,HARQ,Default,200,0.001,1,25,0,1.9072,0.888889,838.926
13511,KB3,HARQ,Default,200,0.001,1,25,0,1.8841,0.888889,849.212
13512,KB3,HARQ,Default,200,0.001,1,25,0,1.886,0.888889,848.356
13513,KB3,HARQ,Default,200,0.001,1,25,0,1.8767,0.888889,852.56
13514,KB3,HARQ,Default,200,0.001,1,25,0,1.9303,0.888889,828.887
13515,KB3,HARQ,Default,200,0.001,1,25,0,1.9177,0.888889,834.333
13516,KB3,HARQ,Default,200,0.001,1,25,1,1.9524,0.854701,819.504
13517,KB3,HARQ,Default,200,0.001,1,25,0,1.8871,0.888889,847.862
13518,KB3,HARQ,Default,200,0.001,1,25,0,1.8876,0.888889,847.637
13519,KB3,HARQ,Default,200,0.001,1,25,0,1.8859,0.888889,848.401
13520,KB3,HARQ,Default,200,0.001,1,25,0,1.8849,0.888889,848.851
13521,KB3,HARQ,Default,200,0.001,1,25,0,1.8769,0.888889,852.469
13522,KB3,HARQ,Default,200,0.001,1,25,0,1.8766,0.888889,852.606
13523,KB3,HARQ,Default,200,0.001,1,25,0,1.8732,0.888889,854.153
13524,KB3,HARQ,Default,200,0.001,1,25,0,1.9064,0.888889,839.278
13525,KB3,HARQ,Default,200,0.001,1,25,0,1.8942,0.888889,844.684
13526,KB3,HARQ,Default,200,0.001,1,25,0,1.8957,0.888889,844.015
13527,KB3,HARQ,Default,200,0.001,1,25,0,1.8989,0.888889,842.593
13528,KB3,HARQ,Default,200,0.001,1,25,0,1.896,0.888889,843.882
13529,KB3,HARQ,Default,200,0.001,1,25,0,1.8931,0.888889,845.175
13530,KB3,HARQ,Default,200,0.001,1,25,0,2.0042,0.888889,798.324
13531,KB3,HARQ,Default,200,0.001,1,25,0,1.8842,0.888889,849.167
13532,KB3,HARQ,Default,200,0.001,1,25,0,1.8891,0.888889,846.964
13533,KB3,HARQ,Default,200,0.001,1,25,0,1.8736,0.888889,853.971
13534,KB3,HARQ,Default,200,0.001,1,25,0,1.8832,0.888889,849.618
13535,KB3,HARQ,Default,200,0.001,1,25,0,1.8778,0.888889,852.061
13536,KB3,HARQ,Default,200,0.001,1,25,0,1.906,0.888889,839.454
13537,KB3,HARQ,Default,200,0.001,1,25,0,1.886,0.888889,848.356
13538,KB3,HARQ,Default,200,0.001,1,25,0,2.0429,0.888889,783.2
13539,KB3,HARQ,Default,200,0.001,1,25,0,1.8903,0.888889,846.426
13540,KB3,HARQ,Default,200,0.001,1,25,0,1.9213,0.888889,832.769
13541,KB3,HARQ,Default,200,0.001,1,25,0,1.912,0.888889,836.82
13542,KB3,HARQ,Default,200,0.001,1,25,0,1.8874,0.888889,847.727
13543,KB3,HARQ,Default,200,0.001,1,25,0,1.8843,0.888889,849.122
13544,KB3,HARQ,Default,200,0.001,1,25,0,1.8907,0.888889,846.247
13545,KB3,HARQ,Default,200,0.001,1,25,0,1.8933,0.888889,845.085
13546,KB3,HARQ,Default,200,0.001,1,25,0,2.1899,0.888889,730.627
13547,KB3,HARQ,Default,200,0.001,1,25,0,1.9392,0.888889,825.083
13548,KB3,HARQ,Default,200,0.001,1,25,0,1.8953,0.888889,844.194
13549,KB3,HARQ,Default,200,0.001,1,25,0,2.0256,0.888889,789.889
13550,KB3,HARQ,Default,200,0.001,1,25,0,1.8866,0.888889,848.087
13551,KB3,HARQ,Default,200,0.001,1,25,0,2.0928,0.888889,764.526
13552,KB3,HARQ,Default,200,0.001,1,25,0,1.9565,0.888889,817.787
13553,KB3,HARQ,Default,200,0.001,1,25,0,1.9893,0.888889,804.303
13554,KB3,HARQ,Default,200,0.001,1,25,0,1.9921,0.888889,803.173
13555,KB3,HARQ,Default,200,0.001,1,25,0,1.9561,0.888889,817.954
13556,KB3,HARQ,Default,200,0.001,1,25,0,1.9671,0.888889,813.38
13557,KB3,HARQ,Default,200,0.001,1,25,0,1.958,0.888889,817.16
13558,KB3,HARQ,Default,200,0.001,1,25,0,1.9661,0.888889,813.794
13559,KB3,HARQ,Default,200,0.001,1,25,0,1.9707,0.888889,811.894
13560,KB3,HARQ,Default,200,0.001,1,25,0,1.9794,0.888889,808.326
13561,KB3,HARQ,Default,200,0.001,1,25,0,1.9895,0.888889,804.222
13562,KB3,HARQ,Default,200,0.001,1,25,0,1.9711,0.888889,811.729
13563,KB3,HARQ,Default,200,0.001,1,25,0,1.9822,0.888889,807.184
13564,KB3,HARQ,Default,200,0.001,1,25,0,1.9485,0.888889,821.144
13565,KB3,HARQ,Default,200,0.001,1,25,0,1.9589,0.888889,816.785
13566,KB3,HARQ,Default,200,0.001,1,25,0,1.9769,0.888889,809.348
13567,KB3,HARQ,Default,200,0.001,1,25,0,1.9765,0.888889,809.512
13568,KB3,HARQ,Default,200,0.001,1,25,0,1.9676,0.888889,813.173
13569,KB3,HARQ,Default,200,0.001,1,25,0,2.0038,0.888889,798.483
13570,KB3,HARQ,Default,200,0.001,1,25,0,1.9637,0.888889,814.788
13571,KB3,HARQ,Default,200,0.001,1,25,0,1.9786,0.888889,808.653
13572,KB3,HARQ,Default,200,0.001,1,25,0,1.9823,0.888889,807.143
13573,KB3,HARQ,Default,200,0.001,1,25,0,1.997,0.888889,801.202
13574,KB3,HARQ,Default,200,0.001,1,25,0,1.9902,0.888889,803.939
13575,KB3,HARQ,Default,200,0.001,1,25,0,1.9744,0.888889,810.373
13576,KB3,HARQ,Default,200,0.001,1,25,0,1.9673,0.888889,813.297
13577,KB3,HARQ,Default,200,0.001,1,25,0,1.9855,0.888889,805.842
13578,KB3,HARQ,Default,200,0.001,1,25,0,1.9461,0.888889,822.157
13579,KB3,HARQ,Default,200,0.001,1,25,0,1.9728,0.888889,811.03
13580,KB3,HARQ,Default,200,0.001,1,25,0,1.9518,0.888889,819.756
13581,KB3,HARQ,Default,200,0.001,1,25,0,1.9336,0.888889,827.472
13582,KB3,HARQ,Default,200,0.001,1,25,0,1.9578,0.888889,817.244
13583,KB3,HARQ,Default,200,0.001,1,25,0,1.9292,0.888889,829.359
13584,KB3,HARQ,Default,200,0.001,1,25,0,1.9973,0.888889,801.081
13585,KB3,HARQ,Default,200,0.001,1,25,0,1.9824,0.888889,807.103
13586,KB3,HARQ,Default,200,0.001,1,25,0,1.9652,0.888889,814.166
13587,KB3,HARQ,Default,200,0.001,1,25,0,1.9442,0.888889,822.961
13588,KB3,HARQ,Default,200,0.001,1,25,0,1.9546,0.888889,818.582
13589,KB3,HARQ,Default,200,0.001,1,25,0,1.9593,0.888889,816.618
13590,KB3,HARQ,Default,200,0.001,1,25,0,1.969,0.888889,812.595
13591,KB3,HARQ,Default,200,0.001,1,25,0,1.977,0.888889,809.307
13592,KB3,HARQ,Default,200,0.001,1,25,0,1.9602,0.888889,816.243
13593,KB3,HARQ,Default,200,0.001,1,25,0,1.9622,0.888889,815.411
13594,KB3,HARQ,Default,200,0.001,1,25,0,1.9893,0.888889,804.303
13595,KB3,HARQ,Default,200,0.001,1,25,0,1.9539,0.888889,818.875
13596,KB3,HARQ,Default,200,0.001,1,25,0,1.9351,0.888889,826.831
13597,KB3,HARQ,Default,200,0.001,1,25,0,1.9446,0.888889,822.791
13598,KB3,HARQ,Default,200,0.001,1,25,0,1.9516,0.888889,819.84
13599,KB3,HARQ,Default,200,0.001,1,25,0,1.963,0.888889,815.079
13600,KB3,HARQ,Default,200,0.001,1,25,0,1.9344,0.888889,827.13
13601,KB3,HARQ,Default,200,0.001,1,25,0,1.9403,0.888889,824.615
13602,KB3,HARQ,Default,200,0.001,1,25,0,1.972,0.888889,811.359
13603,KB3,HARQ,Default,200,0.001,1,25,0,1.9533,0.888889,819.127
13604,KB3,HARQ,Default,200,0.001,1,25,0,1.9588,0.888889,816.827
13605,KB3,HARQ,Default,200,0.001,1,25,0,1.9683,0.888889,812.884
13606,KB3,HARQ,Default,200,0.001,1,25,0,1.9513,0.888889,819.966
13607,KB3,HARQ,Default,200,0.001,1,25,1,1.9966,0.854701,801.362
13608,KB3,HARQ,Default,200,0.001,1,25,0,1.9995,0.888889,800.2
13609,KB3,HARQ,Default,200,0.001,1,25,0,1.9625,0.888889,815.287
13610,KB3,HARQ,Default,200,0.001,1,25,0,1.9263,0.888889,830.608
13611,KB3,HARQ,Default,200,0.001,1,25,0,1.9465,0.888889,821.988
13612,KB3,HARQ,Default,200,0.001,1,25,0,1.9307,0.888889,828.715
13613,KB3,HARQ,Default,200,0.001,1,25,0,1.9661,0.888889,813.794
13614,KB3,HARQ,Default,200,0.001,1,25,0,1.9681,0.888889,812.967
13615,KB3,HARQ,Default,200,0.001,1,25,0,1.9669,0.888889,813.463
13616,KB3,HARQ,Default,200,0.001,1,25,0,2.0595,0.888889,776.888
13617,KB3,HARQ,Default,200,0.001,1,25,0,1.9564,0.888889,817.829
13618,KB3,HARQ,Default,200,0.001,1,25,0,1.9293,0.888889,829.316
13619,KB3,HARQ,Default,200,0.001,1,25,1,2.0242,0.854701,790.436
13620,KB3,HARQ,Default,200,0.001,1,25,0,1.9251,0.888889,831.126
13621,KB3,HARQ,Default,200,0.001,1,25,0,1.9192,0.888889,833.681
13622,KB3,HARQ,Default,200,0.001,1,25,0,2.0111,0.888889,795.585
13623,KB3,HARQ,Default,200,0.001,1,25,0,1.9697,0.888889,812.306
13624,KB3,HARQ,Default,200,0.001,1,25,0,1.9597,0.888889,816.451
13625,KB3,HARQ,Default,200,0.001,1,25,0,1.9375,0.888889,825.806
13626,KB3,HARQ,Default,200,0.001,1,25,0,1.9444,0.888889,822.876
13627,KB3,HARQ,Default,200,0.001,1,25,0,1.956,0.888889,817.996
13628,KB3,HARQ,Default,200,0.001,1,25,0,1.9642,0.888889,814.581
13629,KB3,HARQ,Default,200,0.001,1,25,0,1.9713,0.888889,811.647
13630,KB3,HARQ,Default,200,0.001,1,25,0,1.9328,0.888889,827.815
13631,KB3,HARQ,Default,200,0.001,1,25,0,1.9616,0.888889,815.661
13632,KB3,HARQ,Default,200,0.001,1,25,0,1.9414,0.888889,824.148
13633,KB3,HARQ,Default,200,0.001,1,25,0,1.9178,0.888889,834.289
13634,KB3,HARQ,Default,200,0.001,1,25,0,1.9707,0.888889,811.894
13635,KB3,HARQ,Default,200,0.001,1,25,0,1.9664,0.888889,813.67
13636,KB3,HARQ,Default,200,0.001,1,25,0,1.9526,0.888889,819.42
13637,KB3,HARQ,Default,200,0.001,1,25,0,1.9919,0.888889,803.253
13638,KB3,HARQ,Default,200,0.001,1,25,0,1.96,0.888889,816.327
13639,KB3,HARQ,Default,200,0.001,1,25,0,2.1,0.888889,761.905
13640,KB3,HARQ,Default,200,0.001,1,25,0,1.9641,0.888889,814.622
13641,KB3,HARQ,Default,200,0.001,1,25,0,1.963,0.888889,815.079
13642,KB3,HARQ,Default,200,0.001,1,25,0,2.0677,0.888889,773.807
13643,KB3,HARQ,Default,200,0.001,1,25,0,1.9752,0.888889,810.045
13644,KB3,HARQ,Default,200,0.001,1,25,0,1.9346,0.888889,827.044
13645,KB3,HARQ,Default,200,0.001,1,25,0,1.9292,0.888889,829.359
13646,KB3,HARQ,Default,200,0.001,1,25,0,1.9338,0.888889,827.386
13647,KB3,HARQ,Default,200,0.001,1,25,0,1.9947,0.888889,802.126
13648,KB3,HARQ,Default,200,0.001,1,25,0,1.971,0.888889,811.771
13649,KB3,HARQ,Default,200,0.001,1,25,0,1.9335,0.888889,827.515
13650,KB3,HARQ,Default,200,0.001,1,25,0,1.9311,0.888889,828.543
13651,KB3,HARQ,Default,200,0.001,1,25,0,1.9173,0.888889,834.507
13652,KB3,HARQ,Default,200,0.001,1,25,0,1.9261,0.888889,830.694
13653,KB3,HARQ,Default,200,0.001,1,25,0,1.9416,0.888889,824.063
13654,KB3,HARQ,Default,200,0.001,1,25,0,1.9539,0.888889,818.875
13655,KB3,HARQ,Default,200,0.001,1,25,0,1.967,0.888889,813.421
13656,KB3,HARQ,Default,200,0.001,1,25,0,1.938,0.888889,825.593
13657,KB3,HARQ,Default,200,0.001,1,25,0,1.948,0.888889,821.355
13658,KB3,HARQ,Default,200,0.001,1,25,0,1.9269,0.888889,830.349
13659,KB3,HARQ,Default,200,0.001,1,25,0,1.9206,0.888889,833.073
13660,KB3,HARQ,Default,200,0.001,1,25,0,1.9358,0.888889,826.532
13661,KB3,HARQ,Default,200,0.001,1,25,0,1.9185,0.888889,833.985
13662,KB3,HARQ,Default,200,0.001,1,25,0,1.9393,0.888889,825.04
13663,KB3,HARQ,Default,200,0.001,1,25,0,2.0024,0.888889,799.041
13664,KB3,HARQ,Default,200,0.001,1,25,0,1.953,0.888889,819.252
13665,KB3,HARQ,Default,200,0.001,1,25,0,1.9309,0.888889,828.629
13666,KB3,HARQ,Default,200,0.001,1,25,0,1.9353,0.888889,826.745
13667,KB3,HARQ,Default,200,0.001,1,25,0,1.9353,0.888889,826.745
13668,KB3,HARQ,Default,200,0.001,1,25,0,1.9279,0.888889,829.919
13669,KB3,HARQ,Default,200,0.001,1,25,0,1.9539,0.888889,818.875
13670,KB3,HARQ,Default,200,0.001,1,25,0,1.9325,0.888889,827.943
13671,KB3,HARQ,Default,200,0.001,1,25,0,1.94,0.888889,824.742
13672,KB3,HARQ,Default,200,0.001,1,25,0,1.9587,0.888889,816.868
13673,KB3,HARQ,Default,200,0.001,1,25,0,1.9439,0.888889,823.088
13674,KB3,HARQ,Default,200,0.001,1,25,0,1.9316,0.888889,828.329
13675,KB3,HARQ,Default,200,0.001,1,25,0,1.9153,0.888889,835.378
13676,KB3,HARQ,Default,200,0.001,1,25,0,1.939,0.888889,825.168
13677,KB3,HARQ,Default,200,0.001,1,25,0,1.925,0.888889,831.169
13678,KB3,HARQ,Default,200,0.001,1,25,0,1.9277,0.888889,830.005
13679,KB3,HARQ,Default,200,0.001,1,25,0,1.9536,0.888889,819.001
13680,KB3,HARQ,Default,200,0.001,1,25,1,2.0209,0.854701,791.726
13681,KB3,HARQ,Default,200,0.001,1,25,0,1.9238,0.888889,831.687
13682,KB3,HARQ,Default,200,0.001,1,25,0,1.9315,0.888889,828.372
13683,KB3,HARQ,Default,200,0.001,1,25,0,1.9419,0.888889,823.935
13684,KB3,HARQ,Default,200,0.001,1,25,0,1.9195,0.888889,833.55
13685,KB3,HARQ,Default,200,0.001,1,25,0,1.9525,0.888889,819.462
13686,KB3,HARQ,Default,200,0.001,1,25,0,1.9452,0.888889,822.538
13687,KB3,HARQ,Default,200,0.001,1,25,0,2.056,0.888889,778.21
13688,KB3,HARQ,Default,200,0.001,1,25,0,1.958,0.888889,817.16
13689,KB3,HARQ,Default,200,0.001,1,25,0,1.9556,0.888889,818.163
13690,KB3,HARQ,Default,200,0.001,1,25,0,1.9341,0.888889,827.258
13691,KB3,HARQ,Default,200,0.001,1,25,0,1.9198,0.888889,833.42
13692,KB3,HARQ,Default,200,0.001,1,25,0,1.9394,0.888889,824.997
13693,KB3,HARQ,Default,200,0.001,1,25,0,1.93,0.888889,829.016
13694,KB3,HARQ,Default,200,0.001,1,25,0,1.951,0.888889,820.092
13695,KB3,HARQ,Default,200,0.001,1,25,0,1.9346,0.888889,827.044
13696,KB3,HARQ,Default,200,0.001,1,25,0,1.9327,0.888889,827.857
13697,KB3,HARQ,Default,200,0.001,1,25,0,1.9744,0.888889,810.373
13698,KB3,HARQ,Default,200,0.001,1,25,0,1.9352,0.888889,826.788
13699,KB3,HARQ,Default,200,0.001,1,25,0,1.9371,0.888889,825.977
13700,KB3,HARQ,Default,200,0.001,1,25,0,1.9198,0.888889,833.42
13701,KB3,HARQ,Default,200,0.001,1,25,0,1.8925,0.888889,845.443
13702,KB3,HARQ,Default,200,0.001,1,25,0,1.9398,0.888889,824.827
13703,KB3,HARQ,Default,200,0.001,1,25,0,1.8803,0.888889,850.928
13704,KB3,HARQ,Default,200,0.001,1,25,0,1.8799,0.888889,851.109
13705,KB3,HARQ,Default,200,0.001,1,25,0,1.8855,0.888889,848.581
13706,KB3,HARQ,Default,200,0.001,1,25,0,1.9112,0.888889,837.17
13707,KB3,HARQ,Default,200,0.001,1,25,0,1.8996,0.888889,842.283
13708,KB3,HARQ,Default,200,0.001,1,25,0,1.8891,0.888889,846.964
13709,KB3,HARQ,Default,200,0.001,1,25,0,1.8745,0.888889,853.561
13710,KB3,HARQ,Default,200,0.001,1,25,0,1.8832,0.888889,849.618
13711,KB3,HARQ,Default,200,0.001,1,25,0,1.8792,0.888889,851.426
13712,KB3,HARQ,Default,200,0.001,1,25,0,1.8822,0.888889,850.069
13713,KB3,HARQ,Default,200,0.001,1,25,0,1.8948,0.888889,844.416
13714,KB3,HARQ,Default,200,0.001,1,25,0,1.8943,0.888889,844.639
13715,KB3,HARQ,Default,200,0.001,1,25,0,1.8869,0.888889,847.952
13716,KB3,HARQ,Default,200,0.001,1,25,0,1.8879,0.888889,847.503
13717,KB3,HARQ,Default,200,0.001,1,25,0,1.921,0.888889,832.9
13718,KB3,HARQ,Default,200,0.001,1,25,0,1.8915,0.888889,845.89
13719,KB3,HARQ,Default,200,0.001,1,25,0,1.9613,0.888889,815.785
13720,KB3,HARQ,Default,200,0.001,1,25,0,1.8778,0.888889,852.061
13721,KB3,HARQ,Default,200,0.001,1,25,0,1.8843,0.888889,849.122
13722,KB3,HARQ,Default,200,0.001,1,25,0,1.8942,0.888889,844.684
13723,KB3,HARQ,Default,200,0.001,1,25,0,1.8942,0.888889,844.684
13724,KB3,HARQ,Default,200,0.001,1,25,0,1.8938,0.888889,844.862
13725,KB3,HARQ,Default,200,0.001,1,25,0,1.8823,0.888889,850.024
13726,KB3,HARQ,Default,200,0.001,1,25,0,1.8876,0.888889,847.637
13727,KB3,HARQ,Default,200,0.001,1,25,0,1.931,0.888889,828.586
13728,KB3,HARQ,Default,200,0.001,1,25,0,1.8842,0.888889,849.167
13729,KB3,HARQ,Default,200,0.001,1,25,0,1.9019,0.888889,841.264
13730,KB3,HARQ,Default,200,0.001,1,25,0,1.902,0.888889,841.22
13731,KB3,HARQ,Default,200,0.001,1,25,0,1.8875,0.888889,847.682
13732,KB3,HARQ,Default,200,0.001,1,25,0,1.8929,0.888889,845.264
13733,KB3,HARQ,Default,200,0.001,1,25,0,1.8865,0.888889,848.131
13734,KB3,HARQ,Default,200,0.001,1,25,0,1.9029,0.888889,840.822
13735,KB3,HARQ,Default,200,0.001,1,25,0,1.9309,0.888889,828.629
13736,KB3,HARQ,Default,200,0.001,1,25,0,1.8995,0.888889,842.327
13737,KB3,HARQ,Default,200,0.001,1,25,0,1.9132,0.888889,836.295
13738,KB3,HARQ,Default,200,0.001,1,25,0,1.8834,0.888889,849.527
13739,KB3,HARQ,Default,200,0.001,1,25,0,1.8866,0.888889,848.087
13740,KB3,HARQ,Default,200,0.001,1,25,0,1.8806,0.888889,850.792
13741,KB3,HARQ,Default,200,0.001,1,25,0,1.9034,0.888889,840.601
13742,KB3,HARQ,Default,200,0.001,1,25,0,1.8939,0.888889,844.818
13743,KB3,HARQ,Default,200,0.001,1,25,0,2.0283,0.888889,788.838
13744,KB3,HARQ,Default,200,0.001,1,25,0,1.9022,0.888889,841.131
13745,KB3,HARQ,Default,200,0.001,1,25,0,1.89,0.888889,846.561
13746,KB3,HARQ,Default,200,0.001,1,25,0,1.8877,0.888889,847.592
13747,KB3,HARQ,Default,200,0.001,1,25,0,1.9003,0.888889,841.972
13748,KB3,HARQ,Default,200,0.001,1,25,0,1.9003,0.888889,841.972
13749,KB3,HARQ,Default,200,0.001,1,25,0,1.8927,0.888889,845.353
13750,KB3,HARQ,Default,200,0.001,1,25,0,1.9018,0.888889,841.308
13751,KB3,HARQ,Default,200,0.001,1,25,0,1.9659,0.888889,813.877
13752,KB3,HARQ,Default,200,0.001,1,25,0,1.8389,0.888889,870.085
13753,KB3,HARQ,Default,200,0.001,1,25,0,1.8364,0.888889,871.27
13754,KB3,HARQ,Default,200,0.001,1,25,0,1.8671,0.888889,856.944
13755,KB3,HARQ,Default,200,0.001,1,25,0,1.862,0.888889,859.291
13756,KB3,HARQ,Default,200,0.001,1,25,0,1.9341,0.888889,827.258
13757,KB3,HARQ,Default,200,0.001,1,25,0,1.8612,0.888889,859.66
13758,KB3,HARQ,Default,200,0.001,1,25,0,1.8815,0.888889,850.385
13759,KB3,HARQ,Default,200,0.001,1,25,0,2.1404,0.888889,747.524
13760,KB3,HARQ,Default,200,0.001,1,25,0,2.2305,0.888889,717.328
13761,KB3,HARQ,Default,200,0.001,1,25,0,1.8469,0.888889,866.317
13762,KB3,HARQ,Default,200,0.001,1,25,0,1.8747,0.888889,853.47
13763,KB3,HARQ,Default,200,0.001,1,25,0,1.8367,0.888889,871.128
13764,KB3,HARQ,Default,200,0.001,1,25,0,1.8558,0.888889,862.162
13765,KB3,HARQ,Default,200,0.001,1,25,0,1.9432,0.888889,823.384
13766,KB3,HARQ,Default,200,0.001,1,25,0,1.8383,0.888889,870.369
13767,KB3,HARQ,Default,200,0.001,1,25,0,1.9105,0.888889,837.477
13768,KB3,HARQ,Default,200,0.001,1,25,0,1.8748,0.888889,853.424
13769,KB3,HARQ,Default,200,0.001,1,25,0,1.8697,0.888889,855.752
13770,KB3,HARQ,Default,200,0.001,1,25,0,1.8396,0.888889,869.754
13771,KB3,HARQ,Default,200,0.001,1,25,0,1.8618,0.888889,859.383
13772,KB3,HARQ,Default,200,0.001,1,25,0,1.8358,0.888889,871.555
13773,KB3,HARQ,Default,200,0.001,1,25,0,1.9764,0.888889,809.553
13774,KB3,HARQ,Default,200,0.001,1,25,0,1.8635,0.888889,858.599
13775,KB3,HARQ,Default,200,0.001,1,25,0,1.9498,0.888889,820.597
13776,KB3,HARQ,Default,200,0.001,1,25,0,1.848,0.888889,865.801
13777,KB3,HARQ,Default,200,0.001,1,25,0,1.8482,0.888889,865.707
13778,KB3,HARQ,Default,200,0.001,1,25,0,1.8738,0.888889,853.88
13779,KB3,HARQ,Default,200,0.001,1,25,0,1.8642,0.888889,858.277
13780,KB3,HARQ,Default,200,0.001,1,25,0,1.8385,0.888889,870.275
13781,KB3,HARQ,Default,200,0.001,1,25,0,1.8382,0.888889,870.417
13782,KB3,HARQ,Default,200,0.001,1,25,0,1.9588,0.888889,816.827
13783,KB3,HARQ,Default,200,0.001,1,25,0,1.9291,0.888889,829.402
13784,KB3,HARQ,Default,200,0.001,1,25,0,1.8742,0.888889,853.698
13785,KB3,HARQ,Default,200,0.001,1,25,0,1.8385,0.888889,870.275
13786,KB3,HARQ,Default,200,0.001,1,25,0,1.8338,0.888889,872.505
13787,KB3,HARQ,Default,200,0.001,1,25,0,1.855,0.888889,862.534
13788,KB3,HARQ,Default,200,0.001,1,25,0,1.8841,0.888889,849.212
13789,KB3,HARQ,Default,200,0.001,1,25,0,1.8727,0.888889,854.381
13790,KB3,HARQ,Default,200,0.001,1,25,0,1.8826,0.888889,849.888
13791,KB3,HARQ,Default,200,0.001,1,25,0,1.8413,0.888889,868.951
13792,KB3,HARQ,Default,200,0.001,1,25,0,2.0157,0.888889,793.769
13793,KB3,HARQ,Default,200,0.001,1,25,0,1.8747,0.888889,853.47
13794,KB3,HARQ,Default,200,0.001,1,25,0,1.8883,0.888889,847.323
13795,KB3,HARQ,Default,200,0.001,1,25,0,1.8536,0.888889,863.185
13796,KB3,HARQ,Default,200,0.001,1,25,0,1.8453,0.888889,867.068
13797,KB3,HARQ,Default,200,0.001,1,25,0,1.8463,0.888889,866.598
13798,KB3,HARQ,Default,200,0.001,1,25,0,1.8714,0.888889,854.975
13799,KB3,HARQ,Default,200,0.001,1,25,0,1.9945,0.888889,802.206
13800,KB3,HARQ,Default,200,0.001,1,25,0,2.1634,0.888889,739.577
13801,KB3,HARQ,Default,200,0.001,1,25,0,1.8699,0.888889,855.661
13802,KB3,HARQ,Default,200,0.001,1,25,0,1.9001,0.888889,842.061
13803,KB3,HARQ,Default,200,0.001,1,25,0,1.8843,0.888889,849.122
13804,KB3,HARQ,Default,200,0.001,1,25,0,1.8898,0.888889,846.65
13805,KB3,HARQ,Default,200,0.001,1,25,0,1.8993,0.888889,842.416
13806,KB3,HARQ,Default,200,0.001,1,25,1,1.9633,0.854701,814.954
13807,KB3,HARQ,Default,200,0.001,1,25,0,2.0138,0.888889,794.518
13808,KB3,HARQ,Default,200,0.001,1,25,0,1.9672,0.888889,813.339
13809,KB3,HARQ,Default,200,0.001,1,25,0,1.8797,0.888889,851.2
13810,KB3,HARQ,Default,200,0.001,1,25,0,1.8782,0.888889,851.879
13811,KB3,HARQ,Default,200,0.001,1,25,0,1.884,0.888889,849.257
13812,KB3,HARQ,Default,200,0.001,1,25,0,1.8856,0.888889,848.536
13813,KB3,HARQ,Default,200,0.001,1,25,0,1.8883,0.888889,847.323
13814,KB3,HARQ,Default,200,0.001,1,25,0,1.8886,0.888889,847.188
13815,KB3,HARQ,Default,200,0.001,1,25,0,1.9006,0.888889,841.839
13816,KB3,HARQ,Default,200,0.001,1,25,0,1.9744,0.888889,810.373
13817,KB3,HARQ,Default,200,0.001,1,25,0,1.9042,0.888889,840.248
13818,KB3,HARQ,Default,200,0.001,1,25,0,1.945,0.888889,822.622
13819,KB3,HARQ,Default,200,0.001,1,25,0,1.8929,0.888889,845.264
13820,KB3,HARQ,Default,200,0.001,1,25,0,1.8853,0.888889,848.671
13821,KB3,HARQ,Default,200,0.001,1,25,0,1.8844,0.888889,849.077
13822,KB3,HARQ,Default,200,0.001,1,25,0,1.8857,0.888889,848.491
13823,KB3,HARQ,Default,200,0.001,1,25,0,1.8871,0.888889,847.862
13824,KB3,HARQ,Default,200,0.001,1,25,0,1.986,0.888889,805.639
13825,KB3,HARQ,Default,200,0.001,1,25,0,1.8826,0.888889,849.888
13826,KB3,HARQ,Default,200,0.001,1,25,0,1.8779,0.888889,852.016
13827,KB3,HARQ,Default,200,0.001,1,25,0,1.896,0.888889,843.882
13828,KB3,HARQ,Default,200,0.001,1,25,0,1.8961,0.888889,843.837
13829,KB3,HARQ,Default,200,0.001,1,25,0,1.8868,0.888889,847.997
13830,KB3,HARQ,Default,200,0.001,1,25,0,1.8854,0.888889,848.626
13831,KB3,HARQ,Default,200,0.001,1,25,0,1.8748,0.888889,853.424
13832,KB3,HARQ,Default,200,0.001,1,25,0,2.0789,0.888889,769.638
13833,KB3,HARQ,Default,200,0.001,1,25,0,2.0879,0.888889,766.32
13834,KB3,HARQ,Default,200,0.001,1,25,0,1.9008,0.888889,841.751
13835,KB3,HARQ,Default,200,0.001,1,25,0,1.8861,0.888889,848.311
13836,KB3,HARQ,Default,200,0.001,1,25,0,1.8903,0.888889,846.426
13837,KB3,HARQ,Default,200,0.001,1,25,0,1.8831,0.888889,849.663
13838,KB3,HARQ,Default,200,0.001,1,25,0,1.9066,0.888889,839.19
13839,KB3,HARQ,Default,200,0.001,1,25,0,1.8828,0.888889,849.798
13840,KB3,HARQ,Default,200,0.001,1,25,0,1.9308,0.888889,828.672
13841,KB3,HARQ,Default,200,0.001,1,25,0,1.9031,0.888889,840.734
13842,KB3,HARQ,Default,200,0.001,1,25,0,1.8789,0.888889,851.562
13843,KB3,HARQ,Default,200,0.001,1,25,0,1.8989,0.888889,842.593
13844,KB3,HARQ,Default,200,0.001,1,25,0,1.8856,0.888889,848.536
13845,KB3,HARQ,Default,200,0.001,1,25,0,1.893,0.888889,845.219
13846,KB3,HARQ,Default,200,0.001,1,25,0,1.8835,0.888889,849.482
13847,KB3,HARQ,Default,200,0.001,1,25,0,1.8796,0.888889,851.245
13848,KB3,HARQ,Default,200,0.001,1,25,0,1.9231,0.888889,831.99
13849,KB3,HARQ,Default,200,0.001,1,25,0,1.8939,0.888889,844.818
13850,KB3,HARQ,Default,200,0.001,1,25,0,1.8856,0.888889,848.536
13851,KB3,HARQ,Default,200,0.001,1,25,0,1.8775,0.888889,852.197
13852,KB3,HARQ,Default,200,0.001,1,25,0,1.9528,0.888889,819.336
13853,KB3,HARQ,Default,200,0.001,1,25,0,1.8839,0.888889,849.302
13854,KB3,HARQ,Default,200,0.001,1,25,0,1.904,0.888889,840.336
13855,KB3,HARQ,Default,200,0.001,1,25,0,1.8811,0.888889,850.566
13856,KB3,HARQ,Default,200,0.001,1,25,0,1.9399,0.888889,824.785
13857,KB3,HARQ,Default,200,0.001,1,25,0,1.8852,0.888889,848.716
13858,KB3,HARQ,Default,200,0.001,1,25,0,1.8978,0.888889,843.081
13859,KB3,HARQ,Default,200,0.001,1,25,0,1.9048,0.888889,839.983
13860,KB3,HARQ,Default,200,0.001,1,25,0,1.8853,0.888889,848.671
13861,KB3,HARQ,Default,200,0.001,1,25,0,1.8849,0.888889,848.851
13862,KB3,HARQ,Default,200,0.001,1,25,0,1.8835,0.888889,849.482
13863,KB3,HARQ,Default,200,0.001,1,25,0,1.8821,0.888889,850.114
13864,KB3,HARQ,Default,200,0.001,1,25,0,1.9923,0.888889,803.092
13865,KB3,HARQ,Default,200,0.001,1,25,0,1.8972,0.888889,843.348
13866,KB3,HARQ,Default,200,0.001,1,25,0,1.897,0.888889,843.437
13867,KB3,HARQ,Default,200,0.001,1,25,0,1.8835,0.888889,849.482
13868,KB3,HARQ,Default,200,0.001,1,25,0,1.8857,0.888889,848.491
13869,KB3,HARQ,Default,200,0.001,1,25,0,1.8964,0.888889,843.704
13870,KB3,HARQ,Default,200,0.001,1,25,0,1.8889,0.888889,847.054
13871,KB3,HARQ,Default,200,0.001,1,25,0,1.8846,0.888889,848.987
13872,KB3,HARQ,Default,200,0.001,1,25,0,2.0145,0.888889,794.242
13873,KB3,HARQ,Default,200,0.001,1,25,0,1.9039,0.888889,840.38
13874,KB3,HARQ,Default,200,0.001,1,25,0,1.886,0.888889,848.356
13875,KB3,HARQ,Default,200,0.001,1,25,0,1.9157,0.888889,835.204
13876,KB3,HARQ,Default,200,0.001,1,25,0,1.9024,0.888889,841.043
13877,KB3,HARQ,Default,200,0.001,1,25,0,1.8868,0.888889,847.997
13878,KB3,HARQ,Default,200,0.001,1,25,0,1.8896,0.888889,846.74
13879,KB3,HARQ,Default,200,0.001,1,25,0,1.8773,0.888889,852.288
13880,KB3,HARQ,Default,200,0.001,1,25,0,1.9291,0.888889,829.402
13881,KB3,HARQ,Default,200,0.001,1,25,0,1.8845,0.888889,849.032
13882,KB3,HARQ,Default,200,0.001,1,25,0,1.8866,0.888889,848.087
13883,KB3,HARQ,Default,200,0.001,1,25,0,1.8834,0.888889,849.527
13884,KB3,HARQ,Default,200,0.001,1,25,0,1.9124,0.888889,836.645
13885,KB3,HARQ,Default,200,0.001,1,25,0,1.9117,0.888889,836.951
13886,KB3,HARQ,Default,200,0.001,1,25,0,1.8803,0.888889,850.928
13887,KB3,HARQ,Default,200,0.001,1,25,0,1.8809,0.888889,850.657
13888,KB3,HARQ,Default,200,0.001,1,25,0,1.9276,0.888889,830.048
13889,KB3,HARQ,Default,200,0.001,1,25,0,1.8806,0.888889,850.792
13890,KB3,HARQ,Default,200,0.001,1,25,0,1.879,0.888889,851.517
13891,KB3,HARQ,Default,200,0.001,1,25,0,1.8919,0.888889,845.711
13892,KB3,HARQ,Default,200,0.001,1,25,0,1.9012,0.888889,841.574
13893,KB3,HARQ,Default,200,0.001,1,25,0,1.8852,0.888889,848.716
13894,KB3,HARQ,Default,200,0.001,1,25,0,1.8893,0.888889,846.875
13895,KB3,HARQ,Default,200,0.001,1,25,0,1.8839,0.888889,849.302
13896,KB3,HARQ,Default,200,0.001,1,25,0,1.9538,0.888889,818.917
13897,KB3,HARQ,Default,200,0.001,1,25,0,1.8856,0.888889,848.536
13898,KB3,HARQ,Default,200,0.001,1,25,0,1.8863,0.888889,848.221
13899,KB3,HARQ,Default,200,0.001,1,25,0,1.8858,0.888889,848.446
13900,KB3,HARQ,Default,200,0.001,1,25,0,1.8997,0.888889,842.238
13901,KB3,HARQ,Default,200,0.001,1,25,0,1.9118,0.888889,836.908
13902,KB3,HARQ,Default,200,0.001,1,25,0,1.8812,0.888889,850.521
13903,KB3,HARQ,Default,200,0.001,1,25,0,1.8995,0.888889,842.327
13904,KB3,HARQ,Default,200,0.001,1,25,0,2.0639,0.888889,775.231
13905,KB3,HARQ,Default,200,0.001,1,25,0,2.1821,0.888889,733.239
13906,KB3,HARQ,Default,200,0.001,1,25,0,1.8962,0.888889,843.793
13907,KB3,HARQ,Default,200,0.001,1,25,0,1.9065,0.888889,839.234
13908,KB3,HARQ,Default,200,0.001,1,25,0,1.8822,0.888889,850.069
13909,KB3,HARQ,Default,200,0.001,1,25,0,1.9055,0.888889,839.675
13910,KB3,HARQ,Default,200,0.001,1,25,0,1.9003,0.888889,841.972
13911,KB3,HARQ,Default,200,0.001,1,25,0,1.889,0.888889,847.009
13912,KB3,HARQ,Default,200,0.001,1,25,0,2.2413,0.888889,713.871
13913,KB3,HARQ,Default,200,0.001,1,25,0,1.8825,0.888889,849.934
13914,KB3,HARQ,Default,200,0.001,1,25,0,1.901,0.888889,841.662
13915,KB3,HARQ,Default,200,0.001,1,25,0,1.8935,0.888889,844.996
13916,KB3,HARQ,Default,200,0.001,1,25,0,1.8806,0.888889,850.792
13917,KB3,HARQ,Default,200,0.001,1,25,0,1.909,0.888889,838.135
13918,KB3,HARQ,Default,200,0.001,1,25,0,1.8937,0.888889,844.907
13919,KB3,HARQ,Default,200,0.001,1,25,0,1.8857,0.888889,848.491
13920,KB3,HARQ,Default,200,0.001,1,25,0,1.9607,0.888889,816.035
13921,KB3,HARQ,Default,200,0.001,1,25,0,1.8793,0.888889,851.381
13922,KB3,HARQ,Default,200,0.001,1,25,0,1.8914,0.888889,845.934
13923,KB3,HARQ,Default,200,0.001,1,25,0,1.8942,0.888889,844.684
13924,KB3,HARQ,Default,200,0.001,1,25,0,1.8914,0.888889,845.934
13925,KB3,HARQ,Default,200,0.001,1,25,0,1.8829,0.888889,849.753
13926,KB3,HARQ,Default,200,0.001,1,25,0,1.883,0.888889,849.708
13927,KB3,HARQ,Default,200,0.001,1,25,0,1.8785,0.888889,851.743
13928,KB3,HARQ,Default,200,0.001,1,25,0,1.9469,0.888889,821.819
13929,KB3,HARQ,Default,200,0.001,1,25,1,1.9642,0.854701,814.581
13930,KB3,HARQ,Default,200,0.001,1,25,1,1.9598,0.854701,816.41
13931,KB3,HARQ,Default,200,0.001,1,25,0,1.8749,0.888889,853.379
13932,KB3,HARQ,Default,200,0.001,1,25,0,1.885,0.888889,848.806
13933,KB3,HARQ,Default,200,0.001,1,25,0,1.8836,0.888889,849.437
13934,KB3,HARQ,Default,200,0.001,1,25,0,1.8941,0.888889,844.728
13935,KB3,HARQ,Default,200,0.001,1,25,0,1.892,0.888889,845.666
13936,KB3,HARQ,Default,200,0.001,1,25,0,1.9824,0.888889,807.103
13937,KB3,HARQ,Default,200,0.001,1,25,0,1.8823,0.888889,850.024
13938,KB3,HARQ,Default,200,0.001,1,25,0,1.8851,0.888889,848.761
13939,KB3,HARQ,Default,200,0.001,1,25,0,1.9114,0.888889,837.083
13940,KB3,HARQ,Default,200,0.001,1,25,0,1.9004,0.888889,841.928
13941,KB3,HARQ,Default,200,0.001,1,25,0,1.8774,0.888889,852.242
13942,KB3,HARQ,Default,200,0.001,1,25,0,1.8884,0.888889,847.278
13943,KB3,HARQ,Default,200,0.001,1,25,0,1.8886,0.888889,847.188
13944,KB3,HARQ,Default,200,0.001,1,25,0,1.9445,0.888889,822.834
13945,KB3,HARQ,Default,200,0.001,1,25,0,1.896,0.888889,843.882
13946,KB3,HARQ,Default,200,0.001,1,25,0,1.8887,0.888889,847.144
13947,KB3,HARQ,Default,200,0.001,1,25,0,1.8994,0.888889,842.371
13948,KB3,HARQ,Default,200,0.001,1,25,0,1.8882,0.888889,847.368
13949,KB3,HARQ,Default,200,0.001,1,25,0,1.8817,0.888889,850.295
13950,KB3,HARQ,Default,200,0.001,1,25,0,1.8888,0.888889,847.099
13951,KB3,HARQ,Default,200,0.001,1,25,0,1.9114,0.888889,837.083
13952,KB3,HARQ,Default,200,0.001,1,25,0,1.94,0.888889,824.742
13953,KB3,HARQ,Default,200,0.001,1,25,0,1.8987,0.888889,842.682
13954,KB3,HARQ,Default,200,0.001,1,25,0,1.8897,0.888889,846.695
13955,KB3,HARQ,Default,200,0.001,1,25,0,1.8773,0.888889,852.288
13956,KB3,HARQ,Default,200,0.001,1,25,0,1.8788,0.888889,851.607
13957,KB3,HARQ,Default,200,0.001,1,25,0,1.8924,0.888889,845.487
13958,KB3,HARQ,Default,200,0.001,1,25,0,1.9027,0.888889,840.91
13959,KB3,HARQ,Default,200,0.001,1,25,0,1.9014,0.888889,841.485
13960,KB3,HARQ,Default,200,0.001,1,25,0,2.0027,0.888889,798.921
13961,KB3,HARQ,Default,200,0.001,1,25,0,1.8857,0.888889,848.491
13962,KB3,HARQ,Default,200,0.001,1,25,0,1.8859,0.888889,848.401
13963,KB3,HARQ,Default,200,0.001,1,25,0,1.8936,0.888889,844.951
13964,KB3,HARQ,Default,200,0.001,1,25,0,1.9078,0.888889,838.662
13965,KB3,HARQ,Default,200,0.001,1,25,0,1.8955,0.888889,844.104
13966,KB3,HARQ,Default,200,0.001,1,25,0,1.8967,0.888889,843.57
13967,KB3,HARQ,Default,200,0.001,1,25,0,1.886,0.888889,848.356
13968,KB3,HARQ,Default,200,0.001,1,25,0,1.952,0.888889,819.672
13969,KB3,HARQ,Default,200,0.001,1,25,0,1.8792,0.888889,851.426
13970,KB3,HARQ,Default,200,0.001,1,25,0,1.908,0.888889,838.574
13971,KB3,HARQ,Default,200,0.001,1,25,0,1.9178,0.888889,834.289
13972,KB3,HARQ,Default,200,0.001,1,25,0,1.9101,0.888889,837.652
13973,KB3,HARQ,Default,200,0.001,1,25,0,1.8801,0.888889,851.019
13974,KB3,HARQ,Default,200,0.001,1,25,0,1.8922,0.888889,845.577
13975,KB3,HARQ,Default,200,0.001,1,25,0,1.9002,0.888889,842.017
13976,KB3,HARQ,Default,200,0.001,1,25,1,2.3856,0.854701,670.691
13977,KB3,HARQ,Default,200,0.001,1,25,0,1.9195,0.888889,833.55
13978,KB3,HARQ,Default,200,0.001,1,25,0,1.8869,0.888889,847.952
13979,KB3,HARQ,Default,200,0.001,1,25,0,1.8841,0.888889,849.212
13980,KB3,HARQ,Default,200,0.001,1,25,0,1.8753,0.888889,853.197
13981,KB3,HARQ,Default,200,0.001,1,25,0,1.8973,0.888889,843.304
13982,KB3,HARQ,Default,200,0.001,1,25,0,1.8807,0.888889,850.747
13983,KB3,HARQ,Default,200,0.001,1,25,0,1.9078,0.888889,838.662
13984,KB3,HARQ,Default,200,0.001,1,25,0,1.9951,0.888889,801.965
13985,KB3,HARQ,Default,200,0.001,1,25,0,1.9286,0.888889,829.617
13986,KB3,HARQ,Default,200,0.001,1,25,1,1.9397,0.854701,824.87
13987,KB3,HARQ,Default,200,0.001,1,25,0,1.9039,0.888889,840.38
13988,KB3,HARQ,Default,200,0.001,1,25,0,1.8782,0.888889,851.879
13989,KB3,HARQ,Default,200,0.001,1,25,0,1.8883,0.888889,847.323
13990,KB3,HARQ,Default,200,0.001,1,25,0,1.9146,0.888889,835.684
13991,KB3,HARQ,Default,200,0.001,1,25,0,1.8882,0.888889,847.368
13992,KB3,HARQ,Default,200,0.001,1,25,0,2.1593,0.888889,740.981
13993,KB3,HARQ,Default,200,0.001,1,25,0,1.9069,0.888889,839.058
13994,KB3,HARQ,Default,200,0.001,1,25,0,1.9061,0.888889,839.41
13995,KB3,HARQ,Default,200,0.001,1,25,0,1.8767,0.888889,852.56
13996,KB3,HARQ,Default,200,0.001,1,25,0,1.8777,0.888889,852.106
13997,KB3,HARQ,Default,200,0.001,1,25,0,1.8912,0.888889,846.024
13998,KB3,HARQ,Default,200,0.001,1,25,0,1.8773,0.888889,852.288
13999,KB3,HARQ,Default,200,0.001,1,25,0,1.8843,0.888889,849.122
14000,KB3,HARQ,Default,200,0.001,1,25,0,2.069,0.888889,773.32
