ID,scenario,scheme,message_label,msg_length,BER,state,total_frames,retransmission,time(ms),efficiency,throughput
1,KB4,ARQ,Size_Short,20,0.01,1,3,0,0.0423,0.740741,3782.51
2,KB4,ARQ,Size_Short,20,0.01,1,3,4,0.0612,0.31746,2614.38
3,KB4,ARQ,Size_Short,20,0.01,1,3,1,0.041,0.555556,3902.44
4,KB4,ARQ,Size_Short,20,0.01,1,3,2,0.0491,0.444444,3258.66
5,KB4,ARQ,Size_Short,20,0.01,1,3,3,0.0545,0.37037,2935.78
6,KB4,ARQ,Size_Short,20,0.01,1,3,1,0.0401,0.555556,3990.02
7,KB4,ARQ,Size_Short,20,0.01,1,3,0,0.0336,0.740741,4761.9
8,KB4,ARQ,Size_Short,20,0.01,1,3,6,0.0689,0.246914,2322.21
9,KB4,ARQ,Size_Short,20,0.01,1,3,7,0.0827,0.222222,1934.7
10,KB4,ARQ,Size_Short,20,0.01,1,3,1,0.0364,0.555556,4395.6
11,KB4,ARQ,Size_Short,20,0.01,1,3,3,0.0538,0.37037,2973.98
12,KB4,ARQ,Size_Short,20,0.01,1,3,2,0.0419,0.444444,3818.62
13,KB4,ARQ,Size_Short,20,0.01,1,3,1,0.0384,0.555556,4166.67
14,KB4,ARQ,Size_Short,20,0.01,1,3,0,0.0353,0.740741,4532.58
15,KB4,ARQ,Size_Short,20,0.01,1,3,2,0.0495,0.444444,3232.32
16,KB4,ARQ,Size_Short,20,0.01,1,3,2,0.0492,0.444444,3252.03
17,KB4,ARQ,Size_Short,20,0.01,1,3,2,0.0494,0.444444,3238.87
18,KB4,ARQ,Size_Short,20,0.01,1,3,2,0.0416,0.444444,3846.15
19,KB4,ARQ,Size_Short,20,0.01,1,3,3,0.0563,0.37037,2841.92
20,KB4,ARQ,Size_Short,20,0.01,1,3,1,0.0356,0.555556,4494.38
21,KB4,ARQ,Size_Short,20,0.01,1,3,1,0.0382,0.555556,4188.48
22,KB4,ARQ,Size_Short,20,0.01,1,3,2,0.0511,0.444444,3131.12
23,KB4,ARQ,Size_Short,20,0.01,1,3,1,0.0386,0.555556,4145.08
24,KB4,ARQ,Size_Short,20,0.01,1,3,6,0.0695,0.246914,2302.16
25,KB4,ARQ,Size_Short,20,0.01,1,3,7,0.0794,0.222222,2015.11
26,KB4,ARQ,Size_Short,20,0.01,1,3,9,0.0894,0.185185,1789.71
27,KB4,ARQ,Size_Short,20,0.01,1,3,2,0.0509,0.444444,3143.42
28,KB4,ARQ,Size_Short,20,0.01,1,3,7,0.0803,0.222222,1992.53
29,KB4,ARQ,Size_Short,20,0.01,1,3,3,0.0545,0.37037,2935.78
30,KB4,ARQ,Size_Short,20,0.01,1,3,7,0.0794,0.222222,2015.11
31,KB4,ARQ,Size_Short,20,0.01,1,3,3,0.0554,0.37037,2888.09
32,KB4,ARQ,Size_Short,20,0.01,1,3,2,0.0516,0.444444,3100.78
33,KB4,ARQ,Size_Short,20,0.01,1,3,4,0.0569,0.31746,2811.95
34,KB4,ARQ,Size_Short,20,0.01,1,3,4,0.0595,0.31746,2689.08
35,KB4,ARQ,Size_Short,20,0.01,1,3,0,0.0338,0.740741,4733.73
36,KB4,ARQ,Size_Short,20,0.01,1,3,1,0.0385,0.555556,4155.84
37,KB4,ARQ,Size_Short,20,0.01,1,3,2,0.0517,0.444444,3094.78
38,KB4,ARQ,Size_Short,20,0.01,1,3,3,0.0521,0.37037,3071.02
39,KB4,ARQ,Size_Short,20,0.01,1,3,0,0.0329,0.740741,4863.22
40,KB4,ARQ,Size_Short,20,0.01,1,3,5,0.0666,0.277778,2402.4
41,KB4,ARQ,Size_Short,20,0.01,1,3,2,0.0492,0.444444,3252.03
42,KB4,ARQ,Size_Short,20,0.01,1,3,2,0.0496,0.444444,3225.81
43,KB4,ARQ,Size_Short,20,0.01,1,3,0,0.0336,0.740741,4761.9
44,KB4,ARQ,Size_Short,20,0.01,1,3,2,0.0494,0.444444,3238.87
45,KB4,ARQ,Size_Short,20,0.01,1,3,2,0.0516,0.444444,3100.78
46,KB4,ARQ,Size_Short,20,0.01,1,3,5,0.0651,0.277778,2457.76
47,KB4,ARQ,Size_Short,20,0.01,1,3,1,0.0385,0.555556,4155.84
48,KB4,ARQ,Size_Short,20,0.01,1,3,0,0.0349,0.740741,4584.53
49,KB4,ARQ,Size_Short,20,0.01,1,3,3,0.0522,0.37037,3065.13
50,KB4,ARQ,Size_Short,20,0.01,1,3,1,0.0385,0.555556,4155.84
51,KB4,ARQ,Size_Short,20,0.01,1,3,1,0.0386,0.555556,4145.08
52,KB4,ARQ,Size_Short,20,0.01,1,3,11,0.0878,0.15873,1822.32
53,KB4,ARQ,Size_Short,20,0.01,1,3,6,0.0713,0.246914,2244.04
54,KB4,ARQ,Size_Short,20,0.01,1,3,2,0.0393,0.444444,4071.25
55,KB4,ARQ,Size_Short,20,0.01,1,3,1,0.0363,0.555556,4407.71
56,KB4,ARQ,Size_Short,20,0.01,1,3,5,0.0612,0.277778,2614.38
57,KB4,ARQ,Size_Short,20,0.01,1,3,4,0.0505,0.31746,3168.32
58,KB4,ARQ,Size_Short,20,0.01,1,3,3,0.0537,0.37037,2979.52
59,KB4,ARQ,Size_Short,20,0.01,1,3,0,0.0337,0.740741,4747.77
60,KB4,ARQ,Size_Short,20,0.01,1,3,6,0.0707,0.246914,2263.08
61,KB4,ARQ,Size_Short,20,0.01,1,3,1,0.0394,0.555556,4060.91
62,KB4,ARQ,Size_Short,20,0.01,1,3,0,0.035,0.740741,4571.43
63,KB4,ARQ,Size_Short,20,0.01,1,3,2,0.0495,0.444444,3232.32
64,KB4,ARQ,Size_Short,20,0.01,1,3,3,0.0515,0.37037,3106.8
65,KB4,ARQ,Size_Short,20,0.01,1,3,10,0.0976,0.17094,1639.34
66,KB4,ARQ,Size_Short,20,0.01,1,3,0,0.0236,0.740741,6779.66
67,KB4,ARQ,Size_Short,20,0.01,1,3,1,0.0257,0.555556,6225.68
68,KB4,ARQ,Size_Short,20,0.01,1,3,4,0.0399,0.31746,4010.03
69,KB4,ARQ,Size_Short,20,0.01,1,3,4,0.0413,0.31746,3874.09
70,KB4,ARQ,Size_Short,20,0.01,1,3,2,0.0599,0.444444,2671.12
71,KB4,ARQ,Size_Short,20,0.01,1,3,1,0.0419,0.555556,3818.62
72,KB4,ARQ,Size_Short,20,0.01,1,3,7,0.0881,0.222222,1816.12
73,KB4,ARQ,Size_Short,20,0.01,1,3,6,0.0954,0.246914,1677.15
74,KB4,ARQ,Size_Short,20,0.01,1,3,3,0.0765,0.37037,2091.5
75,KB4,ARQ,Size_Short,20,0.01,1,3,2,0.0355,0.444444,4507.04
76,KB4,ARQ,Size_Short,20,0.01,1,3,7,0.0924,0.222222,1731.6
77,KB4,ARQ,Size_Short,20,0.01,1,3,1,0.0275,0.555556,5818.18
78,KB4,ARQ,Size_Short,20,0.01,1,3,3,0.038,0.37037,4210.53
79,KB4,ARQ,Size_Short,20,0.01,1,3,3,0.04,0.37037,4000
80,KB4,ARQ,Size_Short,20,0.01,1,3,7,0.0509,0.222222,3143.42
81,KB4,ARQ,Size_Short,20,0.01,1,3,2,0.0829,0.444444,1930.04
82,KB4,ARQ,Size_Short,20,0.01,1,3,5,0.0457,0.277778,3501.09
83,KB4,ARQ,Size_Short,20,0.01,1,3,7,0.062,0.222222,2580.65
84,KB4,ARQ,Size_Short,20,0.01,1,3,1,0.0277,0.555556,5776.17
85,KB4,ARQ,Size_Short,20,0.01,1,3,1,0.0264,0.555556,6060.61
86,KB4,ARQ,Size_Short,20,0.01,1,3,8,0.0762,0.20202,2099.74
87,KB4,ARQ,Size_Short,20,0.01,1,3,1,0.0267,0.555556,5992.51
88,KB4,ARQ,Size_Short,20,0.01,1,3,1,0.0264,0.555556,6060.61
89,KB4,ARQ,Size_Short,20,0.01,1,3,3,0.0377,0.37037,4244.03
90,KB4,ARQ,Size_Short,20,0.01,1,3,3,0.0369,0.37037,4336.04
91,KB4,ARQ,Size_Short,20,0.01,1,3,3,0.0683,0.37037,2342.61
92,KB4,ARQ,Size_Short,20,0.01,1,3,2,0.0441,0.444444,3628.12
93,KB4,ARQ,Size_Short,20,0.01,1,3,5,0.0597,0.277778,2680.07
94,KB4,ARQ,Size_Short,20,0.01,1,3,4,0.0563,0.31746,2841.92
95,KB4,ARQ,Size_Short,20,0.01,1,3,3,0.0392,0.37037,4081.63
96,KB4,ARQ,Size_Short,20,0.01,1,3,1,0.0278,0.555556,5755.4
97,KB4,ARQ,Size_Short,20,0.01,1,3,1,0.0279,0.555556,5734.77
98,KB4,ARQ,Size_Short,20,0.01,1,3,3,0.0366,0.37037,4371.58
99,KB4,ARQ,Size_Short,20,0.01,1,3,5,0.0382,0.277778,4188.48
100,KB4,ARQ,Size_Short,20,0.01,1,3,0,0.0245,0.740741,6530.61
101,KB4,ARQ,Size_Short,20,0.01,1,3,1,0.0248,0.555556,6451.61
102,KB4,ARQ,Size_Short,20,0.01,1,3,1,0.0556,0.555556,2877.7
103,KB4,ARQ,Size_Short,20,0.01,1,3,4,0.0891,0.31746,1795.74
104,KB4,ARQ,Size_Short,20,0.01,1,3,4,0.0536,0.31746,2985.07
105,KB4,ARQ,Size_Short,20,0.01,1,3,6,0.0503,0.246914,3180.91
106,KB4,ARQ,Size_Short,20,0.01,1,3,4,0.0416,0.31746,3846.15
107,KB4,ARQ,Size_Short,20,0.01,1,3,4,0.0427,0.31746,3747.07
108,KB4,ARQ,Size_Short,20,0.01,1,3,0,0.0537,0.740741,2979.52
109,KB4,ARQ,Size_Short,20,0.01,1,3,3,0.0675,0.37037,2370.37
110,KB4,ARQ,Size_Short,20,0.01,1,3,7,0.0655,0.222222,2442.75
111,KB4,ARQ,Size_Short,20,0.01,1,3,1,0.0276,0.555556,5797.1
112,KB4,ARQ,Size_Short,20,0.01,1,3,3,0.0383,0.37037,4177.55
113,KB4,ARQ,Size_Short,20,0.01,1,3,3,0.0405,0.37037,3950.62
114,KB4,ARQ,Size_Short,20,0.01,1,3,2,0.0288,0.444444,5555.56
115,KB4,ARQ,Size_Short,20,0.01,1,3,4,0.0426,0.31746,3755.87
116,KB4,ARQ,Size_Short,20,0.01,1,3,3,0.0393,0.37037,4071.25
117,KB4,ARQ,Size_Short,20,0.01,1,3,0,0.0236,0.740741,6779.66
118,KB4,ARQ,Size_Short,20,0.01,1,3,14,0.0847,0.130719,1889.02
119,KB4,ARQ,Size_Short,20,0.01,1,3,0,0.0237,0.740741,6751.05
120,KB4,ARQ,Size_Short,20,0.01,1,3,2,0.0342,0.444444,4678.36
121,KB4,ARQ,Size_Short,20,0.01,1,3,4,0.0404,0.31746,3960.4
122,KB4,ARQ,Size_Short,20,0.01,1,3,4,0.0373,0.31746,4289.54
123,KB4,ARQ,Size_Short,20,0.01,1,3,1,0.0282,0.555556,5673.76
124,KB4,ARQ,Size_Short,20,0.01,1,3,1,0.0271,0.555556,5904.06
125,KB4,ARQ,Size_Short,20,0.01,1,3,2,0.0347,0.444444,4610.95
126,KB4,ARQ,Size_Short,20,0.01,1,3,4,0.0432,0.31746,3703.7
127,KB4,ARQ,Size_Short,20,0.01,1,3,0,0.0237,0.740741,6751.05
128,KB4,ARQ,Size_Short,20,0.01,1,3,4,0.0411,0.31746,3892.94
129,KB4,ARQ,Size_Short,20,0.01,1,3,1,0.0264,0.555556,6060.61
130,KB4,ARQ,Size_Short,20,0.01,1,3,5,0.0459,0.277778,3485.84
131,KB4,ARQ,Size_Short,20,0.01,1,3,1,0.0291,0.555556,5498.28
132,KB4,ARQ,Size_Short,20,0.01,1,3,2,0.0516,0.444444,3100.78
133,KB4,ARQ,Size_Short,20,0.01,1,3,5,0.0468,0.277778,3418.8
134,KB4,ARQ,Size_Short,20,0.01,1,3,2,0.0336,0.444444,4761.9
135,KB4,ARQ,Size_Short,20,0.01,1,3,1,0.0301,0.555556,5315.61
136,KB4,ARQ,Size_Short,20,0.01,1,3,2,0.0435,0.444444,3678.16
137,KB4,ARQ,Size_Short,20,0.01,1,3,1,0.0374,0.555556,4278.07
138,KB4,ARQ,Size_Short,20,0.01,1,3,1,0.0602,0.555556,2657.81
139,KB4,ARQ,Size_Short,20,0.01,1,3,0,0.0535,0.740741,2990.65
140,KB4,ARQ,Size_Short,20,0.01,1,3,1,0.0294,0.555556,5442.18
141,KB4,ARQ,Size_Short,20,0.01,1,3,3,0.0404,0.37037,3960.4
142,KB4,ARQ,Size_Short,20,0.01,1,3,0,0.0571,0.740741,2802.1
143,KB4,ARQ,Size_Short,20,0.01,1,3,3,0.1011,0.37037,1582.59
144,KB4,ARQ,Size_Short,20,0.01,1,3,1,0.0276,0.555556,5797.1
145,KB4,ARQ,Size_Short,20,0.01,1,3,3,0.0929,0.37037,1722.28
146,KB4,ARQ,Size_Short,20,0.01,1,3,1,0.0447,0.555556,3579.42
147,KB4,ARQ,Size_Short,20,0.01,1,3,3,0.0585,0.37037,2735.04
148,KB4,ARQ,Size_Short,20,0.01,1,3,2,0.0963,0.444444,1661.47
149,KB4,ARQ,Size_Short,20,0.01,1,3,0,0.0584,0.740741,2739.73
150,KB4,ARQ,Size_Short,20,0.01,1,3,1,0.0897,0.555556,1783.72
151,KB4,ARQ,Size_Short,20,0.01,1,3,4,0.0779,0.31746,2053.92
152,KB4,ARQ,Size_Short,20,0.01,1,3,4,0.0968,0.31746,1652.89
153,KB4,ARQ,Size_Short,20,0.01,1,3,1,0.0447,0.555556,3579.42
154,KB4,ARQ,Size_Short,20,0.01,1,3,1,0.0606,0.555556,2640.26
155,KB4,ARQ,Size_Short,20,0.01,1,3,7,0.0916,0.222222,1746.72
156,KB4,ARQ,Size_Short,20,0.01,1,3,1,0.0428,0.555556,3738.32
157,KB4,ARQ,Size_Short,20,0.01,1,3,2,0.0716,0.444444,2234.64
158,KB4,ARQ,Size_Short,20,0.01,1,3,4,0.0587,0.31746,2725.72
159,KB4,ARQ,Size_Short,20,0.01,1,3,4,0.04,0.31746,4000
160,KB4,ARQ,Size_Short,20,0.01,1,3,0,0.0242,0.740741,6611.57
161,KB4,ARQ,Size_Short,20,0.01,1,3,4,0.0419,0.31746,3818.62
162,KB4,ARQ,Size_Short,20,0.01,1,3,6,0.0493,0.246914,3245.44
163,KB4,ARQ,Size_Short,20,0.01,1,3,0,0.0252,0.740741,6349.21
164,KB4,ARQ,Size_Short,20,0.01,1,3,6,0.0485,0.246914,3298.97
165,KB4,ARQ,Size_Short,20,0.01,1,3,2,0.0353,0.444444,4532.58
166,KB4,ARQ,Size_Short,20,0.01,1,3,1,0.0274,0.555556,5839.42
167,KB4,ARQ,Size_Short,20,0.01,1,3,2,0.0311,0.444444,5144.69
168,KB4,ARQ,Size_Short,20,0.01,1,3,2,0.036,0.444444,4444.44
169,KB4,ARQ,Size_Short,20,0.01,1,3,3,0.0395,0.37037,4050.63
170,KB4,ARQ,Size_Short,20,0.01,1,3,4,0.039,0.31746,4102.56
171,KB4,ARQ,Size_Short,20,0.01,1,3,7,0.0591,0.222222,2707.28
172,KB4,ARQ,Size_Short,20,0.01,1,3,1,0.0277,0.555556,5776.17
173,KB4,ARQ,Size_Short,20,0.01,1,3,0,0.024,0.740741,6666.67
174,KB4,ARQ,Size_Short,20,0.01,1,3,1,0.0278,0.555556,5755.4
175,KB4,ARQ,Size_Short,20,0.01,1,3,2,0.0356,0.444444,4494.38
176,KB4,ARQ,Size_Short,20,0.01,1,3,1,0.0278,0.555556,5755.4
177,KB4,ARQ,Size_Short,20,0.01,1,3,0,0.024,0.740741,6666.67
178,KB4,ARQ,Size_Short,20,0.01,1,3,3,0.0369,0.37037,4336.04
179,KB4,ARQ,Size_Short,20,0.01,1,3,3,0.0376,0.37037,4255.32
180,KB4,ARQ,Size_Short,20,0.01,1,3,3,0.0376,0.37037,4255.32
181,KB4,ARQ,Size_Short,20,0.01,1,3,1,0.0276,0.555556,5797.1
182,KB4,ARQ,Size_Short,20,0.01,1,3,4,0.0418,0.31746,3827.75
183,KB4,ARQ,Size_Short,20,0.01,1,3,2,0.0284,0.444444,5633.8
184,KB4,ARQ,Size_Short,20,0.01,1,3,0,0.0237,0.740741,6751.05
185,KB4,ARQ,Size_Short,20,0.01,1,3,1,0.0263,0.555556,6083.65
186,KB4,ARQ,Size_Short,20,0.01,1,3,0,0.0241,0.740741,6639
187,KB4,ARQ,Size_Short,20,0.01,1,3,1,0.029,0.555556,5517.24
188,KB4,ARQ,Size_Short,20,0.01,1,3,8,0.0597,0.20202,2680.07
189,KB4,ARQ,Size_Short,20,0.01,1,3,3,0.0376,0.37037,4255.32
190,KB4,ARQ,Size_Short,20,0.01,1,3,1,0.0262,0.555556,6106.87
191,KB4,ARQ,Size_Short,20,0.01,1,3,1,0.0275,0.555556,5818.18
192,KB4,ARQ,Size_Short,20,0.01,1,3,4,0.0446,0.31746,3587.44
193,KB4,ARQ,Size_Short,20,0.01,1,3,2,0.0299,0.444444,5351.17
194,KB4,ARQ,Size_Short,20,0.01,1,3,1,0.0281,0.555556,5693.95
195,KB4,ARQ,Size_Short,20,0.01,1,3,5,0.0476,0.277778,3361.34
196,KB4,ARQ,Size_Short,20,0.01,1,3,3,0.0395,0.37037,4050.63
197,KB4,ARQ,Size_Short,20,0.01,1,3,2,0.03,0.444444,5333.33
198,KB4,ARQ,Size_Short,20,0.01,1,3,1,0.0273,0.555556,5860.81
199,KB4,ARQ,Size_Short,20,0.01,1,3,0,0.0242,0.740741,6611.57
200,KB4,ARQ,Size_Short,20,0.01,1,3,7,0.0517,0.222222,3094.78
201,KB4,ARQ,Size_Short,20,0.01,1,3,4,0.0415,0.31746,3855.42
202,KB4,ARQ,Size_Short,20,0.01,1,3,3,0.0396,0.37037,4040.4
203,KB4,ARQ,Size_Short,20,0.01,1,3,0,0.0254,0.740741,6299.21
204,KB4,ARQ,Size_Short,20,0.01,1,3,6,0.0496,0.246914,3225.81
205,KB4,ARQ,Size_Short,20,0.01,1,3,3,0.0387,0.37037,4134.37
206,KB4,ARQ,Size_Short,20,0.01,1,3,6,0.0499,0.246914,3206.41
207,KB4,ARQ,Size_Short,20,0.01,1,3,1,0.0278,0.555556,5755.4
208,KB4,ARQ,Size_Short,20,0.01,1,3,5,0.0455,0.277778,3516.48
209,KB4,ARQ,Size_Short,20,0.01,1,3,5,0.0436,0.277778,3669.72
210,KB4,ARQ,Size_Short,20,0.01,1,3,4,0.0424,0.31746,3773.58
211,KB4,ARQ,Size_Short,20,0.01,1,3,2,0.0299,0.444444,5351.17
212,KB4,ARQ,Size_Short,20,0.01,1,3,1,0.0275,0.555556,5818.18
213,KB4,ARQ,Size_Short,20,0.01,1,3,1,0.0274,0.555556,5839.42
214,KB4,ARQ,Size_Short,20,0.01,1,3,5,0.0464,0.277778,3448.28
215,KB4,ARQ,Size_Short,20,0.01,1,3,2,0.0356,0.444444,4494.38
216,KB4,ARQ,Size_Short,20,0.01,1,3,5,0.0468,0.277778,3418.8
217,KB4,ARQ,Size_Short,20,0.01,1,3,1,0.0264,0.555556,6060.61
218,KB4,ARQ,Size_Short,20,0.01,1,3,0,0.024,0.740741,6666.67
219,KB4,ARQ,Size_Short,20,0.01,1,3,2,0.0359,0.444444,4456.82
220,KB4,ARQ,Size_Short,20,0.01,1,3,1,0.0259,0.555556,6177.61
221,KB4,ARQ,Size_Short,20,0.01,1,3,1,0.0274,0.555556,5839.42
222,KB4,ARQ,Size_Short,20,0.01,1,3,1,0.0274,0.555556,5839.42
223,KB4,ARQ,Size_Short,20,0.01,1,3,4,0.043,0.31746,3720.93
224,KB4,ARQ,Size_Short,20,0.01,1,3,1,0.042,0.555556,3809.52
225,KB4,ARQ,Size_Short,20,0.01,1,3,0,0.0234,0.740741,6837.61
226,KB4,ARQ,Size_Short,20,0.01,1,3,1,0.027,0.555556,5925.93
227,KB4,ARQ,Size_Short,20,0.01,1,3,8,0.0602,0.20202,2657.81
228,KB4,ARQ,Size_Short,20,0.01,1,3,1,0.0269,0.555556,5947.96
229,KB4,ARQ,Size_Short,20,0.01,1,3,5,0.0452,0.277778,3539.82
230,KB4,ARQ,Size_Short,20,0.01,1,3,4,0.0386,0.31746,4145.08
231,KB4,ARQ,Size_Short,20,0.01,1,3,1,0.0254,0.555556,6299.21
232,KB4,ARQ,Size_Short,20,0.01,1,3,9,0.0614,0.185185,2605.86
233,KB4,ARQ,Size_Short,20,0.01,1,3,0,0.0234,0.740741,6837.61
234,KB4,ARQ,Size_Short,20,0.01,1,3,2,0.0487,0.444444,3285.42
235,KB4,ARQ,Size_Short,20,0.01,1,3,2,0.0267,0.444444,5992.51
236,KB4,ARQ,Size_Short,20,0.01,1,3,1,0.0267,0.555556,5992.51
237,KB4,ARQ,Size_Short,20,0.01,1,3,3,0.0625,0.37037,2560
238,KB4,ARQ,Size_Short,20,0.01,1,3,0,0.0229,0.740741,6986.9
239,KB4,ARQ,Size_Short,20,0.01,1,3,2,0.0339,0.444444,4719.76
240,KB4,ARQ,Size_Short,20,0.01,1,3,2,0.0284,0.444444,5633.8
241,KB4,ARQ,Size_Short,20,0.01,1,3,5,0.0417,0.277778,3836.93
242,KB4,ARQ,Size_Short,20,0.01,1,3,2,0.0477,0.444444,3354.3
243,KB4,ARQ,Size_Short,20,0.01,1,3,6,0.0461,0.246914,3470.72
244,KB4,ARQ,Size_Short,20,0.01,1,3,2,0.0285,0.444444,5614.04
245,KB4,ARQ,Size_Short,20,0.01,1,3,3,0.0388,0.37037,4123.71
246,KB4,ARQ,Size_Short,20,0.01,1,3,2,0.0348,0.444444,4597.7
247,KB4,ARQ,Size_Short,20,0.01,1,3,6,0.0432,0.246914,3703.7
248,KB4,ARQ,Size_Short,20,0.01,1,3,3,0.0365,0.37037,4383.56
249,KB4,ARQ,Size_Short,20,0.01,1,3,5,0.0439,0.277778,3644.65
250,KB4,ARQ,Size_Short,20,0.01,1,3,1,0.0272,0.555556,5882.35
251,KB4,ARQ,Size_Short,20,0.01,1,3,5,0.0446,0.277778,3587.44
252,KB4,ARQ,Size_Short,20,0.01,1,3,1,0.0264,0.555556,6060.61
253,KB4,ARQ,Size_Short,20,0.01,1,3,3,0.0361,0.37037,4432.13
254,KB4,ARQ,Size_Short,20,0.01,1,3,4,0.0404,0.31746,3960.4
255,KB4,ARQ,Size_Short,20,0.01,1,3,1,0.0271,0.555556,5904.06
256,KB4,ARQ,Size_Short,20,0.01,1,3,0,0.0224,0.740741,7142.86
257,KB4,ARQ,Size_Short,20,0.01,1,3,2,0.0331,0.444444,4833.84
258,KB4,ARQ,Size_Short,20,0.01,1,3,3,0.038,0.37037,4210.53
259,KB4,ARQ,Size_Short,20,0.01,1,3,0,0.0226,0.740741,7079.65
260,KB4,ARQ,Size_Short,20,0.01,1,3,1,0.0259,0.555556,6177.61
261,KB4,ARQ,Size_Short,20,0.01,1,3,2,0.0446,0.444444,3587.44
262,KB4,ARQ,Size_Short,20,0.01,1,3,3,0.0477,0.37037,3354.3
263,KB4,ARQ,Size_Short,20,0.01,1,3,4,0.0406,0.31746,3940.89
264,KB4,ARQ,Size_Short,20,0.01,1,3,2,0.033,0.444444,4848.48
265,KB4,ARQ,Size_Short,20,0.01,1,3,1,0.026,0.555556,6153.85
266,KB4,ARQ,Size_Short,20,0.01,1,3,2,0.0293,0.444444,5460.75
267,KB4,ARQ,Size_Short,20,0.01,1,3,1,0.0254,0.555556,6299.21
268,KB4,ARQ,Size_Short,20,0.01,1,3,0,0.0223,0.740741,7174.89
269,KB4,ARQ,Size_Short,20,0.01,1,3,9,0.057,0.185185,2807.02
270,KB4,ARQ,Size_Short,20,0.01,1,3,3,0.0338,0.37037,4733.73
271,KB4,ARQ,Size_Short,20,0.01,1,3,4,0.0395,0.31746,4050.63
272,KB4,ARQ,Size_Short,20,0.01,1,3,2,0.0277,0.444444,5776.17
273,KB4,ARQ,Size_Short,20,0.01,1,3,2,0.0333,0.444444,4804.8
274,KB4,ARQ,Size_Short,20,0.01,1,3,3,0.0367,0.37037,4359.67
275,KB4,ARQ,Size_Short,20,0.01,1,3,0,0.0226,0.740741,7079.65
276,KB4,ARQ,Size_Short,20,0.01,1,3,1,0.0256,0.555556,6250
277,KB4,ARQ,Size_Short,20,0.01,1,3,0,0.0225,0.740741,7111.11
278,KB4,ARQ,Size_Short,20,0.01,1,3,3,0.0367,0.37037,4359.67
279,KB4,ARQ,Size_Short,20,0.01,1,3,1,0.0266,0.555556,6015.04
280,KB4,ARQ,Size_Short,20,0.01,1,3,4,0.0564,0.31746,2836.88
281,KB4,ARQ,Size_Short,20,0.01,1,3,0,0.0362,0.740741,4419.89
282,KB4,ARQ,Size_Short,20,0.01,1,3,0,0.0237,0.740741,6751.05
283,KB4,ARQ,Size_Short,20,0.01,1,3,0,0.0225,0.740741,7111.11
284,KB4,ARQ,Size_Short,20,0.01,1,3,2,0.0333,0.444444,4804.8
285,KB4,ARQ,Size_Short,20,0.01,1,3,3,0.0363,0.37037,4407.71
286,KB4,ARQ,Size_Short,20,0.01,1,3,6,0.0468,0.246914,3418.8
287,KB4,ARQ,Size_Short,20,0.01,1,3,7,0.0551,0.222222,2903.81
288,KB4,ARQ,Size_Short,20,0.01,1,3,1,0.0259,0.555556,6177.61
289,KB4,ARQ,Size_Short,20,0.01,1,3,1,0.0263,0.555556,6083.65
290,KB4,ARQ,Size_Short,20,0.01,1,3,0,0.0236,0.740741,6779.66
291,KB4,ARQ,Size_Short,20,0.01,1,3,7,0.0469,0.222222,3411.51
292,KB4,ARQ,Size_Short,20,0.01,1,3,3,0.0366,0.37037,4371.58
293,KB4,ARQ,Size_Short,20,0.01,1,3,3,0.0364,0.37037,4395.6
294,KB4,ARQ,Size_Short,20,0.01,1,3,1,0.0267,0.555556,5992.51
295,KB4,ARQ,Size_Short,20,0.01,1,3,2,0.0287,0.444444,5574.91
296,KB4,ARQ,Size_Short,20,0.01,1,3,5,0.0425,0.277778,3764.71
297,KB4,ARQ,Size_Short,20,0.01,1,3,7,0.0539,0.222222,2968.46
298,KB4,ARQ,Size_Short,20,0.01,1,3,2,0.0337,0.444444,4747.77
299,KB4,ARQ,Size_Short,20,0.01,1,3,5,0.0587,0.277778,2725.72
300,KB4,ARQ,Size_Short,20,0.01,1,3,4,0.0377,0.31746,4244.03
301,KB4,ARQ,Size_Short,20,0.01,1,3,3,0.0366,0.37037,4371.58
302,KB4,ARQ,Size_Short,20,0.01,1,3,2,0.0332,0.444444,4819.28
303,KB4,ARQ,Size_Short,20,0.01,1,3,1,0.027,0.555556,5925.93
304,KB4,ARQ,Size_Short,20,0.01,1,3,0,0.0225,0.740741,7111.11
305,KB4,ARQ,Size_Short,20,0.01,1,3,2,0.0276,0.444444,5797.1
306,KB4,ARQ,Size_Short,20,0.01,1,3,3,0.037,0.37037,4324.32
307,KB4,ARQ,Size_Short,20,0.01,1,3,1,0.0258,0.555556,6201.55
308,KB4,ARQ,Size_Short,20,0.01,1,3,6,0.0447,0.246914,3579.42
309,KB4,ARQ,Size_Short,20,0.01,1,3,3,0.0371,0.37037,4312.67
310,KB4,ARQ,Size_Short,20,0.01,1,3,1,0.0259,0.555556,6177.61
311,KB4,ARQ,Size_Short,20,0.01,1,3,5,0.0424,0.277778,3773.58
312,KB4,ARQ,Size_Short,20,0.01,1,3,5,0.0411,0.277778,3892.94
313,KB4,ARQ,Size_Short,20,0.01,1,3,2,0.0293,0.444444,5460.75
314,KB4,ARQ,Size_Short,20,0.01,1,3,1,0.0242,0.555556,6611.57
315,KB4,ARQ,Size_Short,20,0.01,1,3,2,0.033,0.444444,4848.48
316,KB4,ARQ,Size_Short,20,0.01,1,3,2,0.0345,0.444444,4637.68
317,KB4,ARQ,Size_Short,20,0.01,1,3,0,0.0226,0.740741,7079.65
318,KB4,ARQ,Size_Short,20,0.01,1,3,5,0.0427,0.277778,3747.07
319,KB4,ARQ,Size_Short,20,0.01,1,3,4,0.0956,0.31746,1673.64
320,KB4,ARQ,Size_Short,20,0.01,1,3,4,0.0495,0.31746,3232.32
321,KB4,ARQ,Size_Short,20,0.01,1,3,7,0.0807,0.222222,1982.65
322,KB4,ARQ,Size_Short,20,0.01,1,3,0,0.0539,0.740741,2968.46
323,KB4,ARQ,Size_Short,20,0.01,1,3,2,0.0267,0.444444,5992.51
324,KB4,ARQ,Size_Short,20,0.01,1,3,1,0.0257,0.555556,6225.68
325,KB4,ARQ,Size_Short,20,0.01,1,3,8,0.0548,0.20202,2919.71
326,KB4,ARQ,Size_Short,20,0.01,1,3,1,0.0258,0.555556,6201.55
327,KB4,ARQ,Size_Short,20,0.01,1,3,3,0.0367,0.37037,4359.67
328,KB4,ARQ,Size_Short,20,0.01,1,3,6,0.0451,0.246914,3547.67
329,KB4,ARQ,Size_Short,20,0.01,1,3,1,0.0272,0.555556,5882.35
330,KB4,ARQ,Size_Short,20,0.01,1,3,1,0.0245,0.555556,6530.61
331,KB4,ARQ,Size_Short,20,0.01,1,3,6,0.0432,0.246914,3703.7
332,KB4,ARQ,Size_Short,20,0.01,1,3,1,0.0246,0.555556,6504.07
333,KB4,ARQ,Size_Short,20,0.01,1,3,3,0.0365,0.37037,4383.56
334,KB4,ARQ,Size_Short,20,0.01,1,3,4,0.0379,0.31746,4221.64
335,KB4,ARQ,Size_Short,20,0.01,1,3,3,0.0513,0.37037,3118.91
336,KB4,ARQ,Size_Short,20,0.01,1,3,4,0.0401,0.31746,3990.02
337,KB4,ARQ,Size_Short,20,0.01,1,3,7,0.0553,0.222222,2893.31
338,KB4,ARQ,Size_Short,20,0.01,1,3,2,0.0263,0.444444,6083.65
339,KB4,ARQ,Size_Short,20,0.01,1,3,3,0.0342,0.37037,4678.36
340,KB4,ARQ,Size_Short,20,0.01,1,3,0,0.0225,0.740741,7111.11
341,KB4,ARQ,Size_Short,20,0.01,1,3,5,0.0425,0.277778,3764.71
342,KB4,ARQ,Size_Short,20,0.01,1,3,0,0.0239,0.740741,6694.56
343,KB4,ARQ,Size_Short,20,0.01,1,3,2,0.0334,0.444444,4790.42
344,KB4,ARQ,Size_Short,20,0.01,1,3,1,0.0264,0.555556,6060.61
345,KB4,ARQ,Size_Short,20,0.01,1,3,1,0.0272,0.555556,5882.35
346,KB4,ARQ,Size_Short,20,0.01,1,3,1,0.0258,0.555556,6201.55
347,KB4,ARQ,Size_Short,20,0.01,1,3,4,0.0405,0.31746,3950.62
348,KB4,ARQ,Size_Short,20,0.01,1,3,2,0.0333,0.444444,4804.8
349,KB4,ARQ,Size_Short,20,0.01,1,3,1,0.026,0.555556,6153.85
350,KB4,ARQ,Size_Short,20,0.01,1,3,6,0.0477,0.246914,3354.3
351,KB4,ARQ,Size_Short,20,0.01,1,3,1,0.0255,0.555556,6274.51
352,KB4,ARQ,Size_Short,20,0.01,1,3,4,0.0374,0.31746,4278.07
353,KB4,ARQ,Size_Short,20,0.01,1,3,6,0.0437,0.246914,3661.33
354,KB4,ARQ,Size_Short,20,0.01,1,3,0,0.0226,0.740741,7079.65
355,KB4,ARQ,Size_Short,20,0.01,1,3,1,0.0406,0.555556,3940.89
356,KB4,ARQ,Size_Short,20,0.01,1,3,2,0.0278,0.444444,5755.4
357,KB4,ARQ,Size_Short,20,0.01,1,3,0,0.0224,0.740741,7142.86
358,KB4,ARQ,Size_Short,20,0.01,1,3,0,0.0235,0.740741,6808.51
359,KB4,ARQ,Size_Short,20,0.01,1,3,2,0.0336,0.444444,4761.9
360,KB4,ARQ,Size_Short,20,0.01,1,3,1,0.0245,0.555556,6530.61
361,KB4,ARQ,Size_Short,20,0.01,1,3,0,0.0237,0.740741,6751.05
362,KB4,ARQ,Size_Short,20,0.01,1,3,9,0.0526,0.185185,3041.83
363,KB4,ARQ,Size_Short,20,0.01,1,3,4,0.04,0.31746,4000
364,KB4,ARQ,Size_Short,20,0.01,1,3,3,0.0347,0.37037,4610.95
365,KB4,ARQ,Size_Short,20,0.01,1,3,0,0.0226,0.740741,7079.65
366,KB4,ARQ,Size_Short,20,0.01,1,3,5,0.0448,0.277778,3571.43
367,KB4,ARQ,Size_Short,20,0.01,1,3,3,0.0369,0.37037,4336.04
368,KB4,ARQ,Size_Short,20,0.01,1,3,3,0.0283,0.37037,5653.71
369,KB4,ARQ,Size_Short,20,0.01,1,3,1,0.0258,0.555556,6201.55
370,KB4,ARQ,Size_Short,20,0.01,1,3,1,0.0256,0.555556,6250
371,KB4,ARQ,Size_Short,20,0.01,1,3,1,0.0275,0.555556,5818.18
372,KB4,ARQ,Size_Short,20,0.01,1,3,0,0.0225,0.740741,7111.11
373,KB4,ARQ,Size_Short,20,0.01,1,3,2,0.0333,0.444444,4804.8
374,KB4,ARQ,Size_Short,20,0.01,1,3,3,0.0362,0.37037,4419.89
375,KB4,ARQ,Size_Short,20,0.01,1,3,5,0.0742,0.277778,2156.33
376,KB4,ARQ,Size_Short,20,0.01,1,3,1,0.0244,0.555556,6557.38
377,KB4,ARQ,Size_Short,20,0.01,1,3,1,0.0259,0.555556,6177.61
378,KB4,ARQ,Size_Short,20,0.01,1,3,2,0.0327,0.444444,4892.97
379,KB4,ARQ,Size_Short,20,0.01,1,3,2,0.0343,0.444444,4664.72
380,KB4,ARQ,Size_Short,20,0.01,1,3,4,0.0404,0.31746,3960.4
381,KB4,ARQ,Size_Short,20,0.01,1,3,7,0.0529,0.222222,3024.57
382,KB4,ARQ,Size_Short,20,0.01,1,3,3,0.0299,0.37037,5351.17
383,KB4,ARQ,Size_Short,20,0.01,1,3,1,0.0243,0.555556,6584.36
384,KB4,ARQ,Size_Short,20,0.01,1,3,1,0.0246,0.555556,6504.07
385,KB4,ARQ,Size_Short,20,0.01,1,3,5,0.043,0.277778,3720.93
386,KB4,ARQ,Size_Short,20,0.01,1,3,0,0.0224,0.740741,7142.86
387,KB4,ARQ,Size_Short,20,0.01,1,3,3,0.038,0.37037,4210.53
388,KB4,ARQ,Size_Short,20,0.01,1,3,4,0.0396,0.31746,4040.4
389,KB4,ARQ,Size_Short,20,0.01,1,3,4,0.0403,0.31746,3970.22
390,KB4,ARQ,Size_Short,20,0.01,1,3,4,0.0401,0.31746,3990.02
391,KB4,ARQ,Size_Short,20,0.01,1,3,2,0.0328,0.444444,4878.05
392,KB4,ARQ,Size_Short,20,0.01,1,3,2,0.0344,0.444444,4651.16
393,KB4,ARQ,Size_Short,20,0.01,1,3,3,0.0355,0.37037,4507.04
394,KB4,ARQ,Size_Short,20,0.01,1,3,7,0.0828,0.222222,1932.37
395,KB4,ARQ,Size_Short,20,0.01,1,3,1,0.0271,0.555556,5904.06
396,KB4,ARQ,Size_Short,20,0.01,1,3,3,0.0351,0.37037,4558.4
397,KB4,ARQ,Size_Short,20,0.01,1,3,1,0.0439,0.555556,3644.65
398,KB4,ARQ,Size_Short,20,0.01,1,3,7,0.0559,0.222222,2862.25
399,KB4,ARQ,Size_Short,20,0.01,1,3,4,0.0558,0.31746,2867.38
400,KB4,ARQ,Size_Short,20,0.01,1,3,3,0.0392,0.37037,4081.63
401,KB4,ARQ,Size_Short,20,0.01,1,3,5,0.043,0.277778,3720.93
402,KB4,ARQ,Size_Short,20,0.01,1,3,2,0.059,0.444444,2711.86
403,KB4,ARQ,Size_Short,20,0.01,1,3,4,0.0799,0.31746,2002.5
404,KB4,ARQ,Size_Short,20,0.01,1,3,2,0.074,0.444444,2162.16
405,KB4,ARQ,Size_Short,20,0.01,1,3,3,0.0547,0.37037,2925.05
406,KB4,ARQ,Size_Short,20,0.01,1,3,1,0.046,0.555556,3478.26
407,KB4,ARQ,Size_Short,20,0.01,1,3,5,0.041,0.277778,3902.44
408,KB4,ARQ,Size_Short,20,0.01,1,3,2,0.0367,0.444444,4359.67
409,KB4,ARQ,Size_Short,20,0.01,1,3,1,0.0445,0.555556,3595.51
410,KB4,ARQ,Size_Short,20,0.01,1,3,2,0.071,0.444444,2253.52
411,KB4,ARQ,Size_Short,20,0.01,1,3,3,0.0526,0.37037,3041.83
412,KB4,ARQ,Size_Short,20,0.01,1,3,0,0.0224,0.740741,7142.86
413,KB4,ARQ,Size_Short,20,0.01,1,3,1,0.0276,0.555556,5797.1
414,KB4,ARQ,Size_Short,20,0.01,1,3,3,0.0337,0.37037,4747.77
415,KB4,ARQ,Size_Short,20,0.01,1,3,0,0.0598,0.740741,2675.59
416,KB4,ARQ,Size_Short,20,0.01,1,3,2,0.0511,0.444444,3131.12
417,KB4,ARQ,Size_Short,20,0.01,1,3,2,0.0334,0.444444,4790.42
418,KB4,ARQ,Size_Short,20,0.01,1,3,2,0.0279,0.444444,5734.77
419,KB4,ARQ,Size_Short,20,0.01,1,3,1,0.0258,0.555556,6201.55
420,KB4,ARQ,Size_Short,20,0.01,1,3,0,0.0224,0.740741,7142.86
421,KB4,ARQ,Size_Short,20,0.01,1,3,1,0.0244,0.555556,6557.38
422,KB4,ARQ,Size_Short,20,0.01,1,3,0,0.0224,0.740741,7142.86
423,KB4,ARQ,Size_Short,20,0.01,1,3,4,0.0688,0.31746,2325.58
424,KB4,ARQ,Size_Short,20,0.01,1,3,3,0.0378,0.37037,4232.8
425,KB4,ARQ,Size_Short,20,0.01,1,3,3,0.036,0.37037,4444.44
426,KB4,ARQ,Size_Short,20,0.01,1,3,5,0.037,0.277778,4324.32
427,KB4,ARQ,Size_Short,20,0.01,1,3,2,0.033,0.444444,4848.48
428,KB4,ARQ,Size_Short,20,0.01,1,3,2,0.0268,0.444444,5970.15
429,KB4,ARQ,Size_Short,20,0.01,1,3,3,0.0373,0.37037,4289.54
430,KB4,ARQ,Size_Short,20,0.01,1,3,4,0.0399,0.31746,4010.03
431,KB4,ARQ,Size_Short,20,0.01,1,3,2,0.0335,0.444444,4776.12
432,KB4,ARQ,Size_Short,20,0.01,1,3,0,0.0236,0.740741,6779.66
433,KB4,ARQ,Size_Short,20,0.01,1,3,2,0.0335,0.444444,4776.12
434,KB4,ARQ,Size_Short,20,0.01,1,3,4,0.0397,0.31746,4030.23
435,KB4,ARQ,Size_Short,20,0.01,1,3,3,0.0351,0.37037,4558.4
436,KB4,ARQ,Size_Short,20,0.01,1,3,5,0.0368,0.277778,4347.83
437,KB4,ARQ,Size_Short,20,0.01,1,3,2,0.0291,0.444444,5498.28
438,KB4,ARQ,Size_Short,20,0.01,1,3,2,0.0334,0.444444,4790.42
439,KB4,ARQ,Size_Short,20,0.01,1,3,2,0.0333,0.444444,4804.8
440,KB4,ARQ,Size_Short,20,0.01,1,3,1,0.0256,0.555556,6250
441,KB4,ARQ,Size_Short,20,0.01,1,3,3,0.0367,0.37037,4359.67
442,KB4,ARQ,Size_Short,20,0.01,1,3,4,0.0702,0.31746,2279.2
443,KB4,ARQ,Size_Short,20,0.01,1,3,0,0.0222,0.740741,7207.21
444,KB4,ARQ,Size_Short,20,0.01,1,3,1,0.0258,0.555556,6201.55
445,KB4,ARQ,Size_Short,20,0.01,1,3,6,0.047,0.246914,3404.26
446,KB4,ARQ,Size_Short,20,0.01,1,3,1,0.0257,0.555556,6225.68
447,KB4,ARQ,Size_Short,20,0.01,1,3,7,0.0545,0.222222,2935.78
448,KB4,ARQ,Size_Short,20,0.01,1,3,3,0.0368,0.37037,4347.83
449,KB4,ARQ,Size_Short,20,0.01,1,3,1,0.0258,0.555556,6201.55
450,KB4,ARQ,Size_Short,20,0.01,1,3,10,0.0644,0.17094,2484.47
451,KB4,ARQ,Size_Short,20,0.01,1,3,3,0.0365,0.37037,4383.56
452,KB4,ARQ,Size_Short,20,0.01,1,3,2,0.0279,0.444444,5734.77
453,KB4,ARQ,Size_Short,20,0.01,1,3,0,0.0236,0.740741,6779.66
454,KB4,ARQ,Size_Short,20,0.01,1,3,2,0.0326,0.444444,4907.98
455,KB4,ARQ,Size_Short,20,0.01,1,3,0,0.0226,0.740741,7079.65
456,KB4,ARQ,Size_Short,20,0.01,1,3,1,0.0257,0.555556,6225.68
457,KB4,ARQ,Size_Short,20,0.01,1,3,0,0.0226,0.740741,7079.65
458,KB4,ARQ,Size_Short,20,0.01,1,3,3,0.0366,0.37037,4371.58
459,KB4,ARQ,Size_Short,20,0.01,1,3,6,0.0421,0.246914,3800.48
460,KB4,ARQ,Size_Short,20,0.01,1,3,3,0.0342,0.37037,4678.36
461,KB4,ARQ,Size_Short,20,0.01,1,3,1,0.0436,0.555556,3669.72
462,KB4,ARQ,Size_Short,20,0.01,1,3,7,0.0549,0.222222,2914.39
463,KB4,ARQ,Size_Short,20,0.01,1,3,3,0.0365,0.37037,4383.56
464,KB4,ARQ,Size_Short,20,0.01,1,3,0,0.0224,0.740741,7142.86
465,KB4,ARQ,Size_Short,20,0.01,1,3,0,0.0227,0.740741,7048.46
466,KB4,ARQ,Size_Short,20,0.01,1,3,3,0.038,0.37037,4210.53
467,KB4,ARQ,Size_Short,20,0.01,1,3,4,0.0345,0.31746,4637.68
468,KB4,ARQ,Size_Short,20,0.01,1,3,6,0.0443,0.246914,3611.74
469,KB4,ARQ,Size_Short,20,0.01,1,3,0,0.0226,0.740741,7079.65
470,KB4,ARQ,Size_Short,20,0.01,1,3,1,0.0243,0.555556,6584.36
471,KB4,ARQ,Size_Short,20,0.01,1,3,1,0.0257,0.555556,6225.68
472,KB4,ARQ,Size_Short,20,0.01,1,3,1,0.0259,0.555556,6177.61
473,KB4,ARQ,Size_Short,20,0.01,1,3,1,0.0244,0.555556,6557.38
474,KB4,ARQ,Size_Short,20,0.01,1,3,2,0.0341,0.444444,4692.08
475,KB4,ARQ,Size_Short,20,0.01,1,3,3,0.0337,0.37037,4747.77
476,KB4,ARQ,Size_Short,20,0.01,1,3,2,0.0334,0.444444,4790.42
477,KB4,ARQ,Size_Short,20,0.01,1,3,2,0.0327,0.444444,4892.97
478,KB4,ARQ,Size_Short,20,0.01,1,3,1,0.0261,0.555556,6130.27
479,KB4,ARQ,Size_Short,20,0.01,1,3,3,0.0365,0.37037,4383.56
480,KB4,ARQ,Size_Short,20,0.01,1,3,8,0.0572,0.20202,2797.2
481,KB4,ARQ,Size_Short,20,0.01,1,3,2,0.0266,0.444444,6015.04
482,KB4,ARQ,Size_Short,20,0.01,1,3,2,0.0343,0.444444,4664.72
483,KB4,ARQ,Size_Short,20,0.01,1,3,4,0.0404,0.31746,3960.4
484,KB4,ARQ,Size_Short,20,0.01,1,3,2,0.028,0.444444,5714.29
485,KB4,ARQ,Size_Short,20,0.01,1,3,2,0.0334,0.444444,4790.42
486,KB4,ARQ,Size_Short,20,0.01,1,3,1,0.0258,0.555556,6201.55
487,KB4,ARQ,Size_Short,20,0.01,1,3,0,0.0234,0.740741,6837.61
488,KB4,ARQ,Size_Short,20,0.01,1,3,1,0.0259,0.555556,6177.61
489,KB4,ARQ,Size_Short,20,0.01,1,3,0,0.0225,0.740741,7111.11
490,KB4,ARQ,Size_Short,20,0.01,1,3,4,0.0404,0.31746,3960.4
491,KB4,ARQ,Size_Short,20,0.01,1,3,0,0.0223,0.740741,7174.89
492,KB4,ARQ,Size_Short,20,0.01,1,3,4,0.0358,0.31746,4469.27
493,KB4,ARQ,Size_Short,20,0.01,1,3,2,0.0331,0.444444,4833.84
494,KB4,ARQ,Size_Short,20,0.01,1,3,1,0.0244,0.555556,6557.38
495,KB4,ARQ,Size_Short,20,0.01,1,3,4,0.0409,0.31746,3911.98
496,KB4,ARQ,Size_Short,20,0.01,1,3,3,0.0338,0.37037,4733.73
497,KB4,ARQ,Size_Short,20,0.01,1,3,0,0.0225,0.740741,7111.11
498,KB4,ARQ,Size_Short,20,0.01,1,3,7,0.0544,0.222222,2941.18
499,KB4,ARQ,Size_Short,20,0.01,1,3,8,0.0539,0.20202,2968.46
500,KB4,ARQ,Size_Short,20,0.01,1,3,9,0.0937,0.185185,1707.58
501,KB4,ARQ,Size_Short,20,0.01,1,3,0,0.0229,0.740741,6986.9
502,KB4,ARQ,Size_Short,20,0.01,1,3,1,0.0258,0.555556,6201.55
503,KB4,ARQ,Size_Short,20,0.01,1,3,2,0.0289,0.444444,5536.33
504,KB4,ARQ,Size_Short,20,0.01,1,3,5,0.0422,0.277778,3791.47
505,KB4,ARQ,Size_Short,20,0.01,1,3,7,0.054,0.222222,2962.96
506,KB4,ARQ,Size_Short,20,0.01,1,3,1,0.0258,0.555556,6201.55
507,KB4,ARQ,Size_Short,20,0.01,1,3,4,0.0354,0.31746,4519.77
508,KB4,ARQ,Size_Short,20,0.01,1,3,1,0.0257,0.555556,6225.68
509,KB4,ARQ,Size_Short,20,0.01,1,3,0,0.0227,0.740741,7048.46
510,KB4,ARQ,Size_Short,20,0.01,1,3,2,0.0333,0.444444,4804.8
511,KB4,ARQ,Size_Short,20,0.01,1,3,2,0.0344,0.444444,4651.16
512,KB4,ARQ,Size_Short,20,0.01,1,3,0,0.0225,0.740741,7111.11
513,KB4,ARQ,Size_Short,20,0.01,1,3,4,0.0385,0.31746,4155.84
514,KB4,ARQ,Size_Short,20,0.01,1,3,3,0.0354,0.37037,4519.77
515,KB4,ARQ,Size_Short,20,0.01,1,3,0,0.0223,0.740741,7174.89
516,KB4,ARQ,Size_Short,20,0.01,1,3,2,0.034,0.444444,4705.88
517,KB4,ARQ,Size_Short,20,0.01,1,3,1,0.026,0.555556,6153.85
518,KB4,ARQ,Size_Short,20,0.01,1,3,0,0.0225,0.740741,7111.11
519,KB4,ARQ,Size_Short,20,0.01,1,3,2,0.0282,0.444444,5673.76
520,KB4,ARQ,Size_Short,20,0.01,1,3,3,0.0665,0.37037,2406.02
521,KB4,ARQ,Size_Short,20,0.01,1,3,0,0.024,0.740741,6666.67
522,KB4,ARQ,Size_Short,20,0.01,1,3,3,0.0346,0.37037,4624.28
523,KB4,ARQ,Size_Short,20,0.01,1,3,2,0.0267,0.444444,5992.51
524,KB4,ARQ,Size_Short,20,0.01,1,3,1,0.0261,0.555556,6130.27
525,KB4,ARQ,Size_Short,20,0.01,1,3,4,0.0385,0.31746,4155.84
526,KB4,ARQ,Size_Short,20,0.01,1,3,1,0.027,0.555556,5925.93
527,KB4,ARQ,Size_Short,20,0.01,1,3,4,0.0392,0.31746,4081.63
528,KB4,ARQ,Size_Short,20,0.01,1,3,4,0.0399,0.31746,4010.03
529,KB4,ARQ,Size_Short,20,0.01,1,3,4,0.0415,0.31746,3855.42
530,KB4,ARQ,Size_Short,20,0.01,1,3,6,0.0451,0.246914,3547.67
531,KB4,ARQ,Size_Short,20,0.01,1,3,4,0.0382,0.31746,4188.48
532,KB4,ARQ,Size_Short,20,0.01,1,3,0,0.0225,0.740741,7111.11
533,KB4,ARQ,Size_Short,20,0.01,1,3,2,0.033,0.444444,4848.48
534,KB4,ARQ,Size_Short,20,0.01,1,3,3,0.0366,0.37037,4371.58
535,KB4,ARQ,Size_Short,20,0.01,1,3,7,0.0536,0.222222,2985.07
536,KB4,ARQ,Size_Short,20,0.01,1,3,0,0.0236,0.740741,6779.66
537,KB4,ARQ,Size_Short,20,0.01,1,3,3,0.0366,0.37037,4371.58
538,KB4,ARQ,Size_Short,20,0.01,1,3,4,0.0373,0.31746,4289.54
539,KB4,ARQ,Size_Short,20,0.01,1,3,5,0.0755,0.277778,2119.21
540,KB4,ARQ,Size_Short,20,0.01,1,3,3,0.0364,0.37037,4395.6
541,KB4,ARQ,Size_Short,20,0.01,1,3,4,0.0385,0.31746,4155.84
542,KB4,ARQ,Size_Short,20,0.01,1,3,3,0.0349,0.37037,4584.53
543,KB4,ARQ,Size_Short,20,0.01,1,3,0,0.0226,0.740741,7079.65
544,KB4,ARQ,Size_Short,20,0.01,1,3,0,0.0236,0.740741,6779.66
545,KB4,ARQ,Size_Short,20,0.01,1,3,3,0.035,0.37037,4571.43
546,KB4,ARQ,Size_Short,20,0.01,1,3,5,0.045,0.277778,3555.56
547,KB4,ARQ,Size_Short,20,0.01,1,3,4,0.0397,0.31746,4030.23
548,KB4,ARQ,Size_Short,20,0.01,1,3,3,0.0339,0.37037,4719.76
549,KB4,ARQ,Size_Short,20,0.01,1,3,4,0.0397,0.31746,4030.23
550,KB4,ARQ,Size_Short,20,0.01,1,3,3,0.0355,0.37037,4507.04
551,KB4,ARQ,Size_Short,20,0.01,1,3,3,0.0372,0.37037,4301.08
552,KB4,ARQ,Size_Short,20,0.01,1,3,2,0.0328,0.444444,4878.05
553,KB4,ARQ,Size_Short,20,0.01,1,3,1,0.0257,0.555556,6225.68
554,KB4,ARQ,Size_Short,20,0.01,1,3,11,0.0724,0.15873,2209.94
555,KB4,ARQ,Size_Short,20,0.01,1,3,2,0.0332,0.444444,4819.28
556,KB4,ARQ,Size_Short,20,0.01,1,3,1,0.0271,0.555556,5904.06
557,KB4,ARQ,Size_Short,20,0.01,1,3,7,0.0838,0.222222,1909.31
558,KB4,ARQ,Size_Short,20,0.01,1,3,1,0.0259,0.555556,6177.61
559,KB4,ARQ,Size_Short,20,0.01,1,3,0,0.0227,0.740741,7048.46
560,KB4,ARQ,Size_Short,20,0.01,1,3,0,0.0226,0.740741,7079.65
561,KB4,ARQ,Size_Short,20,0.01,1,3,4,0.04,0.31746,4000
562,KB4,ARQ,Size_Short,20,0.01,1,3,1,0.026,0.555556,6153.85
563,KB4,ARQ,Size_Short,20,0.01,1,3,4,0.0398,0.31746,4020.1
564,KB4,ARQ,Size_Short,20,0.01,1,3,3,0.0348,0.37037,4597.7
565,KB4,ARQ,Size_Short,20,0.01,1,3,0,0.0223,0.740741,7174.89
566,KB4,ARQ,Size_Short,20,0.01,1,3,1,0.0243,0.555556,6584.36
567,KB4,ARQ,Size_Short,20,0.01,1,3,0,0.0222,0.740741,7207.21
568,KB4,ARQ,Size_Short,20,0.01,1,3,3,0.0366,0.37037,4371.58
569,KB4,ARQ,Size_Short,20,0.01,1,3,1,0.027,0.555556,5925.93
570,KB4,ARQ,Size_Short,20,0.01,1,3,7,0.0476,0.222222,3361.34
571,KB4,ARQ,Size_Short,20,0.01,1,3,2,0.0279,0.444444,5734.77
572,KB4,ARQ,Size_Short,20,0.01,1,3,1,0.0243,0.555556,6584.36
573,KB4,ARQ,Size_Short,20,0.01,1,3,0,0.0223,0.740741,7174.89
574,KB4,ARQ,Size_Short,20,0.01,1,3,0,0.0238,0.740741,6722.69
575,KB4,ARQ,Size_Short,20,0.01,1,3,1,0.026,0.555556,6153.85
576,KB4,ARQ,Size_Short,20,0.01,1,3,5,0.0416,0.277778,3846.15
577,KB4,ARQ,Size_Short,20,0.01,1,3,1,0.0258,0.555556,6201.55
578,KB4,ARQ,Size_Short,20,0.01,1,3,2,0.0417,0.444444,3836.93
579,KB4,ARQ,Size_Short,20,0.01,1,3,2,0.0294,0.444444,5442.18
580,KB4,ARQ,Size_Short,20,0.01,1,3,3,0.0372,0.37037,4301.08
581,KB4,ARQ,Size_Short,20,0.01,1,3,3,0.0365,0.37037,4383.56
582,KB4,ARQ,Size_Short,20,0.01,1,3,4,0.0358,0.31746,4469.27
583,KB4,ARQ,Size_Short,20,0.01,1,3,3,0.0354,0.37037,4519.77
584,KB4,ARQ,Size_Short,20,0.01,1,3,1,0.0262,0.555556,6106.87
585,KB4,ARQ,Size_Short,20,0.01,1,3,3,0.0364,0.37037,4395.6
586,KB4,ARQ,Size_Short,20,0.01,1,3,3,0.0355,0.37037,4507.04
587,KB4,ARQ,Size_Short,20,0.01,1,3,3,0.036,0.37037,4444.44
588,KB4,ARQ,Size_Short,20,0.01,1,3,9,0.0583,0.185185,2744.43
589,KB4,ARQ,Size_Short,20,0.01,1,3,1,0.0251,0.555556,6374.5
590,KB4,ARQ,Size_Short,20,0.01,1,3,6,0.0401,0.246914,3990.02
591,KB4,ARQ,Size_Short,20,0.01,1,3,9,0.0598,0.185185,2675.59
592,KB4,ARQ,Size_Short,20,0.01,1,3,1,0.0261,0.555556,6130.27
593,KB4,ARQ,Size_Short,20,0.01,1,3,4,0.038,0.31746,4210.53
594,KB4,ARQ,Size_Short,20,0.01,1,3,3,0.0377,0.37037,4244.03
595,KB4,ARQ,Size_Short,20,0.01,1,3,0,0.0225,0.740741,7111.11
596,KB4,ARQ,Size_Short,20,0.01,1,3,1,0.0241,0.555556,6639
597,KB4,ARQ,Size_Short,20,0.01,1,3,2,0.0482,0.444444,3319.5
598,KB4,ARQ,Size_Short,20,0.01,1,3,5,0.0431,0.277778,3712.3
599,KB4,ARQ,Size_Short,20,0.01,1,3,0,0.0239,0.740741,6694.56
600,KB4,ARQ,Size_Short,20,0.01,1,3,0,0.023,0.740741,6956.52
601,KB4,ARQ,Size_Short,20,0.01,1,3,1,0.0261,0.555556,6130.27
602,KB4,ARQ,Size_Short,20,0.01,1,3,1,0.027,0.555556,5925.93
603,KB4,ARQ,Size_Short,20,0.01,1,3,2,0.0333,0.444444,4804.8
604,KB4,ARQ,Size_Short,20,0.01,1,3,2,0.0335,0.444444,4776.12
605,KB4,ARQ,Size_Short,20,0.01,1,3,3,0.0362,0.37037,4419.89
606,KB4,ARQ,Size_Short,20,0.01,1,3,0,0.0222,0.740741,7207.21
607,KB4,ARQ,Size_Short,20,0.01,1,3,1,0.0256,0.555556,6250
608,KB4,ARQ,Size_Short,20,0.01,1,3,5,0.0399,0.277778,4010.03
609,KB4,ARQ,Size_Short,20,0.01,1,3,3,0.0369,0.37037,4336.04
610,KB4,ARQ,Size_Short,20,0.01,1,3,2,0.0336,0.444444,4761.9
611,KB4,ARQ,Size_Short,20,0.01,1,3,0,0.0224,0.740741,7142.86
612,KB4,ARQ,Size_Short,20,0.01,1,3,1,0.0257,0.555556,6225.68
613,KB4,ARQ,Size_Short,20,0.01,1,3,1,0.0264,0.555556,6060.61
614,KB4,ARQ,Size_Short,20,0.01,1,3,0,0.0225,0.740741,7111.11
615,KB4,ARQ,Size_Short,20,0.01,1,3,2,0.0277,0.444444,5776.17
616,KB4,ARQ,Size_Short,20,0.01,1,3,7,0.0536,0.222222,2985.07
617,KB4,ARQ,Size_Short,20,0.01,1,3,1,0.0436,0.555556,3669.72
618,KB4,ARQ,Size_Short,20,0.01,1,3,4,0.0628,0.31746,2547.77
619,KB4,ARQ,Size_Short,20,0.01,1,3,1,0.0244,0.555556,6557.38
620,KB4,ARQ,Size_Short,20,0.01,1,3,3,0.0361,0.37037,4432.13
621,KB4,ARQ,Size_Short,20,0.01,1,3,4,0.0382,0.31746,4188.48
622,KB4,ARQ,Size_Short,20,0.01,1,3,2,0.033,0.444444,4848.48
623,KB4,ARQ,Size_Short,20,0.01,1,3,6,0.0449,0.246914,3563.47
624,KB4,ARQ,Size_Short,20,0.01,1,3,0,0.0224,0.740741,7142.86
625,KB4,ARQ,Size_Short,20,0.01,1,3,4,0.0412,0.31746,3883.5
626,KB4,ARQ,Size_Short,20,0.01,1,3,1,0.0257,0.555556,6225.68
627,KB4,ARQ,Size_Short,20,0.01,1,3,3,0.0364,0.37037,4395.6
628,KB4,ARQ,Size_Short,20,0.01,1,3,9,0.0602,0.185185,2657.81
629,KB4,ARQ,Size_Short,20,0.01,1,3,4,0.0401,0.31746,3990.02
630,KB4,ARQ,Size_Short,20,0.01,1,3,4,0.0378,0.31746,4232.8
631,KB4,ARQ,Size_Short,20,0.01,1,3,1,0.0262,0.555556,6106.87
632,KB4,ARQ,Size_Short,20,0.01,1,3,7,0.054,0.222222,2962.96
633,KB4,ARQ,Size_Short,20,0.01,1,3,2,0.0333,0.444444,4804.8
634,KB4,ARQ,Size_Short,20,0.01,1,3,4,0.0381,0.31746,4199.48
635,KB4,ARQ,Size_Short,20,0.01,1,3,0,0.0226,0.740741,7079.65
636,KB4,ARQ,Size_Short,20,0.01,1,3,0,0.0223,0.740741,7174.89
637,KB4,ARQ,Size_Short,20,0.01,1,3,7,0.0478,0.222222,3347.28
638,KB4,ARQ,Size_Short,20,0.01,1,3,5,0.0437,0.277778,3661.33
639,KB4,ARQ,Size_Short,20,0.01,1,3,0,0.0224,0.740741,7142.86
640,KB4,ARQ,Size_Short,20,0.01,1,3,2,0.0343,0.444444,4664.72
641,KB4,ARQ,Size_Short,20,0.01,1,3,4,0.0396,0.31746,4040.4
642,KB4,ARQ,Size_Short,20,0.01,1,3,5,0.0418,0.277778,3827.75
643,KB4,ARQ,Size_Short,20,0.01,1,3,3,0.0343,0.37037,4664.72
644,KB4,ARQ,Size_Short,20,0.01,1,3,0,0.0225,0.740741,7111.11
645,KB4,ARQ,Size_Short,20,0.01,1,3,2,0.0345,0.444444,4637.68
646,KB4,ARQ,Size_Short,20,0.01,1,3,1,0.0246,0.555556,6504.07
647,KB4,ARQ,Size_Short,20,0.01,1,3,3,0.0354,0.37037,4519.77
648,KB4,ARQ,Size_Short,20,0.01,1,3,1,0.0255,0.555556,6274.51
649,KB4,ARQ,Size_Short,20,0.01,1,3,1,0.0242,0.555556,6611.57
650,KB4,ARQ,Size_Short,20,0.01,1,3,4,0.0416,0.31746,3846.15
651,KB4,ARQ,Size_Short,20,0.01,1,3,0,0.0224,0.740741,7142.86
652,KB4,ARQ,Size_Short,20,0.01,1,3,0,0.0221,0.740741,7239.82
653,KB4,ARQ,Size_Short,20,0.01,1,3,0,0.0224,0.740741,7142.86
654,KB4,ARQ,Size_Short,20,0.01,1,3,0,0.0225,0.740741,7111.11
655,KB4,ARQ,Size_Short,20,0.01,1,3,4,0.0716,0.31746,2234.64
656,KB4,ARQ,Size_Short,20,0.01,1,3,2,0.0279,0.444444,5734.77
657,KB4,ARQ,Size_Short,20,0.01,1,3,1,0.0258,0.555556,6201.55
658,KB4,ARQ,Size_Short,20,0.01,1,3,3,0.038,0.37037,4210.53
659,KB4,ARQ,Size_Short,20,0.01,1,3,2,0.028,0.444444,5714.29
660,KB4,ARQ,Size_Short,20,0.01,1,3,0,0.0227,0.740741,7048.46
661,KB4,ARQ,Size_Short,20,0.01,1,3,1,0.026,0.555556,6153.85
662,KB4,ARQ,Size_Short,20,0.01,1,3,10,0.0602,0.17094,2657.81
663,KB4,ARQ,Size_Short,20,0.01,1,3,0,0.0237,0.740741,6751.05
664,KB4,ARQ,Size_Short,20,0.01,1,3,4,0.0396,0.31746,4040.4
665,KB4,ARQ,Size_Short,20,0.01,1,3,11,0.0655,0.15873,2442.75
666,KB4,ARQ,Size_Short,20,0.01,1,3,9,0.0576,0.185185,2777.78
667,KB4,ARQ,Size_Short,20,0.01,1,3,8,0.0556,0.20202,2877.7
668,KB4,ARQ,Size_Short,20,0.01,1,3,0,0.0228,0.740741,7017.54
669,KB4,ARQ,Size_Short,20,0.01,1,3,3,0.0342,0.37037,4678.36
670,KB4,ARQ,Size_Short,20,0.01,1,3,2,0.0289,0.444444,5536.33
671,KB4,ARQ,Size_Short,20,0.01,1,3,6,0.0471,0.246914,3397.03
672,KB4,ARQ,Size_Short,20,0.01,1,3,4,0.0405,0.31746,3950.62
673,KB4,ARQ,Size_Short,20,0.01,1,3,2,0.0498,0.444444,3212.85
674,KB4,ARQ,Size_Short,20,0.01,1,3,4,0.0342,0.31746,4678.36
675,KB4,ARQ,Size_Short,20,0.01,1,3,2,0.0291,0.444444,5498.28
676,KB4,ARQ,Size_Short,20,0.01,1,3,2,0.0332,0.444444,4819.28
677,KB4,ARQ,Size_Short,20,0.01,1,3,0,0.0227,0.740741,7048.46
678,KB4,ARQ,Size_Short,20,0.01,1,3,4,0.04,0.31746,4000
679,KB4,ARQ,Size_Short,20,0.01,1,3,0,0.0224,0.740741,7142.86
680,KB4,ARQ,Size_Short,20,0.01,1,3,2,0.0343,0.444444,4664.72
681,KB4,ARQ,Size_Short,20,0.01,1,3,2,0.0334,0.444444,4790.42
682,KB4,ARQ,Size_Short,20,0.01,1,3,5,0.0438,0.277778,3652.97
683,KB4,ARQ,Size_Short,20,0.01,1,3,7,0.054,0.222222,2962.96
684,KB4,ARQ,Size_Short,20,0.01,1,3,1,0.0256,0.555556,6250
685,KB4,ARQ,Size_Short,20,0.01,1,3,2,0.0348,0.444444,4597.7
686,KB4,ARQ,Size_Short,20,0.01,1,3,1,0.0257,0.555556,6225.68
687,KB4,ARQ,Size_Short,20,0.01,1,3,1,0.0244,0.555556,6557.38
688,KB4,ARQ,Size_Short,20,0.01,1,3,3,0.0369,0.37037,4336.04
689,KB4,ARQ,Size_Short,20,0.01,1,3,1,0.0257,0.555556,6225.68
690,KB4,ARQ,Size_Short,20,0.01,1,3,1,0.0258,0.555556,6201.55
691,KB4,ARQ,Size_Short,20,0.01,1,3,5,0.0431,0.277778,3712.3
692,KB4,ARQ,Size_Short,20,0.01,1,3,5,0.0402,0.277778,3980.1
693,KB4,ARQ,Size_Short,20,0.01,1,3,1,0.0405,0.555556,3950.62
694,KB4,ARQ,Size_Short,20,0.01,1,3,1,0.0259,0.555556,6177.61
695,KB4,ARQ,Size_Short,20,0.01,1,3,2,0.0332,0.444444,4819.28
696,KB4,ARQ,Size_Short,20,0.01,1,3,2,0.0333,0.444444,4804.8
697,KB4,ARQ,Size_Short,20,0.01,1,3,2,0.0331,0.444444,4833.84
698,KB4,ARQ,Size_Short,20,0.01,1,3,1,0.0255,0.555556,6274.51
699,KB4,ARQ,Size_Short,20,0.01,1,3,4,0.0409,0.31746,3911.98
700,KB4,ARQ,Size_Short,20,0.01,1,3,1,0.026,0.555556,6153.85
701,KB4,ARQ,Size_Short,20,0.01,1,3,2,0.0278,0.444444,5755.4
702,KB4,ARQ,Size_Short,20,0.01,1,3,0,0.0223,0.740741,7174.89
703,KB4,ARQ,Size_Short,20,0.01,1,3,1,0.027,0.555556,5925.93
704,KB4,ARQ,Size_Short,20,0.01,1,3,2,0.0336,0.444444,4761.9
705,KB4,ARQ,Size_Short,20,0.01,1,3,0,0.0227,0.740741,7048.46
706,KB4,ARQ,Size_Short,20,0.01,1,3,3,0.036,0.37037,4444.44
707,KB4,ARQ,Size_Short,20,0.01,1,3,0,0.0224,0.740741,7142.86
708,KB4,ARQ,Size_Short,20,0.01,1,3,3,0.036,0.37037,4444.44
709,KB4,ARQ,Size_Short,20,0.01,1,3,6,0.0472,0.246914,3389.83
710,KB4,ARQ,Size_Short,20,0.01,1,3,1,0.0259,0.555556,6177.61
711,KB4,ARQ,Size_Short,20,0.01,1,3,7,0.0549,0.222222,2914.39
712,KB4,ARQ,Size_Short,20,0.01,1,3,5,0.0829,0.277778,1930.04
713,KB4,ARQ,Size_Short,20,0.01,1,3,4,0.0442,0.31746,3619.91
714,KB4,ARQ,Size_Short,20,0.01,1,3,2,0.0298,0.444444,5369.13
715,KB4,ARQ,Size_Short,20,0.01,1,3,4,0.0738,0.31746,2168.02
716,KB4,ARQ,Size_Short,20,0.01,1,3,1,0.052,0.555556,3076.92
717,KB4,ARQ,Size_Short,20,0.01,1,3,0,0.0226,0.740741,7079.65
718,KB4,ARQ,Size_Short,20,0.01,1,3,2,0.035,0.444444,4571.43
719,KB4,ARQ,Size_Short,20,0.01,1,3,5,0.0433,0.277778,3695.15
720,KB4,ARQ,Size_Short,20,0.01,1,3,1,0.0247,0.555556,6477.73
721,KB4,ARQ,Size_Short,20,0.01,1,3,1,0.0272,0.555556,5882.35
722,KB4,ARQ,Size_Short,20,0.01,1,3,0,0.0226,0.740741,7079.65
723,KB4,ARQ,Size_Short,20,0.01,1,3,5,0.0433,0.277778,3695.15
724,KB4,ARQ,Size_Short,20,0.01,1,3,1,0.0259,0.555556,6177.61
725,KB4,ARQ,Size_Short,20,0.01,1,3,2,0.0443,0.444444,3611.74
726,KB4,ARQ,Size_Short,20,0.01,1,3,2,0.0464,0.444444,3448.28
727,KB4,ARQ,Size_Short,20,0.01,1,3,2,0.0333,0.444444,4804.8
728,KB4,ARQ,Size_Short,20,0.01,1,3,14,0.0772,0.130719,2072.54
729,KB4,ARQ,Size_Short,20,0.01,1,3,2,0.0267,0.444444,5992.51
730,KB4,ARQ,Size_Short,20,0.01,1,3,0,0.0222,0.740741,7207.21
731,KB4,ARQ,Size_Short,20,0.01,1,3,2,0.0346,0.444444,4624.28
732,KB4,ARQ,Size_Short,20,0.01,1,3,5,0.0435,0.277778,3678.16
733,KB4,ARQ,Size_Short,20,0.01,1,3,2,0.0276,0.444444,5797.1
734,KB4,ARQ,Size_Short,20,0.01,1,3,3,0.0363,0.37037,4407.71
735,KB4,ARQ,Size_Short,20,0.01,1,3,3,0.0351,0.37037,4558.4
736,KB4,ARQ,Size_Short,20,0.01,1,3,1,0.0271,0.555556,5904.06
737,KB4,ARQ,Size_Short,20,0.01,1,3,3,0.035,0.37037,4571.43
738,KB4,ARQ,Size_Short,20,0.01,1,3,3,0.0368,0.37037,4347.83
739,KB4,ARQ,Size_Short,20,0.01,1,3,2,0.0281,0.444444,5693.95
740,KB4,ARQ,Size_Short,20,0.01,1,3,1,0.0259,0.555556,6177.61
741,KB4,ARQ,Size_Short,20,0.01,1,3,5,0.0419,0.277778,3818.62
742,KB4,ARQ,Size_Short,20,0.01,1,3,0,0.0223,0.740741,7174.89
743,KB4,ARQ,Size_Short,20,0.01,1,3,1,0.0256,0.555556,6250
744,KB4,ARQ,Size_Short,20,0.01,1,3,3,0.0363,0.37037,4407.71
745,KB4,ARQ,Size_Short,20,0.01,1,3,4,0.0369,0.31746,4336.04
746,KB4,ARQ,Size_Short,20,0.01,1,3,3,0.0367,0.37037,4359.67
747,KB4,ARQ,Size_Short,20,0.01,1,3,2,0.0278,0.444444,5755.4
748,KB4,ARQ,Size_Short,20,0.01,1,3,3,0.034,0.37037,4705.88
749,KB4,ARQ,Size_Short,20,0.01,1,3,9,0.0915,0.185185,1748.63
750,KB4,ARQ,Size_Short,20,0.01,1,3,1,0.0255,0.555556,6274.51
751,KB4,ARQ,Size_Short,20,0.01,1,3,9,0.0585,0.185185,2735.04
752,KB4,ARQ,Size_Short,20,0.01,1,3,4,0.0396,0.31746,4040.4
753,KB4,ARQ,Size_Short,20,0.01,1,3,2,0.0332,0.444444,4819.28
754,KB4,ARQ,Size_Short,20,0.01,1,3,3,0.035,0.37037,4571.43
755,KB4,ARQ,Size_Short,20,0.01,1,3,6,0.0467,0.246914,3426.12
756,KB4,ARQ,Size_Short,20,0.01,1,3,2,0.0279,0.444444,5734.77
757,KB4,ARQ,Size_Short,20,0.01,1,3,0,0.0225,0.740741,7111.11
758,KB4,ARQ,Size_Short,20,0.01,1,3,0,0.0224,0.740741,7142.86
759,KB4,ARQ,Size_Short,20,0.01,1,3,3,0.0368,0.37037,4347.83
760,KB4,ARQ,Size_Short,20,0.01,1,3,4,0.0405,0.31746,3950.62
761,KB4,ARQ,Size_Short,20,0.01,1,3,2,0.0346,0.444444,4624.28
762,KB4,ARQ,Size_Short,20,0.01,1,3,0,0.0221,0.740741,7239.82
763,KB4,ARQ,Size_Short,20,0.01,1,3,1,0.0254,0.555556,6299.21
764,KB4,ARQ,Size_Short,20,0.01,1,3,6,0.0441,0.246914,3628.12
765,KB4,ARQ,Size_Short,20,0.01,1,3,2,0.0335,0.444444,4776.12
766,KB4,ARQ,Size_Short,20,0.01,1,3,2,0.0342,0.444444,4678.36
767,KB4,ARQ,Size_Short,20,0.01,1,3,4,0.0397,0.31746,4030.23
768,KB4,ARQ,Size_Short,20,0.01,1,3,10,0.064,0.17094,2500
769,KB4,ARQ,Size_Short,20,0.01,1,3,3,0.0363,0.37037,4407.71
770,KB4,ARQ,Size_Short,20,0.01,1,3,6,0.0426,0.246914,3755.87
771,KB4,ARQ,Size_Short,20,0.01,1,3,3,0.0292,0.37037,5479.45
772,KB4,ARQ,Size_Short,20,0.01,1,3,0,0.0224,0.740741,7142.86
773,KB4,ARQ,Size_Short,20,0.01,1,3,2,0.0328,0.444444,4878.05
774,KB4,ARQ,Size_Short,20,0.01,1,3,0,0.0226,0.740741,7079.65
775,KB4,ARQ,Size_Short,20,0.01,1,3,4,0.0399,0.31746,4010.03
776,KB4,ARQ,Size_Short,20,0.01,1,3,1,0.0266,0.555556,6015.04
777,KB4,ARQ,Size_Short,20,0.01,1,3,0,0.0226,0.740741,7079.65
778,KB4,ARQ,Size_Short,20,0.01,1,3,3,0.0362,0.37037,4419.89
779,KB4,ARQ,Size_Short,20,0.01,1,3,7,0.0456,0.222222,3508.77
780,KB4,ARQ,Size_Short,20,0.01,1,3,5,0.0431,0.277778,3712.3
781,KB4,ARQ,Size_Short,20,0.01,1,3,3,0.036,0.37037,4444.44
782,KB4,ARQ,Size_Short,20,0.01,1,3,4,0.0396,0.31746,4040.4
783,KB4,ARQ,Size_Short,20,0.01,1,3,3,0.0336,0.37037,4761.9
784,KB4,ARQ,Size_Short,20,0.01,1,3,4,0.0403,0.31746,3970.22
785,KB4,ARQ,Size_Short,20,0.01,1,3,4,0.0398,0.31746,4020.1
786,KB4,ARQ,Size_Short,20,0.01,1,3,3,0.068,0.37037,2352.94
787,KB4,ARQ,Size_Short,20,0.01,1,3,2,0.028,0.444444,5714.29
788,KB4,ARQ,Size_Short,20,0.01,1,3,0,0.0224,0.740741,7142.86
789,KB4,ARQ,Size_Short,20,0.01,1,3,4,0.0376,0.31746,4255.32
790,KB4,ARQ,Size_Short,20,0.01,1,3,3,0.0348,0.37037,4597.7
791,KB4,ARQ,Size_Short,20,0.01,1,3,5,0.0443,0.277778,3611.74
792,KB4,ARQ,Size_Short,20,0.01,1,3,0,0.0228,0.740741,7017.54
793,KB4,ARQ,Size_Short,20,0.01,1,3,2,0.028,0.444444,5714.29
794,KB4,ARQ,Size_Short,20,0.01,1,3,5,0.0414,0.277778,3864.73
795,KB4,ARQ,Size_Short,20,0.01,1,3,2,0.0327,0.444444,4892.97
796,KB4,ARQ,Size_Short,20,0.01,1,3,1,0.0268,0.555556,5970.15
797,KB4,ARQ,Size_Short,20,0.01,1,3,5,0.0432,0.277778,3703.7
798,KB4,ARQ,Size_Short,20,0.01,1,3,1,0.0248,0.555556,6451.61
799,KB4,ARQ,Size_Short,20,0.01,1,3,1,0.0246,0.555556,6504.07
800,KB4,ARQ,Size_Short,20,0.01,1,3,4,0.0402,0.31746,3980.1
801,KB4,ARQ,Size_Short,20,0.01,1,3,6,0.0457,0.246914,3501.09
802,KB4,ARQ,Size_Short,20,0.01,1,3,3,0.0365,0.37037,4383.56
803,KB4,ARQ,Size_Short,20,0.01,1,3,0,0.0224,0.740741,7142.86
804,KB4,ARQ,Size_Short,20,0.01,1,3,1,0.0254,0.555556,6299.21
805,KB4,ARQ,Size_Short,20,0.01,1,3,3,0.0361,0.37037,4432.13
806,KB4,ARQ,Size_Short,20,0.01,1,3,4,0.1121,0.31746,1427.3
807,KB4,ARQ,Size_Short,20,0.01,1,3,5,0.0431,0.277778,3712.3
808,KB4,ARQ,Size_Short,20,0.01,1,3,4,0.039,0.31746,4102.56
809,KB4,ARQ,Size_Short,20,0.01,1,3,4,0.0377,0.31746,4244.03
810,KB4,ARQ,Size_Short,20,0.01,1,3,0,0.0227,0.740741,7048.46
811,KB4,ARQ,Size_Short,20,0.01,1,3,1,0.0268,0.555556,5970.15
812,KB4,ARQ,Size_Short,20,0.01,1,3,1,0.0264,0.555556,6060.61
813,KB4,ARQ,Size_Short,20,0.01,1,3,0,0.0226,0.740741,7079.65
814,KB4,ARQ,Size_Short,20,0.01,1,3,5,0.0429,0.277778,3729.6
815,KB4,ARQ,Size_Short,20,0.01,1,3,5,0.0434,0.277778,3686.64
816,KB4,ARQ,Size_Short,20,0.01,1,3,7,0.0453,0.222222,3532.01
817,KB4,ARQ,Size_Short,20,0.01,1,3,5,0.0434,0.277778,3686.64
818,KB4,ARQ,Size_Short,20,0.01,1,3,1,0.0255,0.555556,6274.51
819,KB4,ARQ,Size_Short,20,0.01,1,3,3,0.035,0.37037,4571.43
820,KB4,ARQ,Size_Short,20,0.01,1,3,0,0.0222,0.740741,7207.21
821,KB4,ARQ,Size_Short,20,0.01,1,3,5,0.0403,0.277778,3970.22
822,KB4,ARQ,Size_Short,20,0.01,1,3,2,0.0326,0.444444,4907.98
823,KB4,ARQ,Size_Short,20,0.01,1,3,2,0.0332,0.444444,4819.28
824,KB4,ARQ,Size_Short,20,0.01,1,3,8,0.0729,0.20202,2194.79
825,KB4,ARQ,Size_Short,20,0.01,1,3,6,0.0449,0.246914,3563.47
826,KB4,ARQ,Size_Short,20,0.01,1,3,3,0.0371,0.37037,4312.67
827,KB4,ARQ,Size_Short,20,0.01,1,3,1,0.0257,0.555556,6225.68
828,KB4,ARQ,Size_Short,20,0.01,1,3,3,0.0363,0.37037,4407.71
829,KB4,ARQ,Size_Short,20,0.01,1,3,4,0.0399,0.31746,4010.03
830,KB4,ARQ,Size_Short,20,0.01,1,3,1,0.0259,0.555556,6177.61
831,KB4,ARQ,Size_Short,20,0.01,1,3,0,0.0238,0.740741,6722.69
832,KB4,ARQ,Size_Short,20,0.01,1,3,3,0.0368,0.37037,4347.83
833,KB4,ARQ,Size_Short,20,0.01,1,3,3,0.0354,0.37037,4519.77
834,KB4,ARQ,Size_Short,20,0.01,1,3,1,0.0271,0.555556,5904.06
835,KB4,ARQ,Size_Short,20,0.01,1,3,4,0.0388,0.31746,4123.71
836,KB4,ARQ,Size_Short,20,0.01,1,3,1,0.0246,0.555556,6504.07
837,KB4,ARQ,Size_Short,20,0.01,1,3,1,0.0262,0.555556,6106.87
838,KB4,ARQ,Size_Short,20,0.01,1,3,11,0.0646,0.15873,2476.78
839,KB4,ARQ,Size_Short,20,0.01,1,3,5,0.0447,0.277778,3579.42
840,KB4,ARQ,Size_Short,20,0.01,1,3,1,0.0256,0.555556,6250
841,KB4,ARQ,Size_Short,20,0.01,1,3,1,0.0248,0.555556,6451.61
842,KB4,ARQ,Size_Short,20,0.01,1,3,3,0.0524,0.37037,3053.44
843,KB4,ARQ,Size_Short,20,0.01,1,3,2,0.0335,0.444444,4776.12
844,KB4,ARQ,Size_Short,20,0.01,1,3,1,0.0268,0.555556,5970.15
845,KB4,ARQ,Size_Short,20,0.01,1,3,2,0.0327,0.444444,4892.97
846,KB4,ARQ,Size_Short,20,0.01,1,3,0,0.0226,0.740741,7079.65
847,KB4,ARQ,Size_Short,20,0.01,1,3,0,0.0221,0.740741,7239.82
848,KB4,ARQ,Size_Short,20,0.01,1,3,1,0.0259,0.555556,6177.61
849,KB4,ARQ,Size_Short,20,0.01,1,3,1,0.027,0.555556,5925.93
850,KB4,ARQ,Size_Short,20,0.01,1,3,2,0.0274,0.444444,5839.42
851,KB4,ARQ,Size_Short,20,0.01,1,3,1,0.0257,0.555556,6225.68
852,KB4,ARQ,Size_Short,20,0.01,1,3,4,0.0346,0.31746,4624.28
853,KB4,ARQ,Size_Short,20,0.01,1,3,0,0.0224,0.740741,7142.86
854,KB4,ARQ,Size_Short,20,0.01,1,3,6,0.0473,0.246914,3382.66
855,KB4,ARQ,Size_Short,20,0.01,1,3,5,0.0438,0.277778,3652.97
856,KB4,ARQ,Size_Short,20,0.01,1,3,2,0.0333,0.444444,4804.8
857,KB4,ARQ,Size_Short,20,0.01,1,3,2,0.0262,0.444444,6106.87
858,KB4,ARQ,Size_Short,20,0.01,1,3,1,0.0258,0.555556,6201.55
859,KB4,ARQ,Size_Short,20,0.01,1,3,3,0.0377,0.37037,4244.03
860,KB4,ARQ,Size_Short,20,0.01,1,3,3,0.0339,0.37037,4719.76
861,KB4,ARQ,Size_Short,20,0.01,1,3,2,0.0333,0.444444,4804.8
862,KB4,ARQ,Size_Short,20,0.01,1,3,4,0.0408,0.31746,3921.57
863,KB4,ARQ,Size_Short,20,0.01,1,3,9,0.0745,0.185185,2147.65
864,KB4,ARQ,Size_Short,20,0.01,1,3,6,0.0421,0.246914,3800.48
865,KB4,ARQ,Size_Short,20,0.01,1,3,0,0.0224,0.740741,7142.86
866,KB4,ARQ,Size_Short,20,0.01,1,3,1,0.0258,0.555556,6201.55
867,KB4,ARQ,Size_Short,20,0.01,1,3,3,0.0365,0.37037,4383.56
868,KB4,ARQ,Size_Short,20,0.01,1,3,1,0.0246,0.555556,6504.07
869,KB4,ARQ,Size_Short,20,0.01,1,3,3,0.038,0.37037,4210.53
870,KB4,ARQ,Size_Short,20,0.01,1,3,2,0.0334,0.444444,4790.42
871,KB4,ARQ,Size_Short,20,0.01,1,3,3,0.0361,0.37037,4432.13
872,KB4,ARQ,Size_Short,20,0.01,1,3,6,0.0461,0.246914,3470.72
873,KB4,ARQ,Size_Short,20,0.01,1,3,0,0.0226,0.740741,7079.65
874,KB4,ARQ,Size_Short,20,0.01,1,3,0,0.0224,0.740741,7142.86
875,KB4,ARQ,Size_Short,20,0.01,1,3,1,0.0244,0.555556,6557.38
876,KB4,ARQ,Size_Short,20,0.01,1,3,3,0.0371,0.37037,4312.67
877,KB4,ARQ,Size_Short,20,0.01,1,3,0,0.0237,0.740741,6751.05
878,KB4,ARQ,Size_Short,20,0.01,1,3,0,0.0224,0.740741,7142.86
879,KB4,ARQ,Size_Short,20,0.01,1,3,9,0.0579,0.185185,2763.39
880,KB4,ARQ,Size_Short,20,0.01,1,3,5,0.0417,0.277778,3836.93
881,KB4,ARQ,Size_Short,20,0.01,1,3,3,0.0349,0.37037,4584.53
882,KB4,ARQ,Size_Short,20,0.01,1,3,2,0.0456,0.444444,3508.77
883,KB4,ARQ,Size_Short,20,0.01,1,3,3,0.0364,0.37037,4395.6
884,KB4,ARQ,Size_Short,20,0.01,1,3,3,0.0341,0.37037,4692.08
885,KB4,ARQ,Size_Short,20,0.01,1,3,2,0.0278,0.444444,5755.4
886,KB4,ARQ,Size_Short,20,0.01,1,3,1,0.0256,0.555556,6250
887,KB4,ARQ,Size_Short,20,0.01,1,3,0,0.0238,0.740741,6722.69
888,KB4,ARQ,Size_Short,20,0.01,1,3,1,0.026,0.555556,6153.85
889,KB4,ARQ,Size_Short,20,0.01,1,3,2,0.0278,0.444444,5755.4
890,KB4,ARQ,Size_Short,20,0.01,1,3,4,0.0399,0.31746,4010.03
891,KB4,ARQ,Size_Short,20,0.01,1,3,0,0.0224,0.740741,7142.86
892,KB4,ARQ,Size_Short,20,0.01,1,3,2,0.0285,0.444444,5614.04
893,KB4,ARQ,Size_Short,20,0.01,1,3,3,0.0339,0.37037,4719.76
894,KB4,ARQ,Size_Short,20,0.01,1,3,1,0.0258,0.555556,6201.55
895,KB4,ARQ,Size_Short,20,0.01,1,3,4,0.0376,0.31746,4255.32
896,KB4,ARQ,Size_Short,20,0.01,1,3,2,0.033,0.444444,4848.48
897,KB4,ARQ,Size_Short,20,0.01,1,3,3,0.0297,0.37037,5387.21
898,KB4,ARQ,Size_Short,20,0.01,1,3,2,0.0331,0.444444,4833.84
899,KB4,ARQ,Size_Short,20,0.01,1,3,1,0.0262,0.555556,6106.87
900,KB4,ARQ,Size_Short,20,0.01,1,3,5,0.0443,0.277778,3611.74
901,KB4,ARQ,Size_Short,20,0.01,1,3,3,0.0363,0.37037,4407.71
902,KB4,ARQ,Size_Short,20,0.01,1,3,5,0.1002,0.277778,1596.81
903,KB4,ARQ,Size_Short,20,0.01,1,3,4,0.0622,0.31746,2572.35
904,KB4,ARQ,Size_Short,20,0.01,1,3,0,0.0543,0.740741,2946.59
905,KB4,ARQ,Size_Short,20,0.01,1,3,1,0.0434,0.555556,3686.64
906,KB4,ARQ,Size_Short,20,0.01,1,3,3,0.0357,0.37037,4481.79
907,KB4,ARQ,Size_Short,20,0.01,1,3,2,0.0328,0.444444,4878.05
908,KB4,ARQ,Size_Short,20,0.01,1,3,2,0.0329,0.444444,4863.22
909,KB4,ARQ,Size_Short,20,0.01,1,3,0,0.0227,0.740741,7048.46
910,KB4,ARQ,Size_Short,20,0.01,1,3,2,0.0345,0.444444,4637.68
911,KB4,ARQ,Size_Short,20,0.01,1,3,2,0.0332,0.444444,4819.28
912,KB4,ARQ,Size_Short,20,0.01,1,3,6,0.0449,0.246914,3563.47
913,KB4,ARQ,Size_Short,20,0.01,1,3,7,0.0538,0.222222,2973.98
914,KB4,ARQ,Size_Short,20,0.01,1,3,7,0.0459,0.222222,3485.84
915,KB4,ARQ,Size_Short,20,0.01,1,3,2,0.0286,0.444444,5594.41
916,KB4,ARQ,Size_Short,20,0.01,1,3,5,0.0437,0.277778,3661.33
917,KB4,ARQ,Size_Short,20,0.01,1,3,1,0.0271,0.555556,5904.06
918,KB4,ARQ,Size_Short,20,0.01,1,3,1,0.0258,0.555556,6201.55
919,KB4,ARQ,Size_Short,20,0.01,1,3,2,0.048,0.444444,3333.33
920,KB4,ARQ,Size_Short,20,0.01,1,3,0,0.0236,0.740741,6779.66
921,KB4,ARQ,Size_Short,20,0.01,1,3,0,0.0223,0.740741,7174.89
922,KB4,ARQ,Size_Short,20,0.01,1,3,2,0.0335,0.444444,4776.12
923,KB4,ARQ,Size_Short,20,0.01,1,3,3,0.0366,0.37037,4371.58
924,KB4,ARQ,Size_Short,20,0.01,1,3,1,0.0263,0.555556,6083.65
925,KB4,ARQ,Size_Short,20,0.01,1,3,1,0.0258,0.555556,6201.55
926,KB4,ARQ,Size_Short,20,0.01,1,3,0,0.0225,0.740741,7111.11
927,KB4,ARQ,Size_Short,20,0.01,1,3,1,0.0259,0.555556,6177.61
928,KB4,ARQ,Size_Short,20,0.01,1,3,0,0.0225,0.740741,7111.11
929,KB4,ARQ,Size_Short,20,0.01,1,3,2,0.0284,0.444444,5633.8
930,KB4,ARQ,Size_Short,20,0.01,1,3,0,0.0224,0.740741,7142.86
931,KB4,ARQ,Size_Short,20,0.01,1,3,3,0.0338,0.37037,4733.73
932,KB4,ARQ,Size_Short,20,0.01,1,3,1,0.0262,0.555556,6106.87
933,KB4,ARQ,Size_Short,20,0.01,1,3,1,0.0258,0.555556,6201.55
934,KB4,ARQ,Size_Short,20,0.01,1,3,4,0.0385,0.31746,4155.84
935,KB4,ARQ,Size_Short,20,0.01,1,3,4,0.0403,0.31746,3970.22
936,KB4,ARQ,Size_Short,20,0.01,1,3,9,0.0574,0.185185,2787.46
937,KB4,ARQ,Size_Short,20,0.01,1,3,2,0.0334,0.444444,4790.42
938,KB4,ARQ,Size_Short,20,0.01,1,3,1,0.0268,0.555556,5970.15
939,KB4,ARQ,Size_Short,20,0.01,1,3,5,0.0583,0.277778,2744.43
940,KB4,ARQ,Size_Short,20,0.01,1,3,4,0.0398,0.31746,4020.1
941,KB4,ARQ,Size_Short,20,0.01,1,3,2,0.0333,0.444444,4804.8
942,KB4,ARQ,Size_Short,20,0.01,1,3,2,0.0332,0.444444,4819.28
943,KB4,ARQ,Size_Short,20,0.01,1,3,0,0.0235,0.740741,6808.51
944,KB4,ARQ,Size_Short,20,0.01,1,3,4,0.0389,0.31746,4113.11
945,KB4,ARQ,Size_Short,20,0.01,1,3,4,0.0374,0.31746,4278.07
946,KB4,ARQ,Size_Short,20,0.01,1,3,1,0.026,0.555556,6153.85
947,KB4,ARQ,Size_Short,20,0.01,1,3,2,0.0276,0.444444,5797.1
948,KB4,ARQ,Size_Short,20,0.01,1,3,4,0.0413,0.31746,3874.09
949,KB4,ARQ,Size_Short,20,0.01,1,3,3,0.0343,0.37037,4664.72
950,KB4,ARQ,Size_Short,20,0.01,1,3,2,0.0329,0.444444,4863.22
951,KB4,ARQ,Size_Short,20,0.01,1,3,3,0.0351,0.37037,4558.4
952,KB4,ARQ,Size_Short,20,0.01,1,3,1,0.0263,0.555556,6083.65
953,KB4,ARQ,Size_Short,20,0.01,1,3,0,0.0241,0.740741,6639
954,KB4,ARQ,Size_Short,20,0.01,1,3,3,0.0339,0.37037,4719.76
955,KB4,ARQ,Size_Short,20,0.01,1,3,3,0.0363,0.37037,4407.71
956,KB4,ARQ,Size_Short,20,0.01,1,3,4,0.0375,0.31746,4266.67
957,KB4,ARQ,Size_Short,20,0.01,1,3,2,0.028,0.444444,5714.29
958,KB4,ARQ,Size_Short,20,0.01,1,3,4,0.0376,0.31746,4255.32
959,KB4,ARQ,Size_Short,20,0.01,1,3,1,0.0726,0.555556,2203.86
960,KB4,ARQ,Size_Short,20,0.01,1,3,1,0.0257,0.555556,6225.68
961,KB4,ARQ,Size_Short,20,0.01,1,3,0,0.0225,0.740741,7111.11
962,KB4,ARQ,Size_Short,20,0.01,1,3,1,0.0259,0.555556,6177.61
963,KB4,ARQ,Size_Short,20,0.01,1,3,3,0.0377,0.37037,4244.03
964,KB4,ARQ,Size_Short,20,0.01,1,3,3,0.0368,0.37037,4347.83
965,KB4,ARQ,Size_Short,20,0.01,1,3,4,0.04,0.31746,4000
966,KB4,ARQ,Size_Short,20,0.01,1,3,0,0.0236,0.740741,6779.66
967,KB4,ARQ,Size_Short,20,0.01,1,3,1,0.0246,0.555556,6504.07
968,KB4,ARQ,Size_Short,20,0.01,1,3,3,0.0365,0.37037,4383.56
969,KB4,ARQ,Size_Short,20,0.01,1,3,0,0.0222,0.740741,7207.21
970,KB4,ARQ,Size_Short,20,0.01,1,3,3,0.035,0.37037,4571.43
971,KB4,ARQ,Size_Short,20,0.01,1,3,6,0.0469,0.246914,3411.51
972,KB4,ARQ,Size_Short,20,0.01,1,3,3,0.0347,0.37037,4610.95
973,KB4,ARQ,Size_Short,20,0.01,1,3,8,0.0582,0.20202,2749.14
974,KB4,ARQ,Size_Short,20,0.01,1,3,4,0.0398,0.31746,4020.1
975,KB4,ARQ,Size_Short,20,0.01,1,3,2,0.0328,0.444444,4878.05
976,KB4,ARQ,Size_Short,20,0.01,1,3,1,0.026,0.555556,6153.85
977,KB4,ARQ,Size_Short,20,0.01,1,3,12,0.0901,0.148148,1775.8
978,KB4,ARQ,Size_Short,20,0.01,1,3,3,0.0379,0.37037,4221.64
979,KB4,ARQ,Size_Short,20,0.01,1,3,0,0.0225,0.740741,7111.11
980,KB4,ARQ,Size_Short,20,0.01,1,3,2,0.0335,0.444444,4776.12
981,KB4,ARQ,Size_Short,20,0.01,1,3,4,0.0398,0.31746,4020.1
982,KB4,ARQ,Size_Short,20,0.01,1,3,1,0.0257,0.555556,6225.68
983,KB4,ARQ,Size_Short,20,0.01,1,3,4,0.0386,0.31746,4145.08
984,KB4,ARQ,Size_Short,20,0.01,1,3,0,0.0225,0.740741,7111.11
985,KB4,ARQ,Size_Short,20,0.01,1,3,2,0.0264,0.444444,6060.61
986,KB4,ARQ,Size_Short,20,0.01,1,3,4,0.0412,0.31746,3883.5
987,KB4,ARQ,Size_Short,20,0.01,1,3,1,0.026,0.555556,6153.85
988,KB4,ARQ,Size_Short,20,0.01,1,3,1,0.0243,0.555556,6584.36
989,KB4,ARQ,Size_Short,20,0.01,1,3,1,0.0243,0.555556,6584.36
990,KB4,ARQ,Size_Short,20,0.01,1,3,4,0.0361,0.31746,4432.13
991,KB4,ARQ,Size_Short,20,0.01,1,3,3,0.0379,0.37037,4221.64
992,KB4,ARQ,Size_Short,20,0.01,1,3,5,0.0417,0.277778,3836.93
993,KB4,ARQ,Size_Short,20,0.01,1,3,2,0.0329,0.444444,4863.22
994,KB4,ARQ,Size_Short,20,0.01,1,3,3,0.0365,0.37037,4383.56
995,KB4,ARQ,Size_Short,20,0.01,1,3,1,0.0243,0.555556,6584.36
996,KB4,ARQ,Size_Short,20,0.01,1,3,3,0.0349,0.37037,4584.53
997,KB4,ARQ,Size_Short,20,0.01,1,3,3,0.053,0.37037,3018.87
998,KB4,ARQ,Size_Short,20,0.01,1,3,3,0.0337,0.37037,4747.77
999,KB4,ARQ,Size_Short,20,0.01,1,3,3,0.0347,0.37037,4610.95
1000,KB4,ARQ,Size_Short,20,0.01,1,3,0,0.0228,0.740741,7017.54
1001,KB4,HARQ,Size_Short,20,0.01,1,3,0,0.1993,0.740741,802.81
1002,KB4,HARQ,Size_Short,20,0.01,1,3,0,0.1866,0.740741,857.449
1003,KB4,HARQ,Size_Short,20,0.01,1,3,0,0.1852,0.740741,863.931
1004,KB4,HARQ,Size_Short,20,0.01,1,3,0,0.2234,0.740741,716.204
1005,KB4,HARQ,Size_Short,20,0.01,1,3,0,0.2524,0.740741,633.914
1006,KB4,HARQ,Size_Short,20,0.01,1,3,0,0.3315,0.740741,482.655
1007,KB4,HARQ,Size_Short,20,0.01,1,3,0,0.3132,0.740741,510.856
1008,KB4,HARQ,Size_Short,20,0.01,1,3,0,0.1859,0.740741,860.678
1009,KB4,HARQ,Size_Short,20,0.01,1,3,0,0.1852,0.740741,863.931
1010,KB4,HARQ,Size_Short,20,0.01,1,3,0,0.1859,0.740741,860.678
1011,KB4,HARQ,Size_Short,20,0.01,1,3,0,0.1843,0.740741,868.15
1012,KB4,HARQ,Size_Short,20,0.01,1,3,0,0.216,0.740741,740.741
1013,KB4,HARQ,Size_Short,20,0.01,1,3,0,0.1873,0.740741,854.245
1014,KB4,HARQ,Size_Short,20,0.01,1,3,0,0.1856,0.740741,862.069
1015,KB4,HARQ,Size_Short,20,0.01,1,3,0,0.1848,0.740741,865.801
1016,KB4,HARQ,Size_Short,20,0.01,1,3,0,0.1863,0.740741,858.83
1017,KB4,HARQ,Size_Short,20,0.01,1,3,0,0.2147,0.740741,745.226
1018,KB4,HARQ,Size_Short,20,0.01,1,3,0,0.1841,0.740741,869.093
1019,KB4,HARQ,Size_Short,20,0.01,1,3,0,0.1886,0.740741,848.356
1020,KB4,HARQ,Size_Short,20,0.01,1,3,0,0.1846,0.740741,866.739
1021,KB4,HARQ,Size_Short,20,0.01,1,3,0,0.1826,0.740741,876.232
1022,KB4,HARQ,Size_Short,20,0.01,1,3,0,0.2195,0.740741,728.929
1023,KB4,HARQ,Size_Short,20,0.01,1,3,0,0.1907,0.740741,839.014
1024,KB4,HARQ,Size_Short,20,0.01,1,3,0,0.1891,0.740741,846.113
1025,KB4,HARQ,Size_Short,20,0.01,1,3,0,0.1868,0.740741,856.531
1026,KB4,HARQ,Size_Short,20,0.01,1,3,0,0.2203,0.740741,726.282
1027,KB4,HARQ,Size_Short,20,0.01,1,3,0,0.189,0.740741,846.561
1028,KB4,HARQ,Size_Short,20,0.01,1,3,0,0.187,0.740741,855.615
1029,KB4,HARQ,Size_Short,20,0.01,1,3,0,0.1902,0.740741,841.22
1030,KB4,HARQ,Size_Short,20,0.01,1,3,0,0.1904,0.740741,840.336
1031,KB4,HARQ,Size_Short,20,0.01,1,3,0,0.2241,0.740741,713.967
1032,KB4,HARQ,Size_Short,20,0.01,1,3,0,0.1868,0.740741,856.531
1033,KB4,HARQ,Size_Short,20,0.01,1,3,0,0.1884,0.740741,849.257
1034,KB4,HARQ,Size_Short,20,0.01,1,3,0,0.1892,0.740741,845.666
1035,KB4,HARQ,Size_Short,20,0.01,1,3,0,0.1925,0.740741,831.169
1036,KB4,HARQ,Size_Short,20,0.01,1,3,0,0.2177,0.740741,734.956
1037,KB4,HARQ,Size_Short,20,0.01,1,3,0,0.1904,0.740741,840.336
1038,KB4,HARQ,Size_Short,20,0.01,1,3,0,0.1895,0.740741,844.327
1039,KB4,HARQ,Size_Short,20,0.01,1,3,0,0.1865,0.740741,857.909
1040,KB4,HARQ,Size_Short,20,0.01,1,3,0,0.2053,0.740741,779.347
1041,KB4,HARQ,Size_Short,20,0.01,1,3,0,0.1903,0.740741,840.778
1042,KB4,HARQ,Size_Short,20,0.01,1,3,0,0.19,0.740741,842.105
1043,KB4,HARQ,Size_Short,20,0.01,1,3,0,0.1904,0.740741,840.336
1044,KB4,HARQ,Size_Short,20,0.01,1,3,0,0.1879,0.740741,851.517
1045,KB4,HARQ,Size_Short,20,0.01,1,3,0,0.2235,0.740741,715.884
1046,KB4,HARQ,Size_Short,20,0.01,1,3,0,0.1903,0.740741,840.778
1047,KB4,HARQ,Size_Short,20,0.01,1,3,0,0.1922,0.740741,832.466
1048,KB4,HARQ,Size_Short,20,0.01,1,3,0,0.19,0.740741,842.105
1049,KB4,HARQ,Size_Short,20,0.01,1,3,0,0.1892,0.740741,845.666
1050,KB4,HARQ,Size_Short,20,0.01,1,3,0,0.2784,0.740741,574.713
1051,KB4,HARQ,Size_Short,20,0.01,1,3,0,0.1886,0.740741,848.356
1052,KB4,HARQ,Size_Short,20,0.01,1,3,0,0.1924,0.740741,831.601
1053,KB4,HARQ,Size_Short,20,0.01,1,3,0,0.1896,0.740741,843.882
1054,KB4,HARQ,Size_Short,20,0.01,1,3,0,0.2252,0.740741,710.48
1055,KB4,HARQ,Size_Short,20,0.01,1,3,0,0.19,0.740741,842.105
1056,KB4,HARQ,Size_Short,20,0.01,1,3,0,0.191,0.740741,837.696
1057,KB4,HARQ,Size_Short,20,0.01,1,3,0,0.1882,0.740741,850.159
1058,KB4,HARQ,Size_Short,20,0.01,1,3,0,0.1896,0.740741,843.882
1059,KB4,HARQ,Size_Short,20,0.01,1,3,0,0.2246,0.740741,712.378
1060,KB4,HARQ,Size_Short,20,0.01,1,3,0,0.1892,0.740741,845.666
1061,KB4,HARQ,Size_Short,20,0.01,1,3,0,0.193,0.740741,829.016
1062,KB4,HARQ,Size_Short,20,0.01,1,3,0,0.1883,0.740741,849.708
1063,KB4,HARQ,Size_Short,20,0.01,1,3,0,0.2089,0.740741,765.917
1064,KB4,HARQ,Size_Short,20,0.01,1,3,0,0.189,0.740741,846.561
1065,KB4,HARQ,Size_Short,20,0.01,1,3,0,0.1916,0.740741,835.073
1066,KB4,HARQ,Size_Short,20,0.01,1,3,0,0.19,0.740741,842.105
1067,KB4,HARQ,Size_Short,20,0.01,1,3,0,0.1942,0.740741,823.893
1068,KB4,HARQ,Size_Short,20,0.01,1,3,0,0.2185,0.740741,732.265
1069,KB4,HARQ,Size_Short,20,0.01,1,3,0,0.1916,0.740741,835.073
1070,KB4,HARQ,Size_Short,20,0.01,1,3,1,0.2553,0.555556,626.714
1071,KB4,HARQ,Size_Short,20,0.01,1,3,0,0.1917,0.740741,834.637
1072,KB4,HARQ,Size_Short,20,0.01,1,3,0,0.1895,0.740741,844.327
1073,KB4,HARQ,Size_Short,20,0.01,1,3,0,0.193,0.740741,829.016
1074,KB4,HARQ,Size_Short,20,0.01,1,3,0,0.1883,0.740741,849.708
1075,KB4,HARQ,Size_Short,20,0.01,1,3,0,0.1926,0.740741,830.737
1076,KB4,HARQ,Size_Short,20,0.01,1,3,0,0.1891,0.740741,846.113
1077,KB4,HARQ,Size_Short,20,0.01,1,3,0,0.2198,0.740741,727.934
1078,KB4,HARQ,Size_Short,20,0.01,1,3,0,0.1942,0.740741,823.893
1079,KB4,HARQ,Size_Short,20,0.01,1,3,0,0.1884,0.740741,849.257
1080,KB4,HARQ,Size_Short,20,0.01,1,3,0,0.1913,0.740741,836.383
1081,KB4,HARQ,Size_Short,20,0.01,1,3,0,0.1894,0.740741,844.773
1082,KB4,HARQ,Size_Short,20,0.01,1,3,0,0.2252,0.740741,710.48
1083,KB4,HARQ,Size_Short,20,0.01,1,3,0,0.1893,0.740741,845.219
1084,KB4,HARQ,Size_Short,20,0.01,1,3,0,0.2531,0.740741,632.161
1085,KB4,HARQ,Size_Short,20,0.01,1,3,0,0.1903,0.740741,840.778
1086,KB4,HARQ,Size_Short,20,0.01,1,3,0,0.2187,0.740741,731.596
1087,KB4,HARQ,Size_Short,20,0.01,1,3,0,0.1944,0.740741,823.045
1088,KB4,HARQ,Size_Short,20,0.01,1,3,0,0.1895,0.740741,844.327
1089,KB4,HARQ,Size_Short,20,0.01,1,3,0,0.1924,0.740741,831.601
1090,KB4,HARQ,Size_Short,20,0.01,1,3,0,0.1897,0.740741,843.437
1091,KB4,HARQ,Size_Short,20,0.01,1,3,0,0.2615,0.740741,611.855
1092,KB4,HARQ,Size_Short,20,0.01,1,3,0,0.1886,0.740741,848.356
1093,KB4,HARQ,Size_Short,20,0.01,1,3,0,0.1923,0.740741,832.033
1094,KB4,HARQ,Size_Short,20,0.01,1,3,1,0.2557,0.555556,625.733
1095,KB4,HARQ,Size_Short,20,0.01,1,3,0,0.2221,0.740741,720.396
1096,KB4,HARQ,Size_Short,20,0.01,1,3,0,0.1898,0.740741,842.993
1097,KB4,HARQ,Size_Short,20,0.01,1,3,0,0.1937,0.740741,826.02
1098,KB4,HARQ,Size_Short,20,0.01,1,3,0,0.1887,0.740741,847.907
1099,KB4,HARQ,Size_Short,20,0.01,1,3,0,0.2232,0.740741,716.846
1100,KB4,HARQ,Size_Short,20,0.01,1,3,0,0.1893,0.740741,845.219
1101,KB4,HARQ,Size_Short,20,0.01,1,3,0,0.1948,0.740741,821.355
1102,KB4,HARQ,Size_Short,20,0.01,1,3,0,0.1892,0.740741,845.666
1103,KB4,HARQ,Size_Short,20,0.01,1,3,0,0.191,0.740741,837.696
1104,KB4,HARQ,Size_Short,20,0.01,1,3,0,0.2188,0.740741,731.261
1105,KB4,HARQ,Size_Short,20,0.01,1,3,0,0.19,0.740741,842.105
1106,KB4,HARQ,Size_Short,20,0.01,1,3,0,0.1951,0.740741,820.092
1107,KB4,HARQ,Size_Short,20,0.01,1,3,0,0.1904,0.740741,840.336
1108,KB4,HARQ,Size_Short,20,0.01,1,3,0,0.192,0.740741,833.333
1109,KB4,HARQ,Size_Short,20,0.01,1,3,0,0.2185,0.740741,732.265
1110,KB4,HARQ,Size_Short,20,0.01,1,3,0,0.194,0.740741,824.742
1111,KB4,HARQ,Size_Short,20,0.01,1,3,0,0.1893,0.740741,845.219
1112,KB4,HARQ,Size_Short,20,0.01,1,3,0,0.1923,0.740741,832.033
1113,KB4,HARQ,Size_Short,20,0.01,1,3,0,0.22,0.740741,727.273
1114,KB4,HARQ,Size_Short,20,0.01,1,3,0,0.1889,0.740741,847.009
1115,KB4,HARQ,Size_Short,20,0.01,1,3,0,0.1942,0.740741,823.893
1116,KB4,HARQ,Size_Short,20,0.01,1,3,0,0.1898,0.740741,842.993
1117,KB4,HARQ,Size_Short,20,0.01,1,3,1,0.2525,0.555556,633.663
1118,KB4,HARQ,Size_Short,20,0.01,1,3,0,0.22,0.740741,727.273
1119,KB4,HARQ,Size_Short,20,0.01,1,3,0,0.1946,0.740741,822.199
1120,KB4,HARQ,Size_Short,20,0.01,1,3,0,0.1888,0.740741,847.458
1121,KB4,HARQ,Size_Short,20,0.01,1,3,0,0.1912,0.740741,836.82
1122,KB4,HARQ,Size_Short,20,0.01,1,3,0,0.2218,0.740741,721.371
1123,KB4,HARQ,Size_Short,20,0.01,1,3,1,0.3487,0.555556,458.847
1124,KB4,HARQ,Size_Short,20,0.01,1,3,0,0.1898,0.740741,842.993
1125,KB4,HARQ,Size_Short,20,0.01,1,3,0,0.1917,0.740741,834.637
1126,KB4,HARQ,Size_Short,20,0.01,1,3,0,0.2186,0.740741,731.93
1127,KB4,HARQ,Size_Short,20,0.01,1,3,0,0.1945,0.740741,822.622
1128,KB4,HARQ,Size_Short,20,0.01,1,3,0,0.1889,0.740741,847.009
1129,KB4,HARQ,Size_Short,20,0.01,1,3,0,0.1926,0.740741,830.737
1130,KB4,HARQ,Size_Short,20,0.01,1,3,0,0.1897,0.740741,843.437
1131,KB4,HARQ,Size_Short,20,0.01,1,3,0,0.2236,0.740741,715.564
1132,KB4,HARQ,Size_Short,20,0.01,1,3,0,0.1883,0.740741,849.708
1133,KB4,HARQ,Size_Short,20,0.01,1,3,0,0.1893,0.740741,845.219
1134,KB4,HARQ,Size_Short,20,0.01,1,3,0,0.1926,0.740741,830.737
1135,KB4,HARQ,Size_Short,20,0.01,1,3,0,0.1891,0.740741,846.113
1136,KB4,HARQ,Size_Short,20,0.01,1,3,0,0.2081,0.740741,768.861
1137,KB4,HARQ,Size_Short,20,0.01,1,3,0,0.1888,0.740741,847.458
1138,KB4,HARQ,Size_Short,20,0.01,1,3,0,0.1913,0.740741,836.383
1139,KB4,HARQ,Size_Short,20,0.01,1,3,0,0.1892,0.740741,845.666
1140,KB4,HARQ,Size_Short,20,0.01,1,3,0,0.2251,0.740741,710.795
1141,KB4,HARQ,Size_Short,20,0.01,1,3,0,0.19,0.740741,842.105
1142,KB4,HARQ,Size_Short,20,0.01,1,3,0,0.192,0.740741,833.333
1143,KB4,HARQ,Size_Short,20,0.01,1,3,0,0.1882,0.740741,850.159
1144,KB4,HARQ,Size_Short,20,0.01,1,3,0,0.188,0.740741,851.064
1145,KB4,HARQ,Size_Short,20,0.01,1,3,0,0.2251,0.740741,710.795
1146,KB4,HARQ,Size_Short,20,0.01,1,3,0,0.1896,0.740741,843.882
1147,KB4,HARQ,Size_Short,20,0.01,1,3,0,0.192,0.740741,833.333
1148,KB4,HARQ,Size_Short,20,0.01,1,3,0,0.1893,0.740741,845.219
1149,KB4,HARQ,Size_Short,20,0.01,1,3,0,0.193,0.740741,829.016
1150,KB4,HARQ,Size_Short,20,0.01,1,3,0,0.1889,0.740741,847.009
1151,KB4,HARQ,Size_Short,20,0.01,1,3,0,0.1915,0.740741,835.509
1152,KB4,HARQ,Size_Short,20,0.01,1,3,0,0.1894,0.740741,844.773
1153,KB4,HARQ,Size_Short,20,0.01,1,3,0,0.189,0.740741,846.561
1154,KB4,HARQ,Size_Short,20,0.01,1,3,0,0.225,0.740741,711.111
1155,KB4,HARQ,Size_Short,20,0.01,1,3,0,0.1881,0.740741,850.611
1156,KB4,HARQ,Size_Short,20,0.01,1,3,0,0.1913,0.740741,836.383
1157,KB4,HARQ,Size_Short,20,0.01,1,3,0,0.189,0.740741,846.561
1158,KB4,HARQ,Size_Short,20,0.01,1,3,0,0.1943,0.740741,823.469
1159,KB4,HARQ,Size_Short,20,0.01,1,3,0,0.2204,0.740741,725.953
1160,KB4,HARQ,Size_Short,20,0.01,1,3,0,0.2525,0.740741,633.663
1161,KB4,HARQ,Size_Short,20,0.01,1,3,0,0.1881,0.740741,850.611
1162,KB4,HARQ,Size_Short,20,0.01,1,3,0,0.1932,0.740741,828.157
1163,KB4,HARQ,Size_Short,20,0.01,1,3,0,0.2193,0.740741,729.594
1164,KB4,HARQ,Size_Short,20,0.01,1,3,0,0.1925,0.740741,831.169
1165,KB4,HARQ,Size_Short,20,0.01,1,3,0,0.1894,0.740741,844.773
1166,KB4,HARQ,Size_Short,20,0.01,1,3,0,0.1945,0.740741,822.622
1167,KB4,HARQ,Size_Short,20,0.01,1,3,0,0.2013,0.740741,794.834
1168,KB4,HARQ,Size_Short,20,0.01,1,3,0,0.2056,0.740741,778.21
1169,KB4,HARQ,Size_Short,20,0.01,1,3,0,0.2021,0.740741,791.687
1170,KB4,HARQ,Size_Short,20,0.01,1,3,0,0.202,0.740741,792.079
1171,KB4,HARQ,Size_Short,20,0.01,1,3,0,0.2076,0.740741,770.713
1172,KB4,HARQ,Size_Short,20,0.01,1,3,0,0.2022,0.740741,791.296
1173,KB4,HARQ,Size_Short,20,0.01,1,3,0,0.2012,0.740741,795.229
1174,KB4,HARQ,Size_Short,20,0.01,1,3,0,0.2049,0.740741,780.869
1175,KB4,HARQ,Size_Short,20,0.01,1,3,0,0.202,0.740741,792.079
1176,KB4,HARQ,Size_Short,20,0.01,1,3,0,0.2073,0.740741,771.828
1177,KB4,HARQ,Size_Short,20,0.01,1,3,0,0.2044,0.740741,782.779
1178,KB4,HARQ,Size_Short,20,0.01,1,3,0,0.2042,0.740741,783.546
1179,KB4,HARQ,Size_Short,20,0.01,1,3,0,0.2002,0.740741,799.201
1180,KB4,HARQ,Size_Short,20,0.01,1,3,1,0.2732,0.555556,585.652
1181,KB4,HARQ,Size_Short,20,0.01,1,3,0,0.2044,0.740741,782.779
1182,KB4,HARQ,Size_Short,20,0.01,1,3,0,0.2051,0.740741,780.107
1183,KB4,HARQ,Size_Short,20,0.01,1,3,0,0.2031,0.740741,787.789
1184,KB4,HARQ,Size_Short,20,0.01,1,3,0,0.206,0.740741,776.699
1185,KB4,HARQ,Size_Short,20,0.01,1,3,0,0.2059,0.740741,777.076
1186,KB4,HARQ,Size_Short,20,0.01,1,3,0,0.2063,0.740741,775.57
1187,KB4,HARQ,Size_Short,20,0.01,1,3,0,0.2023,0.740741,790.905
1188,KB4,HARQ,Size_Short,20,0.01,1,3,0,0.2085,0.740741,767.386
1189,KB4,HARQ,Size_Short,20,0.01,1,3,0,0.2018,0.740741,792.864
1190,KB4,HARQ,Size_Short,20,0.01,1,3,0,0.205,0.740741,780.488
1191,KB4,HARQ,Size_Short,20,0.01,1,3,0,0.2008,0.740741,796.813
1192,KB4,HARQ,Size_Short,20,0.01,1,3,0,0.2015,0.740741,794.045
1193,KB4,HARQ,Size_Short,20,0.01,1,3,0,0.2076,0.740741,770.713
1194,KB4,HARQ,Size_Short,20,0.01,1,3,2,0.3762,0.444444,425.306
1195,KB4,HARQ,Size_Short,20,0.01,1,3,0,0.2044,0.740741,782.779
1196,KB4,HARQ,Size_Short,20,0.01,1,3,0,0.2015,0.740741,794.045
1197,KB4,HARQ,Size_Short,20,0.01,1,3,0,0.2081,0.740741,768.861
1198,KB4,HARQ,Size_Short,20,0.01,1,3,0,0.2115,0.740741,756.501
1199,KB4,HARQ,Size_Short,20,0.01,1,3,0,0.205,0.740741,780.488
1200,KB4,HARQ,Size_Short,20,0.01,1,3,0,0.2026,0.740741,789.733
1201,KB4,HARQ,Size_Short,20,0.01,1,3,0,0.2069,0.740741,773.32
1202,KB4,HARQ,Size_Short,20,0.01,1,3,0,0.2019,0.740741,792.472
1203,KB4,HARQ,Size_Short,20,0.01,1,3,0,0.2055,0.740741,778.589
1204,KB4,HARQ,Size_Short,20,0.01,1,3,0,0.2024,0.740741,790.514
1205,KB4,HARQ,Size_Short,20,0.01,1,3,1,0.2497,0.555556,640.769
1206,KB4,HARQ,Size_Short,20,0.01,1,3,0,0.2047,0.740741,781.632
1207,KB4,HARQ,Size_Short,20,0.01,1,3,0,0.2095,0.740741,763.723
1208,KB4,HARQ,Size_Short,20,0.01,1,3,0,0.2012,0.740741,795.229
1209,KB4,HARQ,Size_Short,20,0.01,1,3,0,0.2048,0.740741,781.25
1210,KB4,HARQ,Size_Short,20,0.01,1,3,0,0.2183,0.740741,732.936
1211,KB4,HARQ,Size_Short,20,0.01,1,3,0,0.217,0.740741,737.327
1212,KB4,HARQ,Size_Short,20,0.01,1,3,0,0.2029,0.740741,788.566
1213,KB4,HARQ,Size_Short,20,0.01,1,3,0,0.2137,0.740741,748.713
1214,KB4,HARQ,Size_Short,20,0.01,1,3,0,0.2115,0.740741,756.501
1215,KB4,HARQ,Size_Short,20,0.01,1,3,0,0.2209,0.740741,724.31
1216,KB4,HARQ,Size_Short,20,0.01,1,3,0,0.2031,0.740741,787.789
1217,KB4,HARQ,Size_Short,20,0.01,1,3,0,0.2054,0.740741,778.968
1218,KB4,HARQ,Size_Short,20,0.01,1,3,0,0.2014,0.740741,794.439
1219,KB4,HARQ,Size_Short,20,0.01,1,3,0,0.2128,0.740741,751.88
1220,KB4,HARQ,Size_Short,20,0.01,1,3,0,0.2071,0.740741,772.574
1221,KB4,HARQ,Size_Short,20,0.01,1,3,0,0.2003,0.740741,798.802
1222,KB4,HARQ,Size_Short,20,0.01,1,3,0,0.2041,0.740741,783.929
1223,KB4,HARQ,Size_Short,20,0.01,1,3,1,0.2732,0.555556,585.652
1224,KB4,HARQ,Size_Short,20,0.01,1,3,0,0.2039,0.740741,784.698
1225,KB4,HARQ,Size_Short,20,0.01,1,3,0,0.2011,0.740741,795.624
1226,KB4,HARQ,Size_Short,20,0.01,1,3,0,0.2074,0.740741,771.456
1227,KB4,HARQ,Size_Short,20,0.01,1,3,0,0.2021,0.740741,791.687
1228,KB4,HARQ,Size_Short,20,0.01,1,3,0,0.2038,0.740741,785.083
1229,KB4,HARQ,Size_Short,20,0.01,1,3,0,0.2015,0.740741,794.045
1230,KB4,HARQ,Size_Short,20,0.01,1,3,0,0.2073,0.740741,771.828
1231,KB4,HARQ,Size_Short,20,0.01,1,3,0,0.202,0.740741,792.079
1232,KB4,HARQ,Size_Short,20,0.01,1,3,0,0.2063,0.740741,775.57
1233,KB4,HARQ,Size_Short,20,0.01,1,3,0,0.1997,0.740741,801.202
1234,KB4,HARQ,Size_Short,20,0.01,1,3,1,0.2704,0.555556,591.716
1235,KB4,HARQ,Size_Short,20,0.01,1,3,0,0.2008,0.740741,796.813
1236,KB4,HARQ,Size_Short,20,0.01,1,3,0,0.2066,0.740741,774.443
1237,KB4,HARQ,Size_Short,20,0.01,1,3,0,0.2015,0.740741,794.045
1238,KB4,HARQ,Size_Short,20,0.01,1,3,0,0.2006,0.740741,797.607
1239,KB4,HARQ,Size_Short,20,0.01,1,3,0,0.2052,0.740741,779.727
1240,KB4,HARQ,Size_Short,20,0.01,1,3,0,0.2017,0.740741,793.257
1241,KB4,HARQ,Size_Short,20,0.01,1,3,0,0.2065,0.740741,774.818
1242,KB4,HARQ,Size_Short,20,0.01,1,3,0,0.2006,0.740741,797.607
1243,KB4,HARQ,Size_Short,20,0.01,1,3,0,0.2069,0.740741,773.32
1244,KB4,HARQ,Size_Short,20,0.01,1,3,0,0.1992,0.740741,803.213
1245,KB4,HARQ,Size_Short,20,0.01,1,3,0,0.2054,0.740741,778.968
1246,KB4,HARQ,Size_Short,20,0.01,1,3,0,0.2015,0.740741,794.045
1247,KB4,HARQ,Size_Short,20,0.01,1,3,0,0.2011,0.740741,795.624
1248,KB4,HARQ,Size_Short,20,0.01,1,3,0,0.2066,0.740741,774.443
1249,KB4,HARQ,Size_Short,20,0.01,1,3,0,0.2012,0.740741,795.229
1250,KB4,HARQ,Size_Short,20,0.01,1,3,0,0.2048,0.740741,781.25
1251,KB4,HARQ,Size_Short,20,0.01,1,3,0,0.2005,0.740741,798.005
1252,KB4,HARQ,Size_Short,20,0.01,1,3,0,0.2076,0.740741,770.713
1253,KB4,HARQ,Size_Short,20,0.01,1,3,0,0.202,0.740741,792.079
1254,KB4,HARQ,Size_Short,20,0.01,1,3,1,0.2484,0.555556,644.122
1255,KB4,HARQ,Size_Short,20,0.01,1,3,0,0.2041,0.740741,783.929
1256,KB4,HARQ,Size_Short,20,0.01,1,3,0,0.2037,0.740741,785.469
1257,KB4,HARQ,Size_Short,20,0.01,1,3,0,0.2012,0.740741,795.229
1258,KB4,HARQ,Size_Short,20,0.01,1,3,0,0.2096,0.740741,763.359
1259,KB4,HARQ,Size_Short,20,0.01,1,3,0,0.2462,0.740741,649.878
1260,KB4,HARQ,Size_Short,20,0.01,1,3,0,0.2183,0.740741,732.936
1261,KB4,HARQ,Size_Short,20,0.01,1,3,0,0.2231,0.740741,717.167
1262,KB4,HARQ,Size_Short,20,0.01,1,3,0,0.2208,0.740741,724.638
1263,KB4,HARQ,Size_Short,20,0.01,1,3,0,0.2078,0.740741,769.971
1264,KB4,HARQ,Size_Short,20,0.01,1,3,0,0.2012,0.740741,795.229
1265,KB4,HARQ,Size_Short,20,0.01,1,3,0,0.2039,0.740741,784.698
1266,KB4,HARQ,Size_Short,20,0.01,1,3,0,0.2002,0.740741,799.201
1267,KB4,HARQ,Size_Short,20,0.01,1,3,1,0.2731,0.555556,585.866
1268,KB4,HARQ,Size_Short,20,0.01,1,3,0,0.2016,0.740741,793.651
1269,KB4,HARQ,Size_Short,20,0.01,1,3,0,0.2047,0.740741,781.632
1270,KB4,HARQ,Size_Short,20,0.01,1,3,0,0.209,0.740741,765.55
1271,KB4,HARQ,Size_Short,20,0.01,1,3,0,0.237,0.740741,675.105
1272,KB4,HARQ,Size_Short,20,0.01,1,3,0,0.2028,0.740741,788.955
1273,KB4,HARQ,Size_Short,20,0.01,1,3,0,0.2071,0.740741,772.574
1274,KB4,HARQ,Size_Short,20,0.01,1,3,0,0.2108,0.740741,759.013
1275,KB4,HARQ,Size_Short,20,0.01,1,3,0,0.2031,0.740741,787.789
1276,KB4,HARQ,Size_Short,20,0.01,1,3,0,0.2059,0.740741,777.076
1277,KB4,HARQ,Size_Short,20,0.01,1,3,0,0.2,0.740741,800
1278,KB4,HARQ,Size_Short,20,0.01,1,3,0,0.2048,0.740741,781.25
1279,KB4,HARQ,Size_Short,20,0.01,1,3,0,0.2016,0.740741,793.651
1280,KB4,HARQ,Size_Short,20,0.01,1,3,0,0.2084,0.740741,767.754
1281,KB4,HARQ,Size_Short,20,0.01,1,3,0,0.2034,0.740741,786.627
1282,KB4,HARQ,Size_Short,20,0.01,1,3,0,0.2039,0.740741,784.698
1283,KB4,HARQ,Size_Short,20,0.01,1,3,0,0.2007,0.740741,797.21
1284,KB4,HARQ,Size_Short,20,0.01,1,3,0,0.2083,0.740741,768.123
1285,KB4,HARQ,Size_Short,20,0.01,1,3,0,0.2013,0.740741,794.834
1286,KB4,HARQ,Size_Short,20,0.01,1,3,0,0.2011,0.740741,795.624
1287,KB4,HARQ,Size_Short,20,0.01,1,3,0,0.2045,0.740741,782.396
1288,KB4,HARQ,Size_Short,20,0.01,1,3,0,0.2005,0.740741,798.005
1289,KB4,HARQ,Size_Short,20,0.01,1,3,0,0.2076,0.740741,770.713
1290,KB4,HARQ,Size_Short,20,0.01,1,3,0,0.2017,0.740741,793.257
1291,KB4,HARQ,Size_Short,20,0.01,1,3,0,0.204,0.740741,784.314
1292,KB4,HARQ,Size_Short,20,0.01,1,3,0,0.2017,0.740741,793.257
1293,KB4,HARQ,Size_Short,20,0.01,1,3,0,0.2094,0.740741,764.088
1294,KB4,HARQ,Size_Short,20,0.01,1,3,0,0.2012,0.740741,795.229
1295,KB4,HARQ,Size_Short,20,0.01,1,3,0,0.2031,0.740741,787.789
1296,KB4,HARQ,Size_Short,20,0.01,1,3,0,0.2014,0.740741,794.439
1297,KB4,HARQ,Size_Short,20,0.01,1,3,0,0.2066,0.740741,774.443
1298,KB4,HARQ,Size_Short,20,0.01,1,3,0,0.2034,0.740741,786.627
1299,KB4,HARQ,Size_Short,20,0.01,1,3,0,0.2044,0.740741,782.779
1300,KB4,HARQ,Size_Short,20,0.01,1,3,0,0.2002,0.740741,799.201
1301,KB4,HARQ,Size_Short,20,0.01,1,3,0,0.205,0.740741,780.488
1302,KB4,HARQ,Size_Short,20,0.01,1,3,1,0.2744,0.555556,583.09
1303,KB4,HARQ,Size_Short,20,0.01,1,3,0,0.2039,0.740741,784.698
1304,KB4,HARQ,Size_Short,20,0.01,1,3,0,0.2018,0.740741,792.864
1305,KB4,HARQ,Size_Short,20,0.01,1,3,0,0.201,0.740741,796.02
1306,KB4,HARQ,Size_Short,20,0.01,1,3,0,0.2034,0.740741,786.627
1307,KB4,HARQ,Size_Short,20,0.01,1,3,0,0.2008,0.740741,796.813
1308,KB4,HARQ,Size_Short,20,0.01,1,3,0,0.2077,0.740741,770.342
1309,KB4,HARQ,Size_Short,20,0.01,1,3,0,0.2029,0.740741,788.566
1310,KB4,HARQ,Size_Short,20,0.01,1,3,0,0.2045,0.740741,782.396
1311,KB4,HARQ,Size_Short,20,0.01,1,3,0,0.2013,0.740741,794.834
1312,KB4,HARQ,Size_Short,20,0.01,1,3,0,0.2059,0.740741,777.076
1313,KB4,HARQ,Size_Short,20,0.01,1,3,0,0.2011,0.740741,795.624
1314,KB4,HARQ,Size_Short,20,0.01,1,3,0,0.2014,0.740741,794.439
1315,KB4,HARQ,Size_Short,20,0.01,1,3,1,0.2713,0.555556,589.753
1316,KB4,HARQ,Size_Short,20,0.01,1,3,0,0.2018,0.740741,792.864
1317,KB4,HARQ,Size_Short,20,0.01,1,3,0,0.2061,0.740741,776.322
1318,KB4,HARQ,Size_Short,20,0.01,1,3,0,0.2006,0.740741,797.607
1319,KB4,HARQ,Size_Short,20,0.01,1,3,0,0.2045,0.740741,782.396
1320,KB4,HARQ,Size_Short,20,0.01,1,3,0,0.2033,0.740741,787.014
1321,KB4,HARQ,Size_Short,20,0.01,1,3,0,0.2073,0.740741,771.828
1322,KB4,HARQ,Size_Short,20,0.01,1,3,0,0.2015,0.740741,794.045
1323,KB4,HARQ,Size_Short,20,0.01,1,3,0,0.2033,0.740741,787.014
1324,KB4,HARQ,Size_Short,20,0.01,1,3,0,0.2016,0.740741,793.651
1325,KB4,HARQ,Size_Short,20,0.01,1,3,0,0.207,0.740741,772.947
1326,KB4,HARQ,Size_Short,20,0.01,1,3,0,0.202,0.740741,792.079
1327,KB4,HARQ,Size_Short,20,0.01,1,3,0,0.2049,0.740741,780.869
1328,KB4,HARQ,Size_Short,20,0.01,1,3,0,0.2017,0.740741,793.257
1329,KB4,HARQ,Size_Short,20,0.01,1,3,0,0.2218,0.740741,721.371
1330,KB4,HARQ,Size_Short,20,0.01,1,3,0,0.2008,0.740741,796.813
1331,KB4,HARQ,Size_Short,20,0.01,1,3,0,0.2014,0.740741,794.439
1332,KB4,HARQ,Size_Short,20,0.01,1,3,0,0.2045,0.740741,782.396
1333,KB4,HARQ,Size_Short,20,0.01,1,3,0,0.2034,0.740741,786.627
1334,KB4,HARQ,Size_Short,20,0.01,1,3,0,0.2076,0.740741,770.713
1335,KB4,HARQ,Size_Short,20,0.01,1,3,0,0.2136,0.740741,749.064
1336,KB4,HARQ,Size_Short,20,0.01,1,3,0,0.2034,0.740741,786.627
1337,KB4,HARQ,Size_Short,20,0.01,1,3,0,0.2036,0.740741,785.855
1338,KB4,HARQ,Size_Short,20,0.01,1,3,0,0.2028,0.740741,788.955
1339,KB4,HARQ,Size_Short,20,0.01,1,3,0,0.207,0.740741,772.947
1340,KB4,HARQ,Size_Short,20,0.01,1,3,0,0.2031,0.740741,787.789
1341,KB4,HARQ,Size_Short,20,0.01,1,3,0,0.1988,0.740741,804.829
1342,KB4,HARQ,Size_Short,20,0.01,1,3,0,0.205,0.740741,780.488
1343,KB4,HARQ,Size_Short,20,0.01,1,3,0,0.2018,0.740741,792.864
1344,KB4,HARQ,Size_Short,20,0.01,1,3,0,0.2005,0.740741,798.005
1345,KB4,HARQ,Size_Short,20,0.01,1,3,0,0.2087,0.740741,766.651
1346,KB4,HARQ,Size_Short,20,0.01,1,3,0,0.2018,0.740741,792.864
1347,KB4,HARQ,Size_Short,20,0.01,1,3,0,0.2008,0.740741,796.813
1348,KB4,HARQ,Size_Short,20,0.01,1,3,0,0.2049,0.740741,780.869
1349,KB4,HARQ,Size_Short,20,0.01,1,3,0,0.199,0.740741,804.02
1350,KB4,HARQ,Size_Short,20,0.01,1,3,0,0.2021,0.740741,791.687
1351,KB4,HARQ,Size_Short,20,0.01,1,3,0,0.2087,0.740741,766.651
1352,KB4,HARQ,Size_Short,20,0.01,1,3,0,0.203,0.740741,788.177
1353,KB4,HARQ,Size_Short,20,0.01,1,3,0,0.2017,0.740741,793.257
1354,KB4,HARQ,Size_Short,20,0.01,1,3,0,0.2033,0.740741,787.014
1355,KB4,HARQ,Size_Short,20,0.01,1,3,0,0.2032,0.740741,787.402
1356,KB4,HARQ,Size_Short,20,0.01,1,3,0,0.2011,0.740741,795.624
1357,KB4,HARQ,Size_Short,20,0.01,1,3,0,0.2094,0.740741,764.088
1358,KB4,HARQ,Size_Short,20,0.01,1,3,0,0.2008,0.740741,796.813
1359,KB4,HARQ,Size_Short,20,0.01,1,3,0,0.2006,0.740741,797.607
1360,KB4,HARQ,Size_Short,20,0.01,1,3,0,0.2085,0.740741,767.386
1361,KB4,HARQ,Size_Short,20,0.01,1,3,0,0.2004,0.740741,798.403
1362,KB4,HARQ,Size_Short,20,0.01,1,3,0,0.2,0.740741,800
1363,KB4,HARQ,Size_Short,20,0.01,1,3,0,0.2068,0.740741,773.694
1364,KB4,HARQ,Size_Short,20,0.01,1,3,0,0.2013,0.740741,794.834
1365,KB4,HARQ,Size_Short,20,0.01,1,3,0,0.2064,0.740741,775.194
1366,KB4,HARQ,Size_Short,20,0.01,1,3,0,0.2008,0.740741,796.813
1367,KB4,HARQ,Size_Short,20,0.01,1,3,1,0.2739,0.555556,584.155
1368,KB4,HARQ,Size_Short,20,0.01,1,3,0,0.2035,0.740741,786.241
1369,KB4,HARQ,Size_Short,20,0.01,1,3,0,0.2015,0.740741,794.045
1370,KB4,HARQ,Size_Short,20,0.01,1,3,0,0.2022,0.740741,791.296
1371,KB4,HARQ,Size_Short,20,0.01,1,3,0,0.2066,0.740741,774.443
1372,KB4,HARQ,Size_Short,20,0.01,1,3,0,0.2027,0.740741,789.344
1373,KB4,HARQ,Size_Short,20,0.01,1,3,0,0.2055,0.740741,778.589
1374,KB4,HARQ,Size_Short,20,0.01,1,3,0,0.2004,0.740741,798.403
1375,KB4,HARQ,Size_Short,20,0.01,1,3,0,0.2028,0.740741,788.955
1376,KB4,HARQ,Size_Short,20,0.01,1,3,0,0.2056,0.740741,778.21
1377,KB4,HARQ,Size_Short,20,0.01,1,3,0,0.2033,0.740741,787.014
1378,KB4,HARQ,Size_Short,20,0.01,1,3,0,0.2034,0.740741,786.627
1379,KB4,HARQ,Size_Short,20,0.01,1,3,0,0.2038,0.740741,785.083
1380,KB4,HARQ,Size_Short,20,0.01,1,3,0,0.2033,0.740741,787.014
1381,KB4,HARQ,Size_Short,20,0.01,1,3,0,0.201,0.740741,796.02
1382,KB4,HARQ,Size_Short,20,0.01,1,3,0,0.21,0.740741,761.905
1383,KB4,HARQ,Size_Short,20,0.01,1,3,0,0.2003,0.740741,798.802
1384,KB4,HARQ,Size_Short,20,0.01,1,3,0,0.2028,0.740741,788.955
1385,KB4,HARQ,Size_Short,20,0.01,1,3,0,0.2031,0.740741,787.789
1386,KB4,HARQ,Size_Short,20,0.01,1,3,0,0.2011,0.740741,795.624
1387,KB4,HARQ,Size_Short,20,0.01,1,3,0,0.2101,0.740741,761.542
1388,KB4,HARQ,Size_Short,20,0.01,1,3,0,0.2021,0.740741,791.687
1389,KB4,HARQ,Size_Short,20,0.01,1,3,0,0.2024,0.740741,790.514
1390,KB4,HARQ,Size_Short,20,0.01,1,3,0,0.2019,0.740741,792.472
1391,KB4,HARQ,Size_Short,20,0.01,1,3,0,0.2015,0.740741,794.045
1392,KB4,HARQ,Size_Short,20,0.01,1,3,0,0.2098,0.740741,762.631
1393,KB4,HARQ,Size_Short,20,0.01,1,3,0,0.2008,0.740741,796.813
1394,KB4,HARQ,Size_Short,20,0.01,1,3,0,0.2037,0.740741,785.469
1395,KB4,HARQ,Size_Short,20,0.01,1,3,0,0.2031,0.740741,787.789
1396,KB4,HARQ,Size_Short,20,0.01,1,3,0,0.202,0.740741,792.079
1397,KB4,HARQ,Size_Short,20,0.01,1,3,0,0.2077,0.740741,770.342
1398,KB4,HARQ,Size_Short,20,0.01,1,3,0,0.2007,0.740741,797.21
1399,KB4,HARQ,Size_Short,20,0.01,1,3,0,0.2031,0.740741,787.789
1400,KB4,HARQ,Size_Short,20,0.01,1,3,0,0.233,0.740741,686.695
1401,KB4,HARQ,Size_Short,20,0.01,1,3,0,0.2375,0.740741,673.684
1402,KB4,HARQ,Size_Short,20,0.01,1,3,0,0.2144,0.740741,746.269
1403,KB4,HARQ,Size_Short,20,0.01,1,3,0,0.2101,0.740741,761.542
1404,KB4,HARQ,Size_Short,20,0.01,1,3,0,0.201,0.740741,796.02
1405,KB4,HARQ,Size_Short,20,0.01,1,3,1,0.2701,0.555556,592.373
1406,KB4,HARQ,Size_Short,20,0.01,1,3,0,0.201,0.740741,796.02
1407,KB4,HARQ,Size_Short,20,0.01,1,3,0,0.2031,0.740741,787.789
1408,KB4,HARQ,Size_Short,20,0.01,1,3,0,0.2059,0.740741,777.076
1409,KB4,HARQ,Size_Short,20,0.01,1,3,0,0.2029,0.740741,788.566
1410,KB4,HARQ,Size_Short,20,0.01,1,3,0,0.2021,0.740741,791.687
1411,KB4,HARQ,Size_Short,20,0.01,1,3,0,0.203,0.740741,788.177
1412,KB4,HARQ,Size_Short,20,0.01,1,3,0,0.2034,0.740741,786.627
1413,KB4,HARQ,Size_Short,20,0.01,1,3,0,0.2024,0.740741,790.514
1414,KB4,HARQ,Size_Short,20,0.01,1,3,0,0.2063,0.740741,775.57
1415,KB4,HARQ,Size_Short,20,0.01,1,3,0,0.2032,0.740741,787.402
1416,KB4,HARQ,Size_Short,20,0.01,1,3,0,0.2024,0.740741,790.514
1417,KB4,HARQ,Size_Short,20,0.01,1,3,0,0.2024,0.740741,790.514
1418,KB4,HARQ,Size_Short,20,0.01,1,3,0,0.2018,0.740741,792.864
1419,KB4,HARQ,Size_Short,20,0.01,1,3,0,0.206,0.740741,776.699
1420,KB4,HARQ,Size_Short,20,0.01,1,3,0,0.2031,0.740741,787.789
1421,KB4,HARQ,Size_Short,20,0.01,1,3,0,0.2039,0.740741,784.698
1422,KB4,HARQ,Size_Short,20,0.01,1,3,0,0.2048,0.740741,781.25
1423,KB4,HARQ,Size_Short,20,0.01,1,3,0,0.1998,0.740741,800.801
1424,KB4,HARQ,Size_Short,20,0.01,1,3,0,0.2056,0.740741,778.21
1425,KB4,HARQ,Size_Short,20,0.01,1,3,0,0.2026,0.740741,789.733
1426,KB4,HARQ,Size_Short,20,0.01,1,3,0,0.2005,0.740741,798.005
1427,KB4,HARQ,Size_Short,20,0.01,1,3,0,0.2081,0.740741,768.861
1428,KB4,HARQ,Size_Short,20,0.01,1,3,0,0.2005,0.740741,798.005
1429,KB4,HARQ,Size_Short,20,0.01,1,3,0,0.2006,0.740741,797.607
1430,KB4,HARQ,Size_Short,20,0.01,1,3,0,0.2074,0.740741,771.456
1431,KB4,HARQ,Size_Short,20,0.01,1,3,0,0.2012,0.740741,795.229
1432,KB4,HARQ,Size_Short,20,0.01,1,3,0,0.2065,0.740741,774.818
1433,KB4,HARQ,Size_Short,20,0.01,1,3,0,0.1999,0.740741,800.4
1434,KB4,HARQ,Size_Short,20,0.01,1,3,0,0.2032,0.740741,787.402
1435,KB4,HARQ,Size_Short,20,0.01,1,3,0,0.2057,0.740741,777.832
1436,KB4,HARQ,Size_Short,20,0.01,1,3,0,0.2128,0.740741,751.88
1437,KB4,HARQ,Size_Short,20,0.01,1,3,0,0.2002,0.740741,799.201
1438,KB4,HARQ,Size_Short,20,0.01,1,3,0,0.2024,0.740741,790.514
1439,KB4,HARQ,Size_Short,20,0.01,1,3,0,0.203,0.740741,788.177
1440,KB4,HARQ,Size_Short,20,0.01,1,3,0,0.202,0.740741,792.079
1441,KB4,HARQ,Size_Short,20,0.01,1,3,0,0.2093,0.740741,764.453
1442,KB4,HARQ,Size_Short,20,0.01,1,3,0,0.2006,0.740741,797.607
1443,KB4,HARQ,Size_Short,20,0.01,1,3,0,0.2038,0.740741,785.083
1444,KB4,HARQ,Size_Short,20,0.01,1,3,0,0.2014,0.740741,794.439
1445,KB4,HARQ,Size_Short,20,0.01,1,3,0,0.2002,0.740741,799.201
1446,KB4,HARQ,Size_Short,20,0.01,1,3,0,0.2081,0.740741,768.861
1447,KB4,HARQ,Size_Short,20,0.01,1,3,0,0.2007,0.740741,797.21
1448,KB4,HARQ,Size_Short,20,0.01,1,3,0,0.204,0.740741,784.314
1449,KB4,HARQ,Size_Short,20,0.01,1,3,0,0.2053,0.740741,779.347
1450,KB4,HARQ,Size_Short,20,0.01,1,3,0,0.2069,0.740741,773.32
1451,KB4,HARQ,Size_Short,20,0.01,1,3,0,0.2025,0.740741,790.123
1452,KB4,HARQ,Size_Short,20,0.01,1,3,0,0.227,0.740741,704.846
1453,KB4,HARQ,Size_Short,20,0.01,1,3,0,0.2055,0.740741,778.589
1454,KB4,HARQ,Size_Short,20,0.01,1,3,0,0.2029,0.740741,788.566
1455,KB4,HARQ,Size_Short,20,0.01,1,3,0,0.2009,0.740741,796.416
1456,KB4,HARQ,Size_Short,20,0.01,1,3,0,0.2067,0.740741,774.069
1457,KB4,HARQ,Size_Short,20,0.01,1,3,0,0.203,0.740741,788.177
1458,KB4,HARQ,Size_Short,20,0.01,1,3,0,0.2018,0.740741,792.864
1459,KB4,HARQ,Size_Short,20,0.01,1,3,0,0.2019,0.740741,792.472
1460,KB4,HARQ,Size_Short,20,0.01,1,3,0,0.2033,0.740741,787.014
1461,KB4,HARQ,Size_Short,20,0.01,1,3,0,0.2003,0.740741,798.802
1462,KB4,HARQ,Size_Short,20,0.01,1,3,0,0.209,0.740741,765.55
1463,KB4,HARQ,Size_Short,20,0.01,1,3,0,0.2013,0.740741,794.834
1464,KB4,HARQ,Size_Short,20,0.01,1,3,0,0.2015,0.740741,794.045
1465,KB4,HARQ,Size_Short,20,0.01,1,3,0,0.2047,0.740741,781.632
1466,KB4,HARQ,Size_Short,20,0.01,1,3,0,0.1994,0.740741,802.407
1467,KB4,HARQ,Size_Short,20,0.01,1,3,0,0.218,0.740741,733.945
1468,KB4,HARQ,Size_Short,20,0.01,1,3,0,0.2075,0.740741,771.084
1469,KB4,HARQ,Size_Short,20,0.01,1,3,0,0.2037,0.740741,785.469
1470,KB4,HARQ,Size_Short,20,0.01,1,3,0,0.2034,0.740741,786.627
1471,KB4,HARQ,Size_Short,20,0.01,1,3,0,0.2024,0.740741,790.514
1472,KB4,HARQ,Size_Short,20,0.01,1,3,0,0.2021,0.740741,791.687
1473,KB4,HARQ,Size_Short,20,0.01,1,3,1,0.2689,0.555556,595.017
1474,KB4,HARQ,Size_Short,20,0.01,1,3,0,0.2041,0.740741,783.929
1475,KB4,HARQ,Size_Short,20,0.01,1,3,0,0.2039,0.740741,784.698
1476,KB4,HARQ,Size_Short,20,0.01,1,3,0,0.2041,0.740741,783.929
1477,KB4,HARQ,Size_Short,20,0.01,1,3,0,0.2026,0.740741,789.733
1478,KB4,HARQ,Size_Short,20,0.01,1,3,0,0.2048,0.740741,781.25
1479,KB4,HARQ,Size_Short,20,0.01,1,3,0,0.2026,0.740741,789.733
1480,KB4,HARQ,Size_Short,20,0.01,1,3,0,0.2062,0.740741,775.946
1481,KB4,HARQ,Size_Short,20,0.01,1,3,0,0.2035,0.740741,786.241
1482,KB4,HARQ,Size_Short,20,0.01,1,3,0,0.2009,0.740741,796.416
1483,KB4,HARQ,Size_Short,20,0.01,1,3,0,0.2063,0.740741,775.57
1484,KB4,HARQ,Size_Short,20,0.01,1,3,0,0.2034,0.740741,786.627
1485,KB4,HARQ,Size_Short,20,0.01,1,3,0,0.2017,0.740741,793.257
1486,KB4,HARQ,Size_Short,20,0.01,1,3,0,0.2033,0.740741,787.014
1487,KB4,HARQ,Size_Short,20,0.01,1,3,0,0.203,0.740741,788.177
1488,KB4,HARQ,Size_Short,20,0.01,1,3,0,0.2013,0.740741,794.834
1489,KB4,HARQ,Size_Short,20,0.01,1,3,0,0.2202,0.740741,726.612
1490,KB4,HARQ,Size_Short,20,0.01,1,3,0,0.2007,0.740741,797.21
1491,KB4,HARQ,Size_Short,20,0.01,1,3,0,0.2032,0.740741,787.402
1492,KB4,HARQ,Size_Short,20,0.01,1,3,0,0.2016,0.740741,793.651
1493,KB4,HARQ,Size_Short,20,0.01,1,3,0,0.1991,0.740741,803.616
1494,KB4,HARQ,Size_Short,20,0.01,1,3,0,0.2109,0.740741,758.653
1495,KB4,HARQ,Size_Short,20,0.01,1,3,0,0.201,0.740741,796.02
1496,KB4,HARQ,Size_Short,20,0.01,1,3,0,0.2035,0.740741,786.241
1497,KB4,HARQ,Size_Short,20,0.01,1,3,0,0.2036,0.740741,785.855
1498,KB4,HARQ,Size_Short,20,0.01,1,3,0,0.203,0.740741,788.177
1499,KB4,HARQ,Size_Short,20,0.01,1,3,0,0.2078,0.740741,769.971
1500,KB4,HARQ,Size_Short,20,0.01,1,3,1,0.2701,0.555556,592.373
1501,KB4,HARQ,Size_Short,20,0.01,1,3,0,0.2057,0.740741,777.832
1502,KB4,HARQ,Size_Short,20,0.01,1,3,0,0.2027,0.740741,789.344
1503,KB4,HARQ,Size_Short,20,0.01,1,3,0,0.2018,0.740741,792.864
1504,KB4,HARQ,Size_Short,20,0.01,1,3,0,0.2063,0.740741,775.57
1505,KB4,HARQ,Size_Short,20,0.01,1,3,0,0.2001,0.740741,799.6
1506,KB4,HARQ,Size_Short,20,0.01,1,3,0,0.2017,0.740741,793.257
1507,KB4,HARQ,Size_Short,20,0.01,1,3,0,0.2068,0.740741,773.694
1508,KB4,HARQ,Size_Short,20,0.01,1,3,0,0.2038,0.740741,785.083
1509,KB4,HARQ,Size_Short,20,0.01,1,3,0,0.2036,0.740741,785.855
1510,KB4,HARQ,Size_Short,20,0.01,1,3,0,0.2014,0.740741,794.439
1511,KB4,HARQ,Size_Short,20,0.01,1,3,0,0.2045,0.740741,782.396
1512,KB4,HARQ,Size_Short,20,0.01,1,3,0,0.2051,0.740741,780.107
1513,KB4,HARQ,Size_Short,20,0.01,1,3,0,0.2018,0.740741,792.864
1514,KB4,HARQ,Size_Short,20,0.01,1,3,0,0.2002,0.740741,799.201
1515,KB4,HARQ,Size_Short,20,0.01,1,3,0,0.2039,0.740741,784.698
1516,KB4,HARQ,Size_Short,20,0.01,1,3,0,0.2059,0.740741,777.076
1517,KB4,HARQ,Size_Short,20,0.01,1,3,0,0.2009,0.740741,796.416
1518,KB4,HARQ,Size_Short,20,0.01,1,3,0,0.2068,0.740741,773.694
1519,KB4,HARQ,Size_Short,20,0.01,1,3,0,0.2017,0.740741,793.257
1520,KB4,HARQ,Size_Short,20,0.01,1,3,0,0.2018,0.740741,792.864
1521,KB4,HARQ,Size_Short,20,0.01,1,3,0,0.2042,0.740741,783.546
1522,KB4,HARQ,Size_Short,20,0.01,1,3,0,0.204,0.740741,784.314
1523,KB4,HARQ,Size_Short,20,0.01,1,3,0,0.2009,0.740741,796.416
1524,KB4,HARQ,Size_Short,20,0.01,1,3,0,0.2091,0.740741,765.184
1525,KB4,HARQ,Size_Short,20,0.01,1,3,0,0.2022,0.740741,791.296
1526,KB4,HARQ,Size_Short,20,0.01,1,3,0,0.1999,0.740741,800.4
1527,KB4,HARQ,Size_Short,20,0.01,1,3,0,0.2069,0.740741,773.32
1528,KB4,HARQ,Size_Short,20,0.01,1,3,0,0.2007,0.740741,797.21
1529,KB4,HARQ,Size_Short,20,0.01,1,3,0,0.2046,0.740741,782.014
1530,KB4,HARQ,Size_Short,20,0.01,1,3,0,0.2054,0.740741,778.968
1531,KB4,HARQ,Size_Short,20,0.01,1,3,0,0.2013,0.740741,794.834
1532,KB4,HARQ,Size_Short,20,0.01,1,3,0,0.2042,0.740741,783.546
1533,KB4,HARQ,Size_Short,20,0.01,1,3,0,0.2029,0.740741,788.566
1534,KB4,HARQ,Size_Short,20,0.01,1,3,0,0.2035,0.740741,786.241
1535,KB4,HARQ,Size_Short,20,0.01,1,3,0,0.2019,0.740741,792.472
1536,KB4,HARQ,Size_Short,20,0.01,1,3,0,0.2069,0.740741,773.32
1537,KB4,HARQ,Size_Short,20,0.01,1,3,0,0.203,0.740741,788.177
1538,KB4,HARQ,Size_Short,20,0.01,1,3,0,0.2083,0.740741,768.123
1539,KB4,HARQ,Size_Short,20,0.01,1,3,0,0.206,0.740741,776.699
1540,KB4,HARQ,Size_Short,20,0.01,1,3,0,0.1999,0.740741,800.4
1541,KB4,HARQ,Size_Short,20,0.01,1,3,0,0.2059,0.740741,777.076
1542,KB4,HARQ,Size_Short,20,0.01,1,3,0,0.2053,0.740741,779.347
1543,KB4,HARQ,Size_Short,20,0.01,1,3,0,0.203,0.740741,788.177
1544,KB4,HARQ,Size_Short,20,0.01,1,3,0,0.2033,0.740741,787.014
1545,KB4,HARQ,Size_Short,20,0.01,1,3,0,0.204,0.740741,784.314
1546,KB4,HARQ,Size_Short,20,0.01,1,3,0,0.2009,0.740741,796.416
1547,KB4,HARQ,Size_Short,20,0.01,1,3,0,0.2104,0.740741,760.456
1548,KB4,HARQ,Size_Short,20,0.01,1,3,0,0.2002,0.740741,799.201
1549,KB4,HARQ,Size_Short,20,0.01,1,3,0,0.2041,0.740741,783.929
1550,KB4,HARQ,Size_Short,20,0.01,1,3,0,0.203,0.740741,788.177
1551,KB4,HARQ,Size_Short,20,0.01,1,3,0,0.2002,0.740741,799.201
1552,KB4,HARQ,Size_Short,20,0.01,1,3,0,0.2103,0.740741,760.818
1553,KB4,HARQ,Size_Short,20,0.01,1,3,0,0.2005,0.740741,798.005
1554,KB4,HARQ,Size_Short,20,0.01,1,3,0,0.1996,0.740741,801.603
1555,KB4,HARQ,Size_Short,20,0.01,1,3,0,0.2054,0.740741,778.968
1556,KB4,HARQ,Size_Short,20,0.01,1,3,1,0.2425,0.555556,659.794
1557,KB4,HARQ,Size_Short,20,0.01,1,3,0,0.2073,0.740741,771.828
1558,KB4,HARQ,Size_Short,20,0.01,1,3,0,0.1994,0.740741,802.407
1559,KB4,HARQ,Size_Short,20,0.01,1,3,0,0.1999,0.740741,800.4
1560,KB4,HARQ,Size_Short,20,0.01,1,3,0,0.2064,0.740741,775.194
1561,KB4,HARQ,Size_Short,20,0.01,1,3,0,0.2024,0.740741,790.514
1562,KB4,HARQ,Size_Short,20,0.01,1,3,0,0.2033,0.740741,787.014
1563,KB4,HARQ,Size_Short,20,0.01,1,3,0,0.2062,0.740741,775.946
1564,KB4,HARQ,Size_Short,20,0.01,1,3,1,0.2721,0.555556,588.019
1565,KB4,HARQ,Size_Short,20,0.01,1,3,0,0.204,0.740741,784.314
1566,KB4,HARQ,Size_Short,20,0.01,1,3,0,0.2027,0.740741,789.344
1567,KB4,HARQ,Size_Short,20,0.01,1,3,0,0.201,0.740741,796.02
1568,KB4,HARQ,Size_Short,20,0.01,1,3,0,0.204,0.740741,784.314
1569,KB4,HARQ,Size_Short,20,0.01,1,3,0,0.2052,0.740741,779.727
1570,KB4,HARQ,Size_Short,20,0.01,1,3,0,0.2008,0.740741,796.813
1571,KB4,HARQ,Size_Short,20,0.01,1,3,0,0.2067,0.740741,774.069
1572,KB4,HARQ,Size_Short,20,0.01,1,3,0,0.2001,0.740741,799.6
1573,KB4,HARQ,Size_Short,20,0.01,1,3,0,0.2013,0.740741,794.834
1574,KB4,HARQ,Size_Short,20,0.01,1,3,0,0.2083,0.740741,768.123
1575,KB4,HARQ,Size_Short,20,0.01,1,3,0,0.2014,0.740741,794.439
1576,KB4,HARQ,Size_Short,20,0.01,1,3,0,0.2036,0.740741,785.855
1577,KB4,HARQ,Size_Short,20,0.01,1,3,0,0.2068,0.740741,773.694
1578,KB4,HARQ,Size_Short,20,0.01,1,3,0,0.2016,0.740741,793.651
1579,KB4,HARQ,Size_Short,20,0.01,1,3,0,0.202,0.740741,792.079
1580,KB4,HARQ,Size_Short,20,0.01,1,3,0,0.2041,0.740741,783.929
1581,KB4,HARQ,Size_Short,20,0.01,1,3,0,0.203,0.740741,788.177
1582,KB4,HARQ,Size_Short,20,0.01,1,3,0,0.2009,0.740741,796.416
1583,KB4,HARQ,Size_Short,20,0.01,1,3,0,0.208,0.740741,769.231
1584,KB4,HARQ,Size_Short,20,0.01,1,3,0,0.2031,0.740741,787.789
1585,KB4,HARQ,Size_Short,20,0.01,1,3,0,0.1996,0.740741,801.603
1586,KB4,HARQ,Size_Short,20,0.01,1,3,0,0.2033,0.740741,787.014
1587,KB4,HARQ,Size_Short,20,0.01,1,3,0,0.2048,0.740741,781.25
1588,KB4,HARQ,Size_Short,20,0.01,1,3,0,0.2005,0.740741,798.005
1589,KB4,HARQ,Size_Short,20,0.01,1,3,0,0.2091,0.740741,765.184
1590,KB4,HARQ,Size_Short,20,0.01,1,3,0,0.2007,0.740741,797.21
1591,KB4,HARQ,Size_Short,20,0.01,1,3,0,0.2026,0.740741,789.733
1592,KB4,HARQ,Size_Short,20,0.01,1,3,0,0.2039,0.740741,784.698
1593,KB4,HARQ,Size_Short,20,0.01,1,3,0,0.1998,0.740741,800.801
1594,KB4,HARQ,Size_Short,20,0.01,1,3,0,0.2088,0.740741,766.284
1595,KB4,HARQ,Size_Short,20,0.01,1,3,0,0.2017,0.740741,793.257
1596,KB4,HARQ,Size_Short,20,0.01,1,3,0,0.2019,0.740741,792.472
1597,KB4,HARQ,Size_Short,20,0.01,1,3,0,0.2063,0.740741,775.57
1598,KB4,HARQ,Size_Short,20,0.01,1,3,0,0.1992,0.740741,803.213
1599,KB4,HARQ,Size_Short,20,0.01,1,3,0,0.1994,0.740741,802.407
1600,KB4,HARQ,Size_Short,20,0.01,1,3,0,0.2075,0.740741,771.084
1601,KB4,HARQ,Size_Short,20,0.01,1,3,0,0.2033,0.740741,787.014
1602,KB4,HARQ,Size_Short,20,0.01,1,3,0,0.2035,0.740741,786.241
1603,KB4,HARQ,Size_Short,20,0.01,1,3,0,0.2034,0.740741,786.627
1604,KB4,HARQ,Size_Short,20,0.01,1,3,0,0.2003,0.740741,798.802
1605,KB4,HARQ,Size_Short,20,0.01,1,3,0,0.2036,0.740741,785.855
1606,KB4,HARQ,Size_Short,20,0.01,1,3,0,0.2176,0.740741,735.294
1607,KB4,HARQ,Size_Short,20,0.01,1,3,0,0.2002,0.740741,799.201
1608,KB4,HARQ,Size_Short,20,0.01,1,3,0,0.196,0.740741,816.327
1609,KB4,HARQ,Size_Short,20,0.01,1,3,0,0.1989,0.740741,804.424
1610,KB4,HARQ,Size_Short,20,0.01,1,3,0,0.2454,0.740741,651.997
1611,KB4,HARQ,Size_Short,20,0.01,1,3,0,0.1961,0.740741,815.91
1612,KB4,HARQ,Size_Short,20,0.01,1,3,0,0.2005,0.740741,798.005
1613,KB4,HARQ,Size_Short,20,0.01,1,3,0,0.1978,0.740741,808.898
1614,KB4,HARQ,Size_Short,20,0.01,1,3,0,0.2009,0.740741,796.416
1615,KB4,HARQ,Size_Short,20,0.01,1,3,0,0.1994,0.740741,802.407
1616,KB4,HARQ,Size_Short,20,0.01,1,3,0,0.1963,0.740741,815.079
1617,KB4,HARQ,Size_Short,20,0.01,1,3,0,0.2018,0.740741,792.864
1618,KB4,HARQ,Size_Short,20,0.01,1,3,0,0.1989,0.740741,804.424
1619,KB4,HARQ,Size_Short,20,0.01,1,3,0,0.1969,0.740741,812.595
1620,KB4,HARQ,Size_Short,20,0.01,1,3,0,0.1988,0.740741,804.829
1621,KB4,HARQ,Size_Short,20,0.01,1,3,0,0.1991,0.740741,803.616
1622,KB4,HARQ,Size_Short,20,0.01,1,3,0,0.197,0.740741,812.183
1623,KB4,HARQ,Size_Short,20,0.01,1,3,0,0.2126,0.740741,752.587
1624,KB4,HARQ,Size_Short,20,0.01,1,3,0,0.197,0.740741,812.183
1625,KB4,HARQ,Size_Short,20,0.01,1,3,0,0.1968,0.740741,813.008
1626,KB4,HARQ,Size_Short,20,0.01,1,3,0,0.2003,0.740741,798.802
1627,KB4,HARQ,Size_Short,20,0.01,1,3,0,0.1952,0.740741,819.672
1628,KB4,HARQ,Size_Short,20,0.01,1,3,0,0.2006,0.740741,797.607
1629,KB4,HARQ,Size_Short,20,0.01,1,3,0,0.2013,0.740741,794.834
1630,KB4,HARQ,Size_Short,20,0.01,1,3,0,0.1961,0.740741,815.91
1631,KB4,HARQ,Size_Short,20,0.01,1,3,0,0.1993,0.740741,802.81
1632,KB4,HARQ,Size_Short,20,0.01,1,3,0,0.1996,0.740741,801.603
1633,KB4,HARQ,Size_Short,20,0.01,1,3,0,0.1989,0.740741,804.424
1634,KB4,HARQ,Size_Short,20,0.01,1,3,0,0.1957,0.740741,817.578
1635,KB4,HARQ,Size_Short,20,0.01,1,3,0,0.2016,0.740741,793.651
1636,KB4,HARQ,Size_Short,20,0.01,1,3,0,0.1991,0.740741,803.616
1637,KB4,HARQ,Size_Short,20,0.01,1,3,0,0.2008,0.740741,796.813
1638,KB4,HARQ,Size_Short,20,0.01,1,3,0,0.1992,0.740741,803.213
1639,KB4,HARQ,Size_Short,20,0.01,1,3,0,0.1971,0.740741,811.771
1640,KB4,HARQ,Size_Short,20,0.01,1,3,0,0.2009,0.740741,796.416
1641,KB4,HARQ,Size_Short,20,0.01,1,3,0,0.1982,0.740741,807.265
1642,KB4,HARQ,Size_Short,20,0.01,1,3,0,0.2007,0.740741,797.21
1643,KB4,HARQ,Size_Short,20,0.01,1,3,0,0.1991,0.740741,803.616
1644,KB4,HARQ,Size_Short,20,0.01,1,3,0,0.1962,0.740741,815.494
1645,KB4,HARQ,Size_Short,20,0.01,1,3,1,0.2664,0.555556,600.601
1646,KB4,HARQ,Size_Short,20,0.01,1,3,0,0.1976,0.740741,809.717
1647,KB4,HARQ,Size_Short,20,0.01,1,3,0,0.1979,0.740741,808.489
1648,KB4,HARQ,Size_Short,20,0.01,1,3,0,0.1985,0.740741,806.045
1649,KB4,HARQ,Size_Short,20,0.01,1,3,0,0.1959,0.740741,816.743
1650,KB4,HARQ,Size_Short,20,0.01,1,3,0,0.2043,0.740741,783.162
1651,KB4,HARQ,Size_Short,20,0.01,1,3,0,0.1983,0.740741,806.858
1652,KB4,HARQ,Size_Short,20,0.01,1,3,0,0.1994,0.740741,802.407
1653,KB4,HARQ,Size_Short,20,0.01,1,3,0,0.1978,0.740741,808.898
1654,KB4,HARQ,Size_Short,20,0.01,1,3,0,0.196,0.740741,816.327
1655,KB4,HARQ,Size_Short,20,0.01,1,3,0,0.2064,0.740741,775.194
1656,KB4,HARQ,Size_Short,20,0.01,1,3,0,0.1964,0.740741,814.664
1657,KB4,HARQ,Size_Short,20,0.01,1,3,0,0.1991,0.740741,803.616
1658,KB4,HARQ,Size_Short,20,0.01,1,3,0,0.1991,0.740741,803.616
1659,KB4,HARQ,Size_Short,20,0.01,1,3,0,0.1956,0.740741,817.996
1660,KB4,HARQ,Size_Short,20,0.01,1,3,0,0.2049,0.740741,780.869
1661,KB4,HARQ,Size_Short,20,0.01,1,3,0,0.195,0.740741,820.513
1662,KB4,HARQ,Size_Short,20,0.01,1,3,0,0.1997,0.740741,801.202
1663,KB4,HARQ,Size_Short,20,0.01,1,3,0,0.1985,0.740741,806.045
1664,KB4,HARQ,Size_Short,20,0.01,1,3,0,0.1965,0.740741,814.249
1665,KB4,HARQ,Size_Short,20,0.01,1,3,0,0.2057,0.740741,777.832
1666,KB4,HARQ,Size_Short,20,0.01,1,3,0,0.1967,0.740741,813.421
1667,KB4,HARQ,Size_Short,20,0.01,1,3,0,0.1957,0.740741,817.578
1668,KB4,HARQ,Size_Short,20,0.01,1,3,0,0.2006,0.740741,797.607
1669,KB4,HARQ,Size_Short,20,0.01,1,3,0,0.1974,0.740741,810.537
1670,KB4,HARQ,Size_Short,20,0.01,1,3,0,0.1965,0.740741,814.249
1671,KB4,HARQ,Size_Short,20,0.01,1,3,0,0.2043,0.740741,783.162
1672,KB4,HARQ,Size_Short,20,0.01,1,3,0,0.1974,0.740741,810.537
1673,KB4,HARQ,Size_Short,20,0.01,1,3,0,0.1991,0.740741,803.616
1674,KB4,HARQ,Size_Short,20,0.01,1,3,0,0.1998,0.740741,800.801
1675,KB4,HARQ,Size_Short,20,0.01,1,3,0,0.1953,0.740741,819.252
1676,KB4,HARQ,Size_Short,20,0.01,1,3,0,0.1984,0.740741,806.452
1677,KB4,HARQ,Size_Short,20,0.01,1,3,0,0.2021,0.740741,791.687
1678,KB4,HARQ,Size_Short,20,0.01,1,3,0,0.2112,0.740741,757.576
1679,KB4,HARQ,Size_Short,20,0.01,1,3,1,0.2616,0.555556,611.621
1680,KB4,HARQ,Size_Short,20,0.01,1,3,0,0.1982,0.740741,807.265
1681,KB4,HARQ,Size_Short,20,0.01,1,3,0,0.1967,0.740741,813.421
1682,KB4,HARQ,Size_Short,20,0.01,1,3,0,0.2004,0.740741,798.403
1683,KB4,HARQ,Size_Short,20,0.01,1,3,0,0.2525,0.740741,633.663
1684,KB4,HARQ,Size_Short,20,0.01,1,3,0,0.1998,0.740741,800.801
1685,KB4,HARQ,Size_Short,20,0.01,1,3,0,0.2015,0.740741,794.045
1686,KB4,HARQ,Size_Short,20,0.01,1,3,0,0.1962,0.740741,815.494
1687,KB4,HARQ,Size_Short,20,0.01,1,3,0,0.1976,0.740741,809.717
1688,KB4,HARQ,Size_Short,20,0.01,1,3,0,0.2097,0.740741,762.995
1689,KB4,HARQ,Size_Short,20,0.01,1,3,0,0.1949,0.740741,820.934
1690,KB4,HARQ,Size_Short,20,0.01,1,3,1,0.2643,0.555556,605.373
1691,KB4,HARQ,Size_Short,20,0.01,1,3,0,0.1996,0.740741,801.603
1692,KB4,HARQ,Size_Short,20,0.01,1,3,0,0.2034,0.740741,786.627
1693,KB4,HARQ,Size_Short,20,0.01,1,3,0,0.1961,0.740741,815.91
1694,KB4,HARQ,Size_Short,20,0.01,1,3,0,0.2019,0.740741,792.472
1695,KB4,HARQ,Size_Short,20,0.01,1,3,0,0.1973,0.740741,810.948
1696,KB4,HARQ,Size_Short,20,0.01,1,3,0,0.202,0.740741,792.079
1697,KB4,HARQ,Size_Short,20,0.01,1,3,0,0.2009,0.740741,796.416
1698,KB4,HARQ,Size_Short,20,0.01,1,3,0,0.1964,0.740741,814.664
1699,KB4,HARQ,Size_Short,20,0.01,1,3,0,0.1996,0.740741,801.603
1700,KB4,HARQ,Size_Short,20,0.01,1,3,1,0.2708,0.555556,590.842
1701,KB4,HARQ,Size_Short,20,0.01,1,3,0,0.1988,0.740741,804.829
1702,KB4,HARQ,Size_Short,20,0.01,1,3,0,0.1966,0.740741,813.835
1703,KB4,HARQ,Size_Short,20,0.01,1,3,0,0.1971,0.740741,811.771
1704,KB4,HARQ,Size_Short,20,0.01,1,3,0,0.1997,0.740741,801.202
1705,KB4,HARQ,Size_Short,20,0.01,1,3,0,0.1998,0.740741,800.801
1706,KB4,HARQ,Size_Short,20,0.01,1,3,0,0.1983,0.740741,806.858
1707,KB4,HARQ,Size_Short,20,0.01,1,3,0,0.201,0.740741,796.02
1708,KB4,HARQ,Size_Short,20,0.01,1,3,0,0.1962,0.740741,815.494
1709,KB4,HARQ,Size_Short,20,0.01,1,3,0,0.2019,0.740741,792.472
1710,KB4,HARQ,Size_Short,20,0.01,1,3,0,0.2003,0.740741,798.802
1711,KB4,HARQ,Size_Short,20,0.01,1,3,0,0.1954,0.740741,818.833
1712,KB4,HARQ,Size_Short,20,0.01,1,3,0,0.1987,0.740741,805.234
1713,KB4,HARQ,Size_Short,20,0.01,1,3,0,0.201,0.740741,796.02
1714,KB4,HARQ,Size_Short,20,0.01,1,3,0,0.2,0.740741,800
1715,KB4,HARQ,Size_Short,20,0.01,1,3,0,0.2015,0.740741,794.045
1716,KB4,HARQ,Size_Short,20,0.01,1,3,0,0.1984,0.740741,806.452
1717,KB4,HARQ,Size_Short,20,0.01,1,3,0,0.1971,0.740741,811.771
1718,KB4,HARQ,Size_Short,20,0.01,1,3,0,0.1982,0.740741,807.265
1719,KB4,HARQ,Size_Short,20,0.01,1,3,0,0.2015,0.740741,794.045
1720,KB4,HARQ,Size_Short,20,0.01,1,3,0,0.1961,0.740741,815.91
1721,KB4,HARQ,Size_Short,20,0.01,1,3,0,0.2014,0.740741,794.439
1722,KB4,HARQ,Size_Short,20,0.01,1,3,0,0.1981,0.740741,807.673
1723,KB4,HARQ,Size_Short,20,0.01,1,3,0,0.2003,0.740741,798.802
1724,KB4,HARQ,Size_Short,20,0.01,1,3,0,0.2016,0.740741,793.651
1725,KB4,HARQ,Size_Short,20,0.01,1,3,0,0.1946,0.740741,822.199
1726,KB4,HARQ,Size_Short,20,0.01,1,3,0,0.1952,0.740741,819.672
1727,KB4,HARQ,Size_Short,20,0.01,1,3,0,0.2058,0.740741,777.454
1728,KB4,HARQ,Size_Short,20,0.01,1,3,0,0.198,0.740741,808.081
1729,KB4,HARQ,Size_Short,20,0.01,1,3,0,0.1991,0.740741,803.616
1730,KB4,HARQ,Size_Short,20,0.01,1,3,0,0.1987,0.740741,805.234
1731,KB4,HARQ,Size_Short,20,0.01,1,3,0,0.1984,0.740741,806.452
1732,KB4,HARQ,Size_Short,20,0.01,1,3,0,0.1999,0.740741,800.4
1733,KB4,HARQ,Size_Short,20,0.01,1,3,0,0.2001,0.740741,799.6
1734,KB4,HARQ,Size_Short,20,0.01,1,3,0,0.2007,0.740741,797.21
1735,KB4,HARQ,Size_Short,20,0.01,1,3,0,0.1986,0.740741,805.639
1736,KB4,HARQ,Size_Short,20,0.01,1,3,0,0.1963,0.740741,815.079
1737,KB4,HARQ,Size_Short,20,0.01,1,3,0,0.2,0.740741,800
1738,KB4,HARQ,Size_Short,20,0.01,1,3,1,0.2671,0.555556,599.027
1739,KB4,HARQ,Size_Short,20,0.01,1,3,0,0.1988,0.740741,804.829
1740,KB4,HARQ,Size_Short,20,0.01,1,3,0,0.1978,0.740741,808.898
1741,KB4,HARQ,Size_Short,20,0.01,1,3,0,0.2014,0.740741,794.439
1742,KB4,HARQ,Size_Short,20,0.01,1,3,0,0.1961,0.740741,815.91
1743,KB4,HARQ,Size_Short,20,0.01,1,3,0,0.2042,0.740741,783.546
1744,KB4,HARQ,Size_Short,20,0.01,1,3,0,0.1987,0.740741,805.234
1745,KB4,HARQ,Size_Short,20,0.01,1,3,1,0.266,0.555556,601.504
1746,KB4,HARQ,Size_Short,20,0.01,1,3,0,0.1992,0.740741,803.213
1747,KB4,HARQ,Size_Short,20,0.01,1,3,0,0.1996,0.740741,801.603
1748,KB4,HARQ,Size_Short,20,0.01,1,3,0,0.1947,0.740741,821.777
1749,KB4,HARQ,Size_Short,20,0.01,1,3,0,0.199,0.740741,804.02
1750,KB4,HARQ,Size_Short,20,0.01,1,3,0,0.2002,0.740741,799.201
1751,KB4,HARQ,Size_Short,20,0.01,1,3,1,0.2363,0.555556,677.105
1752,KB4,HARQ,Size_Short,20,0.01,1,3,0,0.2038,0.740741,785.083
1753,KB4,HARQ,Size_Short,20,0.01,1,3,0,0.1955,0.740741,818.414
1754,KB4,HARQ,Size_Short,20,0.01,1,3,0,0.2013,0.740741,794.834
1755,KB4,HARQ,Size_Short,20,0.01,1,3,0,0.2416,0.740741,662.252
1756,KB4,HARQ,Size_Short,20,0.01,1,3,0,0.2024,0.740741,790.514
1757,KB4,HARQ,Size_Short,20,0.01,1,3,0,0.2024,0.740741,790.514
1758,KB4,HARQ,Size_Short,20,0.01,1,3,0,0.2568,0.740741,623.053
1759,KB4,HARQ,Size_Short,20,0.01,1,3,0,0.2115,0.740741,756.501
1760,KB4,HARQ,Size_Short,20,0.01,1,3,0,0.2077,0.740741,770.342
1761,KB4,HARQ,Size_Short,20,0.01,1,3,0,0.2036,0.740741,785.855
1762,KB4,HARQ,Size_Short,20,0.01,1,3,0,0.2125,0.740741,752.941
1763,KB4,HARQ,Size_Short,20,0.01,1,3,1,0.2801,0.555556,571.225
1764,KB4,HARQ,Size_Short,20,0.01,1,3,0,0.2096,0.740741,763.359
1765,KB4,HARQ,Size_Short,20,0.01,1,3,0,0.2034,0.740741,786.627
1766,KB4,HARQ,Size_Short,20,0.01,1,3,0,0.2085,0.740741,767.386
1767,KB4,HARQ,Size_Short,20,0.01,1,3,0,0.2077,0.740741,770.342
1768,KB4,HARQ,Size_Short,20,0.01,1,3,0,0.2117,0.740741,755.786
1769,KB4,HARQ,Size_Short,20,0.01,1,3,0,0.2099,0.740741,762.268
1770,KB4,HARQ,Size_Short,20,0.01,1,3,0,0.2044,0.740741,782.779
1771,KB4,HARQ,Size_Short,20,0.01,1,3,0,0.2077,0.740741,770.342
1772,KB4,HARQ,Size_Short,20,0.01,1,3,0,0.2069,0.740741,773.32
1773,KB4,HARQ,Size_Short,20,0.01,1,3,0,0.2052,0.740741,779.727
1774,KB4,HARQ,Size_Short,20,0.01,1,3,1,0.2768,0.555556,578.035
1775,KB4,HARQ,Size_Short,20,0.01,1,3,0,0.2032,0.740741,787.402
1776,KB4,HARQ,Size_Short,20,0.01,1,3,1,0.2804,0.555556,570.613
1777,KB4,HARQ,Size_Short,20,0.01,1,3,0,0.2039,0.740741,784.698
1778,KB4,HARQ,Size_Short,20,0.01,1,3,0,0.2125,0.740741,752.941
1779,KB4,HARQ,Size_Short,20,0.01,1,3,2,0.3505,0.444444,456.491
1780,KB4,HARQ,Size_Short,20,0.01,1,3,0,0.2094,0.740741,764.088
1781,KB4,HARQ,Size_Short,20,0.01,1,3,0,0.205,0.740741,780.488
1782,KB4,HARQ,Size_Short,20,0.01,1,3,1,0.2824,0.555556,566.572
1783,KB4,HARQ,Size_Short,20,0.01,1,3,0,0.2094,0.740741,764.088
1784,KB4,HARQ,Size_Short,20,0.01,1,3,0,0.2081,0.740741,768.861
1785,KB4,HARQ,Size_Short,20,0.01,1,3,0,0.2072,0.740741,772.201
1786,KB4,HARQ,Size_Short,20,0.01,1,3,0,0.211,0.740741,758.294
1787,KB4,HARQ,Size_Short,20,0.01,1,3,0,0.2051,0.740741,780.107
1788,KB4,HARQ,Size_Short,20,0.01,1,3,0,0.2084,0.740741,767.754
1789,KB4,HARQ,Size_Short,20,0.01,1,3,0,0.2122,0.740741,754.006
1790,KB4,HARQ,Size_Short,20,0.01,1,3,0,0.2054,0.740741,778.968
1791,KB4,HARQ,Size_Short,20,0.01,1,3,0,0.2033,0.740741,787.014
1792,KB4,HARQ,Size_Short,20,0.01,1,3,0,0.2162,0.740741,740.056
1793,KB4,HARQ,Size_Short,20,0.01,1,3,0,0.2037,0.740741,785.469
1794,KB4,HARQ,Size_Short,20,0.01,1,3,0,0.2049,0.740741,780.869
1795,KB4,HARQ,Size_Short,20,0.01,1,3,0,0.2055,0.740741,778.589
1796,KB4,HARQ,Size_Short,20,0.01,1,3,0,0.2085,0.740741,767.386
1797,KB4,HARQ,Size_Short,20,0.01,1,3,0,0.2059,0.740741,777.076
1798,KB4,HARQ,Size_Short,20,0.01,1,3,0,0.2087,0.740741,766.651
1799,KB4,HARQ,Size_Short,20,0.01,1,3,0,0.2103,0.740741,760.818
1800,KB4,HARQ,Size_Short,20,0.01,1,3,0,0.2055,0.740741,778.589
1801,KB4,HARQ,Size_Short,20,0.01,1,3,0,0.2053,0.740741,779.347
1802,KB4,HARQ,Size_Short,20,0.01,1,3,0,0.2094,0.740741,764.088
1803,KB4,HARQ,Size_Short,20,0.01,1,3,0,0.2108,0.740741,759.013
1804,KB4,HARQ,Size_Short,20,0.01,1,3,0,0.2071,0.740741,772.574
1805,KB4,HARQ,Size_Short,20,0.01,1,3,0,0.2086,0.740741,767.018
1806,KB4,HARQ,Size_Short,20,0.01,1,3,0,0.2068,0.740741,773.694
1807,KB4,HARQ,Size_Short,20,0.01,1,3,0,0.2047,0.740741,781.632
1808,KB4,HARQ,Size_Short,20,0.01,1,3,0,0.2022,0.740741,791.296
1809,KB4,HARQ,Size_Short,20,0.01,1,3,0,0.2123,0.740741,753.65
1810,KB4,HARQ,Size_Short,20,0.01,1,3,0,0.2029,0.740741,788.566
1811,KB4,HARQ,Size_Short,20,0.01,1,3,0,0.2065,0.740741,774.818
1812,KB4,HARQ,Size_Short,20,0.01,1,3,0,0.2092,0.740741,764.818
1813,KB4,HARQ,Size_Short,20,0.01,1,3,0,0.2031,0.740741,787.789
1814,KB4,HARQ,Size_Short,20,0.01,1,3,0,0.2088,0.740741,766.284
1815,KB4,HARQ,Size_Short,20,0.01,1,3,0,0.2114,0.740741,756.859
1816,KB4,HARQ,Size_Short,20,0.01,1,3,0,0.2047,0.740741,781.632
1817,KB4,HARQ,Size_Short,20,0.01,1,3,0,0.2032,0.740741,787.402
1818,KB4,HARQ,Size_Short,20,0.01,1,3,0,0.2119,0.740741,755.073
1819,KB4,HARQ,Size_Short,20,0.01,1,3,0,0.2081,0.740741,768.861
1820,KB4,HARQ,Size_Short,20,0.01,1,3,0,0.2097,0.740741,762.995
1821,KB4,HARQ,Size_Short,20,0.01,1,3,0,0.2093,0.740741,764.453
1822,KB4,HARQ,Size_Short,20,0.01,1,3,0,0.2036,0.740741,785.855
1823,KB4,HARQ,Size_Short,20,0.01,1,3,0,0.2181,0.740741,733.608
1824,KB4,HARQ,Size_Short,20,0.01,1,3,0,0.2049,0.740741,780.869
1825,KB4,HARQ,Size_Short,20,0.01,1,3,0,0.2036,0.740741,785.855
1826,KB4,HARQ,Size_Short,20,0.01,1,3,0,0.2108,0.740741,759.013
1827,KB4,HARQ,Size_Short,20,0.01,1,3,0,0.2078,0.740741,769.971
1828,KB4,HARQ,Size_Short,20,0.01,1,3,0,0.2071,0.740741,772.574
1829,KB4,HARQ,Size_Short,20,0.01,1,3,0,0.2105,0.740741,760.095
1830,KB4,HARQ,Size_Short,20,0.01,1,3,0,0.2056,0.740741,778.21
1831,KB4,HARQ,Size_Short,20,0.01,1,3,0,0.2075,0.740741,771.084
1832,KB4,HARQ,Size_Short,20,0.01,1,3,0,0.2097,0.740741,762.995
1833,KB4,HARQ,Size_Short,20,0.01,1,3,0,0.2038,0.740741,785.083
1834,KB4,HARQ,Size_Short,20,0.01,1,3,0,0.208,0.740741,769.231
1835,KB4,HARQ,Size_Short,20,0.01,1,3,0,0.209,0.740741,765.55
1836,KB4,HARQ,Size_Short,20,0.01,1,3,0,0.21,0.740741,761.905
1837,KB4,HARQ,Size_Short,20,0.01,1,3,0,0.2039,0.740741,784.698
1838,KB4,HARQ,Size_Short,20,0.01,1,3,0,0.2129,0.740741,751.527
1839,KB4,HARQ,Size_Short,20,0.01,1,3,0,0.2077,0.740741,770.342
1840,KB4,HARQ,Size_Short,20,0.01,1,3,0,0.2102,0.740741,761.18
1841,KB4,HARQ,Size_Short,20,0.01,1,3,0,0.2099,0.740741,762.268
1842,KB4,HARQ,Size_Short,20,0.01,1,3,0,0.2046,0.740741,782.014
1843,KB4,HARQ,Size_Short,20,0.01,1,3,0,0.209,0.740741,765.55
1844,KB4,HARQ,Size_Short,20,0.01,1,3,0,0.2055,0.740741,778.589
1845,KB4,HARQ,Size_Short,20,0.01,1,3,0,0.2101,0.740741,761.542
1846,KB4,HARQ,Size_Short,20,0.01,1,3,0,0.2072,0.740741,772.201
1847,KB4,HARQ,Size_Short,20,0.01,1,3,0,0.2026,0.740741,789.733
1848,KB4,HARQ,Size_Short,20,0.01,1,3,0,0.2023,0.740741,790.905
1849,KB4,HARQ,Size_Short,20,0.01,1,3,0,0.2164,0.740741,739.372
1850,KB4,HARQ,Size_Short,20,0.01,1,3,0,0.2032,0.740741,787.402
1851,KB4,HARQ,Size_Short,20,0.01,1,3,0,0.2102,0.740741,761.18
1852,KB4,HARQ,Size_Short,20,0.01,1,3,0,0.206,0.740741,776.699
1853,KB4,HARQ,Size_Short,20,0.01,1,3,0,0.2063,0.740741,775.57
1854,KB4,HARQ,Size_Short,20,0.01,1,3,0,0.2146,0.740741,745.573
1855,KB4,HARQ,Size_Short,20,0.01,1,3,0,0.2051,0.740741,780.107
1856,KB4,HARQ,Size_Short,20,0.01,1,3,0,0.2083,0.740741,768.123
1857,KB4,HARQ,Size_Short,20,0.01,1,3,0,0.2075,0.740741,771.084
1858,KB4,HARQ,Size_Short,20,0.01,1,3,0,0.2068,0.740741,773.694
1859,KB4,HARQ,Size_Short,20,0.01,1,3,0,0.2097,0.740741,762.995
1860,KB4,HARQ,Size_Short,20,0.01,1,3,0,0.2104,0.740741,760.456
1861,KB4,HARQ,Size_Short,20,0.01,1,3,0,0.2086,0.740741,767.018
1862,KB4,HARQ,Size_Short,20,0.01,1,3,0,0.2063,0.740741,775.57
1863,KB4,HARQ,Size_Short,20,0.01,1,3,0,0.2066,0.740741,774.443
1864,KB4,HARQ,Size_Short,20,0.01,1,3,0,0.2071,0.740741,772.574
1865,KB4,HARQ,Size_Short,20,0.01,1,3,0,0.2039,0.740741,784.698
1866,KB4,HARQ,Size_Short,20,0.01,1,3,0,0.2144,0.740741,746.269
1867,KB4,HARQ,Size_Short,20,0.01,1,3,0,0.2077,0.740741,770.342
1868,KB4,HARQ,Size_Short,20,0.01,1,3,0,0.2072,0.740741,772.201
1869,KB4,HARQ,Size_Short,20,0.01,1,3,0,0.2043,0.740741,783.162
1870,KB4,HARQ,Size_Short,20,0.01,1,3,0,0.2053,0.740741,779.347
1871,KB4,HARQ,Size_Short,20,0.01,1,3,1,0.2786,0.555556,574.3
1872,KB4,HARQ,Size_Short,20,0.01,1,3,0,0.2059,0.740741,777.076
1873,KB4,HARQ,Size_Short,20,0.01,1,3,0,0.2083,0.740741,768.123
1874,KB4,HARQ,Size_Short,20,0.01,1,3,0,0.2027,0.740741,789.344
1875,KB4,HARQ,Size_Short,20,0.01,1,3,0,0.2109,0.740741,758.653
1876,KB4,HARQ,Size_Short,20,0.01,1,3,0,0.2046,0.740741,782.014
1877,KB4,HARQ,Size_Short,20,0.01,1,3,0,0.2085,0.740741,767.386
1878,KB4,HARQ,Size_Short,20,0.01,1,3,0,0.2059,0.740741,777.076
1879,KB4,HARQ,Size_Short,20,0.01,1,3,0,0.2119,0.740741,755.073
1880,KB4,HARQ,Size_Short,20,0.01,1,3,0,0.21,0.740741,761.905
1881,KB4,HARQ,Size_Short,20,0.01,1,3,0,0.2042,0.740741,783.546
1882,KB4,HARQ,Size_Short,20,0.01,1,3,0,0.2072,0.740741,772.201
1883,KB4,HARQ,Size_Short,20,0.01,1,3,0,0.2082,0.740741,768.492
1884,KB4,HARQ,Size_Short,20,0.01,1,3,0,0.2187,0.740741,731.596
1885,KB4,HARQ,Size_Short,20,0.01,1,3,0,0.212,0.740741,754.717
1886,KB4,HARQ,Size_Short,20,0.01,1,3,0,0.2058,0.740741,777.454
1887,KB4,HARQ,Size_Short,20,0.01,1,3,0,0.2038,0.740741,785.083
1888,KB4,HARQ,Size_Short,20,0.01,1,3,0,0.2201,0.740741,726.942
1889,KB4,HARQ,Size_Short,20,0.01,1,3,0,0.2063,0.740741,775.57
1890,KB4,HARQ,Size_Short,20,0.01,1,3,0,0.2071,0.740741,772.574
1891,KB4,HARQ,Size_Short,20,0.01,1,3,0,0.2077,0.740741,770.342
1892,KB4,HARQ,Size_Short,20,0.01,1,3,0,0.2041,0.740741,783.929
1893,KB4,HARQ,Size_Short,20,0.01,1,3,0,0.2828,0.740741,565.771
1894,KB4,HARQ,Size_Short,20,0.01,1,3,0,0.206,0.740741,776.699
1895,KB4,HARQ,Size_Short,20,0.01,1,3,0,0.2053,0.740741,779.347
1896,KB4,HARQ,Size_Short,20,0.01,1,3,0,0.2062,0.740741,775.946
1897,KB4,HARQ,Size_Short,20,0.01,1,3,0,0.2114,0.740741,756.859
1898,KB4,HARQ,Size_Short,20,0.01,1,3,0,0.2051,0.740741,780.107
1899,KB4,HARQ,Size_Short,20,0.01,1,3,0,0.2075,0.740741,771.084
1900,KB4,HARQ,Size_Short,20,0.01,1,3,0,0.2049,0.740741,780.869
1901,KB4,HARQ,Size_Short,20,0.01,1,3,0,0.2042,0.740741,783.546
1902,KB4,HARQ,Size_Short,20,0.01,1,3,1,0.278,0.555556,575.54
1903,KB4,HARQ,Size_Short,20,0.01,1,3,0,0.2057,0.740741,777.832
1904,KB4,HARQ,Size_Short,20,0.01,1,3,0,0.2075,0.740741,771.084
1905,KB4,HARQ,Size_Short,20,0.01,1,3,0,0.2081,0.740741,768.861
1906,KB4,HARQ,Size_Short,20,0.01,1,3,0,0.2031,0.740741,787.789
1907,KB4,HARQ,Size_Short,20,0.01,1,3,0,0.2126,0.740741,752.587
1908,KB4,HARQ,Size_Short,20,0.01,1,3,0,0.2047,0.740741,781.632
1909,KB4,HARQ,Size_Short,20,0.01,1,3,0,0.2064,0.740741,775.194
1910,KB4,HARQ,Size_Short,20,0.01,1,3,0,0.2079,0.740741,769.601
1911,KB4,HARQ,Size_Short,20,0.01,1,3,0,0.2073,0.740741,771.828
1912,KB4,HARQ,Size_Short,20,0.01,1,3,0,0.2131,0.740741,750.821
1913,KB4,HARQ,Size_Short,20,0.01,1,3,0,0.2024,0.740741,790.514
1914,KB4,HARQ,Size_Short,20,0.01,1,3,0,0.2116,0.740741,756.144
1915,KB4,HARQ,Size_Short,20,0.01,1,3,0,0.2063,0.740741,775.57
1916,KB4,HARQ,Size_Short,20,0.01,1,3,0,0.207,0.740741,772.947
1917,KB4,HARQ,Size_Short,20,0.01,1,3,0,0.2146,0.740741,745.573
1918,KB4,HARQ,Size_Short,20,0.01,1,3,0,0.2042,0.740741,783.546
1919,KB4,HARQ,Size_Short,20,0.01,1,3,0,0.2104,0.740741,760.456
1920,KB4,HARQ,Size_Short,20,0.01,1,3,0,0.2079,0.740741,769.601
1921,KB4,HARQ,Size_Short,20,0.01,1,3,0,0.2061,0.740741,776.322
1922,KB4,HARQ,Size_Short,20,0.01,1,3,1,0.2774,0.555556,576.784
1923,KB4,HARQ,Size_Short,20,0.01,1,3,0,0.2053,0.740741,779.347
1924,KB4,HARQ,Size_Short,20,0.01,1,3,0,0.2112,0.740741,757.576
1925,KB4,HARQ,Size_Short,20,0.01,1,3,0,0.2027,0.740741,789.344
1926,KB4,HARQ,Size_Short,20,0.01,1,3,0,0.2039,0.740741,784.698
1927,KB4,HARQ,Size_Short,20,0.01,1,3,0,0.2216,0.740741,722.022
1928,KB4,HARQ,Size_Short,20,0.01,1,3,0,0.2035,0.740741,786.241
1929,KB4,HARQ,Size_Short,20,0.01,1,3,0,0.2049,0.740741,780.869
1930,KB4,HARQ,Size_Short,20,0.01,1,3,0,0.2076,0.740741,770.713
1931,KB4,HARQ,Size_Short,20,0.01,1,3,0,0.2046,0.740741,782.014
1932,KB4,HARQ,Size_Short,20,0.01,1,3,0,0.2073,0.740741,771.828
1933,KB4,HARQ,Size_Short,20,0.01,1,3,0,0.213,0.740741,751.174
1934,KB4,HARQ,Size_Short,20,0.01,1,3,0,0.2058,0.740741,777.454
1935,KB4,HARQ,Size_Short,20,0.01,1,3,0,0.2042,0.740741,783.546
1936,KB4,HARQ,Size_Short,20,0.01,1,3,0,0.2107,0.740741,759.374
1937,KB4,HARQ,Size_Short,20,0.01,1,3,0,0.2042,0.740741,783.546
1938,KB4,HARQ,Size_Short,20,0.01,1,3,0,0.21,0.740741,761.905
1939,KB4,HARQ,Size_Short,20,0.01,1,3,0,0.2158,0.740741,741.427
1940,KB4,HARQ,Size_Short,20,0.01,1,3,0,0.2059,0.740741,777.076
1941,KB4,HARQ,Size_Short,20,0.01,1,3,0,0.2043,0.740741,783.162
1942,KB4,HARQ,Size_Short,20,0.01,1,3,0,0.2063,0.740741,775.57
1943,KB4,HARQ,Size_Short,20,0.01,1,3,0,0.2045,0.740741,782.396
1944,KB4,HARQ,Size_Short,20,0.01,1,3,0,0.2037,0.740741,785.469
1945,KB4,HARQ,Size_Short,20,0.01,1,3,0,0.2103,0.740741,760.818
1946,KB4,HARQ,Size_Short,20,0.01,1,3,0,0.2088,0.740741,766.284
1947,KB4,HARQ,Size_Short,20,0.01,1,3,0,0.2034,0.740741,786.627
1948,KB4,HARQ,Size_Short,20,0.01,1,3,0,0.2062,0.740741,775.946
1949,KB4,HARQ,Size_Short,20,0.01,1,3,0,0.2101,0.740741,761.542
1950,KB4,HARQ,Size_Short,20,0.01,1,3,0,0.2083,0.740741,768.123
1951,KB4,HARQ,Size_Short,20,0.01,1,3,0,0.2108,0.740741,759.013
1952,KB4,HARQ,Size_Short,20,0.01,1,3,0,0.2028,0.740741,788.955
1953,KB4,HARQ,Size_Short,20,0.01,1,3,0,0.2108,0.740741,759.013
1954,KB4,HARQ,Size_Short,20,0.01,1,3,0,0.207,0.740741,772.947
1955,KB4,HARQ,Size_Short,20,0.01,1,3,0,0.2029,0.740741,788.566
1956,KB4,HARQ,Size_Short,20,0.01,1,3,0,0.2161,0.740741,740.398
1957,KB4,HARQ,Size_Short,20,0.01,1,3,0,0.2049,0.740741,780.869
1958,KB4,HARQ,Size_Short,20,0.01,1,3,0,0.204,0.740741,784.314
1959,KB4,HARQ,Size_Short,20,0.01,1,3,0,0.2099,0.740741,762.268
1960,KB4,HARQ,Size_Short,20,0.01,1,3,0,0.2034,0.740741,786.627
1961,KB4,HARQ,Size_Short,20,0.01,1,3,0,0.2074,0.740741,771.456
1962,KB4,HARQ,Size_Short,20,0.01,1,3,0,0.2269,0.740741,705.156
1963,KB4,HARQ,Size_Short,20,0.01,1,3,0,0.2084,0.740741,767.754
1964,KB4,HARQ,Size_Short,20,0.01,1,3,0,0.2083,0.740741,768.123
1965,KB4,HARQ,Size_Short,20,0.01,1,3,1,0.2694,0.555556,593.912
1966,KB4,HARQ,Size_Short,20,0.01,1,3,0,0.2102,0.740741,761.18
1967,KB4,HARQ,Size_Short,20,0.01,1,3,0,0.2081,0.740741,768.861
1968,KB4,HARQ,Size_Short,20,0.01,1,3,0,0.2055,0.740741,778.589
1969,KB4,HARQ,Size_Short,20,0.01,1,3,0,0.2064,0.740741,775.194
1970,KB4,HARQ,Size_Short,20,0.01,1,3,0,0.2081,0.740741,768.861
1971,KB4,HARQ,Size_Short,20,0.01,1,3,0,0.216,0.740741,740.741
1972,KB4,HARQ,Size_Short,20,0.01,1,3,0,0.2023,0.740741,790.905
1973,KB4,HARQ,Size_Short,20,0.01,1,3,0,0.2145,0.740741,745.921
1974,KB4,HARQ,Size_Short,20,0.01,1,3,0,0.2024,0.740741,790.514
1975,KB4,HARQ,Size_Short,20,0.01,1,3,0,0.211,0.740741,758.294
1976,KB4,HARQ,Size_Short,20,0.01,1,3,0,0.2068,0.740741,773.694
1977,KB4,HARQ,Size_Short,20,0.01,1,3,0,0.2033,0.740741,787.014
1978,KB4,HARQ,Size_Short,20,0.01,1,3,0,0.2141,0.740741,747.314
1979,KB4,HARQ,Size_Short,20,0.01,1,3,0,0.2133,0.740741,750.117
1980,KB4,HARQ,Size_Short,20,0.01,1,3,0,0.2093,0.740741,764.453
1981,KB4,HARQ,Size_Short,20,0.01,1,3,0,0.2073,0.740741,771.828
1982,KB4,HARQ,Size_Short,20,0.01,1,3,0,0.2026,0.740741,789.733
1983,KB4,HARQ,Size_Short,20,0.01,1,3,0,0.2097,0.740741,762.995
1984,KB4,HARQ,Size_Short,20,0.01,1,3,0,0.2136,0.740741,749.064
1985,KB4,HARQ,Size_Short,20,0.01,1,3,0,0.2067,0.740741,774.069
1986,KB4,HARQ,Size_Short,20,0.01,1,3,0,0.2066,0.740741,774.443
1987,KB4,HARQ,Size_Short,20,0.01,1,3,0,0.2082,0.740741,768.492
1988,KB4,HARQ,Size_Short,20,0.01,1,3,0,0.2068,0.740741,773.694
1989,KB4,HARQ,Size_Short,20,0.01,1,3,0,0.2035,0.740741,786.241
1990,KB4,HARQ,Size_Short,20,0.01,1,3,0,0.2163,0.740741,739.713
1991,KB4,HARQ,Size_Short,20,0.01,1,3,0,0.2052,0.740741,779.727
1992,KB4,HARQ,Size_Short,20,0.01,1,3,0,0.27,0.740741,592.593
1993,KB4,HARQ,Size_Short,20,0.01,1,3,0,0.2117,0.740741,755.786
1994,KB4,HARQ,Size_Short,20,0.01,1,3,0,0.2421,0.740741,660.884
1995,KB4,HARQ,Size_Short,20,0.01,1,3,0,0.245,0.740741,653.061
1996,KB4,HARQ,Size_Short,20,0.01,1,3,0,0.2046,0.740741,782.014
1997,KB4,HARQ,Size_Short,20,0.01,1,3,0,0.2025,0.740741,790.123
1998,KB4,HARQ,Size_Short,20,0.01,1,3,0,0.1982,0.740741,807.265
1999,KB4,HARQ,Size_Short,20,0.01,1,3,0,0.2372,0.740741,674.536
2000,KB4,HARQ,Size_Short,20,0.01,1,3,0,0.2077,0.740741,770.342
2001,KB4,ARQ,Size_Medium,100,0.01,1,13,17,0.1832,0.37037,4366.81
2002,KB4,ARQ,Size_Medium,100,0.01,1,13,13,0.1641,0.42735,4875.08
2003,KB4,ARQ,Size_Medium,100,0.01,1,13,13,0.1629,0.42735,4910.99
2004,KB4,ARQ,Size_Medium,100,0.01,1,13,21,0.1923,0.326797,4160.17
2005,KB4,ARQ,Size_Medium,100,0.01,1,13,8,0.1371,0.529101,5835.16
2006,KB4,ARQ,Size_Medium,100,0.01,1,13,12,0.1553,0.444444,5151.32
2007,KB4,ARQ,Size_Medium,100,0.01,1,13,10,0.1498,0.483092,5340.45
2008,KB4,ARQ,Size_Medium,100,0.01,1,13,12,0.1555,0.444444,5144.69
2009,KB4,ARQ,Size_Medium,100,0.01,1,13,8,0.1534,0.529101,5215.12
2010,KB4,ARQ,Size_Medium,100,0.01,1,13,12,0.1583,0.444444,5053.7
2011,KB4,ARQ,Size_Medium,100,0.01,1,13,17,0.179,0.37037,4469.27
2012,KB4,ARQ,Size_Medium,100,0.01,1,13,11,0.1522,0.462963,5256.24
2013,KB4,ARQ,Size_Medium,100,0.01,1,13,15,0.1688,0.396825,4739.34
2014,KB4,ARQ,Size_Medium,100,0.01,1,13,13,0.1582,0.42735,5056.89
2015,KB4,ARQ,Size_Medium,100,0.01,1,13,8,0.1386,0.529101,5772.01
2016,KB4,ARQ,Size_Medium,100,0.01,1,13,5,0.1516,0.617284,5277.04
2017,KB4,ARQ,Size_Medium,100,0.01,1,13,7,0.1395,0.555556,5734.77
2018,KB4,ARQ,Size_Medium,100,0.01,1,13,10,0.1527,0.483092,5239.03
2019,KB4,ARQ,Size_Medium,100,0.01,1,13,14,0.1676,0.411523,4773.27
2020,KB4,ARQ,Size_Medium,100,0.01,1,13,8,0.1406,0.529101,5689.9
2021,KB4,ARQ,Size_Medium,100,0.01,1,13,8,0.1387,0.529101,5767.84
2022,KB4,ARQ,Size_Medium,100,0.01,1,13,25,0.2143,0.292398,3733.08
2023,KB4,ARQ,Size_Medium,100,0.01,1,13,11,0.1557,0.462963,5138.09
2024,KB4,ARQ,Size_Medium,100,0.01,1,13,16,0.1755,0.383142,4558.4
2025,KB4,ARQ,Size_Medium,100,0.01,1,13,13,0.1635,0.42735,4892.97
2026,KB4,ARQ,Size_Medium,100,0.01,1,13,17,0.1811,0.37037,4417.45
2027,KB4,ARQ,Size_Medium,100,0.01,1,13,17,0.1791,0.37037,4466.78
2028,KB4,ARQ,Size_Medium,100,0.01,1,13,12,0.1592,0.444444,5025.13
2029,KB4,ARQ,Size_Medium,100,0.01,1,13,15,0.1738,0.396825,4602.99
2030,KB4,ARQ,Size_Medium,100,0.01,1,13,9,0.1459,0.505051,5483.21
2031,KB4,ARQ,Size_Medium,100,0.01,1,13,13,0.1607,0.42735,4978.22
2032,KB4,ARQ,Size_Medium,100,0.01,1,13,13,0.1616,0.42735,4950.5
2033,KB4,ARQ,Size_Medium,100,0.01,1,13,5,0.1295,0.617284,6177.61
2034,KB4,ARQ,Size_Medium,100,0.01,1,13,8,0.1389,0.529101,5759.54
2035,KB4,ARQ,Size_Medium,100,0.01,1,13,11,0.1574,0.462963,5082.59
2036,KB4,ARQ,Size_Medium,100,0.01,1,13,3,0.1154,0.694444,6932.41
2037,KB4,ARQ,Size_Medium,100,0.01,1,13,17,0.1807,0.37037,4427.23
2038,KB4,ARQ,Size_Medium,100,0.01,1,13,8,0.1407,0.529101,5685.86
2039,KB4,ARQ,Size_Medium,100,0.01,1,13,28,0.232,0.271003,3448.28
2040,KB4,ARQ,Size_Medium,100,0.01,1,13,19,0.1935,0.347222,4134.37
2041,KB4,ARQ,Size_Medium,100,0.01,1,13,8,0.1374,0.529101,5822.42
2042,KB4,ARQ,Size_Medium,100,0.01,1,13,14,0.1708,0.411523,4683.84
2043,KB4,ARQ,Size_Medium,100,0.01,1,13,12,0.1592,0.444444,5025.13
2044,KB4,ARQ,Size_Medium,100,0.01,1,13,2,0.1142,0.740741,7005.25
2045,KB4,ARQ,Size_Medium,100,0.01,1,13,14,0.1715,0.411523,4664.72
2046,KB4,ARQ,Size_Medium,100,0.01,1,13,13,0.1641,0.42735,4875.08
2047,KB4,ARQ,Size_Medium,100,0.01,1,13,19,0.1818,0.347222,4400.44
2048,KB4,ARQ,Size_Medium,100,0.01,1,13,27,0.2277,0.277778,3513.39
2049,KB4,ARQ,Size_Medium,100,0.01,1,13,21,0.1996,0.326797,4008.02
2050,KB4,ARQ,Size_Medium,100,0.01,1,13,8,0.1409,0.529101,5677.79
2051,KB4,ARQ,Size_Medium,100,0.01,1,13,11,0.1519,0.462963,5266.62
2052,KB4,ARQ,Size_Medium,100,0.01,1,13,7,0.1356,0.555556,5899.71
2053,KB4,ARQ,Size_Medium,100,0.01,1,13,10,0.1506,0.483092,5312.08
2054,KB4,ARQ,Size_Medium,100,0.01,1,13,22,0.2004,0.31746,3992.02
2055,KB4,ARQ,Size_Medium,100,0.01,1,13,18,0.187,0.358423,4278.07
2056,KB4,ARQ,Size_Medium,100,0.01,1,13,13,0.1619,0.42735,4941.32
2057,KB4,ARQ,Size_Medium,100,0.01,1,13,8,0.1397,0.529101,5726.56
2058,KB4,ARQ,Size_Medium,100,0.01,1,13,17,0.1782,0.37037,4489.34
2059,KB4,ARQ,Size_Medium,100,0.01,1,13,8,0.1398,0.529101,5722.46
2060,KB4,ARQ,Size_Medium,100,0.01,1,13,22,0.1993,0.31746,4014.05
2061,KB4,ARQ,Size_Medium,100,0.01,1,13,6,0.134,0.584795,5970.15
2062,KB4,ARQ,Size_Medium,100,0.01,1,13,11,0.1541,0.462963,5191.43
2063,KB4,ARQ,Size_Medium,100,0.01,1,13,3,0.1179,0.694444,6785.41
2064,KB4,ARQ,Size_Medium,100,0.01,1,13,9,0.1411,0.505051,5669.74
2065,KB4,ARQ,Size_Medium,100,0.01,1,13,6,0.1324,0.584795,6042.3
2066,KB4,ARQ,Size_Medium,100,0.01,1,13,9,0.1431,0.505051,5590.5
2067,KB4,ARQ,Size_Medium,100,0.01,1,13,18,0.1878,0.358423,4259.85
2068,KB4,ARQ,Size_Medium,100,0.01,1,13,17,0.1802,0.37037,4439.51
2069,KB4,ARQ,Size_Medium,100,0.01,1,13,14,0.1698,0.411523,4711.43
2070,KB4,ARQ,Size_Medium,100,0.01,1,13,20,0.1959,0.3367,4083.72
2071,KB4,ARQ,Size_Medium,100,0.01,1,13,20,0.1958,0.3367,4085.8
2072,KB4,ARQ,Size_Medium,100,0.01,1,13,9,0.143,0.505051,5594.41
2073,KB4,ARQ,Size_Medium,100,0.01,1,13,7,0.137,0.555556,5839.42
2074,KB4,ARQ,Size_Medium,100,0.01,1,13,7,0.1369,0.555556,5843.68
2075,KB4,ARQ,Size_Medium,100,0.01,1,13,22,0.2013,0.31746,3974.17
2076,KB4,ARQ,Size_Medium,100,0.01,1,13,3,0.1171,0.694444,6831.77
2077,KB4,ARQ,Size_Medium,100,0.01,1,13,9,0.1425,0.505051,5614.04
2078,KB4,ARQ,Size_Medium,100,0.01,1,13,20,0.1904,0.3367,4201.68
2079,KB4,ARQ,Size_Medium,100,0.01,1,13,23,0.2116,0.308642,3780.72
2080,KB4,ARQ,Size_Medium,100,0.01,1,13,24,0.2124,0.3003,3766.48
2081,KB4,ARQ,Size_Medium,100,0.01,1,13,27,0.2171,0.277778,3684.94
2082,KB4,ARQ,Size_Medium,100,0.01,1,13,20,0.1965,0.3367,4071.25
2083,KB4,ARQ,Size_Medium,100,0.01,1,13,18,0.1906,0.358423,4197.27
2084,KB4,ARQ,Size_Medium,100,0.01,1,13,22,0.2028,0.31746,3944.77
2085,KB4,ARQ,Size_Medium,100,0.01,1,13,18,0.188,0.358423,4255.32
2086,KB4,ARQ,Size_Medium,100,0.01,1,13,11,0.1567,0.462963,5105.3
2087,KB4,ARQ,Size_Medium,100,0.01,1,13,12,0.156,0.444444,5128.21
2088,KB4,ARQ,Size_Medium,100,0.01,1,13,10,0.153,0.483092,5228.76
2089,KB4,ARQ,Size_Medium,100,0.01,1,13,12,0.1583,0.444444,5053.7
2090,KB4,ARQ,Size_Medium,100,0.01,1,13,15,0.173,0.396825,4624.28
2091,KB4,ARQ,Size_Medium,100,0.01,1,13,7,0.1348,0.555556,5934.72
2092,KB4,ARQ,Size_Medium,100,0.01,1,13,17,0.2139,0.37037,3740.07
2093,KB4,ARQ,Size_Medium,100,0.01,1,13,14,0.1586,0.411523,5044.14
2094,KB4,ARQ,Size_Medium,100,0.01,1,13,8,0.1301,0.529101,6149.12
2095,KB4,ARQ,Size_Medium,100,0.01,1,13,25,0.2052,0.292398,3898.64
2096,KB4,ARQ,Size_Medium,100,0.01,1,13,29,0.221,0.26455,3619.91
2097,KB4,ARQ,Size_Medium,100,0.01,1,13,11,0.145,0.462963,5517.24
2098,KB4,ARQ,Size_Medium,100,0.01,1,13,3,0.1081,0.694444,7400.56
2099,KB4,ARQ,Size_Medium,100,0.01,1,13,22,0.1885,0.31746,4244.03
2100,KB4,ARQ,Size_Medium,100,0.01,1,13,16,0.1653,0.383142,4839.69
2101,KB4,ARQ,Size_Medium,100,0.01,1,13,9,0.1293,0.505051,6187.16
2102,KB4,ARQ,Size_Medium,100,0.01,1,13,12,0.1474,0.444444,5427.41
2103,KB4,ARQ,Size_Medium,100,0.01,1,13,7,0.128,0.555556,6250
2104,KB4,ARQ,Size_Medium,100,0.01,1,13,9,0.1334,0.505051,5997
2105,KB4,ARQ,Size_Medium,100,0.01,1,13,16,0.1667,0.383142,4799.04
2106,KB4,ARQ,Size_Medium,100,0.01,1,13,10,0.1397,0.483092,5726.56
2107,KB4,ARQ,Size_Medium,100,0.01,1,13,16,0.1631,0.383142,4904.97
2108,KB4,ARQ,Size_Medium,100,0.01,1,13,27,0.2166,0.277778,3693.44
2109,KB4,ARQ,Size_Medium,100,0.01,1,13,7,0.1228,0.555556,6514.66
2110,KB4,ARQ,Size_Medium,100,0.01,1,13,16,0.1666,0.383142,4801.92
2111,KB4,ARQ,Size_Medium,100,0.01,1,13,13,0.1508,0.42735,5305.04
2112,KB4,ARQ,Size_Medium,100,0.01,1,13,13,0.149,0.42735,5369.13
2113,KB4,ARQ,Size_Medium,100,0.01,1,13,30,0.3138,0.258398,2549.39
2114,KB4,ARQ,Size_Medium,100,0.01,1,13,16,0.166,0.383142,4819.28
2115,KB4,ARQ,Size_Medium,100,0.01,1,13,15,0.1608,0.396825,4975.12
2116,KB4,ARQ,Size_Medium,100,0.01,1,13,4,0.1133,0.653595,7060.9
2117,KB4,ARQ,Size_Medium,100,0.01,1,13,15,0.1618,0.396825,4944.38
2118,KB4,ARQ,Size_Medium,100,0.01,1,13,14,0.1599,0.411523,5003.13
2119,KB4,ARQ,Size_Medium,100,0.01,1,13,14,0.1583,0.411523,5053.7
2120,KB4,ARQ,Size_Medium,100,0.01,1,13,10,0.1376,0.483092,5813.95
2121,KB4,ARQ,Size_Medium,100,0.01,1,13,15,0.1586,0.396825,5044.14
2122,KB4,ARQ,Size_Medium,100,0.01,1,13,10,0.142,0.483092,5633.8
2123,KB4,ARQ,Size_Medium,100,0.01,1,13,13,0.1819,0.42735,4398.02
2124,KB4,ARQ,Size_Medium,100,0.01,1,13,17,0.1649,0.37037,4851.43
2125,KB4,ARQ,Size_Medium,100,0.01,1,13,7,0.126,0.555556,6349.21
2126,KB4,ARQ,Size_Medium,100,0.01,1,13,18,0.1751,0.358423,4568.82
2127,KB4,ARQ,Size_Medium,100,0.01,1,13,12,0.147,0.444444,5442.18
2128,KB4,ARQ,Size_Medium,100,0.01,1,13,11,0.1446,0.462963,5532.5
2129,KB4,ARQ,Size_Medium,100,0.01,1,13,11,0.1458,0.462963,5486.97
2130,KB4,ARQ,Size_Medium,100,0.01,1,13,12,0.1447,0.444444,5528.68
2131,KB4,ARQ,Size_Medium,100,0.01,1,13,9,0.134,0.505051,5970.15
2132,KB4,ARQ,Size_Medium,100,0.01,1,13,9,0.134,0.505051,5970.15
2133,KB4,ARQ,Size_Medium,100,0.01,1,13,9,0.1343,0.505051,5956.81
2134,KB4,ARQ,Size_Medium,100,0.01,1,13,17,0.1655,0.37037,4833.84
2135,KB4,ARQ,Size_Medium,100,0.01,1,13,15,0.1579,0.396825,5066.5
2136,KB4,ARQ,Size_Medium,100,0.01,1,13,18,0.1746,0.358423,4581.9
2137,KB4,ARQ,Size_Medium,100,0.01,1,13,12,0.1451,0.444444,5513.44
2138,KB4,ARQ,Size_Medium,100,0.01,1,13,6,0.1238,0.584795,6462.04
2139,KB4,ARQ,Size_Medium,100,0.01,1,13,17,0.1699,0.37037,4708.65
2140,KB4,ARQ,Size_Medium,100,0.01,1,13,9,0.1337,0.505051,5983.55
2141,KB4,ARQ,Size_Medium,100,0.01,1,13,10,0.1419,0.483092,5637.77
2142,KB4,ARQ,Size_Medium,100,0.01,1,13,5,0.1199,0.617284,6672.23
2143,KB4,ARQ,Size_Medium,100,0.01,1,13,12,0.1471,0.444444,5438.48
2144,KB4,ARQ,Size_Medium,100,0.01,1,13,17,0.1691,0.37037,4730.93
2145,KB4,ARQ,Size_Medium,100,0.01,1,13,15,0.1617,0.396825,4947.43
2146,KB4,ARQ,Size_Medium,100,0.01,1,13,10,0.1409,0.483092,5677.79
2147,KB4,ARQ,Size_Medium,100,0.01,1,13,18,0.1657,0.358423,4828
2148,KB4,ARQ,Size_Medium,100,0.01,1,13,18,0.1689,0.358423,4736.53
2149,KB4,ARQ,Size_Medium,100,0.01,1,13,9,0.131,0.505051,6106.87
2150,KB4,ARQ,Size_Medium,100,0.01,1,13,7,0.1272,0.555556,6289.31
2151,KB4,ARQ,Size_Medium,100,0.01,1,13,10,0.1407,0.483092,5685.86
2152,KB4,ARQ,Size_Medium,100,0.01,1,13,13,0.1517,0.42735,5273.57
2153,KB4,ARQ,Size_Medium,100,0.01,1,13,7,0.127,0.555556,6299.21
2154,KB4,ARQ,Size_Medium,100,0.01,1,13,15,0.1622,0.396825,4932.18
2155,KB4,ARQ,Size_Medium,100,0.01,1,13,16,0.1664,0.383142,4807.69
2156,KB4,ARQ,Size_Medium,100,0.01,1,13,11,0.1445,0.462963,5536.33
2157,KB4,ARQ,Size_Medium,100,0.01,1,13,8,0.1301,0.529101,6149.12
2158,KB4,ARQ,Size_Medium,100,0.01,1,13,16,0.1645,0.383142,4863.22
2159,KB4,ARQ,Size_Medium,100,0.01,1,13,7,0.1275,0.555556,6274.51
2160,KB4,ARQ,Size_Medium,100,0.01,1,13,10,0.1384,0.483092,5780.35
2161,KB4,ARQ,Size_Medium,100,0.01,1,13,10,0.1416,0.483092,5649.72
2162,KB4,ARQ,Size_Medium,100,0.01,1,13,9,0.1318,0.505051,6069.8
2163,KB4,ARQ,Size_Medium,100,0.01,1,13,17,0.168,0.37037,4761.9
2164,KB4,ARQ,Size_Medium,100,0.01,1,13,30,0.2236,0.258398,3577.82
2165,KB4,ARQ,Size_Medium,100,0.01,1,13,15,0.1628,0.396825,4914
2166,KB4,ARQ,Size_Medium,100,0.01,1,13,21,0.1872,0.326797,4273.5
2167,KB4,ARQ,Size_Medium,100,0.01,1,13,17,0.1699,0.37037,4708.65
2168,KB4,ARQ,Size_Medium,100,0.01,1,13,7,0.127,0.555556,6299.21
2169,KB4,ARQ,Size_Medium,100,0.01,1,13,6,0.1192,0.584795,6711.41
2170,KB4,ARQ,Size_Medium,100,0.01,1,13,16,0.1626,0.383142,4920.05
2171,KB4,ARQ,Size_Medium,100,0.01,1,13,12,0.148,0.444444,5405.41
2172,KB4,ARQ,Size_Medium,100,0.01,1,13,12,0.1475,0.444444,5423.73
2173,KB4,ARQ,Size_Medium,100,0.01,1,13,17,0.1664,0.37037,4807.69
2174,KB4,ARQ,Size_Medium,100,0.01,1,13,15,0.1608,0.396825,4975.12
2175,KB4,ARQ,Size_Medium,100,0.01,1,13,10,0.141,0.483092,5673.76
2176,KB4,ARQ,Size_Medium,100,0.01,1,13,22,0.2196,0.31746,3642.99
2177,KB4,ARQ,Size_Medium,100,0.01,1,13,21,0.1858,0.326797,4305.71
2178,KB4,ARQ,Size_Medium,100,0.01,1,13,14,0.1588,0.411523,5037.78
2179,KB4,ARQ,Size_Medium,100,0.01,1,13,15,0.1623,0.396825,4929.14
2180,KB4,ARQ,Size_Medium,100,0.01,1,13,15,0.1616,0.396825,4950.5
2181,KB4,ARQ,Size_Medium,100,0.01,1,13,18,0.1768,0.358423,4524.89
2182,KB4,ARQ,Size_Medium,100,0.01,1,13,6,0.1234,0.584795,6482.98
2183,KB4,ARQ,Size_Medium,100,0.01,1,13,20,0.1823,0.3367,4388.37
2184,KB4,ARQ,Size_Medium,100,0.01,1,13,13,0.1507,0.42735,5308.56
2185,KB4,ARQ,Size_Medium,100,0.01,1,13,6,0.1221,0.584795,6552.01
2186,KB4,ARQ,Size_Medium,100,0.01,1,13,8,0.132,0.529101,6060.61
2187,KB4,ARQ,Size_Medium,100,0.01,1,13,10,0.1422,0.483092,5625.88
2188,KB4,ARQ,Size_Medium,100,0.01,1,13,23,0.1959,0.308642,4083.72
2189,KB4,ARQ,Size_Medium,100,0.01,1,13,7,0.1276,0.555556,6269.59
2190,KB4,ARQ,Size_Medium,100,0.01,1,13,13,0.1478,0.42735,5412.72
2191,KB4,ARQ,Size_Medium,100,0.01,1,13,16,0.1657,0.383142,4828
2192,KB4,ARQ,Size_Medium,100,0.01,1,13,19,0.1719,0.347222,4653.87
2193,KB4,ARQ,Size_Medium,100,0.01,1,13,12,0.1465,0.444444,5460.75
2194,KB4,ARQ,Size_Medium,100,0.01,1,13,7,0.1272,0.555556,6289.31
2195,KB4,ARQ,Size_Medium,100,0.01,1,13,15,0.1578,0.396825,5069.71
2196,KB4,ARQ,Size_Medium,100,0.01,1,13,15,0.2049,0.396825,3904.34
2197,KB4,ARQ,Size_Medium,100,0.01,1,13,14,0.1748,0.411523,4576.66
2198,KB4,ARQ,Size_Medium,100,0.01,1,13,18,0.1794,0.358423,4459.31
2199,KB4,ARQ,Size_Medium,100,0.01,1,13,19,0.182,0.347222,4395.6
2200,KB4,ARQ,Size_Medium,100,0.01,1,13,5,0.1229,0.617284,6509.36
2201,KB4,ARQ,Size_Medium,100,0.01,1,13,24,0.1996,0.3003,4008.02
2202,KB4,ARQ,Size_Medium,100,0.01,1,13,10,0.1371,0.483092,5835.16
2203,KB4,ARQ,Size_Medium,100,0.01,1,13,11,0.1476,0.462963,5420.05
2204,KB4,ARQ,Size_Medium,100,0.01,1,13,14,0.1605,0.411523,4984.42
2205,KB4,ARQ,Size_Medium,100,0.01,1,13,7,0.1295,0.555556,6177.61
2206,KB4,ARQ,Size_Medium,100,0.01,1,13,8,0.1344,0.529101,5952.38
2207,KB4,ARQ,Size_Medium,100,0.01,1,13,12,0.1484,0.444444,5390.84
2208,KB4,ARQ,Size_Medium,100,0.01,1,13,14,0.1613,0.411523,4959.7
2209,KB4,ARQ,Size_Medium,100,0.01,1,13,22,0.1922,0.31746,4162.33
2210,KB4,ARQ,Size_Medium,100,0.01,1,13,19,0.1831,0.347222,4369.2
2211,KB4,ARQ,Size_Medium,100,0.01,1,13,8,0.1331,0.529101,6010.52
2212,KB4,ARQ,Size_Medium,100,0.01,1,13,12,0.1504,0.444444,5319.15
2213,KB4,ARQ,Size_Medium,100,0.01,1,13,6,0.1273,0.584795,6284.37
2214,KB4,ARQ,Size_Medium,100,0.01,1,13,10,0.1417,0.483092,5645.73
2215,KB4,ARQ,Size_Medium,100,0.01,1,13,13,0.1523,0.42735,5252.79
2216,KB4,ARQ,Size_Medium,100,0.01,1,13,6,0.126,0.584795,6349.21
2217,KB4,ARQ,Size_Medium,100,0.01,1,13,12,0.1641,0.444444,4875.08
2218,KB4,ARQ,Size_Medium,100,0.01,1,13,7,0.129,0.555556,6201.55
2219,KB4,ARQ,Size_Medium,100,0.01,1,13,15,0.1568,0.396825,5102.04
2220,KB4,ARQ,Size_Medium,100,0.01,1,13,11,0.1485,0.462963,5387.21
2221,KB4,ARQ,Size_Medium,100,0.01,1,13,21,0.1904,0.326797,4201.68
2222,KB4,ARQ,Size_Medium,100,0.01,1,13,13,0.1526,0.42735,5242.46
2223,KB4,ARQ,Size_Medium,100,0.01,1,13,7,0.1277,0.555556,6264.68
2224,KB4,ARQ,Size_Medium,100,0.01,1,13,18,0.173,0.358423,4624.28
2225,KB4,ARQ,Size_Medium,100,0.01,1,13,11,0.1457,0.462963,5490.73
2226,KB4,ARQ,Size_Medium,100,0.01,1,13,8,0.1329,0.529101,6019.56
2227,KB4,ARQ,Size_Medium,100,0.01,1,13,15,0.1945,0.396825,4113.11
2228,KB4,ARQ,Size_Medium,100,0.01,1,13,13,0.1499,0.42735,5336.89
2229,KB4,ARQ,Size_Medium,100,0.01,1,13,18,0.1793,0.358423,4461.8
2230,KB4,ARQ,Size_Medium,100,0.01,1,13,12,0.1509,0.444444,5301.52
2231,KB4,ARQ,Size_Medium,100,0.01,1,13,6,0.1238,0.584795,6462.04
2232,KB4,ARQ,Size_Medium,100,0.01,1,13,11,0.1499,0.462963,5336.89
2233,KB4,ARQ,Size_Medium,100,0.01,1,13,13,0.1533,0.42735,5218.53
2234,KB4,ARQ,Size_Medium,100,0.01,1,13,12,0.1489,0.444444,5372.73
2235,KB4,ARQ,Size_Medium,100,0.01,1,13,11,0.1363,0.462963,5869.41
2236,KB4,ARQ,Size_Medium,100,0.01,1,13,10,0.1454,0.483092,5502.06
2237,KB4,ARQ,Size_Medium,100,0.01,1,13,12,0.1537,0.444444,5204.94
2238,KB4,ARQ,Size_Medium,100,0.01,1,13,11,0.1482,0.462963,5398.11
2239,KB4,ARQ,Size_Medium,100,0.01,1,13,20,0.1874,0.3367,4268.94
2240,KB4,ARQ,Size_Medium,100,0.01,1,13,10,0.1422,0.483092,5625.88
2241,KB4,ARQ,Size_Medium,100,0.01,1,13,10,0.1446,0.483092,5532.5
2242,KB4,ARQ,Size_Medium,100,0.01,1,13,17,0.1702,0.37037,4700.35
2243,KB4,ARQ,Size_Medium,100,0.01,1,13,17,0.1703,0.37037,4697.59
2244,KB4,ARQ,Size_Medium,100,0.01,1,13,11,0.1426,0.462963,5610.1
2245,KB4,ARQ,Size_Medium,100,0.01,1,13,14,0.1624,0.411523,4926.11
2246,KB4,ARQ,Size_Medium,100,0.01,1,13,9,0.1382,0.505051,5788.71
2247,KB4,ARQ,Size_Medium,100,0.01,1,13,13,0.153,0.42735,5228.76
2248,KB4,ARQ,Size_Medium,100,0.01,1,13,13,0.1545,0.42735,5177.99
2249,KB4,ARQ,Size_Medium,100,0.01,1,13,16,0.1688,0.383142,4739.34
2250,KB4,ARQ,Size_Medium,100,0.01,1,13,4,0.1142,0.653595,7005.25
2251,KB4,ARQ,Size_Medium,100,0.01,1,13,6,0.1261,0.584795,6344.17
2252,KB4,ARQ,Size_Medium,100,0.01,1,13,15,0.1651,0.396825,4845.55
2253,KB4,ARQ,Size_Medium,100,0.01,1,13,21,0.1906,0.326797,4197.27
2254,KB4,ARQ,Size_Medium,100,0.01,1,13,10,0.1424,0.483092,5617.98
2255,KB4,ARQ,Size_Medium,100,0.01,1,13,11,0.1448,0.462963,5524.86
2256,KB4,ARQ,Size_Medium,100,0.01,1,13,6,0.1268,0.584795,6309.15
2257,KB4,ARQ,Size_Medium,100,0.01,1,13,6,0.1249,0.584795,6405.12
2258,KB4,ARQ,Size_Medium,100,0.01,1,13,16,0.1698,0.383142,4711.43
2259,KB4,ARQ,Size_Medium,100,0.01,1,13,8,0.1334,0.529101,5997
2260,KB4,ARQ,Size_Medium,100,0.01,1,13,25,0.2084,0.292398,3838.77
2261,KB4,ARQ,Size_Medium,100,0.01,1,13,13,0.1533,0.42735,5218.53
2262,KB4,ARQ,Size_Medium,100,0.01,1,13,11,0.1476,0.462963,5420.05
2263,KB4,ARQ,Size_Medium,100,0.01,1,13,20,0.1879,0.3367,4257.58
2264,KB4,ARQ,Size_Medium,100,0.01,1,13,18,0.1797,0.358423,4451.86
2265,KB4,ARQ,Size_Medium,100,0.01,1,13,23,0.1994,0.308642,4012.04
2266,KB4,ARQ,Size_Medium,100,0.01,1,13,21,0.1905,0.326797,4199.48
2267,KB4,ARQ,Size_Medium,100,0.01,1,13,12,0.151,0.444444,5298.01
2268,KB4,ARQ,Size_Medium,100,0.01,1,13,15,0.1925,0.396825,4155.84
2269,KB4,ARQ,Size_Medium,100,0.01,1,13,17,0.1711,0.37037,4675.63
2270,KB4,ARQ,Size_Medium,100,0.01,1,13,8,0.1343,0.529101,5956.81
2271,KB4,ARQ,Size_Medium,100,0.01,1,13,12,0.1516,0.444444,5277.04
2272,KB4,ARQ,Size_Medium,100,0.01,1,13,10,0.141,0.483092,5673.76
2273,KB4,ARQ,Size_Medium,100,0.01,1,13,8,0.1345,0.529101,5947.96
2274,KB4,ARQ,Size_Medium,100,0.01,1,13,21,0.1863,0.326797,4294.15
2275,KB4,ARQ,Size_Medium,100,0.01,1,13,20,0.1874,0.3367,4268.94
2276,KB4,ARQ,Size_Medium,100,0.01,1,13,9,0.134,0.505051,5970.15
2277,KB4,ARQ,Size_Medium,100,0.01,1,13,24,0.2026,0.3003,3948.67
2278,KB4,ARQ,Size_Medium,100,0.01,1,13,4,0.1625,0.653595,4923.08
2279,KB4,ARQ,Size_Medium,100,0.01,1,13,12,0.1643,0.444444,4869.14
2280,KB4,ARQ,Size_Medium,100,0.01,1,13,11,0.1516,0.462963,5277.04
2281,KB4,ARQ,Size_Medium,100,0.01,1,13,8,0.1345,0.529101,5947.96
2282,KB4,ARQ,Size_Medium,100,0.01,1,13,18,0.1846,0.358423,4333.69
2283,KB4,ARQ,Size_Medium,100,0.01,1,13,9,0.1427,0.505051,5606.17
2284,KB4,ARQ,Size_Medium,100,0.01,1,13,5,0.1198,0.617284,6677.8
2285,KB4,ARQ,Size_Medium,100,0.01,1,13,17,0.1752,0.37037,4566.21
2286,KB4,ARQ,Size_Medium,100,0.01,1,13,7,0.1319,0.555556,6065.2
2287,KB4,ARQ,Size_Medium,100,0.01,1,13,17,0.174,0.37037,4597.7
2288,KB4,ARQ,Size_Medium,100,0.01,1,13,12,0.1551,0.444444,5157.96
2289,KB4,ARQ,Size_Medium,100,0.01,1,13,12,0.1533,0.444444,5218.53
2290,KB4,ARQ,Size_Medium,100,0.01,1,13,10,0.139,0.483092,5755.4
2291,KB4,ARQ,Size_Medium,100,0.01,1,13,7,0.132,0.555556,6060.61
2292,KB4,ARQ,Size_Medium,100,0.01,1,13,14,0.1658,0.411523,4825.09
2293,KB4,ARQ,Size_Medium,100,0.01,1,13,12,0.1548,0.444444,5167.96
2294,KB4,ARQ,Size_Medium,100,0.01,1,13,16,0.173,0.383142,4624.28
2295,KB4,ARQ,Size_Medium,100,0.01,1,13,12,0.1557,0.444444,5138.09
2296,KB4,ARQ,Size_Medium,100,0.01,1,13,11,0.1499,0.462963,5336.89
2297,KB4,ARQ,Size_Medium,100,0.01,1,13,19,0.1869,0.347222,4280.36
2298,KB4,ARQ,Size_Medium,100,0.01,1,13,8,0.1366,0.529101,5856.52
2299,KB4,ARQ,Size_Medium,100,0.01,1,13,15,0.1684,0.396825,4750.59
2300,KB4,ARQ,Size_Medium,100,0.01,1,13,7,0.1318,0.555556,6069.8
2301,KB4,ARQ,Size_Medium,100,0.01,1,13,19,0.1762,0.347222,4540.3
2302,KB4,ARQ,Size_Medium,100,0.01,1,13,10,0.1444,0.483092,5540.17
2303,KB4,ARQ,Size_Medium,100,0.01,1,13,19,0.1868,0.347222,4282.66
2304,KB4,ARQ,Size_Medium,100,0.01,1,13,12,0.1551,0.444444,5157.96
2305,KB4,ARQ,Size_Medium,100,0.01,1,13,6,0.1291,0.584795,6196.75
2306,KB4,ARQ,Size_Medium,100,0.01,1,13,14,0.1651,0.411523,4845.55
2307,KB4,ARQ,Size_Medium,100,0.01,1,13,18,0.1838,0.358423,4352.56
2308,KB4,ARQ,Size_Medium,100,0.01,1,13,20,0.1923,0.3367,4160.17
2309,KB4,ARQ,Size_Medium,100,0.01,1,13,14,0.1651,0.411523,4845.55
2310,KB4,ARQ,Size_Medium,100,0.01,1,13,12,0.1552,0.444444,5154.64
2311,KB4,ARQ,Size_Medium,100,0.01,1,13,14,0.1657,0.411523,4828
2312,KB4,ARQ,Size_Medium,100,0.01,1,13,6,0.1282,0.584795,6240.25
2313,KB4,ARQ,Size_Medium,100,0.01,1,13,18,0.1802,0.358423,4439.51
2314,KB4,ARQ,Size_Medium,100,0.01,1,13,11,0.1483,0.462963,5394.47
2315,KB4,ARQ,Size_Medium,100,0.01,1,13,21,0.1931,0.326797,4142.93
2316,KB4,ARQ,Size_Medium,100,0.01,1,13,20,0.1902,0.3367,4206.1
2317,KB4,ARQ,Size_Medium,100,0.01,1,13,9,0.14,0.505051,5714.29
2318,KB4,ARQ,Size_Medium,100,0.01,1,13,25,0.2099,0.292398,3811.34
2319,KB4,ARQ,Size_Medium,100,0.01,1,13,10,0.1465,0.483092,5460.75
2320,KB4,ARQ,Size_Medium,100,0.01,1,13,10,0.1401,0.483092,5710.21
2321,KB4,ARQ,Size_Medium,100,0.01,1,13,10,0.144,0.483092,5555.56
2322,KB4,ARQ,Size_Medium,100,0.01,1,13,12,0.1533,0.444444,5218.53
2323,KB4,ARQ,Size_Medium,100,0.01,1,13,11,0.1564,0.462963,5115.09
2324,KB4,ARQ,Size_Medium,100,0.01,1,13,12,0.1556,0.444444,5141.39
2325,KB4,ARQ,Size_Medium,100,0.01,1,13,13,0.1578,0.42735,5069.71
2326,KB4,ARQ,Size_Medium,100,0.01,1,13,8,0.1358,0.529101,5891.02
2327,KB4,ARQ,Size_Medium,100,0.01,1,13,5,0.1268,0.617284,6309.15
2328,KB4,ARQ,Size_Medium,100,0.01,1,13,14,0.1636,0.411523,4889.98
2329,KB4,ARQ,Size_Medium,100,0.01,1,13,18,0.1862,0.358423,4296.46
2330,KB4,ARQ,Size_Medium,100,0.01,1,13,17,0.1731,0.37037,4621.61
2331,KB4,ARQ,Size_Medium,100,0.01,1,13,19,0.1879,0.347222,4257.58
2332,KB4,ARQ,Size_Medium,100,0.01,1,13,6,0.129,0.584795,6201.55
2333,KB4,ARQ,Size_Medium,100,0.01,1,13,24,0.2084,0.3003,3838.77
2334,KB4,ARQ,Size_Medium,100,0.01,1,13,13,0.1548,0.42735,5167.96
2335,KB4,ARQ,Size_Medium,100,0.01,1,13,12,0.1556,0.444444,5141.39
2336,KB4,ARQ,Size_Medium,100,0.01,1,13,19,0.1846,0.347222,4333.69
2337,KB4,ARQ,Size_Medium,100,0.01,1,13,12,0.1539,0.444444,5198.18
2338,KB4,ARQ,Size_Medium,100,0.01,1,13,7,0.1343,0.555556,5956.81
2339,KB4,ARQ,Size_Medium,100,0.01,1,13,19,0.1863,0.347222,4294.15
2340,KB4,ARQ,Size_Medium,100,0.01,1,13,6,0.1281,0.584795,6245.12
2341,KB4,ARQ,Size_Medium,100,0.01,1,13,7,0.1326,0.555556,6033.18
2342,KB4,ARQ,Size_Medium,100,0.01,1,13,13,0.1579,0.42735,5066.5
2343,KB4,ARQ,Size_Medium,100,0.01,1,13,22,0.201,0.31746,3980.1
2344,KB4,ARQ,Size_Medium,100,0.01,1,13,6,0.1283,0.584795,6235.39
2345,KB4,ARQ,Size_Medium,100,0.01,1,13,16,0.1706,0.383142,4689.33
2346,KB4,ARQ,Size_Medium,100,0.01,1,13,11,0.151,0.462963,5298.01
2347,KB4,ARQ,Size_Medium,100,0.01,1,13,6,0.129,0.584795,6201.55
2348,KB4,ARQ,Size_Medium,100,0.01,1,13,11,0.1492,0.462963,5361.93
2349,KB4,ARQ,Size_Medium,100,0.01,1,13,8,0.1372,0.529101,5830.9
2350,KB4,ARQ,Size_Medium,100,0.01,1,13,11,0.1519,0.462963,5266.62
2351,KB4,ARQ,Size_Medium,100,0.01,1,13,15,0.1683,0.396825,4753.42
2352,KB4,ARQ,Size_Medium,100,0.01,1,13,16,0.1751,0.383142,4568.82
2353,KB4,ARQ,Size_Medium,100,0.01,1,13,6,0.1292,0.584795,6191.95
2354,KB4,ARQ,Size_Medium,100,0.01,1,13,17,0.1761,0.37037,4542.87
2355,KB4,ARQ,Size_Medium,100,0.01,1,13,16,0.1724,0.383142,4640.37
2356,KB4,ARQ,Size_Medium,100,0.01,1,13,21,0.1934,0.326797,4136.5
2357,KB4,ARQ,Size_Medium,100,0.01,1,13,16,0.1678,0.383142,4767.58
2358,KB4,ARQ,Size_Medium,100,0.01,1,13,24,0.2281,0.3003,3507.23
2359,KB4,ARQ,Size_Medium,100,0.01,1,13,18,0.2018,0.358423,3964.32
2360,KB4,ARQ,Size_Medium,100,0.01,1,13,6,0.1274,0.584795,6279.43
2361,KB4,ARQ,Size_Medium,100,0.01,1,13,11,0.1501,0.462963,5329.78
2362,KB4,ARQ,Size_Medium,100,0.01,1,13,10,0.146,0.483092,5479.45
2363,KB4,ARQ,Size_Medium,100,0.01,1,13,19,0.189,0.347222,4232.8
2364,KB4,ARQ,Size_Medium,100,0.01,1,13,15,0.1664,0.396825,4807.69
2365,KB4,ARQ,Size_Medium,100,0.01,1,13,10,0.1475,0.483092,5423.73
2366,KB4,ARQ,Size_Medium,100,0.01,1,13,10,0.1465,0.483092,5460.75
2367,KB4,ARQ,Size_Medium,100,0.01,1,13,15,0.1695,0.396825,4719.76
2368,KB4,ARQ,Size_Medium,100,0.01,1,13,22,0.2032,0.31746,3937.01
2369,KB4,ARQ,Size_Medium,100,0.01,1,13,15,0.1693,0.396825,4725.34
2370,KB4,ARQ,Size_Medium,100,0.01,1,13,14,0.1758,0.411523,4550.63
2371,KB4,ARQ,Size_Medium,100,0.01,1,13,23,0.2008,0.308642,3984.06
2372,KB4,ARQ,Size_Medium,100,0.01,1,13,10,0.1457,0.483092,5490.73
2373,KB4,ARQ,Size_Medium,100,0.01,1,13,9,0.1367,0.505051,5852.23
2374,KB4,ARQ,Size_Medium,100,0.01,1,13,11,0.1477,0.462963,5416.38
2375,KB4,ARQ,Size_Medium,100,0.01,1,13,16,0.1685,0.383142,4747.77
2376,KB4,ARQ,Size_Medium,100,0.01,1,13,11,0.1466,0.462963,5457.03
2377,KB4,ARQ,Size_Medium,100,0.01,1,13,24,0.2018,0.3003,3964.32
2378,KB4,ARQ,Size_Medium,100,0.01,1,13,14,0.1617,0.411523,4947.43
2379,KB4,ARQ,Size_Medium,100,0.01,1,13,12,0.1489,0.444444,5372.73
2380,KB4,ARQ,Size_Medium,100,0.01,1,13,11,0.1459,0.462963,5483.21
2381,KB4,ARQ,Size_Medium,100,0.01,1,13,12,0.1496,0.444444,5347.59
2382,KB4,ARQ,Size_Medium,100,0.01,1,13,6,0.1262,0.584795,6339.14
2383,KB4,ARQ,Size_Medium,100,0.01,1,13,17,0.1732,0.37037,4618.94
2384,KB4,ARQ,Size_Medium,100,0.01,1,13,20,0.1867,0.3367,4284.95
2385,KB4,ARQ,Size_Medium,100,0.01,1,13,11,0.145,0.462963,5517.24
2386,KB4,ARQ,Size_Medium,100,0.01,1,13,20,0.1873,0.3367,4271.22
2387,KB4,ARQ,Size_Medium,100,0.01,0,13,32,0.2417,0.246914,3309.89
2388,KB4,ARQ,Size_Medium,100,0.01,1,13,17,0.171,0.37037,4678.36
2389,KB4,ARQ,Size_Medium,100,0.01,1,13,13,0.153,0.42735,5228.76
2390,KB4,ARQ,Size_Medium,100,0.01,1,13,17,0.1715,0.37037,4664.72
2391,KB4,ARQ,Size_Medium,100,0.01,1,13,4,0.1144,0.653595,6993.01
2392,KB4,ARQ,Size_Medium,100,0.01,1,13,11,0.1483,0.462963,5394.47
2393,KB4,ARQ,Size_Medium,100,0.01,1,13,19,0.1824,0.347222,4385.96
2394,KB4,ARQ,Size_Medium,100,0.01,1,13,15,0.1638,0.396825,4884
2395,KB4,ARQ,Size_Medium,100,0.01,1,13,10,0.1419,0.483092,5637.77
2396,KB4,ARQ,Size_Medium,100,0.01,1,13,20,0.1851,0.3367,4321.99
2397,KB4,ARQ,Size_Medium,100,0.01,1,13,12,0.1481,0.444444,5401.76
2398,KB4,ARQ,Size_Medium,100,0.01,1,13,18,0.1795,0.358423,4456.82
2399,KB4,ARQ,Size_Medium,100,0.01,1,13,15,0.1643,0.396825,4869.14
2400,KB4,ARQ,Size_Medium,100,0.01,1,13,11,0.1472,0.462963,5434.78
2401,KB4,ARQ,Size_Medium,100,0.01,1,13,23,0.2002,0.308642,3996
2402,KB4,ARQ,Size_Medium,100,0.01,1,13,23,0.1956,0.308642,4089.98
2403,KB4,ARQ,Size_Medium,100,0.01,1,13,21,0.1891,0.326797,4230.57
2404,KB4,ARQ,Size_Medium,100,0.01,1,13,13,0.1542,0.42735,5188.07
2405,KB4,ARQ,Size_Medium,100,0.01,1,13,18,0.1734,0.358423,4613.61
2406,KB4,ARQ,Size_Medium,100,0.01,1,13,11,0.1451,0.462963,5513.44
2407,KB4,ARQ,Size_Medium,100,0.01,1,13,16,0.1713,0.383142,4670.17
2408,KB4,ARQ,Size_Medium,100,0.01,1,13,12,0.1514,0.444444,5284.02
2409,KB4,ARQ,Size_Medium,100,0.01,1,13,14,0.1635,0.411523,4892.97
2410,KB4,ARQ,Size_Medium,100,0.01,1,13,21,0.1844,0.326797,4338.39
2411,KB4,ARQ,Size_Medium,100,0.01,1,13,12,0.1514,0.444444,5284.02
2412,KB4,ARQ,Size_Medium,100,0.01,1,13,4,0.1177,0.653595,6796.94
2413,KB4,ARQ,Size_Medium,100,0.01,1,13,21,0.1878,0.326797,4259.85
2414,KB4,ARQ,Size_Medium,100,0.01,1,13,5,0.1222,0.617284,6546.64
2415,KB4,ARQ,Size_Medium,100,0.01,1,13,6,0.126,0.584795,6349.21
2416,KB4,ARQ,Size_Medium,100,0.01,1,13,18,0.1775,0.358423,4507.04
2417,KB4,ARQ,Size_Medium,100,0.01,1,13,14,0.1645,0.411523,4863.22
2418,KB4,ARQ,Size_Medium,100,0.01,1,13,18,0.1653,0.358423,4839.69
2419,KB4,ARQ,Size_Medium,100,0.01,1,13,9,0.1336,0.505051,5988.02
2420,KB4,ARQ,Size_Medium,100,0.01,1,13,18,0.1784,0.358423,4484.3
2421,KB4,ARQ,Size_Medium,100,0.01,1,13,16,0.169,0.383142,4733.73
2422,KB4,ARQ,Size_Medium,100,0.01,1,13,15,0.1647,0.396825,4857.32
2423,KB4,ARQ,Size_Medium,100,0.01,1,13,17,0.1696,0.37037,4716.98
2424,KB4,ARQ,Size_Medium,100,0.01,1,13,14,0.1632,0.411523,4901.96
2425,KB4,ARQ,Size_Medium,100,0.01,1,13,9,0.1351,0.505051,5921.54
2426,KB4,ARQ,Size_Medium,100,0.01,1,13,14,0.1633,0.411523,4898.96
2427,KB4,ARQ,Size_Medium,100,0.01,1,13,12,0.1489,0.444444,5372.73
2428,KB4,ARQ,Size_Medium,100,0.01,1,13,10,0.1379,0.483092,5801.31
2429,KB4,ARQ,Size_Medium,100,0.01,1,13,3,0.1104,0.694444,7246.38
2430,KB4,ARQ,Size_Medium,100,0.01,1,13,18,0.172,0.358423,4651.16
2431,KB4,ARQ,Size_Medium,100,0.01,1,13,8,0.1282,0.529101,6240.25
2432,KB4,ARQ,Size_Medium,100,0.01,1,13,8,0.1306,0.529101,6125.57
2433,KB4,ARQ,Size_Medium,100,0.01,1,13,8,0.1351,0.529101,5921.54
2434,KB4,ARQ,Size_Medium,100,0.01,1,13,16,0.1679,0.383142,4764.74
2435,KB4,ARQ,Size_Medium,100,0.01,1,13,9,0.1374,0.505051,5822.42
2436,KB4,ARQ,Size_Medium,100,0.01,1,13,11,0.148,0.462963,5405.41
2437,KB4,ARQ,Size_Medium,100,0.01,1,13,14,0.1618,0.411523,4944.38
2438,KB4,ARQ,Size_Medium,100,0.01,1,13,10,0.1677,0.483092,4770.42
2439,KB4,ARQ,Size_Medium,100,0.01,1,13,19,0.3373,0.347222,2371.78
2440,KB4,ARQ,Size_Medium,100,0.01,1,13,7,0.2312,0.555556,3460.21
2441,KB4,ARQ,Size_Medium,100,0.01,1,13,16,0.1667,0.383142,4799.04
2442,KB4,ARQ,Size_Medium,100,0.01,1,13,23,0.2009,0.308642,3982.08
2443,KB4,ARQ,Size_Medium,100,0.01,1,13,17,0.1695,0.37037,4719.76
2444,KB4,ARQ,Size_Medium,100,0.01,1,13,5,0.1231,0.617284,6498.78
2445,KB4,ARQ,Size_Medium,100,0.01,1,13,14,0.1594,0.411523,5018.82
2446,KB4,ARQ,Size_Medium,100,0.01,1,13,29,0.2272,0.26455,3521.13
2447,KB4,ARQ,Size_Medium,100,0.01,1,13,17,0.1714,0.37037,4667.44
2448,KB4,ARQ,Size_Medium,100,0.01,1,13,23,0.2,0.308642,4000
2449,KB4,ARQ,Size_Medium,100,0.01,1,13,4,0.1157,0.653595,6914.43
2450,KB4,ARQ,Size_Medium,100,0.01,1,13,9,0.1367,0.505051,5852.23
2451,KB4,ARQ,Size_Medium,100,0.01,1,13,10,0.1439,0.483092,5559.42
2452,KB4,ARQ,Size_Medium,100,0.01,1,13,19,0.1806,0.347222,4429.68
2453,KB4,ARQ,Size_Medium,100,0.01,1,13,11,0.1459,0.462963,5483.21
2454,KB4,ARQ,Size_Medium,100,0.01,1,13,13,0.1542,0.42735,5188.07
2455,KB4,ARQ,Size_Medium,100,0.01,1,13,12,0.1519,0.444444,5266.62
2456,KB4,ARQ,Size_Medium,100,0.01,1,13,12,0.1505,0.444444,5315.61
2457,KB4,ARQ,Size_Medium,100,0.01,1,13,13,0.1548,0.42735,5167.96
2458,KB4,ARQ,Size_Medium,100,0.01,1,13,20,0.1863,0.3367,4294.15
2459,KB4,ARQ,Size_Medium,100,0.01,1,13,18,0.1798,0.358423,4449.39
2460,KB4,ARQ,Size_Medium,100,0.01,1,13,9,0.1373,0.505051,5826.66
2461,KB4,ARQ,Size_Medium,100,0.01,1,13,12,0.1498,0.444444,5340.45
2462,KB4,ARQ,Size_Medium,100,0.01,1,13,24,0.2068,0.3003,3868.47
2463,KB4,ARQ,Size_Medium,100,0.01,1,13,5,0.1161,0.617284,6890.61
2464,KB4,ARQ,Size_Medium,100,0.01,1,13,23,0.2018,0.308642,3964.32
2465,KB4,ARQ,Size_Medium,100,0.01,1,13,7,0.1309,0.555556,6111.54
2466,KB4,ARQ,Size_Medium,100,0.01,1,13,15,0.1648,0.396825,4854.37
2467,KB4,ARQ,Size_Medium,100,0.01,1,13,12,0.1602,0.444444,4993.76
2468,KB4,ARQ,Size_Medium,100,0.01,1,13,12,0.1466,0.444444,5457.03
2469,KB4,ARQ,Size_Medium,100,0.01,1,13,5,0.1153,0.617284,6938.42
2470,KB4,ARQ,Size_Medium,100,0.01,1,13,11,0.1419,0.462963,5637.77
2471,KB4,ARQ,Size_Medium,100,0.01,1,13,21,0.185,0.326797,4324.32
2472,KB4,ARQ,Size_Medium,100,0.01,1,13,17,0.1774,0.37037,4509.58
2473,KB4,ARQ,Size_Medium,100,0.01,1,13,13,0.1523,0.42735,5252.79
2474,KB4,ARQ,Size_Medium,100,0.01,1,13,15,0.1646,0.396825,4860.27
2475,KB4,ARQ,Size_Medium,100,0.01,1,13,17,0.1674,0.37037,4778.97
2476,KB4,ARQ,Size_Medium,100,0.01,1,13,7,0.1263,0.555556,6334.13
2477,KB4,ARQ,Size_Medium,100,0.01,1,13,18,0.2065,0.358423,3874.09
2478,KB4,ARQ,Size_Medium,100,0.01,1,13,14,0.1576,0.411523,5076.14
2479,KB4,ARQ,Size_Medium,100,0.01,1,13,10,0.1406,0.483092,5689.9
2480,KB4,ARQ,Size_Medium,100,0.01,1,13,18,0.1689,0.358423,4736.53
2481,KB4,ARQ,Size_Medium,100,0.01,1,13,9,0.1338,0.505051,5979.07
2482,KB4,ARQ,Size_Medium,100,0.01,1,13,10,0.1425,0.483092,5614.04
2483,KB4,ARQ,Size_Medium,100,0.01,1,13,15,0.1608,0.396825,4975.12
2484,KB4,ARQ,Size_Medium,100,0.01,1,13,11,0.1426,0.462963,5610.1
2485,KB4,ARQ,Size_Medium,100,0.01,1,13,11,0.1454,0.462963,5502.06
2486,KB4,ARQ,Size_Medium,100,0.01,1,13,8,0.1305,0.529101,6130.27
2487,KB4,ARQ,Size_Medium,100,0.01,1,13,19,0.1765,0.347222,4532.58
2488,KB4,ARQ,Size_Medium,100,0.01,1,13,7,0.1262,0.555556,6339.14
2489,KB4,ARQ,Size_Medium,100,0.01,1,13,10,0.1406,0.483092,5689.9
2490,KB4,ARQ,Size_Medium,100,0.01,1,13,10,0.1399,0.483092,5718.37
2491,KB4,ARQ,Size_Medium,100,0.01,1,13,15,0.1605,0.396825,4984.42
2492,KB4,ARQ,Size_Medium,100,0.01,1,13,8,0.1291,0.529101,6196.75
2493,KB4,ARQ,Size_Medium,100,0.01,1,13,17,0.1666,0.37037,4801.92
2494,KB4,ARQ,Size_Medium,100,0.01,1,13,18,0.1772,0.358423,4514.67
2495,KB4,ARQ,Size_Medium,100,0.01,1,13,13,0.1512,0.42735,5291.01
2496,KB4,ARQ,Size_Medium,100,0.01,1,13,11,0.1445,0.462963,5536.33
2497,KB4,ARQ,Size_Medium,100,0.01,1,13,13,0.1509,0.42735,5301.52
2498,KB4,ARQ,Size_Medium,100,0.01,1,13,10,0.1413,0.483092,5661.71
2499,KB4,ARQ,Size_Medium,100,0.01,1,13,11,0.1447,0.462963,5528.68
2500,KB4,ARQ,Size_Medium,100,0.01,1,13,10,0.1399,0.483092,5718.37
2501,KB4,ARQ,Size_Medium,100,0.01,1,13,5,0.1205,0.617284,6639
2502,KB4,ARQ,Size_Medium,100,0.01,1,13,19,0.1786,0.347222,4479.28
2503,KB4,ARQ,Size_Medium,100,0.01,1,13,5,0.1135,0.617284,7048.46
2504,KB4,ARQ,Size_Medium,100,0.01,1,13,4,0.1145,0.653595,6986.9
2505,KB4,ARQ,Size_Medium,100,0.01,1,13,8,0.13,0.529101,6153.85
2506,KB4,ARQ,Size_Medium,100,0.01,1,13,24,0.1949,0.3003,4104.67
2507,KB4,ARQ,Size_Medium,100,0.01,1,13,13,0.1507,0.42735,5308.56
2508,KB4,ARQ,Size_Medium,100,0.01,1,13,12,0.1477,0.444444,5416.38
2509,KB4,ARQ,Size_Medium,100,0.01,1,13,14,0.1588,0.411523,5037.78
2510,KB4,ARQ,Size_Medium,100,0.01,1,13,25,0.2039,0.292398,3923.49
2511,KB4,ARQ,Size_Medium,100,0.01,1,13,13,0.1518,0.42735,5270.09
2512,KB4,ARQ,Size_Medium,100,0.01,1,13,16,0.1659,0.383142,4822.18
2513,KB4,ARQ,Size_Medium,100,0.01,1,13,16,0.1637,0.383142,4886.99
2514,KB4,ARQ,Size_Medium,100,0.01,1,13,4,0.1135,0.653595,7048.46
2515,KB4,ARQ,Size_Medium,100,0.01,1,13,12,0.1464,0.444444,5464.48
2516,KB4,ARQ,Size_Medium,100,0.01,1,13,22,0.181,0.31746,4419.89
2517,KB4,ARQ,Size_Medium,100,0.01,1,13,31,0.2306,0.252525,3469.21
2518,KB4,ARQ,Size_Medium,100,0.01,1,13,24,0.2012,0.3003,3976.14
2519,KB4,ARQ,Size_Medium,100,0.01,1,13,4,0.1883,0.653595,4248.54
2520,KB4,ARQ,Size_Medium,100,0.01,1,13,19,0.1767,0.347222,4527.45
2521,KB4,ARQ,Size_Medium,100,0.01,1,13,2,0.1072,0.740741,7462.69
2522,KB4,ARQ,Size_Medium,100,0.01,1,13,4,0.1111,0.653595,7200.72
2523,KB4,ARQ,Size_Medium,100,0.01,1,13,13,0.1502,0.42735,5326.23
2524,KB4,ARQ,Size_Medium,100,0.01,1,13,22,0.1879,0.31746,4257.58
2525,KB4,ARQ,Size_Medium,100,0.01,1,13,7,0.1266,0.555556,6319.12
2526,KB4,ARQ,Size_Medium,100,0.01,1,13,8,0.1298,0.529101,6163.33
2527,KB4,ARQ,Size_Medium,100,0.01,1,13,17,0.166,0.37037,4819.28
2528,KB4,ARQ,Size_Medium,100,0.01,1,13,12,0.1469,0.444444,5445.88
2529,KB4,ARQ,Size_Medium,100,0.01,1,13,7,0.1243,0.555556,6436.04
2530,KB4,ARQ,Size_Medium,100,0.01,1,13,7,0.1398,0.555556,5722.46
2531,KB4,ARQ,Size_Medium,100,0.01,1,13,8,0.1288,0.529101,6211.18
2532,KB4,ARQ,Size_Medium,100,0.01,1,13,21,0.1843,0.326797,4340.75
2533,KB4,ARQ,Size_Medium,100,0.01,1,13,11,0.1439,0.462963,5559.42
2534,KB4,ARQ,Size_Medium,100,0.01,1,13,14,0.1563,0.411523,5118.36
2535,KB4,ARQ,Size_Medium,100,0.01,1,13,20,0.1833,0.3367,4364.43
2536,KB4,ARQ,Size_Medium,100,0.01,1,13,9,0.1346,0.505051,5943.54
2537,KB4,ARQ,Size_Medium,100,0.01,1,13,17,0.1667,0.37037,4799.04
2538,KB4,ARQ,Size_Medium,100,0.01,1,13,11,0.1448,0.462963,5524.86
2539,KB4,ARQ,Size_Medium,100,0.01,1,13,8,0.1245,0.529101,6425.7
2540,KB4,ARQ,Size_Medium,100,0.01,1,13,14,0.1585,0.411523,5047.32
2541,KB4,ARQ,Size_Medium,100,0.01,1,13,15,0.1608,0.396825,4975.12
2542,KB4,ARQ,Size_Medium,100,0.01,1,13,17,0.1658,0.37037,4825.09
2543,KB4,ARQ,Size_Medium,100,0.01,1,13,11,0.1436,0.462963,5571.03
2544,KB4,ARQ,Size_Medium,100,0.01,1,13,21,0.1878,0.326797,4259.85
2545,KB4,ARQ,Size_Medium,100,0.01,1,13,12,0.1469,0.444444,5445.88
2546,KB4,ARQ,Size_Medium,100,0.01,1,13,25,0.2008,0.292398,3984.06
2547,KB4,ARQ,Size_Medium,100,0.01,1,13,9,0.1303,0.505051,6139.68
2548,KB4,ARQ,Size_Medium,100,0.01,1,13,16,0.1651,0.383142,4845.55
2549,KB4,ARQ,Size_Medium,100,0.01,1,13,18,0.1763,0.358423,4537.72
2550,KB4,ARQ,Size_Medium,100,0.01,1,13,20,0.1848,0.3367,4329
2551,KB4,ARQ,Size_Medium,100,0.01,1,13,14,0.1585,0.411523,5047.32
2552,KB4,ARQ,Size_Medium,100,0.01,1,13,11,0.1433,0.462963,5582.69
2553,KB4,ARQ,Size_Medium,100,0.01,1,13,8,0.129,0.529101,6201.55
2554,KB4,ARQ,Size_Medium,100,0.01,1,13,8,0.1299,0.529101,6158.58
2555,KB4,ARQ,Size_Medium,100,0.01,1,13,8,0.1299,0.529101,6158.58
2556,KB4,ARQ,Size_Medium,100,0.01,1,13,2,0.1063,0.740741,7525.87
2557,KB4,ARQ,Size_Medium,100,0.01,1,13,10,0.1399,0.483092,5718.37
2558,KB4,ARQ,Size_Medium,100,0.01,1,13,12,0.1483,0.444444,5394.47
2559,KB4,ARQ,Size_Medium,100,0.01,1,13,14,0.157,0.411523,5095.54
2560,KB4,ARQ,Size_Medium,100,0.01,1,13,11,0.1444,0.462963,5540.17
2561,KB4,ARQ,Size_Medium,100,0.01,1,13,13,0.1527,0.42735,5239.03
2562,KB4,ARQ,Size_Medium,100,0.01,1,13,12,0.1477,0.444444,5416.38
2563,KB4,ARQ,Size_Medium,100,0.01,1,13,13,0.1498,0.42735,5340.45
2564,KB4,ARQ,Size_Medium,100,0.01,1,13,14,0.1517,0.411523,5273.57
2565,KB4,ARQ,Size_Medium,100,0.01,1,13,8,0.129,0.529101,6201.55
2566,KB4,ARQ,Size_Medium,100,0.01,1,13,9,0.1277,0.505051,6264.68
2567,KB4,ARQ,Size_Medium,100,0.01,1,13,12,0.1471,0.444444,5438.48
2568,KB4,ARQ,Size_Medium,100,0.01,1,13,19,0.176,0.347222,4545.45
2569,KB4,ARQ,Size_Medium,100,0.01,1,13,15,0.1602,0.396825,4993.76
2570,KB4,ARQ,Size_Medium,100,0.01,1,13,15,0.1619,0.396825,4941.32
2571,KB4,ARQ,Size_Medium,100,0.01,1,13,18,0.1743,0.358423,4589.79
2572,KB4,ARQ,Size_Medium,100,0.01,1,13,11,0.1589,0.462963,5034.61
2573,KB4,ARQ,Size_Medium,100,0.01,1,13,11,0.1438,0.462963,5563.28
2574,KB4,ARQ,Size_Medium,100,0.01,1,13,18,0.1708,0.358423,4683.84
2575,KB4,ARQ,Size_Medium,100,0.01,1,13,12,0.1472,0.444444,5434.78
2576,KB4,ARQ,Size_Medium,100,0.01,1,13,20,0.1804,0.3367,4434.59
2577,KB4,ARQ,Size_Medium,100,0.01,1,13,19,0.1776,0.347222,4504.5
2578,KB4,ARQ,Size_Medium,100,0.01,1,13,12,0.1482,0.444444,5398.11
2579,KB4,ARQ,Size_Medium,100,0.01,1,13,11,0.1458,0.462963,5486.97
2580,KB4,ARQ,Size_Medium,100,0.01,1,13,16,0.1608,0.383142,4975.12
2581,KB4,ARQ,Size_Medium,100,0.01,1,13,13,0.1491,0.42735,5365.53
2582,KB4,ARQ,Size_Medium,100,0.01,1,13,14,0.1902,0.411523,4206.1
2583,KB4,ARQ,Size_Medium,100,0.01,1,13,12,0.1491,0.444444,5365.53
2584,KB4,ARQ,Size_Medium,100,0.01,1,13,10,0.1412,0.483092,5665.72
2585,KB4,ARQ,Size_Medium,100,0.01,1,13,6,0.1244,0.584795,6430.87
2586,KB4,ARQ,Size_Medium,100,0.01,1,13,12,0.1457,0.444444,5490.73
2587,KB4,ARQ,Size_Medium,100,0.01,1,13,12,0.1472,0.444444,5434.78
2588,KB4,ARQ,Size_Medium,100,0.01,1,13,7,0.1255,0.555556,6374.5
2589,KB4,ARQ,Size_Medium,100,0.01,1,13,11,0.1434,0.462963,5578.8
2590,KB4,ARQ,Size_Medium,100,0.01,1,13,4,0.113,0.653595,7079.65
2591,KB4,ARQ,Size_Medium,100,0.01,1,13,15,0.1601,0.396825,4996.88
2592,KB4,ARQ,Size_Medium,100,0.01,1,13,17,0.1686,0.37037,4744.96
2593,KB4,ARQ,Size_Medium,100,0.01,1,13,21,0.1854,0.326797,4314.99
2594,KB4,ARQ,Size_Medium,100,0.01,1,13,12,0.1449,0.444444,5521.05
2595,KB4,ARQ,Size_Medium,100,0.01,1,13,15,0.1582,0.396825,5056.89
2596,KB4,ARQ,Size_Medium,100,0.01,1,13,7,0.1258,0.555556,6359.3
2597,KB4,ARQ,Size_Medium,100,0.01,1,13,11,0.1417,0.462963,5645.73
2598,KB4,ARQ,Size_Medium,100,0.01,1,13,20,0.2279,0.3367,3510.31
2599,KB4,ARQ,Size_Medium,100,0.01,1,13,7,0.1257,0.555556,6364.36
2600,KB4,ARQ,Size_Medium,100,0.01,1,13,12,0.1474,0.444444,5427.41
2601,KB4,ARQ,Size_Medium,100,0.01,1,13,17,0.1683,0.37037,4753.42
2602,KB4,ARQ,Size_Medium,100,0.01,1,13,15,0.1598,0.396825,5006.26
2603,KB4,ARQ,Size_Medium,100,0.01,1,13,11,0.144,0.462963,5555.56
2604,KB4,ARQ,Size_Medium,100,0.01,1,13,6,0.1239,0.584795,6456.82
2605,KB4,ARQ,Size_Medium,100,0.01,1,13,13,0.151,0.42735,5298.01
2606,KB4,ARQ,Size_Medium,100,0.01,1,13,10,0.1423,0.483092,5621.93
2607,KB4,ARQ,Size_Medium,100,0.01,1,13,20,0.1793,0.3367,4461.8
2608,KB4,ARQ,Size_Medium,100,0.01,1,13,11,0.1455,0.462963,5498.28
2609,KB4,ARQ,Size_Medium,100,0.01,1,13,11,0.1428,0.462963,5602.24
2610,KB4,ARQ,Size_Medium,100,0.01,1,13,16,0.1641,0.383142,4875.08
2611,KB4,ARQ,Size_Medium,100,0.01,1,13,11,0.1445,0.462963,5536.33
2612,KB4,ARQ,Size_Medium,100,0.01,1,13,14,0.157,0.411523,5095.54
2613,KB4,ARQ,Size_Medium,100,0.01,1,13,16,0.1651,0.383142,4845.55
2614,KB4,ARQ,Size_Medium,100,0.01,1,13,15,0.163,0.396825,4907.98
2615,KB4,ARQ,Size_Medium,100,0.01,1,13,6,0.1231,0.584795,6498.78
2616,KB4,ARQ,Size_Medium,100,0.01,1,13,13,0.1503,0.42735,5322.69
2617,KB4,ARQ,Size_Medium,100,0.01,1,13,14,0.1591,0.411523,5028.28
2618,KB4,ARQ,Size_Medium,100,0.01,1,13,12,0.1466,0.444444,5457.03
2619,KB4,ARQ,Size_Medium,100,0.01,1,13,14,0.1585,0.411523,5047.32
2620,KB4,ARQ,Size_Medium,100,0.01,1,13,18,0.1661,0.358423,4816.38
2621,KB4,ARQ,Size_Medium,100,0.01,1,13,5,0.1151,0.617284,6950.48
2622,KB4,ARQ,Size_Medium,100,0.01,1,13,14,0.1587,0.411523,5040.96
2623,KB4,ARQ,Size_Medium,100,0.01,1,13,21,0.1873,0.326797,4271.22
2624,KB4,ARQ,Size_Medium,100,0.01,1,13,24,0.2305,0.3003,3470.72
2625,KB4,ARQ,Size_Medium,100,0.01,1,13,15,0.1606,0.396825,4981.32
2626,KB4,ARQ,Size_Medium,100,0.01,1,13,24,0.199,0.3003,4020.1
2627,KB4,ARQ,Size_Medium,100,0.01,1,13,12,0.1471,0.444444,5438.48
2628,KB4,ARQ,Size_Medium,100,0.01,1,13,12,0.1461,0.444444,5475.7
2629,KB4,ARQ,Size_Medium,100,0.01,1,13,12,0.1452,0.444444,5509.64
2630,KB4,ARQ,Size_Medium,100,0.01,1,13,10,0.1409,0.483092,5677.79
2631,KB4,ARQ,Size_Medium,100,0.01,1,13,18,0.1752,0.358423,4566.21
2632,KB4,ARQ,Size_Medium,100,0.01,1,13,15,0.1594,0.396825,5018.82
2633,KB4,ARQ,Size_Medium,100,0.01,1,13,19,0.175,0.347222,4571.43
2634,KB4,ARQ,Size_Medium,100,0.01,1,13,33,0.2514,0.241546,3182.18
2635,KB4,ARQ,Size_Medium,100,0.01,1,13,12,0.1476,0.444444,5420.05
2636,KB4,ARQ,Size_Medium,100,0.01,1,13,19,0.1765,0.347222,4532.58
2637,KB4,ARQ,Size_Medium,100,0.01,1,13,14,0.1581,0.411523,5060.09
2638,KB4,ARQ,Size_Medium,100,0.01,1,13,21,0.1875,0.326797,4266.67
2639,KB4,ARQ,Size_Medium,100,0.01,1,13,15,0.1611,0.396825,4965.86
2640,KB4,ARQ,Size_Medium,100,0.01,1,13,18,0.1763,0.358423,4537.72
2641,KB4,ARQ,Size_Medium,100,0.01,1,13,15,0.1573,0.396825,5085.82
2642,KB4,ARQ,Size_Medium,100,0.01,1,13,10,0.1408,0.483092,5681.82
2643,KB4,ARQ,Size_Medium,100,0.01,1,13,13,0.1536,0.42735,5208.33
2644,KB4,ARQ,Size_Medium,100,0.01,1,13,8,0.1295,0.529101,6177.61
2645,KB4,ARQ,Size_Medium,100,0.01,1,13,21,0.1837,0.326797,4354.93
2646,KB4,ARQ,Size_Medium,100,0.01,1,13,14,0.1586,0.411523,5044.14
2647,KB4,ARQ,Size_Medium,100,0.01,1,13,15,0.1605,0.396825,4984.42
2648,KB4,ARQ,Size_Medium,100,0.01,1,13,8,0.1305,0.529101,6130.27
2649,KB4,ARQ,Size_Medium,100,0.01,1,13,12,0.1483,0.444444,5394.47
2650,KB4,ARQ,Size_Medium,100,0.01,1,13,14,0.1594,0.411523,5018.82
2651,KB4,ARQ,Size_Medium,100,0.01,1,13,11,0.14,0.462963,5714.29
2652,KB4,ARQ,Size_Medium,100,0.01,1,13,7,0.128,0.555556,6250
2653,KB4,ARQ,Size_Medium,100,0.01,1,13,17,0.1705,0.37037,4692.08
2654,KB4,ARQ,Size_Medium,100,0.01,1,13,8,0.1294,0.529101,6182.38
2655,KB4,ARQ,Size_Medium,100,0.01,1,13,9,0.131,0.505051,6106.87
2656,KB4,ARQ,Size_Medium,100,0.01,1,13,5,0.1205,0.617284,6639
2657,KB4,ARQ,Size_Medium,100,0.01,1,13,8,0.1303,0.529101,6139.68
2658,KB4,ARQ,Size_Medium,100,0.01,1,13,7,0.1255,0.555556,6374.5
2659,KB4,ARQ,Size_Medium,100,0.01,1,13,21,0.1862,0.326797,4296.46
2660,KB4,ARQ,Size_Medium,100,0.01,1,13,24,0.1979,0.3003,4042.45
2661,KB4,ARQ,Size_Medium,100,0.01,1,13,9,0.1328,0.505051,6024.1
2662,KB4,ARQ,Size_Medium,100,0.01,1,13,9,0.1335,0.505051,5992.51
2663,KB4,ARQ,Size_Medium,100,0.01,1,13,16,0.1652,0.383142,4842.62
2664,KB4,ARQ,Size_Medium,100,0.01,1,13,12,0.1476,0.444444,5420.05
2665,KB4,ARQ,Size_Medium,100,0.01,1,13,4,0.1129,0.653595,7085.92
2666,KB4,ARQ,Size_Medium,100,0.01,1,13,7,0.1271,0.555556,6294.26
2667,KB4,ARQ,Size_Medium,100,0.01,1,13,18,0.172,0.358423,4651.16
2668,KB4,ARQ,Size_Medium,100,0.01,1,13,17,0.1687,0.37037,4742.15
2669,KB4,ARQ,Size_Medium,100,0.01,1,13,14,0.1582,0.411523,5056.89
2670,KB4,ARQ,Size_Medium,100,0.01,1,13,14,0.1613,0.411523,4959.7
2671,KB4,ARQ,Size_Medium,100,0.01,1,13,15,0.1613,0.396825,4959.7
2672,KB4,ARQ,Size_Medium,100,0.01,1,13,10,0.1401,0.483092,5710.21
2673,KB4,ARQ,Size_Medium,100,0.01,1,13,23,0.1951,0.308642,4100.46
2674,KB4,ARQ,Size_Medium,100,0.01,1,13,7,0.1278,0.555556,6259.78
2675,KB4,ARQ,Size_Medium,100,0.01,1,13,23,0.2265,0.308642,3532.01
2676,KB4,ARQ,Size_Medium,100,0.01,1,13,19,0.1746,0.347222,4581.9
2677,KB4,ARQ,Size_Medium,100,0.01,1,13,16,0.1645,0.383142,4863.22
2678,KB4,ARQ,Size_Medium,100,0.01,1,13,14,0.1508,0.411523,5305.04
2679,KB4,ARQ,Size_Medium,100,0.01,1,13,19,0.1804,0.347222,4434.59
2680,KB4,ARQ,Size_Medium,100,0.01,1,13,21,0.2398,0.326797,3336.11
2681,KB4,ARQ,Size_Medium,100,0.01,1,13,13,0.1643,0.42735,4869.14
2682,KB4,ARQ,Size_Medium,100,0.01,1,13,10,0.1311,0.483092,6102.21
2683,KB4,ARQ,Size_Medium,100,0.01,1,13,11,0.144,0.462963,5555.56
2684,KB4,ARQ,Size_Medium,100,0.01,1,13,8,0.1298,0.529101,6163.33
2685,KB4,ARQ,Size_Medium,100,0.01,1,13,9,0.1644,0.505051,4866.18
2686,KB4,ARQ,Size_Medium,100,0.01,1,13,19,0.1747,0.347222,4579.28
2687,KB4,ARQ,Size_Medium,100,0.01,1,13,14,0.1605,0.411523,4984.42
2688,KB4,ARQ,Size_Medium,100,0.01,1,13,8,0.1309,0.529101,6111.54
2689,KB4,ARQ,Size_Medium,100,0.01,1,13,9,0.1338,0.505051,5979.07
2690,KB4,ARQ,Size_Medium,100,0.01,1,13,15,0.1637,0.396825,4886.99
2691,KB4,ARQ,Size_Medium,100,0.01,1,13,13,0.1524,0.42735,5249.34
2692,KB4,ARQ,Size_Medium,100,0.01,1,13,8,0.1316,0.529101,6079.03
2693,KB4,ARQ,Size_Medium,100,0.01,1,13,11,0.1442,0.462963,5547.85
2694,KB4,ARQ,Size_Medium,100,0.01,1,13,10,0.141,0.483092,5673.76
2695,KB4,ARQ,Size_Medium,100,0.01,1,13,14,0.1601,0.411523,4996.88
2696,KB4,ARQ,Size_Medium,100,0.01,1,13,9,0.1335,0.505051,5992.51
2697,KB4,ARQ,Size_Medium,100,0.01,1,13,5,0.1206,0.617284,6633.5
2698,KB4,ARQ,Size_Medium,100,0.01,1,13,11,0.143,0.462963,5594.41
2699,KB4,ARQ,Size_Medium,100,0.01,1,13,15,0.1606,0.396825,4981.32
2700,KB4,ARQ,Size_Medium,100,0.01,1,13,11,0.1437,0.462963,5567.15
2701,KB4,ARQ,Size_Medium,100,0.01,1,13,24,0.2011,0.3003,3978.12
2702,KB4,ARQ,Size_Medium,100,0.01,1,13,19,0.1813,0.347222,4412.58
2703,KB4,ARQ,Size_Medium,100,0.01,1,13,10,0.142,0.483092,5633.8
2704,KB4,ARQ,Size_Medium,100,0.01,1,13,18,0.17,0.358423,4705.88
2705,KB4,ARQ,Size_Medium,100,0.01,1,13,16,0.1653,0.383142,4839.69
2706,KB4,ARQ,Size_Medium,100,0.01,1,13,4,0.1118,0.653595,7155.64
2707,KB4,ARQ,Size_Medium,100,0.01,1,13,17,0.166,0.37037,4819.28
2708,KB4,ARQ,Size_Medium,100,0.01,1,13,6,0.1238,0.584795,6462.04
2709,KB4,ARQ,Size_Medium,100,0.01,1,13,19,0.1771,0.347222,4517.22
2710,KB4,ARQ,Size_Medium,100,0.01,1,13,13,0.1513,0.42735,5287.51
2711,KB4,ARQ,Size_Medium,100,0.01,1,13,6,0.1254,0.584795,6379.59
2712,KB4,ARQ,Size_Medium,100,0.01,1,13,8,0.1284,0.529101,6230.53
2713,KB4,ARQ,Size_Medium,100,0.01,1,13,16,0.164,0.383142,4878.05
2714,KB4,ARQ,Size_Medium,100,0.01,1,13,6,0.123,0.584795,6504.07
2715,KB4,ARQ,Size_Medium,100,0.01,1,13,11,0.1444,0.462963,5540.17
2716,KB4,ARQ,Size_Medium,100,0.01,1,13,8,0.1288,0.529101,6211.18
2717,KB4,ARQ,Size_Medium,100,0.01,1,13,9,0.1357,0.505051,5895.36
2718,KB4,ARQ,Size_Medium,100,0.01,1,13,26,0.2026,0.2849,3948.67
2719,KB4,ARQ,Size_Medium,100,0.01,1,13,8,0.129,0.529101,6201.55
2720,KB4,ARQ,Size_Medium,100,0.01,1,13,12,0.1476,0.444444,5420.05
2721,KB4,ARQ,Size_Medium,100,0.01,1,13,19,0.1783,0.347222,4486.82
2722,KB4,ARQ,Size_Medium,100,0.01,1,13,16,0.1652,0.383142,4842.62
2723,KB4,ARQ,Size_Medium,100,0.01,1,13,27,0.2079,0.277778,3848
2724,KB4,ARQ,Size_Medium,100,0.01,1,13,14,0.1572,0.411523,5089.06
2725,KB4,ARQ,Size_Medium,100,0.01,1,13,9,0.1317,0.505051,6074.41
2726,KB4,ARQ,Size_Medium,100,0.01,1,13,15,0.1633,0.396825,4898.96
2727,KB4,ARQ,Size_Medium,100,0.01,1,13,10,0.1729,0.483092,4626.95
2728,KB4,ARQ,Size_Medium,100,0.01,1,13,8,0.1283,0.529101,6235.39
2729,KB4,ARQ,Size_Medium,100,0.01,1,13,3,0.1093,0.694444,7319.3
2730,KB4,ARQ,Size_Medium,100,0.01,1,13,10,0.141,0.483092,5673.76
2731,KB4,ARQ,Size_Medium,100,0.01,1,13,9,0.1334,0.505051,5997
2732,KB4,ARQ,Size_Medium,100,0.01,1,13,17,0.1696,0.37037,4716.98
2733,KB4,ARQ,Size_Medium,100,0.01,1,13,8,0.1312,0.529101,6097.56
2734,KB4,ARQ,Size_Medium,100,0.01,1,13,16,0.1653,0.383142,4839.69
2735,KB4,ARQ,Size_Medium,100,0.01,1,13,19,0.1781,0.347222,4491.86
2736,KB4,ARQ,Size_Medium,100,0.01,1,13,10,0.1404,0.483092,5698.01
2737,KB4,ARQ,Size_Medium,100,0.01,1,13,14,0.1584,0.411523,5050.51
2738,KB4,ARQ,Size_Medium,100,0.01,1,13,12,0.162,0.444444,4938.27
2739,KB4,ARQ,Size_Medium,100,0.01,1,13,11,0.1441,0.462963,5551.7
2740,KB4,ARQ,Size_Medium,100,0.01,1,13,20,0.1795,0.3367,4456.82
2741,KB4,ARQ,Size_Medium,100,0.01,1,13,8,0.1299,0.529101,6158.58
2742,KB4,ARQ,Size_Medium,100,0.01,1,13,13,0.1519,0.42735,5266.62
2743,KB4,ARQ,Size_Medium,100,0.01,1,13,10,0.1419,0.483092,5637.77
2744,KB4,ARQ,Size_Medium,100,0.01,1,13,10,0.1338,0.483092,5979.07
2745,KB4,ARQ,Size_Medium,100,0.01,1,13,8,0.1295,0.529101,6177.61
2746,KB4,ARQ,Size_Medium,100,0.01,1,13,5,0.1205,0.617284,6639
2747,KB4,ARQ,Size_Medium,100,0.01,1,13,9,0.1336,0.505051,5988.02
2748,KB4,ARQ,Size_Medium,100,0.01,1,13,15,0.16,0.396825,5000
2749,KB4,ARQ,Size_Medium,100,0.01,1,13,22,0.1842,0.31746,4343.11
2750,KB4,ARQ,Size_Medium,100,0.01,1,13,7,0.1259,0.555556,6354.25
2751,KB4,ARQ,Size_Medium,100,0.01,1,13,11,0.1447,0.462963,5528.68
2752,KB4,ARQ,Size_Medium,100,0.01,1,13,12,0.1436,0.444444,5571.03
2753,KB4,ARQ,Size_Medium,100,0.01,1,13,18,0.1769,0.358423,4522.33
2754,KB4,ARQ,Size_Medium,100,0.01,1,13,20,0.1827,0.3367,4378.76
2755,KB4,ARQ,Size_Medium,100,0.01,1,13,9,0.131,0.505051,6106.87
2756,KB4,ARQ,Size_Medium,100,0.01,1,13,9,0.1319,0.505051,6065.2
2757,KB4,ARQ,Size_Medium,100,0.01,1,13,13,0.1497,0.42735,5344.02
2758,KB4,ARQ,Size_Medium,100,0.01,1,13,20,0.1799,0.3367,4446.91
2759,KB4,ARQ,Size_Medium,100,0.01,1,13,26,0.2095,0.2849,3818.62
2760,KB4,ARQ,Size_Medium,100,0.01,1,13,14,0.1582,0.411523,5056.89
2761,KB4,ARQ,Size_Medium,100,0.01,1,13,6,0.123,0.584795,6504.07
2762,KB4,ARQ,Size_Medium,100,0.01,1,13,8,0.1291,0.529101,6196.75
2763,KB4,ARQ,Size_Medium,100,0.01,1,13,15,0.1626,0.396825,4920.05
2764,KB4,ARQ,Size_Medium,100,0.01,1,13,20,0.2586,0.3367,3093.58
2765,KB4,ARQ,Size_Medium,100,0.01,1,13,20,0.1821,0.3367,4393.19
2766,KB4,ARQ,Size_Medium,100,0.01,1,13,9,0.1333,0.505051,6001.5
2767,KB4,ARQ,Size_Medium,100,0.01,1,13,23,0.1934,0.308642,4136.5
2768,KB4,ARQ,Size_Medium,100,0.01,1,13,12,0.1469,0.444444,5445.88
2769,KB4,ARQ,Size_Medium,100,0.01,1,13,13,0.1505,0.42735,5315.61
2770,KB4,ARQ,Size_Medium,100,0.01,1,13,22,0.1881,0.31746,4253.06
2771,KB4,ARQ,Size_Medium,100,0.01,1,13,10,0.1409,0.483092,5677.79
2772,KB4,ARQ,Size_Medium,100,0.01,1,13,8,0.1311,0.529101,6102.21
2773,KB4,ARQ,Size_Medium,100,0.01,1,13,8,0.1289,0.529101,6206.36
2774,KB4,ARQ,Size_Medium,100,0.01,1,13,22,0.1904,0.31746,4201.68
2775,KB4,ARQ,Size_Medium,100,0.01,1,13,8,0.1281,0.529101,6245.12
2776,KB4,ARQ,Size_Medium,100,0.01,1,13,13,0.149,0.42735,5369.13
2777,KB4,ARQ,Size_Medium,100,0.01,1,13,13,0.1495,0.42735,5351.17
2778,KB4,ARQ,Size_Medium,100,0.01,1,13,18,0.1755,0.358423,4558.4
2779,KB4,ARQ,Size_Medium,100,0.01,1,13,10,0.1698,0.483092,4711.43
2780,KB4,ARQ,Size_Medium,100,0.01,1,13,17,0.1669,0.37037,4793.29
2781,KB4,ARQ,Size_Medium,100,0.01,1,13,6,0.1197,0.584795,6683.38
2782,KB4,ARQ,Size_Medium,100,0.01,1,13,9,0.1344,0.505051,5952.38
2783,KB4,ARQ,Size_Medium,100,0.01,1,13,15,0.1616,0.396825,4950.5
2784,KB4,ARQ,Size_Medium,100,0.01,1,13,22,0.195,0.31746,4102.56
2785,KB4,ARQ,Size_Medium,100,0.01,1,13,11,0.1443,0.462963,5544.01
2786,KB4,ARQ,Size_Medium,100,0.01,1,13,8,0.1301,0.529101,6149.12
2787,KB4,ARQ,Size_Medium,100,0.01,1,13,10,0.1385,0.483092,5776.17
2788,KB4,ARQ,Size_Medium,100,0.01,1,13,17,0.1698,0.37037,4711.43
2789,KB4,ARQ,Size_Medium,100,0.01,1,13,21,0.215,0.326797,3720.93
2790,KB4,ARQ,Size_Medium,100,0.01,1,13,12,0.1463,0.444444,5468.22
2791,KB4,ARQ,Size_Medium,100,0.01,1,13,11,0.1453,0.462963,5505.85
2792,KB4,ARQ,Size_Medium,100,0.01,1,13,3,0.1093,0.694444,7319.3
2793,KB4,ARQ,Size_Medium,100,0.01,1,13,16,0.1631,0.383142,4904.97
2794,KB4,ARQ,Size_Medium,100,0.01,1,13,11,0.1455,0.462963,5498.28
2795,KB4,ARQ,Size_Medium,100,0.01,1,13,20,0.1803,0.3367,4437.05
2796,KB4,ARQ,Size_Medium,100,0.01,1,13,9,0.1333,0.505051,6001.5
2797,KB4,ARQ,Size_Medium,100,0.01,1,13,20,0.1804,0.3367,4434.59
2798,KB4,ARQ,Size_Medium,100,0.01,1,13,13,0.1502,0.42735,5326.23
2799,KB4,ARQ,Size_Medium,100,0.01,1,13,11,0.1441,0.462963,5551.7
2800,KB4,ARQ,Size_Medium,100,0.01,1,13,7,0.1294,0.555556,6182.38
2801,KB4,ARQ,Size_Medium,100,0.01,1,13,13,0.1503,0.42735,5322.69
2802,KB4,ARQ,Size_Medium,100,0.01,1,13,13,0.1515,0.42735,5280.53
2803,KB4,ARQ,Size_Medium,100,0.01,1,13,16,0.1639,0.383142,4881.03
2804,KB4,ARQ,Size_Medium,100,0.01,1,13,11,0.1432,0.462963,5586.59
2805,KB4,ARQ,Size_Medium,100,0.01,1,13,11,0.1436,0.462963,5571.03
2806,KB4,ARQ,Size_Medium,100,0.01,1,13,11,0.1405,0.462963,5693.95
2807,KB4,ARQ,Size_Medium,100,0.01,1,13,17,0.1695,0.37037,4719.76
2808,KB4,ARQ,Size_Medium,100,0.01,1,13,6,0.1225,0.584795,6530.61
2809,KB4,ARQ,Size_Medium,100,0.01,1,13,7,0.1259,0.555556,6354.25
2810,KB4,ARQ,Size_Medium,100,0.01,1,13,10,0.1393,0.483092,5743
2811,KB4,ARQ,Size_Medium,100,0.01,1,13,14,0.1568,0.411523,5102.04
2812,KB4,ARQ,Size_Medium,100,0.01,1,13,21,0.1842,0.326797,4343.11
2813,KB4,ARQ,Size_Medium,100,0.01,1,13,9,0.1326,0.505051,6033.18
2814,KB4,ARQ,Size_Medium,100,0.01,1,13,15,0.1625,0.396825,4923.08
2815,KB4,ARQ,Size_Medium,100,0.01,1,13,17,0.166,0.37037,4819.28
2816,KB4,ARQ,Size_Medium,100,0.01,1,13,11,0.144,0.462963,5555.56
2817,KB4,ARQ,Size_Medium,100,0.01,1,13,6,0.123,0.584795,6504.07
2818,KB4,ARQ,Size_Medium,100,0.01,1,13,8,0.1302,0.529101,6144.39
2819,KB4,ARQ,Size_Medium,100,0.01,1,13,16,0.1652,0.383142,4842.62
2820,KB4,ARQ,Size_Medium,100,0.01,1,13,18,0.1705,0.358423,4692.08
2821,KB4,ARQ,Size_Medium,100,0.01,1,13,6,0.1245,0.584795,6425.7
2822,KB4,ARQ,Size_Medium,100,0.01,1,13,17,0.1654,0.37037,4836.76
2823,KB4,ARQ,Size_Medium,100,0.01,1,13,16,0.1654,0.383142,4836.76
2824,KB4,ARQ,Size_Medium,100,0.01,1,13,12,0.1462,0.444444,5471.96
2825,KB4,ARQ,Size_Medium,100,0.01,1,13,8,0.128,0.529101,6250
2826,KB4,ARQ,Size_Medium,100,0.01,1,13,15,0.1588,0.396825,5037.78
2827,KB4,ARQ,Size_Medium,100,0.01,1,13,14,0.16,0.411523,5000
2828,KB4,ARQ,Size_Medium,100,0.01,1,13,17,0.1679,0.37037,4764.74
2829,KB4,ARQ,Size_Medium,100,0.01,1,13,5,0.1187,0.617284,6739.68
2830,KB4,ARQ,Size_Medium,100,0.01,1,13,18,0.1752,0.358423,4566.21
2831,KB4,ARQ,Size_Medium,100,0.01,1,13,16,0.164,0.383142,4878.05
2832,KB4,ARQ,Size_Medium,100,0.01,1,13,12,0.1795,0.444444,4456.82
2833,KB4,ARQ,Size_Medium,100,0.01,1,13,10,0.1408,0.483092,5681.82
2834,KB4,ARQ,Size_Medium,100,0.01,1,13,15,0.1616,0.396825,4950.5
2835,KB4,ARQ,Size_Medium,100,0.01,1,13,17,0.1654,0.37037,4836.76
2836,KB4,ARQ,Size_Medium,100,0.01,1,13,18,0.1694,0.358423,4722.55
2837,KB4,ARQ,Size_Medium,100,0.01,1,13,14,0.1595,0.411523,5015.67
2838,KB4,ARQ,Size_Medium,100,0.01,1,13,16,0.1664,0.383142,4807.69
2839,KB4,ARQ,Size_Medium,100,0.01,1,13,17,0.167,0.37037,4790.42
2840,KB4,ARQ,Size_Medium,100,0.01,1,13,6,0.1237,0.584795,6467.26
2841,KB4,ARQ,Size_Medium,100,0.01,1,13,9,0.1351,0.505051,5921.54
2842,KB4,ARQ,Size_Medium,100,0.01,1,13,26,0.2384,0.2849,3355.7
2843,KB4,ARQ,Size_Medium,100,0.01,1,13,21,0.1871,0.326797,4275.79
2844,KB4,ARQ,Size_Medium,100,0.01,1,13,6,0.1221,0.584795,6552.01
2845,KB4,ARQ,Size_Medium,100,0.01,1,13,13,0.1495,0.42735,5351.17
2846,KB4,ARQ,Size_Medium,100,0.01,1,13,11,0.1397,0.462963,5726.56
2847,KB4,ARQ,Size_Medium,100,0.01,1,13,12,0.2291,0.444444,3491.92
2848,KB4,ARQ,Size_Medium,100,0.01,1,13,13,0.1753,0.42735,4563.61
2849,KB4,ARQ,Size_Medium,100,0.01,1,13,12,0.1487,0.444444,5379.96
2850,KB4,ARQ,Size_Medium,100,0.01,1,13,16,0.1644,0.383142,4866.18
2851,KB4,ARQ,Size_Medium,100,0.01,1,13,8,0.1276,0.529101,6269.59
2852,KB4,ARQ,Size_Medium,100,0.01,1,13,21,0.185,0.326797,4324.32
2853,KB4,ARQ,Size_Medium,100,0.01,1,13,8,0.1295,0.529101,6177.61
2854,KB4,ARQ,Size_Medium,100,0.01,1,13,7,0.1276,0.555556,6269.59
2855,KB4,ARQ,Size_Medium,100,0.01,1,13,19,0.1774,0.347222,4509.58
2856,KB4,ARQ,Size_Medium,100,0.01,1,13,6,0.1238,0.584795,6462.04
2857,KB4,ARQ,Size_Medium,100,0.01,1,13,15,0.1607,0.396825,4978.22
2858,KB4,ARQ,Size_Medium,100,0.01,1,13,10,0.1394,0.483092,5738.88
2859,KB4,ARQ,Size_Medium,100,0.01,1,13,19,0.1772,0.347222,4514.67
2860,KB4,ARQ,Size_Medium,100,0.01,1,13,15,0.161,0.396825,4968.94
2861,KB4,ARQ,Size_Medium,100,0.01,1,13,5,0.1203,0.617284,6650.04
2862,KB4,ARQ,Size_Medium,100,0.01,1,13,10,0.1425,0.483092,5614.04
2863,KB4,ARQ,Size_Medium,100,0.01,1,13,12,0.1486,0.444444,5383.58
2864,KB4,ARQ,Size_Medium,100,0.01,1,13,18,0.176,0.358423,4545.45
2865,KB4,ARQ,Size_Medium,100,0.01,1,13,19,0.179,0.347222,4469.27
2866,KB4,ARQ,Size_Medium,100,0.01,1,13,3,0.1106,0.694444,7233.27
2867,KB4,ARQ,Size_Medium,100,0.01,1,13,17,0.1677,0.37037,4770.42
2868,KB4,ARQ,Size_Medium,100,0.01,1,13,20,0.183,0.3367,4371.58
2869,KB4,ARQ,Size_Medium,100,0.01,1,13,5,0.12,0.617284,6666.67
2870,KB4,ARQ,Size_Medium,100,0.01,1,13,20,0.1816,0.3367,4405.29
2871,KB4,ARQ,Size_Medium,100,0.01,1,13,11,0.1436,0.462963,5571.03
2872,KB4,ARQ,Size_Medium,100,0.01,1,13,11,0.1436,0.462963,5571.03
2873,KB4,ARQ,Size_Medium,100,0.01,1,13,20,0.1825,0.3367,4383.56
2874,KB4,ARQ,Size_Medium,100,0.01,1,13,15,0.1611,0.396825,4965.86
2875,KB4,ARQ,Size_Medium,100,0.01,1,13,20,0.1818,0.3367,4400.44
2876,KB4,ARQ,Size_Medium,100,0.01,1,13,22,0.1868,0.31746,4282.66
2877,KB4,ARQ,Size_Medium,100,0.01,1,13,18,0.1766,0.358423,4530.01
2878,KB4,ARQ,Size_Medium,100,0.01,1,13,12,0.1482,0.444444,5398.11
2879,KB4,ARQ,Size_Medium,100,0.01,1,13,7,0.1271,0.555556,6294.26
2880,KB4,ARQ,Size_Medium,100,0.01,1,13,7,0.1261,0.555556,6344.17
2881,KB4,ARQ,Size_Medium,100,0.01,1,13,17,0.1675,0.37037,4776.12
2882,KB4,ARQ,Size_Medium,100,0.01,1,13,13,0.1505,0.42735,5315.61
2883,KB4,ARQ,Size_Medium,100,0.01,1,13,10,0.1712,0.483092,4672.9
2884,KB4,ARQ,Size_Medium,100,0.01,1,13,15,0.1622,0.396825,4932.18
2885,KB4,ARQ,Size_Medium,100,0.01,1,13,7,0.1269,0.555556,6304.18
2886,KB4,ARQ,Size_Medium,100,0.01,1,13,8,0.1303,0.529101,6139.68
2887,KB4,ARQ,Size_Medium,100,0.01,1,13,9,0.13,0.505051,6153.85
2888,KB4,ARQ,Size_Medium,100,0.01,1,13,16,0.1683,0.383142,4753.42
2889,KB4,ARQ,Size_Medium,100,0.01,1,13,20,0.1819,0.3367,4398.02
2890,KB4,ARQ,Size_Medium,100,0.01,1,13,18,0.1753,0.358423,4563.61
2891,KB4,ARQ,Size_Medium,100,0.01,1,13,14,0.1596,0.411523,5012.53
2892,KB4,ARQ,Size_Medium,100,0.01,1,13,10,0.1415,0.483092,5653.71
2893,KB4,ARQ,Size_Medium,100,0.01,1,13,14,0.1867,0.411523,4284.95
2894,KB4,ARQ,Size_Medium,100,0.01,1,13,13,0.1508,0.42735,5305.04
2895,KB4,ARQ,Size_Medium,100,0.01,1,13,17,0.1679,0.37037,4764.74
2896,KB4,ARQ,Size_Medium,100,0.01,1,13,16,0.1641,0.383142,4875.08
2897,KB4,ARQ,Size_Medium,100,0.01,1,13,15,0.1612,0.396825,4962.78
2898,KB4,ARQ,Size_Medium,100,0.01,1,13,19,0.1715,0.347222,4664.72
2899,KB4,ARQ,Size_Medium,100,0.01,1,13,11,0.1424,0.462963,5617.98
2900,KB4,ARQ,Size_Medium,100,0.01,1,13,11,0.1432,0.462963,5586.59
2901,KB4,ARQ,Size_Medium,100,0.01,1,13,11,0.1449,0.462963,5521.05
2902,KB4,ARQ,Size_Medium,100,0.01,1,13,7,0.1268,0.555556,6309.15
2903,KB4,ARQ,Size_Medium,100,0.01,1,13,10,0.1316,0.483092,6079.03
2904,KB4,ARQ,Size_Medium,100,0.01,1,13,12,0.1491,0.444444,5365.53
2905,KB4,ARQ,Size_Medium,100,0.01,1,13,18,0.1687,0.358423,4742.15
2906,KB4,ARQ,Size_Medium,100,0.01,1,13,11,0.1436,0.462963,5571.03
2907,KB4,ARQ,Size_Medium,100,0.01,1,13,20,0.1815,0.3367,4407.71
2908,KB4,ARQ,Size_Medium,100,0.01,1,13,8,0.1294,0.529101,6182.38
2909,KB4,ARQ,Size_Medium,100,0.01,1,13,12,0.146,0.444444,5479.45
2910,KB4,ARQ,Size_Medium,100,0.01,1,13,15,0.1616,0.396825,4950.5
2911,KB4,ARQ,Size_Medium,100,0.01,1,13,5,0.115,0.617284,6956.52
2912,KB4,ARQ,Size_Medium,100,0.01,1,13,16,0.1639,0.383142,4881.03
2913,KB4,ARQ,Size_Medium,100,0.01,1,13,13,0.1516,0.42735,5277.04
2914,KB4,ARQ,Size_Medium,100,0.01,1,13,13,0.152,0.42735,5263.16
2915,KB4,ARQ,Size_Medium,100,0.01,1,13,13,0.1484,0.42735,5390.84
2916,KB4,ARQ,Size_Medium,100,0.01,1,13,12,0.1411,0.444444,5669.74
2917,KB4,ARQ,Size_Medium,100,0.01,1,13,15,0.1629,0.396825,4910.99
2918,KB4,ARQ,Size_Medium,100,0.01,1,13,17,0.1588,0.37037,5037.78
2919,KB4,ARQ,Size_Medium,100,0.01,1,13,5,0.1129,0.617284,7085.92
2920,KB4,ARQ,Size_Medium,100,0.01,1,13,7,0.1275,0.555556,6274.51
2921,KB4,ARQ,Size_Medium,100,0.01,1,13,15,0.1606,0.396825,4981.32
2922,KB4,ARQ,Size_Medium,100,0.01,1,13,12,0.1487,0.444444,5379.96
2923,KB4,ARQ,Size_Medium,100,0.01,1,13,5,0.1194,0.617284,6700.17
2924,KB4,ARQ,Size_Medium,100,0.01,1,13,6,0.1239,0.584795,6456.82
2925,KB4,ARQ,Size_Medium,100,0.01,1,13,13,0.1527,0.42735,5239.03
2926,KB4,ARQ,Size_Medium,100,0.01,1,13,12,0.1463,0.444444,5468.22
2927,KB4,ARQ,Size_Medium,100,0.01,1,13,9,0.1336,0.505051,5988.02
2928,KB4,ARQ,Size_Medium,100,0.01,1,13,11,0.1443,0.462963,5544.01
2929,KB4,ARQ,Size_Medium,100,0.01,1,13,12,0.1464,0.444444,5464.48
2930,KB4,ARQ,Size_Medium,100,0.01,1,13,16,0.165,0.383142,4848.48
2931,KB4,ARQ,Size_Medium,100,0.01,1,13,8,0.183,0.529101,4371.58
2932,KB4,ARQ,Size_Medium,100,0.01,1,13,18,0.1756,0.358423,4555.81
2933,KB4,ARQ,Size_Medium,100,0.01,1,13,15,0.1617,0.396825,4947.43
2934,KB4,ARQ,Size_Medium,100,0.01,1,13,14,0.1561,0.411523,5124.92
2935,KB4,ARQ,Size_Medium,100,0.01,1,13,9,0.1308,0.505051,6116.21
2936,KB4,ARQ,Size_Medium,100,0.01,1,13,11,0.1733,0.462963,4616.27
2937,KB4,ARQ,Size_Medium,100,0.01,1,13,15,0.1606,0.396825,4981.32
2938,KB4,ARQ,Size_Medium,100,0.01,1,13,19,0.1753,0.347222,4563.61
2939,KB4,ARQ,Size_Medium,100,0.01,1,13,16,0.162,0.383142,4938.27
2940,KB4,ARQ,Size_Medium,100,0.01,1,13,12,0.1474,0.444444,5427.41
2941,KB4,ARQ,Size_Medium,100,0.01,1,13,13,0.1563,0.42735,5118.36
2942,KB4,ARQ,Size_Medium,100,0.01,1,13,22,0.1869,0.31746,4280.36
2943,KB4,ARQ,Size_Medium,100,0.01,1,13,35,0.2439,0.231481,3280.03
2944,KB4,ARQ,Size_Medium,100,0.01,1,13,19,0.1794,0.347222,4459.31
2945,KB4,ARQ,Size_Medium,100,0.01,1,13,14,0.188,0.411523,4255.32
2946,KB4,ARQ,Size_Medium,100,0.01,1,13,11,0.1444,0.462963,5540.17
2947,KB4,ARQ,Size_Medium,100,0.01,1,13,11,0.1425,0.462963,5614.04
2948,KB4,ARQ,Size_Medium,100,0.01,1,13,8,0.1291,0.529101,6196.75
2949,KB4,ARQ,Size_Medium,100,0.01,1,13,7,0.1267,0.555556,6314.13
2950,KB4,ARQ,Size_Medium,100,0.01,1,13,23,0.1976,0.308642,4048.58
2951,KB4,ARQ,Size_Medium,100,0.01,1,13,15,0.1604,0.396825,4987.53
2952,KB4,ARQ,Size_Medium,100,0.01,1,13,10,0.1413,0.483092,5661.71
2953,KB4,ARQ,Size_Medium,100,0.01,1,13,16,0.1658,0.383142,4825.09
2954,KB4,ARQ,Size_Medium,100,0.01,1,13,17,0.1685,0.37037,4747.77
2955,KB4,ARQ,Size_Medium,100,0.01,1,13,7,0.1269,0.555556,6304.18
2956,KB4,ARQ,Size_Medium,100,0.01,1,13,12,0.1481,0.444444,5401.76
2957,KB4,ARQ,Size_Medium,100,0.01,1,13,5,0.122,0.617284,6557.38
2958,KB4,ARQ,Size_Medium,100,0.01,1,13,7,0.1258,0.555556,6359.3
2959,KB4,ARQ,Size_Medium,100,0.01,1,13,14,0.1567,0.411523,5105.3
2960,KB4,ARQ,Size_Medium,100,0.01,1,13,17,0.1649,0.37037,4851.43
2961,KB4,ARQ,Size_Medium,100,0.01,1,13,12,0.1471,0.444444,5438.48
2962,KB4,ARQ,Size_Medium,100,0.01,1,13,14,0.1573,0.411523,5085.82
2963,KB4,ARQ,Size_Medium,100,0.01,1,13,13,0.1514,0.42735,5284.02
2964,KB4,ARQ,Size_Medium,100,0.01,1,13,13,0.1503,0.42735,5322.69
2965,KB4,ARQ,Size_Medium,100,0.01,1,13,17,0.166,0.37037,4819.28
2966,KB4,ARQ,Size_Medium,100,0.01,1,13,13,0.1532,0.42735,5221.93
2967,KB4,ARQ,Size_Medium,100,0.01,1,13,18,0.1762,0.358423,4540.3
2968,KB4,ARQ,Size_Medium,100,0.01,1,13,11,0.1448,0.462963,5524.86
2969,KB4,ARQ,Size_Medium,100,0.01,1,13,14,0.156,0.411523,5128.21
2970,KB4,ARQ,Size_Medium,100,0.01,1,13,21,0.1834,0.326797,4362.05
2971,KB4,ARQ,Size_Medium,100,0.01,1,13,11,0.1454,0.462963,5502.06
2972,KB4,ARQ,Size_Medium,100,0.01,1,13,9,0.132,0.505051,6060.61
2973,KB4,ARQ,Size_Medium,100,0.01,1,13,7,0.1269,0.555556,6304.18
2974,KB4,ARQ,Size_Medium,100,0.01,1,13,8,0.1281,0.529101,6245.12
2975,KB4,ARQ,Size_Medium,100,0.01,1,13,27,0.2122,0.277778,3770.03
2976,KB4,ARQ,Size_Medium,100,0.01,1,13,18,0.1747,0.358423,4579.28
2977,KB4,ARQ,Size_Medium,100,0.01,1,13,18,0.1682,0.358423,4756.24
2978,KB4,ARQ,Size_Medium,100,0.01,1,13,13,0.1505,0.42735,5315.61
2979,KB4,ARQ,Size_Medium,100,0.01,1,13,9,0.1323,0.505051,6046.86
2980,KB4,ARQ,Size_Medium,100,0.01,1,13,13,0.151,0.42735,5298.01
2981,KB4,ARQ,Size_Medium,100,0.01,1,13,16,0.1646,0.383142,4860.27
2982,KB4,ARQ,Size_Medium,100,0.01,1,13,13,0.1513,0.42735,5287.51
2983,KB4,ARQ,Size_Medium,100,0.01,1,13,5,0.1139,0.617284,7023.71
2984,KB4,ARQ,Size_Medium,100,0.01,1,13,14,0.1587,0.411523,5040.96
2985,KB4,ARQ,Size_Medium,100,0.01,1,13,14,0.1572,0.411523,5089.06
2986,KB4,ARQ,Size_Medium,100,0.01,1,13,18,0.1763,0.358423,4537.72
2987,KB4,ARQ,Size_Medium,100,0.01,1,13,13,0.1797,0.42735,4451.86
2988,KB4,ARQ,Size_Medium,100,0.01,1,13,19,0.1791,0.347222,4466.78
2989,KB4,ARQ,Size_Medium,100,0.01,1,13,14,0.1506,0.411523,5312.08
2990,KB4,ARQ,Size_Medium,100,0.01,1,13,7,0.1243,0.555556,6436.04
2991,KB4,ARQ,Size_Medium,100,0.01,1,13,14,0.1577,0.411523,5072.92
2992,KB4,ARQ,Size_Medium,100,0.01,1,13,15,0.1625,0.396825,4923.08
2993,KB4,ARQ,Size_Medium,100,0.01,1,13,14,0.1571,0.411523,5092.3
2994,KB4,ARQ,Size_Medium,100,0.01,1,13,14,0.1591,0.411523,5028.28
2995,KB4,ARQ,Size_Medium,100,0.01,1,13,16,0.164,0.383142,4878.05
2996,KB4,ARQ,Size_Medium,100,0.01,1,13,23,0.1949,0.308642,4104.67
2997,KB4,ARQ,Size_Medium,100,0.01,1,13,9,0.1662,0.505051,4813.48
2998,KB4,ARQ,Size_Medium,100,0.01,1,13,6,0.1234,0.584795,6482.98
2999,KB4,ARQ,Size_Medium,100,0.01,1,13,10,0.1416,0.483092,5649.72
3000,KB4,ARQ,Size_Medium,100,0.01,1,13,15,0.163,0.396825,4907.98
3001,KB4,HARQ,Size_Medium,100,0.01,1,13,0,0.9082,0.854701,880.863
3002,KB4,HARQ,Size_Medium,100,0.01,1,13,0,0.9177,0.854701,871.745
3003,KB4,HARQ,Size_Medium,100,0.01,1,13,0,0.968,0.854701,826.446
3004,KB4,HARQ,Size_Medium,100,0.01,1,13,0,0.9117,0.854701,877.482
3005,KB4,HARQ,Size_Medium,100,0.01,1,13,0,0.905,0.854701,883.978
3006,KB4,HARQ,Size_Medium,100,0.01,1,13,0,0.9019,0.854701,887.016
3007,KB4,HARQ,Size_Medium,100,0.01,1,13,0,0.9061,0.854701,882.905
3008,KB4,HARQ,Size_Medium,100,0.01,1,13,0,0.9338,0.854701,856.714
3009,KB4,HARQ,Size_Medium,100,0.01,1,13,1,0.9765,0.793651,819.252
3010,KB4,HARQ,Size_Medium,100,0.01,1,13,1,1.0047,0.793651,796.258
3011,KB4,HARQ,Size_Medium,100,0.01,1,13,0,0.9053,0.854701,883.685
3012,KB4,HARQ,Size_Medium,100,0.01,1,13,0,0.9061,0.854701,882.905
3013,KB4,HARQ,Size_Medium,100,0.01,1,13,0,0.9057,0.854701,883.295
3014,KB4,HARQ,Size_Medium,100,0.01,1,13,0,0.9027,0.854701,886.23
3015,KB4,HARQ,Size_Medium,100,0.01,1,13,0,0.924,0.854701,865.801
3016,KB4,HARQ,Size_Medium,100,0.01,1,13,0,0.9061,0.854701,882.905
3017,KB4,HARQ,Size_Medium,100,0.01,1,13,0,0.9056,0.854701,883.392
3018,KB4,HARQ,Size_Medium,100,0.01,1,13,0,0.9031,0.854701,885.838
3019,KB4,HARQ,Size_Medium,100,0.01,1,13,0,0.9184,0.854701,871.08
3020,KB4,HARQ,Size_Medium,100,0.01,1,13,0,0.9819,0.854701,814.747
3021,KB4,HARQ,Size_Medium,100,0.01,1,13,0,0.9232,0.854701,866.551
3022,KB4,HARQ,Size_Medium,100,0.01,1,13,0,0.9237,0.854701,866.082
3023,KB4,HARQ,Size_Medium,100,0.01,1,13,0,0.9278,0.854701,862.255
3024,KB4,HARQ,Size_Medium,100,0.01,1,13,0,0.9104,0.854701,878.735
3025,KB4,HARQ,Size_Medium,100,0.01,1,13,0,0.9115,0.854701,877.674
3026,KB4,HARQ,Size_Medium,100,0.01,1,13,0,0.9073,0.854701,881.737
3027,KB4,HARQ,Size_Medium,100,0.01,1,13,0,0.9121,0.854701,877.097
3028,KB4,HARQ,Size_Medium,100,0.01,1,13,0,0.908,0.854701,881.057
3029,KB4,HARQ,Size_Medium,100,0.01,1,13,1,1.0114,0.793651,790.983
3030,KB4,HARQ,Size_Medium,100,0.01,1,13,0,0.9223,0.854701,867.397
3031,KB4,HARQ,Size_Medium,100,0.01,1,13,0,0.9434,0.854701,847.997
3032,KB4,HARQ,Size_Medium,100,0.01,1,13,0,0.907,0.854701,882.029
3033,KB4,HARQ,Size_Medium,100,0.01,1,13,0,0.9092,0.854701,879.894
3034,KB4,HARQ,Size_Medium,100,0.01,1,13,0,0.9079,0.854701,881.154
3035,KB4,HARQ,Size_Medium,100,0.01,1,13,0,0.9295,0.854701,860.678
3036,KB4,HARQ,Size_Medium,100,0.01,1,13,1,1.1362,0.793651,704.101
3037,KB4,HARQ,Size_Medium,100,0.01,1,13,0,0.9114,0.854701,877.77
3038,KB4,HARQ,Size_Medium,100,0.01,1,13,0,0.9079,0.854701,881.154
3039,KB4,HARQ,Size_Medium,100,0.01,1,13,0,0.9411,0.854701,850.069
3040,KB4,HARQ,Size_Medium,100,0.01,1,13,0,0.9089,0.854701,880.185
3041,KB4,HARQ,Size_Medium,100,0.01,1,13,0,0.9625,0.854701,831.169
3042,KB4,HARQ,Size_Medium,100,0.01,1,13,0,0.9075,0.854701,881.543
3043,KB4,HARQ,Size_Medium,100,0.01,1,13,0,0.9095,0.854701,879.604
3044,KB4,HARQ,Size_Medium,100,0.01,1,13,0,0.9082,0.854701,880.863
3045,KB4,HARQ,Size_Medium,100,0.01,1,13,0,0.9094,0.854701,879.701
3046,KB4,HARQ,Size_Medium,100,0.01,1,13,0,0.9077,0.854701,881.348
3047,KB4,HARQ,Size_Medium,100,0.01,1,13,0,0.9096,0.854701,879.507
3048,KB4,HARQ,Size_Medium,100,0.01,1,13,0,0.9116,0.854701,877.578
3049,KB4,HARQ,Size_Medium,100,0.01,1,13,1,1.0099,0.793651,792.158
3050,KB4,HARQ,Size_Medium,100,0.01,1,13,0,0.9087,0.854701,880.379
3051,KB4,HARQ,Size_Medium,100,0.01,1,13,0,0.9453,0.854701,846.292
3052,KB4,HARQ,Size_Medium,100,0.01,1,13,0,1.0598,0.854701,754.859
3053,KB4,HARQ,Size_Medium,100,0.01,1,13,0,0.9317,0.854701,858.645
3054,KB4,HARQ,Size_Medium,100,0.01,1,13,0,0.9117,0.854701,877.482
3055,KB4,HARQ,Size_Medium,100,0.01,1,13,0,0.9125,0.854701,876.712
3056,KB4,HARQ,Size_Medium,100,0.01,1,13,0,0.9279,0.854701,862.162
3057,KB4,HARQ,Size_Medium,100,0.01,1,13,0,0.9251,0.854701,864.771
3058,KB4,HARQ,Size_Medium,100,0.01,1,13,1,0.9855,0.793651,811.771
3059,KB4,HARQ,Size_Medium,100,0.01,1,13,0,0.9412,0.854701,849.979
3060,KB4,HARQ,Size_Medium,100,0.01,1,13,0,0.9082,0.854701,880.863
3061,KB4,HARQ,Size_Medium,100,0.01,1,13,0,0.9309,0.854701,859.383
3062,KB4,HARQ,Size_Medium,100,0.01,1,13,1,0.9805,0.793651,815.91
3063,KB4,HARQ,Size_Medium,100,0.01,1,13,0,0.9098,0.854701,879.314
3064,KB4,HARQ,Size_Medium,100,0.01,1,13,0,0.9078,0.854701,881.251
3065,KB4,HARQ,Size_Medium,100,0.01,1,13,0,0.9115,0.854701,877.674
3066,KB4,HARQ,Size_Medium,100,0.01,1,13,0,0.9067,0.854701,882.321
3067,KB4,HARQ,Size_Medium,100,0.01,1,13,1,0.9808,0.793651,815.661
3068,KB4,HARQ,Size_Medium,100,0.01,1,13,1,0.9779,0.793651,818.08
3069,KB4,HARQ,Size_Medium,100,0.01,1,13,0,1.1032,0.854701,725.163
3070,KB4,HARQ,Size_Medium,100,0.01,1,13,0,0.9083,0.854701,880.766
3071,KB4,HARQ,Size_Medium,100,0.01,1,13,0,0.9079,0.854701,881.154
3072,KB4,HARQ,Size_Medium,100,0.01,1,13,0,0.9214,0.854701,868.244
3073,KB4,HARQ,Size_Medium,100,0.01,1,13,1,0.9789,0.793651,817.244
3074,KB4,HARQ,Size_Medium,100,0.01,1,13,0,0.9307,0.854701,859.568
3075,KB4,HARQ,Size_Medium,100,0.01,1,13,1,0.9841,0.793651,812.926
3076,KB4,HARQ,Size_Medium,100,0.01,1,13,0,0.9058,0.854701,883.197
3077,KB4,HARQ,Size_Medium,100,0.01,1,13,0,0.9109,0.854701,878.252
3078,KB4,HARQ,Size_Medium,100,0.01,1,13,0,0.9086,0.854701,880.475
3079,KB4,HARQ,Size_Medium,100,0.01,1,13,0,0.9324,0.854701,858.001
3080,KB4,HARQ,Size_Medium,100,0.01,1,13,0,0.9397,0.854701,851.336
3081,KB4,HARQ,Size_Medium,100,0.01,1,13,1,0.9788,0.793651,817.327
3082,KB4,HARQ,Size_Medium,100,0.01,1,13,2,1.0945,0.740741,730.927
3083,KB4,HARQ,Size_Medium,100,0.01,1,13,0,0.9115,0.854701,877.674
3084,KB4,HARQ,Size_Medium,100,0.01,1,13,0,0.9088,0.854701,880.282
3085,KB4,HARQ,Size_Medium,100,0.01,1,13,1,1.0806,0.793651,740.329
3086,KB4,HARQ,Size_Medium,100,0.01,1,13,0,0.9069,0.854701,882.126
3087,KB4,HARQ,Size_Medium,100,0.01,1,13,0,0.9099,0.854701,879.217
3088,KB4,HARQ,Size_Medium,100,0.01,1,13,0,0.9249,0.854701,864.958
3089,KB4,HARQ,Size_Medium,100,0.01,1,13,0,0.9275,0.854701,862.534
3090,KB4,HARQ,Size_Medium,100,0.01,1,13,1,1.0121,0.793651,790.436
3091,KB4,HARQ,Size_Medium,100,0.01,1,13,0,0.9106,0.854701,878.542
3092,KB4,HARQ,Size_Medium,100,0.01,1,13,0,0.936,0.854701,854.701
3093,KB4,HARQ,Size_Medium,100,0.01,1,13,0,0.907,0.854701,882.029
3094,KB4,HARQ,Size_Medium,100,0.01,1,13,0,0.9072,0.854701,881.834
3095,KB4,HARQ,Size_Medium,100,0.01,1,13,0,0.9098,0.854701,879.314
3096,KB4,HARQ,Size_Medium,100,0.01,1,13,0,0.9087,0.854701,880.379
3097,KB4,HARQ,Size_Medium,100,0.01,1,13,0,0.9157,0.854701,873.649
3098,KB4,HARQ,Size_Medium,100,0.01,1,13,0,0.9063,0.854701,882.71
3099,KB4,HARQ,Size_Medium,100,0.01,1,13,1,0.9785,0.793651,817.578
3100,KB4,HARQ,Size_Medium,100,0.01,1,13,0,0.9571,0.854701,835.858
3101,KB4,HARQ,Size_Medium,100,0.01,1,13,0,1.0634,0.854701,752.304
3102,KB4,HARQ,Size_Medium,100,0.01,1,13,0,0.9368,0.854701,853.971
3103,KB4,HARQ,Size_Medium,100,0.01,1,13,0,0.9131,0.854701,876.136
3104,KB4,HARQ,Size_Medium,100,0.01,1,13,1,0.9763,0.793651,819.42
3105,KB4,HARQ,Size_Medium,100,0.01,1,13,0,0.9148,0.854701,874.508
3106,KB4,HARQ,Size_Medium,100,0.01,1,13,0,0.9096,0.854701,879.507
3107,KB4,HARQ,Size_Medium,100,0.01,1,13,0,0.9137,0.854701,875.561
3108,KB4,HARQ,Size_Medium,100,0.01,1,13,0,0.9083,0.854701,880.766
3109,KB4,HARQ,Size_Medium,100,0.01,1,13,0,0.9098,0.854701,879.314
3110,KB4,HARQ,Size_Medium,100,0.01,1,13,0,0.9375,0.854701,853.333
3111,KB4,HARQ,Size_Medium,100,0.01,1,13,0,0.9125,0.854701,876.712
3112,KB4,HARQ,Size_Medium,100,0.01,1,13,0,0.9584,0.854701,834.725
3113,KB4,HARQ,Size_Medium,100,0.01,1,13,0,0.9287,0.854701,861.419
3114,KB4,HARQ,Size_Medium,100,0.01,1,13,0,0.9148,0.854701,874.508
3115,KB4,HARQ,Size_Medium,100,0.01,1,13,0,0.911,0.854701,878.156
3116,KB4,HARQ,Size_Medium,100,0.01,1,13,0,0.9078,0.854701,881.251
3117,KB4,HARQ,Size_Medium,100,0.01,1,13,1,1.1467,0.793651,697.654
3118,KB4,HARQ,Size_Medium,100,0.01,1,13,0,0.9104,0.854701,878.735
3119,KB4,HARQ,Size_Medium,100,0.01,1,13,1,0.9803,0.793651,816.077
3120,KB4,HARQ,Size_Medium,100,0.01,1,13,1,1.0311,0.793651,775.87
3121,KB4,HARQ,Size_Medium,100,0.01,1,13,0,0.9201,0.854701,869.471
3122,KB4,HARQ,Size_Medium,100,0.01,1,13,2,1.0678,0.740741,749.204
3123,KB4,HARQ,Size_Medium,100,0.01,1,13,0,0.9302,0.854701,860.03
3124,KB4,HARQ,Size_Medium,100,0.01,1,13,1,0.9815,0.793651,815.079
3125,KB4,HARQ,Size_Medium,100,0.01,1,13,0,0.9121,0.854701,877.097
3126,KB4,HARQ,Size_Medium,100,0.01,1,13,0,0.9089,0.854701,880.185
3127,KB4,HARQ,Size_Medium,100,0.01,1,13,0,0.9308,0.854701,859.476
3128,KB4,HARQ,Size_Medium,100,0.01,1,13,0,0.9148,0.854701,874.508
3129,KB4,HARQ,Size_Medium,100,0.01,1,13,0,0.912,0.854701,877.193
3130,KB4,HARQ,Size_Medium,100,0.01,1,13,0,0.9376,0.854701,853.242
3131,KB4,HARQ,Size_Medium,100,0.01,1,13,0,0.9099,0.854701,879.217
3132,KB4,HARQ,Size_Medium,100,0.01,1,13,0,0.9388,0.854701,852.152
3133,KB4,HARQ,Size_Medium,100,0.01,1,13,0,0.9703,0.854701,824.487
3134,KB4,HARQ,Size_Medium,100,0.01,1,13,0,0.9256,0.854701,864.304
3135,KB4,HARQ,Size_Medium,100,0.01,1,13,0,0.9147,0.854701,874.604
3136,KB4,HARQ,Size_Medium,100,0.01,1,13,0,0.907,0.854701,882.029
3137,KB4,HARQ,Size_Medium,100,0.01,1,13,0,0.9093,0.854701,879.798
3138,KB4,HARQ,Size_Medium,100,0.01,1,13,0,0.9055,0.854701,883.49
3139,KB4,HARQ,Size_Medium,100,0.01,1,13,0,0.9086,0.854701,880.475
3140,KB4,HARQ,Size_Medium,100,0.01,1,13,0,0.9103,0.854701,878.831
3141,KB4,HARQ,Size_Medium,100,0.01,1,13,0,0.938,0.854701,852.878
3142,KB4,HARQ,Size_Medium,100,0.01,1,13,0,0.9087,0.854701,880.379
3143,KB4,HARQ,Size_Medium,100,0.01,1,13,0,0.9469,0.854701,844.862
3144,KB4,HARQ,Size_Medium,100,0.01,1,13,0,0.9079,0.854701,881.154
3145,KB4,HARQ,Size_Medium,100,0.01,1,13,1,1.0009,0.793651,799.281
3146,KB4,HARQ,Size_Medium,100,0.01,1,13,0,0.9297,0.854701,860.493
3147,KB4,HARQ,Size_Medium,100,0.01,1,13,1,1.0013,0.793651,798.961
3148,KB4,HARQ,Size_Medium,100,0.01,1,13,2,1.0373,0.740741,771.233
3149,KB4,HARQ,Size_Medium,100,0.01,1,13,0,0.9133,0.854701,875.944
3150,KB4,HARQ,Size_Medium,100,0.01,1,13,0,0.9966,0.854701,802.729
3151,KB4,HARQ,Size_Medium,100,0.01,1,13,0,0.9407,0.854701,850.431
3152,KB4,HARQ,Size_Medium,100,0.01,1,13,0,0.926,0.854701,863.931
3153,KB4,HARQ,Size_Medium,100,0.01,1,13,0,0.9624,0.854701,831.255
3154,KB4,HARQ,Size_Medium,100,0.01,1,13,0,0.9135,0.854701,875.753
3155,KB4,HARQ,Size_Medium,100,0.01,1,13,0,0.9119,0.854701,877.289
3156,KB4,HARQ,Size_Medium,100,0.01,1,13,0,0.9069,0.854701,882.126
3157,KB4,HARQ,Size_Medium,100,0.01,1,13,0,0.9102,0.854701,878.928
3158,KB4,HARQ,Size_Medium,100,0.01,1,13,0,0.9212,0.854701,868.432
3159,KB4,HARQ,Size_Medium,100,0.01,1,13,0,0.9101,0.854701,879.024
3160,KB4,HARQ,Size_Medium,100,0.01,1,13,0,0.9097,0.854701,879.411
3161,KB4,HARQ,Size_Medium,100,0.01,1,13,0,0.9379,0.854701,852.969
3162,KB4,HARQ,Size_Medium,100,0.01,1,13,0,0.9069,0.854701,882.126
3163,KB4,HARQ,Size_Medium,100,0.01,1,13,0,0.9747,0.854701,820.765
3164,KB4,HARQ,Size_Medium,100,0.01,1,13,0,0.9252,0.854701,864.678
3165,KB4,HARQ,Size_Medium,100,0.01,1,13,0,0.9144,0.854701,874.891
3166,KB4,HARQ,Size_Medium,100,0.01,1,13,1,1.0987,0.793651,728.133
3167,KB4,HARQ,Size_Medium,100,0.01,1,13,0,0.9096,0.854701,879.507
3168,KB4,HARQ,Size_Medium,100,0.01,1,13,0,0.9097,0.854701,879.411
3169,KB4,HARQ,Size_Medium,100,0.01,1,13,0,0.9279,0.854701,862.162
3170,KB4,HARQ,Size_Medium,100,0.01,1,13,0,0.9258,0.854701,864.118
3171,KB4,HARQ,Size_Medium,100,0.01,1,13,0,0.944,0.854701,847.458
3172,KB4,HARQ,Size_Medium,100,0.01,1,13,0,0.9073,0.854701,881.737
3173,KB4,HARQ,Size_Medium,100,0.01,1,13,0,0.946,0.854701,845.666
3174,KB4,HARQ,Size_Medium,100,0.01,1,13,0,0.9237,0.854701,866.082
3175,KB4,HARQ,Size_Medium,100,0.01,1,13,1,0.9864,0.793651,811.03
3176,KB4,HARQ,Size_Medium,100,0.01,1,13,0,0.9086,0.854701,880.475
3177,KB4,HARQ,Size_Medium,100,0.01,1,13,0,0.9117,0.854701,877.482
3178,KB4,HARQ,Size_Medium,100,0.01,1,13,0,0.9097,0.854701,879.411
3179,KB4,HARQ,Size_Medium,100,0.01,1,13,0,0.91,0.854701,879.121
3180,KB4,HARQ,Size_Medium,100,0.01,1,13,0,0.9085,0.854701,880.572
3181,KB4,HARQ,Size_Medium,100,0.01,1,13,1,1.01,0.793651,792.079
3182,KB4,HARQ,Size_Medium,100,0.01,1,13,0,1.0281,0.854701,778.134
3183,KB4,HARQ,Size_Medium,100,0.01,1,13,0,0.9549,0.854701,837.784
3184,KB4,HARQ,Size_Medium,100,0.01,1,13,0,0.9286,0.854701,861.512
3185,KB4,HARQ,Size_Medium,100,0.01,1,13,0,0.9145,0.854701,874.795
3186,KB4,HARQ,Size_Medium,100,0.01,1,13,0,0.9093,0.854701,879.798
3187,KB4,HARQ,Size_Medium,100,0.01,1,13,0,0.9094,0.854701,879.701
3188,KB4,HARQ,Size_Medium,100,0.01,1,13,0,0.9078,0.854701,881.251
3189,KB4,HARQ,Size_Medium,100,0.01,1,13,1,0.999,0.793651,800.801
3190,KB4,HARQ,Size_Medium,100,0.01,1,13,0,0.9237,0.854701,866.082
3191,KB4,HARQ,Size_Medium,100,0.01,1,13,0,0.9425,0.854701,848.806
3192,KB4,HARQ,Size_Medium,100,0.01,1,13,0,0.9067,0.854701,882.321
3193,KB4,HARQ,Size_Medium,100,0.01,1,13,0,0.9076,0.854701,881.446
3194,KB4,HARQ,Size_Medium,100,0.01,1,13,0,0.9554,0.854701,837.346
3195,KB4,HARQ,Size_Medium,100,0.01,1,13,0,0.9181,0.854701,871.365
3196,KB4,HARQ,Size_Medium,100,0.01,1,13,0,0.9093,0.854701,879.798
3197,KB4,HARQ,Size_Medium,100,0.01,1,13,0,0.9099,0.854701,879.217
3198,KB4,HARQ,Size_Medium,100,0.01,1,13,0,0.9078,0.854701,881.251
3199,KB4,HARQ,Size_Medium,100,0.01,1,13,1,1.4127,0.793651,566.291
3200,KB4,HARQ,Size_Medium,100,0.01,1,13,0,1.0986,0.854701,728.2
3201,KB4,HARQ,Size_Medium,100,0.01,1,13,0,0.9657,0.854701,828.415
3202,KB4,HARQ,Size_Medium,100,0.01,1,13,0,0.936,0.854701,854.701
3203,KB4,HARQ,Size_Medium,100,0.01,1,13,0,0.9693,0.854701,825.338
3204,KB4,HARQ,Size_Medium,100,0.01,1,13,0,1.0735,0.854701,745.226
3205,KB4,HARQ,Size_Medium,100,0.01,1,13,1,1.0074,0.793651,794.123
3206,KB4,HARQ,Size_Medium,100,0.01,1,13,0,0.932,0.854701,858.369
3207,KB4,HARQ,Size_Medium,100,0.01,1,13,0,0.9361,0.854701,854.61
3208,KB4,HARQ,Size_Medium,100,0.01,1,13,0,0.9314,0.854701,858.922
3209,KB4,HARQ,Size_Medium,100,0.01,1,13,0,0.9612,0.854701,832.293
3210,KB4,HARQ,Size_Medium,100,0.01,1,13,0,0.9342,0.854701,856.348
3211,KB4,HARQ,Size_Medium,100,0.01,1,13,0,0.9651,0.854701,828.93
3212,KB4,HARQ,Size_Medium,100,0.01,1,13,0,0.9332,0.854701,857.265
3213,KB4,HARQ,Size_Medium,100,0.01,1,13,0,1.1043,0.854701,724.441
3214,KB4,HARQ,Size_Medium,100,0.01,1,13,0,1.0166,0.854701,786.937
3215,KB4,HARQ,Size_Medium,100,0.01,1,13,1,1.0273,0.793651,778.74
3216,KB4,HARQ,Size_Medium,100,0.01,1,13,0,0.9345,0.854701,856.073
3217,KB4,HARQ,Size_Medium,100,0.01,1,13,0,0.9361,0.854701,854.61
3218,KB4,HARQ,Size_Medium,100,0.01,1,13,0,0.9297,0.854701,860.493
3219,KB4,HARQ,Size_Medium,100,0.01,1,13,1,1.011,0.793651,791.296
3220,KB4,HARQ,Size_Medium,100,0.01,1,13,0,1.0702,0.854701,747.524
3221,KB4,HARQ,Size_Medium,100,0.01,1,13,0,0.965,0.854701,829.016
3222,KB4,HARQ,Size_Medium,100,0.01,1,13,0,0.9309,0.854701,859.383
3223,KB4,HARQ,Size_Medium,100,0.01,1,13,0,0.9673,0.854701,827.044
3224,KB4,HARQ,Size_Medium,100,0.01,1,13,0,0.9359,0.854701,854.792
3225,KB4,HARQ,Size_Medium,100,0.01,1,13,0,0.9346,0.854701,855.981
3226,KB4,HARQ,Size_Medium,100,0.01,1,13,0,0.9315,0.854701,858.83
3227,KB4,HARQ,Size_Medium,100,0.01,1,13,1,1.006,0.793651,795.229
3228,KB4,HARQ,Size_Medium,100,0.01,1,13,1,1.0209,0.793651,783.622
3229,KB4,HARQ,Size_Medium,100,0.01,1,13,1,1.0818,0.793651,739.508
3230,KB4,HARQ,Size_Medium,100,0.01,1,13,0,0.9307,0.854701,859.568
3231,KB4,HARQ,Size_Medium,100,0.01,1,13,0,0.9512,0.854701,841.043
3232,KB4,HARQ,Size_Medium,100,0.01,1,13,0,0.93,0.854701,860.215
3233,KB4,HARQ,Size_Medium,100,0.01,1,13,0,0.9553,0.854701,837.433
3234,KB4,HARQ,Size_Medium,100,0.01,1,13,0,0.945,0.854701,846.561
3235,KB4,HARQ,Size_Medium,100,0.01,1,13,0,0.9305,0.854701,859.753
3236,KB4,HARQ,Size_Medium,100,0.01,1,13,0,0.9283,0.854701,861.79
3237,KB4,HARQ,Size_Medium,100,0.01,1,13,0,0.9428,0.854701,848.536
3238,KB4,HARQ,Size_Medium,100,0.01,1,13,0,0.9381,0.854701,852.788
3239,KB4,HARQ,Size_Medium,100,0.01,1,13,0,0.9296,0.854701,860.585
3240,KB4,HARQ,Size_Medium,100,0.01,1,13,0,0.9268,0.854701,863.185
3241,KB4,HARQ,Size_Medium,100,0.01,1,13,0,0.9406,0.854701,850.521
3242,KB4,HARQ,Size_Medium,100,0.01,1,13,0,0.9336,0.854701,856.898
3243,KB4,HARQ,Size_Medium,100,0.01,1,13,0,0.9307,0.854701,859.568
3244,KB4,HARQ,Size_Medium,100,0.01,1,13,0,0.9287,0.854701,861.419
3245,KB4,HARQ,Size_Medium,100,0.01,1,13,0,0.9762,0.854701,819.504
3246,KB4,HARQ,Size_Medium,100,0.01,1,13,0,0.9313,0.854701,859.014
3247,KB4,HARQ,Size_Medium,100,0.01,1,13,1,1.0019,0.793651,798.483
3248,KB4,HARQ,Size_Medium,100,0.01,1,13,1,1.0137,0.793651,789.188
3249,KB4,HARQ,Size_Medium,100,0.01,1,13,0,0.9337,0.854701,856.806
3250,KB4,HARQ,Size_Medium,100,0.01,1,13,0,0.9301,0.854701,860.123
3251,KB4,HARQ,Size_Medium,100,0.01,1,13,0,0.93,0.854701,860.215
3252,KB4,HARQ,Size_Medium,100,0.01,1,13,1,1.0028,0.793651,797.766
3253,KB4,HARQ,Size_Medium,100,0.01,1,13,0,0.9686,0.854701,825.934
3254,KB4,HARQ,Size_Medium,100,0.01,1,13,0,0.927,0.854701,862.999
3255,KB4,HARQ,Size_Medium,100,0.01,1,13,1,1.0002,0.793651,799.84
3256,KB4,HARQ,Size_Medium,100,0.01,1,13,0,0.9272,0.854701,862.813
3257,KB4,HARQ,Size_Medium,100,0.01,1,13,0,0.9289,0.854701,861.234
3258,KB4,HARQ,Size_Medium,100,0.01,1,13,0,0.9284,0.854701,861.698
3259,KB4,HARQ,Size_Medium,100,0.01,1,13,0,0.9306,0.854701,859.66
3260,KB4,HARQ,Size_Medium,100,0.01,1,13,0,0.9278,0.854701,862.255
3261,KB4,HARQ,Size_Medium,100,0.01,1,13,0,0.9943,0.854701,804.586
3262,KB4,HARQ,Size_Medium,100,0.01,1,13,0,0.9454,0.854701,846.203
3263,KB4,HARQ,Size_Medium,100,0.01,1,13,2,1.0769,0.740741,742.873
3264,KB4,HARQ,Size_Medium,100,0.01,1,13,0,0.9456,0.854701,846.024
3265,KB4,HARQ,Size_Medium,100,0.01,1,13,0,0.9506,0.854701,841.574
3266,KB4,HARQ,Size_Medium,100,0.01,1,13,0,0.9301,0.854701,860.123
3267,KB4,HARQ,Size_Medium,100,0.01,1,13,0,0.9306,0.854701,859.66
3268,KB4,HARQ,Size_Medium,100,0.01,1,13,0,0.928,0.854701,862.069
3269,KB4,HARQ,Size_Medium,100,0.01,1,13,1,1.0024,0.793651,798.085
3270,KB4,HARQ,Size_Medium,100,0.01,1,13,0,0.9471,0.854701,844.684
3271,KB4,HARQ,Size_Medium,100,0.01,1,13,0,0.9335,0.854701,856.99
3272,KB4,HARQ,Size_Medium,100,0.01,1,13,0,0.9277,0.854701,862.348
3273,KB4,HARQ,Size_Medium,100,0.01,1,13,0,0.9293,0.854701,860.863
3274,KB4,HARQ,Size_Medium,100,0.01,1,13,0,0.924,0.854701,865.801
3275,KB4,HARQ,Size_Medium,100,0.01,1,13,0,0.9491,0.854701,842.904
3276,KB4,HARQ,Size_Medium,100,0.01,1,13,0,0.9325,0.854701,857.909
3277,KB4,HARQ,Size_Medium,100,0.01,1,13,0,1.0044,0.854701,796.495
3278,KB4,HARQ,Size_Medium,100,0.01,1,13,0,0.9426,0.854701,848.716
3279,KB4,HARQ,Size_Medium,100,0.01,1,13,0,0.9335,0.854701,856.99
3280,KB4,HARQ,Size_Medium,100,0.01,1,13,0,0.927,0.854701,862.999
3281,KB4,HARQ,Size_Medium,100,0.01,1,13,0,0.932,0.854701,858.369
3282,KB4,HARQ,Size_Medium,100,0.01,1,13,0,0.9442,0.854701,847.278
3283,KB4,HARQ,Size_Medium,100,0.01,1,13,0,0.9387,0.854701,852.242
3284,KB4,HARQ,Size_Medium,100,0.01,1,13,0,0.9258,0.854701,864.118
3285,KB4,HARQ,Size_Medium,100,0.01,1,13,0,0.9305,0.854701,859.753
3286,KB4,HARQ,Size_Medium,100,0.01,1,13,0,0.9293,0.854701,860.863
3287,KB4,HARQ,Size_Medium,100,0.01,1,13,0,0.9278,0.854701,862.255
3288,KB4,HARQ,Size_Medium,100,0.01,1,13,0,0.9282,0.854701,861.883
3289,KB4,HARQ,Size_Medium,100,0.01,1,13,0,0.9274,0.854701,862.627
3290,KB4,HARQ,Size_Medium,100,0.01,1,13,0,0.9285,0.854701,861.605
3291,KB4,HARQ,Size_Medium,100,0.01,1,13,0,0.9294,0.854701,860.77
3292,KB4,HARQ,Size_Medium,100,0.01,1,13,0,0.9262,0.854701,863.744
3293,KB4,HARQ,Size_Medium,100,0.01,1,13,0,1.0165,0.854701,787.014
3294,KB4,HARQ,Size_Medium,100,0.01,1,13,0,0.9278,0.854701,862.255
3295,KB4,HARQ,Size_Medium,100,0.01,1,13,0,0.9531,0.854701,839.366
3296,KB4,HARQ,Size_Medium,100,0.01,1,13,0,0.9426,0.854701,848.716
3297,KB4,HARQ,Size_Medium,100,0.01,1,13,1,1.0062,0.793651,795.071
3298,KB4,HARQ,Size_Medium,100,0.01,1,13,0,0.9299,0.854701,860.308
3299,KB4,HARQ,Size_Medium,100,0.01,1,13,0,0.9336,0.854701,856.898
3300,KB4,HARQ,Size_Medium,100,0.01,1,13,0,0.9277,0.854701,862.348
3301,KB4,HARQ,Size_Medium,100,0.01,1,13,0,0.9309,0.854701,859.383
3302,KB4,HARQ,Size_Medium,100,0.01,1,13,0,0.928,0.854701,862.069
3303,KB4,HARQ,Size_Medium,100,0.01,1,13,0,0.9312,0.854701,859.107
3304,KB4,HARQ,Size_Medium,100,0.01,1,13,0,0.9473,0.854701,844.505
3305,KB4,HARQ,Size_Medium,100,0.01,1,13,0,0.9294,0.854701,860.77
3306,KB4,HARQ,Size_Medium,100,0.01,1,13,0,0.929,0.854701,861.141
3307,KB4,HARQ,Size_Medium,100,0.01,1,13,0,0.9305,0.854701,859.753
3308,KB4,HARQ,Size_Medium,100,0.01,1,13,0,0.9303,0.854701,859.938
3309,KB4,HARQ,Size_Medium,100,0.01,1,13,1,1.0472,0.793651,763.942
3310,KB4,HARQ,Size_Medium,100,0.01,1,13,0,0.9293,0.854701,860.863
3311,KB4,HARQ,Size_Medium,100,0.01,1,13,0,0.9286,0.854701,861.512
3312,KB4,HARQ,Size_Medium,100,0.01,1,13,0,0.9265,0.854701,863.465
3313,KB4,HARQ,Size_Medium,100,0.01,1,13,0,0.929,0.854701,861.141
3314,KB4,HARQ,Size_Medium,100,0.01,1,13,0,0.9273,0.854701,862.72
3315,KB4,HARQ,Size_Medium,100,0.01,1,13,0,0.9492,0.854701,842.815
3316,KB4,HARQ,Size_Medium,100,0.01,1,13,0,0.9403,0.854701,850.792
3317,KB4,HARQ,Size_Medium,100,0.01,1,13,1,1.0043,0.793651,796.575
3318,KB4,HARQ,Size_Medium,100,0.01,1,13,0,0.9488,0.854701,843.17
3319,KB4,HARQ,Size_Medium,100,0.01,1,13,0,0.9473,0.854701,844.505
3320,KB4,HARQ,Size_Medium,100,0.01,1,13,0,0.9343,0.854701,856.256
3321,KB4,HARQ,Size_Medium,100,0.01,1,13,0,0.9411,0.854701,850.069
3322,KB4,HARQ,Size_Medium,100,0.01,1,13,0,0.91,0.854701,879.121
3323,KB4,HARQ,Size_Medium,100,0.01,1,13,0,0.9336,0.854701,856.898
3324,KB4,HARQ,Size_Medium,100,0.01,1,13,0,0.9292,0.854701,860.956
3325,KB4,HARQ,Size_Medium,100,0.01,1,13,0,0.9124,0.854701,876.808
3326,KB4,HARQ,Size_Medium,100,0.01,1,13,0,0.934,0.854701,856.531
3327,KB4,HARQ,Size_Medium,100,0.01,1,13,0,0.924,0.854701,865.801
3328,KB4,HARQ,Size_Medium,100,0.01,1,13,1,0.9823,0.793651,814.415
3329,KB4,HARQ,Size_Medium,100,0.01,1,13,0,0.9099,0.854701,879.217
3330,KB4,HARQ,Size_Medium,100,0.01,1,13,0,0.911,0.854701,878.156
3331,KB4,HARQ,Size_Medium,100,0.01,1,13,0,0.9113,0.854701,877.867
3332,KB4,HARQ,Size_Medium,100,0.01,1,13,0,0.9363,0.854701,854.427
3333,KB4,HARQ,Size_Medium,100,0.01,1,13,0,0.9103,0.854701,878.831
3334,KB4,HARQ,Size_Medium,100,0.01,1,13,0,0.9385,0.854701,852.424
3335,KB4,HARQ,Size_Medium,100,0.01,1,13,0,0.9327,0.854701,857.725
3336,KB4,HARQ,Size_Medium,100,0.01,1,13,1,0.9791,0.793651,817.077
3337,KB4,HARQ,Size_Medium,100,0.01,1,13,0,0.9106,0.854701,878.542
3338,KB4,HARQ,Size_Medium,100,0.01,1,13,0,0.909,0.854701,880.088
3339,KB4,HARQ,Size_Medium,100,0.01,1,13,0,0.9086,0.854701,880.475
3340,KB4,HARQ,Size_Medium,100,0.01,1,13,0,0.9081,0.854701,880.96
3341,KB4,HARQ,Size_Medium,100,0.01,1,13,0,0.912,0.854701,877.193
3342,KB4,HARQ,Size_Medium,100,0.01,1,13,0,1.1391,0.854701,702.309
3343,KB4,HARQ,Size_Medium,100,0.01,1,13,0,1.0016,0.854701,798.722
3344,KB4,HARQ,Size_Medium,100,0.01,1,13,0,0.9605,0.854701,832.9
3345,KB4,HARQ,Size_Medium,100,0.01,1,13,1,1.4089,0.793651,567.819
3346,KB4,HARQ,Size_Medium,100,0.01,1,13,0,1.161,0.854701,689.061
3347,KB4,HARQ,Size_Medium,100,0.01,1,13,0,1.137,0.854701,703.606
3348,KB4,HARQ,Size_Medium,100,0.01,1,13,0,0.9089,0.854701,880.185
3349,KB4,HARQ,Size_Medium,100,0.01,1,13,0,0.9118,0.854701,877.385
3350,KB4,HARQ,Size_Medium,100,0.01,1,13,0,0.9092,0.854701,879.894
3351,KB4,HARQ,Size_Medium,100,0.01,1,13,0,0.9399,0.854701,851.154
3352,KB4,HARQ,Size_Medium,100,0.01,1,13,0,0.9065,0.854701,882.515
3353,KB4,HARQ,Size_Medium,100,0.01,1,13,0,0.9467,0.854701,845.041
3354,KB4,HARQ,Size_Medium,100,0.01,1,13,1,0.9786,0.793651,817.494
3355,KB4,HARQ,Size_Medium,100,0.01,1,13,0,0.9264,0.854701,863.558
3356,KB4,HARQ,Size_Medium,100,0.01,1,13,0,0.9139,0.854701,875.369
3357,KB4,HARQ,Size_Medium,100,0.01,1,13,0,1.0019,0.854701,798.483
3358,KB4,HARQ,Size_Medium,100,0.01,1,13,0,0.9122,0.854701,877.001
3359,KB4,HARQ,Size_Medium,100,0.01,1,13,1,0.9971,0.793651,802.327
3360,KB4,HARQ,Size_Medium,100,0.01,1,13,0,0.9118,0.854701,877.385
3361,KB4,HARQ,Size_Medium,100,0.01,1,13,0,0.9403,0.854701,850.792
3362,KB4,HARQ,Size_Medium,100,0.01,1,13,0,0.9103,0.854701,878.831
3363,KB4,HARQ,Size_Medium,100,0.01,1,13,0,0.9404,0.854701,850.702
3364,KB4,HARQ,Size_Medium,100,0.01,1,13,0,0.9238,0.854701,865.988
3365,KB4,HARQ,Size_Medium,100,0.01,1,13,0,0.9286,0.854701,861.512
3366,KB4,HARQ,Size_Medium,100,0.01,1,13,0,0.9127,0.854701,876.52
3367,KB4,HARQ,Size_Medium,100,0.01,1,13,0,0.9103,0.854701,878.831
3368,KB4,HARQ,Size_Medium,100,0.01,1,13,0,0.9069,0.854701,882.126
3369,KB4,HARQ,Size_Medium,100,0.01,1,13,0,0.907,0.854701,882.029
3370,KB4,HARQ,Size_Medium,100,0.01,1,13,0,0.9073,0.854701,881.737
3371,KB4,HARQ,Size_Medium,100,0.01,1,13,0,0.91,0.854701,879.121
3372,KB4,HARQ,Size_Medium,100,0.01,1,13,0,0.9402,0.854701,850.883
3373,KB4,HARQ,Size_Medium,100,0.01,1,13,1,0.9799,0.793651,816.41
3374,KB4,HARQ,Size_Medium,100,0.01,1,13,1,1.0505,0.793651,761.542
3375,KB4,HARQ,Size_Medium,100,0.01,1,13,0,0.9202,0.854701,869.376
3376,KB4,HARQ,Size_Medium,100,0.01,1,13,0,0.9084,0.854701,880.669
3377,KB4,HARQ,Size_Medium,100,0.01,1,13,1,0.9809,0.793651,815.578
3378,KB4,HARQ,Size_Medium,100,0.01,1,13,0,0.9273,0.854701,862.72
3379,KB4,HARQ,Size_Medium,100,0.01,1,13,0,0.9161,0.854701,873.267
3380,KB4,HARQ,Size_Medium,100,0.01,1,13,1,0.9783,0.793651,817.745
3381,KB4,HARQ,Size_Medium,100,0.01,1,13,0,0.9109,0.854701,878.252
3382,KB4,HARQ,Size_Medium,100,0.01,1,13,0,0.937,0.854701,853.789
3383,KB4,HARQ,Size_Medium,100,0.01,1,13,0,0.9098,0.854701,879.314
3384,KB4,HARQ,Size_Medium,100,0.01,1,13,0,0.9465,0.854701,845.219
3385,KB4,HARQ,Size_Medium,100,0.01,1,13,0,0.9096,0.854701,879.507
3386,KB4,HARQ,Size_Medium,100,0.01,1,13,0,0.9068,0.854701,882.223
3387,KB4,HARQ,Size_Medium,100,0.01,1,13,0,0.9088,0.854701,880.282
3388,KB4,HARQ,Size_Medium,100,0.01,1,13,0,0.9072,0.854701,881.834
3389,KB4,HARQ,Size_Medium,100,0.01,1,13,0,0.9091,0.854701,879.991
3390,KB4,HARQ,Size_Medium,100,0.01,1,13,0,1.3161,0.854701,607.857
3391,KB4,HARQ,Size_Medium,100,0.01,1,13,0,0.9291,0.854701,861.048
3392,KB4,HARQ,Size_Medium,100,0.01,1,13,0,0.9395,0.854701,851.517
3393,KB4,HARQ,Size_Medium,100,0.01,1,13,0,0.9103,0.854701,878.831
3394,KB4,HARQ,Size_Medium,100,0.01,1,13,1,1.0098,0.793651,792.236
3395,KB4,HARQ,Size_Medium,100,0.01,1,13,0,0.9116,0.854701,877.578
3396,KB4,HARQ,Size_Medium,100,0.01,1,13,1,0.9817,0.793651,814.913
3397,KB4,HARQ,Size_Medium,100,0.01,1,13,0,0.9104,0.854701,878.735
3398,KB4,HARQ,Size_Medium,100,0.01,1,13,0,0.9062,0.854701,882.807
3399,KB4,HARQ,Size_Medium,100,0.01,1,13,0,0.9261,0.854701,863.838
3400,KB4,HARQ,Size_Medium,100,0.01,1,13,0,0.9134,0.854701,875.848
3401,KB4,HARQ,Size_Medium,100,0.01,1,13,0,0.9075,0.854701,881.543
3402,KB4,HARQ,Size_Medium,100,0.01,1,13,0,0.9404,0.854701,850.702
3403,KB4,HARQ,Size_Medium,100,0.01,1,13,0,0.9114,0.854701,877.77
3404,KB4,HARQ,Size_Medium,100,0.01,1,13,0,0.9387,0.854701,852.242
3405,KB4,HARQ,Size_Medium,100,0.01,1,13,0,0.9115,0.854701,877.674
3406,KB4,HARQ,Size_Medium,100,0.01,1,13,0,0.9861,0.854701,811.277
3407,KB4,HARQ,Size_Medium,100,0.01,1,13,1,0.9809,0.793651,815.578
3408,KB4,HARQ,Size_Medium,100,0.01,1,13,0,0.9251,0.854701,864.771
3409,KB4,HARQ,Size_Medium,100,0.01,1,13,0,0.9278,0.854701,862.255
3410,KB4,HARQ,Size_Medium,100,0.01,1,13,0,0.9116,0.854701,877.578
3411,KB4,HARQ,Size_Medium,100,0.01,1,13,0,0.9098,0.854701,879.314
3412,KB4,HARQ,Size_Medium,100,0.01,1,13,0,0.9375,0.854701,853.333
3413,KB4,HARQ,Size_Medium,100,0.01,1,13,0,0.9081,0.854701,880.96
3414,KB4,HARQ,Size_Medium,100,0.01,1,13,0,0.9362,0.854701,854.518
3415,KB4,HARQ,Size_Medium,100,0.01,1,13,0,0.9174,0.854701,872.03
3416,KB4,HARQ,Size_Medium,100,0.01,1,13,0,0.9108,0.854701,878.349
3417,KB4,HARQ,Size_Medium,100,0.01,1,13,0,0.9086,0.854701,880.475
3418,KB4,HARQ,Size_Medium,100,0.01,1,13,0,0.9077,0.854701,881.348
3419,KB4,HARQ,Size_Medium,100,0.01,1,13,0,0.909,0.854701,880.088
3420,KB4,HARQ,Size_Medium,100,0.01,1,13,0,0.9054,0.854701,883.587
3421,KB4,HARQ,Size_Medium,100,0.01,1,13,0,0.9264,0.854701,863.558
3422,KB4,HARQ,Size_Medium,100,0.01,1,13,0,0.9585,0.854701,834.637
3423,KB4,HARQ,Size_Medium,100,0.01,1,13,0,1.0056,0.854701,795.545
3424,KB4,HARQ,Size_Medium,100,0.01,1,13,0,0.9257,0.854701,864.211
3425,KB4,HARQ,Size_Medium,100,0.01,1,13,0,0.9343,0.854701,856.256
3426,KB4,HARQ,Size_Medium,100,0.01,1,13,0,0.9481,0.854701,843.793
3427,KB4,HARQ,Size_Medium,100,0.01,1,13,0,0.9315,0.854701,858.83
3428,KB4,HARQ,Size_Medium,100,0.01,1,13,0,0.9306,0.854701,859.66
3429,KB4,HARQ,Size_Medium,100,0.01,1,13,0,0.9295,0.854701,860.678
3430,KB4,HARQ,Size_Medium,100,0.01,1,13,0,0.9307,0.854701,859.568
3431,KB4,HARQ,Size_Medium,100,0.01,1,13,1,1.0041,0.793651,796.733
3432,KB4,HARQ,Size_Medium,100,0.01,1,13,0,0.9273,0.854701,862.72
3433,KB4,HARQ,Size_Medium,100,0.01,1,13,0,0.9368,0.854701,853.971
3434,KB4,HARQ,Size_Medium,100,0.01,1,13,0,0.9255,0.854701,864.398
3435,KB4,HARQ,Size_Medium,100,0.01,1,13,0,0.9297,0.854701,860.493
3436,KB4,HARQ,Size_Medium,100,0.01,1,13,0,0.9261,0.854701,863.838
3437,KB4,HARQ,Size_Medium,100,0.01,1,13,0,0.9493,0.854701,842.726
3438,KB4,HARQ,Size_Medium,100,0.01,1,13,0,0.9314,0.854701,858.922
3439,KB4,HARQ,Size_Medium,100,0.01,1,13,0,0.9836,0.854701,813.339
3440,KB4,HARQ,Size_Medium,100,0.01,1,13,0,0.9272,0.854701,862.813
3441,KB4,HARQ,Size_Medium,100,0.01,1,13,0,0.9305,0.854701,859.753
3442,KB4,HARQ,Size_Medium,100,0.01,1,13,0,0.9292,0.854701,860.956
3443,KB4,HARQ,Size_Medium,100,0.01,1,13,0,0.9281,0.854701,861.976
3444,KB4,HARQ,Size_Medium,100,0.01,1,13,0,0.9261,0.854701,863.838
3445,KB4,HARQ,Size_Medium,100,0.01,1,13,0,0.9305,0.854701,859.753
3446,KB4,HARQ,Size_Medium,100,0.01,1,13,0,0.9332,0.854701,857.265
3447,KB4,HARQ,Size_Medium,100,0.01,1,13,1,1.0047,0.793651,796.258
3448,KB4,HARQ,Size_Medium,100,0.01,1,13,1,1.0017,0.793651,798.642
3449,KB4,HARQ,Size_Medium,100,0.01,1,13,0,0.9301,0.854701,860.123
3450,KB4,HARQ,Size_Medium,100,0.01,1,13,0,0.9269,0.854701,863.092
3451,KB4,HARQ,Size_Medium,100,0.01,1,13,0,0.9298,0.854701,860.4
3452,KB4,HARQ,Size_Medium,100,0.01,1,13,0,0.9453,0.854701,846.292
3453,KB4,HARQ,Size_Medium,100,0.01,1,13,0,0.9571,0.854701,835.858
3454,KB4,HARQ,Size_Medium,100,0.01,1,13,0,0.9307,0.854701,859.568
3455,KB4,HARQ,Size_Medium,100,0.01,1,13,0,0.9929,0.854701,805.721
3456,KB4,HARQ,Size_Medium,100,0.01,1,13,0,0.9266,0.854701,863.371
3457,KB4,HARQ,Size_Medium,100,0.01,1,13,1,1.0222,0.793651,782.626
3458,KB4,HARQ,Size_Medium,100,0.01,1,13,0,0.9286,0.854701,861.512
3459,KB4,HARQ,Size_Medium,100,0.01,1,13,0,0.9296,0.854701,860.585
3460,KB4,HARQ,Size_Medium,100,0.01,1,13,1,0.9997,0.793651,800.24
3461,KB4,HARQ,Size_Medium,100,0.01,1,13,0,0.9514,0.854701,840.866
3462,KB4,HARQ,Size_Medium,100,0.01,1,13,0,0.9303,0.854701,859.938
3463,KB4,HARQ,Size_Medium,100,0.01,1,13,0,0.9376,0.854701,853.242
3464,KB4,HARQ,Size_Medium,100,0.01,1,13,0,0.9285,0.854701,861.605
3465,KB4,HARQ,Size_Medium,100,0.01,1,13,0,0.9314,0.854701,858.922
3466,KB4,HARQ,Size_Medium,100,0.01,1,13,1,0.9971,0.793651,802.327
3467,KB4,HARQ,Size_Medium,100,0.01,1,13,0,0.9509,0.854701,841.308
3468,KB4,HARQ,Size_Medium,100,0.01,1,13,0,0.9273,0.854701,862.72
3469,KB4,HARQ,Size_Medium,100,0.01,1,13,0,0.9271,0.854701,862.906
3470,KB4,HARQ,Size_Medium,100,0.01,1,13,0,0.931,0.854701,859.291
3471,KB4,HARQ,Size_Medium,100,0.01,1,13,0,0.9814,0.854701,815.162
3472,KB4,HARQ,Size_Medium,100,0.01,1,13,0,0.9454,0.854701,846.203
3473,KB4,HARQ,Size_Medium,100,0.01,1,13,0,0.9526,0.854701,839.807
3474,KB4,HARQ,Size_Medium,100,0.01,1,13,0,0.9329,0.854701,857.541
3475,KB4,HARQ,Size_Medium,100,0.01,1,13,0,0.9376,0.854701,853.242
3476,KB4,HARQ,Size_Medium,100,0.01,1,13,0,0.9365,0.854701,854.245
3477,KB4,HARQ,Size_Medium,100,0.01,1,13,1,1.0024,0.793651,798.085
3478,KB4,HARQ,Size_Medium,100,0.01,1,13,0,0.9282,0.854701,861.883
3479,KB4,HARQ,Size_Medium,100,0.01,1,13,0,0.9287,0.854701,861.419
3480,KB4,HARQ,Size_Medium,100,0.01,1,13,0,0.9297,0.854701,860.493
3481,KB4,HARQ,Size_Medium,100,0.01,1,13,1,1.0224,0.793651,782.473
3482,KB4,HARQ,Size_Medium,100,0.01,1,13,0,0.9277,0.854701,862.348
3483,KB4,HARQ,Size_Medium,100,0.01,1,13,0,0.9303,0.854701,859.938
3484,KB4,HARQ,Size_Medium,100,0.01,1,13,0,0.9287,0.854701,861.419
3485,KB4,HARQ,Size_Medium,100,0.01,1,13,0,0.9567,0.854701,836.208
3486,KB4,HARQ,Size_Medium,100,0.01,1,13,0,0.9287,0.854701,861.419
3487,KB4,HARQ,Size_Medium,100,0.01,1,13,0,0.9883,0.854701,809.471
3488,KB4,HARQ,Size_Medium,100,0.01,1,13,0,0.9321,0.854701,858.277
3489,KB4,HARQ,Size_Medium,100,0.01,1,13,0,0.931,0.854701,859.291
3490,KB4,HARQ,Size_Medium,100,0.01,1,13,0,0.9278,0.854701,862.255
3491,KB4,HARQ,Size_Medium,100,0.01,1,13,0,0.9292,0.854701,860.956
3492,KB4,HARQ,Size_Medium,100,0.01,1,13,0,0.9462,0.854701,845.487
3493,KB4,HARQ,Size_Medium,100,0.01,1,13,0,0.9373,0.854701,853.515
3494,KB4,HARQ,Size_Medium,100,0.01,1,13,0,0.9449,0.854701,846.65
3495,KB4,HARQ,Size_Medium,100,0.01,1,13,0,0.9504,0.854701,841.751
3496,KB4,HARQ,Size_Medium,100,0.01,1,13,0,0.9489,0.854701,843.081
3497,KB4,HARQ,Size_Medium,100,0.01,1,13,0,0.9375,0.854701,853.333
3498,KB4,HARQ,Size_Medium,100,0.01,1,13,0,0.9295,0.854701,860.678
3499,KB4,HARQ,Size_Medium,100,0.01,1,13,0,0.9306,0.854701,859.66
3500,KB4,HARQ,Size_Medium,100,0.01,1,13,1,0.9985,0.793651,801.202
3501,KB4,HARQ,Size_Medium,100,0.01,1,13,0,0.9298,0.854701,860.4
3502,KB4,HARQ,Size_Medium,100,0.01,1,13,0,0.9279,0.854701,862.162
3503,KB4,HARQ,Size_Medium,100,0.01,1,13,0,1.0374,0.854701,771.159
3504,KB4,HARQ,Size_Medium,100,0.01,1,13,0,0.9578,0.854701,835.247
3505,KB4,HARQ,Size_Medium,100,0.01,1,13,1,1.0085,0.793651,793.257
3506,KB4,HARQ,Size_Medium,100,0.01,1,13,1,1.0239,0.793651,781.326
3507,KB4,HARQ,Size_Medium,100,0.01,1,13,0,0.9349,0.854701,855.706
3508,KB4,HARQ,Size_Medium,100,0.01,1,13,0,0.9307,0.854701,859.568
3509,KB4,HARQ,Size_Medium,100,0.01,1,13,0,0.9294,0.854701,860.77
3510,KB4,HARQ,Size_Medium,100,0.01,1,13,0,0.9272,0.854701,862.813
3511,KB4,HARQ,Size_Medium,100,0.01,1,13,0,0.93,0.854701,860.215
3512,KB4,HARQ,Size_Medium,100,0.01,1,13,0,0.9435,0.854701,847.907
3513,KB4,HARQ,Size_Medium,100,0.01,1,13,0,0.9351,0.854701,855.523
3514,KB4,HARQ,Size_Medium,100,0.01,1,13,0,0.928,0.854701,862.069
3515,KB4,HARQ,Size_Medium,100,0.01,1,13,0,0.9377,0.854701,853.151
3516,KB4,HARQ,Size_Medium,100,0.01,1,13,0,0.9422,0.854701,849.077
3517,KB4,HARQ,Size_Medium,100,0.01,1,13,0,0.9309,0.854701,859.383
3518,KB4,HARQ,Size_Medium,100,0.01,1,13,0,0.9259,0.854701,864.024
3519,KB4,HARQ,Size_Medium,100,0.01,1,13,0,0.9561,0.854701,836.733
3520,KB4,HARQ,Size_Medium,100,0.01,1,13,0,0.9566,0.854701,836.295
3521,KB4,HARQ,Size_Medium,100,0.01,1,13,0,0.929,0.854701,861.141
3522,KB4,HARQ,Size_Medium,100,0.01,1,13,1,1.0041,0.793651,796.733
3523,KB4,HARQ,Size_Medium,100,0.01,1,13,1,1.0314,0.793651,775.645
3524,KB4,HARQ,Size_Medium,100,0.01,1,13,1,0.9799,0.793651,816.41
3525,KB4,HARQ,Size_Medium,100,0.01,1,13,1,1.0264,0.793651,779.423
3526,KB4,HARQ,Size_Medium,100,0.01,1,13,0,0.9107,0.854701,878.445
3527,KB4,HARQ,Size_Medium,100,0.01,1,13,0,0.9131,0.854701,876.136
3528,KB4,HARQ,Size_Medium,100,0.01,1,13,0,0.908,0.854701,881.057
3529,KB4,HARQ,Size_Medium,100,0.01,1,13,0,0.9328,0.854701,857.633
3530,KB4,HARQ,Size_Medium,100,0.01,1,13,0,0.9131,0.854701,876.136
3531,KB4,HARQ,Size_Medium,100,0.01,1,13,0,0.9138,0.854701,875.465
3532,KB4,HARQ,Size_Medium,100,0.01,1,13,0,0.9099,0.854701,879.217
3533,KB4,HARQ,Size_Medium,100,0.01,1,13,0,0.9146,0.854701,874.699
3534,KB4,HARQ,Size_Medium,100,0.01,1,13,0,0.9375,0.854701,853.333
3535,KB4,HARQ,Size_Medium,100,0.01,1,13,1,0.9859,0.793651,811.441
3536,KB4,HARQ,Size_Medium,100,0.01,1,13,0,1.0008,0.854701,799.361
3537,KB4,HARQ,Size_Medium,100,0.01,1,13,0,0.9231,0.854701,866.645
3538,KB4,HARQ,Size_Medium,100,0.01,1,13,0,0.9108,0.854701,878.349
3539,KB4,HARQ,Size_Medium,100,0.01,1,13,0,0.9124,0.854701,876.808
3540,KB4,HARQ,Size_Medium,100,0.01,1,13,1,0.9823,0.793651,814.415
3541,KB4,HARQ,Size_Medium,100,0.01,1,13,0,0.933,0.854701,857.449
3542,KB4,HARQ,Size_Medium,100,0.01,1,13,0,0.9121,0.854701,877.097
3543,KB4,HARQ,Size_Medium,100,0.01,1,13,2,1.0459,0.740741,764.891
3544,KB4,HARQ,Size_Medium,100,0.01,1,13,0,0.942,0.854701,849.257
3545,KB4,HARQ,Size_Medium,100,0.01,1,13,0,0.9126,0.854701,876.616
3546,KB4,HARQ,Size_Medium,100,0.01,1,13,1,1.0102,0.793651,791.922
3547,KB4,HARQ,Size_Medium,100,0.01,1,13,1,1.0015,0.793651,798.802
3548,KB4,HARQ,Size_Medium,100,0.01,1,13,0,0.9301,0.854701,860.123
3549,KB4,HARQ,Size_Medium,100,0.01,1,13,0,0.9141,0.854701,875.178
3550,KB4,HARQ,Size_Medium,100,0.01,1,13,0,0.9112,0.854701,877.963
3551,KB4,HARQ,Size_Medium,100,0.01,1,13,0,0.9134,0.854701,875.848
3552,KB4,HARQ,Size_Medium,100,0.01,1,13,0,0.9891,0.854701,808.816
3553,KB4,HARQ,Size_Medium,100,0.01,1,13,0,0.9112,0.854701,877.963
3554,KB4,HARQ,Size_Medium,100,0.01,1,13,0,0.9399,0.854701,851.154
3555,KB4,HARQ,Size_Medium,100,0.01,1,13,0,0.9138,0.854701,875.465
3556,KB4,HARQ,Size_Medium,100,0.01,1,13,0,0.941,0.854701,850.159
3557,KB4,HARQ,Size_Medium,100,0.01,1,13,0,0.9141,0.854701,875.178
3558,KB4,HARQ,Size_Medium,100,0.01,1,13,0,0.9289,0.854701,861.234
3559,KB4,HARQ,Size_Medium,100,0.01,1,13,0,0.9213,0.854701,868.338
3560,KB4,HARQ,Size_Medium,100,0.01,1,13,0,0.9112,0.854701,877.963
3561,KB4,HARQ,Size_Medium,100,0.01,1,13,0,0.9144,0.854701,874.891
3562,KB4,HARQ,Size_Medium,100,0.01,1,13,0,0.9119,0.854701,877.289
3563,KB4,HARQ,Size_Medium,100,0.01,1,13,0,0.9127,0.854701,876.52
3564,KB4,HARQ,Size_Medium,100,0.01,1,13,0,0.9457,0.854701,845.934
3565,KB4,HARQ,Size_Medium,100,0.01,1,13,0,0.9141,0.854701,875.178
3566,KB4,HARQ,Size_Medium,100,0.01,1,13,0,0.9372,0.854701,853.606
3567,KB4,HARQ,Size_Medium,100,0.01,1,13,0,0.9218,0.854701,867.867
3568,KB4,HARQ,Size_Medium,100,0.01,1,13,0,0.9735,0.854701,821.777
3569,KB4,HARQ,Size_Medium,100,0.01,1,13,0,0.9285,0.854701,861.605
3570,KB4,HARQ,Size_Medium,100,0.01,1,13,0,0.9102,0.854701,878.928
3571,KB4,HARQ,Size_Medium,100,0.01,1,13,0,0.9354,0.854701,855.249
3572,KB4,HARQ,Size_Medium,100,0.01,1,13,0,0.9213,0.854701,868.338
3573,KB4,HARQ,Size_Medium,100,0.01,1,13,0,0.9155,0.854701,873.839
3574,KB4,HARQ,Size_Medium,100,0.01,1,13,1,1.0105,0.793651,791.687
3575,KB4,HARQ,Size_Medium,100,0.01,1,13,0,0.9391,0.854701,851.879
3576,KB4,HARQ,Size_Medium,100,0.01,1,13,0,0.943,0.854701,848.356
3577,KB4,HARQ,Size_Medium,100,0.01,1,13,0,0.9135,0.854701,875.753
3578,KB4,HARQ,Size_Medium,100,0.01,1,13,0,0.914,0.854701,875.274
3579,KB4,HARQ,Size_Medium,100,0.01,1,13,0,0.9102,0.854701,878.928
3580,KB4,HARQ,Size_Medium,100,0.01,1,13,1,1.001,0.793651,799.201
3581,KB4,HARQ,Size_Medium,100,0.01,1,13,0,0.9338,0.854701,856.714
3582,KB4,HARQ,Size_Medium,100,0.01,1,13,1,0.9807,0.793651,815.744
3583,KB4,HARQ,Size_Medium,100,0.01,1,13,0,0.9147,0.854701,874.604
3584,KB4,HARQ,Size_Medium,100,0.01,1,13,0,0.9081,0.854701,880.96
3585,KB4,HARQ,Size_Medium,100,0.01,1,13,0,1.1839,0.854701,675.733
3586,KB4,HARQ,Size_Medium,100,0.01,1,13,0,1.0791,0.854701,741.359
3587,KB4,HARQ,Size_Medium,100,0.01,1,13,1,1.0074,0.793651,794.123
3588,KB4,HARQ,Size_Medium,100,0.01,1,13,0,1.4478,0.854701,552.563
3589,KB4,HARQ,Size_Medium,100,0.01,1,13,0,1.2399,0.854701,645.213
3590,KB4,HARQ,Size_Medium,100,0.01,1,13,0,1.0138,0.854701,789.11
3591,KB4,HARQ,Size_Medium,100,0.01,1,13,0,0.984,0.854701,813.008
3592,KB4,HARQ,Size_Medium,100,0.01,1,13,0,0.9302,0.854701,860.03
3593,KB4,HARQ,Size_Medium,100,0.01,1,13,1,1.056,0.793651,757.576
3594,KB4,HARQ,Size_Medium,100,0.01,1,13,0,0.9286,0.854701,861.512
3595,KB4,HARQ,Size_Medium,100,0.01,1,13,0,0.9472,0.854701,844.595
3596,KB4,HARQ,Size_Medium,100,0.01,1,13,0,0.9221,0.854701,867.585
3597,KB4,HARQ,Size_Medium,100,0.01,1,13,0,0.9136,0.854701,875.657
3598,KB4,HARQ,Size_Medium,100,0.01,1,13,0,0.9307,0.854701,859.568
3599,KB4,HARQ,Size_Medium,100,0.01,1,13,0,1.0124,0.854701,790.202
3600,KB4,HARQ,Size_Medium,100,0.01,1,13,1,0.9826,0.793651,814.166
3601,KB4,HARQ,Size_Medium,100,0.01,1,13,0,0.91,0.854701,879.121
3602,KB4,HARQ,Size_Medium,100,0.01,1,13,0,0.9113,0.854701,877.867
3603,KB4,HARQ,Size_Medium,100,0.01,1,13,0,0.9428,0.854701,848.536
3604,KB4,HARQ,Size_Medium,100,0.01,1,13,0,0.926,0.854701,863.931
3605,KB4,HARQ,Size_Medium,100,0.01,1,13,1,1.0309,0.793651,776.021
3606,KB4,HARQ,Size_Medium,100,0.01,1,13,0,0.9304,0.854701,859.845
3607,KB4,HARQ,Size_Medium,100,0.01,1,13,0,0.9152,0.854701,874.126
3608,KB4,HARQ,Size_Medium,100,0.01,1,13,1,0.9859,0.793651,811.441
3609,KB4,HARQ,Size_Medium,100,0.01,1,13,0,0.9125,0.854701,876.712
3610,KB4,HARQ,Size_Medium,100,0.01,1,13,0,0.9104,0.854701,878.735
3611,KB4,HARQ,Size_Medium,100,0.01,1,13,0,0.9306,0.854701,859.66
3612,KB4,HARQ,Size_Medium,100,0.01,1,13,0,0.9265,0.854701,863.465
3613,KB4,HARQ,Size_Medium,100,0.01,1,13,0,0.9294,0.854701,860.77
3614,KB4,HARQ,Size_Medium,100,0.01,1,13,0,0.9122,0.854701,877.001
3615,KB4,HARQ,Size_Medium,100,0.01,1,13,0,0.9108,0.854701,878.349
3616,KB4,HARQ,Size_Medium,100,0.01,1,13,0,0.9838,0.854701,813.173
3617,KB4,HARQ,Size_Medium,100,0.01,1,13,0,0.9108,0.854701,878.349
3618,KB4,HARQ,Size_Medium,100,0.01,1,13,0,0.9101,0.854701,879.024
3619,KB4,HARQ,Size_Medium,100,0.01,1,13,0,0.9145,0.854701,874.795
3620,KB4,HARQ,Size_Medium,100,0.01,1,13,0,0.9116,0.854701,877.578
3621,KB4,HARQ,Size_Medium,100,0.01,1,13,2,1.0455,0.740741,765.184
3622,KB4,HARQ,Size_Medium,100,0.01,1,13,0,0.9281,0.854701,861.976
3623,KB4,HARQ,Size_Medium,100,0.01,1,13,0,0.9362,0.854701,854.518
3624,KB4,HARQ,Size_Medium,100,0.01,1,13,0,0.9533,0.854701,839.19
3625,KB4,HARQ,Size_Medium,100,0.01,1,13,0,0.9536,0.854701,838.926
3626,KB4,HARQ,Size_Medium,100,0.01,1,13,0,0.9521,0.854701,840.248
3627,KB4,HARQ,Size_Medium,100,0.01,1,13,1,1.032,0.793651,775.194
3628,KB4,HARQ,Size_Medium,100,0.01,1,13,1,1.0395,0.793651,769.601
3629,KB4,HARQ,Size_Medium,100,0.01,1,13,0,0.9574,0.854701,835.596
3630,KB4,HARQ,Size_Medium,100,0.01,1,13,0,0.9488,0.854701,843.17
3631,KB4,HARQ,Size_Medium,100,0.01,1,13,0,0.9572,0.854701,835.771
3632,KB4,HARQ,Size_Medium,100,0.01,1,13,0,0.9713,0.854701,823.638
3633,KB4,HARQ,Size_Medium,100,0.01,1,13,1,1.0332,0.793651,774.293
3634,KB4,HARQ,Size_Medium,100,0.01,1,13,0,0.9524,0.854701,839.983
3635,KB4,HARQ,Size_Medium,100,0.01,1,13,0,0.9599,0.854701,833.42
3636,KB4,HARQ,Size_Medium,100,0.01,1,13,0,0.9497,0.854701,842.371
3637,KB4,HARQ,Size_Medium,100,0.01,1,13,0,0.9717,0.854701,823.299
3638,KB4,HARQ,Size_Medium,100,0.01,1,13,0,0.9682,0.854701,826.276
3639,KB4,HARQ,Size_Medium,100,0.01,1,13,0,0.9569,0.854701,836.033
3640,KB4,HARQ,Size_Medium,100,0.01,1,13,1,1.0296,0.793651,777.001
3641,KB4,HARQ,Size_Medium,100,0.01,1,13,0,0.9731,0.854701,822.115
3642,KB4,HARQ,Size_Medium,100,0.01,1,13,0,0.9505,0.854701,841.662
3643,KB4,HARQ,Size_Medium,100,0.01,1,13,1,1.0385,0.793651,770.342
3644,KB4,HARQ,Size_Medium,100,0.01,1,13,0,0.9504,0.854701,841.751
3645,KB4,HARQ,Size_Medium,100,0.01,1,13,0,0.9618,0.854701,831.774
3646,KB4,HARQ,Size_Medium,100,0.01,1,13,1,1.0431,0.793651,766.945
3647,KB4,HARQ,Size_Medium,100,0.01,1,13,0,1.0173,0.854701,786.395
3648,KB4,HARQ,Size_Medium,100,0.01,1,13,0,0.9519,0.854701,840.424
3649,KB4,HARQ,Size_Medium,100,0.01,1,13,0,0.9523,0.854701,840.071
3650,KB4,HARQ,Size_Medium,100,0.01,1,13,0,0.9637,0.854701,830.134
3651,KB4,HARQ,Size_Medium,100,0.01,1,13,0,0.971,0.854701,823.893
3652,KB4,HARQ,Size_Medium,100,0.01,1,13,0,0.9493,0.854701,842.726
3653,KB4,HARQ,Size_Medium,100,0.01,1,13,0,0.9526,0.854701,839.807
3654,KB4,HARQ,Size_Medium,100,0.01,1,13,1,1.0262,0.793651,779.575
3655,KB4,HARQ,Size_Medium,100,0.01,1,13,0,0.9504,0.854701,841.751
3656,KB4,HARQ,Size_Medium,100,0.01,1,13,1,1.0309,0.793651,776.021
3657,KB4,HARQ,Size_Medium,100,0.01,1,13,0,0.954,0.854701,838.574
3658,KB4,HARQ,Size_Medium,100,0.01,1,13,0,0.9509,0.854701,841.308
3659,KB4,HARQ,Size_Medium,100,0.01,1,13,0,0.9743,0.854701,821.102
3660,KB4,HARQ,Size_Medium,100,0.01,1,13,0,0.9524,0.854701,839.983
3661,KB4,HARQ,Size_Medium,100,0.01,1,13,0,0.9543,0.854701,838.311
3662,KB4,HARQ,Size_Medium,100,0.01,1,13,0,0.9488,0.854701,843.17
3663,KB4,HARQ,Size_Medium,100,0.01,1,13,0,0.9934,0.854701,805.315
3664,KB4,HARQ,Size_Medium,100,0.01,1,13,0,0.9616,0.854701,831.947
3665,KB4,HARQ,Size_Medium,100,0.01,1,13,0,0.9727,0.854701,822.453
3666,KB4,HARQ,Size_Medium,100,0.01,1,13,0,0.9498,0.854701,842.283
3667,KB4,HARQ,Size_Medium,100,0.01,1,13,0,0.9534,0.854701,839.102
3668,KB4,HARQ,Size_Medium,100,0.01,1,13,0,0.9496,0.854701,842.46
3669,KB4,HARQ,Size_Medium,100,0.01,1,13,0,0.9518,0.854701,840.513
3670,KB4,HARQ,Size_Medium,100,0.01,1,13,0,0.967,0.854701,827.301
3671,KB4,HARQ,Size_Medium,100,0.01,1,13,0,0.9597,0.854701,833.594
3672,KB4,HARQ,Size_Medium,100,0.01,1,13,0,0.9511,0.854701,841.131
3673,KB4,HARQ,Size_Medium,100,0.01,1,13,0,0.9554,0.854701,837.346
3674,KB4,HARQ,Size_Medium,100,0.01,1,13,0,0.9492,0.854701,842.815
3675,KB4,HARQ,Size_Medium,100,0.01,1,13,0,0.9746,0.854701,820.85
3676,KB4,HARQ,Size_Medium,100,0.01,1,13,0,0.9671,0.854701,827.215
3677,KB4,HARQ,Size_Medium,100,0.01,1,13,0,0.9524,0.854701,839.983
3678,KB4,HARQ,Size_Medium,100,0.01,1,13,0,0.9501,0.854701,842.017
3679,KB4,HARQ,Size_Medium,100,0.01,1,13,0,1.0125,0.854701,790.123
3680,KB4,HARQ,Size_Medium,100,0.01,1,13,0,0.9495,0.854701,842.549
3681,KB4,HARQ,Size_Medium,100,0.01,1,13,0,0.9518,0.854701,840.513
3682,KB4,HARQ,Size_Medium,100,0.01,1,13,0,0.9509,0.854701,841.308
3683,KB4,HARQ,Size_Medium,100,0.01,1,13,0,0.9546,0.854701,838.047
3684,KB4,HARQ,Size_Medium,100,0.01,1,13,0,0.9493,0.854701,842.726
3685,KB4,HARQ,Size_Medium,100,0.01,1,13,0,0.9575,0.854701,835.509
3686,KB4,HARQ,Size_Medium,100,0.01,1,13,0,0.9567,0.854701,836.208
3687,KB4,HARQ,Size_Medium,100,0.01,1,13,0,0.9522,0.854701,840.16
3688,KB4,HARQ,Size_Medium,100,0.01,1,13,0,0.9648,0.854701,829.187
3689,KB4,HARQ,Size_Medium,100,0.01,1,13,0,0.9536,0.854701,838.926
3690,KB4,HARQ,Size_Medium,100,0.01,1,13,0,0.9498,0.854701,842.283
3691,KB4,HARQ,Size_Medium,100,0.01,1,13,1,1.0253,0.793651,780.259
3692,KB4,HARQ,Size_Medium,100,0.01,1,13,0,0.9663,0.854701,827.9
3693,KB4,HARQ,Size_Medium,100,0.01,1,13,0,0.9571,0.854701,835.858
3694,KB4,HARQ,Size_Medium,100,0.01,1,13,1,1.0238,0.793651,781.403
3695,KB4,HARQ,Size_Medium,100,0.01,1,13,0,0.9955,0.854701,803.616
3696,KB4,HARQ,Size_Medium,100,0.01,1,13,0,0.951,0.854701,841.22
3697,KB4,HARQ,Size_Medium,100,0.01,1,13,0,0.9727,0.854701,822.453
3698,KB4,HARQ,Size_Medium,100,0.01,1,13,0,0.9497,0.854701,842.371
3699,KB4,HARQ,Size_Medium,100,0.01,1,13,0,0.9538,0.854701,838.75
3700,KB4,HARQ,Size_Medium,100,0.01,1,13,0,0.9486,0.854701,843.348
3701,KB4,HARQ,Size_Medium,100,0.01,1,13,0,0.974,0.854701,821.355
3702,KB4,HARQ,Size_Medium,100,0.01,1,13,0,0.9494,0.854701,842.637
3703,KB4,HARQ,Size_Medium,100,0.01,1,13,0,0.9566,0.854701,836.295
3704,KB4,HARQ,Size_Medium,100,0.01,1,13,0,0.9485,0.854701,843.437
3705,KB4,HARQ,Size_Medium,100,0.01,1,13,0,0.9495,0.854701,842.549
3706,KB4,HARQ,Size_Medium,100,0.01,1,13,0,0.9476,0.854701,844.238
3707,KB4,HARQ,Size_Medium,100,0.01,1,13,0,0.9505,0.854701,841.662
3708,KB4,HARQ,Size_Medium,100,0.01,1,13,0,0.9707,0.854701,824.148
3709,KB4,HARQ,Size_Medium,100,0.01,1,13,0,0.9556,0.854701,837.17
3710,KB4,HARQ,Size_Medium,100,0.01,1,13,0,0.9521,0.854701,840.248
3711,KB4,HARQ,Size_Medium,100,0.01,1,13,0,0.9764,0.854701,819.336
3712,KB4,HARQ,Size_Medium,100,0.01,1,13,0,0.9513,0.854701,840.954
3713,KB4,HARQ,Size_Medium,100,0.01,1,13,0,0.9523,0.854701,840.071
3714,KB4,HARQ,Size_Medium,100,0.01,1,13,0,0.9539,0.854701,838.662
3715,KB4,HARQ,Size_Medium,100,0.01,1,13,0,0.9591,0.854701,834.115
3716,KB4,HARQ,Size_Medium,100,0.01,1,13,0,0.9523,0.854701,840.071
3717,KB4,HARQ,Size_Medium,100,0.01,1,13,0,0.9527,0.854701,839.719
3718,KB4,HARQ,Size_Medium,100,0.01,1,13,1,1.0256,0.793651,780.031
3719,KB4,HARQ,Size_Medium,100,0.01,1,13,0,0.9507,0.854701,841.485
3720,KB4,HARQ,Size_Medium,100,0.01,1,13,0,0.949,0.854701,842.993
3721,KB4,HARQ,Size_Medium,100,0.01,1,13,1,1.0249,0.793651,780.564
3722,KB4,HARQ,Size_Medium,100,0.01,1,13,0,0.984,0.854701,813.008
3723,KB4,HARQ,Size_Medium,100,0.01,1,13,0,0.9115,0.854701,877.674
3724,KB4,HARQ,Size_Medium,100,0.01,1,13,0,0.9405,0.854701,850.611
3725,KB4,HARQ,Size_Medium,100,0.01,1,13,0,0.9149,0.854701,874.413
3726,KB4,HARQ,Size_Medium,100,0.01,1,13,0,0.9277,0.854701,862.348
3727,KB4,HARQ,Size_Medium,100,0.01,1,13,0,1.3249,0.854701,603.819
3728,KB4,HARQ,Size_Medium,100,0.01,1,13,0,0.911,0.854701,878.156
3729,KB4,HARQ,Size_Medium,100,0.01,1,13,0,0.9122,0.854701,877.001
3730,KB4,HARQ,Size_Medium,100,0.01,1,13,0,0.9267,0.854701,863.278
3731,KB4,HARQ,Size_Medium,100,0.01,1,13,0,0.9343,0.854701,856.256
3732,KB4,HARQ,Size_Medium,100,0.01,1,13,0,0.9426,0.854701,848.716
3733,KB4,HARQ,Size_Medium,100,0.01,1,13,0,0.9173,0.854701,872.125
3734,KB4,HARQ,Size_Medium,100,0.01,1,13,0,0.9418,0.854701,849.437
3735,KB4,HARQ,Size_Medium,100,0.01,1,13,0,0.9322,0.854701,858.185
3736,KB4,HARQ,Size_Medium,100,0.01,1,13,0,0.9115,0.854701,877.674
3737,KB4,HARQ,Size_Medium,100,0.01,1,13,0,0.9143,0.854701,874.986
3738,KB4,HARQ,Size_Medium,100,0.01,1,13,1,0.9788,0.793651,817.327
3739,KB4,HARQ,Size_Medium,100,0.01,1,13,0,0.9139,0.854701,875.369
3740,KB4,HARQ,Size_Medium,100,0.01,1,13,0,0.9104,0.854701,878.735
3741,KB4,HARQ,Size_Medium,100,0.01,1,13,1,1.0927,0.793651,732.131
3742,KB4,HARQ,Size_Medium,100,0.01,1,13,0,1.0058,0.854701,795.387
3743,KB4,HARQ,Size_Medium,100,0.01,1,13,0,0.9123,0.854701,876.905
3744,KB4,HARQ,Size_Medium,100,0.01,1,13,0,0.9391,0.854701,851.879
3745,KB4,HARQ,Size_Medium,100,0.01,1,13,1,0.9931,0.793651,805.558
3746,KB4,HARQ,Size_Medium,100,0.01,1,13,1,0.9835,0.793651,813.421
3747,KB4,HARQ,Size_Medium,100,0.01,1,13,0,0.9146,0.854701,874.699
3748,KB4,HARQ,Size_Medium,100,0.01,1,13,0,0.9247,0.854701,865.145
3749,KB4,HARQ,Size_Medium,100,0.01,1,13,0,0.9157,0.854701,873.649
3750,KB4,HARQ,Size_Medium,100,0.01,1,13,0,0.9085,0.854701,880.572
3751,KB4,HARQ,Size_Medium,100,0.01,1,13,0,0.9119,0.854701,877.289
3752,KB4,HARQ,Size_Medium,100,0.01,1,13,0,0.9438,0.854701,847.637
3753,KB4,HARQ,Size_Medium,100,0.01,1,13,1,0.953,0.793651,839.454
3754,KB4,HARQ,Size_Medium,100,0.01,1,13,0,0.9401,0.854701,850.973
3755,KB4,HARQ,Size_Medium,100,0.01,1,13,0,0.915,0.854701,874.317
3756,KB4,HARQ,Size_Medium,100,0.01,1,13,0,0.908,0.854701,881.057
3757,KB4,HARQ,Size_Medium,100,0.01,1,13,0,0.9137,0.854701,875.561
3758,KB4,HARQ,Size_Medium,100,0.01,1,13,0,1.1643,0.854701,687.108
3759,KB4,HARQ,Size_Medium,100,0.01,1,13,0,0.9325,0.854701,857.909
3760,KB4,HARQ,Size_Medium,100,0.01,1,13,0,0.9143,0.854701,874.986
3761,KB4,HARQ,Size_Medium,100,0.01,1,13,0,0.9137,0.854701,875.561
3762,KB4,HARQ,Size_Medium,100,0.01,1,13,0,0.9096,0.854701,879.507
3763,KB4,HARQ,Size_Medium,100,0.01,1,13,0,0.9347,0.854701,855.89
3764,KB4,HARQ,Size_Medium,100,0.01,1,13,0,0.9084,0.854701,880.669
3765,KB4,HARQ,Size_Medium,100,0.01,1,13,0,0.9426,0.854701,848.716
3766,KB4,HARQ,Size_Medium,100,0.01,1,13,0,0.9113,0.854701,877.867
3767,KB4,HARQ,Size_Medium,100,0.01,1,13,1,0.9841,0.793651,812.926
3768,KB4,HARQ,Size_Medium,100,0.01,1,13,0,0.9306,0.854701,859.66
3769,KB4,HARQ,Size_Medium,100,0.01,1,13,0,0.9335,0.854701,856.99
3770,KB4,HARQ,Size_Medium,100,0.01,1,13,0,0.9149,0.854701,874.413
3771,KB4,HARQ,Size_Medium,100,0.01,1,13,0,0.9159,0.854701,873.458
3772,KB4,HARQ,Size_Medium,100,0.01,1,13,0,0.9103,0.854701,878.831
3773,KB4,HARQ,Size_Medium,100,0.01,1,13,0,0.9463,0.854701,845.398
3774,KB4,HARQ,Size_Medium,100,0.01,1,13,0,1.0038,0.854701,796.972
3775,KB4,HARQ,Size_Medium,100,0.01,1,13,0,1.0033,0.854701,797.369
3776,KB4,HARQ,Size_Medium,100,0.01,1,13,0,0.9139,0.854701,875.369
3777,KB4,HARQ,Size_Medium,100,0.01,1,13,0,0.9226,0.854701,867.115
3778,KB4,HARQ,Size_Medium,100,0.01,1,13,1,0.9835,0.793651,813.421
3779,KB4,HARQ,Size_Medium,100,0.01,1,13,0,0.9153,0.854701,874.03
3780,KB4,HARQ,Size_Medium,100,0.01,1,13,0,0.9092,0.854701,879.894
3781,KB4,HARQ,Size_Medium,100,0.01,1,13,0,0.9321,0.854701,858.277
3782,KB4,HARQ,Size_Medium,100,0.01,1,13,1,0.9952,0.793651,803.859
3783,KB4,HARQ,Size_Medium,100,0.01,1,13,0,0.9445,0.854701,847.009
3784,KB4,HARQ,Size_Medium,100,0.01,1,13,1,0.9838,0.793651,813.173
3785,KB4,HARQ,Size_Medium,100,0.01,1,13,0,0.9429,0.854701,848.446
3786,KB4,HARQ,Size_Medium,100,0.01,1,13,0,0.9119,0.854701,877.289
3787,KB4,HARQ,Size_Medium,100,0.01,1,13,1,0.9818,0.793651,814.83
3788,KB4,HARQ,Size_Medium,100,0.01,1,13,1,0.981,0.793651,815.494
3789,KB4,HARQ,Size_Medium,100,0.01,1,13,0,0.911,0.854701,878.156
3790,KB4,HARQ,Size_Medium,100,0.01,1,13,1,1.0682,0.793651,748.923
3791,KB4,HARQ,Size_Medium,100,0.01,1,13,0,0.9331,0.854701,857.357
3792,KB4,HARQ,Size_Medium,100,0.01,1,13,1,1.0427,0.793651,767.239
3793,KB4,HARQ,Size_Medium,100,0.01,1,13,0,0.9409,0.854701,850.25
3794,KB4,HARQ,Size_Medium,100,0.01,1,13,0,0.9085,0.854701,880.572
3795,KB4,HARQ,Size_Medium,100,0.01,1,13,0,0.9418,0.854701,849.437
3796,KB4,HARQ,Size_Medium,100,0.01,1,13,0,0.9251,0.854701,864.771
3797,KB4,HARQ,Size_Medium,100,0.01,1,13,1,1.0002,0.793651,799.84
3798,KB4,HARQ,Size_Medium,100,0.01,1,13,0,0.9262,0.854701,863.744
3799,KB4,HARQ,Size_Medium,100,0.01,1,13,0,0.9319,0.854701,858.461
3800,KB4,HARQ,Size_Medium,100,0.01,1,13,0,0.9289,0.854701,861.234
3801,KB4,HARQ,Size_Medium,100,0.01,1,13,1,0.9835,0.793651,813.421
3802,KB4,HARQ,Size_Medium,100,0.01,1,13,0,0.9122,0.854701,877.001
3803,KB4,HARQ,Size_Medium,100,0.01,1,13,0,0.9432,0.854701,848.176
3804,KB4,HARQ,Size_Medium,100,0.01,1,13,0,0.9143,0.854701,874.986
3805,KB4,HARQ,Size_Medium,100,0.01,1,13,0,0.9443,0.854701,847.188
3806,KB4,HARQ,Size_Medium,100,0.01,1,13,0,0.9706,0.854701,824.232
3807,KB4,HARQ,Size_Medium,100,0.01,1,13,0,0.9203,0.854701,869.282
3808,KB4,HARQ,Size_Medium,100,0.01,1,13,0,0.9113,0.854701,877.867
3809,KB4,HARQ,Size_Medium,100,0.01,1,13,0,0.9351,0.854701,855.523
3810,KB4,HARQ,Size_Medium,100,0.01,1,13,1,0.9835,0.793651,813.421
3811,KB4,HARQ,Size_Medium,100,0.01,1,13,0,0.932,0.854701,858.369
3812,KB4,HARQ,Size_Medium,100,0.01,1,13,0,0.9146,0.854701,874.699
3813,KB4,HARQ,Size_Medium,100,0.01,1,13,0,0.9445,0.854701,847.009
3814,KB4,HARQ,Size_Medium,100,0.01,1,13,0,0.9292,0.854701,860.956
3815,KB4,HARQ,Size_Medium,100,0.01,1,13,0,0.9648,0.854701,829.187
3816,KB4,HARQ,Size_Medium,100,0.01,1,13,0,0.9159,0.854701,873.458
3817,KB4,HARQ,Size_Medium,100,0.01,1,13,0,0.9133,0.854701,875.944
3818,KB4,HARQ,Size_Medium,100,0.01,1,13,0,0.9124,0.854701,876.808
3819,KB4,HARQ,Size_Medium,100,0.01,1,13,0,0.9135,0.854701,875.753
3820,KB4,HARQ,Size_Medium,100,0.01,1,13,0,0.911,0.854701,878.156
3821,KB4,HARQ,Size_Medium,100,0.01,1,13,1,0.983,0.793651,813.835
3822,KB4,HARQ,Size_Medium,100,0.01,1,13,0,1.1677,0.854701,685.107
3823,KB4,HARQ,Size_Medium,100,0.01,1,13,1,1.0327,0.793651,774.668
3824,KB4,HARQ,Size_Medium,100,0.01,1,13,0,0.9543,0.854701,838.311
3825,KB4,HARQ,Size_Medium,100,0.01,1,13,0,0.9371,0.854701,853.698
3826,KB4,HARQ,Size_Medium,100,0.01,1,13,0,0.9318,0.854701,858.553
3827,KB4,HARQ,Size_Medium,100,0.01,1,13,0,0.9317,0.854701,858.645
3828,KB4,HARQ,Size_Medium,100,0.01,1,13,0,0.9317,0.854701,858.645
3829,KB4,HARQ,Size_Medium,100,0.01,1,13,0,0.9543,0.854701,838.311
3830,KB4,HARQ,Size_Medium,100,0.01,1,13,0,0.9335,0.854701,856.99
3831,KB4,HARQ,Size_Medium,100,0.01,1,13,1,1.0037,0.793651,797.051
3832,KB4,HARQ,Size_Medium,100,0.01,1,13,0,0.95,0.854701,842.105
3833,KB4,HARQ,Size_Medium,100,0.01,1,13,0,0.954,0.854701,838.574
3834,KB4,HARQ,Size_Medium,100,0.01,1,13,0,0.947,0.854701,844.773
3835,KB4,HARQ,Size_Medium,100,0.01,1,13,0,0.956,0.854701,836.82
3836,KB4,HARQ,Size_Medium,100,0.01,1,13,0,0.9303,0.854701,859.938
3837,KB4,HARQ,Size_Medium,100,0.01,1,13,0,0.9415,0.854701,849.708
3838,KB4,HARQ,Size_Medium,100,0.01,1,13,0,0.9937,0.854701,805.072
3839,KB4,HARQ,Size_Medium,100,0.01,1,13,0,0.93,0.854701,860.215
3840,KB4,HARQ,Size_Medium,100,0.01,1,13,0,0.944,0.854701,847.458
3841,KB4,HARQ,Size_Medium,100,0.01,1,13,0,0.9366,0.854701,854.153
3842,KB4,HARQ,Size_Medium,100,0.01,1,13,0,0.9268,0.854701,863.185
3843,KB4,HARQ,Size_Medium,100,0.01,1,13,0,0.9419,0.854701,849.347
3844,KB4,HARQ,Size_Medium,100,0.01,1,13,0,0.9306,0.854701,859.66
3845,KB4,HARQ,Size_Medium,100,0.01,1,13,0,0.932,0.854701,858.369
3846,KB4,HARQ,Size_Medium,100,0.01,1,13,1,1.0018,0.793651,798.563
3847,KB4,HARQ,Size_Medium,100,0.01,1,13,0,0.9333,0.854701,857.173
3848,KB4,HARQ,Size_Medium,100,0.01,1,13,0,0.9295,0.854701,860.678
3849,KB4,HARQ,Size_Medium,100,0.01,1,13,0,0.9342,0.854701,856.348
3850,KB4,HARQ,Size_Medium,100,0.01,1,13,0,0.9295,0.854701,860.678
3851,KB4,HARQ,Size_Medium,100,0.01,1,13,0,0.9525,0.854701,839.895
3852,KB4,HARQ,Size_Medium,100,0.01,1,13,0,0.9497,0.854701,842.371
3853,KB4,HARQ,Size_Medium,100,0.01,1,13,0,0.9454,0.854701,846.203
3854,KB4,HARQ,Size_Medium,100,0.01,1,13,0,1.0207,0.854701,783.776
3855,KB4,HARQ,Size_Medium,100,0.01,1,13,0,0.9421,0.854701,849.167
3856,KB4,HARQ,Size_Medium,100,0.01,1,13,0,0.9322,0.854701,858.185
3857,KB4,HARQ,Size_Medium,100,0.01,1,13,0,0.9317,0.854701,858.645
3858,KB4,HARQ,Size_Medium,100,0.01,1,13,1,1.0228,0.793651,782.167
3859,KB4,HARQ,Size_Medium,100,0.01,1,13,0,0.9341,0.854701,856.439
3860,KB4,HARQ,Size_Medium,100,0.01,1,13,0,0.932,0.854701,858.369
3861,KB4,HARQ,Size_Medium,100,0.01,1,13,0,0.9337,0.854701,856.806
3862,KB4,HARQ,Size_Medium,100,0.01,1,13,0,0.9302,0.854701,860.03
3863,KB4,HARQ,Size_Medium,100,0.01,1,13,0,0.9338,0.854701,856.714
3864,KB4,HARQ,Size_Medium,100,0.01,1,13,0,0.9313,0.854701,859.014
3865,KB4,HARQ,Size_Medium,100,0.01,1,13,2,1.0703,0.740741,747.454
3866,KB4,HARQ,Size_Medium,100,0.01,1,13,0,0.93,0.854701,860.215
3867,KB4,HARQ,Size_Medium,100,0.01,1,13,0,0.9385,0.854701,852.424
3868,KB4,HARQ,Size_Medium,100,0.01,1,13,0,0.9302,0.854701,860.03
3869,KB4,HARQ,Size_Medium,100,0.01,1,13,1,1.0037,0.793651,797.051
3870,KB4,HARQ,Size_Medium,100,0.01,1,13,0,1.0302,0.854701,776.548
3871,KB4,HARQ,Size_Medium,100,0.01,1,13,0,0.9501,0.854701,842.017
3872,KB4,HARQ,Size_Medium,100,0.01,1,13,0,0.9497,0.854701,842.371
3873,KB4,HARQ,Size_Medium,100,0.01,1,13,1,1.0283,0.793651,777.983
3874,KB4,HARQ,Size_Medium,100,0.01,1,13,0,0.935,0.854701,855.615
3875,KB4,HARQ,Size_Medium,100,0.01,1,13,0,0.9433,0.854701,848.087
3876,KB4,HARQ,Size_Medium,100,0.01,1,13,0,0.9308,0.854701,859.476
3877,KB4,HARQ,Size_Medium,100,0.01,1,13,0,0.9322,0.854701,858.185
3878,KB4,HARQ,Size_Medium,100,0.01,1,13,0,0.9299,0.854701,860.308
3879,KB4,HARQ,Size_Medium,100,0.01,1,13,0,0.9331,0.854701,857.357
3880,KB4,HARQ,Size_Medium,100,0.01,1,13,0,0.9466,0.854701,845.13
3881,KB4,HARQ,Size_Medium,100,0.01,1,13,0,0.9365,0.854701,854.245
3882,KB4,HARQ,Size_Medium,100,0.01,1,13,0,0.9304,0.854701,859.845
3883,KB4,HARQ,Size_Medium,100,0.01,1,13,0,0.9345,0.854701,856.073
3884,KB4,HARQ,Size_Medium,100,0.01,1,13,0,0.9339,0.854701,856.623
3885,KB4,HARQ,Size_Medium,100,0.01,1,13,0,0.9329,0.854701,857.541
3886,KB4,HARQ,Size_Medium,100,0.01,1,13,0,1.0241,0.854701,781.174
3887,KB4,HARQ,Size_Medium,100,0.01,1,13,0,0.9312,0.854701,859.107
3888,KB4,HARQ,Size_Medium,100,0.01,1,13,0,0.9328,0.854701,857.633
3889,KB4,HARQ,Size_Medium,100,0.01,1,13,0,0.933,0.854701,857.449
3890,KB4,HARQ,Size_Medium,100,0.01,1,13,0,0.9305,0.854701,859.753
3891,KB4,HARQ,Size_Medium,100,0.01,1,13,1,1.0249,0.793651,780.564
3892,KB4,HARQ,Size_Medium,100,0.01,1,13,0,0.9348,0.854701,855.798
3893,KB4,HARQ,Size_Medium,100,0.01,1,13,1,1.0057,0.793651,795.466
3894,KB4,HARQ,Size_Medium,100,0.01,1,13,0,0.9487,0.854701,843.259
3895,KB4,HARQ,Size_Medium,100,0.01,1,13,0,0.9511,0.854701,841.131
3896,KB4,HARQ,Size_Medium,100,0.01,1,13,0,0.9523,0.854701,840.071
3897,KB4,HARQ,Size_Medium,100,0.01,1,13,0,0.9451,0.854701,846.471
3898,KB4,HARQ,Size_Medium,100,0.01,1,13,0,0.9308,0.854701,859.476
3899,KB4,HARQ,Size_Medium,100,0.01,1,13,1,1.0038,0.793651,796.972
3900,KB4,HARQ,Size_Medium,100,0.01,1,13,1,1.0218,0.793651,782.932
3901,KB4,HARQ,Size_Medium,100,0.01,1,13,0,0.9528,0.854701,839.631
3902,KB4,HARQ,Size_Medium,100,0.01,1,13,0,1.0574,0.854701,756.573
3903,KB4,HARQ,Size_Medium,100,0.01,1,13,0,0.996,0.854701,803.213
3904,KB4,HARQ,Size_Medium,100,0.01,1,13,0,0.9451,0.854701,846.471
3905,KB4,HARQ,Size_Medium,100,0.01,1,13,0,0.9415,0.854701,849.708
3906,KB4,HARQ,Size_Medium,100,0.01,1,13,2,1.0651,0.740741,751.103
3907,KB4,HARQ,Size_Medium,100,0.01,1,13,0,0.9334,0.854701,857.082
3908,KB4,HARQ,Size_Medium,100,0.01,1,13,0,0.9295,0.854701,860.678
3909,KB4,HARQ,Size_Medium,100,0.01,1,13,0,0.9327,0.854701,857.725
3910,KB4,HARQ,Size_Medium,100,0.01,1,13,0,0.9294,0.854701,860.77
3911,KB4,HARQ,Size_Medium,100,0.01,1,13,1,1.0041,0.793651,796.733
3912,KB4,HARQ,Size_Medium,100,0.01,1,13,0,0.9463,0.854701,845.398
3913,KB4,HARQ,Size_Medium,100,0.01,1,13,0,0.9346,0.854701,855.981
3914,KB4,HARQ,Size_Medium,100,0.01,1,13,0,0.9315,0.854701,858.83
3915,KB4,HARQ,Size_Medium,100,0.01,1,13,0,0.9317,0.854701,858.645
3916,KB4,HARQ,Size_Medium,100,0.01,1,13,0,0.9295,0.854701,860.678
3917,KB4,HARQ,Size_Medium,100,0.01,1,13,0,0.9484,0.854701,843.526
3918,KB4,HARQ,Size_Medium,100,0.01,1,13,0,1.0246,0.854701,780.793
3919,KB4,HARQ,Size_Medium,100,0.01,1,13,0,0.9318,0.854701,858.553
3920,KB4,HARQ,Size_Medium,100,0.01,1,13,0,0.9329,0.854701,857.541
3921,KB4,HARQ,Size_Medium,100,0.01,1,13,0,0.9307,0.854701,859.568
3922,KB4,HARQ,Size_Medium,100,0.01,1,13,0,0.9306,0.854701,859.66
3923,KB4,HARQ,Size_Medium,100,0.01,1,13,0,0.9424,0.854701,848.896
3924,KB4,HARQ,Size_Medium,100,0.01,1,13,0,0.9446,0.854701,846.919
3925,KB4,HARQ,Size_Medium,100,0.01,1,13,0,0.9465,0.854701,845.219
3926,KB4,HARQ,Size_Medium,100,0.01,1,13,0,0.9095,0.854701,879.604
3927,KB4,HARQ,Size_Medium,100,0.01,1,13,0,0.9177,0.854701,871.745
3928,KB4,HARQ,Size_Medium,100,0.01,1,13,1,0.9823,0.793651,814.415
3929,KB4,HARQ,Size_Medium,100,0.01,1,13,0,0.9321,0.854701,858.277
3930,KB4,HARQ,Size_Medium,100,0.01,1,13,0,0.9311,0.854701,859.199
3931,KB4,HARQ,Size_Medium,100,0.01,1,13,0,0.9162,0.854701,873.172
3932,KB4,HARQ,Size_Medium,100,0.01,1,13,0,0.9101,0.854701,879.024
3933,KB4,HARQ,Size_Medium,100,0.01,1,13,1,1.0122,0.793651,790.358
3934,KB4,HARQ,Size_Medium,100,0.01,1,13,0,0.9885,0.854701,809.307
3935,KB4,HARQ,Size_Medium,100,0.01,1,13,0,0.9587,0.854701,834.463
3936,KB4,HARQ,Size_Medium,100,0.01,1,13,0,0.9307,0.854701,859.568
3937,KB4,HARQ,Size_Medium,100,0.01,1,13,0,0.9289,0.854701,861.234
3938,KB4,HARQ,Size_Medium,100,0.01,1,13,0,0.9327,0.854701,857.725
3939,KB4,HARQ,Size_Medium,100,0.01,1,13,0,0.9337,0.854701,856.806
3940,KB4,HARQ,Size_Medium,100,0.01,1,13,0,0.9133,0.854701,875.944
3941,KB4,HARQ,Size_Medium,100,0.01,1,13,0,0.9127,0.854701,876.52
3942,KB4,HARQ,Size_Medium,100,0.01,1,13,1,0.9799,0.793651,816.41
3943,KB4,HARQ,Size_Medium,100,0.01,1,13,0,0.9602,0.854701,833.16
3944,KB4,HARQ,Size_Medium,100,0.01,1,13,1,0.9992,0.793651,800.641
3945,KB4,HARQ,Size_Medium,100,0.01,1,13,0,0.9642,0.854701,829.703
3946,KB4,HARQ,Size_Medium,100,0.01,1,13,0,0.9162,0.854701,873.172
3947,KB4,HARQ,Size_Medium,100,0.01,1,13,0,0.9151,0.854701,874.221
3948,KB4,HARQ,Size_Medium,100,0.01,1,13,1,0.996,0.793651,803.213
3949,KB4,HARQ,Size_Medium,100,0.01,1,13,0,0.9351,0.854701,855.523
3950,KB4,HARQ,Size_Medium,100,0.01,1,13,1,1.0533,0.793651,759.518
3951,KB4,HARQ,Size_Medium,100,0.01,1,13,0,0.9122,0.854701,877.001
3952,KB4,HARQ,Size_Medium,100,0.01,1,13,0,0.9143,0.854701,874.986
3953,KB4,HARQ,Size_Medium,100,0.01,1,13,0,0.9409,0.854701,850.25
3954,KB4,HARQ,Size_Medium,100,0.01,1,13,0,0.9097,0.854701,879.411
3955,KB4,HARQ,Size_Medium,100,0.01,1,13,0,0.9107,0.854701,878.445
3956,KB4,HARQ,Size_Medium,100,0.01,1,13,0,0.9206,0.854701,868.998
3957,KB4,HARQ,Size_Medium,100,0.01,1,13,0,0.9264,0.854701,863.558
3958,KB4,HARQ,Size_Medium,100,0.01,1,13,0,0.9215,0.854701,868.15
3959,KB4,HARQ,Size_Medium,100,0.01,1,13,0,0.9307,0.854701,859.568
3960,KB4,HARQ,Size_Medium,100,0.01,1,13,0,0.93,0.854701,860.215
3961,KB4,HARQ,Size_Medium,100,0.01,1,13,0,0.9113,0.854701,877.867
3962,KB4,HARQ,Size_Medium,100,0.01,1,13,0,0.9121,0.854701,877.097
3963,KB4,HARQ,Size_Medium,100,0.01,1,13,0,0.9146,0.854701,874.699
3964,KB4,HARQ,Size_Medium,100,0.01,1,13,0,0.9603,0.854701,833.073
3965,KB4,HARQ,Size_Medium,100,0.01,1,13,0,0.9115,0.854701,877.674
3966,KB4,HARQ,Size_Medium,100,0.01,1,13,0,0.9402,0.854701,850.883
3967,KB4,HARQ,Size_Medium,100,0.01,1,13,1,1.1205,0.793651,713.967
3968,KB4,HARQ,Size_Medium,100,0.01,1,13,0,0.9101,0.854701,879.024
3969,KB4,HARQ,Size_Medium,100,0.01,1,13,0,0.9133,0.854701,875.944
3970,KB4,HARQ,Size_Medium,100,0.01,1,13,0,0.9095,0.854701,879.604
3971,KB4,HARQ,Size_Medium,100,0.01,1,13,0,0.9121,0.854701,877.097
3972,KB4,HARQ,Size_Medium,100,0.01,1,13,0,0.911,0.854701,878.156
3973,KB4,HARQ,Size_Medium,100,0.01,1,13,0,0.9125,0.854701,876.712
3974,KB4,HARQ,Size_Medium,100,0.01,1,13,0,0.9427,0.854701,848.626
3975,KB4,HARQ,Size_Medium,100,0.01,1,13,0,0.9132,0.854701,876.04
3976,KB4,HARQ,Size_Medium,100,0.01,1,13,0,0.9402,0.854701,850.883
3977,KB4,HARQ,Size_Medium,100,0.01,1,13,0,0.913,0.854701,876.232
3978,KB4,HARQ,Size_Medium,100,0.01,1,13,0,0.9105,0.854701,878.638
3979,KB4,HARQ,Size_Medium,100,0.01,1,13,0,0.9333,0.854701,857.173
3980,KB4,HARQ,Size_Medium,100,0.01,1,13,0,0.9111,0.854701,878.059
3981,KB4,HARQ,Size_Medium,100,0.01,1,13,0,0.9135,0.854701,875.753
3982,KB4,HARQ,Size_Medium,100,0.01,1,13,0,0.911,0.854701,878.156
3983,KB4,HARQ,Size_Medium,100,0.01,1,13,0,0.9589,0.854701,834.289
3984,KB4,HARQ,Size_Medium,100,0.01,1,13,0,0.9393,0.854701,851.698
3985,KB4,HARQ,Size_Medium,100,0.01,1,13,0,0.9108,0.854701,878.349
3986,KB4,HARQ,Size_Medium,100,0.01,1,13,0,0.9603,0.854701,833.073
3987,KB4,HARQ,Size_Medium,100,0.01,1,13,0,0.9168,0.854701,872.6
3988,KB4,HARQ,Size_Medium,100,0.01,1,13,0,0.9188,0.854701,870.701
3989,KB4,HARQ,Size_Medium,100,0.01,1,13,0,0.9126,0.854701,876.616
3990,KB4,HARQ,Size_Medium,100,0.01,1,13,0,0.9076,0.854701,881.446
3991,KB4,HARQ,Size_Medium,100,0.01,1,13,0,0.9114,0.854701,877.77
3992,KB4,HARQ,Size_Medium,100,0.01,1,13,0,0.9123,0.854701,876.905
3993,KB4,HARQ,Size_Medium,100,0.01,1,13,0,0.9111,0.854701,878.059
3994,KB4,HARQ,Size_Medium,100,0.01,1,13,0,0.9109,0.854701,878.252
3995,KB4,HARQ,Size_Medium,100,0.01,1,13,0,0.9416,0.854701,849.618
3996,KB4,HARQ,Size_Medium,100,0.01,1,13,0,0.9083,0.854701,880.766
3997,KB4,HARQ,Size_Medium,100,0.01,1,13,1,1.034,0.793651,773.694
3998,KB4,HARQ,Size_Medium,100,0.01,1,13,1,0.9993,0.793651,800.56
3999,KB4,HARQ,Size_Medium,100,0.01,1,13,0,0.935,0.854701,855.615
4000,KB4,HARQ,Size_Medium,100,0.01,1,13,1,1.1245,0.793651,711.427
4001,KB4,ARQ,Size_Long,300,0.01,1,38,40,0.4701,0.42735,5105.3
4002,KB4,ARQ,Size_Long,300,0.01,1,38,34,0.4293,0.462963,5590.5
4003,KB4,ARQ,Size_Long,300,0.01,1,38,41,0.4574,0.421941,5247.05
4004,KB4,ARQ,Size_Long,300,0.01,1,38,44,0.4706,0.406504,5099.87
4005,KB4,ARQ,Size_Long,300,0.01,1,38,40,0.4459,0.42735,5382.37
4006,KB4,ARQ,Size_Long,300,0.01,1,38,36,0.4444,0.45045,5400.54
4007,KB4,ARQ,Size_Long,300,0.01,1,38,26,0.4076,0.520833,5888.13
4008,KB4,ARQ,Size_Long,300,0.01,1,38,39,0.5243,0.4329,4577.53
4009,KB4,ARQ,Size_Long,300,0.01,1,38,24,0.377,0.537634,6366.05
4010,KB4,ARQ,Size_Long,300,0.01,1,38,42,0.4612,0.416667,5203.82
4011,KB4,ARQ,Size_Long,300,0.01,1,38,45,0.4903,0.401606,4894.96
4012,KB4,ARQ,Size_Long,300,0.01,1,38,52,0.4978,0.37037,4821.21
4013,KB4,ARQ,Size_Long,300,0.01,1,38,46,0.4737,0.396825,5066.5
4014,KB4,ARQ,Size_Long,300,0.01,1,38,51,0.4954,0.374532,4844.57
4015,KB4,ARQ,Size_Long,300,0.01,1,38,38,0.4474,0.438596,5364.33
4016,KB4,ARQ,Size_Long,300,0.01,1,38,37,0.4402,0.444444,5452.07
4017,KB4,ARQ,Size_Long,300,0.01,1,38,57,0.5222,0.350877,4595.94
4018,KB4,ARQ,Size_Long,300,0.01,1,38,35,0.4307,0.456621,5572.32
4019,KB4,ARQ,Size_Long,300,0.01,1,38,40,0.4501,0.42735,5332.15
4020,KB4,ARQ,Size_Long,300,0.01,1,38,47,0.4845,0.392157,4953.56
4021,KB4,ARQ,Size_Long,300,0.01,1,38,44,0.4629,0.406504,5184.71
4022,KB4,ARQ,Size_Long,300,0.01,1,38,36,0.4329,0.45045,5544.01
4023,KB4,ARQ,Size_Long,300,0.01,1,38,40,0.4473,0.42735,5365.53
4024,KB4,ARQ,Size_Long,300,0.01,1,38,35,0.4311,0.456621,5567.15
4025,KB4,ARQ,Size_Long,300,0.01,1,38,31,0.4137,0.483092,5801.31
4026,KB4,ARQ,Size_Long,300,0.01,1,38,23,0.4074,0.546448,5891.02
4027,KB4,ARQ,Size_Long,300,0.01,1,38,25,0.3834,0.529101,6259.78
4028,KB4,ARQ,Size_Long,300,0.01,1,38,42,0.5655,0.416667,4244.03
4029,KB4,ARQ,Size_Long,300,0.01,1,38,34,0.4316,0.462963,5560.7
4030,KB4,ARQ,Size_Long,300,0.01,1,38,32,0.4664,0.47619,5145.8
4031,KB4,ARQ,Size_Long,300,0.01,1,38,24,0.3843,0.537634,6245.12
4032,KB4,ARQ,Size_Long,300,0.01,1,38,44,0.4659,0.406504,5151.32
4033,KB4,ARQ,Size_Long,300,0.01,1,38,31,0.4107,0.483092,5843.68
4034,KB4,ARQ,Size_Long,300,0.01,1,38,39,0.4497,0.4329,5336.89
4035,KB4,ARQ,Size_Long,300,0.01,1,38,38,0.4444,0.438596,5400.54
4036,KB4,ARQ,Size_Long,300,0.01,1,38,38,0.4424,0.438596,5424.95
4037,KB4,ARQ,Size_Long,300,0.01,1,38,44,0.4696,0.406504,5110.73
4038,KB4,ARQ,Size_Long,300,0.01,1,38,52,0.5022,0.37037,4778.97
4039,KB4,ARQ,Size_Long,300,0.01,1,38,47,0.4813,0.392157,4986.49
4040,KB4,ARQ,Size_Long,300,0.01,1,38,35,0.428,0.456621,5607.48
4041,KB4,ARQ,Size_Long,300,0.01,1,38,34,0.4271,0.462963,5619.29
4042,KB4,ARQ,Size_Long,300,0.01,1,38,22,0.3736,0.555556,6423.98
4043,KB4,ARQ,Size_Long,300,0.01,1,38,29,0.4054,0.497512,5920.08
4044,KB4,ARQ,Size_Long,300,0.01,1,38,46,0.4753,0.396825,5049.44
4045,KB4,ARQ,Size_Long,300,0.01,1,38,32,0.4505,0.47619,5327.41
4046,KB4,ARQ,Size_Long,300,0.01,1,38,29,0.4028,0.497512,5958.29
4047,KB4,ARQ,Size_Long,300,0.01,1,38,43,0.4651,0.411523,5160.18
4048,KB4,ARQ,Size_Long,300,0.01,1,38,51,0.5147,0.374532,4662.91
4049,KB4,ARQ,Size_Long,300,0.01,1,38,51,0.4998,0.374532,4801.92
4050,KB4,ARQ,Size_Long,300,0.01,1,38,44,0.4662,0.406504,5148.01
4051,KB4,ARQ,Size_Long,300,0.01,1,38,34,0.4266,0.462963,5625.88
4052,KB4,ARQ,Size_Long,300,0.01,1,38,28,0.4024,0.505051,5964.21
4053,KB4,ARQ,Size_Long,300,0.01,1,38,29,0.4058,0.497512,5914.24
4054,KB4,ARQ,Size_Long,300,0.01,1,38,42,0.4662,0.416667,5148.01
4055,KB4,ARQ,Size_Long,300,0.01,1,38,46,0.4791,0.396825,5009.39
4056,KB4,ARQ,Size_Long,300,0.01,1,38,38,0.4433,0.438596,5413.94
4057,KB4,ARQ,Size_Long,300,0.01,1,38,34,0.424,0.462963,5660.38
4058,KB4,ARQ,Size_Long,300,0.01,1,38,49,0.5533,0.383142,4337.61
4059,KB4,ARQ,Size_Long,300,0.01,1,38,49,0.4948,0.383142,4850.44
4060,KB4,ARQ,Size_Long,300,0.01,1,38,26,0.3906,0.520833,6144.39
4061,KB4,ARQ,Size_Long,300,0.01,1,38,40,0.4505,0.42735,5327.41
4062,KB4,ARQ,Size_Long,300,0.01,1,38,22,0.3724,0.555556,6444.68
4063,KB4,ARQ,Size_Long,300,0.01,1,38,41,0.4872,0.421941,4926.11
4064,KB4,ARQ,Size_Long,300,0.01,1,38,27,0.3964,0.512821,6054.49
4065,KB4,ARQ,Size_Long,300,0.01,1,38,39,0.449,0.4329,5345.21
4066,KB4,ARQ,Size_Long,300,0.01,1,38,35,0.4271,0.456621,5619.29
4067,KB4,ARQ,Size_Long,300,0.01,1,38,41,0.489,0.421941,4907.98
4068,KB4,ARQ,Size_Long,300,0.01,1,38,32,0.421,0.47619,5700.71
4069,KB4,ARQ,Size_Long,300,0.01,1,38,53,0.5036,0.3663,4765.69
4070,KB4,ARQ,Size_Long,300,0.01,1,38,49,0.4901,0.383142,4896.96
4071,KB4,ARQ,Size_Long,300,0.01,1,38,38,0.4442,0.438596,5402.97
4072,KB4,ARQ,Size_Long,300,0.01,1,38,42,0.4652,0.416667,5159.07
4073,KB4,ARQ,Size_Long,300,0.01,1,38,33,0.4221,0.469484,5685.86
4074,KB4,ARQ,Size_Long,300,0.01,1,38,21,0.3718,0.564972,6455.08
4075,KB4,ARQ,Size_Long,300,0.01,1,38,49,0.4891,0.383142,4906.97
4076,KB4,ARQ,Size_Long,300,0.01,1,38,34,0.4273,0.462963,5616.66
4077,KB4,ARQ,Size_Long,300,0.01,1,38,36,0.4346,0.45045,5522.32
4078,KB4,ARQ,Size_Long,300,0.01,1,38,43,0.4645,0.411523,5166.85
4079,KB4,ARQ,Size_Long,300,0.01,1,38,35,0.4295,0.456621,5587.89
4080,KB4,ARQ,Size_Long,300,0.01,1,38,44,0.4672,0.406504,5136.99
4081,KB4,ARQ,Size_Long,300,0.01,1,38,43,0.4653,0.411523,5157.96
4082,KB4,ARQ,Size_Long,300,0.01,1,38,31,0.4457,0.483092,5384.79
4083,KB4,ARQ,Size_Long,300,0.01,1,38,40,0.4496,0.42735,5338.08
4084,KB4,ARQ,Size_Long,300,0.01,1,38,28,0.4049,0.505051,5927.39
4085,KB4,ARQ,Size_Long,300,0.01,0,38,35,0.4333,0.456621,5538.89
4086,KB4,ARQ,Size_Long,300,0.01,1,38,45,0.4709,0.401606,5096.62
4087,KB4,ARQ,Size_Long,300,0.01,1,38,51,0.5839,0.374532,4110.29
4088,KB4,ARQ,Size_Long,300,0.01,1,38,40,0.4497,0.42735,5336.89
4089,KB4,ARQ,Size_Long,300,0.01,1,38,38,0.451,0.438596,5321.51
4090,KB4,ARQ,Size_Long,300,0.01,1,38,44,0.4722,0.406504,5082.59
4091,KB4,ARQ,Size_Long,300,0.01,1,38,23,0.3783,0.546448,6344.17
4092,KB4,ARQ,Size_Long,300,0.01,1,38,38,0.4407,0.438596,5445.88
4093,KB4,ARQ,Size_Long,300,0.01,1,38,42,0.4618,0.416667,5197.06
4094,KB4,ARQ,Size_Long,300,0.01,1,38,46,0.4813,0.396825,4986.49
4095,KB4,ARQ,Size_Long,300,0.01,1,38,30,0.4068,0.490196,5899.71
4096,KB4,ARQ,Size_Long,300,0.01,1,38,52,0.5079,0.37037,4725.34
4097,KB4,ARQ,Size_Long,300,0.01,1,38,51,0.4998,0.374532,4801.92
4098,KB4,ARQ,Size_Long,300,0.01,1,38,43,0.4658,0.411523,5152.43
4099,KB4,ARQ,Size_Long,300,0.01,1,38,29,0.4069,0.497512,5898.26
4100,KB4,ARQ,Size_Long,300,0.01,1,38,50,0.5244,0.378788,4576.66
4101,KB4,ARQ,Size_Long,300,0.01,1,38,37,0.441,0.444444,5442.18
4102,KB4,ARQ,Size_Long,300,0.01,1,38,46,0.4839,0.396825,4959.7
4103,KB4,ARQ,Size_Long,300,0.01,1,38,35,0.4293,0.456621,5590.5
4104,KB4,ARQ,Size_Long,300,0.01,1,38,40,0.4488,0.42735,5347.59
4105,KB4,ARQ,Size_Long,300,0.01,1,38,50,0.4985,0.378788,4814.44
4106,KB4,ARQ,Size_Long,300,0.01,1,38,39,0.447,0.4329,5369.13
4107,KB4,ARQ,Size_Long,300,0.01,1,38,43,0.4652,0.411523,5159.07
4108,KB4,ARQ,Size_Long,300,0.01,1,38,35,0.4322,0.456621,5552.98
4109,KB4,ARQ,Size_Long,300,0.01,1,38,44,0.4696,0.406504,5110.73
4110,KB4,ARQ,Size_Long,300,0.01,1,38,42,0.463,0.416667,5183.59
4111,KB4,ARQ,Size_Long,300,0.01,1,38,39,0.4498,0.4329,5335.7
4112,KB4,ARQ,Size_Long,300,0.01,1,38,48,0.4854,0.387597,4944.38
4113,KB4,ARQ,Size_Long,300,0.01,1,38,38,0.4454,0.438596,5388.41
4114,KB4,ARQ,Size_Long,300,0.01,1,38,42,0.4631,0.416667,5182.47
4115,KB4,ARQ,Size_Long,300,0.01,1,38,37,0.4449,0.444444,5394.47
4116,KB4,ARQ,Size_Long,300,0.01,1,38,41,0.5469,0.421941,4388.37
4117,KB4,ARQ,Size_Long,300,0.01,1,38,30,0.4052,0.490196,5923
4118,KB4,ARQ,Size_Long,300,0.01,1,38,56,0.551,0.35461,4355.72
4119,KB4,ARQ,Size_Long,300,0.01,1,38,47,0.4801,0.392157,4998.96
4120,KB4,ARQ,Size_Long,300,0.01,1,38,36,0.4297,0.45045,5585.29
4121,KB4,ARQ,Size_Long,300,0.01,1,38,31,0.4133,0.483092,5806.92
4122,KB4,ARQ,Size_Long,300,0.01,1,38,34,0.4304,0.462963,5576.21
4123,KB4,ARQ,Size_Long,300,0.01,1,38,35,0.4318,0.456621,5558.13
4124,KB4,ARQ,Size_Long,300,0.01,1,38,45,0.4744,0.401606,5059.02
4125,KB4,ARQ,Size_Long,300,0.01,1,38,37,0.442,0.444444,5429.86
4126,KB4,ARQ,Size_Long,300,0.01,1,38,47,0.486,0.392157,4938.27
4127,KB4,ARQ,Size_Long,300,0.01,1,38,47,0.4849,0.392157,4949.47
4128,KB4,ARQ,Size_Long,300,0.01,1,38,54,0.5149,0.362319,4661.1
4129,KB4,ARQ,Size_Long,300,0.01,1,38,50,0.4999,0.378788,4800.96
4130,KB4,ARQ,Size_Long,300,0.01,0,38,64,0.5498,0.326797,4365.22
4131,KB4,ARQ,Size_Long,300,0.01,1,38,33,0.4185,0.469484,5734.77
4132,KB4,ARQ,Size_Long,300,0.01,1,38,37,0.4425,0.444444,5423.73
4133,KB4,ARQ,Size_Long,300,0.01,1,38,52,0.5066,0.37037,4737.47
4134,KB4,ARQ,Size_Long,300,0.01,1,38,35,0.4339,0.456621,5531.23
4135,KB4,ARQ,Size_Long,300,0.01,1,38,38,0.4419,0.438596,5431.09
4136,KB4,ARQ,Size_Long,300,0.01,1,38,41,0.489,0.421941,4907.98
4137,KB4,ARQ,Size_Long,300,0.01,1,38,39,0.4486,0.4329,5349.98
4138,KB4,ARQ,Size_Long,300,0.01,1,38,52,0.4995,0.37037,4804.8
4139,KB4,ARQ,Size_Long,300,0.01,1,38,45,0.5079,0.401606,4725.34
4140,KB4,ARQ,Size_Long,300,0.01,1,38,31,0.4137,0.483092,5801.31
4141,KB4,ARQ,Size_Long,300,0.01,1,38,46,0.4822,0.396825,4977.19
4142,KB4,ARQ,Size_Long,300,0.01,1,38,44,0.4671,0.406504,5138.09
4143,KB4,ARQ,Size_Long,300,0.01,1,38,29,0.4132,0.497512,5808.33
4144,KB4,ARQ,Size_Long,300,0.01,1,38,30,0.411,0.490196,5839.42
4145,KB4,ARQ,Size_Long,300,0.01,1,38,30,0.5342,0.490196,4492.7
4146,KB4,ARQ,Size_Long,300,0.01,1,38,29,0.4062,0.497512,5908.42
4147,KB4,ARQ,Size_Long,300,0.01,1,38,37,0.4399,0.444444,5455.79
4148,KB4,ARQ,Size_Long,300,0.01,1,38,51,0.4964,0.374532,4834.81
4149,KB4,ARQ,Size_Long,300,0.01,1,38,35,0.4285,0.456621,5600.93
4150,KB4,ARQ,Size_Long,300,0.01,1,38,36,0.4358,0.45045,5507.11
4151,KB4,ARQ,Size_Long,300,0.01,1,38,43,0.4654,0.411523,5156.85
4152,KB4,ARQ,Size_Long,300,0.01,1,38,35,0.4255,0.456621,5640.42
4153,KB4,ARQ,Size_Long,300,0.01,1,38,36,0.4337,0.45045,5533.78
4154,KB4,ARQ,Size_Long,300,0.01,1,38,40,0.4814,0.42735,4985.46
4155,KB4,ARQ,Size_Long,300,0.01,1,38,34,0.428,0.462963,5607.48
4156,KB4,ARQ,Size_Long,300,0.01,1,38,35,0.4295,0.456621,5587.89
4157,KB4,ARQ,Size_Long,300,0.01,1,38,61,0.5376,0.3367,4464.29
4158,KB4,ARQ,Size_Long,300,0.01,1,38,32,0.4533,0.47619,5294.51
4159,KB4,ARQ,Size_Long,300,0.01,1,38,45,0.4768,0.401606,5033.56
4160,KB4,ARQ,Size_Long,300,0.01,1,38,38,0.4414,0.438596,5437.25
4161,KB4,ARQ,Size_Long,300,0.01,1,38,28,0.4003,0.505051,5995.5
4162,KB4,ARQ,Size_Long,300,0.01,1,38,46,0.4756,0.396825,5046.26
4163,KB4,ARQ,Size_Long,300,0.01,1,38,29,0.4077,0.497512,5886.68
4164,KB4,ARQ,Size_Long,300,0.01,1,38,31,0.4136,0.483092,5802.71
4165,KB4,ARQ,Size_Long,300,0.01,1,38,27,0.396,0.512821,6060.61
4166,KB4,ARQ,Size_Long,300,0.01,1,38,50,0.4988,0.378788,4811.55
4167,KB4,ARQ,Size_Long,300,0.01,1,38,44,0.4707,0.406504,5098.79
4168,KB4,ARQ,Size_Long,300,0.01,1,38,30,0.4118,0.490196,5828.07
4169,KB4,ARQ,Size_Long,300,0.01,1,38,38,0.4456,0.438596,5386
4170,KB4,ARQ,Size_Long,300,0.01,1,38,49,0.4929,0.383142,4869.14
4171,KB4,ARQ,Size_Long,300,0.01,1,38,33,0.4228,0.469484,5676.44
4172,KB4,ARQ,Size_Long,300,0.01,1,38,35,0.4267,0.456621,5624.56
4173,KB4,ARQ,Size_Long,300,0.01,1,38,39,0.4784,0.4329,5016.72
4174,KB4,ARQ,Size_Long,300,0.01,1,38,43,0.4591,0.411523,5227.62
4175,KB4,ARQ,Size_Long,300,0.01,1,38,33,0.6553,0.469484,3662.44
4176,KB4,ARQ,Size_Long,300,0.01,1,38,44,0.6014,0.406504,3990.69
4177,KB4,ARQ,Size_Long,300,0.01,1,38,41,0.4557,0.421941,5266.62
4178,KB4,ARQ,Size_Long,300,0.01,1,38,38,0.4427,0.438596,5421.28
4179,KB4,ARQ,Size_Long,300,0.01,1,38,38,0.4439,0.438596,5406.62
4180,KB4,ARQ,Size_Long,300,0.01,1,38,41,0.46,0.421941,5217.39
4181,KB4,ARQ,Size_Long,300,0.01,1,38,42,0.4631,0.416667,5182.47
4182,KB4,ARQ,Size_Long,300,0.01,1,38,25,0.385,0.529101,6233.77
4183,KB4,ARQ,Size_Long,300,0.01,1,38,26,0.3941,0.520833,6089.82
4184,KB4,ARQ,Size_Long,300,0.01,1,38,31,0.4102,0.483092,5850.8
4185,KB4,ARQ,Size_Long,300,0.01,1,38,40,0.4498,0.42735,5335.7
4186,KB4,ARQ,Size_Long,300,0.01,1,38,49,0.4876,0.383142,4922.07
4187,KB4,ARQ,Size_Long,300,0.01,1,38,30,0.4114,0.490196,5833.74
4188,KB4,ARQ,Size_Long,300,0.01,1,38,42,0.4578,0.416667,5242.46
4189,KB4,ARQ,Size_Long,300,0.01,1,38,42,0.461,0.416667,5206.07
4190,KB4,ARQ,Size_Long,300,0.01,1,38,30,0.4091,0.490196,5866.54
4191,KB4,ARQ,Size_Long,300,0.01,1,38,56,0.5503,0.35461,4361.26
4192,KB4,ARQ,Size_Long,300,0.01,1,38,54,0.5163,0.362319,4648.46
4193,KB4,ARQ,Size_Long,300,0.01,1,38,35,0.4291,0.456621,5593.1
4194,KB4,ARQ,Size_Long,300,0.01,1,38,37,0.4711,0.444444,5094.46
4195,KB4,ARQ,Size_Long,300,0.01,1,38,54,0.5123,0.362319,4684.76
4196,KB4,ARQ,Size_Long,300,0.01,1,38,33,0.4292,0.469484,5591.8
4197,KB4,ARQ,Size_Long,300,0.01,1,38,28,0.4028,0.505051,5958.29
4198,KB4,ARQ,Size_Long,300,0.01,1,38,41,0.4673,0.421941,5135.89
4199,KB4,ARQ,Size_Long,300,0.01,1,38,33,0.4252,0.469484,5644.4
4200,KB4,ARQ,Size_Long,300,0.01,1,38,40,0.4491,0.42735,5344.02
4201,KB4,ARQ,Size_Long,300,0.01,1,38,30,0.4075,0.490196,5889.57
4202,KB4,ARQ,Size_Long,300,0.01,1,38,32,0.4187,0.47619,5732.03
4203,KB4,ARQ,Size_Long,300,0.01,1,38,42,0.4858,0.416667,4940.3
4204,KB4,ARQ,Size_Long,300,0.01,1,38,37,0.5146,0.444444,4663.82
4205,KB4,ARQ,Size_Long,300,0.01,1,38,51,0.5028,0.374532,4773.27
4206,KB4,ARQ,Size_Long,300,0.01,1,38,50,0.4934,0.378788,4864.21
4207,KB4,ARQ,Size_Long,300,0.01,1,38,56,0.5245,0.35461,4575.79
4208,KB4,ARQ,Size_Long,300,0.01,1,38,35,0.4281,0.456621,5606.17
4209,KB4,ARQ,Size_Long,300,0.01,1,38,47,0.4833,0.392157,4965.86
4210,KB4,ARQ,Size_Long,300,0.01,1,38,51,0.4981,0.374532,4818.31
4211,KB4,ARQ,Size_Long,300,0.01,1,38,40,0.4533,0.42735,5294.51
4212,KB4,ARQ,Size_Long,300,0.01,1,38,38,0.4717,0.438596,5087.98
4213,KB4,ARQ,Size_Long,300,0.01,1,38,49,0.4873,0.383142,4925.1
4214,KB4,ARQ,Size_Long,300,0.01,1,38,59,0.5353,0.343643,4483.47
4215,KB4,ARQ,Size_Long,300,0.01,1,38,45,0.476,0.401606,5042.02
4216,KB4,ARQ,Size_Long,300,0.01,1,38,52,0.4999,0.37037,4800.96
4217,KB4,ARQ,Size_Long,300,0.01,1,38,39,0.4496,0.4329,5338.08
4218,KB4,ARQ,Size_Long,300,0.01,1,38,27,0.3932,0.512821,6103.76
4219,KB4,ARQ,Size_Long,300,0.01,1,38,42,0.4606,0.416667,5210.59
4220,KB4,ARQ,Size_Long,300,0.01,1,38,43,0.4706,0.411523,5099.87
4221,KB4,ARQ,Size_Long,300,0.01,1,38,50,0.5004,0.378788,4796.16
4222,KB4,ARQ,Size_Long,300,0.01,1,38,43,0.4635,0.411523,5177.99
4223,KB4,ARQ,Size_Long,300,0.01,1,38,40,0.4521,0.42735,5308.56
4224,KB4,ARQ,Size_Long,300,0.01,1,38,35,0.4294,0.456621,5589.19
4225,KB4,ARQ,Size_Long,300,0.01,1,38,36,0.4313,0.45045,5564.57
4226,KB4,ARQ,Size_Long,300,0.01,1,38,33,0.44,0.469484,5454.55
4227,KB4,ARQ,Size_Long,300,0.01,1,38,44,0.4743,0.406504,5060.09
4228,KB4,ARQ,Size_Long,300,0.01,1,38,35,0.4315,0.456621,5561.99
4229,KB4,ARQ,Size_Long,300,0.01,1,38,35,0.4315,0.456621,5561.99
4230,KB4,ARQ,Size_Long,300,0.01,1,38,39,0.4746,0.4329,5056.89
4231,KB4,ARQ,Size_Long,300,0.01,1,38,35,0.4349,0.456621,5518.51
4232,KB4,ARQ,Size_Long,300,0.01,1,38,34,0.4968,0.462963,4830.92
4233,KB4,ARQ,Size_Long,300,0.01,1,38,51,0.4978,0.374532,4821.21
4234,KB4,ARQ,Size_Long,300,0.01,1,38,30,0.4104,0.490196,5847.95
4235,KB4,ARQ,Size_Long,300,0.01,1,38,34,0.4279,0.462963,5608.79
4236,KB4,ARQ,Size_Long,300,0.01,1,38,59,0.5374,0.343643,4465.95
4237,KB4,ARQ,Size_Long,300,0.01,1,38,38,0.4437,0.438596,5409.06
4238,KB4,ARQ,Size_Long,300,0.01,1,38,32,0.4152,0.47619,5780.35
4239,KB4,ARQ,Size_Long,300,0.01,1,38,31,0.4058,0.483092,5914.24
4240,KB4,ARQ,Size_Long,300,0.01,1,38,35,0.428,0.456621,5607.48
4241,KB4,ARQ,Size_Long,300,0.01,1,38,33,0.417,0.469484,5755.4
4242,KB4,ARQ,Size_Long,300,0.01,1,38,58,0.5301,0.347222,4527.45
4243,KB4,ARQ,Size_Long,300,0.01,1,38,42,0.4657,0.416667,5153.53
4244,KB4,ARQ,Size_Long,300,0.01,1,38,42,0.4611,0.416667,5204.94
4245,KB4,ARQ,Size_Long,300,0.01,1,38,62,0.5788,0.333333,4146.51
4246,KB4,ARQ,Size_Long,300,0.01,1,38,47,0.4848,0.392157,4950.5
4247,KB4,ARQ,Size_Long,300,0.01,1,38,27,0.3987,0.512821,6019.56
4248,KB4,ARQ,Size_Long,300,0.01,1,38,40,0.4844,0.42735,4954.58
4249,KB4,ARQ,Size_Long,300,0.01,1,38,32,0.4151,0.47619,5781.74
4250,KB4,ARQ,Size_Long,300,0.01,1,38,37,0.44,0.444444,5454.55
4251,KB4,ARQ,Size_Long,300,0.01,1,38,36,0.4337,0.45045,5533.78
4252,KB4,ARQ,Size_Long,300,0.01,1,38,31,0.4209,0.483092,5702.07
4253,KB4,ARQ,Size_Long,300,0.01,1,38,34,0.4262,0.462963,5631.16
4254,KB4,ARQ,Size_Long,300,0.01,1,38,34,0.425,0.462963,5647.06
4255,KB4,ARQ,Size_Long,300,0.01,1,38,38,0.4445,0.438596,5399.33
4256,KB4,ARQ,Size_Long,300,0.01,1,38,30,0.4099,0.490196,5855.09
4257,KB4,ARQ,Size_Long,300,0.01,1,38,56,0.5195,0.35461,4619.83
4258,KB4,ARQ,Size_Long,300,0.01,1,38,58,0.533,0.347222,4502.81
4259,KB4,ARQ,Size_Long,300,0.01,1,38,35,0.432,0.456621,5555.56
4260,KB4,ARQ,Size_Long,300,0.01,1,38,49,0.4854,0.383142,4944.38
4261,KB4,ARQ,Size_Long,300,0.01,1,38,49,0.5704,0.383142,4207.57
4262,KB4,ARQ,Size_Long,300,0.01,1,38,41,0.4546,0.421941,5279.37
4263,KB4,ARQ,Size_Long,300,0.01,1,38,36,0.465,0.45045,5161.29
4264,KB4,ARQ,Size_Long,300,0.01,1,38,49,0.484,0.383142,4958.68
4265,KB4,ARQ,Size_Long,300,0.01,1,38,45,0.4701,0.401606,5105.3
4266,KB4,ARQ,Size_Long,300,0.01,1,38,37,0.4768,0.444444,5033.56
4267,KB4,ARQ,Size_Long,300,0.01,1,38,41,0.4587,0.421941,5232.18
4268,KB4,ARQ,Size_Long,300,0.01,1,38,29,0.4069,0.497512,5898.26
4269,KB4,ARQ,Size_Long,300,0.01,1,38,37,0.4398,0.444444,5457.03
4270,KB4,ARQ,Size_Long,300,0.01,1,38,39,0.4461,0.4329,5379.96
4271,KB4,ARQ,Size_Long,300,0.01,1,38,34,0.4259,0.462963,5635.13
4272,KB4,ARQ,Size_Long,300,0.01,1,38,41,0.4615,0.421941,5200.43
4273,KB4,ARQ,Size_Long,300,0.01,1,38,28,0.4026,0.505051,5961.25
4274,KB4,ARQ,Size_Long,300,0.01,1,38,36,0.4321,0.45045,5554.27
4275,KB4,ARQ,Size_Long,300,0.01,1,38,54,0.516,0.362319,4651.16
4276,KB4,ARQ,Size_Long,300,0.01,1,38,43,0.4686,0.411523,5121.64
4277,KB4,ARQ,Size_Long,300,0.01,1,38,55,0.5211,0.358423,4605.64
4278,KB4,ARQ,Size_Long,300,0.01,1,38,38,0.4494,0.438596,5340.45
4279,KB4,ARQ,Size_Long,300,0.01,1,38,65,0.5567,0.323625,4311.12
4280,KB4,ARQ,Size_Long,300,0.01,1,38,47,0.4818,0.392157,4981.32
4281,KB4,ARQ,Size_Long,300,0.01,1,38,32,0.4505,0.47619,5327.41
4282,KB4,ARQ,Size_Long,300,0.01,1,38,39,0.4455,0.4329,5387.21
4283,KB4,ARQ,Size_Long,300,0.01,1,38,35,0.4283,0.456621,5603.55
4284,KB4,ARQ,Size_Long,300,0.01,1,38,29,0.405,0.497512,5925.93
4285,KB4,ARQ,Size_Long,300,0.01,1,38,45,0.5025,0.401606,4776.12
4286,KB4,ARQ,Size_Long,300,0.01,1,38,31,0.4128,0.483092,5813.95
4287,KB4,ARQ,Size_Long,300,0.01,1,38,33,0.4228,0.469484,5676.44
4288,KB4,ARQ,Size_Long,300,0.01,1,38,25,0.389,0.529101,6169.67
4289,KB4,ARQ,Size_Long,300,0.01,1,38,37,0.4408,0.444444,5444.65
4290,KB4,ARQ,Size_Long,300,0.01,1,38,50,0.6056,0.378788,3963.01
4291,KB4,ARQ,Size_Long,300,0.01,1,38,33,0.426,0.469484,5633.8
4292,KB4,ARQ,Size_Long,300,0.01,1,38,33,0.4243,0.469484,5656.38
4293,KB4,ARQ,Size_Long,300,0.01,1,38,29,0.4093,0.497512,5863.67
4294,KB4,ARQ,Size_Long,300,0.01,1,38,30,0.41,0.490196,5853.66
4295,KB4,ARQ,Size_Long,300,0.01,1,38,36,0.4317,0.45045,5559.42
4296,KB4,ARQ,Size_Long,300,0.01,1,38,32,0.4206,0.47619,5706.13
4297,KB4,ARQ,Size_Long,300,0.01,1,38,31,0.4123,0.483092,5821
4298,KB4,ARQ,Size_Long,300,0.01,1,38,50,0.5006,0.378788,4794.25
4299,KB4,ARQ,Size_Long,300,0.01,1,38,50,0.4938,0.378788,4860.27
4300,KB4,ARQ,Size_Long,300,0.01,1,38,51,0.5118,0.374532,4689.33
4301,KB4,ARQ,Size_Long,300,0.01,1,38,25,0.3876,0.529101,6191.95
4302,KB4,ARQ,Size_Long,300,0.01,1,38,40,0.4486,0.42735,5349.98
4303,KB4,ARQ,Size_Long,300,0.01,1,38,39,0.4799,0.4329,5001.04
4304,KB4,ARQ,Size_Long,300,0.01,1,38,37,0.4405,0.444444,5448.35
4305,KB4,ARQ,Size_Long,300,0.01,1,38,50,0.5032,0.378788,4769.48
4306,KB4,ARQ,Size_Long,300,0.01,1,38,51,0.4996,0.374532,4803.84
4307,KB4,ARQ,Size_Long,300,0.01,1,38,25,0.3864,0.529101,6211.18
4308,KB4,ARQ,Size_Long,300,0.01,1,38,50,0.4968,0.378788,4830.92
4309,KB4,ARQ,Size_Long,300,0.01,1,38,38,0.4505,0.438596,5327.41
4310,KB4,ARQ,Size_Long,300,0.01,1,38,30,0.4074,0.490196,5891.02
4311,KB4,ARQ,Size_Long,300,0.01,1,38,38,0.4426,0.438596,5422.5
4312,KB4,ARQ,Size_Long,300,0.01,1,38,33,0.4293,0.469484,5590.5
4313,KB4,ARQ,Size_Long,300,0.01,1,38,27,0.3949,0.512821,6077.49
4314,KB4,ARQ,Size_Long,300,0.01,1,38,37,0.4388,0.444444,5469.46
4315,KB4,ARQ,Size_Long,300,0.01,1,38,30,0.4103,0.490196,5849.38
4316,KB4,ARQ,Size_Long,300,0.01,1,38,50,0.4911,0.378788,4886.99
4317,KB4,ARQ,Size_Long,300,0.01,1,38,40,0.45,0.42735,5333.33
4318,KB4,ARQ,Size_Long,300,0.01,1,38,32,0.4464,0.47619,5376.34
4319,KB4,ARQ,Size_Long,300,0.01,1,38,42,0.4588,0.416667,5231.04
4320,KB4,ARQ,Size_Long,300,0.01,1,38,34,0.5267,0.462963,4556.67
4321,KB4,ARQ,Size_Long,300,0.01,1,38,32,0.4176,0.47619,5747.13
4322,KB4,ARQ,Size_Long,300,0.01,1,38,42,0.4941,0.416667,4857.32
4323,KB4,ARQ,Size_Long,300,0.01,1,38,55,0.518,0.358423,4633.2
4324,KB4,ARQ,Size_Long,300,0.01,1,38,41,0.455,0.421941,5274.73
4325,KB4,ARQ,Size_Long,300,0.01,1,38,19,0.3629,0.584795,6613.39
4326,KB4,ARQ,Size_Long,300,0.01,1,38,34,0.4234,0.462963,5668.4
4327,KB4,ARQ,Size_Long,300,0.01,1,38,42,0.4633,0.416667,5180.23
4328,KB4,ARQ,Size_Long,300,0.01,1,38,25,0.386,0.529101,6217.62
4329,KB4,ARQ,Size_Long,300,0.01,1,38,35,0.4307,0.456621,5572.32
4330,KB4,ARQ,Size_Long,300,0.01,1,38,39,0.4472,0.4329,5366.73
4331,KB4,ARQ,Size_Long,300,0.01,1,38,36,0.4351,0.45045,5515.97
4332,KB4,ARQ,Size_Long,300,0.01,1,38,46,0.4727,0.396825,5077.22
4333,KB4,ARQ,Size_Long,300,0.01,1,38,38,0.4439,0.438596,5406.62
4334,KB4,ARQ,Size_Long,300,0.01,1,38,46,0.4796,0.396825,5004.17
4335,KB4,ARQ,Size_Long,300,0.01,1,38,49,0.4886,0.383142,4911.99
4336,KB4,ARQ,Size_Long,300,0.01,1,38,33,0.4223,0.469484,5683.16
4337,KB4,ARQ,Size_Long,300,0.01,1,38,47,0.4917,0.392157,4881.03
4338,KB4,ARQ,Size_Long,300,0.01,1,38,39,0.4522,0.4329,5307.39
4339,KB4,ARQ,Size_Long,300,0.01,1,38,45,0.4711,0.401606,5094.46
4340,KB4,ARQ,Size_Long,300,0.01,1,38,37,0.4721,0.444444,5083.67
4341,KB4,ARQ,Size_Long,300,0.01,1,38,33,0.4228,0.469484,5676.44
4342,KB4,ARQ,Size_Long,300,0.01,1,38,22,0.3744,0.555556,6410.26
4343,KB4,ARQ,Size_Long,300,0.01,1,38,43,0.4652,0.411523,5159.07
4344,KB4,ARQ,Size_Long,300,0.01,1,38,30,0.4074,0.490196,5891.02
4345,KB4,ARQ,Size_Long,300,0.01,1,38,43,0.4656,0.411523,5154.64
4346,KB4,ARQ,Size_Long,300,0.01,1,38,33,0.4205,0.469484,5707.49
4347,KB4,ARQ,Size_Long,300,0.01,1,38,39,0.4444,0.4329,5400.54
4348,KB4,ARQ,Size_Long,300,0.01,1,38,35,0.431,0.456621,5568.45
4349,KB4,ARQ,Size_Long,300,0.01,1,38,42,0.4654,0.416667,5156.85
4350,KB4,ARQ,Size_Long,300,0.01,1,38,40,0.5598,0.42735,4287.25
4351,KB4,ARQ,Size_Long,300,0.01,1,38,40,0.4501,0.42735,5332.15
4352,KB4,ARQ,Size_Long,300,0.01,1,38,32,0.413,0.47619,5811.14
4353,KB4,ARQ,Size_Long,300,0.01,1,38,40,0.4477,0.42735,5360.73
4354,KB4,ARQ,Size_Long,300,0.01,1,38,31,0.4133,0.483092,5806.92
4355,KB4,ARQ,Size_Long,300,0.01,1,38,42,0.4914,0.416667,4884
4356,KB4,ARQ,Size_Long,300,0.01,1,38,36,0.4331,0.45045,5541.45
4357,KB4,ARQ,Size_Long,300,0.01,1,38,37,0.443,0.444444,5417.61
4358,KB4,ARQ,Size_Long,300,0.01,1,38,36,0.4326,0.45045,5547.85
4359,KB4,ARQ,Size_Long,300,0.01,1,38,40,0.4816,0.42735,4983.39
4360,KB4,ARQ,Size_Long,300,0.01,1,38,28,0.3995,0.505051,6007.51
4361,KB4,ARQ,Size_Long,300,0.01,1,38,61,0.5442,0.3367,4410.14
4362,KB4,ARQ,Size_Long,300,0.01,1,38,41,0.4575,0.421941,5245.9
4363,KB4,ARQ,Size_Long,300,0.01,1,38,30,0.4067,0.490196,5901.16
4364,KB4,ARQ,Size_Long,300,0.01,1,38,49,0.4989,0.383142,4810.58
4365,KB4,ARQ,Size_Long,300,0.01,1,38,41,0.4554,0.421941,5270.09
4366,KB4,ARQ,Size_Long,300,0.01,1,38,55,0.5183,0.358423,4630.52
4367,KB4,ARQ,Size_Long,300,0.01,1,38,33,0.4229,0.469484,5675.1
4368,KB4,ARQ,Size_Long,300,0.01,1,38,56,0.5159,0.35461,4652.06
4369,KB4,ARQ,Size_Long,300,0.01,1,38,50,0.4924,0.378788,4874.09
4370,KB4,ARQ,Size_Long,300,0.01,1,38,40,0.4486,0.42735,5349.98
4371,KB4,ARQ,Size_Long,300,0.01,1,38,34,0.4294,0.462963,5589.19
4372,KB4,ARQ,Size_Long,300,0.01,1,38,41,0.4608,0.421941,5208.33
4373,KB4,ARQ,Size_Long,300,0.01,1,38,43,0.4957,0.411523,4841.64
4374,KB4,ARQ,Size_Long,300,0.01,1,38,50,0.4953,0.378788,4845.55
4375,KB4,ARQ,Size_Long,300,0.01,1,38,46,0.5528,0.396825,4341.53
4376,KB4,ARQ,Size_Long,300,0.01,1,38,51,0.5611,0.374532,4277.31
4377,KB4,ARQ,Size_Long,300,0.01,1,38,49,0.5002,0.383142,4798.08
4378,KB4,ARQ,Size_Long,300,0.01,1,38,46,0.5419,0.396825,4428.86
4379,KB4,ARQ,Size_Long,300,0.01,1,38,42,0.4619,0.416667,5195.93
4380,KB4,ARQ,Size_Long,300,0.01,1,38,38,0.4451,0.438596,5392.05
4381,KB4,ARQ,Size_Long,300,0.01,1,38,30,0.4075,0.490196,5889.57
4382,KB4,ARQ,Size_Long,300,0.01,1,38,40,0.4508,0.42735,5323.87
4383,KB4,ARQ,Size_Long,300,0.01,1,38,32,0.4206,0.47619,5706.13
4384,KB4,ARQ,Size_Long,300,0.01,1,38,52,0.4996,0.37037,4803.84
4385,KB4,ARQ,Size_Long,300,0.01,1,38,33,0.4245,0.469484,5653.71
4386,KB4,ARQ,Size_Long,300,0.01,1,38,46,0.4783,0.396825,5017.77
4387,KB4,ARQ,Size_Long,300,0.01,1,38,40,0.4548,0.42735,5277.04
4388,KB4,ARQ,Size_Long,300,0.01,1,38,37,0.4406,0.444444,5447.12
4389,KB4,ARQ,Size_Long,300,0.01,1,38,25,0.3907,0.529101,6142.82
4390,KB4,ARQ,Size_Long,300,0.01,1,38,54,0.5138,0.362319,4671.08
4391,KB4,ARQ,Size_Long,300,0.01,1,38,42,0.4877,0.416667,4921.06
4392,KB4,ARQ,Size_Long,300,0.01,1,38,50,0.498,0.378788,4819.28
4393,KB4,ARQ,Size_Long,300,0.01,0,38,44,0.4669,0.406504,5140.29
4394,KB4,ARQ,Size_Long,300,0.01,1,38,35,0.4607,0.456621,5209.46
4395,KB4,ARQ,Size_Long,300,0.01,1,38,34,0.4256,0.462963,5639.1
4396,KB4,ARQ,Size_Long,300,0.01,1,38,27,0.3982,0.512821,6027.12
4397,KB4,ARQ,Size_Long,300,0.01,1,38,44,0.4647,0.406504,5164.62
4398,KB4,ARQ,Size_Long,300,0.01,1,38,47,0.4825,0.392157,4974.09
4399,KB4,ARQ,Size_Long,300,0.01,1,38,37,0.4403,0.444444,5450.83
4400,KB4,ARQ,Size_Long,300,0.01,1,38,35,0.4304,0.456621,5576.21
4401,KB4,ARQ,Size_Long,300,0.01,1,38,28,0.4038,0.505051,5943.54
4402,KB4,ARQ,Size_Long,300,0.01,1,38,30,0.414,0.490196,5797.1
4403,KB4,ARQ,Size_Long,300,0.01,1,38,29,0.409,0.497512,5867.97
4404,KB4,ARQ,Size_Long,300,0.01,1,38,72,0.5904,0.30303,4065.04
4405,KB4,ARQ,Size_Long,300,0.01,1,38,37,0.4394,0.444444,5461.99
4406,KB4,ARQ,Size_Long,300,0.01,1,38,46,0.479,0.396825,5010.44
4407,KB4,ARQ,Size_Long,300,0.01,1,38,47,0.5451,0.392157,4402.86
4408,KB4,ARQ,Size_Long,300,0.01,1,38,50,0.4941,0.378788,4857.32
4409,KB4,ARQ,Size_Long,300,0.01,1,38,52,0.5332,0.37037,4501.13
4410,KB4,ARQ,Size_Long,300,0.01,1,38,37,0.4365,0.444444,5498.28
4411,KB4,ARQ,Size_Long,300,0.01,1,38,28,0.3944,0.505051,6085.19
4412,KB4,ARQ,Size_Long,300,0.01,1,38,59,0.5666,0.343643,4235.79
4413,KB4,ARQ,Size_Long,300,0.01,1,38,35,0.4323,0.456621,5551.7
4414,KB4,ARQ,Size_Long,300,0.01,1,38,37,0.4416,0.444444,5434.78
4415,KB4,ARQ,Size_Long,300,0.01,1,38,57,0.5244,0.350877,4576.66
4416,KB4,ARQ,Size_Long,300,0.01,1,38,38,0.444,0.438596,5405.41
4417,KB4,ARQ,Size_Long,300,0.01,1,38,60,0.5355,0.340136,4481.79
4418,KB4,ARQ,Size_Long,300,0.01,1,38,29,0.4139,0.497512,5798.5
4419,KB4,ARQ,Size_Long,300,0.01,1,38,55,0.5159,0.358423,4652.06
4420,KB4,ARQ,Size_Long,300,0.01,1,38,40,0.4548,0.42735,5277.04
4421,KB4,ARQ,Size_Long,300,0.01,1,38,31,0.4104,0.483092,5847.95
4422,KB4,ARQ,Size_Long,300,0.01,1,38,45,0.4723,0.401606,5081.52
4423,KB4,ARQ,Size_Long,300,0.01,1,38,41,0.4516,0.421941,5314.44
4424,KB4,ARQ,Size_Long,300,0.01,1,38,35,0.4276,0.456621,5612.72
4425,KB4,ARQ,Size_Long,300,0.01,1,38,35,0.4303,0.456621,5577.5
4426,KB4,ARQ,Size_Long,300,0.01,1,38,58,0.5281,0.347222,4544.59
4427,KB4,ARQ,Size_Long,300,0.01,1,38,31,0.4446,0.483092,5398.11
4428,KB4,ARQ,Size_Long,300,0.01,1,38,43,0.4628,0.411523,5185.83
4429,KB4,ARQ,Size_Long,300,0.01,1,38,32,0.4196,0.47619,5719.73
4430,KB4,ARQ,Size_Long,300,0.01,1,38,47,0.482,0.392157,4979.25
4431,KB4,ARQ,Size_Long,300,0.01,1,38,34,0.4274,0.462963,5615.35
4432,KB4,ARQ,Size_Long,300,0.01,1,38,34,0.4287,0.462963,5598.32
4433,KB4,ARQ,Size_Long,300,0.01,1,38,31,0.4135,0.483092,5804.11
4434,KB4,ARQ,Size_Long,300,0.01,1,38,39,0.4484,0.4329,5352.36
4435,KB4,ARQ,Size_Long,300,0.01,1,38,42,0.4615,0.416667,5200.43
4436,KB4,ARQ,Size_Long,300,0.01,1,38,44,0.5324,0.406504,4507.89
4437,KB4,ARQ,Size_Long,300,0.01,1,38,41,0.456,0.421941,5263.16
4438,KB4,ARQ,Size_Long,300,0.01,1,38,37,0.4413,0.444444,5438.48
4439,KB4,ARQ,Size_Long,300,0.01,1,38,53,0.503,0.3663,4771.37
4440,KB4,ARQ,Size_Long,300,0.01,1,38,40,0.454,0.42735,5286.34
4441,KB4,ARQ,Size_Long,300,0.01,1,38,32,0.4204,0.47619,5708.85
4442,KB4,ARQ,Size_Long,300,0.01,1,38,28,0.4013,0.505051,5980.56
4443,KB4,ARQ,Size_Long,300,0.01,1,38,40,0.4489,0.42735,5346.4
4444,KB4,ARQ,Size_Long,300,0.01,1,38,30,0.4112,0.490196,5836.58
4445,KB4,ARQ,Size_Long,300,0.01,1,38,42,0.4914,0.416667,4884
4446,KB4,ARQ,Size_Long,300,0.01,1,38,56,0.5129,0.35461,4679.27
4447,KB4,ARQ,Size_Long,300,0.01,1,38,32,0.4258,0.47619,5636.45
4448,KB4,ARQ,Size_Long,300,0.01,1,38,39,0.4451,0.4329,5392.05
4449,KB4,ARQ,Size_Long,300,0.01,1,38,31,0.4397,0.483092,5458.27
4450,KB4,ARQ,Size_Long,300,0.01,1,38,34,0.4252,0.462963,5644.4
4451,KB4,ARQ,Size_Long,300,0.01,1,38,47,0.4833,0.392157,4965.86
4452,KB4,ARQ,Size_Long,300,0.01,1,38,54,0.5166,0.362319,4645.76
4453,KB4,ARQ,Size_Long,300,0.01,1,38,33,0.425,0.469484,5647.06
4454,KB4,ARQ,Size_Long,300,0.01,1,38,37,0.4401,0.444444,5453.31
4455,KB4,ARQ,Size_Long,300,0.01,1,38,30,0.4068,0.490196,5899.71
4456,KB4,ARQ,Size_Long,300,0.01,1,38,42,0.4631,0.416667,5182.47
4457,KB4,ARQ,Size_Long,300,0.01,1,38,38,0.4465,0.438596,5375.14
4458,KB4,ARQ,Size_Long,300,0.01,1,38,33,0.4229,0.469484,5675.1
4459,KB4,ARQ,Size_Long,300,0.01,1,38,54,0.5138,0.362319,4671.08
4460,KB4,ARQ,Size_Long,300,0.01,1,38,33,0.4274,0.469484,5615.35
4461,KB4,ARQ,Size_Long,300,0.01,1,38,55,0.517,0.358423,4642.17
4462,KB4,ARQ,Size_Long,300,0.01,1,38,22,0.3765,0.555556,6374.5
4463,KB4,ARQ,Size_Long,300,0.01,1,38,40,0.4494,0.42735,5340.45
4464,KB4,ARQ,Size_Long,300,0.01,1,38,33,0.446,0.469484,5381.17
4465,KB4,ARQ,Size_Long,300,0.01,1,38,43,0.4667,0.411523,5142.49
4466,KB4,ARQ,Size_Long,300,0.01,1,38,25,0.5046,0.529101,4756.24
4467,KB4,ARQ,Size_Long,300,0.01,1,38,41,0.4994,0.421941,4805.77
4468,KB4,ARQ,Size_Long,300,0.01,1,38,34,0.4387,0.462963,5470.71
4469,KB4,ARQ,Size_Long,300,0.01,1,38,20,0.3975,0.574713,6037.74
4470,KB4,ARQ,Size_Long,300,0.01,1,38,41,0.4701,0.421941,5105.3
4471,KB4,ARQ,Size_Long,300,0.01,1,38,44,0.5209,0.406504,4607.41
4472,KB4,ARQ,Size_Long,300,0.01,1,38,39,0.4484,0.4329,5352.36
4473,KB4,ARQ,Size_Long,300,0.01,1,38,35,0.4359,0.456621,5505.85
4474,KB4,ARQ,Size_Long,300,0.01,1,38,30,0.4072,0.490196,5893.91
4475,KB4,ARQ,Size_Long,300,0.01,1,38,56,0.5212,0.35461,4604.76
4476,KB4,ARQ,Size_Long,300,0.01,1,38,32,0.4191,0.47619,5726.56
4477,KB4,ARQ,Size_Long,300,0.01,1,38,21,0.3701,0.564972,6484.73
4478,KB4,ARQ,Size_Long,300,0.01,1,38,31,0.4105,0.483092,5846.53
4479,KB4,ARQ,Size_Long,300,0.01,1,38,35,0.4291,0.456621,5593.1
4480,KB4,ARQ,Size_Long,300,0.01,1,38,47,0.487,0.392157,4928.13
4481,KB4,ARQ,Size_Long,300,0.01,1,38,46,0.4786,0.396825,5014.63
4482,KB4,ARQ,Size_Long,300,0.01,1,38,43,0.4943,0.411523,4855.35
4483,KB4,ARQ,Size_Long,300,0.01,1,38,44,0.466,0.406504,5150.21
4484,KB4,ARQ,Size_Long,300,0.01,1,38,39,0.4541,0.4329,5285.18
4485,KB4,ARQ,Size_Long,300,0.01,1,38,38,0.441,0.438596,5442.18
4486,KB4,ARQ,Size_Long,300,0.01,1,38,60,0.5707,0.340136,4205.36
4487,KB4,ARQ,Size_Long,300,0.01,1,38,32,0.412,0.47619,5825.24
4488,KB4,ARQ,Size_Long,300,0.01,1,38,23,0.378,0.546448,6349.21
4489,KB4,ARQ,Size_Long,300,0.01,1,38,39,0.4445,0.4329,5399.33
4490,KB4,ARQ,Size_Long,300,0.01,1,38,46,0.4794,0.396825,5006.26
4491,KB4,ARQ,Size_Long,300,0.01,1,38,30,0.4095,0.490196,5860.81
4492,KB4,ARQ,Size_Long,300,0.01,1,38,28,0.4068,0.505051,5899.71
4493,KB4,ARQ,Size_Long,300,0.01,1,38,53,0.5074,0.3663,4730
4494,KB4,ARQ,Size_Long,300,0.01,1,38,26,0.3931,0.520833,6105.32
4495,KB4,ARQ,Size_Long,300,0.01,1,38,21,0.4981,0.564972,4818.31
4496,KB4,ARQ,Size_Long,300,0.01,1,38,31,0.5546,0.483092,4327.44
4497,KB4,ARQ,Size_Long,300,0.01,1,38,65,0.5585,0.323625,4297.22
4498,KB4,ARQ,Size_Long,300,0.01,1,38,44,0.4726,0.406504,5078.29
4499,KB4,ARQ,Size_Long,300,0.01,1,38,35,0.4289,0.456621,5595.71
4500,KB4,ARQ,Size_Long,300,0.01,1,38,44,0.497,0.406504,4828.97
4501,KB4,ARQ,Size_Long,300,0.01,1,38,44,0.4701,0.406504,5105.3
4502,KB4,ARQ,Size_Long,300,0.01,1,38,63,0.5503,0.330033,4361.26
4503,KB4,ARQ,Size_Long,300,0.01,1,38,39,0.4481,0.4329,5355.95
4504,KB4,ARQ,Size_Long,300,0.01,1,38,19,0.3666,0.584795,6546.64
4505,KB4,ARQ,Size_Long,300,0.01,1,38,44,0.4688,0.406504,5119.45
4506,KB4,ARQ,Size_Long,300,0.01,1,38,37,0.4391,0.444444,5465.73
4507,KB4,ARQ,Size_Long,300,0.01,1,38,56,0.5248,0.35461,4573.17
4508,KB4,ARQ,Size_Long,300,0.01,1,38,34,0.4266,0.462963,5625.88
4509,KB4,ARQ,Size_Long,300,0.01,1,38,37,0.4361,0.444444,5503.32
4510,KB4,ARQ,Size_Long,300,0.01,1,38,32,0.4343,0.47619,5526.13
4511,KB4,ARQ,Size_Long,300,0.01,1,38,45,0.5723,0.401606,4193.6
4512,KB4,ARQ,Size_Long,300,0.01,1,38,38,0.4466,0.438596,5373.94
4513,KB4,ARQ,Size_Long,300,0.01,1,38,38,0.445,0.438596,5393.26
4514,KB4,ARQ,Size_Long,300,0.01,1,38,35,0.4283,0.456621,5603.55
4515,KB4,ARQ,Size_Long,300,0.01,1,38,44,0.4698,0.406504,5108.56
4516,KB4,ARQ,Size_Long,300,0.01,1,38,37,0.4419,0.444444,5431.09
4517,KB4,ARQ,Size_Long,300,0.01,1,38,56,0.5149,0.35461,4661.1
4518,KB4,ARQ,Size_Long,300,0.01,1,38,35,0.4609,0.456621,5207.2
4519,KB4,ARQ,Size_Long,300,0.01,1,38,37,0.4423,0.444444,5426.18
4520,KB4,ARQ,Size_Long,300,0.01,1,38,49,0.4883,0.383142,4915.01
4521,KB4,ARQ,Size_Long,300,0.01,1,38,22,0.3721,0.555556,6449.88
4522,KB4,ARQ,Size_Long,300,0.01,1,38,77,0.6674,0.289855,3596.04
4523,KB4,ARQ,Size_Long,300,0.01,1,38,45,0.4787,0.401606,5013.58
4524,KB4,ARQ,Size_Long,300,0.01,1,38,43,0.4638,0.411523,5174.64
4525,KB4,ARQ,Size_Long,300,0.01,1,38,46,0.4791,0.396825,5009.39
4526,KB4,ARQ,Size_Long,300,0.01,1,38,25,0.3849,0.529101,6235.39
4527,KB4,ARQ,Size_Long,300,0.01,1,38,46,0.4897,0.396825,4900.96
4528,KB4,ARQ,Size_Long,300,0.01,1,38,31,0.4135,0.483092,5804.11
4529,KB4,ARQ,Size_Long,300,0.01,1,38,41,0.4572,0.421941,5249.34
4530,KB4,ARQ,Size_Long,300,0.01,1,38,26,0.3917,0.520833,6127.14
4531,KB4,ARQ,Size_Long,300,0.01,1,38,43,0.4644,0.411523,5167.96
4532,KB4,ARQ,Size_Long,300,0.01,1,38,41,0.457,0.421941,5251.64
4533,KB4,ARQ,Size_Long,300,0.01,1,38,41,0.4561,0.421941,5262
4534,KB4,ARQ,Size_Long,300,0.01,1,38,48,0.4864,0.387597,4934.21
4535,KB4,ARQ,Size_Long,300,0.01,1,38,53,0.5081,0.3663,4723.48
4536,KB4,ARQ,Size_Long,300,0.01,1,38,40,0.4829,0.42735,4969.97
4537,KB4,ARQ,Size_Long,300,0.01,1,38,38,0.4438,0.438596,5407.84
4538,KB4,ARQ,Size_Long,300,0.01,0,38,41,0.4512,0.421941,5319.15
4539,KB4,ARQ,Size_Long,300,0.01,1,38,32,0.4211,0.47619,5699.36
4540,KB4,ARQ,Size_Long,300,0.01,1,38,45,0.598,0.401606,4013.38
4541,KB4,ARQ,Size_Long,300,0.01,1,38,44,0.4694,0.406504,5112.91
4542,KB4,ARQ,Size_Long,300,0.01,1,38,41,0.4573,0.421941,5248.2
4543,KB4,ARQ,Size_Long,300,0.01,1,38,28,0.3962,0.505051,6057.55
4544,KB4,ARQ,Size_Long,300,0.01,1,38,32,0.4214,0.47619,5695.3
4545,KB4,ARQ,Size_Long,300,0.01,1,38,43,0.4651,0.411523,5160.18
4546,KB4,ARQ,Size_Long,300,0.01,1,38,57,0.5274,0.350877,4550.63
4547,KB4,ARQ,Size_Long,300,0.01,1,38,41,0.4567,0.421941,5255.09
4548,KB4,ARQ,Size_Long,300,0.01,1,38,35,0.4326,0.456621,5547.85
4549,KB4,ARQ,Size_Long,300,0.01,1,38,35,0.4267,0.456621,5624.56
4550,KB4,ARQ,Size_Long,300,0.01,1,38,26,0.5299,0.520833,4529.16
4551,KB4,ARQ,Size_Long,300,0.01,1,38,46,0.4881,0.396825,4917.03
4552,KB4,ARQ,Size_Long,300,0.01,1,38,52,0.508,0.37037,4724.41
4553,KB4,ARQ,Size_Long,300,0.01,1,38,28,0.392,0.505051,6122.45
4554,KB4,ARQ,Size_Long,300,0.01,1,38,39,0.4443,0.4329,5401.76
4555,KB4,ARQ,Size_Long,300,0.01,1,38,33,0.4262,0.469484,5631.16
4556,KB4,ARQ,Size_Long,300,0.01,1,38,49,0.4888,0.383142,4909.98
4557,KB4,ARQ,Size_Long,300,0.01,1,38,35,0.4627,0.456621,5186.95
4558,KB4,ARQ,Size_Long,300,0.01,1,38,64,0.5552,0.326797,4322.77
4559,KB4,ARQ,Size_Long,300,0.01,1,38,41,0.4573,0.421941,5248.2
4560,KB4,ARQ,Size_Long,300,0.01,1,38,35,0.4328,0.456621,5545.29
4561,KB4,ARQ,Size_Long,300,0.01,1,38,39,0.4498,0.4329,5335.7
4562,KB4,ARQ,Size_Long,300,0.01,1,38,42,0.4591,0.416667,5227.62
4563,KB4,ARQ,Size_Long,300,0.01,1,38,59,0.5374,0.343643,4465.95
4564,KB4,ARQ,Size_Long,300,0.01,1,38,31,0.4112,0.483092,5836.58
4565,KB4,ARQ,Size_Long,300,0.01,1,38,32,0.4146,0.47619,5788.71
4566,KB4,ARQ,Size_Long,300,0.01,1,38,27,0.3985,0.512821,6022.58
4567,KB4,ARQ,Size_Long,300,0.01,1,38,50,0.496,0.378788,4838.71
4568,KB4,ARQ,Size_Long,300,0.01,1,38,31,0.4151,0.483092,5781.74
4569,KB4,ARQ,Size_Long,300,0.01,1,38,20,0.3672,0.574713,6535.95
4570,KB4,ARQ,Size_Long,300,0.01,1,38,25,0.3881,0.529101,6183.97
4571,KB4,ARQ,Size_Long,300,0.01,1,38,39,0.5068,0.4329,4735.6
4572,KB4,ARQ,Size_Long,300,0.01,1,38,46,0.5097,0.396825,4708.65
4573,KB4,ARQ,Size_Long,300,0.01,1,38,33,0.4235,0.469484,5667.06
4574,KB4,ARQ,Size_Long,300,0.01,1,38,39,0.4469,0.4329,5370.33
4575,KB4,ARQ,Size_Long,300,0.01,1,38,42,0.4599,0.416667,5218.53
4576,KB4,ARQ,Size_Long,300,0.01,1,38,31,0.4455,0.483092,5387.21
4577,KB4,ARQ,Size_Long,300,0.01,1,38,41,0.463,0.421941,5183.59
4578,KB4,ARQ,Size_Long,300,0.01,1,38,39,0.4463,0.4329,5377.55
4579,KB4,ARQ,Size_Long,300,0.01,1,38,48,0.5614,0.387597,4275.03
4580,KB4,ARQ,Size_Long,300,0.01,1,38,34,0.4284,0.462963,5602.24
4581,KB4,ARQ,Size_Long,300,0.01,1,38,34,0.4337,0.462963,5533.78
4582,KB4,ARQ,Size_Long,300,0.01,1,38,37,0.4403,0.444444,5450.83
4583,KB4,ARQ,Size_Long,300,0.01,1,38,40,0.451,0.42735,5321.51
4584,KB4,ARQ,Size_Long,300,0.01,1,38,29,0.404,0.497512,5940.59
4585,KB4,ARQ,Size_Long,300,0.01,1,38,34,0.4268,0.462963,5623.24
4586,KB4,ARQ,Size_Long,300,0.01,1,38,52,0.5036,0.37037,4765.69
4587,KB4,ARQ,Size_Long,300,0.01,1,38,40,0.4528,0.42735,5300.35
4588,KB4,ARQ,Size_Long,300,0.01,1,38,42,0.4648,0.416667,5163.51
4589,KB4,ARQ,Size_Long,300,0.01,1,38,45,0.4758,0.401606,5044.14
4590,KB4,ARQ,Size_Long,300,0.01,1,38,38,0.4746,0.438596,5056.89
4591,KB4,ARQ,Size_Long,300,0.01,1,38,45,0.4742,0.401606,5061.16
4592,KB4,ARQ,Size_Long,300,0.01,1,38,33,0.426,0.469484,5633.8
4593,KB4,ARQ,Size_Long,300,0.01,1,38,34,0.448,0.462963,5357.14
4594,KB4,ARQ,Size_Long,300,0.01,1,38,52,0.5129,0.37037,4679.27
4595,KB4,ARQ,Size_Long,300,0.01,1,38,28,0.4121,0.505051,5823.83
4596,KB4,ARQ,Size_Long,300,0.01,1,38,38,0.4577,0.438596,5243.61
4597,KB4,ARQ,Size_Long,300,0.01,1,38,35,0.4381,0.456621,5478.2
4598,KB4,ARQ,Size_Long,300,0.01,1,38,35,0.4408,0.456621,5444.65
4599,KB4,ARQ,Size_Long,300,0.01,1,38,40,0.4609,0.42735,5207.2
4600,KB4,ARQ,Size_Long,300,0.01,1,38,50,0.5067,0.378788,4736.53
4601,KB4,ARQ,Size_Long,300,0.01,1,38,45,0.5102,0.401606,4704.04
4602,KB4,ARQ,Size_Long,300,0.01,1,38,42,0.4712,0.416667,5093.38
4603,KB4,ARQ,Size_Long,300,0.01,1,38,37,0.453,0.444444,5298.01
4604,KB4,ARQ,Size_Long,300,0.01,1,38,35,0.4406,0.456621,5447.12
4605,KB4,ARQ,Size_Long,300,0.01,1,38,34,0.4325,0.462963,5549.13
4606,KB4,ARQ,Size_Long,300,0.01,1,38,41,0.4637,0.421941,5175.76
4607,KB4,ARQ,Size_Long,300,0.01,1,38,41,0.4659,0.421941,5151.32
4608,KB4,ARQ,Size_Long,300,0.01,1,38,34,0.44,0.462963,5454.55
4609,KB4,ARQ,Size_Long,300,0.01,1,38,49,0.5582,0.383142,4299.53
4610,KB4,ARQ,Size_Long,300,0.01,1,38,36,0.4425,0.45045,5423.73
4611,KB4,ARQ,Size_Long,300,0.01,1,38,49,0.4997,0.383142,4802.88
4612,KB4,ARQ,Size_Long,300,0.01,1,38,38,0.457,0.438596,5251.64
4613,KB4,ARQ,Size_Long,300,0.01,1,38,35,0.4407,0.456621,5445.88
4614,KB4,ARQ,Size_Long,300,0.01,1,38,32,0.427,0.47619,5620.61
4615,KB4,ARQ,Size_Long,300,0.01,1,38,40,0.4646,0.42735,5165.73
4616,KB4,ARQ,Size_Long,300,0.01,1,38,54,0.5256,0.362319,4566.21
4617,KB4,ARQ,Size_Long,300,0.01,1,38,37,0.4449,0.444444,5394.47
4618,KB4,ARQ,Size_Long,300,0.01,1,38,32,0.421,0.47619,5700.71
4619,KB4,ARQ,Size_Long,300,0.01,1,38,24,0.3917,0.537634,6127.14
4620,KB4,ARQ,Size_Long,300,0.01,1,38,49,0.4954,0.383142,4844.57
4621,KB4,ARQ,Size_Long,300,0.01,1,38,43,0.4758,0.411523,5044.14
4622,KB4,ARQ,Size_Long,300,0.01,1,38,29,0.4113,0.497512,5835.16
4623,KB4,ARQ,Size_Long,300,0.01,1,38,51,0.5106,0.374532,4700.35
4624,KB4,ARQ,Size_Long,300,0.01,1,38,32,0.4217,0.47619,5691.25
4625,KB4,ARQ,Size_Long,300,0.01,1,38,41,0.4717,0.421941,5087.98
4626,KB4,ARQ,Size_Long,300,0.01,1,38,32,0.4244,0.47619,5655.04
4627,KB4,ARQ,Size_Long,300,0.01,1,38,47,0.4953,0.392157,4845.55
4628,KB4,ARQ,Size_Long,300,0.01,1,38,39,0.4593,0.4329,5225.34
4629,KB4,ARQ,Size_Long,300,0.01,1,38,47,0.4912,0.392157,4885.99
4630,KB4,ARQ,Size_Long,300,0.01,1,38,39,0.4568,0.4329,5253.94
4631,KB4,ARQ,Size_Long,300,0.01,1,38,48,0.4974,0.387597,4825.09
4632,KB4,ARQ,Size_Long,300,0.01,1,38,46,0.493,0.396825,4868.15
4633,KB4,ARQ,Size_Long,300,0.01,1,38,41,0.468,0.421941,5128.21
4634,KB4,ARQ,Size_Long,300,0.01,1,38,37,0.4506,0.444444,5326.23
4635,KB4,ARQ,Size_Long,300,0.01,1,38,41,0.4787,0.421941,5013.58
4636,KB4,ARQ,Size_Long,300,0.01,1,38,42,0.4697,0.416667,5109.64
4637,KB4,ARQ,Size_Long,300,0.01,1,38,54,0.5616,0.362319,4273.5
4638,KB4,ARQ,Size_Long,300,0.01,1,38,37,0.4512,0.444444,5319.15
4639,KB4,ARQ,Size_Long,300,0.01,1,38,29,0.4186,0.497512,5733.4
4640,KB4,ARQ,Size_Long,300,0.01,1,38,35,0.4383,0.456621,5475.7
4641,KB4,ARQ,Size_Long,300,0.01,1,38,30,0.4195,0.490196,5721.1
4642,KB4,ARQ,Size_Long,300,0.01,1,38,57,0.537,0.350877,4469.27
4643,KB4,ARQ,Size_Long,300,0.01,1,38,32,0.4282,0.47619,5604.86
4644,KB4,ARQ,Size_Long,300,0.01,1,38,51,0.5131,0.374532,4677.45
4645,KB4,ARQ,Size_Long,300,0.01,1,38,29,0.4154,0.497512,5777.56
4646,KB4,ARQ,Size_Long,300,0.01,1,38,39,0.4562,0.4329,5260.85
4647,KB4,ARQ,Size_Long,300,0.01,1,38,67,0.5802,0.31746,4136.5
4648,KB4,ARQ,Size_Long,300,0.01,1,38,34,0.4371,0.462963,5490.73
4649,KB4,ARQ,Size_Long,300,0.01,1,38,28,0.4051,0.505051,5924.46
4650,KB4,ARQ,Size_Long,300,0.01,1,38,39,0.4607,0.4329,5209.46
4651,KB4,ARQ,Size_Long,300,0.01,1,38,40,0.4595,0.42735,5223.07
4652,KB4,ARQ,Size_Long,300,0.01,1,38,38,0.4544,0.438596,5281.69
4653,KB4,ARQ,Size_Long,300,0.01,1,38,40,0.4604,0.42735,5212.86
4654,KB4,ARQ,Size_Long,300,0.01,1,38,33,0.4377,0.469484,5483.21
4655,KB4,ARQ,Size_Long,300,0.01,1,38,36,0.4445,0.45045,5399.33
4656,KB4,ARQ,Size_Long,300,0.01,1,38,17,0.359,0.606061,6685.24
4657,KB4,ARQ,Size_Long,300,0.01,1,38,47,0.4957,0.392157,4841.64
4658,KB4,ARQ,Size_Long,300,0.01,1,38,48,0.4951,0.387597,4847.51
4659,KB4,ARQ,Size_Long,300,0.01,1,38,41,0.469,0.421941,5117.27
4660,KB4,ARQ,Size_Long,300,0.01,1,38,41,0.4696,0.421941,5110.73
4661,KB4,ARQ,Size_Long,300,0.01,1,38,61,0.5536,0.3367,4335.26
4662,KB4,ARQ,Size_Long,300,0.01,1,38,26,0.4048,0.520833,5928.85
4663,KB4,ARQ,Size_Long,300,0.01,1,38,29,0.414,0.497512,5797.1
4664,KB4,ARQ,Size_Long,300,0.01,1,38,15,0.3535,0.628931,6789.25
4665,KB4,ARQ,Size_Long,300,0.01,1,38,33,0.4326,0.469484,5547.85
4666,KB4,ARQ,Size_Long,300,0.01,1,38,40,0.5305,0.42735,4524.03
4667,KB4,ARQ,Size_Long,300,0.01,1,38,43,0.4766,0.411523,5035.67
4668,KB4,ARQ,Size_Long,300,0.01,1,38,37,0.4518,0.444444,5312.08
4669,KB4,ARQ,Size_Long,300,0.01,1,38,45,0.4779,0.401606,5021.97
4670,KB4,ARQ,Size_Long,300,0.01,1,38,47,0.4923,0.392157,4875.08
4671,KB4,ARQ,Size_Long,300,0.01,1,38,54,0.5247,0.362319,4574.04
4672,KB4,ARQ,Size_Long,300,0.01,1,38,29,0.4146,0.497512,5788.71
4673,KB4,ARQ,Size_Long,300,0.01,1,38,40,0.4651,0.42735,5160.18
4674,KB4,ARQ,Size_Long,300,0.01,1,38,30,0.4153,0.490196,5778.95
4675,KB4,ARQ,Size_Long,300,0.01,1,38,40,0.4621,0.42735,5193.68
4676,KB4,ARQ,Size_Long,300,0.01,1,38,40,0.4593,0.42735,5225.34
4677,KB4,ARQ,Size_Long,300,0.01,1,38,25,0.3999,0.529101,6001.5
4678,KB4,ARQ,Size_Long,300,0.01,1,38,36,0.4423,0.45045,5426.18
4679,KB4,ARQ,Size_Long,300,0.01,1,38,36,0.447,0.45045,5369.13
4680,KB4,ARQ,Size_Long,300,0.01,1,38,42,0.4703,0.416667,5103.13
4681,KB4,ARQ,Size_Long,300,0.01,1,38,40,0.463,0.42735,5183.59
4682,KB4,ARQ,Size_Long,300,0.01,1,38,46,0.4937,0.396825,4861.25
4683,KB4,ARQ,Size_Long,300,0.01,1,38,32,0.4292,0.47619,5591.8
4684,KB4,ARQ,Size_Long,300,0.01,1,38,29,0.4181,0.497512,5740.25
4685,KB4,ARQ,Size_Long,300,0.01,1,38,41,0.4693,0.421941,5114
4686,KB4,ARQ,Size_Long,300,0.01,1,38,49,0.5002,0.383142,4798.08
4687,KB4,ARQ,Size_Long,300,0.01,1,38,32,0.4297,0.47619,5585.29
4688,KB4,ARQ,Size_Long,300,0.01,1,38,22,0.3842,0.555556,6246.75
4689,KB4,ARQ,Size_Long,300,0.01,1,38,23,0.3881,0.546448,6183.97
4690,KB4,ARQ,Size_Long,300,0.01,1,38,27,0.4149,0.512821,5784.53
4691,KB4,ARQ,Size_Long,300,0.01,1,38,26,0.4013,0.520833,5980.56
4692,KB4,ARQ,Size_Long,300,0.01,1,38,35,0.4368,0.456621,5494.51
4693,KB4,ARQ,Size_Long,300,0.01,1,38,30,0.4211,0.490196,5699.36
4694,KB4,ARQ,Size_Long,300,0.01,1,38,26,0.3987,0.520833,6019.56
4695,KB4,ARQ,Size_Long,300,0.01,1,38,32,0.4173,0.47619,5751.26
4696,KB4,ARQ,Size_Long,300,0.01,1,38,37,0.4842,0.444444,4956.63
4697,KB4,ARQ,Size_Long,300,0.01,1,38,33,0.4321,0.469484,5554.27
4698,KB4,ARQ,Size_Long,300,0.01,1,38,36,0.4457,0.45045,5384.79
4699,KB4,ARQ,Size_Long,300,0.01,1,38,55,0.5323,0.358423,4508.74
4700,KB4,ARQ,Size_Long,300,0.01,1,38,34,0.434,0.462963,5529.95
4701,KB4,ARQ,Size_Long,300,0.01,1,38,43,0.4737,0.411523,5066.5
4702,KB4,ARQ,Size_Long,300,0.01,1,38,30,0.4204,0.490196,5708.85
4703,KB4,ARQ,Size_Long,300,0.01,1,38,19,0.3762,0.584795,6379.59
4704,KB4,ARQ,Size_Long,300,0.01,1,38,39,0.455,0.4329,5274.73
4705,KB4,ARQ,Size_Long,300,0.01,1,38,39,0.4557,0.4329,5266.62
4706,KB4,ARQ,Size_Long,300,0.01,1,38,54,0.5275,0.362319,4549.76
4707,KB4,ARQ,Size_Long,300,0.01,1,38,30,0.4217,0.490196,5691.25
4708,KB4,ARQ,Size_Long,300,0.01,1,38,27,0.4048,0.512821,5928.85
4709,KB4,ARQ,Size_Long,300,0.01,1,38,33,0.4338,0.469484,5532.5
4710,KB4,ARQ,Size_Long,300,0.01,1,38,49,0.5007,0.383142,4793.29
4711,KB4,ARQ,Size_Long,300,0.01,1,38,24,0.3922,0.537634,6119.33
4712,KB4,ARQ,Size_Long,300,0.01,1,38,45,0.4912,0.401606,4885.99
4713,KB4,ARQ,Size_Long,300,0.01,1,38,37,0.448,0.444444,5357.14
4714,KB4,ARQ,Size_Long,300,0.01,1,38,39,0.4604,0.4329,5212.86
4715,KB4,ARQ,Size_Long,300,0.01,1,38,36,0.4398,0.45045,5457.03
4716,KB4,ARQ,Size_Long,300,0.01,1,38,42,0.4731,0.416667,5072.92
4717,KB4,ARQ,Size_Long,300,0.01,1,38,39,0.4573,0.4329,5248.2
4718,KB4,ARQ,Size_Long,300,0.01,1,38,34,0.4376,0.462963,5484.46
4719,KB4,ARQ,Size_Long,300,0.01,1,38,38,0.454,0.438596,5286.34
4720,KB4,ARQ,Size_Long,300,0.01,1,38,46,0.494,0.396825,4858.3
4721,KB4,ARQ,Size_Long,300,0.01,1,38,41,0.4648,0.421941,5163.51
4722,KB4,ARQ,Size_Long,300,0.01,1,38,40,0.4678,0.42735,5130.4
4723,KB4,ARQ,Size_Long,300,0.01,1,38,35,0.4356,0.456621,5509.64
4724,KB4,ARQ,Size_Long,300,0.01,1,38,44,0.4761,0.406504,5040.96
4725,KB4,ARQ,Size_Long,300,0.01,1,38,64,0.7612,0.326797,3152.92
4726,KB4,ARQ,Size_Long,300,0.01,1,38,44,0.5063,0.406504,4740.27
4727,KB4,ARQ,Size_Long,300,0.01,1,38,49,0.5007,0.383142,4793.29
4728,KB4,ARQ,Size_Long,300,0.01,1,38,31,0.4204,0.483092,5708.85
4729,KB4,ARQ,Size_Long,300,0.01,1,38,41,0.4629,0.421941,5184.71
4730,KB4,ARQ,Size_Long,300,0.01,1,38,34,0.439,0.462963,5466.97
4731,KB4,ARQ,Size_Long,300,0.01,1,38,43,0.4748,0.411523,5054.76
4732,KB4,ARQ,Size_Long,300,0.01,1,38,48,0.4972,0.387597,4827.03
4733,KB4,ARQ,Size_Long,300,0.01,1,38,45,0.4844,0.401606,4954.58
4734,KB4,ARQ,Size_Long,300,0.01,1,38,48,0.4966,0.387597,4832.86
4735,KB4,ARQ,Size_Long,300,0.01,1,38,37,0.4851,0.444444,4947.43
4736,KB4,ARQ,Size_Long,300,0.01,1,38,32,0.4262,0.47619,5631.16
4737,KB4,ARQ,Size_Long,300,0.01,1,38,40,0.4615,0.42735,5200.43
4738,KB4,ARQ,Size_Long,300,0.01,1,38,26,0.4014,0.520833,5979.07
4739,KB4,ARQ,Size_Long,300,0.01,1,38,47,0.4952,0.392157,4846.53
4740,KB4,ARQ,Size_Long,300,0.01,1,38,27,0.4057,0.512821,5915.7
4741,KB4,ARQ,Size_Long,300,0.01,1,38,47,0.4947,0.392157,4851.43
4742,KB4,ARQ,Size_Long,300,0.01,1,38,55,0.5153,0.358423,4657.48
4743,KB4,ARQ,Size_Long,300,0.01,1,38,40,0.4645,0.42735,5166.85
4744,KB4,ARQ,Size_Long,300,0.01,1,38,38,0.4626,0.438596,5188.07
4745,KB4,ARQ,Size_Long,300,0.01,1,38,29,0.4136,0.497512,5802.71
4746,KB4,ARQ,Size_Long,300,0.01,1,38,46,0.4886,0.396825,4911.99
4747,KB4,ARQ,Size_Long,300,0.01,1,38,57,0.5355,0.350877,4481.79
4748,KB4,ARQ,Size_Long,300,0.01,1,38,35,0.4404,0.456621,5449.59
4749,KB4,ARQ,Size_Long,300,0.01,1,38,42,0.4713,0.416667,5092.3
4750,KB4,ARQ,Size_Long,300,0.01,1,38,32,0.4317,0.47619,5559.42
4751,KB4,ARQ,Size_Long,300,0.01,1,38,44,0.4775,0.406504,5026.18
4752,KB4,ARQ,Size_Long,300,0.01,1,38,42,0.4722,0.416667,5082.59
4753,KB4,ARQ,Size_Long,300,0.01,1,38,31,0.459,0.483092,5228.76
4754,KB4,ARQ,Size_Long,300,0.01,1,38,29,0.415,0.497512,5783.13
4755,KB4,ARQ,Size_Long,300,0.01,1,38,31,0.4226,0.483092,5679.13
4756,KB4,ARQ,Size_Long,300,0.01,1,38,27,0.4052,0.512821,5923
4757,KB4,ARQ,Size_Long,300,0.01,1,38,27,0.4058,0.512821,5914.24
4758,KB4,ARQ,Size_Long,300,0.01,1,38,37,0.449,0.444444,5345.21
4759,KB4,ARQ,Size_Long,300,0.01,1,38,46,0.4904,0.396825,4893.96
4760,KB4,ARQ,Size_Long,300,0.01,1,38,25,0.3959,0.529101,6062.14
4761,KB4,ARQ,Size_Long,300,0.01,1,38,37,0.4515,0.444444,5315.61
4762,KB4,ARQ,Size_Long,300,0.01,1,38,43,0.477,0.411523,5031.45
4763,KB4,ARQ,Size_Long,300,0.01,1,38,46,0.4876,0.396825,4922.07
4764,KB4,ARQ,Size_Long,300,0.01,1,38,40,0.4575,0.42735,5245.9
4765,KB4,ARQ,Size_Long,300,0.01,1,38,48,0.4952,0.387597,4846.53
4766,KB4,ARQ,Size_Long,300,0.01,1,38,42,0.4721,0.416667,5083.67
4767,KB4,ARQ,Size_Long,300,0.01,1,38,24,0.3934,0.537634,6100.66
4768,KB4,ARQ,Size_Long,300,0.01,1,38,66,0.5739,0.320513,4181.91
4769,KB4,ARQ,Size_Long,300,0.01,1,38,39,0.4574,0.4329,5247.05
4770,KB4,ARQ,Size_Long,300,0.01,1,38,26,0.404,0.520833,5940.59
4771,KB4,ARQ,Size_Long,300,0.01,1,38,50,0.5049,0.378788,4753.42
4772,KB4,ARQ,Size_Long,300,0.01,1,38,43,0.476,0.411523,5042.02
4773,KB4,ARQ,Size_Long,300,0.01,1,38,25,0.3965,0.529101,6052.96
4774,KB4,ARQ,Size_Long,300,0.01,1,38,39,0.455,0.4329,5274.73
4775,KB4,ARQ,Size_Long,300,0.01,1,38,40,0.4993,0.42735,4806.73
4776,KB4,ARQ,Size_Long,300,0.01,1,38,36,0.4306,0.45045,5573.62
4777,KB4,ARQ,Size_Long,300,0.01,1,38,28,0.4033,0.505051,5950.91
4778,KB4,ARQ,Size_Long,300,0.01,1,38,50,0.4977,0.378788,4822.18
4779,KB4,ARQ,Size_Long,300,0.01,1,38,49,0.4893,0.383142,4904.97
4780,KB4,ARQ,Size_Long,300,0.01,1,38,29,0.4063,0.497512,5906.97
4781,KB4,ARQ,Size_Long,300,0.01,1,38,63,0.5546,0.330033,4327.44
4782,KB4,ARQ,Size_Long,300,0.01,1,38,31,0.4131,0.483092,5809.73
4783,KB4,ARQ,Size_Long,300,0.01,1,38,56,0.5219,0.35461,4598.58
4784,KB4,ARQ,Size_Long,300,0.01,1,38,41,0.4581,0.421941,5239.03
4785,KB4,ARQ,Size_Long,300,0.01,1,38,26,0.3937,0.520833,6096.01
4786,KB4,ARQ,Size_Long,300,0.01,1,38,31,0.4141,0.483092,5795.7
4787,KB4,ARQ,Size_Long,300,0.01,1,38,36,0.4306,0.45045,5573.62
4788,KB4,ARQ,Size_Long,300,0.01,1,38,35,0.4294,0.456621,5589.19
4789,KB4,ARQ,Size_Long,300,0.01,1,38,29,0.4026,0.497512,5961.25
4790,KB4,ARQ,Size_Long,300,0.01,1,38,42,0.49,0.416667,4897.96
4791,KB4,ARQ,Size_Long,300,0.01,1,38,44,0.4641,0.406504,5171.3
4792,KB4,ARQ,Size_Long,300,0.01,1,38,29,0.4044,0.497512,5934.72
4793,KB4,ARQ,Size_Long,300,0.01,1,38,45,0.475,0.401606,5052.63
4794,KB4,ARQ,Size_Long,300,0.01,1,38,42,0.4934,0.416667,4864.21
4795,KB4,ARQ,Size_Long,300,0.01,1,38,35,0.4287,0.456621,5598.32
4796,KB4,ARQ,Size_Long,300,0.01,1,38,60,0.5316,0.340136,4514.67
4797,KB4,ARQ,Size_Long,300,0.01,1,38,45,0.4773,0.401606,5028.28
4798,KB4,ARQ,Size_Long,300,0.01,1,38,29,0.4024,0.497512,5964.21
4799,KB4,ARQ,Size_Long,300,0.01,1,38,39,0.4498,0.4329,5335.7
4800,KB4,ARQ,Size_Long,300,0.01,1,38,42,0.4604,0.416667,5212.86
4801,KB4,ARQ,Size_Long,300,0.01,1,38,34,0.4295,0.462963,5587.89
4802,KB4,ARQ,Size_Long,300,0.01,1,38,34,0.4259,0.462963,5635.13
4803,KB4,ARQ,Size_Long,300,0.01,1,38,36,0.4351,0.45045,5515.97
4804,KB4,ARQ,Size_Long,300,0.01,1,38,24,0.3881,0.537634,6183.97
4805,KB4,ARQ,Size_Long,300,0.01,1,38,44,0.4685,0.406504,5122.73
4806,KB4,ARQ,Size_Long,300,0.01,1,38,54,0.5113,0.362319,4693.92
4807,KB4,ARQ,Size_Long,300,0.01,1,38,28,0.4026,0.505051,5961.25
4808,KB4,ARQ,Size_Long,300,0.01,1,38,40,0.4474,0.42735,5364.33
4809,KB4,ARQ,Size_Long,300,0.01,1,38,26,0.3927,0.520833,6111.54
4810,KB4,ARQ,Size_Long,300,0.01,1,38,40,0.451,0.42735,5321.51
4811,KB4,ARQ,Size_Long,300,0.01,1,38,38,0.4436,0.438596,5410.28
4812,KB4,ARQ,Size_Long,300,0.01,1,38,50,0.6639,0.378788,3615
4813,KB4,ARQ,Size_Long,300,0.01,1,38,54,0.5115,0.362319,4692.08
4814,KB4,ARQ,Size_Long,300,0.01,1,38,41,0.4561,0.421941,5262
4815,KB4,ARQ,Size_Long,300,0.01,1,38,48,0.4864,0.387597,4934.21
4816,KB4,ARQ,Size_Long,300,0.01,1,38,51,0.5023,0.374532,4778.02
4817,KB4,ARQ,Size_Long,300,0.01,1,38,31,0.4121,0.483092,5823.83
4818,KB4,ARQ,Size_Long,300,0.01,1,38,33,0.4222,0.469484,5684.51
4819,KB4,ARQ,Size_Long,300,0.01,1,38,35,0.4319,0.456621,5556.84
4820,KB4,ARQ,Size_Long,300,0.01,1,38,35,0.4316,0.456621,5560.7
4821,KB4,ARQ,Size_Long,300,0.01,1,38,61,0.5408,0.3367,4437.87
4822,KB4,ARQ,Size_Long,300,0.01,1,38,38,0.444,0.438596,5405.41
4823,KB4,ARQ,Size_Long,300,0.01,1,38,31,0.4153,0.483092,5778.95
4824,KB4,ARQ,Size_Long,300,0.01,1,38,33,0.4266,0.469484,5625.88
4825,KB4,ARQ,Size_Long,300,0.01,1,38,41,0.4613,0.421941,5202.69
4826,KB4,ARQ,Size_Long,300,0.01,1,38,45,0.4754,0.401606,5048.38
4827,KB4,ARQ,Size_Long,300,0.01,1,38,37,0.4408,0.444444,5444.65
4828,KB4,ARQ,Size_Long,300,0.01,1,38,29,0.4126,0.497512,5816.77
4829,KB4,ARQ,Size_Long,300,0.01,1,38,49,0.4894,0.383142,4903.96
4830,KB4,ARQ,Size_Long,300,0.01,1,38,33,0.451,0.469484,5321.51
4831,KB4,ARQ,Size_Long,300,0.01,1,38,28,0.4004,0.505051,5994.01
4832,KB4,ARQ,Size_Long,300,0.01,1,38,44,0.4774,0.406504,5027.23
4833,KB4,ARQ,Size_Long,300,0.01,1,38,25,0.3838,0.529101,6253.26
4834,KB4,ARQ,Size_Long,300,0.01,1,38,42,0.461,0.416667,5206.07
4835,KB4,ARQ,Size_Long,300,0.01,1,38,30,0.406,0.490196,5911.33
4836,KB4,ARQ,Size_Long,300,0.01,1,38,54,0.5165,0.362319,4646.66
4837,KB4,ARQ,Size_Long,300,0.01,1,38,36,0.4298,0.45045,5583.99
4838,KB4,ARQ,Size_Long,300,0.01,1,38,34,0.429,0.462963,5594.41
4839,KB4,ARQ,Size_Long,300,0.01,1,38,52,0.5092,0.37037,4713.28
4840,KB4,ARQ,Size_Long,300,0.01,1,38,23,0.3758,0.546448,6386.38
4841,KB4,ARQ,Size_Long,300,0.01,1,38,35,0.436,0.456621,5504.59
4842,KB4,ARQ,Size_Long,300,0.01,1,38,25,0.4498,0.529101,5335.7
4843,KB4,ARQ,Size_Long,300,0.01,1,38,31,0.4124,0.483092,5819.59
4844,KB4,ARQ,Size_Long,300,0.01,1,38,25,0.3904,0.529101,6147.54
4845,KB4,ARQ,Size_Long,300,0.01,1,38,35,0.4601,0.456621,5216.26
4846,KB4,ARQ,Size_Long,300,0.01,1,38,46,0.4749,0.396825,5053.7
4847,KB4,ARQ,Size_Long,300,0.01,1,38,41,0.4562,0.421941,5260.85
4848,KB4,ARQ,Size_Long,300,0.01,1,38,35,0.4326,0.456621,5547.85
4849,KB4,ARQ,Size_Long,300,0.01,1,38,48,0.5162,0.387597,4649.36
4850,KB4,ARQ,Size_Long,300,0.01,1,38,31,0.4122,0.483092,5822.42
4851,KB4,ARQ,Size_Long,300,0.01,1,38,40,0.4511,0.42735,5320.33
4852,KB4,ARQ,Size_Long,300,0.01,1,38,45,0.4758,0.401606,5044.14
4853,KB4,ARQ,Size_Long,300,0.01,1,38,38,0.443,0.438596,5417.61
4854,KB4,ARQ,Size_Long,300,0.01,1,38,33,0.433,0.469484,5542.73
4855,KB4,ARQ,Size_Long,300,0.01,1,38,47,0.4791,0.392157,5009.39
4856,KB4,ARQ,Size_Long,300,0.01,1,38,35,0.4275,0.456621,5614.04
4857,KB4,ARQ,Size_Long,300,0.01,1,38,35,0.4279,0.456621,5608.79
4858,KB4,ARQ,Size_Long,300,0.01,1,38,32,0.4209,0.47619,5702.07
4859,KB4,ARQ,Size_Long,300,0.01,1,38,36,0.4333,0.45045,5538.89
4860,KB4,ARQ,Size_Long,300,0.01,1,38,41,0.4587,0.421941,5232.18
4861,KB4,ARQ,Size_Long,300,0.01,1,38,34,0.4259,0.462963,5635.13
4862,KB4,ARQ,Size_Long,300,0.01,1,38,28,0.4028,0.505051,5958.29
4863,KB4,ARQ,Size_Long,300,0.01,1,38,57,0.5233,0.350877,4586.28
4864,KB4,ARQ,Size_Long,300,0.01,1,38,36,0.4634,0.45045,5179.11
4865,KB4,ARQ,Size_Long,300,0.01,1,38,36,0.4334,0.45045,5537.61
4866,KB4,ARQ,Size_Long,300,0.01,1,38,33,0.4274,0.469484,5615.35
4867,KB4,ARQ,Size_Long,300,0.01,1,38,58,0.5555,0.347222,4320.43
4868,KB4,ARQ,Size_Long,300,0.01,1,38,45,0.4662,0.401606,5148.01
4869,KB4,ARQ,Size_Long,300,0.01,1,38,38,0.4479,0.438596,5358.34
4870,KB4,ARQ,Size_Long,300,0.01,1,38,35,0.423,0.456621,5673.76
4871,KB4,ARQ,Size_Long,300,0.01,1,38,44,0.5623,0.406504,4268.18
4872,KB4,ARQ,Size_Long,300,0.01,1,38,36,0.433,0.45045,5542.73
4873,KB4,ARQ,Size_Long,300,0.01,1,38,33,0.4206,0.469484,5706.13
4874,KB4,ARQ,Size_Long,300,0.01,1,38,38,0.4443,0.438596,5401.76
4875,KB4,ARQ,Size_Long,300,0.01,1,38,37,0.4402,0.444444,5452.07
4876,KB4,ARQ,Size_Long,300,0.01,1,38,45,0.4764,0.401606,5037.78
4877,KB4,ARQ,Size_Long,300,0.01,1,38,27,0.3923,0.512821,6117.77
4878,KB4,ARQ,Size_Long,300,0.01,1,38,47,0.486,0.392157,4938.27
4879,KB4,ARQ,Size_Long,300,0.01,1,38,39,0.4461,0.4329,5379.96
4880,KB4,ARQ,Size_Long,300,0.01,1,38,43,0.4629,0.411523,5184.71
4881,KB4,ARQ,Size_Long,300,0.01,1,38,53,0.5075,0.3663,4729.06
4882,KB4,ARQ,Size_Long,300,0.01,1,38,41,0.4897,0.421941,4900.96
4883,KB4,ARQ,Size_Long,300,0.01,1,38,41,0.456,0.421941,5263.16
4884,KB4,ARQ,Size_Long,300,0.01,1,38,36,0.4337,0.45045,5533.78
4885,KB4,ARQ,Size_Long,300,0.01,1,38,47,0.4816,0.392157,4983.39
4886,KB4,ARQ,Size_Long,300,0.01,1,38,41,0.4583,0.421941,5236.74
4887,KB4,ARQ,Size_Long,300,0.01,1,38,38,0.4444,0.438596,5400.54
4888,KB4,ARQ,Size_Long,300,0.01,1,38,39,0.4444,0.4329,5400.54
4889,KB4,ARQ,Size_Long,300,0.01,1,38,42,0.465,0.416667,5161.29
4890,KB4,ARQ,Size_Long,300,0.01,1,38,32,0.4206,0.47619,5706.13
4891,KB4,ARQ,Size_Long,300,0.01,1,38,25,0.3911,0.529101,6136.54
4892,KB4,ARQ,Size_Long,300,0.01,1,38,48,0.482,0.387597,4979.25
4893,KB4,ARQ,Size_Long,300,0.01,1,38,57,0.5203,0.350877,4612.72
4894,KB4,ARQ,Size_Long,300,0.01,1,38,41,0.4585,0.421941,5234.46
4895,KB4,ARQ,Size_Long,300,0.01,1,38,48,0.4837,0.387597,4961.75
4896,KB4,ARQ,Size_Long,300,0.01,1,38,42,0.4635,0.416667,5177.99
4897,KB4,ARQ,Size_Long,300,0.01,1,38,27,0.3956,0.512821,6066.73
4898,KB4,ARQ,Size_Long,300,0.01,1,38,25,0.3879,0.529101,6187.16
4899,KB4,ARQ,Size_Long,300,0.01,1,38,51,0.5026,0.374532,4775.17
4900,KB4,ARQ,Size_Long,300,0.01,1,38,42,0.5294,0.416667,4533.43
4901,KB4,ARQ,Size_Long,300,0.01,1,38,41,0.4564,0.421941,5258.55
4902,KB4,ARQ,Size_Long,300,0.01,1,38,37,0.4437,0.444444,5409.06
4903,KB4,ARQ,Size_Long,300,0.01,1,38,31,0.4112,0.483092,5836.58
4904,KB4,ARQ,Size_Long,300,0.01,1,38,20,0.4004,0.574713,5994.01
4905,KB4,ARQ,Size_Long,300,0.01,1,38,43,0.4632,0.411523,5181.35
4906,KB4,ARQ,Size_Long,300,0.01,1,38,36,0.4339,0.45045,5531.23
4907,KB4,ARQ,Size_Long,300,0.01,1,38,45,0.4737,0.401606,5066.5
4908,KB4,ARQ,Size_Long,300,0.01,1,38,33,0.4215,0.469484,5693.95
4909,KB4,ARQ,Size_Long,300,0.01,1,38,31,0.4138,0.483092,5799.9
4910,KB4,ARQ,Size_Long,300,0.01,1,38,37,0.4398,0.444444,5457.03
4911,KB4,ARQ,Size_Long,300,0.01,1,38,46,0.4772,0.396825,5029.34
4912,KB4,ARQ,Size_Long,300,0.01,1,38,37,0.4313,0.444444,5564.57
4913,KB4,ARQ,Size_Long,300,0.01,1,38,42,0.4647,0.416667,5164.62
4914,KB4,ARQ,Size_Long,300,0.01,1,38,50,0.4974,0.378788,4825.09
4915,KB4,ARQ,Size_Long,300,0.01,1,38,22,0.3763,0.555556,6377.89
4916,KB4,ARQ,Size_Long,300,0.01,1,38,50,0.4957,0.378788,4841.64
4917,KB4,ARQ,Size_Long,300,0.01,1,38,31,0.4164,0.483092,5763.69
4918,KB4,ARQ,Size_Long,300,0.01,1,38,40,0.4481,0.42735,5355.95
4919,KB4,ARQ,Size_Long,300,0.01,1,38,63,0.5798,0.330033,4139.36
4920,KB4,ARQ,Size_Long,300,0.01,1,38,39,0.4511,0.4329,5320.33
4921,KB4,ARQ,Size_Long,300,0.01,1,38,31,0.4105,0.483092,5846.53
4922,KB4,ARQ,Size_Long,300,0.01,1,38,29,0.4241,0.497512,5659.04
4923,KB4,ARQ,Size_Long,300,0.01,1,38,42,0.461,0.416667,5206.07
4924,KB4,ARQ,Size_Long,300,0.01,1,38,45,0.4769,0.401606,5032.5
4925,KB4,ARQ,Size_Long,300,0.01,1,38,26,0.3916,0.520833,6128.7
4926,KB4,ARQ,Size_Long,300,0.01,1,38,37,0.4406,0.444444,5447.12
4927,KB4,ARQ,Size_Long,300,0.01,1,38,48,0.4882,0.387597,4916.02
4928,KB4,ARQ,Size_Long,300,0.01,1,38,43,0.4629,0.411523,5184.71
4929,KB4,ARQ,Size_Long,300,0.01,1,38,43,0.4651,0.411523,5160.18
4930,KB4,ARQ,Size_Long,300,0.01,1,38,52,0.5692,0.37037,4216.44
4931,KB4,ARQ,Size_Long,300,0.01,1,38,53,0.5046,0.3663,4756.24
4932,KB4,ARQ,Size_Long,300,0.01,1,38,35,0.4308,0.456621,5571.03
4933,KB4,ARQ,Size_Long,300,0.01,1,38,48,0.4876,0.387597,4922.07
4934,KB4,ARQ,Size_Long,300,0.01,1,38,29,0.4052,0.497512,5923
4935,KB4,ARQ,Size_Long,300,0.01,1,38,24,0.3879,0.537634,6187.16
4936,KB4,ARQ,Size_Long,300,0.01,1,38,56,0.5187,0.35461,4626.95
4937,KB4,ARQ,Size_Long,300,0.01,1,38,43,0.4929,0.411523,4869.14
4938,KB4,ARQ,Size_Long,300,0.01,1,38,35,0.4291,0.456621,5593.1
4939,KB4,ARQ,Size_Long,300,0.01,1,38,42,0.4622,0.416667,5192.56
4940,KB4,ARQ,Size_Long,300,0.01,1,38,49,0.5074,0.383142,4730
4941,KB4,ARQ,Size_Long,300,0.01,1,38,39,0.4441,0.4329,5404.19
4942,KB4,ARQ,Size_Long,300,0.01,1,38,48,0.4873,0.387597,4925.1
4943,KB4,ARQ,Size_Long,300,0.01,1,38,49,0.4861,0.383142,4937.26
4944,KB4,ARQ,Size_Long,300,0.01,1,38,53,0.5141,0.3663,4668.35
4945,KB4,ARQ,Size_Long,300,0.01,1,38,43,0.4626,0.411523,5188.07
4946,KB4,ARQ,Size_Long,300,0.01,1,38,45,0.4786,0.401606,5014.63
4947,KB4,ARQ,Size_Long,300,0.01,1,38,18,0.3599,0.595238,6668.52
4948,KB4,ARQ,Size_Long,300,0.01,1,38,30,0.4091,0.490196,5866.54
4949,KB4,ARQ,Size_Long,300,0.01,1,38,28,0.4015,0.505051,5977.58
4950,KB4,ARQ,Size_Long,300,0.01,1,38,28,0.4067,0.505051,5901.16
4951,KB4,ARQ,Size_Long,300,0.01,1,38,30,0.4092,0.490196,5865.1
4952,KB4,ARQ,Size_Long,300,0.01,1,38,39,0.45,0.4329,5333.33
4953,KB4,ARQ,Size_Long,300,0.01,1,38,37,0.4405,0.444444,5448.35
4954,KB4,ARQ,Size_Long,300,0.01,1,38,51,0.5003,0.374532,4797.12
4955,KB4,ARQ,Size_Long,300,0.01,1,38,57,0.553,0.350877,4339.96
4956,KB4,ARQ,Size_Long,300,0.01,1,38,44,0.4689,0.406504,5118.36
4957,KB4,ARQ,Size_Long,300,0.01,1,38,52,0.5037,0.37037,4764.74
4958,KB4,ARQ,Size_Long,300,0.01,1,38,33,0.4271,0.469484,5619.29
4959,KB4,ARQ,Size_Long,300,0.01,1,38,37,0.5352,0.444444,4484.3
4960,KB4,ARQ,Size_Long,300,0.01,1,38,39,0.4529,0.4329,5299.18
4961,KB4,ARQ,Size_Long,300,0.01,1,38,54,0.5138,0.362319,4671.08
4962,KB4,ARQ,Size_Long,300,0.01,1,38,33,0.4258,0.469484,5636.45
4963,KB4,ARQ,Size_Long,300,0.01,1,38,39,0.4473,0.4329,5365.53
4964,KB4,ARQ,Size_Long,300,0.01,1,38,41,0.46,0.421941,5217.39
4965,KB4,ARQ,Size_Long,300,0.01,1,38,44,0.4678,0.406504,5130.4
4966,KB4,ARQ,Size_Long,300,0.01,1,38,42,0.4676,0.416667,5132.59
4967,KB4,ARQ,Size_Long,300,0.01,1,38,27,0.3969,0.512821,6046.86
4968,KB4,ARQ,Size_Long,300,0.01,1,38,40,0.4527,0.42735,5301.52
4969,KB4,ARQ,Size_Long,300,0.01,1,38,44,0.465,0.406504,5161.29
4970,KB4,ARQ,Size_Long,300,0.01,1,38,36,0.434,0.45045,5529.95
4971,KB4,ARQ,Size_Long,300,0.01,1,38,23,0.3812,0.546448,6295.91
4972,KB4,ARQ,Size_Long,300,0.01,1,38,61,0.5388,0.3367,4454.34
4973,KB4,ARQ,Size_Long,300,0.01,1,38,37,0.4748,0.444444,5054.76
4974,KB4,ARQ,Size_Long,300,0.01,1,38,24,0.3877,0.537634,6190.35
4975,KB4,ARQ,Size_Long,300,0.01,1,38,45,0.4815,0.401606,4984.42
4976,KB4,ARQ,Size_Long,300,0.01,1,38,40,0.451,0.42735,5321.51
4977,KB4,ARQ,Size_Long,300,0.01,1,38,31,0.4472,0.483092,5366.73
4978,KB4,ARQ,Size_Long,300,0.01,1,38,48,0.4866,0.387597,4932.18
4979,KB4,ARQ,Size_Long,300,0.01,1,38,34,0.4238,0.462963,5663.05
4980,KB4,ARQ,Size_Long,300,0.01,1,38,38,0.4422,0.438596,5427.41
4981,KB4,ARQ,Size_Long,300,0.01,1,38,39,0.449,0.4329,5345.21
4982,KB4,ARQ,Size_Long,300,0.01,1,38,39,0.4476,0.4329,5361.93
4983,KB4,ARQ,Size_Long,300,0.01,1,38,41,0.4606,0.421941,5210.59
4984,KB4,ARQ,Size_Long,300,0.01,1,38,34,0.4287,0.462963,5598.32
4985,KB4,ARQ,Size_Long,300,0.01,1,38,42,0.4618,0.416667,5197.06
4986,KB4,ARQ,Size_Long,300,0.01,1,38,42,0.4615,0.416667,5200.43
4987,KB4,ARQ,Size_Long,300,0.01,1,38,34,0.4249,0.462963,5648.39
4988,KB4,ARQ,Size_Long,300,0.01,1,38,48,0.5719,0.387597,4196.54
4989,KB4,ARQ,Size_Long,300,0.01,1,38,36,0.4357,0.45045,5508.38
4990,KB4,ARQ,Size_Long,300,0.01,1,38,37,0.444,0.444444,5405.41
4991,KB4,ARQ,Size_Long,300,0.01,1,38,43,0.4619,0.411523,5195.93
4992,KB4,ARQ,Size_Long,300,0.01,1,38,39,0.4771,0.4329,5030.39
4993,KB4,ARQ,Size_Long,300,0.01,1,38,43,0.4655,0.411523,5155.75
4994,KB4,ARQ,Size_Long,300,0.01,1,38,42,0.4637,0.416667,5175.76
4995,KB4,ARQ,Size_Long,300,0.01,1,38,47,0.5157,0.392157,4653.87
4996,KB4,ARQ,Size_Long,300,0.01,1,38,38,0.4434,0.438596,5412.72
4997,KB4,ARQ,Size_Long,300,0.01,1,38,27,0.3959,0.512821,6062.14
4998,KB4,ARQ,Size_Long,300,0.01,1,38,41,0.4515,0.421941,5315.61
4999,KB4,ARQ,Size_Long,300,0.01,1,38,30,0.4126,0.490196,5816.77
5000,KB4,ARQ,Size_Long,300,0.01,1,38,41,0.4588,0.421941,5231.04
5001,KB4,HARQ,Size_Long,300,0.01,1,38,0,2.5995,0.877193,923.254
5002,KB4,HARQ,Size_Long,300,0.01,1,38,0,2.6336,0.877193,911.3
5003,KB4,HARQ,Size_Long,300,0.01,1,38,1,2.6823,0.854701,894.755
5004,KB4,HARQ,Size_Long,300,0.01,1,38,0,2.6784,0.877193,896.057
5005,KB4,HARQ,Size_Long,300,0.01,1,38,0,2.6201,0.877193,915.996
5006,KB4,HARQ,Size_Long,300,0.01,1,38,0,2.6227,0.877193,915.088
5007,KB4,HARQ,Size_Long,300,0.01,1,38,0,2.6174,0.877193,916.94
5008,KB4,HARQ,Size_Long,300,0.01,1,38,2,2.7149,0.833333,884.01
5009,KB4,HARQ,Size_Long,300,0.01,1,38,0,2.5916,0.877193,926.069
5010,KB4,HARQ,Size_Long,300,0.01,1,38,1,2.7558,0.854701,870.89
5011,KB4,HARQ,Size_Long,300,0.01,1,38,0,2.6142,0.877193,918.063
5012,KB4,HARQ,Size_Long,300,0.01,1,38,0,2.5916,0.877193,926.069
5013,KB4,HARQ,Size_Long,300,0.01,1,38,0,2.6227,0.877193,915.088
5014,KB4,HARQ,Size_Long,300,0.01,1,38,0,2.6172,0.877193,917.011
5015,KB4,HARQ,Size_Long,300,0.01,1,38,0,2.6146,0.877193,917.922
5016,KB4,HARQ,Size_Long,300,0.01,1,38,0,2.6592,0.877193,902.527
5017,KB4,HARQ,Size_Long,300,0.01,1,38,2,2.7544,0.833333,871.333
5018,KB4,HARQ,Size_Long,300,0.01,1,38,0,2.619,0.877193,916.38
5019,KB4,HARQ,Size_Long,300,0.01,1,38,0,2.6118,0.877193,918.907
5020,KB4,HARQ,Size_Long,300,0.01,1,38,1,2.6581,0.854701,902.901
5021,KB4,HARQ,Size_Long,300,0.01,1,38,0,2.8458,0.877193,843.348
5022,KB4,HARQ,Size_Long,300,0.01,1,38,0,2.6267,0.877193,913.694
5023,KB4,HARQ,Size_Long,300,0.01,1,38,0,2.6099,0.877193,919.575
5024,KB4,HARQ,Size_Long,300,0.01,1,38,1,2.7068,0.854701,886.656
5025,KB4,HARQ,Size_Long,300,0.01,1,38,0,2.6472,0.877193,906.618
5026,KB4,HARQ,Size_Long,300,0.01,1,38,0,2.6195,0.877193,916.205
5027,KB4,HARQ,Size_Long,300,0.01,1,38,0,2.7014,0.877193,888.428
5028,KB4,HARQ,Size_Long,300,0.01,1,38,0,2.6502,0.877193,905.592
5029,KB4,HARQ,Size_Long,300,0.01,1,38,0,2.6148,0.877193,917.852
5030,KB4,HARQ,Size_Long,300,0.01,1,38,0,2.6213,0.877193,915.576
5031,KB4,HARQ,Size_Long,300,0.01,1,38,2,2.7643,0.833333,868.213
5032,KB4,HARQ,Size_Long,300,0.01,1,38,1,2.7046,0.854701,887.377
5033,KB4,HARQ,Size_Long,300,0.01,1,38,0,2.7351,0.877193,877.482
5034,KB4,HARQ,Size_Long,300,0.01,1,38,1,2.6759,0.854701,896.895
5035,KB4,HARQ,Size_Long,300,0.01,1,38,0,2.6443,0.877193,907.613
5036,KB4,HARQ,Size_Long,300,0.01,1,38,0,2.6438,0.877193,907.784
5037,KB4,HARQ,Size_Long,300,0.01,1,38,0,2.616,0.877193,917.431
5038,KB4,HARQ,Size_Long,300,0.01,1,38,0,2.6088,0.877193,919.963
5039,KB4,HARQ,Size_Long,300,0.01,1,38,1,2.7831,0.854701,862.348
5040,KB4,HARQ,Size_Long,300,0.01,1,38,2,2.7442,0.833333,874.572
5041,KB4,HARQ,Size_Long,300,0.01,1,38,0,2.6112,0.877193,919.118
5042,KB4,HARQ,Size_Long,300,0.01,1,38,2,2.7679,0.833333,867.083
5043,KB4,HARQ,Size_Long,300,0.01,1,38,0,2.647,0.877193,906.687
5044,KB4,HARQ,Size_Long,300,0.01,1,38,0,2.697,0.877193,889.878
5045,KB4,HARQ,Size_Long,300,0.01,1,38,1,2.7017,0.854701,888.33
5046,KB4,HARQ,Size_Long,300,0.01,1,38,0,2.6714,0.877193,898.405
5047,KB4,HARQ,Size_Long,300,0.01,1,38,1,2.6789,0.854701,895.89
5048,KB4,HARQ,Size_Long,300,0.01,1,38,0,2.6267,0.877193,913.694
5049,KB4,HARQ,Size_Long,300,0.01,1,38,0,2.6413,0.877193,908.643
5050,KB4,HARQ,Size_Long,300,0.01,1,38,1,2.755,0.854701,871.143
5051,KB4,HARQ,Size_Long,300,0.01,1,38,1,2.6726,0.854701,898.002
5052,KB4,HARQ,Size_Long,300,0.01,1,38,0,2.6167,0.877193,917.186
5053,KB4,HARQ,Size_Long,300,0.01,1,38,0,2.6399,0.877193,909.125
5054,KB4,HARQ,Size_Long,300,0.01,1,38,0,2.6451,0.877193,907.338
5055,KB4,HARQ,Size_Long,300,0.01,1,38,1,2.6797,0.854701,895.623
5056,KB4,HARQ,Size_Long,300,0.01,1,38,0,2.6818,0.877193,894.921
5057,KB4,HARQ,Size_Long,300,0.01,1,38,0,2.6471,0.877193,906.653
5058,KB4,HARQ,Size_Long,300,0.01,1,38,3,2.8017,0.813008,856.623
5059,KB4,HARQ,Size_Long,300,0.01,1,38,0,2.6236,0.877193,914.774
5060,KB4,HARQ,Size_Long,300,0.01,1,38,0,2.6507,0.877193,905.421
5061,KB4,HARQ,Size_Long,300,0.01,1,38,0,2.6403,0.877193,908.988
5062,KB4,HARQ,Size_Long,300,0.01,1,38,0,2.7128,0.877193,884.695
5063,KB4,HARQ,Size_Long,300,0.01,1,38,0,2.6212,0.877193,915.611
5064,KB4,HARQ,Size_Long,300,0.01,1,38,0,2.6792,0.877193,895.79
5065,KB4,HARQ,Size_Long,300,0.01,1,38,0,2.6224,0.877193,915.192
5066,KB4,HARQ,Size_Long,300,0.01,1,38,3,2.8048,0.813008,855.676
5067,KB4,HARQ,Size_Long,300,0.01,1,38,1,2.7609,0.854701,869.282
5068,KB4,HARQ,Size_Long,300,0.01,1,38,1,2.712,0.854701,884.956
5069,KB4,HARQ,Size_Long,300,0.01,1,38,0,2.6288,0.877193,912.964
5070,KB4,HARQ,Size_Long,300,0.01,1,38,0,2.6173,0.877193,916.976
5071,KB4,HARQ,Size_Long,300,0.01,1,38,0,2.6462,0.877193,906.961
5072,KB4,HARQ,Size_Long,300,0.01,1,38,0,2.6485,0.877193,906.173
5073,KB4,HARQ,Size_Long,300,0.01,1,38,0,2.7322,0.877193,878.413
5074,KB4,HARQ,Size_Long,300,0.01,1,38,2,2.7806,0.833333,863.123
5075,KB4,HARQ,Size_Long,300,0.01,1,38,1,2.7123,0.854701,884.858
5076,KB4,HARQ,Size_Long,300,0.01,1,38,0,2.6228,0.877193,915.053
5077,KB4,HARQ,Size_Long,300,0.01,1,38,1,2.683,0.854701,894.521
5078,KB4,HARQ,Size_Long,300,0.01,1,38,2,2.7765,0.833333,864.398
5079,KB4,HARQ,Size_Long,300,0.01,1,38,0,2.7362,0.877193,877.129
5080,KB4,HARQ,Size_Long,300,0.01,1,38,2,2.7536,0.833333,871.586
5081,KB4,HARQ,Size_Long,300,0.01,1,38,0,2.6407,0.877193,908.85
5082,KB4,HARQ,Size_Long,300,0.01,1,38,0,2.6526,0.877193,904.773
5083,KB4,HARQ,Size_Long,300,0.01,1,38,0,2.6118,0.877193,918.907
5084,KB4,HARQ,Size_Long,300,0.01,1,38,0,2.7046,0.877193,887.377
5085,KB4,HARQ,Size_Long,300,0.01,1,38,5,2.9575,0.775194,811.496
5086,KB4,HARQ,Size_Long,300,0.01,1,38,0,2.6556,0.877193,903.751
5087,KB4,HARQ,Size_Long,300,0.01,1,38,1,2.6739,0.854701,897.565
5088,KB4,HARQ,Size_Long,300,0.01,1,38,1,2.6895,0.854701,892.359
5089,KB4,HARQ,Size_Long,300,0.01,1,38,1,2.7415,0.854701,875.433
5090,KB4,HARQ,Size_Long,300,0.01,1,38,0,3.1991,0.877193,750.211
5091,KB4,HARQ,Size_Long,300,0.01,1,38,0,2.6189,0.877193,916.415
5092,KB4,HARQ,Size_Long,300,0.01,1,38,1,2.7142,0.854701,884.238
5093,KB4,HARQ,Size_Long,300,0.01,1,38,1,2.7088,0.854701,886.001
5094,KB4,HARQ,Size_Long,300,0.01,1,38,0,2.6164,0.877193,917.291
5095,KB4,HARQ,Size_Long,300,0.01,1,38,0,2.6948,0.877193,890.604
5096,KB4,HARQ,Size_Long,300,0.01,1,38,0,2.8417,0.877193,844.565
5097,KB4,HARQ,Size_Long,300,0.01,1,38,0,2.6159,0.877193,917.466
5098,KB4,HARQ,Size_Long,300,0.01,1,38,0,2.6212,0.877193,915.611
5099,KB4,HARQ,Size_Long,300,0.01,1,38,0,2.6526,0.877193,904.773
5100,KB4,HARQ,Size_Long,300,0.01,1,38,0,2.6842,0.877193,894.121
5101,KB4,HARQ,Size_Long,300,0.01,1,38,0,2.7229,0.877193,881.413
5102,KB4,HARQ,Size_Long,300,0.01,1,38,1,2.7677,0.854701,867.146
5103,KB4,HARQ,Size_Long,300,0.01,1,38,0,2.6912,0.877193,891.795
5104,KB4,HARQ,Size_Long,300,0.01,1,38,2,2.8032,0.833333,856.164
5105,KB4,HARQ,Size_Long,300,0.01,1,38,1,2.7396,0.854701,876.04
5106,KB4,HARQ,Size_Long,300,0.01,1,38,1,2.8099,0.854701,854.123
5107,KB4,HARQ,Size_Long,300,0.01,1,38,0,2.684,0.877193,894.188
5108,KB4,HARQ,Size_Long,300,0.01,1,38,0,2.7033,0.877193,887.804
5109,KB4,HARQ,Size_Long,300,0.01,1,38,1,2.737,0.854701,876.872
5110,KB4,HARQ,Size_Long,300,0.01,1,38,1,2.7365,0.854701,877.033
5111,KB4,HARQ,Size_Long,300,0.01,1,38,0,2.6709,0.877193,898.574
5112,KB4,HARQ,Size_Long,300,0.01,1,38,0,2.8904,0.877193,830.335
5113,KB4,HARQ,Size_Long,300,0.01,1,38,1,2.7441,0.854701,874.604
5114,KB4,HARQ,Size_Long,300,0.01,1,38,1,2.736,0.854701,877.193
5115,KB4,HARQ,Size_Long,300,0.01,1,38,2,2.8041,0.833333,855.89
5116,KB4,HARQ,Size_Long,300,0.01,1,38,1,2.737,0.854701,876.872
5117,KB4,HARQ,Size_Long,300,0.01,1,38,1,2.7454,0.854701,874.19
5118,KB4,HARQ,Size_Long,300,0.01,1,38,0,2.7411,0.877193,875.561
5119,KB4,HARQ,Size_Long,300,0.01,1,38,2,2.7942,0.833333,858.922
5120,KB4,HARQ,Size_Long,300,0.01,1,38,0,2.6781,0.877193,896.158
5121,KB4,HARQ,Size_Long,300,0.01,1,38,1,2.7371,0.854701,876.84
5122,KB4,HARQ,Size_Long,300,0.01,1,38,1,2.74,0.854701,875.912
5123,KB4,HARQ,Size_Long,300,0.01,1,38,0,2.7224,0.877193,881.575
5124,KB4,HARQ,Size_Long,300,0.01,1,38,0,2.6831,0.877193,894.488
5125,KB4,HARQ,Size_Long,300,0.01,1,38,0,2.6764,0.877193,896.727
5126,KB4,HARQ,Size_Long,300,0.01,1,38,1,2.7359,0.854701,877.225
5127,KB4,HARQ,Size_Long,300,0.01,1,38,0,2.6882,0.877193,892.791
5128,KB4,HARQ,Size_Long,300,0.01,1,38,1,2.7378,0.854701,876.616
5129,KB4,HARQ,Size_Long,300,0.01,1,38,1,2.9769,0.854701,806.208
5130,KB4,HARQ,Size_Long,300,0.01,1,38,1,2.7357,0.854701,877.289
5131,KB4,HARQ,Size_Long,300,0.01,1,38,0,2.6762,0.877193,896.794
5132,KB4,HARQ,Size_Long,300,0.01,1,38,2,2.8065,0.833333,855.158
5133,KB4,HARQ,Size_Long,300,0.01,1,38,0,2.6791,0.877193,895.823
5134,KB4,HARQ,Size_Long,300,0.01,1,38,0,2.6735,0.877193,897.7
5135,KB4,HARQ,Size_Long,300,0.01,1,38,0,2.6715,0.877193,898.372
5136,KB4,HARQ,Size_Long,300,0.01,1,38,0,2.6149,0.877193,917.817
5137,KB4,HARQ,Size_Long,300,0.01,1,38,0,2.6194,0.877193,916.24
5138,KB4,HARQ,Size_Long,300,0.01,1,38,1,2.7397,0.854701,876.008
5139,KB4,HARQ,Size_Long,300,0.01,1,38,0,2.6119,0.877193,918.871
5140,KB4,HARQ,Size_Long,300,0.01,1,38,0,2.7958,0.877193,858.431
5141,KB4,HARQ,Size_Long,300,0.01,1,38,0,2.6508,0.877193,905.387
5142,KB4,HARQ,Size_Long,300,0.01,1,38,0,2.6521,0.877193,904.943
5143,KB4,HARQ,Size_Long,300,0.01,1,38,0,2.6227,0.877193,915.088
5144,KB4,HARQ,Size_Long,300,0.01,1,38,0,2.6219,0.877193,915.367
5145,KB4,HARQ,Size_Long,300,0.01,1,38,0,2.6532,0.877193,904.568
5146,KB4,HARQ,Size_Long,300,0.01,1,38,0,2.6885,0.877193,892.691
5147,KB4,HARQ,Size_Long,300,0.01,1,38,0,2.6227,0.877193,915.088
5148,KB4,HARQ,Size_Long,300,0.01,1,38,2,2.7446,0.833333,874.444
5149,KB4,HARQ,Size_Long,300,0.01,1,38,2,2.8052,0.833333,855.554
5150,KB4,HARQ,Size_Long,300,0.01,1,38,1,2.6747,0.854701,897.297
5151,KB4,HARQ,Size_Long,300,0.01,1,38,0,2.7021,0.877193,888.198
5152,KB4,HARQ,Size_Long,300,0.01,1,38,0,2.6488,0.877193,906.071
5153,KB4,HARQ,Size_Long,300,0.01,1,38,0,2.6464,0.877193,906.892
5154,KB4,HARQ,Size_Long,300,0.01,1,38,0,2.6187,0.877193,916.485
5155,KB4,HARQ,Size_Long,300,0.01,1,38,1,2.6819,0.854701,894.888
5156,KB4,HARQ,Size_Long,300,0.01,1,38,0,2.6799,0.877193,895.556
5157,KB4,HARQ,Size_Long,300,0.01,1,38,2,2.8284,0.833333,848.536
5158,KB4,HARQ,Size_Long,300,0.01,1,38,1,2.6766,0.854701,896.66
5159,KB4,HARQ,Size_Long,300,0.01,1,38,0,2.6464,0.877193,906.892
5160,KB4,HARQ,Size_Long,300,0.01,1,38,0,2.643,0.877193,908.059
5161,KB4,HARQ,Size_Long,300,0.01,1,38,0,2.6202,0.877193,915.961
5162,KB4,HARQ,Size_Long,300,0.01,1,38,0,2.6199,0.877193,916.065
5163,KB4,HARQ,Size_Long,300,0.01,1,38,0,2.7673,0.877193,867.271
5164,KB4,HARQ,Size_Long,300,0.01,1,38,0,2.6551,0.877193,903.921
5165,KB4,HARQ,Size_Long,300,0.01,1,38,0,2.6296,0.877193,912.686
5166,KB4,HARQ,Size_Long,300,0.01,1,38,2,2.7607,0.833333,869.345
5167,KB4,HARQ,Size_Long,300,0.01,1,38,1,2.7102,0.854701,885.544
5168,KB4,HARQ,Size_Long,300,0.01,1,38,0,2.6161,0.877193,917.396
5169,KB4,HARQ,Size_Long,300,0.01,1,38,0,2.6759,0.877193,896.895
5170,KB4,HARQ,Size_Long,300,0.01,1,38,0,2.6544,0.877193,904.159
5171,KB4,HARQ,Size_Long,300,0.01,1,38,1,2.7159,0.854701,883.685
5172,KB4,HARQ,Size_Long,300,0.01,1,38,1,2.6826,0.854701,894.654
5173,KB4,HARQ,Size_Long,300,0.01,1,38,1,2.676,0.854701,896.861
5174,KB4,HARQ,Size_Long,300,0.01,1,38,1,2.7905,0.854701,860.061
5175,KB4,HARQ,Size_Long,300,0.01,1,38,0,2.617,0.877193,917.081
5176,KB4,HARQ,Size_Long,300,0.01,1,38,0,2.6263,0.877193,913.833
5177,KB4,HARQ,Size_Long,300,0.01,1,38,1,2.7131,0.854701,884.597
5178,KB4,HARQ,Size_Long,300,0.01,1,38,0,2.6483,0.877193,906.242
5179,KB4,HARQ,Size_Long,300,0.01,1,38,3,2.8023,0.813008,856.439
5180,KB4,HARQ,Size_Long,300,0.01,1,38,1,2.7655,0.854701,867.836
5181,KB4,HARQ,Size_Long,300,0.01,1,38,0,2.674,0.877193,897.532
5182,KB4,HARQ,Size_Long,300,0.01,1,38,0,2.6196,0.877193,916.17
5183,KB4,HARQ,Size_Long,300,0.01,1,38,0,2.6211,0.877193,915.646
5184,KB4,HARQ,Size_Long,300,0.01,1,38,0,2.651,0.877193,905.319
5185,KB4,HARQ,Size_Long,300,0.01,1,38,0,2.6541,0.877193,904.261
5186,KB4,HARQ,Size_Long,300,0.01,1,38,1,2.7894,0.854701,860.4
5187,KB4,HARQ,Size_Long,300,0.01,1,38,1,2.6851,0.854701,893.821
5188,KB4,HARQ,Size_Long,300,0.01,1,38,1,2.708,0.854701,886.263
5189,KB4,HARQ,Size_Long,300,0.01,1,38,1,2.7091,0.854701,885.903
5190,KB4,HARQ,Size_Long,300,0.01,1,38,0,2.6182,0.877193,916.66
5191,KB4,HARQ,Size_Long,300,0.01,1,38,1,2.7676,0.854701,867.177
5192,KB4,HARQ,Size_Long,300,0.01,1,38,0,2.6463,0.877193,906.927
5193,KB4,HARQ,Size_Long,300,0.01,1,38,1,2.6743,0.854701,897.431
5194,KB4,HARQ,Size_Long,300,0.01,1,38,1,2.6796,0.854701,895.656
5195,KB4,HARQ,Size_Long,300,0.01,1,38,1,2.7085,0.854701,886.099
5196,KB4,HARQ,Size_Long,300,0.01,1,38,0,2.648,0.877193,906.344
5197,KB4,HARQ,Size_Long,300,0.01,1,38,1,2.7411,0.854701,875.561
5198,KB4,HARQ,Size_Long,300,0.01,1,38,2,2.7375,0.833333,876.712
5199,KB4,HARQ,Size_Long,300,0.01,1,38,1,2.7389,0.854701,876.264
5200,KB4,HARQ,Size_Long,300,0.01,1,38,1,2.6822,0.854701,894.788
5201,KB4,HARQ,Size_Long,300,0.01,1,38,0,2.6139,0.877193,918.168
5202,KB4,HARQ,Size_Long,300,0.01,1,38,0,2.6499,0.877193,905.695
5203,KB4,HARQ,Size_Long,300,0.01,1,38,0,2.8087,0.877193,854.488
5204,KB4,HARQ,Size_Long,300,0.01,1,38,0,2.622,0.877193,915.332
5205,KB4,HARQ,Size_Long,300,0.01,1,38,1,2.6799,0.854701,895.556
5206,KB4,HARQ,Size_Long,300,0.01,1,38,1,2.7411,0.854701,875.561
5207,KB4,HARQ,Size_Long,300,0.01,1,38,0,2.6191,0.877193,916.345
5208,KB4,HARQ,Size_Long,300,0.01,1,38,0,2.6259,0.877193,913.972
5209,KB4,HARQ,Size_Long,300,0.01,1,38,0,2.7078,0.877193,886.328
5210,KB4,HARQ,Size_Long,300,0.01,1,38,0,2.6519,0.877193,905.012
5211,KB4,HARQ,Size_Long,300,0.01,1,38,0,2.623,0.877193,914.983
5212,KB4,HARQ,Size_Long,300,0.01,1,38,2,2.7429,0.833333,874.986
5213,KB4,HARQ,Size_Long,300,0.01,1,38,1,2.7083,0.854701,886.165
5214,KB4,HARQ,Size_Long,300,0.01,1,38,2,2.8557,0.833333,840.424
5215,KB4,HARQ,Size_Long,300,0.01,1,38,0,2.6195,0.877193,916.205
5216,KB4,HARQ,Size_Long,300,0.01,1,38,0,2.6474,0.877193,906.55
5217,KB4,HARQ,Size_Long,300,0.01,1,38,0,2.6455,0.877193,907.201
5218,KB4,HARQ,Size_Long,300,0.01,1,38,0,2.6168,0.877193,917.151
5219,KB4,HARQ,Size_Long,300,0.01,1,38,0,2.6254,0.877193,914.146
5220,KB4,HARQ,Size_Long,300,0.01,1,38,0,2.7648,0.877193,868.056
5221,KB4,HARQ,Size_Long,300,0.01,1,38,0,2.6437,0.877193,907.819
5222,KB4,HARQ,Size_Long,300,0.01,1,38,0,2.6183,0.877193,916.625
5223,KB4,HARQ,Size_Long,300,0.01,1,38,0,2.6132,0.877193,918.414
5224,KB4,HARQ,Size_Long,300,0.01,1,38,0,2.693,0.877193,891.199
5225,KB4,HARQ,Size_Long,300,0.01,1,38,1,2.6897,0.854701,892.293
5226,KB4,HARQ,Size_Long,300,0.01,1,38,0,2.7315,0.877193,878.638
5227,KB4,HARQ,Size_Long,300,0.01,1,38,1,2.7164,0.854701,883.522
5228,KB4,HARQ,Size_Long,300,0.01,1,38,1,2.7071,0.854701,886.558
5229,KB4,HARQ,Size_Long,300,0.01,1,38,1,2.6799,0.854701,895.556
5230,KB4,HARQ,Size_Long,300,0.01,1,38,0,2.6286,0.877193,913.034
5231,KB4,HARQ,Size_Long,300,0.01,1,38,0,2.6521,0.877193,904.943
5232,KB4,HARQ,Size_Long,300,0.01,1,38,0,2.7138,0.877193,884.369
5233,KB4,HARQ,Size_Long,300,0.01,1,38,1,2.6826,0.854701,894.654
5234,KB4,HARQ,Size_Long,300,0.01,1,38,1,2.7045,0.854701,887.41
5235,KB4,HARQ,Size_Long,300,0.01,1,38,1,2.7071,0.854701,886.558
5236,KB4,HARQ,Size_Long,300,0.01,1,38,0,2.9259,0.877193,820.26
5237,KB4,HARQ,Size_Long,300,0.01,1,38,0,2.6947,0.877193,890.637
5238,KB4,HARQ,Size_Long,300,0.01,1,38,0,2.6422,0.877193,908.334
5239,KB4,HARQ,Size_Long,300,0.01,1,38,0,2.6437,0.877193,907.819
5240,KB4,HARQ,Size_Long,300,0.01,1,38,0,2.6258,0.877193,914.007
5241,KB4,HARQ,Size_Long,300,0.01,1,38,0,2.612,0.877193,918.836
5242,KB4,HARQ,Size_Long,300,0.01,1,38,2,2.7777,0.833333,864.024
5243,KB4,HARQ,Size_Long,300,0.01,1,38,0,2.6857,0.877193,893.622
5244,KB4,HARQ,Size_Long,300,0.01,1,38,0,2.6084,0.877193,920.104
5245,KB4,HARQ,Size_Long,300,0.01,1,38,1,2.7094,0.854701,885.805
5246,KB4,HARQ,Size_Long,300,0.01,1,38,0,2.6401,0.877193,909.056
5247,KB4,HARQ,Size_Long,300,0.01,1,38,0,2.6136,0.877193,918.274
5248,KB4,HARQ,Size_Long,300,0.01,1,38,1,2.6776,0.854701,896.325
5249,KB4,HARQ,Size_Long,300,0.01,1,38,0,2.6946,0.877193,890.67
5250,KB4,HARQ,Size_Long,300,0.01,1,38,0,2.6254,0.877193,914.146
5251,KB4,HARQ,Size_Long,300,0.01,1,38,0,2.6289,0.877193,912.929
5252,KB4,HARQ,Size_Long,300,0.01,1,38,1,2.7105,0.854701,885.445
5253,KB4,HARQ,Size_Long,300,0.01,1,38,0,2.6527,0.877193,904.739
5254,KB4,HARQ,Size_Long,300,0.01,1,38,1,2.7659,0.854701,867.71
5255,KB4,HARQ,Size_Long,300,0.01,1,38,0,2.6137,0.877193,918.239
5256,KB4,HARQ,Size_Long,300,0.01,1,38,0,2.6421,0.877193,908.368
5257,KB4,HARQ,Size_Long,300,0.01,1,38,0,2.6442,0.877193,907.647
5258,KB4,HARQ,Size_Long,300,0.01,1,38,0,2.6211,0.877193,915.646
5259,KB4,HARQ,Size_Long,300,0.01,1,38,1,2.6787,0.854701,895.957
5260,KB4,HARQ,Size_Long,300,0.01,1,38,0,2.6972,0.877193,889.812
5261,KB4,HARQ,Size_Long,300,0.01,1,38,0,2.6219,0.877193,915.367
5262,KB4,HARQ,Size_Long,300,0.01,1,38,1,2.6872,0.854701,893.123
5263,KB4,HARQ,Size_Long,300,0.01,1,38,0,2.6478,0.877193,906.413
5264,KB4,HARQ,Size_Long,300,0.01,1,38,0,2.6456,0.877193,907.167
5265,KB4,HARQ,Size_Long,300,0.01,1,38,1,2.6776,0.854701,896.325
5266,KB4,HARQ,Size_Long,300,0.01,1,38,0,2.6833,0.877193,894.421
5267,KB4,HARQ,Size_Long,300,0.01,1,38,0,2.6805,0.877193,895.355
5268,KB4,HARQ,Size_Long,300,0.01,1,38,0,2.6188,0.877193,916.45
5269,KB4,HARQ,Size_Long,300,0.01,1,38,1,2.6767,0.854701,896.626
5270,KB4,HARQ,Size_Long,300,0.01,1,38,0,2.6526,0.877193,904.773
5271,KB4,HARQ,Size_Long,300,0.01,1,38,0,2.6486,0.877193,906.139
5272,KB4,HARQ,Size_Long,300,0.01,1,38,0,2.7095,0.877193,885.772
5273,KB4,HARQ,Size_Long,300,0.01,1,38,2,2.7538,0.833333,871.523
5274,KB4,HARQ,Size_Long,300,0.01,1,38,0,2.653,0.877193,904.636
5275,KB4,HARQ,Size_Long,300,0.01,1,38,1,2.716,0.854701,883.652
5276,KB4,HARQ,Size_Long,300,0.01,1,38,0,2.6256,0.877193,914.077
5277,KB4,HARQ,Size_Long,300,0.01,1,38,1,2.684,0.854701,894.188
5278,KB4,HARQ,Size_Long,300,0.01,1,38,1,2.982,0.854701,804.829
5279,KB4,HARQ,Size_Long,300,0.01,1,38,0,2.6393,0.877193,909.332
5280,KB4,HARQ,Size_Long,300,0.01,1,38,1,2.6785,0.854701,896.024
5281,KB4,HARQ,Size_Long,300,0.01,1,38,0,2.6491,0.877193,905.968
5282,KB4,HARQ,Size_Long,300,0.01,1,38,1,2.8951,0.854701,828.987
5283,KB4,HARQ,Size_Long,300,0.01,1,38,0,2.6793,0.877193,895.756
5284,KB4,HARQ,Size_Long,300,0.01,1,38,0,2.65,0.877193,905.66
5285,KB4,HARQ,Size_Long,300,0.01,1,38,0,2.6428,0.877193,908.128
5286,KB4,HARQ,Size_Long,300,0.01,1,38,0,2.621,0.877193,915.681
5287,KB4,HARQ,Size_Long,300,0.01,1,38,0,2.6182,0.877193,916.66
5288,KB4,HARQ,Size_Long,300,0.01,1,38,0,2.9402,0.877193,816.271
5289,KB4,HARQ,Size_Long,300,0.01,1,38,0,2.6507,0.877193,905.421
5290,KB4,HARQ,Size_Long,300,0.01,1,38,1,2.6775,0.854701,896.359
5291,KB4,HARQ,Size_Long,300,0.01,1,38,0,2.6191,0.877193,916.345
5292,KB4,HARQ,Size_Long,300,0.01,1,38,0,2.677,0.877193,896.526
5293,KB4,HARQ,Size_Long,300,0.01,1,38,0,2.6199,0.877193,916.065
5294,KB4,HARQ,Size_Long,300,0.01,1,38,1,2.8431,0.854701,844.149
5295,KB4,HARQ,Size_Long,300,0.01,1,38,0,2.7367,0.877193,876.969
5296,KB4,HARQ,Size_Long,300,0.01,1,38,1,2.7079,0.854701,886.296
5297,KB4,HARQ,Size_Long,300,0.01,1,38,0,2.6155,0.877193,917.607
5298,KB4,HARQ,Size_Long,300,0.01,1,38,0,2.622,0.877193,915.332
5299,KB4,HARQ,Size_Long,300,0.01,1,38,1,2.7344,0.854701,877.706
5300,KB4,HARQ,Size_Long,300,0.01,1,38,0,2.7363,0.877193,877.097
5301,KB4,HARQ,Size_Long,300,0.01,1,38,1,2.6765,0.854701,896.693
5302,KB4,HARQ,Size_Long,300,0.01,1,38,0,2.6487,0.877193,906.105
5303,KB4,HARQ,Size_Long,300,0.01,1,38,0,2.654,0.877193,904.295
5304,KB4,HARQ,Size_Long,300,0.01,1,38,0,2.6194,0.877193,916.24
5305,KB4,HARQ,Size_Long,300,0.01,1,38,2,2.7509,0.833333,872.442
5306,KB4,HARQ,Size_Long,300,0.01,1,38,0,3.0193,0.877193,794.886
5307,KB4,HARQ,Size_Long,300,0.01,1,38,0,2.6184,0.877193,916.59
5308,KB4,HARQ,Size_Long,300,0.01,1,38,0,2.6205,0.877193,915.856
5309,KB4,HARQ,Size_Long,300,0.01,1,38,1,2.7086,0.854701,886.067
5310,KB4,HARQ,Size_Long,300,0.01,1,38,1,2.7093,0.854701,885.838
5311,KB4,HARQ,Size_Long,300,0.01,1,38,1,2.7811,0.854701,862.968
5312,KB4,HARQ,Size_Long,300,0.01,1,38,0,2.6114,0.877193,919.047
5313,KB4,HARQ,Size_Long,300,0.01,1,38,1,2.7169,0.854701,883.36
5314,KB4,HARQ,Size_Long,300,0.01,1,38,0,2.6477,0.877193,906.447
5315,KB4,HARQ,Size_Long,300,0.01,1,38,0,2.6704,0.877193,898.742
5316,KB4,HARQ,Size_Long,300,0.01,1,38,0,2.6847,0.877193,893.955
5317,KB4,HARQ,Size_Long,300,0.01,1,38,0,2.7365,0.877193,877.033
5318,KB4,HARQ,Size_Long,300,0.01,1,38,0,2.6751,0.877193,897.163
5319,KB4,HARQ,Size_Long,300,0.01,1,38,0,2.6733,0.877193,897.767
5320,KB4,HARQ,Size_Long,300,0.01,1,38,0,2.685,0.877193,893.855
5321,KB4,HARQ,Size_Long,300,0.01,1,38,0,2.682,0.877193,894.855
5322,KB4,HARQ,Size_Long,300,0.01,1,38,0,2.679,0.877193,895.857
5323,KB4,HARQ,Size_Long,300,0.01,1,38,0,2.6976,0.877193,889.68
5324,KB4,HARQ,Size_Long,300,0.01,1,38,0,2.6698,0.877193,898.944
5325,KB4,HARQ,Size_Long,300,0.01,1,38,2,2.8039,0.833333,855.951
5326,KB4,HARQ,Size_Long,300,0.01,1,38,1,2.7431,0.854701,874.923
5327,KB4,HARQ,Size_Long,300,0.01,1,38,0,2.6769,0.877193,896.559
5328,KB4,HARQ,Size_Long,300,0.01,1,38,3,3.3736,0.813008,711.406
5329,KB4,HARQ,Size_Long,300,0.01,1,38,1,2.7348,0.854701,877.578
5330,KB4,HARQ,Size_Long,300,0.01,1,38,1,2.7381,0.854701,876.52
5331,KB4,HARQ,Size_Long,300,0.01,1,38,1,2.7408,0.854701,875.657
5332,KB4,HARQ,Size_Long,300,0.01,1,38,0,2.6784,0.877193,896.057
5333,KB4,HARQ,Size_Long,300,0.01,1,38,0,2.679,0.877193,895.857
5334,KB4,HARQ,Size_Long,300,0.01,1,38,1,2.8257,0.854701,849.347
5335,KB4,HARQ,Size_Long,300,0.01,1,38,0,2.6879,0.877193,892.89
5336,KB4,HARQ,Size_Long,300,0.01,1,38,1,2.742,0.854701,875.274
5337,KB4,HARQ,Size_Long,300,0.01,1,38,0,2.68,0.877193,895.522
5338,KB4,HARQ,Size_Long,300,0.01,1,38,2,2.8168,0.833333,852.031
5339,KB4,HARQ,Size_Long,300,0.01,1,38,0,2.7752,0.877193,864.803
5340,KB4,HARQ,Size_Long,300,0.01,1,38,0,2.6754,0.877193,897.062
5341,KB4,HARQ,Size_Long,300,0.01,1,38,0,2.6794,0.877193,895.723
5342,KB4,HARQ,Size_Long,300,0.01,1,38,0,2.6758,0.877193,896.928
5343,KB4,HARQ,Size_Long,300,0.01,1,38,1,2.7438,0.854701,874.699
5344,KB4,HARQ,Size_Long,300,0.01,1,38,0,2.6728,0.877193,897.935
5345,KB4,HARQ,Size_Long,300,0.01,1,38,0,2.7386,0.877193,876.36
5346,KB4,HARQ,Size_Long,300,0.01,1,38,3,2.8609,0.813008,838.897
5347,KB4,HARQ,Size_Long,300,0.01,1,38,2,2.81,0.833333,854.093
5348,KB4,HARQ,Size_Long,300,0.01,1,38,0,2.6855,0.877193,893.688
5349,KB4,HARQ,Size_Long,300,0.01,1,38,0,2.6782,0.877193,896.124
5350,KB4,HARQ,Size_Long,300,0.01,1,38,0,2.6371,0.877193,910.091
5351,KB4,HARQ,Size_Long,300,0.01,1,38,0,2.7403,0.877193,875.817
5352,KB4,HARQ,Size_Long,300,0.01,1,38,0,2.6679,0.877193,899.584
5353,KB4,HARQ,Size_Long,300,0.01,1,38,0,2.6221,0.877193,915.297
5354,KB4,HARQ,Size_Long,300,0.01,1,38,1,2.6774,0.854701,896.392
5355,KB4,HARQ,Size_Long,300,0.01,1,38,0,2.6492,0.877193,905.934
5356,KB4,HARQ,Size_Long,300,0.01,1,38,0,2.7172,0.877193,883.262
5357,KB4,HARQ,Size_Long,300,0.01,1,38,0,2.6129,0.877193,918.52
5358,KB4,HARQ,Size_Long,300,0.01,1,38,1,2.6927,0.854701,891.299
5359,KB4,HARQ,Size_Long,300,0.01,1,38,0,2.6515,0.877193,905.148
5360,KB4,HARQ,Size_Long,300,0.01,1,38,0,2.6544,0.877193,904.159
5361,KB4,HARQ,Size_Long,300,0.01,1,38,1,2.6823,0.854701,894.755
5362,KB4,HARQ,Size_Long,300,0.01,1,38,0,2.7377,0.877193,876.648
5363,KB4,HARQ,Size_Long,300,0.01,1,38,2,2.7743,0.833333,865.083
5364,KB4,HARQ,Size_Long,300,0.01,1,38,0,2.6224,0.877193,915.192
5365,KB4,HARQ,Size_Long,300,0.01,1,38,1,2.6763,0.854701,896.76
5366,KB4,HARQ,Size_Long,300,0.01,1,38,1,2.7058,0.854701,886.984
5367,KB4,HARQ,Size_Long,300,0.01,1,38,0,2.647,0.877193,906.687
5368,KB4,HARQ,Size_Long,300,0.01,1,38,0,2.6845,0.877193,894.021
5369,KB4,HARQ,Size_Long,300,0.01,1,38,0,2.6258,0.877193,914.007
5370,KB4,HARQ,Size_Long,300,0.01,1,38,0,2.6759,0.877193,896.895
5371,KB4,HARQ,Size_Long,300,0.01,1,38,0,2.6122,0.877193,918.766
5372,KB4,HARQ,Size_Long,300,0.01,1,38,0,2.6205,0.877193,915.856
5373,KB4,HARQ,Size_Long,300,0.01,1,38,0,2.6525,0.877193,904.807
5374,KB4,HARQ,Size_Long,300,0.01,1,38,1,2.8091,0.854701,854.366
5375,KB4,HARQ,Size_Long,300,0.01,1,38,1,2.6895,0.854701,892.359
5376,KB4,HARQ,Size_Long,300,0.01,1,38,0,2.6135,0.877193,918.309
5377,KB4,HARQ,Size_Long,300,0.01,1,38,1,2.7333,0.854701,878.059
5378,KB4,HARQ,Size_Long,300,0.01,1,38,0,2.6204,0.877193,915.891
5379,KB4,HARQ,Size_Long,300,0.01,1,38,0,2.7184,0.877193,882.872
5380,KB4,HARQ,Size_Long,300,0.01,1,38,0,2.6452,0.877193,907.304
5381,KB4,HARQ,Size_Long,300,0.01,1,38,0,2.6536,0.877193,904.432
5382,KB4,HARQ,Size_Long,300,0.01,1,38,1,2.6809,0.854701,895.222
5383,KB4,HARQ,Size_Long,300,0.01,1,38,0,2.6165,0.877193,917.256
5384,KB4,HARQ,Size_Long,300,0.01,1,38,1,2.7129,0.854701,884.662
5385,KB4,HARQ,Size_Long,300,0.01,1,38,0,2.7188,0.877193,882.742
5386,KB4,HARQ,Size_Long,300,0.01,1,38,0,2.6201,0.877193,915.996
5387,KB4,HARQ,Size_Long,300,0.01,1,38,0,2.6198,0.877193,916.1
5388,KB4,HARQ,Size_Long,300,0.01,1,38,1,2.7378,0.854701,876.616
5389,KB4,HARQ,Size_Long,300,0.01,1,38,1,2.774,0.854701,865.177
5390,KB4,HARQ,Size_Long,300,0.01,1,38,0,2.6268,0.877193,913.659
5391,KB4,HARQ,Size_Long,300,0.01,1,38,0,2.8426,0.877193,844.297
5392,KB4,HARQ,Size_Long,300,0.01,1,38,3,2.8343,0.813008,846.77
5393,KB4,HARQ,Size_Long,300,0.01,1,38,0,2.6235,0.877193,914.808
5394,KB4,HARQ,Size_Long,300,0.01,1,38,0,2.6178,0.877193,916.8
5395,KB4,HARQ,Size_Long,300,0.01,1,38,0,2.6746,0.877193,897.33
5396,KB4,HARQ,Size_Long,300,0.01,1,38,1,2.7476,0.854701,873.49
5397,KB4,HARQ,Size_Long,300,0.01,1,38,1,2.684,0.854701,894.188
5398,KB4,HARQ,Size_Long,300,0.01,1,38,0,2.6468,0.877193,906.755
5399,KB4,HARQ,Size_Long,300,0.01,1,38,0,2.6461,0.877193,906.995
5400,KB4,HARQ,Size_Long,300,0.01,1,38,0,2.6172,0.877193,917.011
5401,KB4,HARQ,Size_Long,300,0.01,1,38,0,2.6221,0.877193,915.297
5402,KB4,HARQ,Size_Long,300,0.01,1,38,0,2.7727,0.877193,865.582
5403,KB4,HARQ,Size_Long,300,0.01,1,38,0,2.6435,0.877193,907.887
5404,KB4,HARQ,Size_Long,300,0.01,1,38,0,2.6174,0.877193,916.94
5405,KB4,HARQ,Size_Long,300,0.01,1,38,0,2.6457,0.877193,907.132
5406,KB4,HARQ,Size_Long,300,0.01,1,38,1,2.7083,0.854701,886.165
5407,KB4,HARQ,Size_Long,300,0.01,1,38,0,2.6169,0.877193,917.116
5408,KB4,HARQ,Size_Long,300,0.01,1,38,0,2.6856,0.877193,893.655
5409,KB4,HARQ,Size_Long,300,0.01,1,38,1,2.7036,0.854701,887.705
5410,KB4,HARQ,Size_Long,300,0.01,1,38,2,2.7731,0.833333,865.457
5411,KB4,HARQ,Size_Long,300,0.01,1,38,1,2.6761,0.854701,896.827
5412,KB4,HARQ,Size_Long,300,0.01,1,38,0,2.6167,0.877193,917.186
5413,KB4,HARQ,Size_Long,300,0.01,1,38,0,2.6758,0.877193,896.928
5414,KB4,HARQ,Size_Long,300,0.01,1,38,0,2.7082,0.877193,886.197
5415,KB4,HARQ,Size_Long,300,0.01,1,38,0,2.6146,0.877193,917.922
5416,KB4,HARQ,Size_Long,300,0.01,1,38,0,2.6412,0.877193,908.678
5417,KB4,HARQ,Size_Long,300,0.01,1,38,0,2.6529,0.877193,904.67
5418,KB4,HARQ,Size_Long,300,0.01,1,38,0,2.6221,0.877193,915.297
5419,KB4,HARQ,Size_Long,300,0.01,1,38,0,2.7254,0.877193,880.605
5420,KB4,HARQ,Size_Long,300,0.01,1,38,0,2.8645,0.877193,837.843
5421,KB4,HARQ,Size_Long,300,0.01,1,38,0,2.6171,0.877193,917.046
5422,KB4,HARQ,Size_Long,300,0.01,1,38,1,2.6783,0.854701,896.091
5423,KB4,HARQ,Size_Long,300,0.01,1,38,1,2.7076,0.854701,886.394
5424,KB4,HARQ,Size_Long,300,0.01,1,38,0,2.65,0.877193,905.66
5425,KB4,HARQ,Size_Long,300,0.01,1,38,0,2.6909,0.877193,891.895
5426,KB4,HARQ,Size_Long,300,0.01,1,38,0,2.6219,0.877193,915.367
5427,KB4,HARQ,Size_Long,300,0.01,1,38,0,2.6416,0.877193,908.54
5428,KB4,HARQ,Size_Long,300,0.01,1,38,0,2.6487,0.877193,906.105
5429,KB4,HARQ,Size_Long,300,0.01,1,38,2,2.7415,0.833333,875.433
5430,KB4,HARQ,Size_Long,300,0.01,1,38,2,2.7746,0.833333,864.99
5431,KB4,HARQ,Size_Long,300,0.01,1,38,0,2.7138,0.877193,884.369
5432,KB4,HARQ,Size_Long,300,0.01,1,38,1,2.6767,0.854701,896.626
5433,KB4,HARQ,Size_Long,300,0.01,1,38,0,2.6154,0.877193,917.642
5434,KB4,HARQ,Size_Long,300,0.01,1,38,0,2.6594,0.877193,902.459
5435,KB4,HARQ,Size_Long,300,0.01,1,38,1,2.7143,0.854701,884.206
5436,KB4,HARQ,Size_Long,300,0.01,1,38,3,2.8293,0.813008,848.266
5437,KB4,HARQ,Size_Long,300,0.01,1,38,0,2.615,0.877193,917.782
5438,KB4,HARQ,Size_Long,300,0.01,1,38,0,2.681,0.877193,895.188
5439,KB4,HARQ,Size_Long,300,0.01,1,38,0,2.6184,0.877193,916.59
5440,KB4,HARQ,Size_Long,300,0.01,1,38,0,2.6142,0.877193,918.063
5441,KB4,HARQ,Size_Long,300,0.01,1,38,0,2.6476,0.877193,906.481
5442,KB4,HARQ,Size_Long,300,0.01,1,38,0,2.7137,0.877193,884.401
5443,KB4,HARQ,Size_Long,300,0.01,1,38,1,2.681,0.854701,895.188
5444,KB4,HARQ,Size_Long,300,0.01,1,38,0,2.6307,0.877193,912.305
5445,KB4,HARQ,Size_Long,300,0.01,1,38,1,2.7355,0.854701,877.353
5446,KB4,HARQ,Size_Long,300,0.01,1,38,1,2.6796,0.854701,895.656
5447,KB4,HARQ,Size_Long,300,0.01,1,38,0,2.616,0.877193,917.431
5448,KB4,HARQ,Size_Long,300,0.01,1,38,0,2.7391,0.877193,876.2
5449,KB4,HARQ,Size_Long,300,0.01,1,38,0,2.6474,0.877193,906.55
5450,KB4,HARQ,Size_Long,300,0.01,1,38,0,2.6206,0.877193,915.821
5451,KB4,HARQ,Size_Long,300,0.01,1,38,0,2.6189,0.877193,916.415
5452,KB4,HARQ,Size_Long,300,0.01,1,38,0,2.6466,0.877193,906.824
5453,KB4,HARQ,Size_Long,300,0.01,1,38,1,2.7039,0.854701,887.607
5454,KB4,HARQ,Size_Long,300,0.01,1,38,0,2.6979,0.877193,889.581
5455,KB4,HARQ,Size_Long,300,0.01,1,38,0,2.6253,0.877193,914.181
5456,KB4,HARQ,Size_Long,300,0.01,1,38,0,2.6724,0.877193,898.069
5457,KB4,HARQ,Size_Long,300,0.01,1,38,0,2.6158,0.877193,917.501
5458,KB4,HARQ,Size_Long,300,0.01,1,38,0,2.6139,0.877193,918.168
5459,KB4,HARQ,Size_Long,300,0.01,1,38,0,2.6514,0.877193,905.182
5460,KB4,HARQ,Size_Long,300,0.01,1,38,0,2.7132,0.877193,884.564
5461,KB4,HARQ,Size_Long,300,0.01,1,38,3,2.8049,0.813008,855.645
5462,KB4,HARQ,Size_Long,300,0.01,1,38,0,2.6245,0.877193,914.46
5463,KB4,HARQ,Size_Long,300,0.01,1,38,0,2.6435,0.877193,907.887
5464,KB4,HARQ,Size_Long,300,0.01,1,38,0,2.6234,0.877193,914.843
5465,KB4,HARQ,Size_Long,300,0.01,1,38,2,3.026,0.833333,793.126
5466,KB4,HARQ,Size_Long,300,0.01,1,38,2,2.7876,0.833333,860.956
5467,KB4,HARQ,Size_Long,300,0.01,1,38,1,2.9026,0.854701,826.845
5468,KB4,HARQ,Size_Long,300,0.01,1,38,0,2.6198,0.877193,916.1
5469,KB4,HARQ,Size_Long,300,0.01,1,38,0,2.6231,0.877193,914.948
5470,KB4,HARQ,Size_Long,300,0.01,1,38,0,2.6946,0.877193,890.67
5471,KB4,HARQ,Size_Long,300,0.01,1,38,3,2.8027,0.813008,856.317
5472,KB4,HARQ,Size_Long,300,0.01,1,38,0,2.6184,0.877193,916.59
5473,KB4,HARQ,Size_Long,300,0.01,1,38,0,2.8335,0.877193,847.009
5474,KB4,HARQ,Size_Long,300,0.01,1,38,0,2.6425,0.877193,908.231
5475,KB4,HARQ,Size_Long,300,0.01,1,38,1,2.6868,0.854701,893.256
5476,KB4,HARQ,Size_Long,300,0.01,1,38,0,2.6739,0.877193,897.565
5477,KB4,HARQ,Size_Long,300,0.01,1,38,0,2.6503,0.877193,905.558
5478,KB4,HARQ,Size_Long,300,0.01,1,38,0,2.6528,0.877193,904.704
5479,KB4,HARQ,Size_Long,300,0.01,1,38,0,2.6789,0.877193,895.89
5480,KB4,HARQ,Size_Long,300,0.01,1,38,0,2.6465,0.877193,906.858
5481,KB4,HARQ,Size_Long,300,0.01,1,38,1,2.7138,0.854701,884.369
5482,KB4,HARQ,Size_Long,300,0.01,1,38,0,2.6826,0.877193,894.654
5483,KB4,HARQ,Size_Long,300,0.01,1,38,0,2.6113,0.877193,919.082
5484,KB4,HARQ,Size_Long,300,0.01,1,38,3,2.8261,0.813008,849.227
5485,KB4,HARQ,Size_Long,300,0.01,1,38,0,2.7102,0.877193,885.544
5486,KB4,HARQ,Size_Long,300,0.01,1,38,1,2.6793,0.854701,895.756
5487,KB4,HARQ,Size_Long,300,0.01,1,38,0,2.6231,0.877193,914.948
5488,KB4,HARQ,Size_Long,300,0.01,1,38,0,3.0763,0.877193,780.158
5489,KB4,HARQ,Size_Long,300,0.01,1,38,0,2.6728,0.877193,897.935
5490,KB4,HARQ,Size_Long,300,0.01,1,38,1,2.7149,0.854701,884.01
5491,KB4,HARQ,Size_Long,300,0.01,1,38,0,2.6504,0.877193,905.524
5492,KB4,HARQ,Size_Long,300,0.01,1,38,0,2.6476,0.877193,906.481
5493,KB4,HARQ,Size_Long,300,0.01,1,38,0,2.7124,0.877193,884.825
5494,KB4,HARQ,Size_Long,300,0.01,1,38,0,2.6749,0.877193,897.23
5495,KB4,HARQ,Size_Long,300,0.01,1,38,0,2.6895,0.877193,892.359
5496,KB4,HARQ,Size_Long,300,0.01,1,38,0,2.6791,0.877193,895.823
5497,KB4,HARQ,Size_Long,300,0.01,1,38,1,2.7401,0.854701,875.88
5498,KB4,HARQ,Size_Long,300,0.01,1,38,1,2.7516,0.854701,872.22
5499,KB4,HARQ,Size_Long,300,0.01,1,38,1,2.7923,0.854701,859.507
5500,KB4,HARQ,Size_Long,300,0.01,1,38,0,2.6744,0.877193,897.398
5501,KB4,HARQ,Size_Long,300,0.01,1,38,1,2.7355,0.854701,877.353
5502,KB4,HARQ,Size_Long,300,0.01,1,38,2,2.8159,0.833333,852.303
5503,KB4,HARQ,Size_Long,300,0.01,1,38,1,2.7949,0.854701,858.707
5504,KB4,HARQ,Size_Long,300,0.01,1,38,1,2.9343,0.854701,817.912
5505,KB4,HARQ,Size_Long,300,0.01,1,38,1,2.7462,0.854701,873.935
5506,KB4,HARQ,Size_Long,300,0.01,1,38,0,2.6824,0.877193,894.721
5507,KB4,HARQ,Size_Long,300,0.01,1,38,0,2.6679,0.877193,899.584
5508,KB4,HARQ,Size_Long,300,0.01,1,38,0,2.6921,0.877193,891.497
5509,KB4,HARQ,Size_Long,300,0.01,1,38,1,2.7549,0.854701,871.175
5510,KB4,HARQ,Size_Long,300,0.01,1,38,0,2.7558,0.877193,870.89
5511,KB4,HARQ,Size_Long,300,0.01,1,38,0,2.6719,0.877193,898.237
5512,KB4,HARQ,Size_Long,300,0.01,1,38,2,2.8079,0.833333,854.731
5513,KB4,HARQ,Size_Long,300,0.01,1,38,0,2.6856,0.877193,893.655
5514,KB4,HARQ,Size_Long,300,0.01,1,38,2,2.8157,0.833333,852.364
5515,KB4,HARQ,Size_Long,300,0.01,1,38,0,2.7394,0.877193,876.104
5516,KB4,HARQ,Size_Long,300,0.01,1,38,0,2.6838,0.877193,894.254
5517,KB4,HARQ,Size_Long,300,0.01,1,38,0,2.6886,0.877193,892.658
5518,KB4,HARQ,Size_Long,300,0.01,1,38,1,2.7428,0.854701,875.018
5519,KB4,HARQ,Size_Long,300,0.01,1,38,0,2.6947,0.877193,890.637
5520,KB4,HARQ,Size_Long,300,0.01,1,38,1,2.7746,0.854701,864.99
5521,KB4,HARQ,Size_Long,300,0.01,1,38,0,2.8055,0.877193,855.462
5522,KB4,HARQ,Size_Long,300,0.01,1,38,0,2.678,0.877193,896.191
5523,KB4,HARQ,Size_Long,300,0.01,1,38,0,2.7056,0.877193,887.049
5524,KB4,HARQ,Size_Long,300,0.01,1,38,0,2.6771,0.877193,896.492
5525,KB4,HARQ,Size_Long,300,0.01,1,38,0,2.6861,0.877193,893.489
5526,KB4,HARQ,Size_Long,300,0.01,1,38,0,2.6835,0.877193,894.354
5527,KB4,HARQ,Size_Long,300,0.01,1,38,0,2.7347,0.877193,877.61
5528,KB4,HARQ,Size_Long,300,0.01,1,38,1,2.758,0.854701,870.196
5529,KB4,HARQ,Size_Long,300,0.01,1,38,0,2.6294,0.877193,912.756
5530,KB4,HARQ,Size_Long,300,0.01,1,38,1,2.7628,0.854701,868.684
5531,KB4,HARQ,Size_Long,300,0.01,1,38,0,2.6347,0.877193,910.92
5532,KB4,HARQ,Size_Long,300,0.01,1,38,0,2.7854,0.877193,861.636
5533,KB4,HARQ,Size_Long,300,0.01,1,38,1,2.7222,0.854701,881.64
5534,KB4,HARQ,Size_Long,300,0.01,1,38,0,2.666,0.877193,900.225
5535,KB4,HARQ,Size_Long,300,0.01,1,38,1,2.6923,0.854701,891.431
5536,KB4,HARQ,Size_Long,300,0.01,1,38,0,2.6356,0.877193,910.609
5537,KB4,HARQ,Size_Long,300,0.01,1,38,0,2.6658,0.877193,900.293
5538,KB4,HARQ,Size_Long,300,0.01,1,38,0,2.7442,0.877193,874.572
5539,KB4,HARQ,Size_Long,300,0.01,1,38,1,2.6905,0.854701,892.028
5540,KB4,HARQ,Size_Long,300,0.01,1,38,0,2.6689,0.877193,899.247
5541,KB4,HARQ,Size_Long,300,0.01,1,38,0,2.6625,0.877193,901.408
5542,KB4,HARQ,Size_Long,300,0.01,1,38,0,2.6197,0.877193,916.135
5543,KB4,HARQ,Size_Long,300,0.01,1,38,0,2.6328,0.877193,911.577
5544,KB4,HARQ,Size_Long,300,0.01,1,38,0,2.7214,0.877193,881.899
5545,KB4,HARQ,Size_Long,300,0.01,1,38,0,2.6581,0.877193,902.901
5546,KB4,HARQ,Size_Long,300,0.01,1,38,0,2.6233,0.877193,914.878
5547,KB4,HARQ,Size_Long,300,0.01,1,38,0,2.6342,0.877193,911.093
5548,KB4,HARQ,Size_Long,300,0.01,1,38,0,2.6863,0.877193,893.422
5549,KB4,HARQ,Size_Long,300,0.01,1,38,1,2.7727,0.854701,865.582
5550,KB4,HARQ,Size_Long,300,0.01,1,38,0,2.6272,0.877193,913.52
5551,KB4,HARQ,Size_Long,300,0.01,1,38,0,2.6724,0.877193,898.069
5552,KB4,HARQ,Size_Long,300,0.01,1,38,0,2.6541,0.877193,904.261
5553,KB4,HARQ,Size_Long,300,0.01,1,38,0,2.6245,0.877193,914.46
5554,KB4,HARQ,Size_Long,300,0.01,1,38,0,2.626,0.877193,913.938
5555,KB4,HARQ,Size_Long,300,0.01,1,38,0,3.1413,0.877193,764.015
5556,KB4,HARQ,Size_Long,300,0.01,1,38,0,2.628,0.877193,913.242
5557,KB4,HARQ,Size_Long,300,0.01,1,38,0,2.6266,0.877193,913.729
5558,KB4,HARQ,Size_Long,300,0.01,1,38,1,2.7143,0.854701,884.206
5559,KB4,HARQ,Size_Long,300,0.01,1,38,0,2.657,0.877193,903.274
5560,KB4,HARQ,Size_Long,300,0.01,1,38,0,2.6239,0.877193,914.669
5561,KB4,HARQ,Size_Long,300,0.01,1,38,0,2.7885,0.877193,860.678
5562,KB4,HARQ,Size_Long,300,0.01,1,38,0,2.6625,0.877193,901.408
5563,KB4,HARQ,Size_Long,300,0.01,1,38,0,2.6544,0.877193,904.159
5564,KB4,HARQ,Size_Long,300,0.01,1,38,0,2.655,0.877193,903.955
5565,KB4,HARQ,Size_Long,300,0.01,1,38,1,2.7503,0.854701,872.632
5566,KB4,HARQ,Size_Long,300,0.01,1,38,0,2.6886,0.877193,892.658
5567,KB4,HARQ,Size_Long,300,0.01,1,38,1,2.7742,0.854701,865.114
5568,KB4,HARQ,Size_Long,300,0.01,1,38,0,2.6813,0.877193,895.088
5569,KB4,HARQ,Size_Long,300,0.01,1,38,0,2.6876,0.877193,892.99
5570,KB4,HARQ,Size_Long,300,0.01,1,38,0,2.6838,0.877193,894.254
5571,KB4,HARQ,Size_Long,300,0.01,1,38,1,2.7418,0.854701,875.337
5572,KB4,HARQ,Size_Long,300,0.01,1,38,0,2.7198,0.877193,882.418
5573,KB4,HARQ,Size_Long,300,0.01,1,38,0,2.7,0.877193,888.889
5574,KB4,HARQ,Size_Long,300,0.01,1,38,0,2.6807,0.877193,895.289
5575,KB4,HARQ,Size_Long,300,0.01,1,38,0,2.6861,0.877193,893.489
5576,KB4,HARQ,Size_Long,300,0.01,1,38,0,2.6778,0.877193,896.258
5577,KB4,HARQ,Size_Long,300,0.01,1,38,0,2.685,0.877193,893.855
5578,KB4,HARQ,Size_Long,300,0.01,1,38,0,2.8144,0.877193,852.757
5579,KB4,HARQ,Size_Long,300,0.01,1,38,0,2.6793,0.877193,895.756
5580,KB4,HARQ,Size_Long,300,0.01,1,38,1,2.7532,0.854701,871.713
5581,KB4,HARQ,Size_Long,300,0.01,1,38,0,2.6908,0.877193,891.928
5582,KB4,HARQ,Size_Long,300,0.01,1,38,1,2.743,0.854701,874.954
5583,KB4,HARQ,Size_Long,300,0.01,1,38,0,2.7016,0.877193,888.362
5584,KB4,HARQ,Size_Long,300,0.01,1,38,0,2.7684,0.877193,866.927
5585,KB4,HARQ,Size_Long,300,0.01,1,38,0,2.6839,0.877193,894.221
5586,KB4,HARQ,Size_Long,300,0.01,1,38,0,2.6815,0.877193,895.021
5587,KB4,HARQ,Size_Long,300,0.01,1,38,0,2.6924,0.877193,891.398
5588,KB4,HARQ,Size_Long,300,0.01,1,38,0,2.6818,0.877193,894.921
5589,KB4,HARQ,Size_Long,300,0.01,1,38,0,2.7904,0.877193,860.092
5590,KB4,HARQ,Size_Long,300,0.01,1,38,0,2.6821,0.877193,894.821
5591,KB4,HARQ,Size_Long,300,0.01,1,38,0,2.6944,0.877193,890.736
5592,KB4,HARQ,Size_Long,300,0.01,1,38,0,2.6845,0.877193,894.021
5593,KB4,HARQ,Size_Long,300,0.01,1,38,1,2.9671,0.854701,808.871
5594,KB4,HARQ,Size_Long,300,0.01,1,38,0,2.7283,0.877193,879.669
5595,KB4,HARQ,Size_Long,300,0.01,1,38,1,2.8212,0.854701,850.702
5596,KB4,HARQ,Size_Long,300,0.01,1,38,0,2.679,0.877193,895.857
5597,KB4,HARQ,Size_Long,300,0.01,1,38,0,2.6888,0.877193,892.591
5598,KB4,HARQ,Size_Long,300,0.01,1,38,0,2.6822,0.877193,894.788
5599,KB4,HARQ,Size_Long,300,0.01,1,38,0,2.6892,0.877193,892.459
5600,KB4,HARQ,Size_Long,300,0.01,1,38,2,2.9279,0.833333,819.7
5601,KB4,HARQ,Size_Long,300,0.01,1,38,0,2.7136,0.877193,884.434
5602,KB4,HARQ,Size_Long,300,0.01,1,38,0,2.6248,0.877193,914.355
5603,KB4,HARQ,Size_Long,300,0.01,1,38,0,2.6265,0.877193,913.764
5604,KB4,HARQ,Size_Long,300,0.01,1,38,0,2.6627,0.877193,901.341
5605,KB4,HARQ,Size_Long,300,0.01,1,38,0,2.6569,0.877193,903.308
5606,KB4,HARQ,Size_Long,300,0.01,1,38,0,2.6968,0.877193,889.944
5607,KB4,HARQ,Size_Long,300,0.01,1,38,2,2.7287,0.833333,879.54
5608,KB4,HARQ,Size_Long,300,0.01,1,38,0,2.6531,0.877193,904.602
5609,KB4,HARQ,Size_Long,300,0.01,1,38,0,2.6568,0.877193,903.342
5610,KB4,HARQ,Size_Long,300,0.01,1,38,0,2.6211,0.877193,915.646
5611,KB4,HARQ,Size_Long,300,0.01,1,38,0,2.6233,0.877193,914.878
5612,KB4,HARQ,Size_Long,300,0.01,1,38,1,2.7981,0.854701,857.725
5613,KB4,HARQ,Size_Long,300,0.01,1,38,0,2.6317,0.877193,911.958
5614,KB4,HARQ,Size_Long,300,0.01,1,38,0,2.614,0.877193,918.133
5615,KB4,HARQ,Size_Long,300,0.01,1,38,1,2.7189,0.854701,882.71
5616,KB4,HARQ,Size_Long,300,0.01,1,38,0,2.6497,0.877193,905.763
5617,KB4,HARQ,Size_Long,300,0.01,1,38,1,2.6885,0.854701,892.691
5618,KB4,HARQ,Size_Long,300,0.01,1,38,1,2.7754,0.854701,864.74
5619,KB4,HARQ,Size_Long,300,0.01,1,38,0,2.6816,0.877193,894.988
5620,KB4,HARQ,Size_Long,300,0.01,1,38,0,2.6208,0.877193,915.751
5621,KB4,HARQ,Size_Long,300,0.01,1,38,0,2.6252,0.877193,914.216
5622,KB4,HARQ,Size_Long,300,0.01,1,38,0,2.6525,0.877193,904.807
5623,KB4,HARQ,Size_Long,300,0.01,1,38,0,2.7676,0.877193,867.177
5624,KB4,HARQ,Size_Long,300,0.01,1,38,1,2.6787,0.854701,895.957
5625,KB4,HARQ,Size_Long,300,0.01,1,38,1,2.6832,0.854701,894.454
5626,KB4,HARQ,Size_Long,300,0.01,1,38,1,2.7073,0.854701,886.492
5627,KB4,HARQ,Size_Long,300,0.01,1,38,2,2.7919,0.833333,859.63
5628,KB4,HARQ,Size_Long,300,0.01,1,38,0,2.6241,0.877193,914.599
5629,KB4,HARQ,Size_Long,300,0.01,1,38,0,2.747,0.877193,873.68
5630,KB4,HARQ,Size_Long,300,0.01,1,38,1,2.7125,0.854701,884.793
5631,KB4,HARQ,Size_Long,300,0.01,1,38,1,2.6853,0.854701,893.755
5632,KB4,HARQ,Size_Long,300,0.01,1,38,0,2.6217,0.877193,915.437
5633,KB4,HARQ,Size_Long,300,0.01,1,38,1,2.7238,0.854701,881.122
5634,KB4,HARQ,Size_Long,300,0.01,1,38,1,2.7136,0.854701,884.434
5635,KB4,HARQ,Size_Long,300,0.01,1,38,0,2.7163,0.877193,883.555
5636,KB4,HARQ,Size_Long,300,0.01,1,38,1,2.6719,0.854701,898.237
5637,KB4,HARQ,Size_Long,300,0.01,1,38,1,2.7585,0.854701,870.038
5638,KB4,HARQ,Size_Long,300,0.01,1,38,0,2.6191,0.877193,916.345
5639,KB4,HARQ,Size_Long,300,0.01,1,38,0,2.6282,0.877193,913.173
5640,KB4,HARQ,Size_Long,300,0.01,1,38,0,2.6467,0.877193,906.79
5641,KB4,HARQ,Size_Long,300,0.01,1,38,0,2.6629,0.877193,901.273
5642,KB4,HARQ,Size_Long,300,0.01,1,38,1,2.6841,0.854701,894.154
5643,KB4,HARQ,Size_Long,300,0.01,1,38,0,2.6371,0.877193,910.091
5644,KB4,HARQ,Size_Long,300,0.01,1,38,0,2.6833,0.877193,894.421
5645,KB4,HARQ,Size_Long,300,0.01,1,38,0,2.627,0.877193,913.59
5646,KB4,HARQ,Size_Long,300,0.01,1,38,0,2.703,0.877193,887.902
5647,KB4,HARQ,Size_Long,300,0.01,1,38,1,2.724,0.854701,881.057
5648,KB4,HARQ,Size_Long,300,0.01,1,38,0,2.6502,0.877193,905.592
5649,KB4,HARQ,Size_Long,300,0.01,1,38,0,2.625,0.877193,914.286
5650,KB4,HARQ,Size_Long,300,0.01,1,38,1,2.6814,0.854701,895.055
5651,KB4,HARQ,Size_Long,300,0.01,1,38,0,2.6618,0.877193,901.646
5652,KB4,HARQ,Size_Long,300,0.01,1,38,1,2.7846,0.854701,861.883
5653,KB4,HARQ,Size_Long,300,0.01,1,38,2,2.7501,0.833333,872.696
5654,KB4,HARQ,Size_Long,300,0.01,1,38,0,2.649,0.877193,906.002
5655,KB4,HARQ,Size_Long,300,0.01,1,38,0,2.653,0.877193,904.636
5656,KB4,HARQ,Size_Long,300,0.01,1,38,0,2.6249,0.877193,914.321
5657,KB4,HARQ,Size_Long,300,0.01,1,38,1,2.6872,0.854701,893.123
5658,KB4,HARQ,Size_Long,300,0.01,1,38,0,3.0485,0.877193,787.272
5659,KB4,HARQ,Size_Long,300,0.01,1,38,1,2.719,0.854701,882.677
5660,KB4,HARQ,Size_Long,300,0.01,1,38,0,2.6181,0.877193,916.695
5661,KB4,HARQ,Size_Long,300,0.01,1,38,0,2.6296,0.877193,912.686
5662,KB4,HARQ,Size_Long,300,0.01,1,38,2,2.7985,0.833333,857.602
5663,KB4,HARQ,Size_Long,300,0.01,1,38,0,3.181,0.877193,754.48
5664,KB4,HARQ,Size_Long,300,0.01,1,38,1,2.6746,0.854701,897.33
5665,KB4,HARQ,Size_Long,300,0.01,1,38,2,2.7785,0.833333,863.775
5666,KB4,HARQ,Size_Long,300,0.01,1,38,0,2.6509,0.877193,905.353
5667,KB4,HARQ,Size_Long,300,0.01,1,38,0,2.6232,0.877193,914.913
5668,KB4,HARQ,Size_Long,300,0.01,1,38,1,2.6724,0.854701,898.069
5669,KB4,HARQ,Size_Long,300,0.01,1,38,0,2.8575,0.877193,839.895
5670,KB4,HARQ,Size_Long,300,0.01,1,38,1,2.6779,0.854701,896.225
5671,KB4,HARQ,Size_Long,300,0.01,1,38,1,2.7338,0.854701,877.899
5672,KB4,HARQ,Size_Long,300,0.01,1,38,1,2.7438,0.854701,874.699
5673,KB4,HARQ,Size_Long,300,0.01,1,38,1,2.7407,0.854701,875.689
5674,KB4,HARQ,Size_Long,300,0.01,1,38,0,2.7543,0.877193,871.365
5675,KB4,HARQ,Size_Long,300,0.01,1,38,0,2.7282,0.877193,879.701
5676,KB4,HARQ,Size_Long,300,0.01,1,38,0,2.6876,0.877193,892.99
5677,KB4,HARQ,Size_Long,300,0.01,1,38,0,2.686,0.877193,893.522
5678,KB4,HARQ,Size_Long,300,0.01,1,38,1,2.7372,0.854701,876.808
5679,KB4,HARQ,Size_Long,300,0.01,1,38,1,2.7507,0.854701,872.505
5680,KB4,HARQ,Size_Long,300,0.01,1,38,1,2.7997,0.854701,857.235
5681,KB4,HARQ,Size_Long,300,0.01,1,38,0,2.7094,0.877193,885.805
5682,KB4,HARQ,Size_Long,300,0.01,1,38,0,2.6793,0.877193,895.756
5683,KB4,HARQ,Size_Long,300,0.01,1,38,1,2.741,0.854701,875.593
5684,KB4,HARQ,Size_Long,300,0.01,1,38,0,2.6751,0.877193,897.163
5685,KB4,HARQ,Size_Long,300,0.01,1,38,0,2.7147,0.877193,884.076
5686,KB4,HARQ,Size_Long,300,0.01,1,38,1,2.7441,0.854701,874.604
5687,KB4,HARQ,Size_Long,300,0.01,1,38,3,2.8715,0.813008,835.8
5688,KB4,HARQ,Size_Long,300,0.01,1,38,0,2.6735,0.877193,897.7
5689,KB4,HARQ,Size_Long,300,0.01,1,38,1,2.7449,0.854701,874.349
5690,KB4,HARQ,Size_Long,300,0.01,1,38,0,2.6873,0.877193,893.09
5691,KB4,HARQ,Size_Long,300,0.01,1,38,0,2.7345,0.877193,877.674
5692,KB4,HARQ,Size_Long,300,0.01,1,38,0,2.6807,0.877193,895.289
5693,KB4,HARQ,Size_Long,300,0.01,1,38,1,2.7465,0.854701,873.839
5694,KB4,HARQ,Size_Long,300,0.01,1,38,0,2.6799,0.877193,895.556
5695,KB4,HARQ,Size_Long,300,0.01,1,38,0,2.6852,0.877193,893.788
5696,KB4,HARQ,Size_Long,300,0.01,1,38,0,2.6817,0.877193,894.955
5697,KB4,HARQ,Size_Long,300,0.01,1,38,2,2.8738,0.833333,835.131
5698,KB4,HARQ,Size_Long,300,0.01,1,38,0,2.6825,0.877193,894.688
5699,KB4,HARQ,Size_Long,300,0.01,1,38,2,2.8179,0.833333,851.698
5700,KB4,HARQ,Size_Long,300,0.01,1,38,0,2.6864,0.877193,893.389
5701,KB4,HARQ,Size_Long,300,0.01,1,38,0,2.6916,0.877193,891.663
5702,KB4,HARQ,Size_Long,300,0.01,1,38,0,2.7693,0.877193,866.645
5703,KB4,HARQ,Size_Long,300,0.01,1,38,0,2.6899,0.877193,892.226
5704,KB4,HARQ,Size_Long,300,0.01,1,38,0,2.6877,0.877193,892.957
5705,KB4,HARQ,Size_Long,300,0.01,1,38,1,2.7497,0.854701,872.822
5706,KB4,HARQ,Size_Long,300,0.01,1,38,2,2.8056,0.833333,855.432
5707,KB4,HARQ,Size_Long,300,0.01,1,38,0,2.6514,0.877193,905.182
5708,KB4,HARQ,Size_Long,300,0.01,1,38,0,2.7409,0.877193,875.625
5709,KB4,HARQ,Size_Long,300,0.01,1,38,1,2.689,0.854701,892.525
5710,KB4,HARQ,Size_Long,300,0.01,1,38,0,2.6159,0.877193,917.466
5711,KB4,HARQ,Size_Long,300,0.01,1,38,0,2.6763,0.877193,896.76
5712,KB4,HARQ,Size_Long,300,0.01,1,38,0,2.6244,0.877193,914.495
5713,KB4,HARQ,Size_Long,300,0.01,1,38,0,2.6314,0.877193,912.062
5714,KB4,HARQ,Size_Long,300,0.01,1,38,1,2.8049,0.854701,855.645
5715,KB4,HARQ,Size_Long,300,0.01,1,38,0,2.6617,0.877193,901.679
5716,KB4,HARQ,Size_Long,300,0.01,1,38,1,2.6816,0.854701,894.988
5717,KB4,HARQ,Size_Long,300,0.01,1,38,0,2.6272,0.877193,913.52
5718,KB4,HARQ,Size_Long,300,0.01,1,38,1,2.7113,0.854701,885.184
5719,KB4,HARQ,Size_Long,300,0.01,1,38,0,2.745,0.877193,874.317
5720,KB4,HARQ,Size_Long,300,0.01,1,38,2,2.7491,0.833333,873.013
5721,KB4,HARQ,Size_Long,300,0.01,1,38,0,2.6507,0.877193,905.421
5722,KB4,HARQ,Size_Long,300,0.01,1,38,0,2.6547,0.877193,904.057
5723,KB4,HARQ,Size_Long,300,0.01,1,38,0,2.6299,0.877193,912.582
5724,KB4,HARQ,Size_Long,300,0.01,1,38,0,2.6275,0.877193,913.416
5725,KB4,HARQ,Size_Long,300,0.01,1,38,1,2.7506,0.854701,872.537
5726,KB4,HARQ,Size_Long,300,0.01,1,38,0,2.65,0.877193,905.66
5727,KB4,HARQ,Size_Long,300,0.01,1,38,0,2.6277,0.877193,913.346
5728,KB4,HARQ,Size_Long,300,0.01,1,38,0,2.6197,0.877193,916.135
5729,KB4,HARQ,Size_Long,300,0.01,1,38,0,2.6873,0.877193,893.09
5730,KB4,HARQ,Size_Long,300,0.01,1,38,0,2.6216,0.877193,915.471
5731,KB4,HARQ,Size_Long,300,0.01,1,38,1,2.7477,0.854701,873.458
5732,KB4,HARQ,Size_Long,300,0.01,1,38,0,2.6568,0.877193,903.342
5733,KB4,HARQ,Size_Long,300,0.01,1,38,0,2.6595,0.877193,902.425
5734,KB4,HARQ,Size_Long,300,0.01,1,38,1,2.6869,0.854701,893.223
5735,KB4,HARQ,Size_Long,300,0.01,1,38,0,2.6269,0.877193,913.624
5736,KB4,HARQ,Size_Long,300,0.01,1,38,0,2.6473,0.877193,906.584
5737,KB4,HARQ,Size_Long,300,0.01,1,38,1,2.757,0.854701,870.511
5738,KB4,HARQ,Size_Long,300,0.01,1,38,0,2.6249,0.877193,914.321
5739,KB4,HARQ,Size_Long,300,0.01,1,38,0,2.6258,0.877193,914.007
5740,KB4,HARQ,Size_Long,300,0.01,1,38,0,2.6559,0.877193,903.648
5741,KB4,HARQ,Size_Long,300,0.01,1,38,0,2.6357,0.877193,910.574
5742,KB4,HARQ,Size_Long,300,0.01,1,38,0,2.6958,0.877193,890.274
5743,KB4,HARQ,Size_Long,300,0.01,1,38,0,2.6622,0.877193,901.51
5744,KB4,HARQ,Size_Long,300,0.01,1,38,1,2.7165,0.854701,883.49
5745,KB4,HARQ,Size_Long,300,0.01,1,38,1,2.6911,0.854701,891.829
5746,KB4,HARQ,Size_Long,300,0.01,1,38,0,2.6226,0.877193,915.122
5747,KB4,HARQ,Size_Long,300,0.01,1,38,0,2.6857,0.877193,893.622
5748,KB4,HARQ,Size_Long,300,0.01,1,38,0,2.7178,0.877193,883.067
5749,KB4,HARQ,Size_Long,300,0.01,1,38,1,2.6938,0.854701,890.935
5750,KB4,HARQ,Size_Long,300,0.01,1,38,1,2.7109,0.854701,885.315
5751,KB4,HARQ,Size_Long,300,0.01,1,38,1,2.7237,0.854701,881.154
5752,KB4,HARQ,Size_Long,300,0.01,1,38,1,2.6881,0.854701,892.824
5753,KB4,HARQ,Size_Long,300,0.01,1,38,1,2.694,0.854701,890.869
5754,KB4,HARQ,Size_Long,300,0.01,1,38,0,2.7444,0.877193,874.508
5755,KB4,HARQ,Size_Long,300,0.01,1,38,0,2.636,0.877193,910.47
5756,KB4,HARQ,Size_Long,300,0.01,1,38,1,2.6883,0.854701,892.758
5757,KB4,HARQ,Size_Long,300,0.01,1,38,0,2.6637,0.877193,901.002
5758,KB4,HARQ,Size_Long,300,0.01,1,38,1,2.7155,0.854701,883.815
5759,KB4,HARQ,Size_Long,300,0.01,1,38,0,2.6353,0.877193,910.712
5760,KB4,HARQ,Size_Long,300,0.01,1,38,0,2.7095,0.877193,885.772
5761,KB4,HARQ,Size_Long,300,0.01,1,38,1,2.717,0.854701,883.327
5762,KB4,HARQ,Size_Long,300,0.01,1,38,0,2.6583,0.877193,902.833
5763,KB4,HARQ,Size_Long,300,0.01,1,38,0,2.6318,0.877193,911.923
5764,KB4,HARQ,Size_Long,300,0.01,1,38,0,2.6215,0.877193,915.506
5765,KB4,HARQ,Size_Long,300,0.01,1,38,0,2.7362,0.877193,877.129
5766,KB4,HARQ,Size_Long,300,0.01,1,38,2,2.7509,0.833333,872.442
5767,KB4,HARQ,Size_Long,300,0.01,1,38,0,2.6353,0.877193,910.712
5768,KB4,HARQ,Size_Long,300,0.01,1,38,0,2.6522,0.877193,904.909
5769,KB4,HARQ,Size_Long,300,0.01,1,38,0,2.6606,0.877193,902.052
5770,KB4,HARQ,Size_Long,300,0.01,1,38,1,2.6877,0.854701,892.957
5771,KB4,HARQ,Size_Long,300,0.01,1,38,1,2.8053,0.854701,855.523
5772,KB4,HARQ,Size_Long,300,0.01,1,38,1,2.7452,0.854701,874.253
5773,KB4,HARQ,Size_Long,300,0.01,1,38,0,2.6329,0.877193,911.542
5774,KB4,HARQ,Size_Long,300,0.01,1,38,2,2.7513,0.833333,872.315
5775,KB4,HARQ,Size_Long,300,0.01,1,38,2,2.7854,0.833333,861.636
5776,KB4,HARQ,Size_Long,300,0.01,1,38,0,2.6663,0.877193,900.124
5777,KB4,HARQ,Size_Long,300,0.01,1,38,0,2.7381,0.877193,876.52
5778,KB4,HARQ,Size_Long,300,0.01,1,38,1,2.861,0.854701,838.868
5779,KB4,HARQ,Size_Long,300,0.01,1,38,0,2.6972,0.877193,889.812
5780,KB4,HARQ,Size_Long,300,0.01,1,38,1,2.6918,0.854701,891.597
5781,KB4,HARQ,Size_Long,300,0.01,1,38,1,2.688,0.854701,892.857
5782,KB4,HARQ,Size_Long,300,0.01,1,38,0,2.7244,0.877193,880.928
5783,KB4,HARQ,Size_Long,300,0.01,1,38,1,2.7156,0.854701,883.783
5784,KB4,HARQ,Size_Long,300,0.01,1,38,0,2.6258,0.877193,914.007
5785,KB4,HARQ,Size_Long,300,0.01,1,38,0,2.6333,0.877193,911.404
5786,KB4,HARQ,Size_Long,300,0.01,1,38,0,2.661,0.877193,901.917
5787,KB4,HARQ,Size_Long,300,0.01,1,38,0,2.6545,0.877193,904.125
5788,KB4,HARQ,Size_Long,300,0.01,1,38,0,2.7225,0.877193,881.543
5789,KB4,HARQ,Size_Long,300,0.01,1,38,1,2.7206,0.854701,882.158
5790,KB4,HARQ,Size_Long,300,0.01,1,38,0,2.644,0.877193,907.716
5791,KB4,HARQ,Size_Long,300,0.01,1,38,0,2.6273,0.877193,913.485
5792,KB4,HARQ,Size_Long,300,0.01,1,38,0,2.6136,0.877193,918.274
5793,KB4,HARQ,Size_Long,300,0.01,1,38,0,2.6596,0.877193,902.391
5794,KB4,HARQ,Size_Long,300,0.01,1,38,2,2.831,0.833333,847.757
5795,KB4,HARQ,Size_Long,300,0.01,1,38,1,2.687,0.854701,893.189
5796,KB4,HARQ,Size_Long,300,0.01,1,38,0,2.6176,0.877193,916.87
5797,KB4,HARQ,Size_Long,300,0.01,1,38,0,2.6871,0.877193,893.156
5798,KB4,HARQ,Size_Long,300,0.01,1,38,0,2.6253,0.877193,914.181
5799,KB4,HARQ,Size_Long,300,0.01,1,38,0,2.621,0.877193,915.681
5800,KB4,HARQ,Size_Long,300,0.01,1,38,0,2.7079,0.877193,886.296
5801,KB4,HARQ,Size_Long,300,0.01,1,38,0,2.6617,0.877193,901.679
5802,KB4,HARQ,Size_Long,300,0.01,1,38,1,2.681,0.854701,895.188
5803,KB4,HARQ,Size_Long,300,0.01,1,38,0,2.6297,0.877193,912.652
5804,KB4,HARQ,Size_Long,300,0.01,1,38,2,2.7737,0.833333,865.27
5805,KB4,HARQ,Size_Long,300,0.01,1,38,0,2.7336,0.877193,877.963
5806,KB4,HARQ,Size_Long,300,0.01,1,38,1,2.6819,0.854701,894.888
5807,KB4,HARQ,Size_Long,300,0.01,1,38,0,2.6606,0.877193,902.052
5808,KB4,HARQ,Size_Long,300,0.01,1,38,0,2.6609,0.877193,901.95
5809,KB4,HARQ,Size_Long,300,0.01,1,38,1,2.6897,0.854701,892.293
5810,KB4,HARQ,Size_Long,300,0.01,1,38,0,2.6226,0.877193,915.122
5811,KB4,HARQ,Size_Long,300,0.01,1,38,1,2.7543,0.854701,871.365
5812,KB4,HARQ,Size_Long,300,0.01,1,38,1,2.7173,0.854701,883.23
5813,KB4,HARQ,Size_Long,300,0.01,1,38,1,2.6926,0.854701,891.332
5814,KB4,HARQ,Size_Long,300,0.01,1,38,1,2.674,0.854701,897.532
5815,KB4,HARQ,Size_Long,300,0.01,1,38,0,2.6923,0.877193,891.431
5816,KB4,HARQ,Size_Long,300,0.01,1,38,0,2.6239,0.877193,914.669
5817,KB4,HARQ,Size_Long,300,0.01,1,38,0,2.6879,0.877193,892.89
5818,KB4,HARQ,Size_Long,300,0.01,1,38,0,2.6594,0.877193,902.459
5819,KB4,HARQ,Size_Long,300,0.01,1,38,0,2.6668,0.877193,899.955
5820,KB4,HARQ,Size_Long,300,0.01,1,38,0,2.6269,0.877193,913.624
5821,KB4,HARQ,Size_Long,300,0.01,1,38,0,2.6329,0.877193,911.542
5822,KB4,HARQ,Size_Long,300,0.01,1,38,0,2.6906,0.877193,891.994
5823,KB4,HARQ,Size_Long,300,0.01,1,38,1,2.6959,0.854701,890.241
5824,KB4,HARQ,Size_Long,300,0.01,1,38,0,2.6233,0.877193,914.878
5825,KB4,HARQ,Size_Long,300,0.01,1,38,0,2.6595,0.877193,902.425
5826,KB4,HARQ,Size_Long,300,0.01,1,38,0,2.6583,0.877193,902.833
5827,KB4,HARQ,Size_Long,300,0.01,1,38,0,2.6275,0.877193,913.416
5828,KB4,HARQ,Size_Long,300,0.01,1,38,0,2.7133,0.877193,884.532
5829,KB4,HARQ,Size_Long,300,0.01,1,38,1,2.7238,0.854701,881.122
5830,KB4,HARQ,Size_Long,300,0.01,1,38,1,2.7255,0.854701,880.572
5831,KB4,HARQ,Size_Long,300,0.01,1,38,0,2.6337,0.877193,911.266
5832,KB4,HARQ,Size_Long,300,0.01,1,38,1,2.6799,0.854701,895.556
5833,KB4,HARQ,Size_Long,300,0.01,1,38,0,2.6569,0.877193,903.308
5834,KB4,HARQ,Size_Long,300,0.01,1,38,1,2.7568,0.854701,870.575
5835,KB4,HARQ,Size_Long,300,0.01,1,38,0,2.6313,0.877193,912.097
5836,KB4,HARQ,Size_Long,300,0.01,1,38,0,2.6542,0.877193,904.227
5837,KB4,HARQ,Size_Long,300,0.01,1,38,1,2.7196,0.854701,882.483
5838,KB4,HARQ,Size_Long,300,0.01,1,38,0,2.632,0.877193,911.854
5839,KB4,HARQ,Size_Long,300,0.01,1,38,1,2.7104,0.854701,885.478
5840,KB4,HARQ,Size_Long,300,0.01,1,38,2,3.1596,0.833333,759.59
5841,KB4,HARQ,Size_Long,300,0.01,1,38,1,2.7132,0.854701,884.564
5842,KB4,HARQ,Size_Long,300,0.01,1,38,0,2.6468,0.877193,906.755
5843,KB4,HARQ,Size_Long,300,0.01,1,38,0,2.6787,0.877193,895.957
5844,KB4,HARQ,Size_Long,300,0.01,1,38,0,2.6723,0.877193,898.103
5845,KB4,HARQ,Size_Long,300,0.01,1,38,1,3.0573,0.854701,785.006
5846,KB4,HARQ,Size_Long,300,0.01,1,38,0,2.6445,0.877193,907.544
5847,KB4,HARQ,Size_Long,300,0.01,1,38,0,2.7018,0.877193,888.297
5848,KB4,HARQ,Size_Long,300,0.01,1,38,0,2.6538,0.877193,904.364
5849,KB4,HARQ,Size_Long,300,0.01,1,38,0,2.7287,0.877193,879.54
5850,KB4,HARQ,Size_Long,300,0.01,1,38,1,2.8552,0.854701,840.572
5851,KB4,HARQ,Size_Long,300,0.01,1,38,0,2.7164,0.877193,883.522
5852,KB4,HARQ,Size_Long,300,0.01,1,38,0,2.7012,0.877193,888.494
5853,KB4,HARQ,Size_Long,300,0.01,1,38,0,2.6956,0.877193,890.34
5854,KB4,HARQ,Size_Long,300,0.01,1,38,0,2.8644,0.877193,837.872
5855,KB4,HARQ,Size_Long,300,0.01,1,38,0,2.6846,0.877193,893.988
5856,KB4,HARQ,Size_Long,300,0.01,1,38,0,2.7463,0.877193,873.903
5857,KB4,HARQ,Size_Long,300,0.01,1,38,0,2.6956,0.877193,890.34
5858,KB4,HARQ,Size_Long,300,0.01,1,38,0,2.682,0.877193,894.855
5859,KB4,HARQ,Size_Long,300,0.01,1,38,1,2.7518,0.854701,872.156
5860,KB4,HARQ,Size_Long,300,0.01,1,38,0,2.7078,0.877193,886.328
5861,KB4,HARQ,Size_Long,300,0.01,1,38,1,2.754,0.854701,871.46
5862,KB4,HARQ,Size_Long,300,0.01,1,38,0,2.748,0.877193,873.362
5863,KB4,HARQ,Size_Long,300,0.01,1,38,0,2.688,0.877193,892.857
5864,KB4,HARQ,Size_Long,300,0.01,1,38,0,2.6872,0.877193,893.123
5865,KB4,HARQ,Size_Long,300,0.01,1,38,0,2.683,0.877193,894.521
5866,KB4,HARQ,Size_Long,300,0.01,1,38,1,2.7831,0.854701,862.348
5867,KB4,HARQ,Size_Long,300,0.01,1,38,1,2.8483,0.854701,842.608
5868,KB4,HARQ,Size_Long,300,0.01,1,38,0,2.6892,0.877193,892.459
5869,KB4,HARQ,Size_Long,300,0.01,1,38,1,2.7491,0.854701,873.013
5870,KB4,HARQ,Size_Long,300,0.01,1,38,1,2.7463,0.854701,873.903
5871,KB4,HARQ,Size_Long,300,0.01,1,38,1,2.7537,0.854701,871.555
5872,KB4,HARQ,Size_Long,300,0.01,1,38,0,2.6906,0.877193,891.994
5873,KB4,HARQ,Size_Long,300,0.01,1,38,0,2.7348,0.877193,877.578
5874,KB4,HARQ,Size_Long,300,0.01,1,38,3,2.8743,0.813008,834.986
5875,KB4,HARQ,Size_Long,300,0.01,1,38,1,2.7528,0.854701,871.84
5876,KB4,HARQ,Size_Long,300,0.01,1,38,0,2.682,0.877193,894.855
5877,KB4,HARQ,Size_Long,300,0.01,1,38,1,2.7429,0.854701,874.986
5878,KB4,HARQ,Size_Long,300,0.01,1,38,0,2.736,0.877193,877.193
5879,KB4,HARQ,Size_Long,300,0.01,1,38,2,2.8244,0.833333,849.738
5880,KB4,HARQ,Size_Long,300,0.01,1,38,1,2.7397,0.854701,876.008
5881,KB4,HARQ,Size_Long,300,0.01,1,38,0,2.6865,0.877193,893.356
5882,KB4,HARQ,Size_Long,300,0.01,1,38,1,2.7541,0.854701,871.428
5883,KB4,HARQ,Size_Long,300,0.01,1,38,1,2.755,0.854701,871.143
5884,KB4,HARQ,Size_Long,300,0.01,1,38,0,2.7725,0.877193,865.645
5885,KB4,HARQ,Size_Long,300,0.01,1,38,0,2.6777,0.877193,896.292
5886,KB4,HARQ,Size_Long,300,0.01,1,38,0,2.658,0.877193,902.935
5887,KB4,HARQ,Size_Long,300,0.01,1,38,0,2.6299,0.877193,912.582
5888,KB4,HARQ,Size_Long,300,0.01,1,38,0,2.6234,0.877193,914.843
5889,KB4,HARQ,Size_Long,300,0.01,1,38,1,2.7478,0.854701,873.426
5890,KB4,HARQ,Size_Long,300,0.01,1,38,1,2.7712,0.854701,866.051
5891,KB4,HARQ,Size_Long,300,0.01,1,38,2,2.7578,0.833333,870.259
5892,KB4,HARQ,Size_Long,300,0.01,1,38,1,2.7124,0.854701,884.825
5893,KB4,HARQ,Size_Long,300,0.01,1,38,0,2.6646,0.877193,900.698
5894,KB4,HARQ,Size_Long,300,0.01,1,38,0,2.621,0.877193,915.681
5895,KB4,HARQ,Size_Long,300,0.01,1,38,0,2.6866,0.877193,893.322
5896,KB4,HARQ,Size_Long,300,0.01,1,38,1,2.7161,0.854701,883.62
5897,KB4,HARQ,Size_Long,300,0.01,1,38,0,2.6296,0.877193,912.686
5898,KB4,HARQ,Size_Long,300,0.01,1,38,0,2.6312,0.877193,912.131
5899,KB4,HARQ,Size_Long,300,0.01,1,38,1,2.7174,0.854701,883.197
5900,KB4,HARQ,Size_Long,300,0.01,1,38,0,2.6566,0.877193,903.41
5901,KB4,HARQ,Size_Long,300,0.01,1,38,2,2.8377,0.833333,845.755
5902,KB4,HARQ,Size_Long,300,0.01,1,38,0,2.6245,0.877193,914.46
5903,KB4,HARQ,Size_Long,300,0.01,1,38,0,2.6553,0.877193,903.853
5904,KB4,HARQ,Size_Long,300,0.01,1,38,0,2.6634,0.877193,901.104
5905,KB4,HARQ,Size_Long,300,0.01,1,38,1,2.6899,0.854701,892.226
5906,KB4,HARQ,Size_Long,300,0.01,1,38,1,2.6844,0.854701,894.055
5907,KB4,HARQ,Size_Long,300,0.01,1,38,0,2.7872,0.877193,861.079
5908,KB4,HARQ,Size_Long,300,0.01,1,38,2,2.7466,0.833333,873.808
5909,KB4,HARQ,Size_Long,300,0.01,1,38,0,2.6289,0.877193,912.929
5910,KB4,HARQ,Size_Long,300,0.01,1,38,0,2.6526,0.877193,904.773
5911,KB4,HARQ,Size_Long,300,0.01,1,38,0,2.6544,0.877193,904.159
5912,KB4,HARQ,Size_Long,300,0.01,1,38,1,2.6844,0.854701,894.055
5913,KB4,HARQ,Size_Long,300,0.01,1,38,0,2.7197,0.877193,882.45
5914,KB4,HARQ,Size_Long,300,0.01,1,38,1,2.7527,0.854701,871.871
5915,KB4,HARQ,Size_Long,300,0.01,1,38,1,2.6912,0.854701,891.795
5916,KB4,HARQ,Size_Long,300,0.01,1,38,1,2.687,0.854701,893.189
5917,KB4,HARQ,Size_Long,300,0.01,1,38,2,2.7898,0.833333,860.277
5918,KB4,HARQ,Size_Long,300,0.01,1,38,0,2.8088,0.877193,854.457
5919,KB4,HARQ,Size_Long,300,0.01,1,38,0,2.6285,0.877193,913.068
5920,KB4,HARQ,Size_Long,300,0.01,1,38,0,2.6232,0.877193,914.913
5921,KB4,HARQ,Size_Long,300,0.01,1,38,0,2.6743,0.877193,897.431
5922,KB4,HARQ,Size_Long,300,0.01,1,38,1,2.6874,0.854701,893.056
5923,KB4,HARQ,Size_Long,300,0.01,1,38,0,2.7667,0.877193,867.459
5924,KB4,HARQ,Size_Long,300,0.01,1,38,0,2.7319,0.877193,878.509
5925,KB4,HARQ,Size_Long,300,0.01,1,38,0,2.6673,0.877193,899.786
5926,KB4,HARQ,Size_Long,300,0.01,1,38,0,2.6208,0.877193,915.751
5927,KB4,HARQ,Size_Long,300,0.01,1,38,1,2.6918,0.854701,891.597
5928,KB4,HARQ,Size_Long,300,0.01,1,38,0,2.6598,0.877193,902.323
5929,KB4,HARQ,Size_Long,300,0.01,1,38,0,2.6606,0.877193,902.052
5930,KB4,HARQ,Size_Long,300,0.01,1,38,0,2.7016,0.877193,888.362
5931,KB4,HARQ,Size_Long,300,0.01,1,38,1,2.717,0.854701,883.327
5932,KB4,HARQ,Size_Long,300,0.01,1,38,1,2.7212,0.854701,881.964
5933,KB4,HARQ,Size_Long,300,0.01,1,38,0,2.6258,0.877193,914.007
5934,KB4,HARQ,Size_Long,300,0.01,1,38,0,2.7773,0.877193,864.149
5935,KB4,HARQ,Size_Long,300,0.01,1,38,1,2.8339,0.854701,846.889
5936,KB4,HARQ,Size_Long,300,0.01,1,38,0,2.6644,0.877193,900.766
5937,KB4,HARQ,Size_Long,300,0.01,1,38,0,2.6232,0.877193,914.913
5938,KB4,HARQ,Size_Long,300,0.01,1,38,0,2.6557,0.877193,903.717
5939,KB4,HARQ,Size_Long,300,0.01,1,38,1,2.7471,0.854701,873.649
5940,KB4,HARQ,Size_Long,300,0.01,1,38,0,2.6317,0.877193,911.958
5941,KB4,HARQ,Size_Long,300,0.01,1,38,1,2.7593,0.854701,869.786
5942,KB4,HARQ,Size_Long,300,0.01,1,38,0,2.6576,0.877193,903.07
5943,KB4,HARQ,Size_Long,300,0.01,1,38,0,2.6598,0.877193,902.323
5944,KB4,HARQ,Size_Long,300,0.01,1,38,0,2.6241,0.877193,914.599
5945,KB4,HARQ,Size_Long,300,0.01,1,38,1,2.6912,0.854701,891.795
5946,KB4,HARQ,Size_Long,300,0.01,1,38,0,2.6885,0.877193,892.691
5947,KB4,HARQ,Size_Long,300,0.01,1,38,0,2.7289,0.877193,879.475
5948,KB4,HARQ,Size_Long,300,0.01,1,38,0,2.627,0.877193,913.59
5949,KB4,HARQ,Size_Long,300,0.01,1,38,0,2.8183,0.877193,851.577
5950,KB4,HARQ,Size_Long,300,0.01,1,38,0,2.7095,0.877193,885.772
5951,KB4,HARQ,Size_Long,300,0.01,1,38,0,2.6269,0.877193,913.624
5952,KB4,HARQ,Size_Long,300,0.01,1,38,1,2.6855,0.854701,893.688
5953,KB4,HARQ,Size_Long,300,0.01,1,38,0,2.9625,0.877193,810.127
5954,KB4,HARQ,Size_Long,300,0.01,1,38,0,2.6264,0.877193,913.798
5955,KB4,HARQ,Size_Long,300,0.01,1,38,1,2.689,0.854701,892.525
5956,KB4,HARQ,Size_Long,300,0.01,1,38,1,2.7171,0.854701,883.295
5957,KB4,HARQ,Size_Long,300,0.01,1,38,0,2.6708,0.877193,898.607
5958,KB4,HARQ,Size_Long,300,0.01,1,38,1,2.7428,0.854701,875.018
5959,KB4,HARQ,Size_Long,300,0.01,1,38,0,2.6326,0.877193,911.646
5960,KB4,HARQ,Size_Long,300,0.01,1,38,1,2.7133,0.854701,884.532
5961,KB4,HARQ,Size_Long,300,0.01,1,38,0,2.6624,0.877193,901.442
5962,KB4,HARQ,Size_Long,300,0.01,1,38,1,2.8718,0.854701,835.713
5963,KB4,HARQ,Size_Long,300,0.01,1,38,1,2.772,0.854701,865.801
5964,KB4,HARQ,Size_Long,300,0.01,1,38,1,2.717,0.854701,883.327
5965,KB4,HARQ,Size_Long,300,0.01,1,38,2,2.7535,0.833333,871.618
5966,KB4,HARQ,Size_Long,300,0.01,1,38,0,2.6239,0.877193,914.669
5967,KB4,HARQ,Size_Long,300,0.01,1,38,0,2.6548,0.877193,904.023
5968,KB4,HARQ,Size_Long,300,0.01,1,38,0,2.6605,0.877193,902.086
5969,KB4,HARQ,Size_Long,300,0.01,1,38,0,2.7077,0.877193,886.361
5970,KB4,HARQ,Size_Long,300,0.01,1,38,1,2.6875,0.854701,893.023
5971,KB4,HARQ,Size_Long,300,0.01,1,38,1,2.752,0.854701,872.093
5972,KB4,HARQ,Size_Long,300,0.01,1,38,1,2.6859,0.854701,893.555
5973,KB4,HARQ,Size_Long,300,0.01,1,38,0,2.6304,0.877193,912.409
5974,KB4,HARQ,Size_Long,300,0.01,1,38,0,2.6502,0.877193,905.592
5975,KB4,HARQ,Size_Long,300,0.01,1,38,0,2.7538,0.877193,871.523
5976,KB4,HARQ,Size_Long,300,0.01,1,38,0,2.6238,0.877193,914.704
5977,KB4,HARQ,Size_Long,300,0.01,1,38,0,2.6303,0.877193,912.443
5978,KB4,HARQ,Size_Long,300,0.01,1,38,1,2.7429,0.854701,874.986
5979,KB4,HARQ,Size_Long,300,0.01,1,38,2,2.7598,0.833333,869.628
5980,KB4,HARQ,Size_Long,300,0.01,1,38,0,2.6196,0.877193,916.17
5981,KB4,HARQ,Size_Long,300,0.01,1,38,2,2.852,0.833333,841.515
5982,KB4,HARQ,Size_Long,300,0.01,1,38,1,2.716,0.854701,883.652
5983,KB4,HARQ,Size_Long,300,0.01,1,38,1,2.6914,0.854701,891.729
5984,KB4,HARQ,Size_Long,300,0.01,1,38,0,2.6247,0.877193,914.39
5985,KB4,HARQ,Size_Long,300,0.01,1,38,2,2.7814,0.833333,862.875
5986,KB4,HARQ,Size_Long,300,0.01,1,38,1,2.7667,0.854701,867.459
5987,KB4,HARQ,Size_Long,300,0.01,1,38,1,2.7003,0.854701,888.79
5988,KB4,HARQ,Size_Long,300,0.01,1,38,0,2.6547,0.877193,904.057
5989,KB4,HARQ,Size_Long,300,0.01,1,38,0,2.6643,0.877193,900.799
5990,KB4,HARQ,Size_Long,300,0.01,1,38,0,2.6217,0.877193,915.437
5991,KB4,HARQ,Size_Long,300,0.01,1,38,0,2.6243,0.877193,914.53
5992,KB4,HARQ,Size_Long,300,0.01,1,38,0,2.6984,0.877193,889.416
5993,KB4,HARQ,Size_Long,300,0.01,1,38,0,2.6542,0.877193,904.227
5994,KB4,HARQ,Size_Long,300,0.01,1,38,0,2.6149,0.877193,917.817
5995,KB4,HARQ,Size_Long,300,0.01,1,38,0,2.6286,0.877193,913.034
5996,KB4,HARQ,Size_Long,300,0.01,1,38,0,2.6789,0.877193,895.89
5997,KB4,HARQ,Size_Long,300,0.01,1,38,0,2.6281,0.877193,913.207
5998,KB4,HARQ,Size_Long,300,0.01,1,38,0,2.6898,0.877193,892.26
5999,KB4,HARQ,Size_Long,300,0.01,1,38,0,2.6579,0.877193,902.969
6000,KB4,HARQ,Size_Long,300,0.01,1,38,2,2.7867,0.833333,861.234
1,KB4,ARQ,Size_Short,20,0.01,1,3,2,0.049,0.444444,3265.31
2,KB4,ARQ,Size_Short,20,0.01,1,3,3,0.0551,0.37037,2903.81
3,KB4,ARQ,Size_Short,20,0.01,1,3,6,0.072,0.246914,2222.22
4,KB4,ARQ,Size_Short,20,0.01,1,3,0,0.0336,0.740741,4761.9
5,KB4,ARQ,Size_Short,20,0.01,1,3,0,0.0337,0.740741,4747.77
6,KB4,ARQ,Size_Short,20,0.01,1,3,4,0.0606,0.31746,2640.26
7,KB4,ARQ,Size_Short,20,0.01,1,3,0,0.0333,0.740741,4804.8
8,KB4,ARQ,Size_Short,20,0.01,1,3,3,0.0531,0.37037,3013.18
9,KB4,ARQ,Size_Short,20,0.01,1,3,3,0.042,0.37037,3809.52
10,KB4,ARQ,Size_Short,20,0.01,1,3,0,0.0334,0.740741,4790.42
11,KB4,ARQ,Size_Short,20,0.01,1,3,1,0.0398,0.555556,4020.1
12,KB4,ARQ,Size_Short,20,0.01,1,3,1,0.0413,0.555556,3874.09
13,KB4,ARQ,Size_Short,20,0.01,1,3,1,0.0385,0.555556,4155.84
14,KB4,ARQ,Size_Short,20,0.01,1,3,13,0.1119,0.138889,1429.85
15,KB4,ARQ,Size_Short,20,0.01,1,3,2,0.0495,0.444444,3232.32
16,KB4,ARQ,Size_Short,20,0.01,1,3,0,0.0356,0.740741,4494.38
17,KB4,ARQ,Size_Short,20,0.01,1,3,0,0.0332,0.740741,4819.28
18,KB4,ARQ,Size_Short,20,0.01,1,3,3,0.0539,0.37037,2968.46
19,KB4,ARQ,Size_Short,20,0.01,1,3,3,0.0546,0.37037,2930.4
20,KB4,ARQ,Size_Short,20,0.01,1,3,2,0.0414,0.444444,3864.73
21,KB4,ARQ,Size_Short,20,0.01,1,3,2,0.0512,0.444444,3125
22,KB4,ARQ,Size_Short,20,0.01,1,3,3,0.0546,0.37037,2930.4
23,KB4,ARQ,Size_Short,20,0.01,1,3,1,0.0383,0.555556,4177.55
24,KB4,ARQ,Size_Short,20,0.01,1,3,1,0.0378,0.555556,4232.8
25,KB4,ARQ,Size_Short,20,0.01,1,3,1,0.0363,0.555556,4407.71
26,KB4,ARQ,Size_Short,20,0.01,1,3,4,0.0586,0.31746,2730.38
27,KB4,ARQ,Size_Short,20,0.01,1,3,3,0.0543,0.37037,2946.59
28,KB4,ARQ,Size_Short,20,0.01,1,3,5,0.0637,0.277778,2511.77
29,KB4,ARQ,Size_Short,20,0.01,1,3,2,0.0416,0.444444,3846.15
30,KB4,ARQ,Size_Short,20,0.01,1,3,0,0.0335,0.740741,4776.12
31,KB4,ARQ,Size_Short,20,0.01,1,3,2,0.0486,0.444444,3292.18
32,KB4,ARQ,Size_Short,20,0.01,1,3,8,0.0799,0.20202,2002.5
33,KB4,ARQ,Size_Short,20,0.01,1,3,1,0.0387,0.555556,4134.37
34,KB4,ARQ,Size_Short,20,0.01,1,3,4,0.0615,0.31746,2601.63
35,KB4,ARQ,Size_Short,20,0.01,1,3,0,0.0334,0.740741,4790.42
36,KB4,ARQ,Size_Short,20,0.01,1,3,1,0.0387,0.555556,4134.37
37,KB4,ARQ,Size_Short,20,0.01,1,3,1,0.0383,0.555556,4177.55
38,KB4,ARQ,Size_Short,20,0.01,1,3,3,0.0526,0.37037,3041.83
39,KB4,ARQ,Size_Short,20,0.01,1,3,1,0.0405,0.555556,3950.62
40,KB4,ARQ,Size_Short,20,0.01,1,3,8,0.0839,0.20202,1907.03
41,KB4,ARQ,Size_Short,20,0.01,1,3,1,0.0383,0.555556,4177.55
42,KB4,ARQ,Size_Short,20,0.01,1,3,3,0.0525,0.37037,3047.62
43,KB4,ARQ,Size_Short,20,0.01,1,3,1,0.0384,0.555556,4166.67
44,KB4,ARQ,Size_Short,20,0.01,1,3,1,0.0405,0.555556,3950.62
45,KB4,ARQ,Size_Short,20,0.01,1,3,0,0.0332,0.740741,4819.28
46,KB4,ARQ,Size_Short,20,0.01,1,3,2,0.0407,0.444444,3931.2
47,KB4,ARQ,Size_Short,20,0.01,1,3,1,0.0377,0.555556,4244.03
48,KB4,ARQ,Size_Short,20,0.01,1,3,0,0.0337,0.740741,4747.77
49,KB4,ARQ,Size_Short,20,0.01,1,3,3,0.0545,0.37037,2935.78
50,KB4,ARQ,Size_Short,20,0.01,1,3,0,0.0331,0.740741,4833.84
51,KB4,ARQ,Size_Short,20,0.01,1,3,1,0.0386,0.555556,4145.08
52,KB4,ARQ,Size_Short,20,0.01,1,3,8,0.0873,0.20202,1832.76
53,KB4,ARQ,Size_Short,20,0.01,1,3,2,0.0393,0.444444,4071.25
54,KB4,ARQ,Size_Short,20,0.01,1,3,9,0.0903,0.185185,1771.87
55,KB4,ARQ,Size_Short,20,0.01,1,3,4,0.06,0.31746,2666.67
56,KB4,ARQ,Size_Short,20,0.01,1,3,0,0.0337,0.740741,4747.77
57,KB4,ARQ,Size_Short,20,0.01,1,3,0,0.0337,0.740741,4747.77
58,KB4,ARQ,Size_Short,20,0.01,1,3,4,0.0577,0.31746,2772.96
59,KB4,ARQ,Size_Short,20,0.01,1,3,1,0.0404,0.555556,3960.4
60,KB4,ARQ,Size_Short,20,0.01,1,3,3,0.0425,0.37037,3764.71
61,KB4,ARQ,Size_Short,20,0.01,1,3,1,0.038,0.555556,4210.53
62,KB4,ARQ,Size_Short,20,0.01,1,3,0,0.035,0.740741,4571.43
63,KB4,ARQ,Size_Short,20,0.01,1,3,4,0.0576,0.31746,2777.78
64,KB4,ARQ,Size_Short,20,0.01,1,3,4,0.0597,0.31746,2680.07
65,KB4,ARQ,Size_Short,20,0.01,1,3,2,0.0492,0.444444,3252.03
66,KB4,ARQ,Size_Short,20,0.01,1,3,4,0.0571,0.31746,2802.1
67,KB4,ARQ,Size_Short,20,0.01,1,3,3,0.0577,0.37037,2772.96
68,KB4,ARQ,Size_Short,20,0.01,1,3,1,0.0381,0.555556,4199.48
69,KB4,ARQ,Size_Short,20,0.01,1,3,3,0.0546,0.37037,2930.4
70,KB4,ARQ,Size_Short,20,0.01,1,3,1,0.0387,0.555556,4134.37
71,KB4,ARQ,Size_Short,20,0.01,1,3,3,0.0371,0.37037,4312.67
72,KB4,ARQ,Size_Short,20,0.01,1,3,5,0.0477,0.277778,3354.3
73,KB4,ARQ,Size_Short,20,0.01,1,3,3,0.0387,0.37037,4134.37
74,KB4,ARQ,Size_Short,20,0.01,1,3,1,0.0277,0.555556,5776.17
75,KB4,ARQ,Size_Short,20,0.01,1,3,3,0.0384,0.37037,4166.67
76,KB4,ARQ,Size_Short,20,0.01,1,3,3,0.0377,0.37037,4244.03
77,KB4,ARQ,Size_Short,20,0.01,1,3,8,0.0665,0.20202,2406.02
78,KB4,ARQ,Size_Short,20,0.01,1,3,0,0.0245,0.740741,6530.61
79,KB4,ARQ,Size_Short,20,0.01,1,3,3,0.0393,0.37037,4071.25
80,KB4,ARQ,Size_Short,20,0.01,1,3,1,0.0262,0.555556,6106.87
81,KB4,ARQ,Size_Short,20,0.01,1,3,2,0.0356,0.444444,4494.38
82,KB4,ARQ,Size_Short,20,0.01,1,3,3,0.0402,0.37037,3980.1
83,KB4,ARQ,Size_Short,20,0.01,1,3,1,0.0274,0.555556,5839.42
84,KB4,ARQ,Size_Short,20,0.01,1,3,2,0.0294,0.444444,5442.18
85,KB4,ARQ,Size_Short,20,0.01,1,3,3,0.039,0.37037,4102.56
86,KB4,ARQ,Size_Short,20,0.01,1,3,4,0.0382,0.31746,4188.48
87,KB4,ARQ,Size_Short,20,0.01,1,3,3,0.0397,0.37037,4030.23
88,KB4,ARQ,Size_Short,20,0.01,1,3,5,0.0445,0.277778,3595.51
89,KB4,ARQ,Size_Short,20,0.01,1,3,0,0.0239,0.740741,6694.56
90,KB4,ARQ,Size_Short,20,0.01,1,3,1,0.0261,0.555556,6130.27
91,KB4,ARQ,Size_Short,20,0.01,1,3,4,0.0436,0.31746,3669.72
92,KB4,ARQ,Size_Short,20,0.01,1,3,2,0.0336,0.444444,4761.9
93,KB4,ARQ,Size_Short,20,0.01,1,3,4,0.0403,0.31746,3970.22
94,KB4,ARQ,Size_Short,20,0.01,1,3,2,0.0353,0.444444,4532.58
95,KB4,ARQ,Size_Short,20,0.01,1,3,5,0.0446,0.277778,3587.44
96,KB4,ARQ,Size_Short,20,0.01,1,3,2,0.0304,0.444444,5263.16
97,KB4,ARQ,Size_Short,20,0.01,1,3,1,0.0484,0.555556,3305.79
98,KB4,ARQ,Size_Short,20,0.01,1,3,4,0.0574,0.31746,2787.46
99,KB4,ARQ,Size_Short,20,0.01,1,3,5,0.0474,0.277778,3375.53
100,KB4,ARQ,Size_Short,20,0.01,1,3,3,0.0382,0.37037,4188.48
101,KB4,ARQ,Size_Short,20,0.01,1,3,2,0.0359,0.444444,4456.82
102,KB4,ARQ,Size_Short,20,0.01,1,3,5,0.046,0.277778,3478.26
103,KB4,ARQ,Size_Short,20,0.01,1,3,2,0.0355,0.444444,4507.04
104,KB4,ARQ,Size_Short,20,0.01,1,3,1,0.0282,0.555556,5673.76
105,KB4,ARQ,Size_Short,20,0.01,1,3,3,0.0382,0.37037,4188.48
106,KB4,ARQ,Size_Short,20,0.01,1,3,3,0.0388,0.37037,4123.71
107,KB4,ARQ,Size_Short,20,0.01,1,3,0,0.0263,0.740741,6083.65
108,KB4,ARQ,Size_Short,20,0.01,1,3,1,0.0278,0.555556,5755.4
109,KB4,ARQ,Size_Short,20,0.01,1,3,11,0.077,0.15873,2077.92
110,KB4,ARQ,Size_Short,20,0.01,1,3,2,0.0295,0.444444,5423.73
111,KB4,ARQ,Size_Short,20,0.01,1,3,0,0.0243,0.740741,6584.36
112,KB4,ARQ,Size_Short,20,0.01,1,3,1,0.0289,0.555556,5536.33
113,KB4,ARQ,Size_Short,20,0.01,1,3,5,0.0455,0.277778,3516.48
114,KB4,ARQ,Size_Short,20,0.01,1,3,3,0.039,0.37037,4102.56
115,KB4,ARQ,Size_Short,20,0.01,1,3,6,0.0506,0.246914,3162.06
116,KB4,ARQ,Size_Short,20,0.01,1,3,0,0.0241,0.740741,6639
117,KB4,ARQ,Size_Short,20,0.01,1,3,5,0.0433,0.277778,3695.15
118,KB4,ARQ,Size_Short,20,0.01,1,3,3,0.0491,0.37037,3258.66
119,KB4,ARQ,Size_Short,20,0.01,1,3,0,0.0243,0.740741,6584.36
120,KB4,ARQ,Size_Short,20,0.01,1,3,0,0.0262,0.740741,6106.87
121,KB4,ARQ,Size_Short,20,0.01,1,3,4,0.0436,0.31746,3669.72
122,KB4,ARQ,Size_Short,20,0.01,1,3,1,0.0277,0.555556,5776.17
123,KB4,ARQ,Size_Short,20,0.01,1,3,3,0.0389,0.37037,4113.11
124,KB4,ARQ,Size_Short,20,0.01,1,3,2,0.0357,0.444444,4481.79
125,KB4,ARQ,Size_Short,20,0.01,1,3,3,0.0379,0.37037,4221.64
126,KB4,ARQ,Size_Short,20,0.01,1,3,7,0.0575,0.222222,2782.61
127,KB4,ARQ,Size_Short,20,0.01,1,3,4,0.0411,0.31746,3892.94
128,KB4,ARQ,Size_Short,20,0.01,1,3,0,0.0245,0.740741,6530.61
129,KB4,ARQ,Size_Short,20,0.01,1,3,1,0.029,0.555556,5517.24
130,KB4,ARQ,Size_Short,20,0.01,1,3,4,0.0432,0.31746,3703.7
131,KB4,ARQ,Size_Short,20,0.01,1,3,1,0.0277,0.555556,5776.17
132,KB4,ARQ,Size_Short,20,0.01,1,3,3,0.038,0.37037,4210.53
133,KB4,ARQ,Size_Short,20,0.01,1,3,3,0.0396,0.37037,4040.4
134,KB4,ARQ,Size_Short,20,0.01,1,3,0,0.024,0.740741,6666.67
135,KB4,ARQ,Size_Short,20,0.01,1,3,2,0.0311,0.444444,5144.69
136,KB4,ARQ,Size_Short,20,0.01,1,3,1,0.0274,0.555556,5839.42
137,KB4,ARQ,Size_Short,20,0.01,1,3,4,0.0438,0.31746,3652.97
138,KB4,ARQ,Size_Short,20,0.01,1,3,2,0.0357,0.444444,4481.79
139,KB4,ARQ,Size_Short,20,0.01,1,3,2,0.029,0.444444,5517.24
140,KB4,ARQ,Size_Short,20,0.01,1,3,2,0.0321,0.444444,4984.42
141,KB4,ARQ,Size_Short,20,0.01,1,3,1,0.0279,0.555556,5734.77
142,KB4,ARQ,Size_Short,20,0.01,1,3,1,0.0263,0.555556,6083.65
143,KB4,ARQ,Size_Short,20,0.01,1,3,4,0.0421,0.31746,3800.48
144,KB4,ARQ,Size_Short,20,0.01,1,3,4,0.0428,0.31746,3738.32
145,KB4,ARQ,Size_Short,20,0.01,1,3,1,0.0289,0.555556,5536.33
146,KB4,ARQ,Size_Short,20,0.01,1,3,2,0.0352,0.444444,4545.45
147,KB4,ARQ,Size_Short,20,0.01,1,3,5,0.044,0.277778,3636.36
148,KB4,ARQ,Size_Short,20,0.01,1,3,5,0.0443,0.277778,3611.74
149,KB4,ARQ,Size_Short,20,0.01,1,3,2,0.0353,0.444444,4532.58
150,KB4,ARQ,Size_Short,20,0.01,1,3,0,0.0252,0.740741,6349.21
151,KB4,ARQ,Size_Short,20,0.01,1,3,1,0.0259,0.555556,6177.61
152,KB4,ARQ,Size_Short,20,0.01,1,3,4,0.041,0.31746,3902.44
153,KB4,ARQ,Size_Short,20,0.01,1,3,3,0.0403,0.37037,3970.22
154,KB4,ARQ,Size_Short,20,0.01,1,3,2,0.0355,0.444444,4507.04
155,KB4,ARQ,Size_Short,20,0.01,1,3,4,0.0461,0.31746,3470.72
156,KB4,ARQ,Size_Short,20,0.01,1,3,1,0.0278,0.555556,5755.4
157,KB4,ARQ,Size_Short,20,0.01,1,3,6,0.0456,0.246914,3508.77
158,KB4,ARQ,Size_Short,20,0.01,1,3,0,0.0256,0.740741,6250
159,KB4,ARQ,Size_Short,20,0.01,1,3,3,0.0383,0.37037,4177.55
160,KB4,ARQ,Size_Short,20,0.01,1,3,2,0.0354,0.444444,4519.77
161,KB4,ARQ,Size_Short,20,0.01,1,3,5,0.0467,0.277778,3426.12
162,KB4,ARQ,Size_Short,20,0.01,1,3,2,0.0298,0.444444,5369.13
163,KB4,ARQ,Size_Short,20,0.01,1,3,1,0.0289,0.555556,5536.33
164,KB4,ARQ,Size_Short,20,0.01,1,3,2,0.0354,0.444444,4519.77
165,KB4,ARQ,Size_Short,20,0.01,1,3,2,0.0297,0.444444,5387.21
166,KB4,ARQ,Size_Short,20,0.01,1,3,6,0.049,0.246914,3265.31
167,KB4,ARQ,Size_Short,20,0.01,1,3,2,0.0298,0.444444,5369.13
168,KB4,ARQ,Size_Short,20,0.01,1,3,3,0.0403,0.37037,3970.22
169,KB4,ARQ,Size_Short,20,0.01,1,3,5,0.0425,0.277778,3764.71
170,KB4,ARQ,Size_Short,20,0.01,1,3,1,0.0258,0.555556,6201.55
171,KB4,ARQ,Size_Short,20,0.01,1,3,3,0.0395,0.37037,4050.63
172,KB4,ARQ,Size_Short,20,0.01,1,3,1,0.0276,0.555556,5797.1
173,KB4,ARQ,Size_Short,20,0.01,1,3,3,0.0389,0.37037,4113.11
174,KB4,ARQ,Size_Short,20,0.01,1,3,1,0.0273,0.555556,5860.81
175,KB4,ARQ,Size_Short,20,0.01,1,3,1,0.0277,0.555556,5776.17
176,KB4,ARQ,Size_Short,20,0.01,1,3,1,0.0261,0.555556,6130.27
177,KB4,ARQ,Size_Short,20,0.01,1,3,0,0.0241,0.740741,6639
178,KB4,ARQ,Size_Short,20,0.01,1,3,2,0.0368,0.444444,4347.83
179,KB4,ARQ,Size_Short,20,0.01,1,3,4,0.0385,0.31746,4155.84
180,KB4,ARQ,Size_Short,20,0.01,1,3,7,0.0501,0.222222,3193.61
181,KB4,ARQ,Size_Short,20,0.01,1,3,1,0.0273,0.555556,5860.81
182,KB4,ARQ,Size_Short,20,0.01,1,3,3,0.0367,0.37037,4359.67
183,KB4,ARQ,Size_Short,20,0.01,1,3,3,0.0387,0.37037,4134.37
184,KB4,ARQ,Size_Short,20,0.01,1,3,4,0.0432,0.31746,3703.7
185,KB4,ARQ,Size_Short,20,0.01,1,3,0,0.024,0.740741,6666.67
186,KB4,ARQ,Size_Short,20,0.01,1,3,3,0.0397,0.37037,4030.23
187,KB4,ARQ,Size_Short,20,0.01,1,3,0,0.0241,0.740741,6639
188,KB4,ARQ,Size_Short,20,0.01,1,3,0,0.0242,0.740741,6611.57
189,KB4,ARQ,Size_Short,20,0.01,1,3,7,0.0574,0.222222,2787.46
190,KB4,ARQ,Size_Short,20,0.01,1,3,5,0.0445,0.277778,3595.51
191,KB4,ARQ,Size_Short,20,0.01,1,3,2,0.0354,0.444444,4519.77
192,KB4,ARQ,Size_Short,20,0.01,1,3,0,0.0241,0.740741,6639
193,KB4,ARQ,Size_Short,20,0.01,1,3,2,0.0368,0.444444,4347.83
194,KB4,ARQ,Size_Short,20,0.01,1,3,0,0.0242,0.740741,6611.57
195,KB4,ARQ,Size_Short,20,0.01,1,3,2,0.03,0.444444,5333.33
196,KB4,ARQ,Size_Short,20,0.01,1,3,4,0.0432,0.31746,3703.7
197,KB4,ARQ,Size_Short,20,0.01,1,3,5,0.0461,0.277778,3470.72
198,KB4,ARQ,Size_Short,20,0.01,1,3,4,0.0414,0.31746,3864.73
199,KB4,ARQ,Size_Short,20,0.01,1,3,5,0.0464,0.277778,3448.28
200,KB4,ARQ,Size_Short,20,0.01,1,3,1,0.0278,0.555556,5755.4
201,KB4,ARQ,Size_Short,20,0.01,1,3,3,0.0404,0.37037,3960.4
202,KB4,ARQ,Size_Short,20,0.01,1,3,2,0.0355,0.444444,4507.04
203,KB4,ARQ,Size_Short,20,0.01,1,3,2,0.0351,0.444444,4558.4
204,KB4,ARQ,Size_Short,20,0.01,1,3,3,0.036,0.37037,4444.44
205,KB4,ARQ,Size_Short,20,0.01,1,3,1,0.0264,0.555556,6060.61
206,KB4,ARQ,Size_Short,20,0.01,1,3,1,0.0276,0.555556,5797.1
207,KB4,ARQ,Size_Short,20,0.01,1,3,7,0.0474,0.222222,3375.53
208,KB4,ARQ,Size_Short,20,0.01,1,3,2,0.0359,0.444444,4456.82
209,KB4,ARQ,Size_Short,20,0.01,1,3,7,0.0506,0.222222,3162.06
210,KB4,ARQ,Size_Short,20,0.01,1,3,3,0.0389,0.37037,4113.11
211,KB4,ARQ,Size_Short,20,0.01,1,3,2,0.0403,0.444444,3970.22
212,KB4,ARQ,Size_Short,20,0.01,1,3,1,0.0276,0.555556,5797.1
213,KB4,ARQ,Size_Short,20,0.01,1,3,4,0.0423,0.31746,3782.51
214,KB4,ARQ,Size_Short,20,0.01,1,3,3,0.039,0.37037,4102.56
215,KB4,ARQ,Size_Short,20,0.01,1,3,1,0.0277,0.555556,5776.17
216,KB4,ARQ,Size_Short,20,0.01,1,3,1,0.029,0.555556,5517.24
217,KB4,ARQ,Size_Short,20,0.01,1,3,1,0.0277,0.555556,5776.17
218,KB4,ARQ,Size_Short,20,0.01,1,3,1,0.0276,0.555556,5797.1
219,KB4,ARQ,Size_Short,20,0.01,1,3,1,0.0277,0.555556,5776.17
220,KB4,ARQ,Size_Short,20,0.01,1,3,2,0.0357,0.444444,4481.79
221,KB4,ARQ,Size_Short,20,0.01,1,3,1,0.0288,0.555556,5555.56
222,KB4,ARQ,Size_Short,20,0.01,1,3,1,0.0274,0.555556,5839.42
223,KB4,ARQ,Size_Short,20,0.01,1,3,0,0.024,0.740741,6666.67
224,KB4,ARQ,Size_Short,20,0.01,1,3,1,0.0284,0.555556,5633.8
225,KB4,ARQ,Size_Short,20,0.01,1,3,0,0.0243,0.740741,6584.36
226,KB4,ARQ,Size_Short,20,0.01,1,3,3,0.0388,0.37037,4123.71
227,KB4,ARQ,Size_Short,20,0.01,1,3,3,0.0386,0.37037,4145.08
228,KB4,ARQ,Size_Short,20,0.01,1,3,4,0.0423,0.31746,3782.51
229,KB4,ARQ,Size_Short,20,0.01,1,3,4,0.0438,0.31746,3652.97
230,KB4,ARQ,Size_Short,20,0.01,1,3,4,0.0393,0.31746,4071.25
231,KB4,ARQ,Size_Short,20,0.01,1,3,0,0.0253,0.740741,6324.11
232,KB4,ARQ,Size_Short,20,0.01,1,3,3,0.0394,0.37037,4060.91
233,KB4,ARQ,Size_Short,20,0.01,1,3,2,0.0353,0.444444,4532.58
234,KB4,ARQ,Size_Short,20,0.01,1,3,3,0.0394,0.37037,4060.91
235,KB4,ARQ,Size_Short,20,0.01,1,3,0,0.0243,0.740741,6584.36
236,KB4,ARQ,Size_Short,20,0.01,1,3,1,0.028,0.555556,5714.29
237,KB4,ARQ,Size_Short,20,0.01,1,3,1,0.0262,0.555556,6106.87
238,KB4,ARQ,Size_Short,20,0.01,1,3,6,0.05,0.246914,3200
239,KB4,ARQ,Size_Short,20,0.01,1,3,0,0.0253,0.740741,6324.11
240,KB4,ARQ,Size_Short,20,0.01,1,3,4,0.0409,0.31746,3911.98
241,KB4,ARQ,Size_Short,20,0.01,1,3,5,0.0468,0.277778,3418.8
242,KB4,ARQ,Size_Short,20,0.01,1,3,1,0.0263,0.555556,6083.65
243,KB4,ARQ,Size_Short,20,0.01,1,3,3,0.0395,0.37037,4050.63
244,KB4,ARQ,Size_Short,20,0.01,1,3,5,0.0479,0.277778,3340.29
245,KB4,ARQ,Size_Short,20,0.01,1,3,0,0.024,0.740741,6666.67
246,KB4,ARQ,Size_Short,20,0.01,1,3,2,0.0358,0.444444,4469.27
247,KB4,ARQ,Size_Short,20,0.01,1,3,5,0.0462,0.277778,3463.2
248,KB4,ARQ,Size_Short,20,0.01,1,3,3,0.0392,0.37037,4081.63
249,KB4,ARQ,Size_Short,20,0.01,1,3,10,0.0704,0.17094,2272.73
250,KB4,ARQ,Size_Short,20,0.01,1,3,0,0.0244,0.740741,6557.38
251,KB4,ARQ,Size_Short,20,0.01,1,3,0,0.0245,0.740741,6530.61
252,KB4,ARQ,Size_Short,20,0.01,1,3,2,0.036,0.444444,4444.44
253,KB4,ARQ,Size_Short,20,0.01,1,3,0,0.0239,0.740741,6694.56
254,KB4,ARQ,Size_Short,20,0.01,1,3,3,0.0391,0.37037,4092.07
255,KB4,ARQ,Size_Short,20,0.01,1,3,3,0.0394,0.37037,4060.91
256,KB4,ARQ,Size_Short,20,0.01,1,3,1,0.0263,0.555556,6083.65
257,KB4,ARQ,Size_Short,20,0.01,1,3,6,0.0492,0.246914,3252.03
258,KB4,ARQ,Size_Short,20,0.01,1,3,5,0.0464,0.277778,3448.28
259,KB4,ARQ,Size_Short,20,0.01,1,3,0,0.0253,0.740741,6324.11
260,KB4,ARQ,Size_Short,20,0.01,1,3,1,0.0277,0.555556,5776.17
261,KB4,ARQ,Size_Short,20,0.01,1,3,10,0.0658,0.17094,2431.61
262,KB4,ARQ,Size_Short,20,0.01,1,3,2,0.035,0.444444,4571.43
263,KB4,ARQ,Size_Short,20,0.01,1,3,1,0.0275,0.555556,5818.18
264,KB4,ARQ,Size_Short,20,0.01,1,3,2,0.037,0.444444,4324.32
265,KB4,ARQ,Size_Short,20,0.01,1,3,4,0.0428,0.31746,3738.32
266,KB4,ARQ,Size_Short,20,0.01,1,3,3,0.0372,0.37037,4301.08
267,KB4,ARQ,Size_Short,20,0.01,1,3,5,0.0419,0.277778,3818.62
268,KB4,ARQ,Size_Short,20,0.01,1,3,2,0.036,0.444444,4444.44
269,KB4,ARQ,Size_Short,20,0.01,1,3,6,0.0516,0.246914,3100.78
270,KB4,ARQ,Size_Short,20,0.01,1,3,5,0.0432,0.277778,3703.7
271,KB4,ARQ,Size_Short,20,0.01,1,3,5,0.045,0.277778,3555.56
272,KB4,ARQ,Size_Short,20,0.01,1,3,5,0.0466,0.277778,3433.48
273,KB4,ARQ,Size_Short,20,0.01,1,3,2,0.036,0.444444,4444.44
274,KB4,ARQ,Size_Short,20,0.01,1,3,3,0.0407,0.37037,3931.2
275,KB4,ARQ,Size_Short,20,0.01,1,3,1,0.0283,0.555556,5653.71
276,KB4,ARQ,Size_Short,20,0.01,1,3,1,0.0271,0.555556,5904.06
277,KB4,ARQ,Size_Short,20,0.01,1,3,6,0.0499,0.246914,3206.41
278,KB4,ARQ,Size_Short,20,0.01,1,3,2,0.0299,0.444444,5351.17
279,KB4,ARQ,Size_Short,20,0.01,1,3,2,0.0362,0.444444,4419.89
280,KB4,ARQ,Size_Short,20,0.01,1,3,6,0.0496,0.246914,3225.81
281,KB4,ARQ,Size_Short,20,0.01,1,3,3,0.0392,0.37037,4081.63
282,KB4,ARQ,Size_Short,20,0.01,1,3,5,0.046,0.277778,3478.26
283,KB4,ARQ,Size_Short,20,0.01,1,3,1,0.0273,0.555556,5860.81
284,KB4,ARQ,Size_Short,20,0.01,1,3,3,0.0375,0.37037,4266.67
285,KB4,ARQ,Size_Short,20,0.01,1,3,0,0.0254,0.740741,6299.21
286,KB4,ARQ,Size_Short,20,0.01,1,3,4,0.0402,0.31746,3980.1
287,KB4,ARQ,Size_Short,20,0.01,1,3,4,0.041,0.31746,3902.44
288,KB4,ARQ,Size_Short,20,0.01,1,3,3,0.0395,0.37037,4050.63
289,KB4,ARQ,Size_Short,20,0.01,1,3,7,0.0579,0.222222,2763.39
290,KB4,ARQ,Size_Short,20,0.01,1,3,4,0.0379,0.31746,4221.64
291,KB4,ARQ,Size_Short,20,0.01,1,3,2,0.0356,0.444444,4494.38
292,KB4,ARQ,Size_Short,20,0.01,1,3,3,0.0363,0.37037,4407.71
293,KB4,ARQ,Size_Short,20,0.01,1,3,0,0.0239,0.740741,6694.56
294,KB4,ARQ,Size_Short,20,0.01,1,3,1,0.0271,0.555556,5904.06
295,KB4,ARQ,Size_Short,20,0.01,1,3,1,0.0278,0.555556,5755.4
296,KB4,ARQ,Size_Short,20,0.01,1,3,6,0.0498,0.246914,3212.85
297,KB4,ARQ,Size_Short,20,0.01,1,3,2,0.0286,0.444444,5594.41
298,KB4,ARQ,Size_Short,20,0.01,1,3,3,0.039,0.37037,4102.56
299,KB4,ARQ,Size_Short,20,0.01,1,3,0,0.0252,0.740741,6349.21
300,KB4,ARQ,Size_Short,20,0.01,1,3,3,0.0361,0.37037,4432.13
301,KB4,ARQ,Size_Short,20,0.01,1,3,2,0.0355,0.444444,4507.04
302,KB4,ARQ,Size_Short,20,0.01,1,3,2,0.0367,0.444444,4359.67
303,KB4,ARQ,Size_Short,20,0.01,1,3,2,0.0352,0.444444,4545.45
304,KB4,ARQ,Size_Short,20,0.01,1,3,2,0.0363,0.444444,4407.71
305,KB4,ARQ,Size_Short,20,0.01,1,3,6,0.0487,0.246914,3285.42
306,KB4,ARQ,Size_Short,20,0.01,1,3,4,0.0422,0.31746,3791.47
307,KB4,ARQ,Size_Short,20,0.01,1,3,4,0.0406,0.31746,3940.89
308,KB4,ARQ,Size_Short,20,0.01,1,3,4,0.0408,0.31746,3921.57
309,KB4,ARQ,Size_Short,20,0.01,1,3,5,0.0479,0.277778,3340.29
310,KB4,ARQ,Size_Short,20,0.01,1,3,4,0.0432,0.31746,3703.7
311,KB4,ARQ,Size_Short,20,0.01,1,3,5,0.0457,0.277778,3501.09
312,KB4,ARQ,Size_Short,20,0.01,1,3,6,0.0493,0.246914,3245.44
313,KB4,ARQ,Size_Short,20,0.01,1,3,4,0.0399,0.31746,4010.03
314,KB4,ARQ,Size_Short,20,0.01,1,3,0,0.0253,0.740741,6324.11
315,KB4,ARQ,Size_Short,20,0.01,1,3,3,0.0387,0.37037,4134.37
316,KB4,ARQ,Size_Short,20,0.01,1,3,0,0.024,0.740741,6666.67
317,KB4,ARQ,Size_Short,20,0.01,1,3,9,0.0662,0.185185,2416.92
318,KB4,ARQ,Size_Short,20,0.01,1,3,11,0.0747,0.15873,2141.9
319,KB4,ARQ,Size_Short,20,0.01,1,3,2,0.0315,0.444444,5079.37
320,KB4,ARQ,Size_Short,20,0.01,1,3,5,0.0417,0.277778,3836.93
321,KB4,ARQ,Size_Short,20,0.01,1,3,5,0.0459,0.277778,3485.84
322,KB4,ARQ,Size_Short,20,0.01,1,3,1,0.0259,0.555556,6177.61
323,KB4,ARQ,Size_Short,20,0.01,1,3,2,0.0295,0.444444,5423.73
324,KB4,ARQ,Size_Short,20,0.01,1,3,2,0.0366,0.444444,4371.58
325,KB4,ARQ,Size_Short,20,0.01,1,3,1,0.0277,0.555556,5776.17
326,KB4,ARQ,Size_Short,20,0.01,1,3,1,0.028,0.555556,5714.29
327,KB4,ARQ,Size_Short,20,0.01,1,3,3,0.0367,0.37037,4359.67
328,KB4,ARQ,Size_Short,20,0.01,1,3,3,0.0391,0.37037,4092.07
329,KB4,ARQ,Size_Short,20,0.01,1,3,2,0.0366,0.444444,4371.58
330,KB4,ARQ,Size_Short,20,0.01,1,3,4,0.043,0.31746,3720.93
331,KB4,ARQ,Size_Short,20,0.01,1,3,1,0.0274,0.555556,5839.42
332,KB4,ARQ,Size_Short,20,0.01,1,3,1,0.0276,0.555556,5797.1
333,KB4,ARQ,Size_Short,20,0.01,1,3,7,0.0567,0.222222,2821.87
334,KB4,ARQ,Size_Short,20,0.01,1,3,6,0.0512,0.246914,3125
335,KB4,ARQ,Size_Short,20,0.01,1,3,2,0.03,0.444444,5333.33
336,KB4,ARQ,Size_Short,20,0.01,1,3,0,0.0243,0.740741,6584.36
337,KB4,ARQ,Size_Short,20,0.01,1,3,5,0.0463,0.277778,3455.72
338,KB4,ARQ,Size_Short,20,0.01,1,3,1,0.0276,0.555556,5797.1
339,KB4,ARQ,Size_Short,20,0.01,1,3,1,0.03,0.555556,5333.33
340,KB4,ARQ,Size_Short,20,0.01,1,3,2,0.0299,0.444444,5351.17
341,KB4,ARQ,Size_Short,20,0.01,1,3,1,0.0264,0.555556,6060.61
342,KB4,ARQ,Size_Short,20,0.01,1,3,2,0.0376,0.444444,4255.32
343,KB4,ARQ,Size_Short,20,0.01,1,3,3,0.0366,0.37037,4371.58
344,KB4,ARQ,Size_Short,20,0.01,1,3,7,0.0521,0.222222,3071.02
345,KB4,ARQ,Size_Short,20,0.01,1,3,1,0.0279,0.555556,5734.77
346,KB4,ARQ,Size_Short,20,0.01,1,3,1,0.028,0.555556,5714.29
347,KB4,ARQ,Size_Short,20,0.01,1,3,0,0.0252,0.740741,6349.21
348,KB4,ARQ,Size_Short,20,0.01,1,3,6,0.0501,0.246914,3193.61
349,KB4,ARQ,Size_Short,20,0.01,1,3,2,0.0297,0.444444,5387.21
350,KB4,ARQ,Size_Short,20,0.01,1,3,1,0.0265,0.555556,6037.74
351,KB4,ARQ,Size_Short,20,0.01,1,3,1,0.0278,0.555556,5755.4
352,KB4,ARQ,Size_Short,20,0.01,1,3,4,0.041,0.31746,3902.44
353,KB4,ARQ,Size_Short,20,0.01,1,3,2,0.0298,0.444444,5369.13
354,KB4,ARQ,Size_Short,20,0.01,1,3,2,0.0358,0.444444,4469.27
355,KB4,ARQ,Size_Short,20,0.01,1,3,3,0.0393,0.37037,4071.25
356,KB4,ARQ,Size_Short,20,0.01,1,3,3,0.0397,0.37037,4030.23
357,KB4,ARQ,Size_Short,20,0.01,1,3,7,0.0591,0.222222,2707.28
358,KB4,ARQ,Size_Short,20,0.01,1,3,3,0.0389,0.37037,4113.11
359,KB4,ARQ,Size_Short,20,0.01,1,3,4,0.0411,0.31746,3892.94
360,KB4,ARQ,Size_Short,20,0.01,1,3,3,0.0383,0.37037,4177.55
361,KB4,ARQ,Size_Short,20,0.01,1,3,2,0.0297,0.444444,5387.21
362,KB4,ARQ,Size_Short,20,0.01,1,3,3,0.0389,0.37037,4113.11
363,KB4,ARQ,Size_Short,20,0.01,1,3,0,0.0241,0.740741,6639
364,KB4,ARQ,Size_Short,20,0.01,1,3,2,0.0284,0.444444,5633.8
365,KB4,ARQ,Size_Short,20,0.01,1,3,5,0.0451,0.277778,3547.67
366,KB4,ARQ,Size_Short,20,0.01,1,3,3,0.0379,0.37037,4221.64
367,KB4,ARQ,Size_Short,20,0.01,1,3,2,0.0308,0.444444,5194.81
368,KB4,ARQ,Size_Short,20,0.01,1,3,1,0.0276,0.555556,5797.1
369,KB4,ARQ,Size_Short,20,0.01,1,3,1,0.0276,0.555556,5797.1
370,KB4,ARQ,Size_Short,20,0.01,1,3,0,0.024,0.740741,6666.67
371,KB4,ARQ,Size_Short,20,0.01,1,3,4,0.0407,0.31746,3931.2
372,KB4,ARQ,Size_Short,20,0.01,1,3,6,0.0466,0.246914,3433.48
373,KB4,ARQ,Size_Short,20,0.01,1,3,0,0.024,0.740741,6666.67
374,KB4,ARQ,Size_Short,20,0.01,1,3,2,0.03,0.444444,5333.33
375,KB4,ARQ,Size_Short,20,0.01,1,3,3,0.0377,0.37037,4244.03
376,KB4,ARQ,Size_Short,20,0.01,1,3,1,0.0276,0.555556,5797.1
377,KB4,ARQ,Size_Short,20,0.01,1,3,1,0.0289,0.555556,5536.33
378,KB4,ARQ,Size_Short,20,0.01,1,3,4,0.043,0.31746,3720.93
379,KB4,ARQ,Size_Short,20,0.01,1,3,2,0.0296,0.444444,5405.41
380,KB4,ARQ,Size_Short,20,0.01,1,3,2,0.0366,0.444444,4371.58
381,KB4,ARQ,Size_Short,20,0.01,1,3,2,0.0297,0.444444,5387.21
382,KB4,ARQ,Size_Short,20,0.01,1,3,3,0.0379,0.37037,4221.64
383,KB4,ARQ,Size_Short,20,0.01,1,3,0,0.0242,0.740741,6611.57
384,KB4,ARQ,Size_Short,20,0.01,1,3,0,0.024,0.740741,6666.67
385,KB4,ARQ,Size_Short,20,0.01,1,3,3,0.0405,0.37037,3950.62
386,KB4,ARQ,Size_Short,20,0.01,1,3,3,0.0389,0.37037,4113.11
387,KB4,ARQ,Size_Short,20,0.01,1,3,1,0.028,0.555556,5714.29
388,KB4,ARQ,Size_Short,20,0.01,1,3,1,0.0258,0.555556,6201.55
389,KB4,ARQ,Size_Short,20,0.01,1,3,0,0.024,0.740741,6666.67
390,KB4,ARQ,Size_Short,20,0.01,1,3,7,0.0598,0.222222,2675.59
391,KB4,ARQ,Size_Short,20,0.01,1,3,4,0.0432,0.31746,3703.7
392,KB4,ARQ,Size_Short,20,0.01,1,3,4,0.0382,0.31746,4188.48
393,KB4,ARQ,Size_Short,20,0.01,1,3,2,0.0357,0.444444,4481.79
394,KB4,ARQ,Size_Short,20,0.01,1,3,1,0.0277,0.555556,5776.17
395,KB4,ARQ,Size_Short,20,0.01,1,3,1,0.0292,0.555556,5479.45
396,KB4,ARQ,Size_Short,20,0.01,1,3,4,0.0412,0.31746,3883.5
397,KB4,ARQ,Size_Short,20,0.01,1,3,1,0.0277,0.555556,5776.17
398,KB4,ARQ,Size_Short,20,0.01,1,3,1,0.0282,0.555556,5673.76
399,KB4,ARQ,Size_Short,20,0.01,1,3,5,0.0431,0.277778,3712.3
400,KB4,ARQ,Size_Short,20,0.01,1,3,1,0.0287,0.555556,5574.91
401,KB4,ARQ,Size_Short,20,0.01,1,3,8,0.0622,0.20202,2572.35
402,KB4,ARQ,Size_Short,20,0.01,1,3,2,0.0359,0.444444,4456.82
403,KB4,ARQ,Size_Short,20,0.01,1,3,3,0.039,0.37037,4102.56
404,KB4,ARQ,Size_Short,20,0.01,1,3,5,0.048,0.277778,3333.33
405,KB4,ARQ,Size_Short,20,0.01,1,3,2,0.0373,0.444444,4289.54
406,KB4,ARQ,Size_Short,20,0.01,1,3,1,0.0282,0.555556,5673.76
407,KB4,ARQ,Size_Short,20,0.01,1,3,5,0.0744,0.277778,2150.54
408,KB4,ARQ,Size_Short,20,0.01,1,3,8,0.0621,0.20202,2576.49
409,KB4,ARQ,Size_Short,20,0.01,1,3,1,0.0282,0.555556,5673.76
410,KB4,ARQ,Size_Short,20,0.01,1,3,4,0.0606,0.31746,2640.26
411,KB4,ARQ,Size_Short,20,0.01,1,3,3,0.0365,0.37037,4383.56
412,KB4,ARQ,Size_Short,20,0.01,1,3,3,0.0374,0.37037,4278.07
413,KB4,ARQ,Size_Short,20,0.01,1,3,1,0.0505,0.555556,3168.32
414,KB4,ARQ,Size_Short,20,0.01,1,3,1,0.0512,0.555556,3125
415,KB4,ARQ,Size_Short,20,0.01,1,3,2,0.0454,0.444444,3524.23
416,KB4,ARQ,Size_Short,20,0.01,1,3,1,0.0264,0.555556,6060.61
417,KB4,ARQ,Size_Short,20,0.01,1,3,4,0.0397,0.31746,4030.23
418,KB4,ARQ,Size_Short,20,0.01,1,3,4,0.0431,0.31746,3712.3
419,KB4,ARQ,Size_Short,20,0.01,1,3,2,0.0356,0.444444,4494.38
420,KB4,ARQ,Size_Short,20,0.01,1,3,0,0.0256,0.740741,6250
421,KB4,ARQ,Size_Short,20,0.01,1,3,0,0.0249,0.740741,6425.7
422,KB4,ARQ,Size_Short,20,0.01,1,3,2,0.0362,0.444444,4419.89
423,KB4,ARQ,Size_Short,20,0.01,1,3,1,0.0331,0.555556,4833.84
424,KB4,ARQ,Size_Short,20,0.01,1,3,3,0.0394,0.37037,4060.91
425,KB4,ARQ,Size_Short,20,0.01,1,3,1,0.0278,0.555556,5755.4
426,KB4,ARQ,Size_Short,20,0.01,1,3,1,0.0279,0.555556,5734.77
427,KB4,ARQ,Size_Short,20,0.01,1,3,2,0.0356,0.444444,4494.38
428,KB4,ARQ,Size_Short,20,0.01,1,3,0,0.0255,0.740741,6274.51
429,KB4,ARQ,Size_Short,20,0.01,1,3,2,0.03,0.444444,5333.33
430,KB4,ARQ,Size_Short,20,0.01,1,3,3,0.0401,0.37037,3990.02
431,KB4,ARQ,Size_Short,20,0.01,1,3,1,0.0281,0.555556,5693.95
432,KB4,ARQ,Size_Short,20,0.01,1,3,4,0.0418,0.31746,3827.75
433,KB4,ARQ,Size_Short,20,0.01,1,3,0,0.0255,0.740741,6274.51
434,KB4,ARQ,Size_Short,20,0.01,1,3,0,0.0241,0.740741,6639
435,KB4,ARQ,Size_Short,20,0.01,1,3,2,0.0355,0.444444,4507.04
436,KB4,ARQ,Size_Short,20,0.01,1,3,4,0.0451,0.31746,3547.67
437,KB4,ARQ,Size_Short,20,0.01,1,3,2,0.036,0.444444,4444.44
438,KB4,ARQ,Size_Short,20,0.01,1,3,4,0.0427,0.31746,3747.07
439,KB4,ARQ,Size_Short,20,0.01,1,3,2,0.0298,0.444444,5369.13
440,KB4,ARQ,Size_Short,20,0.01,1,3,4,0.0397,0.31746,4030.23
441,KB4,ARQ,Size_Short,20,0.01,1,3,2,0.0368,0.444444,4347.83
442,KB4,ARQ,Size_Short,20,0.01,1,3,1,0.0281,0.555556,5693.95
443,KB4,ARQ,Size_Short,20,0.01,1,3,2,0.03,0.444444,5333.33
444,KB4,ARQ,Size_Short,20,0.01,1,3,4,0.0434,0.31746,3686.64
445,KB4,ARQ,Size_Short,20,0.01,1,3,5,0.0447,0.277778,3579.42
446,KB4,ARQ,Size_Short,20,0.01,1,3,0,0.0254,0.740741,6299.21
447,KB4,ARQ,Size_Short,20,0.01,1,3,2,0.0355,0.444444,4507.04
448,KB4,ARQ,Size_Short,20,0.01,1,3,2,0.0307,0.444444,5211.73
449,KB4,ARQ,Size_Short,20,0.01,1,3,1,0.0284,0.555556,5633.8
450,KB4,ARQ,Size_Short,20,0.01,1,3,6,0.0497,0.246914,3219.32
451,KB4,ARQ,Size_Short,20,0.01,1,3,12,0.0769,0.148148,2080.62
452,KB4,ARQ,Size_Short,20,0.01,1,3,1,0.0278,0.555556,5755.4
453,KB4,ARQ,Size_Short,20,0.01,1,3,0,0.0237,0.740741,6751.05
454,KB4,ARQ,Size_Short,20,0.01,1,3,7,0.0564,0.222222,2836.88
455,KB4,ARQ,Size_Short,20,0.01,1,3,2,0.0354,0.444444,4519.77
456,KB4,ARQ,Size_Short,20,0.01,1,3,0,0.0255,0.740741,6274.51
457,KB4,ARQ,Size_Short,20,0.01,1,3,0,0.0237,0.740741,6751.05
458,KB4,ARQ,Size_Short,20,0.01,1,3,2,0.0352,0.444444,4545.45
459,KB4,ARQ,Size_Short,20,0.01,1,3,0,0.0244,0.740741,6557.38
460,KB4,ARQ,Size_Short,20,0.01,1,3,2,0.0306,0.444444,5228.76
461,KB4,ARQ,Size_Short,20,0.01,1,3,2,0.037,0.444444,4324.32
462,KB4,ARQ,Size_Short,20,0.01,1,3,0,0.0239,0.740741,6694.56
463,KB4,ARQ,Size_Short,20,0.01,1,3,0,0.024,0.740741,6666.67
464,KB4,ARQ,Size_Short,20,0.01,1,3,2,0.0286,0.444444,5594.41
465,KB4,ARQ,Size_Short,20,0.01,1,3,5,0.0432,0.277778,3703.7
466,KB4,ARQ,Size_Short,20,0.01,1,3,6,0.0506,0.246914,3162.06
467,KB4,ARQ,Size_Short,20,0.01,1,3,3,0.0382,0.37037,4188.48
468,KB4,ARQ,Size_Short,20,0.01,1,3,2,0.0359,0.444444,4456.82
469,KB4,ARQ,Size_Short,20,0.01,1,3,8,0.0625,0.20202,2560
470,KB4,ARQ,Size_Short,20,0.01,1,3,2,0.0311,0.444444,5144.69
471,KB4,ARQ,Size_Short,20,0.01,1,3,4,0.0517,0.31746,3094.78
472,KB4,ARQ,Size_Short,20,0.01,1,3,3,0.0382,0.37037,4188.48
473,KB4,ARQ,Size_Short,20,0.01,1,3,3,0.0392,0.37037,4081.63
474,KB4,ARQ,Size_Short,20,0.01,1,3,1,0.0293,0.555556,5460.75
475,KB4,ARQ,Size_Short,20,0.01,1,3,0,0.025,0.740741,6400
476,KB4,ARQ,Size_Short,20,0.01,1,3,1,0.0315,0.555556,5079.37
477,KB4,ARQ,Size_Short,20,0.01,1,3,2,0.0382,0.444444,4188.48
478,KB4,ARQ,Size_Short,20,0.01,1,3,0,0.0251,0.740741,6374.5
479,KB4,ARQ,Size_Short,20,0.01,1,3,3,0.0445,0.37037,3595.51
480,KB4,ARQ,Size_Short,20,0.01,1,3,5,0.0433,0.277778,3695.15
481,KB4,ARQ,Size_Short,20,0.01,1,3,14,0.087,0.130719,1839.08
482,KB4,ARQ,Size_Short,20,0.01,1,3,1,0.0264,0.555556,6060.61
483,KB4,ARQ,Size_Short,20,0.01,1,3,3,0.0398,0.37037,4020.1
484,KB4,ARQ,Size_Short,20,0.01,1,3,5,0.0428,0.277778,3738.32
485,KB4,ARQ,Size_Short,20,0.01,1,3,3,0.0392,0.37037,4081.63
486,KB4,ARQ,Size_Short,20,0.01,1,3,1,0.0289,0.555556,5536.33
487,KB4,ARQ,Size_Short,20,0.01,1,3,2,0.0359,0.444444,4456.82
488,KB4,ARQ,Size_Short,20,0.01,1,3,1,0.0261,0.555556,6130.27
489,KB4,ARQ,Size_Short,20,0.01,1,3,4,0.0424,0.31746,3773.58
490,KB4,ARQ,Size_Short,20,0.01,1,3,7,0.0579,0.222222,2763.39
491,KB4,ARQ,Size_Short,20,0.01,1,3,1,0.0281,0.555556,5693.95
492,KB4,ARQ,Size_Short,20,0.01,1,3,3,0.0389,0.37037,4113.11
493,KB4,ARQ,Size_Short,20,0.01,1,3,4,0.0414,0.31746,3864.73
494,KB4,ARQ,Size_Short,20,0.01,1,3,2,0.0287,0.444444,5574.91
495,KB4,ARQ,Size_Short,20,0.01,1,3,4,0.0429,0.31746,3729.6
496,KB4,ARQ,Size_Short,20,0.01,1,3,7,0.0638,0.222222,2507.84
497,KB4,ARQ,Size_Short,20,0.01,1,3,4,0.0429,0.31746,3729.6
498,KB4,ARQ,Size_Short,20,0.01,1,3,1,0.0275,0.555556,5818.18
499,KB4,ARQ,Size_Short,20,0.01,1,3,0,0.0239,0.740741,6694.56
500,KB4,ARQ,Size_Short,20,0.01,1,3,2,0.0297,0.444444,5387.21
501,KB4,ARQ,Size_Short,20,0.01,1,3,2,0.0423,0.444444,3782.51
502,KB4,ARQ,Size_Short,20,0.01,1,3,5,0.0447,0.277778,3579.42
503,KB4,ARQ,Size_Short,20,0.01,1,3,1,0.0277,0.555556,5776.17
504,KB4,ARQ,Size_Short,20,0.01,1,3,2,0.0353,0.444444,4532.58
505,KB4,ARQ,Size_Short,20,0.01,1,3,1,0.0278,0.555556,5755.4
506,KB4,ARQ,Size_Short,20,0.01,1,3,2,0.0368,0.444444,4347.83
507,KB4,ARQ,Size_Short,20,0.01,1,3,4,0.0429,0.31746,3729.6
508,KB4,ARQ,Size_Short,20,0.01,1,3,5,0.0462,0.277778,3463.2
509,KB4,ARQ,Size_Short,20,0.01,1,3,4,0.0441,0.31746,3628.12
510,KB4,ARQ,Size_Short,20,0.01,1,3,0,0.0238,0.740741,6722.69
511,KB4,ARQ,Size_Short,20,0.01,1,3,2,0.0359,0.444444,4456.82
512,KB4,ARQ,Size_Short,20,0.01,1,3,3,0.0388,0.37037,4123.71
513,KB4,ARQ,Size_Short,20,0.01,1,3,2,0.0356,0.444444,4494.38
514,KB4,ARQ,Size_Short,20,0.01,1,3,1,0.0275,0.555556,5818.18
515,KB4,ARQ,Size_Short,20,0.01,1,3,1,0.0275,0.555556,5818.18
516,KB4,ARQ,Size_Short,20,0.01,1,3,2,0.0285,0.444444,5614.04
517,KB4,ARQ,Size_Short,20,0.01,1,3,5,0.0442,0.277778,3619.91
518,KB4,ARQ,Size_Short,20,0.01,1,3,2,0.0351,0.444444,4558.4
519,KB4,ARQ,Size_Short,20,0.01,1,3,5,0.0478,0.277778,3347.28
520,KB4,ARQ,Size_Short,20,0.01,1,3,2,0.03,0.444444,5333.33
521,KB4,ARQ,Size_Short,20,0.01,1,3,0,0.0243,0.740741,6584.36
522,KB4,ARQ,Size_Short,20,0.01,1,3,1,0.028,0.555556,5714.29
523,KB4,ARQ,Size_Short,20,0.01,1,3,4,0.0384,0.31746,4166.67
524,KB4,ARQ,Size_Short,20,0.01,1,3,5,0.0441,0.277778,3628.12
525,KB4,ARQ,Size_Short,20,0.01,1,3,2,0.0355,0.444444,4507.04
526,KB4,ARQ,Size_Short,20,0.01,1,3,4,0.0406,0.31746,3940.89
527,KB4,ARQ,Size_Short,20,0.01,1,3,3,0.0375,0.37037,4266.67
528,KB4,ARQ,Size_Short,20,0.01,1,3,0,0.024,0.740741,6666.67
529,KB4,ARQ,Size_Short,20,0.01,1,3,0,0.0252,0.740741,6349.21
530,KB4,ARQ,Size_Short,20,0.01,1,3,6,0.0501,0.246914,3193.61
531,KB4,ARQ,Size_Short,20,0.01,1,3,0,0.0242,0.740741,6611.57
532,KB4,ARQ,Size_Short,20,0.01,1,3,2,0.0294,0.444444,5442.18
533,KB4,ARQ,Size_Short,20,0.01,1,3,1,0.0277,0.555556,5776.17
534,KB4,ARQ,Size_Short,20,0.01,1,3,4,0.0424,0.31746,3773.58
535,KB4,ARQ,Size_Short,20,0.01,1,3,2,0.0354,0.444444,4519.77
536,KB4,ARQ,Size_Short,20,0.01,1,3,6,0.0464,0.246914,3448.28
537,KB4,ARQ,Size_Short,20,0.01,1,3,3,0.0395,0.37037,4050.63
538,KB4,ARQ,Size_Short,20,0.01,1,3,3,0.0372,0.37037,4301.08
539,KB4,ARQ,Size_Short,20,0.01,1,3,1,0.0286,0.555556,5594.41
540,KB4,ARQ,Size_Short,20,0.01,1,3,2,0.0348,0.444444,4597.7
541,KB4,ARQ,Size_Short,20,0.01,1,3,0,0.0242,0.740741,6611.57
542,KB4,ARQ,Size_Short,20,0.01,1,3,2,0.0365,0.444444,4383.56
543,KB4,ARQ,Size_Short,20,0.01,1,3,4,0.0426,0.31746,3755.87
544,KB4,ARQ,Size_Short,20,0.01,1,3,2,0.0358,0.444444,4469.27
545,KB4,ARQ,Size_Short,20,0.01,1,3,0,0.0243,0.740741,6584.36
546,KB4,ARQ,Size_Short,20,0.01,1,3,0,0.0244,0.740741,6557.38
547,KB4,ARQ,Size_Short,20,0.01,1,3,0,0.0254,0.740741,6299.21
548,KB4,ARQ,Size_Short,20,0.01,1,3,2,0.0352,0.444444,4545.45
549,KB4,ARQ,Size_Short,20,0.01,1,3,0,0.0243,0.740741,6584.36
550,KB4,ARQ,Size_Short,20,0.01,1,3,3,0.039,0.37037,4102.56
551,KB4,ARQ,Size_Short,20,0.01,1,3,2,0.0298,0.444444,5369.13
552,KB4,ARQ,Size_Short,20,0.01,1,3,0,0.0253,0.740741,6324.11
553,KB4,ARQ,Size_Short,20,0.01,1,3,7,0.0581,0.222222,2753.87
554,KB4,ARQ,Size_Short,20,0.01,1,3,2,0.0356,0.444444,4494.38
555,KB4,ARQ,Size_Short,20,0.01,1,3,3,0.0362,0.37037,4419.89
556,KB4,ARQ,Size_Short,20,0.01,1,3,2,0.0353,0.444444,4532.58
557,KB4,ARQ,Size_Short,20,0.01,1,3,2,0.0369,0.444444,4336.04
558,KB4,ARQ,Size_Short,20,0.01,1,3,2,0.0353,0.444444,4532.58
559,KB4,ARQ,Size_Short,20,0.01,1,3,7,0.0564,0.222222,2836.88
560,KB4,ARQ,Size_Short,20,0.01,1,3,1,0.0263,0.555556,6083.65
561,KB4,ARQ,Size_Short,20,0.01,1,3,10,0.0691,0.17094,2315.48
562,KB4,ARQ,Size_Short,20,0.01,1,3,0,0.0253,0.740741,6324.11
563,KB4,ARQ,Size_Short,20,0.01,1,3,0,0.0246,0.740741,6504.07
564,KB4,ARQ,Size_Short,20,0.01,1,3,2,0.0361,0.444444,4432.13
565,KB4,ARQ,Size_Short,20,0.01,1,3,5,0.0425,0.277778,3764.71
566,KB4,ARQ,Size_Short,20,0.01,1,3,2,0.0352,0.444444,4545.45
567,KB4,ARQ,Size_Short,20,0.01,1,3,1,0.0292,0.555556,5479.45
568,KB4,ARQ,Size_Short,20,0.01,1,3,0,0.0241,0.740741,6639
569,KB4,ARQ,Size_Short,20,0.01,1,3,0,0.024,0.740741,6666.67
570,KB4,ARQ,Size_Short,20,0.01,1,3,2,0.0369,0.444444,4336.04
571,KB4,ARQ,Size_Short,20,0.01,1,3,7,0.058,0.222222,2758.62
572,KB4,ARQ,Size_Short,20,0.01,1,3,2,0.0285,0.444444,5614.04
573,KB4,ARQ,Size_Short,20,0.01,1,3,5,0.0463,0.277778,3455.72
574,KB4,ARQ,Size_Short,20,0.01,1,3,1,0.0275,0.555556,5818.18
575,KB4,ARQ,Size_Short,20,0.01,1,3,5,0.0478,0.277778,3347.28
576,KB4,ARQ,Size_Short,20,0.01,1,3,2,0.0356,0.444444,4494.38
577,KB4,ARQ,Size_Short,20,0.01,1,3,2,0.036,0.444444,4444.44
578,KB4,ARQ,Size_Short,20,0.01,1,3,3,0.0381,0.37037,4199.48
579,KB4,ARQ,Size_Short,20,0.01,1,3,2,0.03,0.444444,5333.33
580,KB4,ARQ,Size_Short,20,0.01,1,3,0,0.0256,0.740741,6250
581,KB4,ARQ,Size_Short,20,0.01,1,3,2,0.03,0.444444,5333.33
582,KB4,ARQ,Size_Short,20,0.01,1,3,2,0.0297,0.444444,5387.21
583,KB4,ARQ,Size_Short,20,0.01,1,3,7,0.058,0.222222,2758.62
584,KB4,ARQ,Size_Short,20,0.01,1,3,0,0.0242,0.740741,6611.57
585,KB4,ARQ,Size_Short,20,0.01,1,3,1,0.029,0.555556,5517.24
586,KB4,ARQ,Size_Short,20,0.01,1,3,8,0.0579,0.20202,2763.39
587,KB4,ARQ,Size_Short,20,0.01,1,3,1,0.0279,0.555556,5734.77
588,KB4,ARQ,Size_Short,20,0.01,1,3,2,0.0284,0.444444,5633.8
589,KB4,ARQ,Size_Short,20,0.01,1,3,5,0.0446,0.277778,3587.44
590,KB4,ARQ,Size_Short,20,0.01,1,3,4,0.0394,0.31746,4060.91
591,KB4,ARQ,Size_Short,20,0.01,1,3,7,0.0577,0.222222,2772.96
592,KB4,ARQ,Size_Short,20,0.01,1,3,1,0.0262,0.555556,6106.87
593,KB4,ARQ,Size_Short,20,0.01,1,3,2,0.0356,0.444444,4494.38
594,KB4,ARQ,Size_Short,20,0.01,1,3,3,0.0397,0.37037,4030.23
595,KB4,ARQ,Size_Short,20,0.01,1,3,3,0.0409,0.37037,3911.98
596,KB4,ARQ,Size_Short,20,0.01,1,3,7,0.0573,0.222222,2792.32
597,KB4,ARQ,Size_Short,20,0.01,1,3,2,0.0313,0.444444,5111.82
598,KB4,ARQ,Size_Short,20,0.01,1,3,0,0.0241,0.740741,6639
599,KB4,ARQ,Size_Short,20,0.01,1,3,1,0.0273,0.555556,5860.81
600,KB4,ARQ,Size_Short,20,0.01,1,3,4,0.0443,0.31746,3611.74
601,KB4,ARQ,Size_Short,20,0.01,1,3,3,0.0392,0.37037,4081.63
602,KB4,ARQ,Size_Short,20,0.01,1,3,6,0.0482,0.246914,3319.5
603,KB4,ARQ,Size_Short,20,0.01,1,3,4,0.0407,0.31746,3931.2
604,KB4,ARQ,Size_Short,20,0.01,1,3,0,0.0238,0.740741,6722.69
605,KB4,ARQ,Size_Short,20,0.01,1,3,4,0.0444,0.31746,3603.6
606,KB4,ARQ,Size_Short,20,0.01,1,3,3,0.0381,0.37037,4199.48
607,KB4,ARQ,Size_Short,20,0.01,1,3,4,0.042,0.31746,3809.52
608,KB4,ARQ,Size_Short,20,0.01,1,3,0,0.0241,0.740741,6639
609,KB4,ARQ,Size_Short,20,0.01,1,3,0,0.024,0.740741,6666.67
610,KB4,ARQ,Size_Short,20,0.01,1,3,0,0.025,0.740741,6400
611,KB4,ARQ,Size_Short,20,0.01,1,3,0,0.0239,0.740741,6694.56
612,KB4,ARQ,Size_Short,20,0.01,1,3,1,0.0277,0.555556,5776.17
613,KB4,ARQ,Size_Short,20,0.01,1,3,0,0.0241,0.740741,6639
614,KB4,ARQ,Size_Short,20,0.01,1,3,4,0.0426,0.31746,3755.87
615,KB4,ARQ,Size_Short,20,0.01,1,3,0,0.0242,0.740741,6611.57
616,KB4,ARQ,Size_Short,20,0.01,1,3,3,0.0394,0.37037,4060.91
617,KB4,ARQ,Size_Short,20,0.01,1,3,7,0.0565,0.222222,2831.86
618,KB4,ARQ,Size_Short,20,0.01,1,3,0,0.0264,0.740741,6060.61
619,KB4,ARQ,Size_Short,20,0.01,1,3,1,0.0264,0.555556,6060.61
620,KB4,ARQ,Size_Short,20,0.01,1,3,4,0.0425,0.31746,3764.71
621,KB4,ARQ,Size_Short,20,0.01,1,3,2,0.0304,0.444444,5263.16
622,KB4,ARQ,Size_Short,20,0.01,1,3,1,0.0262,0.555556,6106.87
623,KB4,ARQ,Size_Short,20,0.01,1,3,2,0.0369,0.444444,4336.04
624,KB4,ARQ,Size_Short,20,0.01,1,3,3,0.0365,0.37037,4383.56
625,KB4,ARQ,Size_Short,20,0.01,1,3,5,0.0469,0.277778,3411.51
626,KB4,ARQ,Size_Short,20,0.01,1,3,2,0.0298,0.444444,5369.13
627,KB4,ARQ,Size_Short,20,0.01,1,3,2,0.0298,0.444444,5369.13
628,KB4,ARQ,Size_Short,20,0.01,1,3,7,0.0591,0.222222,2707.28
629,KB4,ARQ,Size_Short,20,0.01,1,3,2,0.0357,0.444444,4481.79
630,KB4,ARQ,Size_Short,20,0.01,1,3,5,0.0421,0.277778,3800.48
631,KB4,ARQ,Size_Short,20,0.01,1,3,1,0.0279,0.555556,5734.77
632,KB4,ARQ,Size_Short,20,0.01,1,3,9,0.065,0.185185,2461.54
633,KB4,ARQ,Size_Short,20,0.01,1,3,6,0.051,0.246914,3137.25
634,KB4,ARQ,Size_Short,20,0.01,1,3,2,0.0299,0.444444,5351.17
635,KB4,ARQ,Size_Short,20,0.01,1,3,2,0.037,0.444444,4324.32
636,KB4,ARQ,Size_Short,20,0.01,1,3,1,0.026,0.555556,6153.85
637,KB4,ARQ,Size_Short,20,0.01,1,3,3,0.037,0.37037,4324.32
638,KB4,ARQ,Size_Short,20,0.01,1,3,2,0.0311,0.444444,5144.69
639,KB4,ARQ,Size_Short,20,0.01,1,3,2,0.0357,0.444444,4481.79
640,KB4,ARQ,Size_Short,20,0.01,1,3,2,0.0285,0.444444,5614.04
641,KB4,ARQ,Size_Short,20,0.01,1,3,1,0.0274,0.555556,5839.42
642,KB4,ARQ,Size_Short,20,0.01,1,3,2,0.0352,0.444444,4545.45
643,KB4,ARQ,Size_Short,20,0.01,1,3,1,0.0286,0.555556,5594.41
644,KB4,ARQ,Size_Short,20,0.01,1,3,3,0.0362,0.37037,4419.89
645,KB4,ARQ,Size_Short,20,0.01,1,3,2,0.0295,0.444444,5423.73
646,KB4,ARQ,Size_Short,20,0.01,1,3,4,0.043,0.31746,3720.93
647,KB4,ARQ,Size_Short,20,0.01,1,3,4,0.0419,0.31746,3818.62
648,KB4,ARQ,Size_Short,20,0.01,1,3,1,0.0272,0.555556,5882.35
649,KB4,ARQ,Size_Short,20,0.01,1,3,7,0.0561,0.222222,2852.05
650,KB4,ARQ,Size_Short,20,0.01,1,3,2,0.0302,0.444444,5298.01
651,KB4,ARQ,Size_Short,20,0.01,1,3,7,0.0568,0.222222,2816.9
652,KB4,ARQ,Size_Short,20,0.01,1,3,9,0.0614,0.185185,2605.86
653,KB4,ARQ,Size_Short,20,0.01,1,3,7,0.0691,0.222222,2315.48
654,KB4,ARQ,Size_Short,20,0.01,1,3,0,0.0245,0.740741,6530.61
655,KB4,ARQ,Size_Short,20,0.01,1,3,1,0.026,0.555556,6153.85
656,KB4,ARQ,Size_Short,20,0.01,1,3,2,0.0301,0.444444,5315.61
657,KB4,ARQ,Size_Short,20,0.01,1,3,1,0.028,0.555556,5714.29
658,KB4,ARQ,Size_Short,20,0.01,1,3,0,0.0253,0.740741,6324.11
659,KB4,ARQ,Size_Short,20,0.01,1,3,0,0.0244,0.740741,6557.38
660,KB4,ARQ,Size_Short,20,0.01,1,3,2,0.03,0.444444,5333.33
661,KB4,ARQ,Size_Short,20,0.01,1,3,2,0.03,0.444444,5333.33
662,KB4,ARQ,Size_Short,20,0.01,1,3,3,0.0393,0.37037,4071.25
663,KB4,ARQ,Size_Short,20,0.01,1,3,6,0.0497,0.246914,3219.32
664,KB4,ARQ,Size_Short,20,0.01,1,3,5,0.0444,0.277778,3603.6
665,KB4,ARQ,Size_Short,20,0.01,1,3,7,0.0557,0.222222,2872.53
666,KB4,ARQ,Size_Short,20,0.01,1,3,3,0.0389,0.37037,4113.11
667,KB4,ARQ,Size_Short,20,0.01,1,3,4,0.0429,0.31746,3729.6
668,KB4,ARQ,Size_Short,20,0.01,1,3,3,0.0406,0.37037,3940.89
669,KB4,ARQ,Size_Short,20,0.01,1,3,7,0.0501,0.222222,3193.61
670,KB4,ARQ,Size_Short,20,0.01,1,3,5,0.0475,0.277778,3368.42
671,KB4,ARQ,Size_Short,20,0.01,1,3,2,0.0355,0.444444,4507.04
672,KB4,ARQ,Size_Short,20,0.01,1,3,2,0.0355,0.444444,4507.04
673,KB4,ARQ,Size_Short,20,0.01,1,3,1,0.0292,0.555556,5479.45
674,KB4,ARQ,Size_Short,20,0.01,1,3,3,0.0394,0.37037,4060.91
675,KB4,ARQ,Size_Short,20,0.01,1,3,0,0.0237,0.740741,6751.05
676,KB4,ARQ,Size_Short,20,0.01,1,3,11,0.0742,0.15873,2156.33
677,KB4,ARQ,Size_Short,20,0.01,1,3,3,0.0394,0.37037,4060.91
678,KB4,ARQ,Size_Short,20,0.01,1,3,0,0.0253,0.740741,6324.11
679,KB4,ARQ,Size_Short,20,0.01,1,3,3,0.0386,0.37037,4145.08
680,KB4,ARQ,Size_Short,20,0.01,1,3,3,0.0387,0.37037,4134.37
681,KB4,ARQ,Size_Short,20,0.01,1,3,0,0.0242,0.740741,6611.57
682,KB4,ARQ,Size_Short,20,0.01,1,3,7,0.0504,0.222222,3174.6
683,KB4,ARQ,Size_Short,20,0.01,1,3,2,0.0373,0.444444,4289.54
684,KB4,ARQ,Size_Short,20,0.01,1,3,0,0.0241,0.740741,6639
685,KB4,ARQ,Size_Short,20,0.01,1,3,3,0.0381,0.37037,4199.48
686,KB4,ARQ,Size_Short,20,0.01,1,3,2,0.0355,0.444444,4507.04
687,KB4,ARQ,Size_Short,20,0.01,1,3,2,0.0294,0.444444,5442.18
688,KB4,ARQ,Size_Short,20,0.01,1,3,5,0.046,0.277778,3478.26
689,KB4,ARQ,Size_Short,20,0.01,1,3,3,0.0394,0.37037,4060.91
690,KB4,ARQ,Size_Short,20,0.01,1,3,1,0.0276,0.555556,5797.1
691,KB4,ARQ,Size_Short,20,0.01,1,3,2,0.035,0.444444,4571.43
692,KB4,ARQ,Size_Short,20,0.01,1,3,2,0.035,0.444444,4571.43
693,KB4,ARQ,Size_Short,20,0.01,1,3,6,0.0494,0.246914,3238.87
694,KB4,ARQ,Size_Short,20,0.01,1,3,6,0.0456,0.246914,3508.77
695,KB4,ARQ,Size_Short,20,0.01,1,3,0,0.0241,0.740741,6639
696,KB4,ARQ,Size_Short,20,0.01,1,3,0,0.0243,0.740741,6584.36
697,KB4,ARQ,Size_Short,20,0.01,1,3,1,0.0278,0.555556,5755.4
698,KB4,ARQ,Size_Short,20,0.01,1,3,0,0.0249,0.740741,6425.7
699,KB4,ARQ,Size_Short,20,0.01,1,3,3,0.0387,0.37037,4134.37
700,KB4,ARQ,Size_Short,20,0.01,1,3,5,0.0449,0.277778,3563.47
701,KB4,ARQ,Size_Short,20,0.01,1,3,2,0.0351,0.444444,4558.4
702,KB4,ARQ,Size_Short,20,0.01,1,3,1,0.0279,0.555556,5734.77
703,KB4,ARQ,Size_Short,20,0.01,1,3,3,0.0392,0.37037,4081.63
704,KB4,ARQ,Size_Short,20,0.01,1,3,1,0.0277,0.555556,5776.17
705,KB4,ARQ,Size_Short,20,0.01,1,3,2,0.0358,0.444444,4469.27
706,KB4,ARQ,Size_Short,20,0.01,1,3,4,0.0447,0.31746,3579.42
707,KB4,ARQ,Size_Short,20,0.01,1,3,0,0.039,0.740741,4102.56
708,KB4,ARQ,Size_Short,20,0.01,1,3,3,0.055,0.37037,2909.09
709,KB4,ARQ,Size_Short,20,0.01,1,3,1,0.041,0.555556,3902.44
710,KB4,ARQ,Size_Short,20,0.01,1,3,1,0.0369,0.555556,4336.04
711,KB4,ARQ,Size_Short,20,0.01,1,3,6,0.0655,0.246914,2442.75
712,KB4,ARQ,Size_Short,20,0.01,1,3,0,0.0351,0.740741,4558.4
713,KB4,ARQ,Size_Short,20,0.01,1,3,3,0.0483,0.37037,3312.63
714,KB4,ARQ,Size_Short,20,0.01,1,3,2,0.0683,0.444444,2342.61
715,KB4,ARQ,Size_Short,20,0.01,1,3,4,0.0557,0.31746,2872.53
716,KB4,ARQ,Size_Short,20,0.01,1,3,0,0.026,0.740741,6153.85
717,KB4,ARQ,Size_Short,20,0.01,1,3,4,0.041,0.31746,3902.44
718,KB4,ARQ,Size_Short,20,0.01,1,3,2,0.0298,0.444444,5369.13
719,KB4,ARQ,Size_Short,20,0.01,1,3,1,0.0272,0.555556,5882.35
720,KB4,ARQ,Size_Short,20,0.01,1,3,1,0.0278,0.555556,5755.4
721,KB4,ARQ,Size_Short,20,0.01,1,3,2,0.0602,0.444444,2657.81
722,KB4,ARQ,Size_Short,20,0.01,1,3,1,0.0276,0.555556,5797.1
723,KB4,ARQ,Size_Short,20,0.01,1,3,0,0.0244,0.740741,6557.38
724,KB4,ARQ,Size_Short,20,0.01,1,3,5,0.1076,0.277778,1486.99
725,KB4,ARQ,Size_Short,20,0.01,1,3,3,0.0585,0.37037,2735.04
726,KB4,ARQ,Size_Short,20,0.01,1,3,3,0.0433,0.37037,3695.15
727,KB4,ARQ,Size_Short,20,0.01,1,3,6,0.0518,0.246914,3088.8
728,KB4,ARQ,Size_Short,20,0.01,1,3,1,0.0298,0.555556,5369.13
729,KB4,ARQ,Size_Short,20,0.01,1,3,2,0.038,0.444444,4210.53
730,KB4,ARQ,Size_Short,20,0.01,1,3,1,0.0517,0.555556,3094.78
731,KB4,ARQ,Size_Short,20,0.01,1,3,4,0.053,0.31746,3018.87
732,KB4,ARQ,Size_Short,20,0.01,1,3,0,0.0468,0.740741,3418.8
733,KB4,ARQ,Size_Short,20,0.01,1,3,1,0.0276,0.555556,5797.1
734,KB4,ARQ,Size_Short,20,0.01,1,3,2,0.0344,0.444444,4651.16
735,KB4,ARQ,Size_Short,20,0.01,1,3,1,0.0282,0.555556,5673.76
736,KB4,ARQ,Size_Short,20,0.01,1,3,3,0.0381,0.37037,4199.48
737,KB4,ARQ,Size_Short,20,0.01,1,3,0,0.0266,0.740741,6015.04
738,KB4,ARQ,Size_Short,20,0.01,1,3,1,0.0272,0.555556,5882.35
739,KB4,ARQ,Size_Short,20,0.01,1,3,3,0.0426,0.37037,3755.87
740,KB4,ARQ,Size_Short,20,0.01,1,3,2,0.037,0.444444,4324.32
741,KB4,ARQ,Size_Short,20,0.01,1,3,3,0.0395,0.37037,4050.63
742,KB4,ARQ,Size_Short,20,0.01,1,3,6,0.0472,0.246914,3389.83
743,KB4,ARQ,Size_Short,20,0.01,1,3,4,0.04,0.31746,4000
744,KB4,ARQ,Size_Short,20,0.01,1,3,0,0.0259,0.740741,6177.61
745,KB4,ARQ,Size_Short,20,0.01,1,3,2,0.0286,0.444444,5594.41
746,KB4,ARQ,Size_Short,20,0.01,1,3,2,0.0358,0.444444,4469.27
747,KB4,ARQ,Size_Short,20,0.01,1,3,4,0.0421,0.31746,3800.48
748,KB4,ARQ,Size_Short,20,0.01,1,3,1,0.0277,0.555556,5776.17
749,KB4,ARQ,Size_Short,20,0.01,1,3,1,0.0295,0.555556,5423.73
750,KB4,ARQ,Size_Short,20,0.01,1,3,3,0.0401,0.37037,3990.02
751,KB4,ARQ,Size_Short,20,0.01,1,3,2,0.0357,0.444444,4481.79
752,KB4,ARQ,Size_Short,20,0.01,1,3,7,0.0584,0.222222,2739.73
753,KB4,ARQ,Size_Short,20,0.01,1,3,0,0.0242,0.740741,6611.57
754,KB4,ARQ,Size_Short,20,0.01,1,3,4,0.0414,0.31746,3864.73
755,KB4,ARQ,Size_Short,20,0.01,1,3,0,0.024,0.740741,6666.67
756,KB4,ARQ,Size_Short,20,0.01,1,3,5,0.0447,0.277778,3579.42
757,KB4,ARQ,Size_Short,20,0.01,1,3,0,0.0242,0.740741,6611.57
758,KB4,ARQ,Size_Short,20,0.01,1,3,0,0.0243,0.740741,6584.36
759,KB4,ARQ,Size_Short,20,0.01,1,3,0,0.024,0.740741,6666.67
760,KB4,ARQ,Size_Short,20,0.01,1,3,3,0.0384,0.37037,4166.67
761,KB4,ARQ,Size_Short,20,0.01,1,3,4,0.0393,0.31746,4071.25
762,KB4,ARQ,Size_Short,20,0.01,1,3,2,0.0309,0.444444,5177.99
763,KB4,ARQ,Size_Short,20,0.01,1,3,3,0.0392,0.37037,4081.63
764,KB4,ARQ,Size_Short,20,0.01,1,3,2,0.0352,0.444444,4545.45
765,KB4,ARQ,Size_Short,20,0.01,1,3,2,0.0358,0.444444,4469.27
766,KB4,ARQ,Size_Short,20,0.01,1,3,0,0.024,0.740741,6666.67
767,KB4,ARQ,Size_Short,20,0.01,1,3,0,0.0257,0.740741,6225.68
768,KB4,ARQ,Size_Short,20,0.01,1,3,6,0.0502,0.246914,3187.25
769,KB4,ARQ,Size_Short,20,0.01,1,3,1,0.028,0.555556,5714.29
770,KB4,ARQ,Size_Short,20,0.01,1,3,0,0.0242,0.740741,6611.57
771,KB4,ARQ,Size_Short,20,0.01,1,3,4,0.0415,0.31746,3855.42
772,KB4,ARQ,Size_Short,20,0.01,1,3,1,0.0289,0.555556,5536.33
773,KB4,ARQ,Size_Short,20,0.01,1,3,1,0.0277,0.555556,5776.17
774,KB4,ARQ,Size_Short,20,0.01,1,3,3,0.038,0.37037,4210.53
775,KB4,ARQ,Size_Short,20,0.01,1,3,2,0.0283,0.444444,5653.71
776,KB4,ARQ,Size_Short,20,0.01,1,3,0,0.0244,0.740741,6557.38
777,KB4,ARQ,Size_Short,20,0.01,1,3,1,0.0277,0.555556,5776.17
778,KB4,ARQ,Size_Short,20,0.01,1,3,2,0.0359,0.444444,4456.82
779,KB4,ARQ,Size_Short,20,0.01,1,3,1,0.0278,0.555556,5755.4
780,KB4,ARQ,Size_Short,20,0.01,1,3,4,0.0431,0.31746,3712.3
781,KB4,ARQ,Size_Short,20,0.01,1,3,1,0.0281,0.555556,5693.95
782,KB4,ARQ,Size_Short,20,0.01,1,3,6,0.0484,0.246914,3305.79
783,KB4,ARQ,Size_Short,20,0.01,1,3,0,0.0239,0.740741,6694.56
784,KB4,ARQ,Size_Short,20,0.01,1,3,2,0.0346,0.444444,4624.28
785,KB4,ARQ,Size_Short,20,0.01,1,3,0,0.0252,0.740741,6349.21
786,KB4,ARQ,Size_Short,20,0.01,1,3,0,0.0242,0.740741,6611.57
787,KB4,ARQ,Size_Short,20,0.01,1,3,4,0.0425,0.31746,3764.71
788,KB4,ARQ,Size_Short,20,0.01,1,3,5,0.0457,0.277778,3501.09
789,KB4,ARQ,Size_Short,20,0.01,1,3,2,0.0357,0.444444,4481.79
790,KB4,ARQ,Size_Short,20,0.01,1,3,4,0.0421,0.31746,3800.48
791,KB4,ARQ,Size_Short,20,0.01,1,3,2,0.028,0.444444,5714.29
792,KB4,ARQ,Size_Short,20,0.01,1,3,2,0.0357,0.444444,4481.79
793,KB4,ARQ,Size_Short,20,0.01,1,3,7,0.0582,0.222222,2749.14
794,KB4,ARQ,Size_Short,20,0.01,1,3,3,0.0395,0.37037,4050.63
795,KB4,ARQ,Size_Short,20,0.01,1,3,1,0.0289,0.555556,5536.33
796,KB4,ARQ,Size_Short,20,0.01,1,3,3,0.039,0.37037,4102.56
797,KB4,ARQ,Size_Short,20,0.01,1,3,2,0.0353,0.444444,4532.58
798,KB4,ARQ,Size_Short,20,0.01,1,3,2,0.0349,0.444444,4584.53
799,KB4,ARQ,Size_Short,20,0.01,1,3,1,0.0259,0.555556,6177.61
800,KB4,ARQ,Size_Short,20,0.01,1,3,7,0.0595,0.222222,2689.08
801,KB4,ARQ,Size_Short,20,0.01,1,3,1,0.0277,0.555556,5776.17
802,KB4,ARQ,Size_Short,20,0.01,1,3,1,0.0275,0.555556,5818.18
803,KB4,ARQ,Size_Short,20,0.01,1,3,2,0.0353,0.444444,4532.58
804,KB4,ARQ,Size_Short,20,0.01,1,3,2,0.0355,0.444444,4507.04
805,KB4,ARQ,Size_Short,20,0.01,1,3,1,0.0285,0.555556,5614.04
806,KB4,ARQ,Size_Short,20,0.01,1,3,0,0.0241,0.740741,6639
807,KB4,ARQ,Size_Short,20,0.01,1,3,1,0.026,0.555556,6153.85
808,KB4,ARQ,Size_Short,20,0.01,1,3,1,0.0273,0.555556,5860.81
809,KB4,ARQ,Size_Short,20,0.01,1,3,3,0.0391,0.37037,4092.07
810,KB4,ARQ,Size_Short,20,0.01,1,3,1,0.0264,0.555556,6060.61
811,KB4,ARQ,Size_Short,20,0.01,1,3,5,0.0435,0.277778,3678.16
812,KB4,ARQ,Size_Short,20,0.01,1,3,1,0.029,0.555556,5517.24
813,KB4,ARQ,Size_Short,20,0.01,1,3,2,0.0365,0.444444,4383.56
814,KB4,ARQ,Size_Short,20,0.01,1,3,1,0.0273,0.555556,5860.81
815,KB4,ARQ,Size_Short,20,0.01,1,3,2,0.0351,0.444444,4558.4
816,KB4,ARQ,Size_Short,20,0.01,1,3,2,0.0358,0.444444,4469.27
817,KB4,ARQ,Size_Short,20,0.01,1,3,0,0.0243,0.740741,6584.36
818,KB4,ARQ,Size_Short,20,0.01,1,3,1,0.0284,0.555556,5633.8
819,KB4,ARQ,Size_Short,20,0.01,1,3,2,0.0354,0.444444,4519.77
820,KB4,ARQ,Size_Short,20,0.01,1,3,4,0.041,0.31746,3902.44
821,KB4,ARQ,Size_Short,20,0.01,1,3,5,0.0448,0.277778,3571.43
822,KB4,ARQ,Size_Short,20,0.01,1,3,2,0.0358,0.444444,4469.27
823,KB4,ARQ,Size_Short,20,0.01,1,3,6,0.0519,0.246914,3082.85
824,KB4,ARQ,Size_Short,20,0.01,1,3,1,0.0261,0.555556,6130.27
825,KB4,ARQ,Size_Short,20,0.01,1,3,1,0.0277,0.555556,5776.17
826,KB4,ARQ,Size_Short,20,0.01,1,3,0,0.024,0.740741,6666.67
827,KB4,ARQ,Size_Short,20,0.01,1,3,2,0.0355,0.444444,4507.04
828,KB4,ARQ,Size_Short,20,0.01,1,3,1,0.0261,0.555556,6130.27
829,KB4,ARQ,Size_Short,20,0.01,1,3,0,0.0243,0.740741,6584.36
830,KB4,ARQ,Size_Short,20,0.01,1,3,4,0.0415,0.31746,3855.42
831,KB4,ARQ,Size_Short,20,0.01,1,3,1,0.0293,0.555556,5460.75
832,KB4,ARQ,Size_Short,20,0.01,1,3,2,0.0371,0.444444,4312.67
833,KB4,ARQ,Size_Short,20,0.01,1,3,1,0.0279,0.555556,5734.77
834,KB4,ARQ,Size_Short,20,0.01,1,3,2,0.0294,0.444444,5442.18
835,KB4,ARQ,Size_Short,20,0.01,1,3,3,0.0388,0.37037,4123.71
836,KB4,ARQ,Size_Short,20,0.01,1,3,0,0.0253,0.740741,6324.11
837,KB4,ARQ,Size_Short,20,0.01,1,3,2,0.0354,0.444444,4519.77
838,KB4,ARQ,Size_Short,20,0.01,1,3,1,0.0262,0.555556,6106.87
839,KB4,ARQ,Size_Short,20,0.01,1,3,2,0.0285,0.444444,5614.04
840,KB4,ARQ,Size_Short,20,0.01,1,3,2,0.0354,0.444444,4519.77
841,KB4,ARQ,Size_Short,20,0.01,1,3,3,0.0375,0.37037,4266.67
842,KB4,ARQ,Size_Short,20,0.01,1,3,0,0.0245,0.740741,6530.61
843,KB4,ARQ,Size_Short,20,0.01,1,3,1,0.0276,0.555556,5797.1
844,KB4,ARQ,Size_Short,20,0.01,1,3,4,0.0427,0.31746,3747.07
845,KB4,ARQ,Size_Short,20,0.01,1,3,3,0.0376,0.37037,4255.32
846,KB4,ARQ,Size_Short,20,0.01,1,3,0,0.0241,0.740741,6639
847,KB4,ARQ,Size_Short,20,0.01,1,3,2,0.0361,0.444444,4432.13
848,KB4,ARQ,Size_Short,20,0.01,1,3,0,0.024,0.740741,6666.67
849,KB4,ARQ,Size_Short,20,0.01,1,3,1,0.0295,0.555556,5423.73
850,KB4,ARQ,Size_Short,20,0.01,1,3,1,0.0273,0.555556,5860.81
851,KB4,ARQ,Size_Short,20,0.01,1,3,2,0.0356,0.444444,4494.38
852,KB4,ARQ,Size_Short,20,0.01,1,3,3,0.0408,0.37037,3921.57
853,KB4,ARQ,Size_Short,20,0.01,1,3,2,0.0301,0.444444,5315.61
854,KB4,ARQ,Size_Short,20,0.01,1,3,3,0.0373,0.37037,4289.54
855,KB4,ARQ,Size_Short,20,0.01,1,3,1,0.0264,0.555556,6060.61
856,KB4,ARQ,Size_Short,20,0.01,1,3,3,0.0362,0.37037,4419.89
857,KB4,ARQ,Size_Short,20,0.01,1,3,8,0.0624,0.20202,2564.1
858,KB4,ARQ,Size_Short,20,0.01,1,3,11,0.0642,0.15873,2492.21
859,KB4,ARQ,Size_Short,20,0.01,1,3,2,0.0367,0.444444,4359.67
860,KB4,ARQ,Size_Short,20,0.01,1,3,1,0.0276,0.555556,5797.1
861,KB4,ARQ,Size_Short,20,0.01,1,3,3,0.0393,0.37037,4071.25
862,KB4,ARQ,Size_Short,20,0.01,1,3,0,0.0242,0.740741,6611.57
863,KB4,ARQ,Size_Short,20,0.01,1,3,1,0.0279,0.555556,5734.77
864,KB4,ARQ,Size_Short,20,0.01,1,3,5,0.0463,0.277778,3455.72
865,KB4,ARQ,Size_Short,20,0.01,1,3,5,0.043,0.277778,3720.93
866,KB4,ARQ,Size_Short,20,0.01,1,3,4,0.0421,0.31746,3800.48
867,KB4,ARQ,Size_Short,20,0.01,1,3,0,0.0238,0.740741,6722.69
868,KB4,ARQ,Size_Short,20,0.01,1,3,0,0.0244,0.740741,6557.38
869,KB4,ARQ,Size_Short,20,0.01,1,3,1,0.029,0.555556,5517.24
870,KB4,ARQ,Size_Short,20,0.01,1,3,1,0.0275,0.555556,5818.18
871,KB4,ARQ,Size_Short,20,0.01,1,3,3,0.0385,0.37037,4155.84
872,KB4,ARQ,Size_Short,20,0.01,1,3,3,0.0392,0.37037,4081.63
873,KB4,ARQ,Size_Short,20,0.01,1,3,1,0.0278,0.555556,5755.4
874,KB4,ARQ,Size_Short,20,0.01,1,3,0,0.0251,0.740741,6374.5
875,KB4,ARQ,Size_Short,20,0.01,1,3,2,0.0358,0.444444,4469.27
876,KB4,ARQ,Size_Short,20,0.01,1,3,0,0.024,0.740741,6666.67
877,KB4,ARQ,Size_Short,20,0.01,1,3,2,0.0371,0.444444,4312.67
878,KB4,ARQ,Size_Short,20,0.01,1,3,3,0.0363,0.37037,4407.71
879,KB4,ARQ,Size_Short,20,0.01,1,3,3,0.0399,0.37037,4010.03
880,KB4,ARQ,Size_Short,20,0.01,1,3,4,0.0433,0.31746,3695.15
881,KB4,ARQ,Size_Short,20,0.01,1,3,0,0.0242,0.740741,6611.57
882,KB4,ARQ,Size_Short,20,0.01,1,3,1,0.0277,0.555556,5776.17
883,KB4,ARQ,Size_Short,20,0.01,1,3,5,0.0445,0.277778,3595.51
884,KB4,ARQ,Size_Short,20,0.01,1,3,2,0.0301,0.444444,5315.61
885,KB4,ARQ,Size_Short,20,0.01,1,3,2,0.0301,0.444444,5315.61
886,KB4,ARQ,Size_Short,20,0.01,1,3,4,0.0383,0.31746,4177.55
887,KB4,ARQ,Size_Short,20,0.01,1,3,7,0.0507,0.222222,3155.82
888,KB4,ARQ,Size_Short,20,0.01,1,3,0,0.0245,0.740741,6530.61
889,KB4,ARQ,Size_Short,20,0.01,1,3,4,0.0419,0.31746,3818.62
890,KB4,ARQ,Size_Short,20,0.01,1,3,3,0.037,0.37037,4324.32
891,KB4,ARQ,Size_Short,20,0.01,1,3,3,0.0358,0.37037,4469.27
892,KB4,ARQ,Size_Short,20,0.01,1,3,2,0.0316,0.444444,5063.29
893,KB4,ARQ,Size_Short,20,0.01,1,3,3,0.0387,0.37037,4134.37
894,KB4,ARQ,Size_Short,20,0.01,1,3,1,0.0263,0.555556,6083.65
895,KB4,ARQ,Size_Short,20,0.01,1,3,0,0.0239,0.740741,6694.56
896,KB4,ARQ,Size_Short,20,0.01,1,3,10,0.0684,0.17094,2339.18
897,KB4,ARQ,Size_Short,20,0.01,1,3,6,0.0462,0.246914,3463.2
898,KB4,ARQ,Size_Short,20,0.01,1,3,2,0.0356,0.444444,4494.38
899,KB4,ARQ,Size_Short,20,0.01,1,3,3,0.036,0.37037,4444.44
900,KB4,ARQ,Size_Short,20,0.01,1,3,2,0.0353,0.444444,4532.58
901,KB4,ARQ,Size_Short,20,0.01,1,3,1,0.0276,0.555556,5797.1
902,KB4,ARQ,Size_Short,20,0.01,1,3,1,0.0294,0.555556,5442.18
903,KB4,ARQ,Size_Short,20,0.01,1,3,1,0.0277,0.555556,5776.17
904,KB4,ARQ,Size_Short,20,0.01,1,3,1,0.0276,0.555556,5797.1
905,KB4,ARQ,Size_Short,20,0.01,1,3,2,0.0283,0.444444,5653.71
906,KB4,ARQ,Size_Short,20,0.01,1,3,5,0.0465,0.277778,3440.86
907,KB4,ARQ,Size_Short,20,0.01,1,3,3,0.0389,0.37037,4113.11
908,KB4,ARQ,Size_Short,20,0.01,1,3,1,0.0276,0.555556,5797.1
909,KB4,ARQ,Size_Short,20,0.01,1,3,1,0.0289,0.555556,5536.33
910,KB4,ARQ,Size_Short,20,0.01,1,3,1,0.0277,0.555556,5776.17
911,KB4,ARQ,Size_Short,20,0.01,1,3,2,0.0355,0.444444,4507.04
912,KB4,ARQ,Size_Short,20,0.01,1,3,2,0.0355,0.444444,4507.04
913,KB4,ARQ,Size_Short,20,0.01,1,3,0,0.0238,0.740741,6722.69
914,KB4,ARQ,Size_Short,20,0.01,1,3,7,0.0572,0.222222,2797.2
915,KB4,ARQ,Size_Short,20,0.01,1,3,2,0.0311,0.444444,5144.69
916,KB4,ARQ,Size_Short,20,0.01,1,3,1,0.026,0.555556,6153.85
917,KB4,ARQ,Size_Short,20,0.01,1,3,3,0.0379,0.37037,4221.64
918,KB4,ARQ,Size_Short,20,0.01,1,3,1,0.0259,0.555556,6177.61
919,KB4,ARQ,Size_Short,20,0.01,1,3,1,0.0272,0.555556,5882.35
920,KB4,ARQ,Size_Short,20,0.01,1,3,1,0.0287,0.555556,5574.91
921,KB4,ARQ,Size_Short,20,0.01,1,3,3,0.0387,0.37037,4134.37
922,KB4,ARQ,Size_Short,20,0.01,1,3,2,0.0355,0.444444,4507.04
923,KB4,ARQ,Size_Short,20,0.01,1,3,1,0.0281,0.555556,5693.95
924,KB4,ARQ,Size_Short,20,0.01,1,3,6,0.0484,0.246914,3305.79
925,KB4,ARQ,Size_Short,20,0.01,1,3,6,0.0515,0.246914,3106.8
926,KB4,ARQ,Size_Short,20,0.01,1,3,4,0.0425,0.31746,3764.71
927,KB4,ARQ,Size_Short,20,0.01,1,3,3,0.0394,0.37037,4060.91
928,KB4,ARQ,Size_Short,20,0.01,1,3,4,0.0414,0.31746,3864.73
929,KB4,ARQ,Size_Short,20,0.01,1,3,2,0.0352,0.444444,4545.45
930,KB4,ARQ,Size_Short,20,0.01,1,3,2,0.0312,0.444444,5128.21
931,KB4,ARQ,Size_Short,20,0.01,1,3,0,0.0243,0.740741,6584.36
932,KB4,ARQ,Size_Short,20,0.01,1,3,1,0.0275,0.555556,5818.18
933,KB4,ARQ,Size_Short,20,0.01,1,3,0,0.0239,0.740741,6694.56
934,KB4,ARQ,Size_Short,20,0.01,1,3,3,0.0375,0.37037,4266.67
935,KB4,ARQ,Size_Short,20,0.01,1,3,5,0.0462,0.277778,3463.2
936,KB4,ARQ,Size_Short,20,0.01,1,3,0,0.024,0.740741,6666.67
937,KB4,ARQ,Size_Short,20,0.01,1,3,1,0.0276,0.555556,5797.1
938,KB4,ARQ,Size_Short,20,0.01,1,3,5,0.0446,0.277778,3587.44
939,KB4,ARQ,Size_Short,20,0.01,1,3,7,0.0562,0.222222,2846.98
940,KB4,ARQ,Size_Short,20,0.01,1,3,4,0.0423,0.31746,3782.51
941,KB4,ARQ,Size_Short,20,0.01,1,3,4,0.0427,0.31746,3747.07
942,KB4,ARQ,Size_Short,20,0.01,1,3,0,0.024,0.740741,6666.67
943,KB4,ARQ,Size_Short,20,0.01,1,3,2,0.0357,0.444444,4481.79
944,KB4,ARQ,Size_Short,20,0.01,1,3,0,0.0243,0.740741,6584.36
945,KB4,ARQ,Size_Short,20,0.01,1,3,3,0.0388,0.37037,4123.71
946,KB4,ARQ,Size_Short,20,0.01,1,3,1,0.026,0.555556,6153.85
947,KB4,ARQ,Size_Short,20,0.01,1,3,5,0.0464,0.277778,3448.28
948,KB4,ARQ,Size_Short,20,0.01,1,3,1,0.027,0.555556,5925.93
949,KB4,ARQ,Size_Short,20,0.01,1,3,0,0.0242,0.740741,6611.57
950,KB4,ARQ,Size_Short,20,0.01,1,3,2,0.0293,0.444444,5460.75
951,KB4,ARQ,Size_Short,20,0.01,1,3,4,0.0423,0.31746,3782.51
952,KB4,ARQ,Size_Short,20,0.01,1,3,4,0.0432,0.31746,3703.7
953,KB4,ARQ,Size_Short,20,0.01,1,3,2,0.0313,0.444444,5111.82
954,KB4,ARQ,Size_Short,20,0.01,1,3,3,0.0391,0.37037,4092.07
955,KB4,ARQ,Size_Short,20,0.01,1,3,3,0.0395,0.37037,4050.63
956,KB4,ARQ,Size_Short,20,0.01,1,3,0,0.0241,0.740741,6639
957,KB4,ARQ,Size_Short,20,0.01,1,3,2,0.0296,0.444444,5405.41
958,KB4,ARQ,Size_Short,20,0.01,1,3,1,0.0292,0.555556,5479.45
959,KB4,ARQ,Size_Short,20,0.01,1,3,4,0.0425,0.31746,3764.71
960,KB4,ARQ,Size_Short,20,0.01,1,3,3,0.0392,0.37037,4081.63
961,KB4,ARQ,Size_Short,20,0.01,1,3,3,0.0377,0.37037,4244.03
962,KB4,ARQ,Size_Short,20,0.01,1,3,1,0.0263,0.555556,6083.65
963,KB4,ARQ,Size_Short,20,0.01,1,3,0,0.0252,0.740741,6349.21
964,KB4,ARQ,Size_Short,20,0.01,1,3,1,0.0265,0.555556,6037.74
965,KB4,ARQ,Size_Short,20,0.01,1,3,2,0.0352,0.444444,4545.45
966,KB4,ARQ,Size_Short,20,0.01,1,3,4,0.0429,0.31746,3729.6
967,KB4,ARQ,Size_Short,20,0.01,1,3,1,0.0275,0.555556,5818.18
968,KB4,ARQ,Size_Short,20,0.01,1,3,1,0.0272,0.555556,5882.35
969,KB4,ARQ,Size_Short,20,0.01,1,3,6,0.0487,0.246914,3285.42
970,KB4,ARQ,Size_Short,20,0.01,1,3,2,0.0357,0.444444,4481.79
971,KB4,ARQ,Size_Short,20,0.01,1,3,3,0.0391,0.37037,4092.07
972,KB4,ARQ,Size_Short,20,0.01,1,3,1,0.026,0.555556,6153.85
973,KB4,ARQ,Size_Short,20,0.01,1,3,2,0.0368,0.444444,4347.83
974,KB4,ARQ,Size_Short,20,0.01,1,3,0,0.0238,0.740741,6722.69
975,KB4,ARQ,Size_Short,20,0.01,1,3,2,0.0355,0.444444,4507.04
976,KB4,ARQ,Size_Short,20,0.01,1,3,1,0.0289,0.555556,5536.33
977,KB4,ARQ,Size_Short,20,0.01,1,3,0,0.024,0.740741,6666.67
978,KB4,ARQ,Size_Short,20,0.01,1,3,1,0.0273,0.555556,5860.81
979,KB4,ARQ,Size_Short,20,0.01,1,3,4,0.0407,0.31746,3931.2
980,KB4,ARQ,Size_Short,20,0.01,1,3,2,0.0353,0.444444,4532.58
981,KB4,ARQ,Size_Short,20,0.01,1,3,1,0.0293,0.555556,5460.75
982,KB4,ARQ,Size_Short,20,0.01,1,3,2,0.0301,0.444444,5315.61
983,KB4,ARQ,Size_Short,20,0.01,1,3,2,0.035,0.444444,4571.43
984,KB4,ARQ,Size_Short,20,0.01,1,3,1,0.0277,0.555556,5776.17
985,KB4,ARQ,Size_Short,20,0.01,1,3,5,0.0429,0.277778,3729.6
986,KB4,ARQ,Size_Short,20,0.01,1,3,4,0.0436,0.31746,3669.72
987,KB4,ARQ,Size_Short,20,0.01,1,3,2,0.0297,0.444444,5387.21
988,KB4,ARQ,Size_Short,20,0.01,1,3,2,0.0355,0.444444,4507.04
989,KB4,ARQ,Size_Short,20,0.01,1,3,2,0.0353,0.444444,4532.58
990,KB4,ARQ,Size_Short,20,0.01,1,3,0,0.0238,0.740741,6722.69
991,KB4,ARQ,Size_Short,20,0.01,1,3,1,0.0274,0.555556,5839.42
992,KB4,ARQ,Size_Short,20,0.01,1,3,1,0.0276,0.555556,5797.1
993,KB4,ARQ,Size_Short,20,0.01,1,3,3,0.0377,0.37037,4244.03
994,KB4,ARQ,Size_Short,20,0.01,1,3,5,0.0478,0.277778,3347.28
995,KB4,ARQ,Size_Short,20,0.01,1,3,6,0.047,0.246914,3404.26
996,KB4,ARQ,Size_Short,20,0.01,1,3,4,0.0439,0.31746,3644.65
997,KB4,ARQ,Size_Short,20,0.01,1,3,2,0.0358,0.444444,4469.27
998,KB4,ARQ,Size_Short,20,0.01,1,3,7,0.0571,0.222222,2802.1
999,KB4,ARQ,Size_Short,20,0.01,1,3,4,0.0433,0.31746,3695.15
1000,KB4,ARQ,Size_Short,20,0.01,1,3,3,0.0388,0.37037,4123.71
1001,KB4,HARQ,Size_Short,20,0.01,1,3,0,0.2063,0.740741,775.57
1002,KB4,HARQ,Size_Short,20,0.01,1,3,0,0.3295,0.740741,485.584
1003,KB4,HARQ,Size_Short,20,0.01,1,3,0,0.196,0.740741,816.327
1004,KB4,HARQ,Size_Short,20,0.01,1,3,0,0.2036,0.740741,785.855
1005,KB4,HARQ,Size_Short,20,0.01,1,3,0,0.2182,0.740741,733.272
1006,KB4,HARQ,Size_Short,20,0.01,1,3,1,0.2781,0.555556,575.333
1007,KB4,HARQ,Size_Short,20,0.01,1,3,0,0.2114,0.740741,756.859
1008,KB4,HARQ,Size_Short,20,0.01,1,3,0,0.2385,0.740741,670.86
1009,KB4,HARQ,Size_Short,20,0.01,1,3,0,0.2218,0.740741,721.371
1010,KB4,HARQ,Size_Short,20,0.01,1,3,0,0.2114,0.740741,756.859
1011,KB4,HARQ,Size_Short,20,0.01,1,3,0,0.2089,0.740741,765.917
1012,KB4,HARQ,Size_Short,20,0.01,1,3,0,0.214,0.740741,747.664
1013,KB4,HARQ,Size_Short,20,0.01,1,3,0,0.2135,0.740741,749.415
1014,KB4,HARQ,Size_Short,20,0.01,1,3,0,0.2258,0.740741,708.592
1015,KB4,HARQ,Size_Short,20,0.01,1,3,0,0.203,0.740741,788.177
1016,KB4,HARQ,Size_Short,20,0.01,1,3,0,0.2,0.740741,800
1017,KB4,HARQ,Size_Short,20,0.01,1,3,0,0.1954,0.740741,818.833
1018,KB4,HARQ,Size_Short,20,0.01,1,3,0,0.2051,0.740741,780.107
1019,KB4,HARQ,Size_Short,20,0.01,1,3,0,0.1963,0.740741,815.079
1020,KB4,HARQ,Size_Short,20,0.01,1,3,0,0.1974,0.740741,810.537
1021,KB4,HARQ,Size_Short,20,0.01,1,3,0,0.1948,0.740741,821.355
1022,KB4,HARQ,Size_Short,20,0.01,1,3,0,0.198,0.740741,808.081
1023,KB4,HARQ,Size_Short,20,0.01,1,3,0,0.1975,0.740741,810.127
1024,KB4,HARQ,Size_Short,20,0.01,1,3,0,0.1976,0.740741,809.717
1025,KB4,HARQ,Size_Short,20,0.01,1,3,0,0.1982,0.740741,807.265
1026,KB4,HARQ,Size_Short,20,0.01,1,3,0,0.1943,0.740741,823.469
1027,KB4,HARQ,Size_Short,20,0.01,1,3,0,0.195,0.740741,820.513
1028,KB4,HARQ,Size_Short,20,0.01,1,3,0,0.2007,0.740741,797.21
1029,KB4,HARQ,Size_Short,20,0.01,1,3,0,0.1958,0.740741,817.16
1030,KB4,HARQ,Size_Short,20,0.01,1,3,0,0.1959,0.740741,816.743
1031,KB4,HARQ,Size_Short,20,0.01,1,3,0,0.1979,0.740741,808.489
1032,KB4,HARQ,Size_Short,20,0.01,1,3,0,0.1988,0.740741,804.829
1033,KB4,HARQ,Size_Short,20,0.01,1,3,0,0.1942,0.740741,823.893
1034,KB4,HARQ,Size_Short,20,0.01,1,3,0,0.1968,0.740741,813.008
1035,KB4,HARQ,Size_Short,20,0.01,1,3,0,0.1949,0.740741,820.934
1036,KB4,HARQ,Size_Short,20,0.01,1,3,0,0.1973,0.740741,810.948
1037,KB4,HARQ,Size_Short,20,0.01,1,3,0,0.1993,0.740741,802.81
1038,KB4,HARQ,Size_Short,20,0.01,1,3,0,0.1953,0.740741,819.252
1039,KB4,HARQ,Size_Short,20,0.01,1,3,0,0.1954,0.740741,818.833
1040,KB4,HARQ,Size_Short,20,0.01,1,3,0,0.1983,0.740741,806.858
1041,KB4,HARQ,Size_Short,20,0.01,1,3,0,0.1958,0.740741,817.16
1042,KB4,HARQ,Size_Short,20,0.01,1,3,0,0.1953,0.740741,819.252
1043,KB4,HARQ,Size_Short,20,0.01,1,3,0,0.1985,0.740741,806.045
1044,KB4,HARQ,Size_Short,20,0.01,1,3,0,0.1971,0.740741,811.771
1045,KB4,HARQ,Size_Short,20,0.01,1,3,0,0.1951,0.740741,820.092
1046,KB4,HARQ,Size_Short,20,0.01,1,3,0,0.1988,0.740741,804.829
1047,KB4,HARQ,Size_Short,20,0.01,1,3,0,0.1944,0.740741,823.045
1048,KB4,HARQ,Size_Short,20,0.01,1,3,0,0.1966,0.740741,813.835
1049,KB4,HARQ,Size_Short,20,0.01,1,3,0,0.1978,0.740741,808.898
1050,KB4,HARQ,Size_Short,20,0.01,1,3,0,0.1952,0.740741,819.672
1051,KB4,HARQ,Size_Short,20,0.01,1,3,0,0.2116,0.740741,756.144
1052,KB4,HARQ,Size_Short,20,0.01,1,3,0,0.2003,0.740741,798.802
1053,KB4,HARQ,Size_Short,20,0.01,1,3,0,0.1952,0.740741,819.672
1054,KB4,HARQ,Size_Short,20,0.01,1,3,0,0.1946,0.740741,822.199
1055,KB4,HARQ,Size_Short,20,0.01,1,3,0,0.2068,0.740741,773.694
1056,KB4,HARQ,Size_Short,20,0.01,1,3,0,0.1952,0.740741,819.672
1057,KB4,HARQ,Size_Short,20,0.01,1,3,0,0.1951,0.740741,820.092
1058,KB4,HARQ,Size_Short,20,0.01,1,3,0,0.1975,0.740741,810.127
1059,KB4,HARQ,Size_Short,20,0.01,1,3,0,0.198,0.740741,808.081
1060,KB4,HARQ,Size_Short,20,0.01,1,3,0,0.203,0.740741,788.177
1061,KB4,HARQ,Size_Short,20,0.01,1,3,0,0.1968,0.740741,813.008
1062,KB4,HARQ,Size_Short,20,0.01,1,3,0,0.1939,0.740741,825.168
1063,KB4,HARQ,Size_Short,20,0.01,1,3,0,0.1982,0.740741,807.265
1064,KB4,HARQ,Size_Short,20,0.01,1,3,0,0.2029,0.740741,788.566
1065,KB4,HARQ,Size_Short,20,0.01,1,3,0,0.1951,0.740741,820.092
1066,KB4,HARQ,Size_Short,20,0.01,1,3,0,0.1953,0.740741,819.252
1067,KB4,HARQ,Size_Short,20,0.01,1,3,0,0.2002,0.740741,799.201
1068,KB4,HARQ,Size_Short,20,0.01,1,3,0,0.1943,0.740741,823.469
1069,KB4,HARQ,Size_Short,20,0.01,1,3,0,0.2017,0.740741,793.257
1070,KB4,HARQ,Size_Short,20,0.01,1,3,0,0.1971,0.740741,811.771
1071,KB4,HARQ,Size_Short,20,0.01,1,3,0,0.1978,0.740741,808.898
1072,KB4,HARQ,Size_Short,20,0.01,1,3,0,0.1955,0.740741,818.414
1073,KB4,HARQ,Size_Short,20,0.01,1,3,0,0.1978,0.740741,808.898
1074,KB4,HARQ,Size_Short,20,0.01,1,3,0,0.2132,0.740741,750.469
1075,KB4,HARQ,Size_Short,20,0.01,1,3,0,0.2061,0.740741,776.322
1076,KB4,HARQ,Size_Short,20,0.01,1,3,0,0.2018,0.740741,792.864
1077,KB4,HARQ,Size_Short,20,0.01,1,3,0,0.1954,0.740741,818.833
1078,KB4,HARQ,Size_Short,20,0.01,1,3,0,0.2018,0.740741,792.864
1079,KB4,HARQ,Size_Short,20,0.01,1,3,0,0.2002,0.740741,799.201
1080,KB4,HARQ,Size_Short,20,0.01,1,3,0,0.1946,0.740741,822.199
1081,KB4,HARQ,Size_Short,20,0.01,1,3,0,0.2123,0.740741,753.65
1082,KB4,HARQ,Size_Short,20,0.01,1,3,0,0.2467,0.740741,648.561
1083,KB4,HARQ,Size_Short,20,0.01,1,3,0,0.2143,0.740741,746.617
1084,KB4,HARQ,Size_Short,20,0.01,1,3,0,0.2291,0.740741,698.385
1085,KB4,HARQ,Size_Short,20,0.01,1,3,0,0.2162,0.740741,740.056
1086,KB4,HARQ,Size_Short,20,0.01,1,3,0,0.2153,0.740741,743.149
1087,KB4,HARQ,Size_Short,20,0.01,1,3,0,0.2033,0.740741,787.014
1088,KB4,HARQ,Size_Short,20,0.01,1,3,0,0.1979,0.740741,808.489
1089,KB4,HARQ,Size_Short,20,0.01,1,3,0,0.1938,0.740741,825.593
1090,KB4,HARQ,Size_Short,20,0.01,1,3,0,0.1953,0.740741,819.252
1091,KB4,HARQ,Size_Short,20,0.01,1,3,0,0.2017,0.740741,793.257
1092,KB4,HARQ,Size_Short,20,0.01,1,3,0,0.1951,0.740741,820.092
1093,KB4,HARQ,Size_Short,20,0.01,1,3,0,0.1951,0.740741,820.092
1094,KB4,HARQ,Size_Short,20,0.01,1,3,0,0.1995,0.740741,802.005
1095,KB4,HARQ,Size_Short,20,0.01,1,3,0,0.1952,0.740741,819.672
1096,KB4,HARQ,Size_Short,20,0.01,1,3,0,0.1954,0.740741,818.833
1097,KB4,HARQ,Size_Short,20,0.01,1,3,0,0.1965,0.740741,814.249
1098,KB4,HARQ,Size_Short,20,0.01,1,3,0,0.1975,0.740741,810.127
1099,KB4,HARQ,Size_Short,20,0.01,1,3,0,0.1952,0.740741,819.672
1100,KB4,HARQ,Size_Short,20,0.01,1,3,0,0.199,0.740741,804.02
1101,KB4,HARQ,Size_Short,20,0.01,1,3,0,0.1949,0.740741,820.934
1102,KB4,HARQ,Size_Short,20,0.01,1,3,0,0.1986,0.740741,805.639
1103,KB4,HARQ,Size_Short,20,0.01,1,3,0,0.1965,0.740741,814.249
1104,KB4,HARQ,Size_Short,20,0.01,1,3,0,0.1937,0.740741,826.02
1105,KB4,HARQ,Size_Short,20,0.01,1,3,0,0.1966,0.740741,813.835
1106,KB4,HARQ,Size_Short,20,0.01,1,3,0,0.1998,0.740741,800.801
1107,KB4,HARQ,Size_Short,20,0.01,1,3,0,0.1949,0.740741,820.934
1108,KB4,HARQ,Size_Short,20,0.01,1,3,0,0.1951,0.740741,820.092
1109,KB4,HARQ,Size_Short,20,0.01,1,3,0,0.1983,0.740741,806.858
1110,KB4,HARQ,Size_Short,20,0.01,1,3,0,0.1983,0.740741,806.858
1111,KB4,HARQ,Size_Short,20,0.01,1,3,0,0.1944,0.740741,823.045
1112,KB4,HARQ,Size_Short,20,0.01,1,3,0,0.1984,0.740741,806.452
1113,KB4,HARQ,Size_Short,20,0.01,1,3,0,0.1951,0.740741,820.092
1114,KB4,HARQ,Size_Short,20,0.01,1,3,0,0.1995,0.740741,802.005
1115,KB4,HARQ,Size_Short,20,0.01,1,3,0,0.1975,0.740741,810.127
1116,KB4,HARQ,Size_Short,20,0.01,1,3,0,0.1954,0.740741,818.833
1117,KB4,HARQ,Size_Short,20,0.01,1,3,0,0.1941,0.740741,824.317
1118,KB4,HARQ,Size_Short,20,0.01,1,3,0,0.1998,0.740741,800.801
1119,KB4,HARQ,Size_Short,20,0.01,1,3,0,0.1972,0.740741,811.359
1120,KB4,HARQ,Size_Short,20,0.01,1,3,0,0.1949,0.740741,820.934
1121,KB4,HARQ,Size_Short,20,0.01,1,3,0,0.198,0.740741,808.081
1122,KB4,HARQ,Size_Short,20,0.01,1,3,0,0.1983,0.740741,806.858
1123,KB4,HARQ,Size_Short,20,0.01,1,3,0,0.195,0.740741,820.513
1124,KB4,HARQ,Size_Short,20,0.01,1,3,0,0.1967,0.740741,813.421
1125,KB4,HARQ,Size_Short,20,0.01,1,3,0,0.1946,0.740741,822.199
1126,KB4,HARQ,Size_Short,20,0.01,1,3,0,0.1977,0.740741,809.307
1127,KB4,HARQ,Size_Short,20,0.01,1,3,0,0.1979,0.740741,808.489
1128,KB4,HARQ,Size_Short,20,0.01,1,3,0,0.1974,0.740741,810.537
1129,KB4,HARQ,Size_Short,20,0.01,1,3,0,0.1948,0.740741,821.355
1130,KB4,HARQ,Size_Short,20,0.01,1,3,0,0.2015,0.740741,794.045
1131,KB4,HARQ,Size_Short,20,0.01,1,3,0,0.1939,0.740741,825.168
1132,KB4,HARQ,Size_Short,20,0.01,1,3,0,0.1942,0.740741,823.893
1133,KB4,HARQ,Size_Short,20,0.01,1,3,0,0.2053,0.740741,779.347
1134,KB4,HARQ,Size_Short,20,0.01,1,3,0,0.1977,0.740741,809.307
1135,KB4,HARQ,Size_Short,20,0.01,1,3,0,0.1955,0.740741,818.414
1136,KB4,HARQ,Size_Short,20,0.01,1,3,0,0.1984,0.740741,806.452
1137,KB4,HARQ,Size_Short,20,0.01,1,3,0,0.1971,0.740741,811.771
1138,KB4,HARQ,Size_Short,20,0.01,1,3,0,0.1964,0.740741,814.664
1139,KB4,HARQ,Size_Short,20,0.01,1,3,0,0.1973,0.740741,810.948
1140,KB4,HARQ,Size_Short,20,0.01,1,3,0,0.1956,0.740741,817.996
1141,KB4,HARQ,Size_Short,20,0.01,1,3,1,0.2631,0.555556,608.134
1142,KB4,HARQ,Size_Short,20,0.01,1,3,0,0.2074,0.740741,771.456
1143,KB4,HARQ,Size_Short,20,0.01,1,3,0,0.1951,0.740741,820.092
1144,KB4,HARQ,Size_Short,20,0.01,1,3,0,0.1978,0.740741,808.898
1145,KB4,HARQ,Size_Short,20,0.01,1,3,0,0.1941,0.740741,824.317
1146,KB4,HARQ,Size_Short,20,0.01,1,3,0,0.2046,0.740741,782.014
1147,KB4,HARQ,Size_Short,20,0.01,1,3,0,0.2084,0.740741,767.754
1148,KB4,HARQ,Size_Short,20,0.01,1,3,0,0.1946,0.740741,822.199
1149,KB4,HARQ,Size_Short,20,0.01,1,3,0,0.1952,0.740741,819.672
1150,KB4,HARQ,Size_Short,20,0.01,1,3,0,0.2019,0.740741,792.472
1151,KB4,HARQ,Size_Short,20,0.01,1,3,0,0.1965,0.740741,814.249
1152,KB4,HARQ,Size_Short,20,0.01,1,3,0,0.195,0.740741,820.513
1153,KB4,HARQ,Size_Short,20,0.01,1,3,0,0.1991,0.740741,803.616
1154,KB4,HARQ,Size_Short,20,0.01,1,3,0,0.1952,0.740741,819.672
1155,KB4,HARQ,Size_Short,20,0.01,1,3,0,0.1956,0.740741,817.996
1156,KB4,HARQ,Size_Short,20,0.01,1,3,0,0.1974,0.740741,810.537
1157,KB4,HARQ,Size_Short,20,0.01,1,3,0,0.2093,0.740741,764.453
1158,KB4,HARQ,Size_Short,20,0.01,1,3,0,0.253,0.740741,632.411
1159,KB4,HARQ,Size_Short,20,0.01,1,3,0,0.2115,0.740741,756.501
1160,KB4,HARQ,Size_Short,20,0.01,1,3,0,0.2183,0.740741,732.936
1161,KB4,HARQ,Size_Short,20,0.01,1,3,0,0.2269,0.740741,705.156
1162,KB4,HARQ,Size_Short,20,0.01,1,3,0,0.226,0.740741,707.965
1163,KB4,HARQ,Size_Short,20,0.01,1,3,0,0.215,0.740741,744.186
1164,KB4,HARQ,Size_Short,20,0.01,1,3,0,0.1979,0.740741,808.489
1165,KB4,HARQ,Size_Short,20,0.01,1,3,0,0.201,0.740741,796.02
1166,KB4,HARQ,Size_Short,20,0.01,1,3,0,0.1951,0.740741,820.092
1167,KB4,HARQ,Size_Short,20,0.01,1,3,0,0.1962,0.740741,815.494
1168,KB4,HARQ,Size_Short,20,0.01,1,3,0,0.2049,0.740741,780.869
1169,KB4,HARQ,Size_Short,20,0.01,1,3,0,0.2005,0.740741,798.005
1170,KB4,HARQ,Size_Short,20,0.01,1,3,0,0.1964,0.740741,814.664
1171,KB4,HARQ,Size_Short,20,0.01,1,3,0,0.1986,0.740741,805.639
1172,KB4,HARQ,Size_Short,20,0.01,1,3,0,0.1951,0.740741,820.092
1173,KB4,HARQ,Size_Short,20,0.01,1,3,0,0.198,0.740741,808.081
1174,KB4,HARQ,Size_Short,20,0.01,1,3,0,0.1966,0.740741,813.835
1175,KB4,HARQ,Size_Short,20,0.01,1,3,0,0.1952,0.740741,819.672
1176,KB4,HARQ,Size_Short,20,0.01,1,3,0,0.1949,0.740741,820.934
1177,KB4,HARQ,Size_Short,20,0.01,1,3,1,0.2651,0.555556,603.546
1178,KB4,HARQ,Size_Short,20,0.01,1,3,0,0.1956,0.740741,817.996
1179,KB4,HARQ,Size_Short,20,0.01,1,3,0,0.195,0.740741,820.513
1180,KB4,HARQ,Size_Short,20,0.01,1,3,0,0.197,0.740741,812.183
1181,KB4,HARQ,Size_Short,20,0.01,1,3,0,0.1964,0.740741,814.664
1182,KB4,HARQ,Size_Short,20,0.01,1,3,0,0.1981,0.740741,807.673
1183,KB4,HARQ,Size_Short,20,0.01,1,3,0,0.1986,0.740741,805.639
1184,KB4,HARQ,Size_Short,20,0.01,1,3,0,0.196,0.740741,816.327
1185,KB4,HARQ,Size_Short,20,0.01,1,3,0,0.1981,0.740741,807.673
1186,KB4,HARQ,Size_Short,20,0.01,1,3,0,0.1982,0.740741,807.265
1187,KB4,HARQ,Size_Short,20,0.01,1,3,0,0.2146,0.740741,745.573
1188,KB4,HARQ,Size_Short,20,0.01,1,3,0,0.1944,0.740741,823.045
1189,KB4,HARQ,Size_Short,20,0.01,1,3,0,0.2,0.740741,800
1190,KB4,HARQ,Size_Short,20,0.01,1,3,0,0.1955,0.740741,818.414
1191,KB4,HARQ,Size_Short,20,0.01,1,3,0,0.2024,0.740741,790.514
1192,KB4,HARQ,Size_Short,20,0.01,1,3,0,0.1978,0.740741,808.898
1193,KB4,HARQ,Size_Short,20,0.01,1,3,0,0.1974,0.740741,810.537
1194,KB4,HARQ,Size_Short,20,0.01,1,3,0,0.1941,0.740741,824.317
1195,KB4,HARQ,Size_Short,20,0.01,1,3,0,0.1968,0.740741,813.008
1196,KB4,HARQ,Size_Short,20,0.01,1,3,0,0.1965,0.740741,814.249
1197,KB4,HARQ,Size_Short,20,0.01,1,3,0,0.1976,0.740741,809.717
1198,KB4,HARQ,Size_Short,20,0.01,1,3,0,0.1981,0.740741,807.673
1199,KB4,HARQ,Size_Short,20,0.01,1,3,0,0.195,0.740741,820.513
1200,KB4,HARQ,Size_Short,20,0.01,1,3,0,0.194,0.740741,824.742
1201,KB4,HARQ,Size_Short,20,0.01,1,3,0,0.2007,0.740741,797.21
1202,KB4,HARQ,Size_Short,20,0.01,1,3,0,0.1942,0.740741,823.893
1203,KB4,HARQ,Size_Short,20,0.01,1,3,0,0.1955,0.740741,818.414
1204,KB4,HARQ,Size_Short,20,0.01,1,3,0,0.1984,0.740741,806.452
1205,KB4,HARQ,Size_Short,20,0.01,1,3,0,0.1994,0.740741,802.407
1206,KB4,HARQ,Size_Short,20,0.01,1,3,0,0.1957,0.740741,817.578
1207,KB4,HARQ,Size_Short,20,0.01,1,3,0,0.1979,0.740741,808.489
1208,KB4,HARQ,Size_Short,20,0.01,1,3,0,0.1943,0.740741,823.469
1209,KB4,HARQ,Size_Short,20,0.01,1,3,0,0.1965,0.740741,814.249
1210,KB4,HARQ,Size_Short,20,0.01,1,3,0,0.1998,0.740741,800.801
1211,KB4,HARQ,Size_Short,20,0.01,1,3,0,0.1959,0.740741,816.743
1212,KB4,HARQ,Size_Short,20,0.01,1,3,0,0.1957,0.740741,817.578
1213,KB4,HARQ,Size_Short,20,0.01,1,3,1,0.2655,0.555556,602.637
1214,KB4,HARQ,Size_Short,20,0.01,1,3,0,0.1957,0.740741,817.578
1215,KB4,HARQ,Size_Short,20,0.01,1,3,0,0.1955,0.740741,818.414
1216,KB4,HARQ,Size_Short,20,0.01,1,3,0,0.1984,0.740741,806.452
1217,KB4,HARQ,Size_Short,20,0.01,1,3,0,0.1985,0.740741,806.045
1218,KB4,HARQ,Size_Short,20,0.01,1,3,0,0.1959,0.740741,816.743
1219,KB4,HARQ,Size_Short,20,0.01,1,3,0,0.221,0.740741,723.982
1220,KB4,HARQ,Size_Short,20,0.01,1,3,0,0.1956,0.740741,817.996
1221,KB4,HARQ,Size_Short,20,0.01,1,3,0,0.1974,0.740741,810.537
1222,KB4,HARQ,Size_Short,20,0.01,1,3,0,0.1963,0.740741,815.079
1223,KB4,HARQ,Size_Short,20,0.01,1,3,0,0.206,0.740741,776.699
1224,KB4,HARQ,Size_Short,20,0.01,1,3,0,0.1953,0.740741,819.252
1225,KB4,HARQ,Size_Short,20,0.01,1,3,0,0.2003,0.740741,798.802
1226,KB4,HARQ,Size_Short,20,0.01,1,3,0,0.1949,0.740741,820.934
1227,KB4,HARQ,Size_Short,20,0.01,1,3,0,0.1948,0.740741,821.355
1228,KB4,HARQ,Size_Short,20,0.01,1,3,0,0.2083,0.740741,768.123
1229,KB4,HARQ,Size_Short,20,0.01,1,3,1,0.2338,0.555556,684.346
1230,KB4,HARQ,Size_Short,20,0.01,1,3,0,0.1981,0.740741,807.673
1231,KB4,HARQ,Size_Short,20,0.01,1,3,0,0.1956,0.740741,817.996
1232,KB4,HARQ,Size_Short,20,0.01,1,3,0,0.1975,0.740741,810.127
1233,KB4,HARQ,Size_Short,20,0.01,1,3,0,0.2333,0.740741,685.812
1234,KB4,HARQ,Size_Short,20,0.01,1,3,0,0.3315,0.740741,482.655
1235,KB4,HARQ,Size_Short,20,0.01,1,3,0,0.2083,0.740741,768.123
1236,KB4,HARQ,Size_Short,20,0.01,1,3,0,0.2274,0.740741,703.606
1237,KB4,HARQ,Size_Short,20,0.01,1,3,1,0.2337,0.555556,684.638
1238,KB4,HARQ,Size_Short,20,0.01,1,3,0,0.198,0.740741,808.081
1239,KB4,HARQ,Size_Short,20,0.01,1,3,0,0.198,0.740741,808.081
1240,KB4,HARQ,Size_Short,20,0.01,1,3,0,0.1973,0.740741,810.948
1241,KB4,HARQ,Size_Short,20,0.01,1,3,0,0.1983,0.740741,806.858
1242,KB4,HARQ,Size_Short,20,0.01,1,3,0,0.196,0.740741,816.327
1243,KB4,HARQ,Size_Short,20,0.01,1,3,0,0.1966,0.740741,813.835
1244,KB4,HARQ,Size_Short,20,0.01,1,3,0,0.1965,0.740741,814.249
1245,KB4,HARQ,Size_Short,20,0.01,1,3,0,0.1966,0.740741,813.835
1246,KB4,HARQ,Size_Short,20,0.01,1,3,0,0.1951,0.740741,820.092
1247,KB4,HARQ,Size_Short,20,0.01,1,3,0,0.2013,0.740741,794.834
1248,KB4,HARQ,Size_Short,20,0.01,1,3,0,0.2055,0.740741,778.589
1249,KB4,HARQ,Size_Short,20,0.01,1,3,0,0.2234,0.740741,716.204
1250,KB4,HARQ,Size_Short,20,0.01,1,3,1,0.2758,0.555556,580.131
1251,KB4,HARQ,Size_Short,20,0.01,1,3,0,0.1999,0.740741,800.4
1252,KB4,HARQ,Size_Short,20,0.01,1,3,0,0.208,0.740741,769.231
1253,KB4,HARQ,Size_Short,20,0.01,1,3,0,0.2003,0.740741,798.802
1254,KB4,HARQ,Size_Short,20,0.01,1,3,0,0.196,0.740741,816.327
1255,KB4,HARQ,Size_Short,20,0.01,1,3,0,0.198,0.740741,808.081
1256,KB4,HARQ,Size_Short,20,0.01,1,3,0,0.1971,0.740741,811.771
1257,KB4,HARQ,Size_Short,20,0.01,1,3,0,0.1946,0.740741,822.199
1258,KB4,HARQ,Size_Short,20,0.01,1,3,0,0.1961,0.740741,815.91
1259,KB4,HARQ,Size_Short,20,0.01,1,3,0,0.2004,0.740741,798.403
1260,KB4,HARQ,Size_Short,20,0.01,1,3,0,0.1951,0.740741,820.092
1261,KB4,HARQ,Size_Short,20,0.01,1,3,0,0.1951,0.740741,820.092
1262,KB4,HARQ,Size_Short,20,0.01,1,3,0,0.1982,0.740741,807.265
1263,KB4,HARQ,Size_Short,20,0.01,1,3,0,0.1979,0.740741,808.489
1264,KB4,HARQ,Size_Short,20,0.01,1,3,0,0.1946,0.740741,822.199
1265,KB4,HARQ,Size_Short,20,0.01,1,3,0,0.1966,0.740741,813.835
1266,KB4,HARQ,Size_Short,20,0.01,1,3,0,0.1956,0.740741,817.996
1267,KB4,HARQ,Size_Short,20,0.01,1,3,0,0.1976,0.740741,809.717
1268,KB4,HARQ,Size_Short,20,0.01,1,3,0,0.1983,0.740741,806.858
1269,KB4,HARQ,Size_Short,20,0.01,1,3,0,0.1953,0.740741,819.252
1270,KB4,HARQ,Size_Short,20,0.01,1,3,0,0.1948,0.740741,821.355
1271,KB4,HARQ,Size_Short,20,0.01,1,3,0,0.1995,0.740741,802.005
1272,KB4,HARQ,Size_Short,20,0.01,1,3,0,0.1952,0.740741,819.672
1273,KB4,HARQ,Size_Short,20,0.01,1,3,0,0.1956,0.740741,817.996
1274,KB4,HARQ,Size_Short,20,0.01,1,3,0,0.198,0.740741,808.081
1275,KB4,HARQ,Size_Short,20,0.01,1,3,0,0.1978,0.740741,808.898
1276,KB4,HARQ,Size_Short,20,0.01,1,3,0,0.1961,0.740741,815.91
1277,KB4,HARQ,Size_Short,20,0.01,1,3,0,0.2066,0.740741,774.443
1278,KB4,HARQ,Size_Short,20,0.01,1,3,0,0.1952,0.740741,819.672
1279,KB4,HARQ,Size_Short,20,0.01,1,3,0,0.1968,0.740741,813.008
1280,KB4,HARQ,Size_Short,20,0.01,1,3,0,0.198,0.740741,808.081
1281,KB4,HARQ,Size_Short,20,0.01,1,3,0,0.1992,0.740741,803.213
1282,KB4,HARQ,Size_Short,20,0.01,1,3,0,0.1949,0.740741,820.934
1283,KB4,HARQ,Size_Short,20,0.01,1,3,0,0.2001,0.740741,799.6
1284,KB4,HARQ,Size_Short,20,0.01,1,3,0,0.1953,0.740741,819.252
1285,KB4,HARQ,Size_Short,20,0.01,1,3,0,0.194,0.740741,824.742
1286,KB4,HARQ,Size_Short,20,0.01,1,3,0,0.1999,0.740741,800.4
1287,KB4,HARQ,Size_Short,20,0.01,1,3,0,0.1957,0.740741,817.578
1288,KB4,HARQ,Size_Short,20,0.01,1,3,0,0.1952,0.740741,819.672
1289,KB4,HARQ,Size_Short,20,0.01,1,3,0,0.1983,0.740741,806.858
1290,KB4,HARQ,Size_Short,20,0.01,1,3,0,0.1979,0.740741,808.489
1291,KB4,HARQ,Size_Short,20,0.01,1,3,0,0.2172,0.740741,736.648
1292,KB4,HARQ,Size_Short,20,0.01,1,3,0,0.1965,0.740741,814.249
1293,KB4,HARQ,Size_Short,20,0.01,1,3,0,0.1947,0.740741,821.777
1294,KB4,HARQ,Size_Short,20,0.01,1,3,0,0.1981,0.740741,807.673
1295,KB4,HARQ,Size_Short,20,0.01,1,3,0,0.1992,0.740741,803.213
1296,KB4,HARQ,Size_Short,20,0.01,1,3,0,0.1958,0.740741,817.16
1297,KB4,HARQ,Size_Short,20,0.01,1,3,0,0.1953,0.740741,819.252
1298,KB4,HARQ,Size_Short,20,0.01,1,3,0,0.2004,0.740741,798.403
1299,KB4,HARQ,Size_Short,20,0.01,1,3,0,0.195,0.740741,820.513
1300,KB4,HARQ,Size_Short,20,0.01,1,3,0,0.2038,0.740741,785.083
1301,KB4,HARQ,Size_Short,20,0.01,1,3,0,0.1982,0.740741,807.265
1302,KB4,HARQ,Size_Short,20,0.01,1,3,0,0.1972,0.740741,811.359
1303,KB4,HARQ,Size_Short,20,0.01,1,3,0,0.1953,0.740741,819.252
1304,KB4,HARQ,Size_Short,20,0.01,1,3,0,0.1993,0.740741,802.81
1305,KB4,HARQ,Size_Short,20,0.01,1,3,0,0.1958,0.740741,817.16
1306,KB4,HARQ,Size_Short,20,0.01,1,3,0,0.1963,0.740741,815.079
1307,KB4,HARQ,Size_Short,20,0.01,1,3,0,0.1964,0.740741,814.664
1308,KB4,HARQ,Size_Short,20,0.01,1,3,0,0.2012,0.740741,795.229
1309,KB4,HARQ,Size_Short,20,0.01,1,3,0,0.2251,0.740741,710.795
1310,KB4,HARQ,Size_Short,20,0.01,1,3,0,0.2332,0.740741,686.106
1311,KB4,HARQ,Size_Short,20,0.01,1,3,0,0.2397,0.740741,667.501
1312,KB4,HARQ,Size_Short,20,0.01,1,3,0,0.1959,0.740741,816.743
1313,KB4,HARQ,Size_Short,20,0.01,1,3,0,0.2066,0.740741,774.443
1314,KB4,HARQ,Size_Short,20,0.01,1,3,0,0.1963,0.740741,815.079
1315,KB4,HARQ,Size_Short,20,0.01,1,3,0,0.1956,0.740741,817.996
1316,KB4,HARQ,Size_Short,20,0.01,1,3,0,0.198,0.740741,808.081
1317,KB4,HARQ,Size_Short,20,0.01,1,3,0,0.1949,0.740741,820.934
1318,KB4,HARQ,Size_Short,20,0.01,1,3,0,0.1994,0.740741,802.407
1319,KB4,HARQ,Size_Short,20,0.01,1,3,0,0.1978,0.740741,808.898
1320,KB4,HARQ,Size_Short,20,0.01,1,3,0,0.1943,0.740741,823.469
1321,KB4,HARQ,Size_Short,20,0.01,1,3,0,0.1941,0.740741,824.317
1322,KB4,HARQ,Size_Short,20,0.01,1,3,0,0.2197,0.740741,728.266
1323,KB4,HARQ,Size_Short,20,0.01,1,3,0,0.1954,0.740741,818.833
1324,KB4,HARQ,Size_Short,20,0.01,1,3,0,0.1962,0.740741,815.494
1325,KB4,HARQ,Size_Short,20,0.01,1,3,0,0.2005,0.740741,798.005
1326,KB4,HARQ,Size_Short,20,0.01,1,3,0,0.1952,0.740741,819.672
1327,KB4,HARQ,Size_Short,20,0.01,1,3,0,0.1964,0.740741,814.664
1328,KB4,HARQ,Size_Short,20,0.01,1,3,0,0.1964,0.740741,814.664
1329,KB4,HARQ,Size_Short,20,0.01,1,3,1,0.2629,0.555556,608.596
1330,KB4,HARQ,Size_Short,20,0.01,1,3,0,0.1957,0.740741,817.578
1331,KB4,HARQ,Size_Short,20,0.01,1,3,0,0.199,0.740741,804.02
1332,KB4,HARQ,Size_Short,20,0.01,1,3,0,0.1957,0.740741,817.578
1333,KB4,HARQ,Size_Short,20,0.01,1,3,0,0.1968,0.740741,813.008
1334,KB4,HARQ,Size_Short,20,0.01,1,3,0,0.1976,0.740741,809.717
1335,KB4,HARQ,Size_Short,20,0.01,1,3,0,0.1946,0.740741,822.199
1336,KB4,HARQ,Size_Short,20,0.01,1,3,1,0.2638,0.555556,606.52
1337,KB4,HARQ,Size_Short,20,0.01,1,3,0,0.1979,0.740741,808.489
1338,KB4,HARQ,Size_Short,20,0.01,1,3,0,0.1958,0.740741,817.16
1339,KB4,HARQ,Size_Short,20,0.01,1,3,0,0.1983,0.740741,806.858
1340,KB4,HARQ,Size_Short,20,0.01,1,3,0,0.1952,0.740741,819.672
1341,KB4,HARQ,Size_Short,20,0.01,1,3,0,0.1966,0.740741,813.835
1342,KB4,HARQ,Size_Short,20,0.01,1,3,0,0.1978,0.740741,808.898
1343,KB4,HARQ,Size_Short,20,0.01,1,3,0,0.1951,0.740741,820.092
1344,KB4,HARQ,Size_Short,20,0.01,1,3,0,0.1948,0.740741,821.355
1345,KB4,HARQ,Size_Short,20,0.01,1,3,0,0.2012,0.740741,795.229
1346,KB4,HARQ,Size_Short,20,0.01,1,3,0,0.197,0.740741,812.183
1347,KB4,HARQ,Size_Short,20,0.01,1,3,0,0.1947,0.740741,821.777
1348,KB4,HARQ,Size_Short,20,0.01,1,3,0,0.1968,0.740741,813.008
1349,KB4,HARQ,Size_Short,20,0.01,1,3,0,0.1991,0.740741,803.616
1350,KB4,HARQ,Size_Short,20,0.01,1,3,0,0.1957,0.740741,817.578
1351,KB4,HARQ,Size_Short,20,0.01,1,3,0,0.1977,0.740741,809.307
1352,KB4,HARQ,Size_Short,20,0.01,1,3,0,0.1957,0.740741,817.578
1353,KB4,HARQ,Size_Short,20,0.01,1,3,0,0.1977,0.740741,809.307
1354,KB4,HARQ,Size_Short,20,0.01,1,3,0,0.2063,0.740741,775.57
1355,KB4,HARQ,Size_Short,20,0.01,1,3,0,0.1947,0.740741,821.777
1356,KB4,HARQ,Size_Short,20,0.01,1,3,0,0.1955,0.740741,818.414
1357,KB4,HARQ,Size_Short,20,0.01,1,3,0,0.2002,0.740741,799.201
1358,KB4,HARQ,Size_Short,20,0.01,1,3,0,0.1954,0.740741,818.833
1359,KB4,HARQ,Size_Short,20,0.01,1,3,0,0.1966,0.740741,813.835
1360,KB4,HARQ,Size_Short,20,0.01,1,3,1,0.2608,0.555556,613.497
1361,KB4,HARQ,Size_Short,20,0.01,1,3,0,0.1961,0.740741,815.91
1362,KB4,HARQ,Size_Short,20,0.01,1,3,0,0.1946,0.740741,822.199
1363,KB4,HARQ,Size_Short,20,0.01,1,3,0,0.2073,0.740741,771.828
1364,KB4,HARQ,Size_Short,20,0.01,1,3,0,0.1958,0.740741,817.16
1365,KB4,HARQ,Size_Short,20,0.01,1,3,0,0.1981,0.740741,807.673
1366,KB4,HARQ,Size_Short,20,0.01,1,3,0,0.198,0.740741,808.081
1367,KB4,HARQ,Size_Short,20,0.01,1,3,0,0.1937,0.740741,826.02
1368,KB4,HARQ,Size_Short,20,0.01,1,3,0,0.1951,0.740741,820.092
1369,KB4,HARQ,Size_Short,20,0.01,1,3,0,0.1985,0.740741,806.045
1370,KB4,HARQ,Size_Short,20,0.01,1,3,0,0.1953,0.740741,819.252
1371,KB4,HARQ,Size_Short,20,0.01,1,3,1,0.2622,0.555556,610.221
1372,KB4,HARQ,Size_Short,20,0.01,1,3,0,0.2007,0.740741,797.21
1373,KB4,HARQ,Size_Short,20,0.01,1,3,0,0.1958,0.740741,817.16
1374,KB4,HARQ,Size_Short,20,0.01,1,3,0,0.1964,0.740741,814.664
1375,KB4,HARQ,Size_Short,20,0.01,1,3,0,0.1947,0.740741,821.777
1376,KB4,HARQ,Size_Short,20,0.01,1,3,0,0.1979,0.740741,808.489
1377,KB4,HARQ,Size_Short,20,0.01,1,3,0,0.2058,0.740741,777.454
1378,KB4,HARQ,Size_Short,20,0.01,1,3,0,0.1948,0.740741,821.355
1379,KB4,HARQ,Size_Short,20,0.01,1,3,0,0.1957,0.740741,817.578
1380,KB4,HARQ,Size_Short,20,0.01,1,3,0,0.2009,0.740741,796.416
1381,KB4,HARQ,Size_Short,20,0.01,1,3,0,0.2004,0.740741,798.403
1382,KB4,HARQ,Size_Short,20,0.01,1,3,0,0.1939,0.740741,825.168
1383,KB4,HARQ,Size_Short,20,0.01,1,3,0,0.1984,0.740741,806.452
1384,KB4,HARQ,Size_Short,20,0.01,1,3,0,0.202,0.740741,792.079
1385,KB4,HARQ,Size_Short,20,0.01,1,3,0,0.1955,0.740741,818.414
1386,KB4,HARQ,Size_Short,20,0.01,1,3,0,0.1989,0.740741,804.424
1387,KB4,HARQ,Size_Short,20,0.01,1,3,1,0.2589,0.555556,617.999
1388,KB4,HARQ,Size_Short,20,0.01,1,3,0,0.1971,0.740741,811.771
1389,KB4,HARQ,Size_Short,20,0.01,1,3,0,0.1969,0.740741,812.595
1390,KB4,HARQ,Size_Short,20,0.01,1,3,0,0.1969,0.740741,812.595
1391,KB4,HARQ,Size_Short,20,0.01,1,3,0,0.2005,0.740741,798.005
1392,KB4,HARQ,Size_Short,20,0.01,1,3,1,0.2599,0.555556,615.621
1393,KB4,HARQ,Size_Short,20,0.01,1,3,0,0.1949,0.740741,820.934
1394,KB4,HARQ,Size_Short,20,0.01,1,3,0,0.1973,0.740741,810.948
1395,KB4,HARQ,Size_Short,20,0.01,1,3,0,0.1984,0.740741,806.452
1396,KB4,HARQ,Size_Short,20,0.01,1,3,0,0.1958,0.740741,817.16
1397,KB4,HARQ,Size_Short,20,0.01,1,3,0,0.1973,0.740741,810.948
1398,KB4,HARQ,Size_Short,20,0.01,1,3,0,0.1961,0.740741,815.91
1399,KB4,HARQ,Size_Short,20,0.01,1,3,0,0.1996,0.740741,801.603
1400,KB4,HARQ,Size_Short,20,0.01,1,3,0,0.1975,0.740741,810.127
1401,KB4,HARQ,Size_Short,20,0.01,1,3,0,0.194,0.740741,824.742
1402,KB4,HARQ,Size_Short,20,0.01,1,3,0,0.194,0.740741,824.742
1403,KB4,HARQ,Size_Short,20,0.01,1,3,0,0.2005,0.740741,798.005
1404,KB4,HARQ,Size_Short,20,0.01,1,3,0,0.1969,0.740741,812.595
1405,KB4,HARQ,Size_Short,20,0.01,1,3,0,0.1954,0.740741,818.833
1406,KB4,HARQ,Size_Short,20,0.01,1,3,0,0.1979,0.740741,808.489
1407,KB4,HARQ,Size_Short,20,0.01,1,3,0,0.1979,0.740741,808.489
1408,KB4,HARQ,Size_Short,20,0.01,1,3,0,0.1944,0.740741,823.045
1409,KB4,HARQ,Size_Short,20,0.01,1,3,0,0.1965,0.740741,814.249
1410,KB4,HARQ,Size_Short,20,0.01,1,3,0,0.1955,0.740741,818.414
1411,KB4,HARQ,Size_Short,20,0.01,1,3,0,0.1992,0.740741,803.213
1412,KB4,HARQ,Size_Short,20,0.01,1,3,0,0.1976,0.740741,809.717
1413,KB4,HARQ,Size_Short,20,0.01,1,3,0,0.2048,0.740741,781.25
1414,KB4,HARQ,Size_Short,20,0.01,1,3,0,0.1959,0.740741,816.743
1415,KB4,HARQ,Size_Short,20,0.01,1,3,0,0.1984,0.740741,806.452
1416,KB4,HARQ,Size_Short,20,0.01,1,3,0,0.1936,0.740741,826.446
1417,KB4,HARQ,Size_Short,20,0.01,1,3,0,0.1957,0.740741,817.578
1418,KB4,HARQ,Size_Short,20,0.01,1,3,0,0.2044,0.740741,782.779
1419,KB4,HARQ,Size_Short,20,0.01,1,3,0,0.1957,0.740741,817.578
1420,KB4,HARQ,Size_Short,20,0.01,1,3,1,0.2628,0.555556,608.828
1421,KB4,HARQ,Size_Short,20,0.01,1,3,0,0.1957,0.740741,817.578
1422,KB4,HARQ,Size_Short,20,0.01,1,3,0,0.2001,0.740741,799.6
1423,KB4,HARQ,Size_Short,20,0.01,1,3,0,0.1964,0.740741,814.664
1424,KB4,HARQ,Size_Short,20,0.01,1,3,0,0.1952,0.740741,819.672
1425,KB4,HARQ,Size_Short,20,0.01,1,3,0,0.1951,0.740741,820.092
1426,KB4,HARQ,Size_Short,20,0.01,1,3,0,0.2002,0.740741,799.201
1427,KB4,HARQ,Size_Short,20,0.01,1,3,0,0.1961,0.740741,815.91
1428,KB4,HARQ,Size_Short,20,0.01,1,3,0,0.1951,0.740741,820.092
1429,KB4,HARQ,Size_Short,20,0.01,1,3,0,0.1972,0.740741,811.359
1430,KB4,HARQ,Size_Short,20,0.01,1,3,0,0.1965,0.740741,814.249
1431,KB4,HARQ,Size_Short,20,0.01,1,3,0,0.1957,0.740741,817.578
1432,KB4,HARQ,Size_Short,20,0.01,1,3,0,0.198,0.740741,808.081
1433,KB4,HARQ,Size_Short,20,0.01,1,3,0,0.1952,0.740741,819.672
1434,KB4,HARQ,Size_Short,20,0.01,1,3,0,0.1984,0.740741,806.452
1435,KB4,HARQ,Size_Short,20,0.01,1,3,0,0.1981,0.740741,807.673
1436,KB4,HARQ,Size_Short,20,0.01,1,3,0,0.2045,0.740741,782.396
1437,KB4,HARQ,Size_Short,20,0.01,1,3,0,0.1943,0.740741,823.469
1438,KB4,HARQ,Size_Short,20,0.01,1,3,0,0.2007,0.740741,797.21
1439,KB4,HARQ,Size_Short,20,0.01,1,3,0,0.195,0.740741,820.513
1440,KB4,HARQ,Size_Short,20,0.01,1,3,0,0.1945,0.740741,822.622
1441,KB4,HARQ,Size_Short,20,0.01,1,3,0,0.1985,0.740741,806.045
1442,KB4,HARQ,Size_Short,20,0.01,1,3,0,0.1977,0.740741,809.307
1443,KB4,HARQ,Size_Short,20,0.01,1,3,0,0.1934,0.740741,827.301
1444,KB4,HARQ,Size_Short,20,0.01,1,3,0,0.1971,0.740741,811.771
1445,KB4,HARQ,Size_Short,20,0.01,1,3,0,0.1964,0.740741,814.664
1446,KB4,HARQ,Size_Short,20,0.01,1,3,0,0.198,0.740741,808.081
1447,KB4,HARQ,Size_Short,20,0.01,1,3,0,0.1978,0.740741,808.898
1448,KB4,HARQ,Size_Short,20,0.01,1,3,0,0.1952,0.740741,819.672
1449,KB4,HARQ,Size_Short,20,0.01,1,3,0,0.1956,0.740741,817.996
1450,KB4,HARQ,Size_Short,20,0.01,1,3,0,0.2002,0.740741,799.201
1451,KB4,HARQ,Size_Short,20,0.01,1,3,0,0.1941,0.740741,824.317
1452,KB4,HARQ,Size_Short,20,0.01,1,3,0,0.1957,0.740741,817.578
1453,KB4,HARQ,Size_Short,20,0.01,1,3,0,0.1979,0.740741,808.489
1454,KB4,HARQ,Size_Short,20,0.01,1,3,0,0.1986,0.740741,805.639
1455,KB4,HARQ,Size_Short,20,0.01,1,3,1,0.2626,0.555556,609.292
1456,KB4,HARQ,Size_Short,20,0.01,1,3,0,0.1939,0.740741,825.168
1457,KB4,HARQ,Size_Short,20,0.01,1,3,0,0.197,0.740741,812.183
1458,KB4,HARQ,Size_Short,20,0.01,1,3,0,0.1981,0.740741,807.673
1459,KB4,HARQ,Size_Short,20,0.01,1,3,0,0.2044,0.740741,782.779
1460,KB4,HARQ,Size_Short,20,0.01,1,3,0,0.1954,0.740741,818.833
1461,KB4,HARQ,Size_Short,20,0.01,1,3,0,0.2091,0.740741,765.184
1462,KB4,HARQ,Size_Short,20,0.01,1,3,0,0.1946,0.740741,822.199
1463,KB4,HARQ,Size_Short,20,0.01,1,3,0,0.1941,0.740741,824.317
1464,KB4,HARQ,Size_Short,20,0.01,1,3,0,0.1972,0.740741,811.359
1465,KB4,HARQ,Size_Short,20,0.01,1,3,0,0.1977,0.740741,809.307
1466,KB4,HARQ,Size_Short,20,0.01,1,3,0,0.1948,0.740741,821.355
1467,KB4,HARQ,Size_Short,20,0.01,1,3,0,0.1984,0.740741,806.452
1468,KB4,HARQ,Size_Short,20,0.01,1,3,0,0.2045,0.740741,782.396
1469,KB4,HARQ,Size_Short,20,0.01,1,3,0,0.1981,0.740741,807.673
1470,KB4,HARQ,Size_Short,20,0.01,1,3,0,0.1977,0.740741,809.307
1471,KB4,HARQ,Size_Short,20,0.01,1,3,0,0.1938,0.740741,825.593
1472,KB4,HARQ,Size_Short,20,0.01,1,3,1,0.2372,0.555556,674.536
1473,KB4,HARQ,Size_Short,20,0.01,1,3,0,0.1986,0.740741,805.639
1474,KB4,HARQ,Size_Short,20,0.01,1,3,0,0.1941,0.740741,824.317
1475,KB4,HARQ,Size_Short,20,0.01,1,3,0,0.1944,0.740741,823.045
1476,KB4,HARQ,Size_Short,20,0.01,1,3,2,0.3343,0.444444,478.612
1477,KB4,HARQ,Size_Short,20,0.01,1,3,0,0.1957,0.740741,817.578
1478,KB4,HARQ,Size_Short,20,0.01,1,3,0,0.196,0.740741,816.327
1479,KB4,HARQ,Size_Short,20,0.01,1,3,0,0.1979,0.740741,808.489
1480,KB4,HARQ,Size_Short,20,0.01,1,3,0,0.197,0.740741,812.183
1481,KB4,HARQ,Size_Short,20,0.01,1,3,0,0.2035,0.740741,786.241
1482,KB4,HARQ,Size_Short,20,0.01,1,3,0,0.1984,0.740741,806.452
1483,KB4,HARQ,Size_Short,20,0.01,1,3,0,0.1955,0.740741,818.414
1484,KB4,HARQ,Size_Short,20,0.01,1,3,0,0.1979,0.740741,808.489
1485,KB4,HARQ,Size_Short,20,0.01,1,3,0,0.1988,0.740741,804.829
1486,KB4,HARQ,Size_Short,20,0.01,1,3,0,0.2047,0.740741,781.632
1487,KB4,HARQ,Size_Short,20,0.01,1,3,0,0.1938,0.740741,825.593
1488,KB4,HARQ,Size_Short,20,0.01,1,3,0,0.1992,0.740741,803.213
1489,KB4,HARQ,Size_Short,20,0.01,1,3,0,0.1947,0.740741,821.777
1490,KB4,HARQ,Size_Short,20,0.01,1,3,0,0.2028,0.740741,788.955
1491,KB4,HARQ,Size_Short,20,0.01,1,3,0,0.1977,0.740741,809.307
1492,KB4,HARQ,Size_Short,20,0.01,1,3,0,0.1985,0.740741,806.045
1493,KB4,HARQ,Size_Short,20,0.01,1,3,0,0.196,0.740741,816.327
1494,KB4,HARQ,Size_Short,20,0.01,1,3,0,0.1968,0.740741,813.008
1495,KB4,HARQ,Size_Short,20,0.01,1,3,0,0.195,0.740741,820.513
1496,KB4,HARQ,Size_Short,20,0.01,1,3,0,0.1973,0.740741,810.948
1497,KB4,HARQ,Size_Short,20,0.01,1,3,0,0.1978,0.740741,808.898
1498,KB4,HARQ,Size_Short,20,0.01,1,3,0,0.195,0.740741,820.513
1499,KB4,HARQ,Size_Short,20,0.01,1,3,0,0.1953,0.740741,819.252
1500,KB4,HARQ,Size_Short,20,0.01,1,3,0,0.2091,0.740741,765.184
1501,KB4,HARQ,Size_Short,20,0.01,1,3,0,0.1944,0.740741,823.045
1502,KB4,HARQ,Size_Short,20,0.01,1,3,0,0.1939,0.740741,825.168
1503,KB4,HARQ,Size_Short,20,0.01,1,3,0,0.1983,0.740741,806.858
1504,KB4,HARQ,Size_Short,20,0.01,1,3,0,0.1993,0.740741,802.81
1505,KB4,HARQ,Size_Short,20,0.01,1,3,0,0.1952,0.740741,819.672
1506,KB4,HARQ,Size_Short,20,0.01,1,3,0,0.1974,0.740741,810.537
1507,KB4,HARQ,Size_Short,20,0.01,1,3,0,0.1954,0.740741,818.833
1508,KB4,HARQ,Size_Short,20,0.01,1,3,0,0.1974,0.740741,810.537
1509,KB4,HARQ,Size_Short,20,0.01,1,3,0,0.2258,0.740741,708.592
1510,KB4,HARQ,Size_Short,20,0.01,1,3,0,0.1955,0.740741,818.414
1511,KB4,HARQ,Size_Short,20,0.01,1,3,0,0.1954,0.740741,818.833
1512,KB4,HARQ,Size_Short,20,0.01,1,3,0,0.2008,0.740741,796.813
1513,KB4,HARQ,Size_Short,20,0.01,1,3,0,0.2047,0.740741,781.632
1514,KB4,HARQ,Size_Short,20,0.01,1,3,0,0.1952,0.740741,819.672
1515,KB4,HARQ,Size_Short,20,0.01,1,3,0,0.1969,0.740741,812.595
1516,KB4,HARQ,Size_Short,20,0.01,1,3,0,0.1973,0.740741,810.948
1517,KB4,HARQ,Size_Short,20,0.01,1,3,0,0.1955,0.740741,818.414
1518,KB4,HARQ,Size_Short,20,0.01,1,3,0,0.2069,0.740741,773.32
1519,KB4,HARQ,Size_Short,20,0.01,1,3,0,0.1959,0.740741,816.743
1520,KB4,HARQ,Size_Short,20,0.01,1,3,0,0.1982,0.740741,807.265
1521,KB4,HARQ,Size_Short,20,0.01,1,3,0,0.1977,0.740741,809.307
1522,KB4,HARQ,Size_Short,20,0.01,1,3,0,0.1943,0.740741,823.469
1523,KB4,HARQ,Size_Short,20,0.01,1,3,0,0.1984,0.740741,806.452
1524,KB4,HARQ,Size_Short,20,0.01,1,3,0,0.198,0.740741,808.081
1525,KB4,HARQ,Size_Short,20,0.01,1,3,0,0.1955,0.740741,818.414
1526,KB4,HARQ,Size_Short,20,0.01,1,3,0,0.1955,0.740741,818.414
1527,KB4,HARQ,Size_Short,20,0.01,1,3,0,0.2013,0.740741,794.834
1528,KB4,HARQ,Size_Short,20,0.01,1,3,0,0.1953,0.740741,819.252
1529,KB4,HARQ,Size_Short,20,0.01,1,3,0,0.1944,0.740741,823.045
1530,KB4,HARQ,Size_Short,20,0.01,1,3,0,0.1977,0.740741,809.307
1531,KB4,HARQ,Size_Short,20,0.01,1,3,0,0.1986,0.740741,805.639
1532,KB4,HARQ,Size_Short,20,0.01,1,3,0,0.196,0.740741,816.327
1533,KB4,HARQ,Size_Short,20,0.01,1,3,0,0.1982,0.740741,807.265
1534,KB4,HARQ,Size_Short,20,0.01,1,3,0,0.1957,0.740741,817.578
1535,KB4,HARQ,Size_Short,20,0.01,1,3,0,0.1977,0.740741,809.307
1536,KB4,HARQ,Size_Short,20,0.01,1,3,0,0.1974,0.740741,810.537
1537,KB4,HARQ,Size_Short,20,0.01,1,3,1,0.2611,0.555556,612.792
1538,KB4,HARQ,Size_Short,20,0.01,1,3,0,0.1979,0.740741,808.489
1539,KB4,HARQ,Size_Short,20,0.01,1,3,0,0.1981,0.740741,807.673
1540,KB4,HARQ,Size_Short,20,0.01,1,3,0,0.1953,0.740741,819.252
1541,KB4,HARQ,Size_Short,20,0.01,1,3,0,0.1975,0.740741,810.127
1542,KB4,HARQ,Size_Short,20,0.01,1,3,0,0.2,0.740741,800
1543,KB4,HARQ,Size_Short,20,0.01,1,3,0,0.1939,0.740741,825.168
1544,KB4,HARQ,Size_Short,20,0.01,1,3,0,0.194,0.740741,824.742
1545,KB4,HARQ,Size_Short,20,0.01,1,3,0,0.1979,0.740741,808.489
1546,KB4,HARQ,Size_Short,20,0.01,1,3,0,0.2036,0.740741,785.855
1547,KB4,HARQ,Size_Short,20,0.01,1,3,0,0.1955,0.740741,818.414
1548,KB4,HARQ,Size_Short,20,0.01,1,3,0,0.1976,0.740741,809.717
1549,KB4,HARQ,Size_Short,20,0.01,1,3,0,0.196,0.740741,816.327
1550,KB4,HARQ,Size_Short,20,0.01,1,3,0,0.2062,0.740741,775.946
1551,KB4,HARQ,Size_Short,20,0.01,1,3,1,0.2607,0.555556,613.732
1552,KB4,HARQ,Size_Short,20,0.01,1,3,0,0.1958,0.740741,817.16
1553,KB4,HARQ,Size_Short,20,0.01,1,3,0,0.1984,0.740741,806.452
1554,KB4,HARQ,Size_Short,20,0.01,1,3,0,0.1988,0.740741,804.829
1555,KB4,HARQ,Size_Short,20,0.01,1,3,0,0.195,0.740741,820.513
1556,KB4,HARQ,Size_Short,20,0.01,1,3,0,0.1944,0.740741,823.045
1557,KB4,HARQ,Size_Short,20,0.01,1,3,0,0.1992,0.740741,803.213
1558,KB4,HARQ,Size_Short,20,0.01,1,3,0,0.1948,0.740741,821.355
1559,KB4,HARQ,Size_Short,20,0.01,1,3,1,0.2696,0.555556,593.472
1560,KB4,HARQ,Size_Short,20,0.01,1,3,0,0.1949,0.740741,820.934
1561,KB4,HARQ,Size_Short,20,0.01,1,3,0,0.1983,0.740741,806.858
1562,KB4,HARQ,Size_Short,20,0.01,1,3,0,0.1977,0.740741,809.307
1563,KB4,HARQ,Size_Short,20,0.01,1,3,0,0.2033,0.740741,787.014
1564,KB4,HARQ,Size_Short,20,0.01,1,3,0,0.1941,0.740741,824.317
1565,KB4,HARQ,Size_Short,20,0.01,1,3,0,0.2005,0.740741,798.005
1566,KB4,HARQ,Size_Short,20,0.01,1,3,0,0.1956,0.740741,817.996
1567,KB4,HARQ,Size_Short,20,0.01,1,3,0,0.1953,0.740741,819.252
1568,KB4,HARQ,Size_Short,20,0.01,1,3,0,0.2075,0.740741,771.084
1569,KB4,HARQ,Size_Short,20,0.01,1,3,1,0.2627,0.555556,609.06
1570,KB4,HARQ,Size_Short,20,0.01,1,3,0,0.1938,0.740741,825.593
1571,KB4,HARQ,Size_Short,20,0.01,1,3,0,0.1966,0.740741,813.835
1572,KB4,HARQ,Size_Short,20,0.01,1,3,0,0.199,0.740741,804.02
1573,KB4,HARQ,Size_Short,20,0.01,1,3,0,0.1981,0.740741,807.673
1574,KB4,HARQ,Size_Short,20,0.01,1,3,0,0.1978,0.740741,808.898
1575,KB4,HARQ,Size_Short,20,0.01,1,3,0,0.195,0.740741,820.513
1576,KB4,HARQ,Size_Short,20,0.01,1,3,0,0.1949,0.740741,820.934
1577,KB4,HARQ,Size_Short,20,0.01,1,3,0,0.2003,0.740741,798.802
1578,KB4,HARQ,Size_Short,20,0.01,1,3,0,0.1941,0.740741,824.317
1579,KB4,HARQ,Size_Short,20,0.01,1,3,0,0.1964,0.740741,814.664
1580,KB4,HARQ,Size_Short,20,0.01,1,3,0,0.1995,0.740741,802.005
1581,KB4,HARQ,Size_Short,20,0.01,1,3,0,0.1956,0.740741,817.996
1582,KB4,HARQ,Size_Short,20,0.01,1,3,0,0.2162,0.740741,740.056
1583,KB4,HARQ,Size_Short,20,0.01,1,3,0,0.1969,0.740741,812.595
1584,KB4,HARQ,Size_Short,20,0.01,1,3,0,0.1959,0.740741,816.743
1585,KB4,HARQ,Size_Short,20,0.01,1,3,0,0.1948,0.740741,821.355
1586,KB4,HARQ,Size_Short,20,0.01,1,3,0,0.1993,0.740741,802.81
1587,KB4,HARQ,Size_Short,20,0.01,1,3,0,0.1959,0.740741,816.743
1588,KB4,HARQ,Size_Short,20,0.01,1,3,0,0.1978,0.740741,808.898
1589,KB4,HARQ,Size_Short,20,0.01,1,3,0,0.1984,0.740741,806.452
1590,KB4,HARQ,Size_Short,20,0.01,1,3,0,0.194,0.740741,824.742
1591,KB4,HARQ,Size_Short,20,0.01,1,3,0,0.2047,0.740741,781.632
1592,KB4,HARQ,Size_Short,20,0.01,1,3,0,0.1994,0.740741,802.407
1593,KB4,HARQ,Size_Short,20,0.01,1,3,0,0.1957,0.740741,817.578
1594,KB4,HARQ,Size_Short,20,0.01,1,3,0,0.1955,0.740741,818.414
1595,KB4,HARQ,Size_Short,20,0.01,1,3,0,0.2064,0.740741,775.194
1596,KB4,HARQ,Size_Short,20,0.01,1,3,0,0.1982,0.740741,807.265
1597,KB4,HARQ,Size_Short,20,0.01,1,3,0,0.1954,0.740741,818.833
1598,KB4,HARQ,Size_Short,20,0.01,1,3,0,0.1964,0.740741,814.664
1599,KB4,HARQ,Size_Short,20,0.01,1,3,0,0.1946,0.740741,822.199
1600,KB4,HARQ,Size_Short,20,0.01,1,3,0,0.2146,0.740741,745.573
1601,KB4,HARQ,Size_Short,20,0.01,1,3,0,0.1984,0.740741,806.452
1602,KB4,HARQ,Size_Short,20,0.01,1,3,0,0.1958,0.740741,817.16
1603,KB4,HARQ,Size_Short,20,0.01,1,3,0,0.1948,0.740741,821.355
1604,KB4,HARQ,Size_Short,20,0.01,1,3,0,0.2006,0.740741,797.607
1605,KB4,HARQ,Size_Short,20,0.01,1,3,0,0.1952,0.740741,819.672
1606,KB4,HARQ,Size_Short,20,0.01,1,3,0,0.1944,0.740741,823.045
1607,KB4,HARQ,Size_Short,20,0.01,1,3,0,0.1986,0.740741,805.639
1608,KB4,HARQ,Size_Short,20,0.01,1,3,0,0.1984,0.740741,806.452
1609,KB4,HARQ,Size_Short,20,0.01,1,3,0,0.1972,0.740741,811.359
1610,KB4,HARQ,Size_Short,20,0.01,1,3,0,0.198,0.740741,808.081
1611,KB4,HARQ,Size_Short,20,0.01,1,3,0,0.1953,0.740741,819.252
1612,KB4,HARQ,Size_Short,20,0.01,1,3,0,0.1967,0.740741,813.421
1613,KB4,HARQ,Size_Short,20,0.01,1,3,0,0.1967,0.740741,813.421
1614,KB4,HARQ,Size_Short,20,0.01,1,3,0,0.2055,0.740741,778.589
1615,KB4,HARQ,Size_Short,20,0.01,1,3,0,0.195,0.740741,820.513
1616,KB4,HARQ,Size_Short,20,0.01,1,3,0,0.2009,0.740741,796.416
1617,KB4,HARQ,Size_Short,20,0.01,1,3,0,0.1955,0.740741,818.414
1618,KB4,HARQ,Size_Short,20,0.01,1,3,0,0.1982,0.740741,807.265
1619,KB4,HARQ,Size_Short,20,0.01,1,3,0,0.1976,0.740741,809.717
1620,KB4,HARQ,Size_Short,20,0.01,1,3,0,0.1957,0.740741,817.578
1621,KB4,HARQ,Size_Short,20,0.01,1,3,0,0.1954,0.740741,818.833
1622,KB4,HARQ,Size_Short,20,0.01,1,3,0,0.1985,0.740741,806.045
1623,KB4,HARQ,Size_Short,20,0.01,1,3,0,0.2035,0.740741,786.241
1624,KB4,HARQ,Size_Short,20,0.01,1,3,0,0.1973,0.740741,810.948
1625,KB4,HARQ,Size_Short,20,0.01,1,3,0,0.1989,0.740741,804.424
1626,KB4,HARQ,Size_Short,20,0.01,1,3,0,0.1935,0.740741,826.873
1627,KB4,HARQ,Size_Short,20,0.01,1,3,0,0.1938,0.740741,825.593
1628,KB4,HARQ,Size_Short,20,0.01,1,3,0,0.2071,0.740741,772.574
1629,KB4,HARQ,Size_Short,20,0.01,1,3,0,0.1956,0.740741,817.996
1630,KB4,HARQ,Size_Short,20,0.01,1,3,0,0.1951,0.740741,820.092
1631,KB4,HARQ,Size_Short,20,0.01,1,3,0,0.1973,0.740741,810.948
1632,KB4,HARQ,Size_Short,20,0.01,1,3,0,0.2052,0.740741,779.727
1633,KB4,HARQ,Size_Short,20,0.01,1,3,0,0.1946,0.740741,822.199
1634,KB4,HARQ,Size_Short,20,0.01,1,3,0,0.197,0.740741,812.183
1635,KB4,HARQ,Size_Short,20,0.01,1,3,0,0.195,0.740741,820.513
1636,KB4,HARQ,Size_Short,20,0.01,1,3,0,0.1979,0.740741,808.489
1637,KB4,HARQ,Size_Short,20,0.01,1,3,0,0.207,0.740741,772.947
1638,KB4,HARQ,Size_Short,20,0.01,1,3,0,0.1957,0.740741,817.578
1639,KB4,HARQ,Size_Short,20,0.01,1,3,0,0.1949,0.740741,820.934
1640,KB4,HARQ,Size_Short,20,0.01,1,3,0,0.1986,0.740741,805.639
1641,KB4,HARQ,Size_Short,20,0.01,1,3,0,0.1946,0.740741,822.199
1642,KB4,HARQ,Size_Short,20,0.01,1,3,0,0.196,0.740741,816.327
1643,KB4,HARQ,Size_Short,20,0.01,1,3,0,0.1981,0.740741,807.673
1644,KB4,HARQ,Size_Short,20,0.01,1,3,0,0.1979,0.740741,808.489
1645,KB4,HARQ,Size_Short,20,0.01,1,3,0,0.1958,0.740741,817.16
1646,KB4,HARQ,Size_Short,20,0.01,1,3,0,0.2081,0.740741,768.861
1647,KB4,HARQ,Size_Short,20,0.01,1,3,0,0.1947,0.740741,821.777
1648,KB4,HARQ,Size_Short,20,0.01,1,3,0,0.1967,0.740741,813.421
1649,KB4,HARQ,Size_Short,20,0.01,1,3,0,0.1976,0.740741,809.717
1650,KB4,HARQ,Size_Short,20,0.01,1,3,0,0.1943,0.740741,823.469
1651,KB4,HARQ,Size_Short,20,0.01,1,3,0,0.2091,0.740741,765.184
1652,KB4,HARQ,Size_Short,20,0.01,1,3,0,0.2004,0.740741,798.403
1653,KB4,HARQ,Size_Short,20,0.01,1,3,0,0.1951,0.740741,820.092
1654,KB4,HARQ,Size_Short,20,0.01,1,3,0,0.1939,0.740741,825.168
1655,KB4,HARQ,Size_Short,20,0.01,1,3,0,0.197,0.740741,812.183
1656,KB4,HARQ,Size_Short,20,0.01,1,3,0,0.197,0.740741,812.183
1657,KB4,HARQ,Size_Short,20,0.01,1,3,0,0.1947,0.740741,821.777
1658,KB4,HARQ,Size_Short,20,0.01,1,3,0,0.1974,0.740741,810.537
1659,KB4,HARQ,Size_Short,20,0.01,1,3,0,0.1956,0.740741,817.996
1660,KB4,HARQ,Size_Short,20,0.01,1,3,0,0.2066,0.740741,774.443
1661,KB4,HARQ,Size_Short,20,0.01,1,3,0,0.1959,0.740741,816.743
1662,KB4,HARQ,Size_Short,20,0.01,1,3,0,0.1936,0.740741,826.446
1663,KB4,HARQ,Size_Short,20,0.01,1,3,0,0.1955,0.740741,818.414
1664,KB4,HARQ,Size_Short,20,0.01,1,3,0,0.2006,0.740741,797.607
1665,KB4,HARQ,Size_Short,20,0.01,1,3,0,0.2012,0.740741,795.229
1666,KB4,HARQ,Size_Short,20,0.01,1,3,0,0.1957,0.740741,817.578
1667,KB4,HARQ,Size_Short,20,0.01,1,3,0,0.2007,0.740741,797.21
1668,KB4,HARQ,Size_Short,20,0.01,1,3,0,0.1938,0.740741,825.593
1669,KB4,HARQ,Size_Short,20,0.01,1,3,0,0.2023,0.740741,790.905
1670,KB4,HARQ,Size_Short,20,0.01,1,3,0,0.1981,0.740741,807.673
1671,KB4,HARQ,Size_Short,20,0.01,1,3,0,0.1976,0.740741,809.717
1672,KB4,HARQ,Size_Short,20,0.01,1,3,0,0.1961,0.740741,815.91
1673,KB4,HARQ,Size_Short,20,0.01,1,3,0,0.1984,0.740741,806.452
1674,KB4,HARQ,Size_Short,20,0.01,1,3,0,0.1975,0.740741,810.127
1675,KB4,HARQ,Size_Short,20,0.01,1,3,0,0.1964,0.740741,814.664
1676,KB4,HARQ,Size_Short,20,0.01,1,3,0,0.1967,0.740741,813.421
1677,KB4,HARQ,Size_Short,20,0.01,1,3,0,0.1956,0.740741,817.996
1678,KB4,HARQ,Size_Short,20,0.01,1,3,0,0.1948,0.740741,821.355
1679,KB4,HARQ,Size_Short,20,0.01,1,3,0,0.202,0.740741,792.079
1680,KB4,HARQ,Size_Short,20,0.01,1,3,0,0.1957,0.740741,817.578
1681,KB4,HARQ,Size_Short,20,0.01,1,3,0,0.1952,0.740741,819.672
1682,KB4,HARQ,Size_Short,20,0.01,1,3,0,0.1969,0.740741,812.595
1683,KB4,HARQ,Size_Short,20,0.01,1,3,0,0.2002,0.740741,799.201
1684,KB4,HARQ,Size_Short,20,0.01,1,3,0,0.1954,0.740741,818.833
1685,KB4,HARQ,Size_Short,20,0.01,1,3,0,0.198,0.740741,808.081
1686,KB4,HARQ,Size_Short,20,0.01,1,3,0,0.1954,0.740741,818.833
1687,KB4,HARQ,Size_Short,20,0.01,1,3,0,0.1975,0.740741,810.127
1688,KB4,HARQ,Size_Short,20,0.01,1,3,0,0.199,0.740741,804.02
1689,KB4,HARQ,Size_Short,20,0.01,1,3,0,0.1934,0.740741,827.301
1690,KB4,HARQ,Size_Short,20,0.01,1,3,0,0.1943,0.740741,823.469
1691,KB4,HARQ,Size_Short,20,0.01,1,3,0,0.2007,0.740741,797.21
1692,KB4,HARQ,Size_Short,20,0.01,1,3,0,0.1956,0.740741,817.996
1693,KB4,HARQ,Size_Short,20,0.01,1,3,0,0.1956,0.740741,817.996
1694,KB4,HARQ,Size_Short,20,0.01,1,3,0,0.1982,0.740741,807.265
1695,KB4,HARQ,Size_Short,20,0.01,1,3,0,0.198,0.740741,808.081
1696,KB4,HARQ,Size_Short,20,0.01,1,3,0,0.1939,0.740741,825.168
1697,KB4,HARQ,Size_Short,20,0.01,1,3,0,0.2056,0.740741,778.21
1698,KB4,HARQ,Size_Short,20,0.01,1,3,0,0.1954,0.740741,818.833
1699,KB4,HARQ,Size_Short,20,0.01,1,3,0,0.1976,0.740741,809.717
1700,KB4,HARQ,Size_Short,20,0.01,1,3,0,0.1979,0.740741,808.489
1701,KB4,HARQ,Size_Short,20,0.01,1,3,0,0.195,0.740741,820.513
1702,KB4,HARQ,Size_Short,20,0.01,1,3,0,0.2046,0.740741,782.014
1703,KB4,HARQ,Size_Short,20,0.01,1,3,0,0.1991,0.740741,803.616
1704,KB4,HARQ,Size_Short,20,0.01,1,3,0,0.1941,0.740741,824.317
1705,KB4,HARQ,Size_Short,20,0.01,1,3,0,0.1948,0.740741,821.355
1706,KB4,HARQ,Size_Short,20,0.01,1,3,0,0.207,0.740741,772.947
1707,KB4,HARQ,Size_Short,20,0.01,1,3,0,0.198,0.740741,808.081
1708,KB4,HARQ,Size_Short,20,0.01,1,3,0,0.1961,0.740741,815.91
1709,KB4,HARQ,Size_Short,20,0.01,1,3,0,0.1983,0.740741,806.858
1710,KB4,HARQ,Size_Short,20,0.01,1,3,0,0.1942,0.740741,823.893
1711,KB4,HARQ,Size_Short,20,0.01,1,3,0,0.1979,0.740741,808.489
1712,KB4,HARQ,Size_Short,20,0.01,1,3,0,0.1978,0.740741,808.898
1713,KB4,HARQ,Size_Short,20,0.01,1,3,0,0.1951,0.740741,820.092
1714,KB4,HARQ,Size_Short,20,0.01,1,3,0,0.1956,0.740741,817.996
1715,KB4,HARQ,Size_Short,20,0.01,1,3,0,0.2012,0.740741,795.229
1716,KB4,HARQ,Size_Short,20,0.01,1,3,0,0.196,0.740741,816.327
1717,KB4,HARQ,Size_Short,20,0.01,1,3,0,0.1949,0.740741,820.934
1718,KB4,HARQ,Size_Short,20,0.01,1,3,0,0.197,0.740741,812.183
1719,KB4,HARQ,Size_Short,20,0.01,1,3,0,0.1981,0.740741,807.673
1720,KB4,HARQ,Size_Short,20,0.01,1,3,0,0.1965,0.740741,814.249
1721,KB4,HARQ,Size_Short,20,0.01,1,3,0,0.1979,0.740741,808.489
1722,KB4,HARQ,Size_Short,20,0.01,1,3,0,0.1948,0.740741,821.355
1723,KB4,HARQ,Size_Short,20,0.01,1,3,0,0.1977,0.740741,809.307
1724,KB4,HARQ,Size_Short,20,0.01,1,3,0,0.1964,0.740741,814.664
1725,KB4,HARQ,Size_Short,20,0.01,1,3,0,0.2104,0.740741,760.456
1726,KB4,HARQ,Size_Short,20,0.01,1,3,0,0.1948,0.740741,821.355
1727,KB4,HARQ,Size_Short,20,0.01,1,3,0,0.2007,0.740741,797.21
1728,KB4,HARQ,Size_Short,20,0.01,1,3,0,0.1949,0.740741,820.934
1729,KB4,HARQ,Size_Short,20,0.01,1,3,0,0.1958,0.740741,817.16
1730,KB4,HARQ,Size_Short,20,0.01,1,3,0,0.1981,0.740741,807.673
1731,KB4,HARQ,Size_Short,20,0.01,1,3,0,0.1963,0.740741,815.079
1732,KB4,HARQ,Size_Short,20,0.01,1,3,0,0.1942,0.740741,823.893
1733,KB4,HARQ,Size_Short,20,0.01,1,3,0,0.198,0.740741,808.081
1734,KB4,HARQ,Size_Short,20,0.01,1,3,0,0.2043,0.740741,783.162
1735,KB4,HARQ,Size_Short,20,0.01,1,3,0,0.1984,0.740741,806.452
1736,KB4,HARQ,Size_Short,20,0.01,1,3,0,0.1981,0.740741,807.673
1737,KB4,HARQ,Size_Short,20,0.01,1,3,0,0.1962,0.740741,815.494
1738,KB4,HARQ,Size_Short,20,0.01,1,3,0,0.1937,0.740741,826.02
1739,KB4,HARQ,Size_Short,20,0.01,1,3,0,0.2142,0.740741,746.965
1740,KB4,HARQ,Size_Short,20,0.01,1,3,0,0.1865,0.740741,857.909
1741,KB4,HARQ,Size_Short,20,0.01,1,3,0,0.1872,0.740741,854.701
1742,KB4,HARQ,Size_Short,20,0.01,1,3,0,0.1897,0.740741,843.437
1743,KB4,HARQ,Size_Short,20,0.01,1,3,0,0.1989,0.740741,804.424
1744,KB4,HARQ,Size_Short,20,0.01,1,3,0,0.1878,0.740741,851.97
1745,KB4,HARQ,Size_Short,20,0.01,1,3,0,0.1879,0.740741,851.517
1746,KB4,HARQ,Size_Short,20,0.01,1,3,0,0.1859,0.740741,860.678
1747,KB4,HARQ,Size_Short,20,0.01,1,3,0,0.1894,0.740741,844.773
1748,KB4,HARQ,Size_Short,20,0.01,1,3,0,0.1911,0.740741,837.258
1749,KB4,HARQ,Size_Short,20,0.01,1,3,0,0.1875,0.740741,853.333
1750,KB4,HARQ,Size_Short,20,0.01,1,3,0,0.1868,0.740741,856.531
1751,KB4,HARQ,Size_Short,20,0.01,1,3,0,0.192,0.740741,833.333
1752,KB4,HARQ,Size_Short,20,0.01,1,3,0,0.1859,0.740741,860.678
1753,KB4,HARQ,Size_Short,20,0.01,1,3,0,0.1961,0.740741,815.91
1754,KB4,HARQ,Size_Short,20,0.01,1,3,0,0.1915,0.740741,835.509
1755,KB4,HARQ,Size_Short,20,0.01,1,3,0,0.1871,0.740741,855.158
1756,KB4,HARQ,Size_Short,20,0.01,1,3,0,0.1871,0.740741,855.158
1757,KB4,HARQ,Size_Short,20,0.01,1,3,0,0.1894,0.740741,844.773
1758,KB4,HARQ,Size_Short,20,0.01,1,3,0,0.1902,0.740741,841.22
1759,KB4,HARQ,Size_Short,20,0.01,1,3,0,0.1852,0.740741,863.931
1760,KB4,HARQ,Size_Short,20,0.01,1,3,0,0.1881,0.740741,850.611
1761,KB4,HARQ,Size_Short,20,0.01,1,3,0,0.1867,0.740741,856.99
1762,KB4,HARQ,Size_Short,20,0.01,1,3,0,0.1892,0.740741,845.666
1763,KB4,HARQ,Size_Short,20,0.01,1,3,0,0.197,0.740741,812.183
1764,KB4,HARQ,Size_Short,20,0.01,1,3,0,0.1866,0.740741,857.449
1765,KB4,HARQ,Size_Short,20,0.01,1,3,0,0.1868,0.740741,856.531
1766,KB4,HARQ,Size_Short,20,0.01,1,3,0,0.1914,0.740741,835.946
1767,KB4,HARQ,Size_Short,20,0.01,1,3,0,0.1856,0.740741,862.069
1768,KB4,HARQ,Size_Short,20,0.01,1,3,0,0.195,0.740741,820.513
1769,KB4,HARQ,Size_Short,20,0.01,1,3,0,0.1894,0.740741,844.773
1770,KB4,HARQ,Size_Short,20,0.01,1,3,0,0.1894,0.740741,844.773
1771,KB4,HARQ,Size_Short,20,0.01,1,3,0,0.1871,0.740741,855.158
1772,KB4,HARQ,Size_Short,20,0.01,1,3,0,0.1902,0.740741,841.22
1773,KB4,HARQ,Size_Short,20,0.01,1,3,0,0.1863,0.740741,858.83
1774,KB4,HARQ,Size_Short,20,0.01,1,3,0,0.188,0.740741,851.064
1775,KB4,HARQ,Size_Short,20,0.01,1,3,0,0.189,0.740741,846.561
1776,KB4,HARQ,Size_Short,20,0.01,1,3,0,0.1869,0.740741,856.073
1777,KB4,HARQ,Size_Short,20,0.01,1,3,0,0.1971,0.740741,811.771
1778,KB4,HARQ,Size_Short,20,0.01,1,3,0,0.1918,0.740741,834.202
1779,KB4,HARQ,Size_Short,20,0.01,1,3,0,0.1866,0.740741,857.449
1780,KB4,HARQ,Size_Short,20,0.01,1,3,0,0.1856,0.740741,862.069
1781,KB4,HARQ,Size_Short,20,0.01,1,3,0,0.1885,0.740741,848.806
1782,KB4,HARQ,Size_Short,20,0.01,1,3,0,0.198,0.740741,808.081
1783,KB4,HARQ,Size_Short,20,0.01,1,3,0,0.1867,0.740741,856.99
1784,KB4,HARQ,Size_Short,20,0.01,1,3,0,0.1894,0.740741,844.773
1785,KB4,HARQ,Size_Short,20,0.01,1,3,0,0.187,0.740741,855.615
1786,KB4,HARQ,Size_Short,20,0.01,1,3,0,0.1898,0.740741,842.993
1787,KB4,HARQ,Size_Short,20,0.01,1,3,0,0.2205,0.740741,725.624
1788,KB4,HARQ,Size_Short,20,0.01,1,3,0,0.1853,0.740741,863.465
1789,KB4,HARQ,Size_Short,20,0.01,1,3,0,0.1852,0.740741,863.931
1790,KB4,HARQ,Size_Short,20,0.01,1,3,0,0.1916,0.740741,835.073
1791,KB4,HARQ,Size_Short,20,0.01,1,3,0,0.1873,0.740741,854.245
1792,KB4,HARQ,Size_Short,20,0.01,1,3,0,0.1878,0.740741,851.97
1793,KB4,HARQ,Size_Short,20,0.01,1,3,0,0.1888,0.740741,847.458
1794,KB4,HARQ,Size_Short,20,0.01,1,3,0,0.1876,0.740741,852.878
1795,KB4,HARQ,Size_Short,20,0.01,1,3,0,0.1857,0.740741,861.605
1796,KB4,HARQ,Size_Short,20,0.01,1,3,0,0.189,0.740741,846.561
1797,KB4,HARQ,Size_Short,20,0.01,1,3,0,0.1874,0.740741,853.789
1798,KB4,HARQ,Size_Short,20,0.01,1,3,0,0.1902,0.740741,841.22
1799,KB4,HARQ,Size_Short,20,0.01,1,3,0,0.1897,0.740741,843.437
1800,KB4,HARQ,Size_Short,20,0.01,1,3,0,0.1866,0.740741,857.449
1801,KB4,HARQ,Size_Short,20,0.01,1,3,0,0.2272,0.740741,704.225
1802,KB4,HARQ,Size_Short,20,0.01,1,3,0,0.407,0.740741,393.12
1803,KB4,HARQ,Size_Short,20,0.01,1,3,0,0.2789,0.740741,573.682
1804,KB4,HARQ,Size_Short,20,0.01,1,3,0,0.2239,0.740741,714.605
1805,KB4,HARQ,Size_Short,20,0.01,1,3,0,0.1892,0.740741,845.666
1806,KB4,HARQ,Size_Short,20,0.01,1,3,0,0.1894,0.740741,844.773
1807,KB4,HARQ,Size_Short,20,0.01,1,3,0,0.1874,0.740741,853.789
1808,KB4,HARQ,Size_Short,20,0.01,1,3,0,0.1885,0.740741,848.806
1809,KB4,HARQ,Size_Short,20,0.01,1,3,0,0.1871,0.740741,855.158
1810,KB4,HARQ,Size_Short,20,0.01,1,3,0,0.1884,0.740741,849.257
1811,KB4,HARQ,Size_Short,20,0.01,1,3,0,0.1892,0.740741,845.666
1812,KB4,HARQ,Size_Short,20,0.01,1,3,0,0.1869,0.740741,856.073
1813,KB4,HARQ,Size_Short,20,0.01,1,3,0,0.1873,0.740741,854.245
1814,KB4,HARQ,Size_Short,20,0.01,1,3,0,0.1988,0.740741,804.829
1815,KB4,HARQ,Size_Short,20,0.01,1,3,0,0.1864,0.740741,858.369
1816,KB4,HARQ,Size_Short,20,0.01,1,3,0,0.1864,0.740741,858.369
1817,KB4,HARQ,Size_Short,20,0.01,1,3,0,0.1887,0.740741,847.907
1818,KB4,HARQ,Size_Short,20,0.01,1,3,1,0.2518,0.555556,635.425
1819,KB4,HARQ,Size_Short,20,0.01,1,3,0,0.1867,0.740741,856.99
1820,KB4,HARQ,Size_Short,20,0.01,1,3,1,0.2508,0.555556,637.959
1821,KB4,HARQ,Size_Short,20,0.01,1,3,0,0.188,0.740741,851.064
1822,KB4,HARQ,Size_Short,20,0.01,1,3,0,0.1862,0.740741,859.291
1823,KB4,HARQ,Size_Short,20,0.01,1,3,0,0.2197,0.740741,728.266
1824,KB4,HARQ,Size_Short,20,0.01,1,3,0,0.187,0.740741,855.615
1825,KB4,HARQ,Size_Short,20,0.01,1,3,0,0.1893,0.740741,845.219
1826,KB4,HARQ,Size_Short,20,0.01,1,3,0,0.189,0.740741,846.561
1827,KB4,HARQ,Size_Short,20,0.01,1,3,0,0.1871,0.740741,855.158
1828,KB4,HARQ,Size_Short,20,0.01,1,3,0,0.1871,0.740741,855.158
1829,KB4,HARQ,Size_Short,20,0.01,1,3,0,0.1912,0.740741,836.82
1830,KB4,HARQ,Size_Short,20,0.01,1,3,0,0.1857,0.740741,861.605
1831,KB4,HARQ,Size_Short,20,0.01,1,3,0,0.1868,0.740741,856.531
1832,KB4,HARQ,Size_Short,20,0.01,1,3,0,0.1904,0.740741,840.336
1833,KB4,HARQ,Size_Short,20,0.01,1,3,0,0.1898,0.740741,842.993
1834,KB4,HARQ,Size_Short,20,0.01,1,3,0,0.1869,0.740741,856.073
1835,KB4,HARQ,Size_Short,20,0.01,1,3,0,0.1895,0.740741,844.327
1836,KB4,HARQ,Size_Short,20,0.01,1,3,0,0.1857,0.740741,861.605
1837,KB4,HARQ,Size_Short,20,0.01,1,3,0,0.1896,0.740741,843.882
1838,KB4,HARQ,Size_Short,20,0.01,1,3,0,0.1892,0.740741,845.666
1839,KB4,HARQ,Size_Short,20,0.01,1,3,0,0.1872,0.740741,854.701
1840,KB4,HARQ,Size_Short,20,0.01,1,3,0,0.1896,0.740741,843.882
1841,KB4,HARQ,Size_Short,20,0.01,1,3,0,0.189,0.740741,846.561
1842,KB4,HARQ,Size_Short,20,0.01,1,3,0,0.1906,0.740741,839.454
1843,KB4,HARQ,Size_Short,20,0.01,1,3,0,0.1852,0.740741,863.931
1844,KB4,HARQ,Size_Short,20,0.01,1,3,0,0.1911,0.740741,837.258
1845,KB4,HARQ,Size_Short,20,0.01,1,3,0,0.1869,0.740741,856.073
1846,KB4,HARQ,Size_Short,20,0.01,1,3,1,0.2479,0.555556,645.422
1847,KB4,HARQ,Size_Short,20,0.01,1,3,0,0.1928,0.740741,829.876
1848,KB4,HARQ,Size_Short,20,0.01,1,3,0,0.3428,0.740741,466.744
1849,KB4,HARQ,Size_Short,20,0.01,1,3,0,0.1859,0.740741,860.678
1850,KB4,HARQ,Size_Short,20,0.01,1,3,0,0.1884,0.740741,849.257
1851,KB4,HARQ,Size_Short,20,0.01,1,3,0,0.1904,0.740741,840.336
1852,KB4,HARQ,Size_Short,20,0.01,1,3,0,0.1871,0.740741,855.158
1853,KB4,HARQ,Size_Short,20,0.01,1,3,0,0.1892,0.740741,845.666
1854,KB4,HARQ,Size_Short,20,0.01,1,3,0,0.187,0.740741,855.615
1855,KB4,HARQ,Size_Short,20,0.01,1,3,0,0.1892,0.740741,845.666
1856,KB4,HARQ,Size_Short,20,0.01,1,3,0,0.1882,0.740741,850.159
1857,KB4,HARQ,Size_Short,20,0.01,1,3,0,0.1858,0.740741,861.141
1858,KB4,HARQ,Size_Short,20,0.01,1,3,0,0.1879,0.740741,851.517
1859,KB4,HARQ,Size_Short,20,0.01,1,3,0,0.1916,0.740741,835.073
1860,KB4,HARQ,Size_Short,20,0.01,1,3,0,0.1939,0.740741,825.168
1861,KB4,HARQ,Size_Short,20,0.01,1,3,0,0.1878,0.740741,851.97
1862,KB4,HARQ,Size_Short,20,0.01,1,3,0,0.1889,0.740741,847.009
1863,KB4,HARQ,Size_Short,20,0.01,1,3,0,0.1887,0.740741,847.907
1864,KB4,HARQ,Size_Short,20,0.01,1,3,0,0.1853,0.740741,863.465
1865,KB4,HARQ,Size_Short,20,0.01,1,3,0,0.1906,0.740741,839.454
1866,KB4,HARQ,Size_Short,20,0.01,1,3,0,0.1868,0.740741,856.531
1867,KB4,HARQ,Size_Short,20,0.01,1,3,0,0.1894,0.740741,844.773
1868,KB4,HARQ,Size_Short,20,0.01,1,3,0,0.1903,0.740741,840.778
1869,KB4,HARQ,Size_Short,20,0.01,1,3,0,0.1865,0.740741,857.909
1870,KB4,HARQ,Size_Short,20,0.01,1,3,0,0.2549,0.740741,627.697
1871,KB4,HARQ,Size_Short,20,0.01,1,3,0,0.1904,0.740741,840.336
1872,KB4,HARQ,Size_Short,20,0.01,1,3,0,0.1873,0.740741,854.245
1873,KB4,HARQ,Size_Short,20,0.01,1,3,0,0.1872,0.740741,854.701
1874,KB4,HARQ,Size_Short,20,0.01,1,3,0,0.1889,0.740741,847.009
1875,KB4,HARQ,Size_Short,20,0.01,1,3,0,0.1985,0.740741,806.045
1876,KB4,HARQ,Size_Short,20,0.01,1,3,0,0.1867,0.740741,856.99
1877,KB4,HARQ,Size_Short,20,0.01,1,3,1,0.251,0.555556,637.45
1878,KB4,HARQ,Size_Short,20,0.01,1,3,0,0.1884,0.740741,849.257
1879,KB4,HARQ,Size_Short,20,0.01,1,3,0,0.2274,0.740741,703.606
1880,KB4,HARQ,Size_Short,20,0.01,1,3,0,0.1895,0.740741,844.327
1881,KB4,HARQ,Size_Short,20,0.01,1,3,0,0.1868,0.740741,856.531
1882,KB4,HARQ,Size_Short,20,0.01,1,3,0,0.19,0.740741,842.105
1883,KB4,HARQ,Size_Short,20,0.01,1,3,0,0.189,0.740741,846.561
1884,KB4,HARQ,Size_Short,20,0.01,1,3,0,0.1938,0.740741,825.593
1885,KB4,HARQ,Size_Short,20,0.01,1,3,0,0.1858,0.740741,861.141
1886,KB4,HARQ,Size_Short,20,0.01,1,3,0,0.1917,0.740741,834.637
1887,KB4,HARQ,Size_Short,20,0.01,1,3,0,0.1866,0.740741,857.449
1888,KB4,HARQ,Size_Short,20,0.01,1,3,0,0.187,0.740741,855.615
1889,KB4,HARQ,Size_Short,20,0.01,1,3,0,0.1912,0.740741,836.82
1890,KB4,HARQ,Size_Short,20,0.01,1,3,0,0.1895,0.740741,844.327
1891,KB4,HARQ,Size_Short,20,0.01,1,3,0,0.1853,0.740741,863.465
1892,KB4,HARQ,Size_Short,20,0.01,1,3,0,0.1878,0.740741,851.97
1893,KB4,HARQ,Size_Short,20,0.01,1,3,0,0.1957,0.740741,817.578
1894,KB4,HARQ,Size_Short,20,0.01,1,3,0,0.1893,0.740741,845.219
1895,KB4,HARQ,Size_Short,20,0.01,1,3,0,0.1896,0.740741,843.882
1896,KB4,HARQ,Size_Short,20,0.01,1,3,0,0.1867,0.740741,856.99
1897,KB4,HARQ,Size_Short,20,0.01,1,3,0,0.1893,0.740741,845.219
1898,KB4,HARQ,Size_Short,20,0.01,1,3,0,0.1898,0.740741,842.993
1899,KB4,HARQ,Size_Short,20,0.01,1,3,0,0.1857,0.740741,861.605
1900,KB4,HARQ,Size_Short,20,0.01,1,3,0,0.1866,0.740741,857.449
1901,KB4,HARQ,Size_Short,20,0.01,1,3,0,0.1916,0.740741,835.073
1902,KB4,HARQ,Size_Short,20,0.01,1,3,0,0.1867,0.740741,856.99
1903,KB4,HARQ,Size_Short,20,0.01,1,3,0,0.1959,0.740741,816.743
1904,KB4,HARQ,Size_Short,20,0.01,1,3,0,0.1891,0.740741,846.113
1905,KB4,HARQ,Size_Short,20,0.01,1,3,0,0.1879,0.740741,851.517
1906,KB4,HARQ,Size_Short,20,0.01,1,3,0,0.1868,0.740741,856.531
1907,KB4,HARQ,Size_Short,20,0.01,1,3,0,0.1898,0.740741,842.993
1908,KB4,HARQ,Size_Short,20,0.01,1,3,0,0.1881,0.740741,850.611
1909,KB4,HARQ,Size_Short,20,0.01,1,3,0,0.1893,0.740741,845.219
1910,KB4,HARQ,Size_Short,20,0.01,1,3,0,0.1893,0.740741,845.219
1911,KB4,HARQ,Size_Short,20,0.01,1,3,0,0.1867,0.740741,856.99
1912,KB4,HARQ,Size_Short,20,0.01,1,3,0,0.1863,0.740741,858.83
1913,KB4,HARQ,Size_Short,20,0.01,1,3,0,0.1986,0.740741,805.639
1914,KB4,HARQ,Size_Short,20,0.01,1,3,0,0.1878,0.740741,851.97
1915,KB4,HARQ,Size_Short,20,0.01,1,3,0,0.1874,0.740741,853.789
1916,KB4,HARQ,Size_Short,20,0.01,1,3,0,0.1894,0.740741,844.773
1917,KB4,HARQ,Size_Short,20,0.01,1,3,0,0.1888,0.740741,847.458
1918,KB4,HARQ,Size_Short,20,0.01,1,3,0,0.2186,0.740741,731.93
1919,KB4,HARQ,Size_Short,20,0.01,1,3,0,0.1884,0.740741,849.257
1920,KB4,HARQ,Size_Short,20,0.01,1,3,0,0.1861,0.740741,859.753
1921,KB4,HARQ,Size_Short,20,0.01,1,3,0,0.1897,0.740741,843.437
1922,KB4,HARQ,Size_Short,20,0.01,1,3,0,0.1919,0.740741,833.768
1923,KB4,HARQ,Size_Short,20,0.01,1,3,0,0.1871,0.740741,855.158
1924,KB4,HARQ,Size_Short,20,0.01,1,3,0,0.1872,0.740741,854.701
1925,KB4,HARQ,Size_Short,20,0.01,1,3,0,0.1913,0.740741,836.383
1926,KB4,HARQ,Size_Short,20,0.01,1,3,0,0.1855,0.740741,862.534
1927,KB4,HARQ,Size_Short,20,0.01,1,3,0,0.3013,0.740741,531.032
1928,KB4,HARQ,Size_Short,20,0.01,1,3,0,0.2466,0.740741,648.824
1929,KB4,HARQ,Size_Short,20,0.01,1,3,0,0.1869,0.740741,856.073
1930,KB4,HARQ,Size_Short,20,0.01,1,3,0,0.1869,0.740741,856.073
1931,KB4,HARQ,Size_Short,20,0.01,1,3,0,0.1989,0.740741,804.424
1932,KB4,HARQ,Size_Short,20,0.01,1,3,0,0.1893,0.740741,845.219
1933,KB4,HARQ,Size_Short,20,0.01,1,3,0,0.1868,0.740741,856.531
1934,KB4,HARQ,Size_Short,20,0.01,1,3,0,0.1884,0.740741,849.257
1935,KB4,HARQ,Size_Short,20,0.01,1,3,0,0.1865,0.740741,857.909
1936,KB4,HARQ,Size_Short,20,0.01,1,3,0,0.1907,0.740741,839.014
1937,KB4,HARQ,Size_Short,20,0.01,1,3,0,0.1899,0.740741,842.549
1938,KB4,HARQ,Size_Short,20,0.01,1,3,0,0.1872,0.740741,854.701
1939,KB4,HARQ,Size_Short,20,0.01,1,3,0,0.1868,0.740741,856.531
1940,KB4,HARQ,Size_Short,20,0.01,1,3,0,0.1912,0.740741,836.82
1941,KB4,HARQ,Size_Short,20,0.01,1,3,0,0.1946,0.740741,822.199
1942,KB4,HARQ,Size_Short,20,0.01,1,3,0,0.1873,0.740741,854.245
1943,KB4,HARQ,Size_Short,20,0.01,1,3,0,0.1894,0.740741,844.773
1944,KB4,HARQ,Size_Short,20,0.01,1,3,0,0.1896,0.740741,843.882
1945,KB4,HARQ,Size_Short,20,0.01,1,3,0,0.1867,0.740741,856.99
1946,KB4,HARQ,Size_Short,20,0.01,1,3,0,0.2455,0.740741,651.731
1947,KB4,HARQ,Size_Short,20,0.01,1,3,0,0.1854,0.740741,862.999
1948,KB4,HARQ,Size_Short,20,0.01,1,3,0,0.1876,0.740741,852.878
1949,KB4,HARQ,Size_Short,20,0.01,1,3,0,0.1892,0.740741,845.666
1950,KB4,HARQ,Size_Short,20,0.01,1,3,0,0.1882,0.740741,850.159
1951,KB4,HARQ,Size_Short,20,0.01,1,3,0,0.1874,0.740741,853.789
1952,KB4,HARQ,Size_Short,20,0.01,1,3,0,0.1913,0.740741,836.383
1953,KB4,HARQ,Size_Short,20,0.01,1,3,0,0.1864,0.740741,858.369
1954,KB4,HARQ,Size_Short,20,0.01,1,3,0,0.1853,0.740741,863.465
1955,KB4,HARQ,Size_Short,20,0.01,1,3,0,0.1993,0.740741,802.81
1956,KB4,HARQ,Size_Short,20,0.01,1,3,0,0.1875,0.740741,853.333
1957,KB4,HARQ,Size_Short,20,0.01,1,3,0,0.1874,0.740741,853.789
1958,KB4,HARQ,Size_Short,20,0.01,1,3,0,0.1898,0.740741,842.993
1959,KB4,HARQ,Size_Short,20,0.01,1,3,0,0.1893,0.740741,845.219
1960,KB4,HARQ,Size_Short,20,0.01,1,3,0,0.1879,0.740741,851.517
1961,KB4,HARQ,Size_Short,20,0.01,1,3,0,0.1874,0.740741,853.789
1962,KB4,HARQ,Size_Short,20,0.01,1,3,0,0.186,0.740741,860.215
1963,KB4,HARQ,Size_Short,20,0.01,1,3,0,0.1893,0.740741,845.219
1964,KB4,HARQ,Size_Short,20,0.01,1,3,0,0.1894,0.740741,844.773
1965,KB4,HARQ,Size_Short,20,0.01,1,3,0,0.2215,0.740741,722.348
1966,KB4,HARQ,Size_Short,20,0.01,1,3,0,0.1892,0.740741,845.666
1967,KB4,HARQ,Size_Short,20,0.01,1,3,0,0.1892,0.740741,845.666
1968,KB4,HARQ,Size_Short,20,0.01,1,3,0,0.1857,0.740741,861.605
1969,KB4,HARQ,Size_Short,20,0.01,1,3,0,0.187,0.740741,855.615
1970,KB4,HARQ,Size_Short,20,0.01,1,3,0,0.1923,0.740741,832.033
1971,KB4,HARQ,Size_Short,20,0.01,1,3,0,0.187,0.740741,855.615
1972,KB4,HARQ,Size_Short,20,0.01,1,3,0,0.1875,0.740741,853.333
1973,KB4,HARQ,Size_Short,20,0.01,1,3,0,0.1891,0.740741,846.113
1974,KB4,HARQ,Size_Short,20,0.01,1,3,0,0.2202,0.740741,726.612
1975,KB4,HARQ,Size_Short,20,0.01,1,3,0,0.1851,0.740741,864.398
1976,KB4,HARQ,Size_Short,20,0.01,1,3,0,0.1882,0.740741,850.159
1977,KB4,HARQ,Size_Short,20,0.01,1,3,0,0.1871,0.740741,855.158
1978,KB4,HARQ,Size_Short,20,0.01,1,3,0,0.1887,0.740741,847.907
1979,KB4,HARQ,Size_Short,20,0.01,1,3,0,0.1915,0.740741,835.509
1980,KB4,HARQ,Size_Short,20,0.01,1,3,0,0.1876,0.740741,852.878
1981,KB4,HARQ,Size_Short,20,0.01,1,3,0,0.1872,0.740741,854.701
1982,KB4,HARQ,Size_Short,20,0.01,1,3,0,0.1906,0.740741,839.454
1983,KB4,HARQ,Size_Short,20,0.01,1,3,0,0.1862,0.740741,859.291
1984,KB4,HARQ,Size_Short,20,0.01,1,3,0,0.1882,0.740741,850.159
1985,KB4,HARQ,Size_Short,20,0.01,1,3,0,0.1915,0.740741,835.509
1986,KB4,HARQ,Size_Short,20,0.01,1,3,0,0.1867,0.740741,856.99
1987,KB4,HARQ,Size_Short,20,0.01,1,3,0,0.187,0.740741,855.615
1988,KB4,HARQ,Size_Short,20,0.01,1,3,0,0.1891,0.740741,846.113
1989,KB4,HARQ,Size_Short,20,0.01,1,3,0,0.1938,0.740741,825.593
1990,KB4,HARQ,Size_Short,20,0.01,1,3,0,0.1857,0.740741,861.605
1991,KB4,HARQ,Size_Short,20,0.01,1,3,0,0.1889,0.740741,847.009
1992,KB4,HARQ,Size_Short,20,0.01,1,3,0,0.1869,0.740741,856.073
1993,KB4,HARQ,Size_Short,20,0.01,1,3,0,0.189,0.740741,846.561
1994,KB4,HARQ,Size_Short,20,0.01,1,3,0,0.1904,0.740741,840.336
1995,KB4,HARQ,Size_Short,20,0.01,1,3,0,0.1864,0.740741,858.369
1996,KB4,HARQ,Size_Short,20,0.01,1,3,0,0.1854,0.740741,862.999
1997,KB4,HARQ,Size_Short,20,0.01,1,3,0,0.1912,0.740741,836.82
1998,KB4,HARQ,Size_Short,20,0.01,1,3,0,0.1942,0.740741,823.893
1999,KB4,HARQ,Size_Short,20,0.01,1,3,0,0.1872,0.740741,854.701
2000,KB4,HARQ,Size_Short,20,0.01,1,3,0,0.1895,0.740741,844.327
2001,KB4,ARQ,Size_Medium,100,0.01,1,13,3,0.1229,0.694444,6509.36
2002,KB4,ARQ,Size_Medium,100,0.01,1,13,11,0.1463,0.462963,5468.22
2003,KB4,ARQ,Size_Medium,100,0.01,1,13,24,0.2054,0.3003,3894.84
2004,KB4,ARQ,Size_Medium,100,0.01,1,13,4,0.1163,0.653595,6878.76
2005,KB4,ARQ,Size_Medium,100,0.01,1,13,19,0.1797,0.347222,4451.86
2006,KB4,ARQ,Size_Medium,100,0.01,1,13,18,0.1799,0.358423,4446.91
2007,KB4,ARQ,Size_Medium,100,0.01,1,13,6,0.1411,0.584795,5669.74
2008,KB4,ARQ,Size_Medium,100,0.01,1,13,9,0.1362,0.505051,5873.72
2009,KB4,ARQ,Size_Medium,100,0.01,1,13,8,0.1333,0.529101,6001.5
2010,KB4,ARQ,Size_Medium,100,0.01,1,13,10,0.1438,0.483092,5563.28
2011,KB4,ARQ,Size_Medium,100,0.01,1,13,8,0.1272,0.529101,6289.31
2012,KB4,ARQ,Size_Medium,100,0.01,1,13,4,0.1134,0.653595,7054.67
2013,KB4,ARQ,Size_Medium,100,0.01,1,13,16,0.1691,0.383142,4730.93
2014,KB4,ARQ,Size_Medium,100,0.01,1,13,12,0.1788,0.444444,4474.27
2015,KB4,ARQ,Size_Medium,100,0.01,1,13,8,0.1318,0.529101,6069.8
2016,KB4,ARQ,Size_Medium,100,0.01,1,13,10,0.1435,0.483092,5574.91
2017,KB4,ARQ,Size_Medium,100,0.01,1,13,10,0.145,0.483092,5517.24
2018,KB4,ARQ,Size_Medium,100,0.01,1,13,7,0.1307,0.555556,6120.89
2019,KB4,ARQ,Size_Medium,100,0.01,1,13,5,0.1217,0.617284,6573.54
2020,KB4,ARQ,Size_Medium,100,0.01,1,13,22,0.2,0.31746,4000
2021,KB4,ARQ,Size_Medium,100,0.01,1,13,19,0.1806,0.347222,4429.68
2022,KB4,ARQ,Size_Medium,100,0.01,1,13,13,0.1546,0.42735,5174.64
2023,KB4,ARQ,Size_Medium,100,0.01,1,13,11,0.1457,0.462963,5490.73
2024,KB4,ARQ,Size_Medium,100,0.01,1,13,11,0.1471,0.462963,5438.48
2025,KB4,ARQ,Size_Medium,100,0.01,1,13,13,0.2629,0.42735,3042.98
2026,KB4,ARQ,Size_Medium,100,0.01,1,13,11,0.1462,0.462963,5471.96
2027,KB4,ARQ,Size_Medium,100,0.01,1,13,22,0.1931,0.31746,4142.93
2028,KB4,ARQ,Size_Medium,100,0.01,1,13,5,0.1234,0.617284,6482.98
2029,KB4,ARQ,Size_Medium,100,0.01,1,13,18,0.1797,0.358423,4451.86
2030,KB4,ARQ,Size_Medium,100,0.01,1,13,11,0.1477,0.462963,5416.38
2031,KB4,ARQ,Size_Medium,100,0.01,1,13,12,0.149,0.444444,5369.13
2032,KB4,ARQ,Size_Medium,100,0.01,1,13,14,0.1607,0.411523,4978.22
2033,KB4,ARQ,Size_Medium,100,0.01,1,13,15,0.165,0.396825,4848.48
2034,KB4,ARQ,Size_Medium,100,0.01,1,13,9,0.137,0.505051,5839.42
2035,KB4,ARQ,Size_Medium,100,0.01,1,13,6,0.127,0.584795,6299.21
2036,KB4,ARQ,Size_Medium,100,0.01,1,13,18,0.1718,0.358423,4656.58
2037,KB4,ARQ,Size_Medium,100,0.01,1,13,11,0.1465,0.462963,5460.75
2038,KB4,ARQ,Size_Medium,100,0.01,1,13,16,0.1673,0.383142,4781.83
2039,KB4,ARQ,Size_Medium,100,0.01,1,13,10,0.1427,0.483092,5606.17
2040,KB4,ARQ,Size_Medium,100,0.01,1,13,21,0.1875,0.326797,4266.67
2041,KB4,ARQ,Size_Medium,100,0.01,1,13,7,0.1285,0.555556,6225.68
2042,KB4,ARQ,Size_Medium,100,0.01,1,13,7,0.1304,0.555556,6134.97
2043,KB4,ARQ,Size_Medium,100,0.01,1,13,10,0.1444,0.483092,5540.17
2044,KB4,ARQ,Size_Medium,100,0.01,1,13,16,0.1696,0.383142,4716.98
2045,KB4,ARQ,Size_Medium,100,0.01,1,13,13,0.1547,0.42735,5171.3
2046,KB4,ARQ,Size_Medium,100,0.01,1,13,11,0.1463,0.462963,5468.22
2047,KB4,ARQ,Size_Medium,100,0.01,1,13,23,0.2016,0.308642,3968.25
2048,KB4,ARQ,Size_Medium,100,0.01,1,13,8,0.1338,0.529101,5979.07
2049,KB4,ARQ,Size_Medium,100,0.01,1,13,8,0.1323,0.529101,6046.86
2050,KB4,ARQ,Size_Medium,100,0.01,1,13,13,0.1488,0.42735,5376.34
2051,KB4,ARQ,Size_Medium,100,0.01,1,13,8,0.1337,0.529101,5983.55
2052,KB4,ARQ,Size_Medium,100,0.01,1,13,15,0.166,0.396825,4819.28
2053,KB4,ARQ,Size_Medium,100,0.01,1,13,32,0.2388,0.246914,3350.08
2054,KB4,ARQ,Size_Medium,100,0.01,1,13,5,0.1227,0.617284,6519.97
2055,KB4,ARQ,Size_Medium,100,0.01,1,13,6,0.1251,0.584795,6394.88
2056,KB4,ARQ,Size_Medium,100,0.01,1,13,20,0.1713,0.3367,4670.17
2057,KB4,ARQ,Size_Medium,100,0.01,1,13,14,0.1621,0.411523,4935.23
2058,KB4,ARQ,Size_Medium,100,0.01,1,13,21,0.1861,0.326797,4298.76
2059,KB4,ARQ,Size_Medium,100,0.01,1,13,12,0.148,0.444444,5405.41
2060,KB4,ARQ,Size_Medium,100,0.01,1,13,11,0.1479,0.462963,5409.06
2061,KB4,ARQ,Size_Medium,100,0.01,1,13,13,0.1536,0.42735,5208.33
2062,KB4,ARQ,Size_Medium,100,0.01,1,13,25,0.2089,0.292398,3829.58
2063,KB4,ARQ,Size_Medium,100,0.01,1,13,9,0.1371,0.505051,5835.16
2064,KB4,ARQ,Size_Medium,100,0.01,1,13,13,0.1543,0.42735,5184.71
2065,KB4,ARQ,Size_Medium,100,0.01,1,13,8,0.1492,0.529101,5361.93
2066,KB4,ARQ,Size_Medium,100,0.01,1,13,22,0.1914,0.31746,4179.73
2067,KB4,ARQ,Size_Medium,100,0.01,1,13,15,0.1643,0.396825,4869.14
2068,KB4,ARQ,Size_Medium,100,0.01,1,13,9,0.1371,0.505051,5835.16
2069,KB4,ARQ,Size_Medium,100,0.01,1,13,13,0.1533,0.42735,5218.53
2070,KB4,ARQ,Size_Medium,100,0.01,1,13,16,0.1693,0.383142,4725.34
2071,KB4,ARQ,Size_Medium,100,0.01,1,13,12,0.147,0.444444,5442.18
2072,KB4,ARQ,Size_Medium,100,0.01,1,13,17,0.171,0.37037,4678.36
2073,KB4,ARQ,Size_Medium,100,0.01,1,13,16,0.1692,0.383142,4728.13
2074,KB4,ARQ,Size_Medium,100,0.01,1,13,11,0.1453,0.462963,5505.85
2075,KB4,ARQ,Size_Medium,100,0.01,1,13,11,0.179,0.462963,4469.27
2076,KB4,ARQ,Size_Medium,100,0.01,1,13,13,0.1524,0.42735,5249.34
2077,KB4,ARQ,Size_Medium,100,0.01,1,13,10,0.1424,0.483092,5617.98
2078,KB4,ARQ,Size_Medium,100,0.01,1,13,12,0.1502,0.444444,5326.23
2079,KB4,ARQ,Size_Medium,100,0.01,1,13,8,0.1328,0.529101,6024.1
2080,KB4,ARQ,Size_Medium,100,0.01,1,13,10,0.1431,0.483092,5590.5
2081,KB4,ARQ,Size_Medium,100,0.01,1,13,21,0.1903,0.326797,4203.89
2082,KB4,ARQ,Size_Medium,100,0.01,1,13,9,0.1334,0.505051,5997
2083,KB4,ARQ,Size_Medium,100,0.01,1,13,7,0.1255,0.555556,6374.5
2084,KB4,ARQ,Size_Medium,100,0.01,1,13,16,0.1687,0.383142,4742.15
2085,KB4,ARQ,Size_Medium,100,0.01,1,13,18,0.1674,0.358423,4778.97
2086,KB4,ARQ,Size_Medium,100,0.01,1,13,10,0.1442,0.483092,5547.85
2087,KB4,ARQ,Size_Medium,100,0.01,1,13,3,0.1098,0.694444,7285.97
2088,KB4,ARQ,Size_Medium,100,0.01,1,13,3,0.1121,0.694444,7136.49
2089,KB4,ARQ,Size_Medium,100,0.01,1,13,25,0.2058,0.292398,3887.27
2090,KB4,ARQ,Size_Medium,100,0.01,1,13,16,0.1694,0.383142,4722.55
2091,KB4,ARQ,Size_Medium,100,0.01,1,13,21,0.1894,0.326797,4223.86
2092,KB4,ARQ,Size_Medium,100,0.01,1,13,11,0.1465,0.462963,5460.75
2093,KB4,ARQ,Size_Medium,100,0.01,1,13,18,0.1791,0.358423,4466.78
2094,KB4,ARQ,Size_Medium,100,0.01,1,13,8,0.1636,0.529101,4889.98
2095,KB4,ARQ,Size_Medium,100,0.01,1,13,13,0.1551,0.42735,5157.96
2096,KB4,ARQ,Size_Medium,100,0.01,1,13,19,0.1824,0.347222,4385.96
2097,KB4,ARQ,Size_Medium,100,0.01,1,13,15,0.1653,0.396825,4839.69
2098,KB4,ARQ,Size_Medium,100,0.01,1,13,17,0.1718,0.37037,4656.58
2099,KB4,ARQ,Size_Medium,100,0.01,1,13,8,0.1326,0.529101,6033.18
2100,KB4,ARQ,Size_Medium,100,0.01,1,13,15,0.1652,0.396825,4842.62
2101,KB4,ARQ,Size_Medium,100,0.01,1,13,10,0.1445,0.483092,5536.33
2102,KB4,ARQ,Size_Medium,100,0.01,1,13,12,0.1504,0.444444,5319.15
2103,KB4,ARQ,Size_Medium,100,0.01,1,13,17,0.1723,0.37037,4643.06
2104,KB4,ARQ,Size_Medium,100,0.01,1,13,10,0.143,0.483092,5594.41
2105,KB4,ARQ,Size_Medium,100,0.01,1,13,17,0.171,0.37037,4678.36
2106,KB4,ARQ,Size_Medium,100,0.01,1,13,12,0.2017,0.444444,3966.29
2107,KB4,ARQ,Size_Medium,100,0.01,1,13,6,0.1712,0.584795,4672.9
2108,KB4,ARQ,Size_Medium,100,0.01,1,13,17,0.2332,0.37037,3430.53
2109,KB4,ARQ,Size_Medium,100,0.01,1,13,12,0.1799,0.444444,4446.91
2110,KB4,ARQ,Size_Medium,100,0.01,1,13,14,0.1629,0.411523,4910.99
2111,KB4,ARQ,Size_Medium,100,0.01,1,13,12,0.1502,0.444444,5326.23
2112,KB4,ARQ,Size_Medium,100,0.01,1,13,24,0.2015,0.3003,3970.22
2113,KB4,ARQ,Size_Medium,100,0.01,1,13,9,0.1356,0.505051,5899.71
2114,KB4,ARQ,Size_Medium,100,0.01,1,13,10,0.1434,0.483092,5578.8
2115,KB4,ARQ,Size_Medium,100,0.01,1,13,21,0.2147,0.326797,3726.13
2116,KB4,ARQ,Size_Medium,100,0.01,1,13,23,0.1948,0.308642,4106.78
2117,KB4,ARQ,Size_Medium,100,0.01,1,13,19,0.18,0.347222,4444.44
2118,KB4,ARQ,Size_Medium,100,0.01,1,13,15,0.1628,0.396825,4914
2119,KB4,ARQ,Size_Medium,100,0.01,1,13,11,0.1471,0.462963,5438.48
2120,KB4,ARQ,Size_Medium,100,0.01,1,13,8,0.1326,0.529101,6033.18
2121,KB4,ARQ,Size_Medium,100,0.01,1,13,20,0.1875,0.3367,4266.67
2122,KB4,ARQ,Size_Medium,100,0.01,1,13,14,0.161,0.411523,4968.94
2123,KB4,ARQ,Size_Medium,100,0.01,1,13,9,0.1341,0.505051,5965.7
2124,KB4,ARQ,Size_Medium,100,0.01,1,13,13,0.1532,0.42735,5221.93
2125,KB4,ARQ,Size_Medium,100,0.01,1,13,9,0.1685,0.505051,4747.77
2126,KB4,ARQ,Size_Medium,100,0.01,1,13,8,0.1324,0.529101,6042.3
2127,KB4,ARQ,Size_Medium,100,0.01,1,13,19,0.1811,0.347222,4417.45
2128,KB4,ARQ,Size_Medium,100,0.01,1,13,17,0.1706,0.37037,4689.33
2129,KB4,ARQ,Size_Medium,100,0.01,1,13,15,0.1554,0.396825,5148.01
2130,KB4,ARQ,Size_Medium,100,0.01,1,13,13,0.1567,0.42735,5105.3
2131,KB4,ARQ,Size_Medium,100,0.01,1,13,25,0.2052,0.292398,3898.64
2132,KB4,ARQ,Size_Medium,100,0.01,1,13,16,0.1662,0.383142,4813.48
2133,KB4,ARQ,Size_Medium,100,0.01,1,13,5,0.1235,0.617284,6477.73
2134,KB4,ARQ,Size_Medium,100,0.01,1,13,21,0.1906,0.326797,4197.27
2135,KB4,ARQ,Size_Medium,100,0.01,1,13,9,0.1358,0.505051,5891.02
2136,KB4,ARQ,Size_Medium,100,0.01,1,13,10,0.1433,0.483092,5582.69
2137,KB4,ARQ,Size_Medium,100,0.01,1,13,9,0.1353,0.505051,5912.79
2138,KB4,ARQ,Size_Medium,100,0.01,1,13,23,0.1999,0.308642,4002
2139,KB4,ARQ,Size_Medium,100,0.01,1,13,19,0.183,0.347222,4371.58
2140,KB4,ARQ,Size_Medium,100,0.01,1,13,17,0.1704,0.37037,4694.84
2141,KB4,ARQ,Size_Medium,100,0.01,1,13,7,0.1271,0.555556,6294.26
2142,KB4,ARQ,Size_Medium,100,0.01,1,13,15,0.1629,0.396825,4910.99
2143,KB4,ARQ,Size_Medium,100,0.01,1,13,10,0.1431,0.483092,5590.5
2144,KB4,ARQ,Size_Medium,100,0.01,1,13,14,0.1606,0.411523,4981.32
2145,KB4,ARQ,Size_Medium,100,0.01,1,13,12,0.152,0.444444,5263.16
2146,KB4,ARQ,Size_Medium,100,0.01,1,13,11,0.1461,0.462963,5475.7
2147,KB4,ARQ,Size_Medium,100,0.01,1,13,7,0.1274,0.555556,6279.43
2148,KB4,ARQ,Size_Medium,100,0.01,1,13,12,0.1505,0.444444,5315.61
2149,KB4,ARQ,Size_Medium,100,0.01,1,13,17,0.1706,0.37037,4689.33
2150,KB4,ARQ,Size_Medium,100,0.01,1,13,14,0.1525,0.411523,5245.9
2151,KB4,ARQ,Size_Medium,100,0.01,1,13,20,0.1837,0.3367,4354.93
2152,KB4,ARQ,Size_Medium,100,0.01,1,13,13,0.1536,0.42735,5208.33
2153,KB4,ARQ,Size_Medium,100,0.01,1,13,29,0.2227,0.26455,3592.28
2154,KB4,ARQ,Size_Medium,100,0.01,1,13,16,0.1688,0.383142,4739.34
2155,KB4,ARQ,Size_Medium,100,0.01,1,13,3,0.1108,0.694444,7220.22
2156,KB4,ARQ,Size_Medium,100,0.01,1,13,13,0.1542,0.42735,5188.07
2157,KB4,ARQ,Size_Medium,100,0.01,1,13,12,0.1499,0.444444,5336.89
2158,KB4,ARQ,Size_Medium,100,0.01,1,13,21,0.1857,0.326797,4308.02
2159,KB4,ARQ,Size_Medium,100,0.01,1,13,21,0.1902,0.326797,4206.1
2160,KB4,ARQ,Size_Medium,100,0.01,1,13,18,0.1801,0.358423,4441.98
2161,KB4,ARQ,Size_Medium,100,0.01,1,13,9,0.1328,0.505051,6024.1
2162,KB4,ARQ,Size_Medium,100,0.01,1,13,7,0.1291,0.555556,6196.75
2163,KB4,ARQ,Size_Medium,100,0.01,1,13,12,0.1509,0.444444,5301.52
2164,KB4,ARQ,Size_Medium,100,0.01,1,13,16,0.1684,0.383142,4750.59
2165,KB4,ARQ,Size_Medium,100,0.01,1,13,15,0.1657,0.396825,4828
2166,KB4,ARQ,Size_Medium,100,0.01,1,13,10,0.1572,0.483092,5089.06
2167,KB4,ARQ,Size_Medium,100,0.01,1,13,9,0.1353,0.505051,5912.79
2168,KB4,ARQ,Size_Medium,100,0.01,1,13,14,0.1604,0.411523,4987.53
2169,KB4,ARQ,Size_Medium,100,0.01,1,13,10,0.1443,0.483092,5544.01
2170,KB4,ARQ,Size_Medium,100,0.01,1,13,3,0.1127,0.694444,7098.49
2171,KB4,ARQ,Size_Medium,100,0.01,1,13,10,0.1514,0.483092,5284.02
2172,KB4,ARQ,Size_Medium,100,0.01,1,13,8,0.1329,0.529101,6019.56
2173,KB4,ARQ,Size_Medium,100,0.01,1,13,16,0.1682,0.383142,4756.24
2174,KB4,ARQ,Size_Medium,100,0.01,1,13,10,0.1442,0.483092,5547.85
2175,KB4,ARQ,Size_Medium,100,0.01,1,13,12,0.1479,0.444444,5409.06
2176,KB4,ARQ,Size_Medium,100,0.01,1,13,14,0.1938,0.411523,4127.97
2177,KB4,ARQ,Size_Medium,100,0.01,1,13,10,0.143,0.483092,5594.41
2178,KB4,ARQ,Size_Medium,100,0.01,1,13,12,0.1489,0.444444,5372.73
2179,KB4,ARQ,Size_Medium,100,0.01,1,13,3,0.1113,0.694444,7187.78
2180,KB4,ARQ,Size_Medium,100,0.01,1,13,5,0.1215,0.617284,6584.36
2181,KB4,ARQ,Size_Medium,100,0.01,1,13,16,0.1673,0.383142,4781.83
2182,KB4,ARQ,Size_Medium,100,0.01,1,13,24,0.2056,0.3003,3891.05
2183,KB4,ARQ,Size_Medium,100,0.01,1,13,23,0.2,0.308642,4000
2184,KB4,ARQ,Size_Medium,100,0.01,1,13,12,0.1492,0.444444,5361.93
2185,KB4,ARQ,Size_Medium,100,0.01,1,13,11,0.1469,0.462963,5445.88
2186,KB4,ARQ,Size_Medium,100,0.01,1,13,14,0.162,0.411523,4938.27
2187,KB4,ARQ,Size_Medium,100,0.01,1,13,14,0.1627,0.411523,4917.03
2188,KB4,ARQ,Size_Medium,100,0.01,1,13,10,0.1361,0.483092,5878.03
2189,KB4,ARQ,Size_Medium,100,0.01,1,13,13,0.1545,0.42735,5177.99
2190,KB4,ARQ,Size_Medium,100,0.01,1,13,9,0.1346,0.505051,5943.54
2191,KB4,ARQ,Size_Medium,100,0.01,1,13,10,0.1457,0.483092,5490.73
2192,KB4,ARQ,Size_Medium,100,0.01,1,13,12,0.1489,0.444444,5372.73
2193,KB4,ARQ,Size_Medium,100,0.01,1,13,21,0.1879,0.326797,4257.58
2194,KB4,ARQ,Size_Medium,100,0.01,1,13,27,0.2182,0.277778,3666.36
2195,KB4,ARQ,Size_Medium,100,0.01,1,13,16,0.1689,0.383142,4736.53
2196,KB4,ARQ,Size_Medium,100,0.01,1,13,7,0.128,0.555556,6250
2197,KB4,ARQ,Size_Medium,100,0.01,1,13,13,0.1533,0.42735,5218.53
2198,KB4,ARQ,Size_Medium,100,0.01,1,13,15,0.1659,0.396825,4822.18
2199,KB4,ARQ,Size_Medium,100,0.01,1,13,9,0.1369,0.505051,5843.68
2200,KB4,ARQ,Size_Medium,100,0.01,1,13,17,0.1726,0.37037,4634.99
2201,KB4,ARQ,Size_Medium,100,0.01,1,13,14,0.1623,0.411523,4929.14
2202,KB4,ARQ,Size_Medium,100,0.01,1,13,16,0.1681,0.383142,4759.07
2203,KB4,ARQ,Size_Medium,100,0.01,1,13,7,0.128,0.555556,6250
2204,KB4,ARQ,Size_Medium,100,0.01,1,13,11,0.1456,0.462963,5494.51
2205,KB4,ARQ,Size_Medium,100,0.01,1,13,20,0.1851,0.3367,4321.99
2206,KB4,ARQ,Size_Medium,100,0.01,1,13,22,0.1847,0.31746,4331.35
2207,KB4,ARQ,Size_Medium,100,0.01,1,13,10,0.1443,0.483092,5544.01
2208,KB4,ARQ,Size_Medium,100,0.01,1,13,7,0.1285,0.555556,6225.68
2209,KB4,ARQ,Size_Medium,100,0.01,1,13,12,0.1492,0.444444,5361.93
2210,KB4,ARQ,Size_Medium,100,0.01,1,13,19,0.1824,0.347222,4385.96
2211,KB4,ARQ,Size_Medium,100,0.01,1,13,7,0.1273,0.555556,6284.37
2212,KB4,ARQ,Size_Medium,100,0.01,1,13,17,0.1696,0.37037,4716.98
2213,KB4,ARQ,Size_Medium,100,0.01,1,13,11,0.1465,0.462963,5460.75
2214,KB4,ARQ,Size_Medium,100,0.01,1,13,20,0.1827,0.3367,4378.76
2215,KB4,ARQ,Size_Medium,100,0.01,1,13,12,0.1467,0.444444,5453.31
2216,KB4,ARQ,Size_Medium,100,0.01,1,13,20,0.1852,0.3367,4319.65
2217,KB4,ARQ,Size_Medium,100,0.01,1,13,6,0.1258,0.584795,6359.3
2218,KB4,ARQ,Size_Medium,100,0.01,1,13,26,0.213,0.2849,3755.87
2219,KB4,ARQ,Size_Medium,100,0.01,1,13,10,0.1451,0.483092,5513.44
2220,KB4,ARQ,Size_Medium,100,0.01,1,13,13,0.1535,0.42735,5211.73
2221,KB4,ARQ,Size_Medium,100,0.01,1,13,13,0.1535,0.42735,5211.73
2222,KB4,ARQ,Size_Medium,100,0.01,1,13,15,0.1649,0.396825,4851.43
2223,KB4,ARQ,Size_Medium,100,0.01,1,13,9,0.1353,0.505051,5912.79
2224,KB4,ARQ,Size_Medium,100,0.01,1,13,14,0.1608,0.411523,4975.12
2225,KB4,ARQ,Size_Medium,100,0.01,1,13,13,0.1546,0.42735,5174.64
2226,KB4,ARQ,Size_Medium,100,0.01,1,13,4,0.1153,0.653595,6938.42
2227,KB4,ARQ,Size_Medium,100,0.01,1,13,10,0.1664,0.483092,4807.69
2228,KB4,ARQ,Size_Medium,100,0.01,1,13,12,0.1458,0.444444,5486.97
2229,KB4,ARQ,Size_Medium,100,0.01,1,13,14,0.176,0.411523,4545.45
2230,KB4,ARQ,Size_Medium,100,0.01,1,13,18,0.1839,0.358423,4350.19
2231,KB4,ARQ,Size_Medium,100,0.01,1,13,5,0.1213,0.617284,6595.22
2232,KB4,ARQ,Size_Medium,100,0.01,1,13,15,0.1707,0.396825,4686.58
2233,KB4,ARQ,Size_Medium,100,0.01,1,13,20,0.1911,0.3367,4186.29
2234,KB4,ARQ,Size_Medium,100,0.01,1,13,3,0.1139,0.694444,7023.71
2235,KB4,ARQ,Size_Medium,100,0.01,1,13,25,0.206,0.292398,3883.5
2236,KB4,ARQ,Size_Medium,100,0.01,1,13,9,0.1393,0.505051,5743
2237,KB4,ARQ,Size_Medium,100,0.01,1,13,9,0.139,0.505051,5755.4
2238,KB4,ARQ,Size_Medium,100,0.01,1,13,14,0.1553,0.411523,5151.32
2239,KB4,ARQ,Size_Medium,100,0.01,1,13,11,0.1484,0.462963,5390.84
2240,KB4,ARQ,Size_Medium,100,0.01,1,13,17,0.1756,0.37037,4555.81
2241,KB4,ARQ,Size_Medium,100,0.01,1,13,9,0.1399,0.505051,5718.37
2242,KB4,ARQ,Size_Medium,100,0.01,1,13,13,0.1574,0.42735,5082.59
2243,KB4,ARQ,Size_Medium,100,0.01,1,13,16,0.1726,0.383142,4634.99
2244,KB4,ARQ,Size_Medium,100,0.01,1,13,16,0.172,0.383142,4651.16
2245,KB4,ARQ,Size_Medium,100,0.01,1,13,20,0.1896,0.3367,4219.41
2246,KB4,ARQ,Size_Medium,100,0.01,1,13,17,0.1764,0.37037,4535.15
2247,KB4,ARQ,Size_Medium,100,0.01,1,13,16,0.1741,0.383142,4595.06
2248,KB4,ARQ,Size_Medium,100,0.01,1,13,14,0.1596,0.411523,5012.53
2249,KB4,ARQ,Size_Medium,100,0.01,1,13,3,0.115,0.694444,6956.52
2250,KB4,ARQ,Size_Medium,100,0.01,1,13,18,0.185,0.358423,4324.32
2251,KB4,ARQ,Size_Medium,100,0.01,1,13,8,0.1306,0.529101,6125.57
2252,KB4,ARQ,Size_Medium,100,0.01,1,13,11,0.152,0.462963,5263.16
2253,KB4,ARQ,Size_Medium,100,0.01,1,13,13,0.1569,0.42735,5098.79
2254,KB4,ARQ,Size_Medium,100,0.01,1,13,17,0.1721,0.37037,4648.46
2255,KB4,ARQ,Size_Medium,100,0.01,1,13,15,0.17,0.396825,4705.88
2256,KB4,ARQ,Size_Medium,100,0.01,1,13,21,0.1917,0.326797,4173.19
2257,KB4,ARQ,Size_Medium,100,0.01,1,13,15,0.1584,0.396825,5050.51
2258,KB4,ARQ,Size_Medium,100,0.01,1,13,15,0.1677,0.396825,4770.42
2259,KB4,ARQ,Size_Medium,100,0.01,1,13,8,0.1337,0.529101,5983.55
2260,KB4,ARQ,Size_Medium,100,0.01,1,13,9,0.1395,0.505051,5734.77
2261,KB4,ARQ,Size_Medium,100,0.01,1,13,19,0.1841,0.347222,4345.46
2262,KB4,ARQ,Size_Medium,100,0.01,1,13,18,0.1848,0.358423,4329
2263,KB4,ARQ,Size_Medium,100,0.01,1,13,12,0.1553,0.444444,5151.32
2264,KB4,ARQ,Size_Medium,100,0.01,1,13,20,0.19,0.3367,4210.53
2265,KB4,ARQ,Size_Medium,100,0.01,1,13,7,0.1275,0.555556,6274.51
2266,KB4,ARQ,Size_Medium,100,0.01,1,13,11,0.1504,0.462963,5319.15
2267,KB4,ARQ,Size_Medium,100,0.01,1,13,21,0.243,0.326797,3292.18
2268,KB4,ARQ,Size_Medium,100,0.01,1,13,6,0.1277,0.584795,6264.68
2269,KB4,ARQ,Size_Medium,100,0.01,1,13,17,0.1764,0.37037,4535.15
2270,KB4,ARQ,Size_Medium,100,0.01,1,13,16,0.1725,0.383142,4637.68
2271,KB4,ARQ,Size_Medium,100,0.01,1,13,9,0.1402,0.505051,5706.13
2272,KB4,ARQ,Size_Medium,100,0.01,1,13,4,0.1166,0.653595,6861.06
2273,KB4,ARQ,Size_Medium,100,0.01,1,13,15,0.1689,0.396825,4736.53
2274,KB4,ARQ,Size_Medium,100,0.01,1,13,14,0.1624,0.411523,4926.11
2275,KB4,ARQ,Size_Medium,100,0.01,1,13,13,0.1566,0.42735,5108.56
2276,KB4,ARQ,Size_Medium,100,0.01,1,13,5,0.1189,0.617284,6728.34
2277,KB4,ARQ,Size_Medium,100,0.01,1,13,10,0.1476,0.483092,5420.05
2278,KB4,ARQ,Size_Medium,100,0.01,1,13,12,0.1514,0.444444,5284.02
2279,KB4,ARQ,Size_Medium,100,0.01,1,13,16,0.1708,0.383142,4683.84
2280,KB4,ARQ,Size_Medium,100,0.01,1,13,9,0.1358,0.505051,5891.02
2281,KB4,ARQ,Size_Medium,100,0.01,1,13,13,0.1573,0.42735,5085.82
2282,KB4,ARQ,Size_Medium,100,0.01,1,13,13,0.1547,0.42735,5171.3
2283,KB4,ARQ,Size_Medium,100,0.01,1,13,14,0.1628,0.411523,4914
2284,KB4,ARQ,Size_Medium,100,0.01,1,13,8,0.1366,0.529101,5856.52
2285,KB4,ARQ,Size_Medium,100,0.01,1,13,20,0.1901,0.3367,4208.31
2286,KB4,ARQ,Size_Medium,100,0.01,1,13,16,0.1714,0.383142,4667.44
2287,KB4,ARQ,Size_Medium,100,0.01,1,13,11,0.154,0.462963,5194.81
2288,KB4,ARQ,Size_Medium,100,0.01,1,13,13,0.1538,0.42735,5201.56
2289,KB4,ARQ,Size_Medium,100,0.01,1,13,17,0.1711,0.37037,4675.63
2290,KB4,ARQ,Size_Medium,100,0.01,1,13,8,0.1364,0.529101,5865.1
2291,KB4,ARQ,Size_Medium,100,0.01,1,13,9,0.1406,0.505051,5689.9
2292,KB4,ARQ,Size_Medium,100,0.01,1,13,4,0.1183,0.653595,6762.47
2293,KB4,ARQ,Size_Medium,100,0.01,1,13,7,0.1316,0.555556,6079.03
2294,KB4,ARQ,Size_Medium,100,0.01,1,13,9,0.1381,0.505051,5792.9
2295,KB4,ARQ,Size_Medium,100,0.01,1,13,13,0.1554,0.42735,5148.01
2296,KB4,ARQ,Size_Medium,100,0.01,1,13,6,0.1281,0.584795,6245.12
2297,KB4,ARQ,Size_Medium,100,0.01,1,13,9,0.1391,0.505051,5751.26
2298,KB4,ARQ,Size_Medium,100,0.01,1,13,18,0.1838,0.358423,4352.56
2299,KB4,ARQ,Size_Medium,100,0.01,1,13,15,0.1662,0.396825,4813.48
2300,KB4,ARQ,Size_Medium,100,0.01,1,13,19,0.1865,0.347222,4289.54
2301,KB4,ARQ,Size_Medium,100,0.01,1,13,11,0.1481,0.462963,5401.76
2302,KB4,ARQ,Size_Medium,100,0.01,1,13,26,0.2155,0.2849,3712.3
2303,KB4,ARQ,Size_Medium,100,0.01,1,13,20,0.1918,0.3367,4171.01
2304,KB4,ARQ,Size_Medium,100,0.01,1,13,15,0.165,0.396825,4848.48
2305,KB4,ARQ,Size_Medium,100,0.01,1,13,4,0.1167,0.653595,6855.18
2306,KB4,ARQ,Size_Medium,100,0.01,1,13,14,0.1639,0.411523,4881.03
2307,KB4,ARQ,Size_Medium,100,0.01,1,13,7,0.1289,0.555556,6206.36
2308,KB4,ARQ,Size_Medium,100,0.01,1,13,5,0.1254,0.617284,6379.59
2309,KB4,ARQ,Size_Medium,100,0.01,1,13,9,0.1398,0.505051,5722.46
2310,KB4,ARQ,Size_Medium,100,0.01,1,13,6,0.1276,0.584795,6269.59
2311,KB4,ARQ,Size_Medium,100,0.01,1,13,28,0.2265,0.271003,3532.01
2312,KB4,ARQ,Size_Medium,100,0.01,1,13,24,0.2079,0.3003,3848
2313,KB4,ARQ,Size_Medium,100,0.01,1,13,12,0.1541,0.444444,5191.43
2314,KB4,ARQ,Size_Medium,100,0.01,1,13,8,0.1358,0.529101,5891.02
2315,KB4,ARQ,Size_Medium,100,0.01,1,13,9,0.1386,0.505051,5772.01
2316,KB4,ARQ,Size_Medium,100,0.01,1,13,10,0.1462,0.483092,5471.96
2317,KB4,ARQ,Size_Medium,100,0.01,1,13,12,0.1528,0.444444,5235.6
2318,KB4,ARQ,Size_Medium,100,0.01,1,13,24,0.2068,0.3003,3868.47
2319,KB4,ARQ,Size_Medium,100,0.01,1,13,17,0.1743,0.37037,4589.79
2320,KB4,ARQ,Size_Medium,100,0.01,1,13,4,0.1182,0.653595,6768.19
2321,KB4,ARQ,Size_Medium,100,0.01,1,13,15,0.167,0.396825,4790.42
2322,KB4,ARQ,Size_Medium,100,0.01,1,13,11,0.1504,0.462963,5319.15
2323,KB4,ARQ,Size_Medium,100,0.01,1,13,9,0.1396,0.505051,5730.66
2324,KB4,ARQ,Size_Medium,100,0.01,1,13,16,0.1717,0.383142,4659.29
2325,KB4,ARQ,Size_Medium,100,0.01,1,13,17,0.1724,0.37037,4640.37
2326,KB4,ARQ,Size_Medium,100,0.01,1,13,14,0.1641,0.411523,4875.08
2327,KB4,ARQ,Size_Medium,100,0.01,1,13,15,0.1687,0.396825,4742.15
2328,KB4,ARQ,Size_Medium,100,0.01,1,13,15,0.1755,0.396825,4558.4
2329,KB4,ARQ,Size_Medium,100,0.01,1,13,5,0.1251,0.617284,6394.88
2330,KB4,ARQ,Size_Medium,100,0.01,1,13,8,0.1335,0.529101,5992.51
2331,KB4,ARQ,Size_Medium,100,0.01,1,13,18,0.1838,0.358423,4352.56
2332,KB4,ARQ,Size_Medium,100,0.01,1,13,13,0.1563,0.42735,5118.36
2333,KB4,ARQ,Size_Medium,100,0.01,1,13,22,0.2009,0.31746,3982.08
2334,KB4,ARQ,Size_Medium,100,0.01,1,13,23,0.2046,0.308642,3910.07
2335,KB4,ARQ,Size_Medium,100,0.01,1,13,11,0.15,0.462963,5333.33
2336,KB4,ARQ,Size_Medium,100,0.01,1,13,1,0.1081,0.793651,7400.56
2337,KB4,ARQ,Size_Medium,100,0.01,1,13,9,0.1364,0.505051,5865.1
2338,KB4,ARQ,Size_Medium,100,0.01,1,13,13,0.1592,0.42735,5025.13
2339,KB4,ARQ,Size_Medium,100,0.01,1,13,9,0.1381,0.505051,5792.9
2340,KB4,ARQ,Size_Medium,100,0.01,1,13,16,0.1708,0.383142,4683.84
2341,KB4,ARQ,Size_Medium,100,0.01,1,13,11,0.1491,0.462963,5365.53
2342,KB4,ARQ,Size_Medium,100,0.01,1,13,6,0.1287,0.584795,6216.01
2343,KB4,ARQ,Size_Medium,100,0.01,1,13,7,0.1341,0.555556,5965.7
2344,KB4,ARQ,Size_Medium,100,0.01,1,13,10,0.1384,0.483092,5780.35
2345,KB4,ARQ,Size_Medium,100,0.01,1,13,16,0.1723,0.383142,4643.06
2346,KB4,ARQ,Size_Medium,100,0.01,1,13,6,0.1256,0.584795,6369.43
2347,KB4,ARQ,Size_Medium,100,0.01,1,13,27,0.2143,0.277778,3733.08
2348,KB4,ARQ,Size_Medium,100,0.01,1,13,4,0.1189,0.653595,6728.34
2349,KB4,ARQ,Size_Medium,100,0.01,1,13,8,0.1409,0.529101,5677.79
2350,KB4,ARQ,Size_Medium,100,0.01,1,13,12,0.1531,0.444444,5225.34
2351,KB4,ARQ,Size_Medium,100,0.01,1,13,9,0.1387,0.505051,5767.84
2352,KB4,ARQ,Size_Medium,100,0.01,1,13,11,0.1505,0.462963,5315.61
2353,KB4,ARQ,Size_Medium,100,0.01,1,13,22,0.1935,0.31746,4134.37
2354,KB4,ARQ,Size_Medium,100,0.01,1,13,7,0.1326,0.555556,6033.18
2355,KB4,ARQ,Size_Medium,100,0.01,1,13,25,0.2138,0.292398,3741.81
2356,KB4,ARQ,Size_Medium,100,0.01,1,13,14,0.1662,0.411523,4813.48
2357,KB4,ARQ,Size_Medium,100,0.01,1,13,10,0.1459,0.483092,5483.21
2358,KB4,ARQ,Size_Medium,100,0.01,1,13,26,0.215,0.2849,3720.93
2359,KB4,ARQ,Size_Medium,100,0.01,1,13,11,0.1512,0.462963,5291.01
2360,KB4,ARQ,Size_Medium,100,0.01,1,13,8,0.1357,0.529101,5895.36
2361,KB4,ARQ,Size_Medium,100,0.01,1,13,15,0.1656,0.396825,4830.92
2362,KB4,ARQ,Size_Medium,100,0.01,1,13,6,0.1298,0.584795,6163.33
2363,KB4,ARQ,Size_Medium,100,0.01,1,13,15,0.1672,0.396825,4784.69
2364,KB4,ARQ,Size_Medium,100,0.01,1,13,18,0.181,0.358423,4419.89
2365,KB4,ARQ,Size_Medium,100,0.01,1,13,16,0.1716,0.383142,4662
2366,KB4,ARQ,Size_Medium,100,0.01,1,13,14,0.1649,0.411523,4851.43
2367,KB4,ARQ,Size_Medium,100,0.01,1,13,18,0.182,0.358423,4395.6
2368,KB4,ARQ,Size_Medium,100,0.01,1,13,7,0.1336,0.555556,5988.02
2369,KB4,ARQ,Size_Medium,100,0.01,1,13,19,0.1882,0.347222,4250.8
2370,KB4,ARQ,Size_Medium,100,0.01,1,13,21,0.1932,0.326797,4140.79
2371,KB4,ARQ,Size_Medium,100,0.01,1,13,11,0.1497,0.462963,5344.02
2372,KB4,ARQ,Size_Medium,100,0.01,1,13,20,0.1883,0.3367,4248.54
2373,KB4,ARQ,Size_Medium,100,0.01,1,13,16,0.1732,0.383142,4618.94
2374,KB4,ARQ,Size_Medium,100,0.01,1,13,17,0.1751,0.37037,4568.82
2375,KB4,ARQ,Size_Medium,100,0.01,1,13,21,0.1842,0.326797,4343.11
2376,KB4,ARQ,Size_Medium,100,0.01,1,13,10,0.1392,0.483092,5747.13
2377,KB4,ARQ,Size_Medium,100,0.01,1,13,13,0.1557,0.42735,5138.09
2378,KB4,ARQ,Size_Medium,100,0.01,1,13,3,0.1134,0.694444,7054.67
2379,KB4,ARQ,Size_Medium,100,0.01,1,13,11,0.1503,0.462963,5322.69
2380,KB4,ARQ,Size_Medium,100,0.01,1,13,9,0.1397,0.505051,5726.56
2381,KB4,ARQ,Size_Medium,100,0.01,1,13,12,0.1525,0.444444,5245.9
2382,KB4,ARQ,Size_Medium,100,0.01,1,13,17,0.1754,0.37037,4561
2383,KB4,ARQ,Size_Medium,100,0.01,1,13,6,0.1291,0.584795,6196.75
2384,KB4,ARQ,Size_Medium,100,0.01,1,13,15,0.1673,0.396825,4781.83
2385,KB4,ARQ,Size_Medium,100,0.01,1,13,15,0.1696,0.396825,4716.98
2386,KB4,ARQ,Size_Medium,100,0.01,1,13,11,0.1483,0.462963,5394.47
2387,KB4,ARQ,Size_Medium,100,0.01,1,13,20,0.1918,0.3367,4171.01
2388,KB4,ARQ,Size_Medium,100,0.01,1,13,18,0.1848,0.358423,4329
2389,KB4,ARQ,Size_Medium,100,0.01,1,13,11,0.1487,0.462963,5379.96
2390,KB4,ARQ,Size_Medium,100,0.01,1,13,9,0.139,0.505051,5755.4
2391,KB4,ARQ,Size_Medium,100,0.01,1,13,12,0.1538,0.444444,5201.56
2392,KB4,ARQ,Size_Medium,100,0.01,1,13,13,0.1566,0.42735,5108.56
2393,KB4,ARQ,Size_Medium,100,0.01,1,13,7,0.1331,0.555556,6010.52
2394,KB4,ARQ,Size_Medium,100,0.01,1,13,12,0.1544,0.444444,5181.35
2395,KB4,ARQ,Size_Medium,100,0.01,1,13,14,0.1647,0.411523,4857.32
2396,KB4,ARQ,Size_Medium,100,0.01,1,13,12,0.154,0.444444,5194.81
2397,KB4,ARQ,Size_Medium,100,0.01,1,13,15,0.1674,0.396825,4778.97
2398,KB4,ARQ,Size_Medium,100,0.01,1,13,10,0.1445,0.483092,5536.33
2399,KB4,ARQ,Size_Medium,100,0.01,1,13,24,0.2101,0.3003,3807.71
2400,KB4,ARQ,Size_Medium,100,0.01,1,13,9,0.1375,0.505051,5818.18
2401,KB4,ARQ,Size_Medium,100,0.01,1,13,12,0.1489,0.444444,5372.73
2402,KB4,ARQ,Size_Medium,100,0.01,1,13,22,0.1943,0.31746,4117.34
2403,KB4,ARQ,Size_Medium,100,0.01,1,13,21,0.191,0.326797,4188.48
2404,KB4,ARQ,Size_Medium,100,0.01,1,13,24,0.2081,0.3003,3844.31
2405,KB4,ARQ,Size_Medium,100,0.01,1,13,12,0.1537,0.444444,5204.94
2406,KB4,ARQ,Size_Medium,100,0.01,1,13,11,0.1519,0.462963,5266.62
2407,KB4,ARQ,Size_Medium,100,0.01,1,13,17,0.1744,0.37037,4587.16
2408,KB4,ARQ,Size_Medium,100,0.01,1,13,5,0.1253,0.617284,6384.68
2409,KB4,ARQ,Size_Medium,100,0.01,1,13,8,0.1358,0.529101,5891.02
2410,KB4,ARQ,Size_Medium,100,0.01,1,13,20,0.1901,0.3367,4208.31
2411,KB4,ARQ,Size_Medium,100,0.01,1,13,10,0.1387,0.483092,5767.84
2412,KB4,ARQ,Size_Medium,100,0.01,1,13,19,0.19,0.347222,4210.53
2413,KB4,ARQ,Size_Medium,100,0.01,1,13,13,0.1586,0.42735,5044.14
2414,KB4,ARQ,Size_Medium,100,0.01,1,13,10,0.1487,0.483092,5379.96
2415,KB4,ARQ,Size_Medium,100,0.01,1,13,7,0.1324,0.555556,6042.3
2416,KB4,ARQ,Size_Medium,100,0.01,1,13,20,0.1896,0.3367,4219.41
2417,KB4,ARQ,Size_Medium,100,0.01,1,13,18,0.1773,0.358423,4512.13
2418,KB4,ARQ,Size_Medium,100,0.01,1,13,12,0.1548,0.444444,5167.96
2419,KB4,ARQ,Size_Medium,100,0.01,1,13,16,0.1707,0.383142,4686.58
2420,KB4,ARQ,Size_Medium,100,0.01,1,13,10,0.1459,0.483092,5483.21
2421,KB4,ARQ,Size_Medium,100,0.01,1,13,11,0.1499,0.462963,5336.89
2422,KB4,ARQ,Size_Medium,100,0.01,1,13,22,0.1977,0.31746,4046.54
2423,KB4,ARQ,Size_Medium,100,0.01,1,13,11,0.153,0.462963,5228.76
2424,KB4,ARQ,Size_Medium,100,0.01,1,13,20,0.1876,0.3367,4264.39
2425,KB4,ARQ,Size_Medium,100,0.01,1,13,16,0.1703,0.383142,4697.59
2426,KB4,ARQ,Size_Medium,100,0.01,1,13,15,0.1678,0.396825,4767.58
2427,KB4,ARQ,Size_Medium,100,0.01,1,13,15,0.1679,0.396825,4764.74
2428,KB4,ARQ,Size_Medium,100,0.01,1,13,19,0.2613,0.347222,3061.62
2429,KB4,ARQ,Size_Medium,100,0.01,1,13,3,0.1149,0.694444,6962.58
2430,KB4,ARQ,Size_Medium,100,0.01,1,13,24,0.2094,0.3003,3820.44
2431,KB4,ARQ,Size_Medium,100,0.01,1,13,8,0.1353,0.529101,5912.79
2432,KB4,ARQ,Size_Medium,100,0.01,1,13,11,0.1496,0.462963,5347.59
2433,KB4,ARQ,Size_Medium,100,0.01,1,13,5,0.1262,0.617284,6339.14
2434,KB4,ARQ,Size_Medium,100,0.01,1,13,12,0.1515,0.444444,5280.53
2435,KB4,ARQ,Size_Medium,100,0.01,1,13,13,0.159,0.42735,5031.45
2436,KB4,ARQ,Size_Medium,100,0.01,1,13,11,0.1512,0.462963,5291.01
2437,KB4,ARQ,Size_Medium,100,0.01,1,13,14,0.163,0.411523,4907.98
2438,KB4,ARQ,Size_Medium,100,0.01,1,13,18,0.184,0.358423,4347.83
2439,KB4,ARQ,Size_Medium,100,0.01,1,13,13,0.1563,0.42735,5118.36
2440,KB4,ARQ,Size_Medium,100,0.01,1,13,19,0.1866,0.347222,4287.25
2441,KB4,ARQ,Size_Medium,100,0.01,1,13,28,0.2271,0.271003,3522.68
2442,KB4,ARQ,Size_Medium,100,0.01,1,13,7,0.1313,0.555556,6092.92
2443,KB4,ARQ,Size_Medium,100,0.01,1,13,20,0.1911,0.3367,4186.29
2444,KB4,ARQ,Size_Medium,100,0.01,1,13,16,0.1709,0.383142,4681.1
2445,KB4,ARQ,Size_Medium,100,0.01,1,13,12,0.1545,0.444444,5177.99
2446,KB4,ARQ,Size_Medium,100,0.01,1,13,14,0.1634,0.411523,4895.96
2447,KB4,ARQ,Size_Medium,100,0.01,1,13,11,0.152,0.462963,5263.16
2448,KB4,ARQ,Size_Medium,100,0.01,1,13,15,0.1689,0.396825,4736.53
2449,KB4,ARQ,Size_Medium,100,0.01,1,13,13,0.1559,0.42735,5131.49
2450,KB4,ARQ,Size_Medium,100,0.01,1,13,19,0.1875,0.347222,4266.67
2451,KB4,ARQ,Size_Medium,100,0.01,1,13,18,0.1768,0.358423,4524.89
2452,KB4,ARQ,Size_Medium,100,0.01,1,13,22,0.2002,0.31746,3996
2453,KB4,ARQ,Size_Medium,100,0.01,1,13,21,0.1938,0.326797,4127.97
2454,KB4,ARQ,Size_Medium,100,0.01,1,13,17,0.1743,0.37037,4589.79
2455,KB4,ARQ,Size_Medium,100,0.01,1,13,8,0.1337,0.529101,5983.55
2456,KB4,ARQ,Size_Medium,100,0.01,1,13,16,0.171,0.383142,4678.36
2457,KB4,ARQ,Size_Medium,100,0.01,1,13,10,0.1473,0.483092,5431.09
2458,KB4,ARQ,Size_Medium,100,0.01,1,13,6,0.1278,0.584795,6259.78
2459,KB4,ARQ,Size_Medium,100,0.01,1,13,18,0.1785,0.358423,4481.79
2460,KB4,ARQ,Size_Medium,100,0.01,1,13,5,0.1242,0.617284,6441.22
2461,KB4,ARQ,Size_Medium,100,0.01,1,13,16,0.1715,0.383142,4664.72
2462,KB4,ARQ,Size_Medium,100,0.01,1,13,22,0.1947,0.31746,4108.89
2463,KB4,ARQ,Size_Medium,100,0.01,1,13,10,0.1399,0.483092,5718.37
2464,KB4,ARQ,Size_Medium,100,0.01,1,13,17,0.1751,0.37037,4568.82
2465,KB4,ARQ,Size_Medium,100,0.01,1,13,10,0.1475,0.483092,5423.73
2466,KB4,ARQ,Size_Medium,100,0.01,1,13,10,0.1443,0.483092,5544.01
2467,KB4,ARQ,Size_Medium,100,0.01,1,13,8,0.1354,0.529101,5908.42
2468,KB4,ARQ,Size_Medium,100,0.01,1,13,13,0.1575,0.42735,5079.37
2469,KB4,ARQ,Size_Medium,100,0.01,1,13,20,0.1893,0.3367,4226.1
2470,KB4,ARQ,Size_Medium,100,0.01,1,13,10,0.145,0.483092,5517.24
2471,KB4,ARQ,Size_Medium,100,0.01,1,13,10,0.1463,0.483092,5468.22
2472,KB4,ARQ,Size_Medium,100,0.01,1,13,9,0.135,0.505051,5925.93
2473,KB4,ARQ,Size_Medium,100,0.01,1,13,17,0.1744,0.37037,4587.16
2474,KB4,ARQ,Size_Medium,100,0.01,1,13,6,0.1283,0.584795,6235.39
2475,KB4,ARQ,Size_Medium,100,0.01,1,13,14,0.1628,0.411523,4914
2476,KB4,ARQ,Size_Medium,100,0.01,1,13,18,0.1824,0.358423,4385.96
2477,KB4,ARQ,Size_Medium,100,0.01,1,13,8,0.1439,0.529101,5559.42
2478,KB4,ARQ,Size_Medium,100,0.01,1,13,17,0.174,0.37037,4597.7
2479,KB4,ARQ,Size_Medium,100,0.01,1,13,2,0.1103,0.740741,7252.95
2480,KB4,ARQ,Size_Medium,100,0.01,1,13,16,0.1691,0.383142,4730.93
2481,KB4,ARQ,Size_Medium,100,0.01,1,13,18,0.1764,0.358423,4535.15
2482,KB4,ARQ,Size_Medium,100,0.01,1,13,12,0.155,0.444444,5161.29
2483,KB4,ARQ,Size_Medium,100,0.01,1,13,11,0.1513,0.462963,5287.51
2484,KB4,ARQ,Size_Medium,100,0.01,1,13,14,0.1631,0.411523,4904.97
2485,KB4,ARQ,Size_Medium,100,0.01,1,13,6,0.1286,0.584795,6220.84
2486,KB4,ARQ,Size_Medium,100,0.01,1,13,18,0.184,0.358423,4347.83
2487,KB4,ARQ,Size_Medium,100,0.01,1,13,13,0.1561,0.42735,5124.92
2488,KB4,ARQ,Size_Medium,100,0.01,1,13,17,0.1743,0.37037,4589.79
2489,KB4,ARQ,Size_Medium,100,0.01,1,13,13,0.1588,0.42735,5037.78
2490,KB4,ARQ,Size_Medium,100,0.01,1,13,16,0.1702,0.383142,4700.35
2491,KB4,ARQ,Size_Medium,100,0.01,1,13,9,0.1369,0.505051,5843.68
2492,KB4,ARQ,Size_Medium,100,0.01,1,13,15,0.1693,0.396825,4725.34
2493,KB4,ARQ,Size_Medium,100,0.01,1,13,14,0.1654,0.411523,4836.76
2494,KB4,ARQ,Size_Medium,100,0.01,1,13,19,0.1857,0.347222,4308.02
2495,KB4,ARQ,Size_Medium,100,0.01,1,13,19,0.185,0.347222,4324.32
2496,KB4,ARQ,Size_Medium,100,0.01,1,13,7,0.1329,0.555556,6019.56
2497,KB4,ARQ,Size_Medium,100,0.01,1,13,9,0.1395,0.505051,5734.77
2498,KB4,ARQ,Size_Medium,100,0.01,1,13,12,0.1537,0.444444,5204.94
2499,KB4,ARQ,Size_Medium,100,0.01,1,13,14,0.1574,0.411523,5082.59
2500,KB4,ARQ,Size_Medium,100,0.01,1,13,14,0.1641,0.411523,4875.08
2501,KB4,ARQ,Size_Medium,100,0.01,1,13,11,0.1511,0.462963,5294.51
2502,KB4,ARQ,Size_Medium,100,0.01,1,13,25,0.213,0.292398,3755.87
2503,KB4,ARQ,Size_Medium,100,0.01,1,13,16,0.1725,0.383142,4637.68
2504,KB4,ARQ,Size_Medium,100,0.01,1,13,14,0.1633,0.411523,4898.96
2505,KB4,ARQ,Size_Medium,100,0.01,1,13,14,0.166,0.411523,4819.28
2506,KB4,ARQ,Size_Medium,100,0.01,1,13,16,0.1731,0.383142,4621.61
2507,KB4,ARQ,Size_Medium,100,0.01,1,13,12,0.1906,0.444444,4197.27
2508,KB4,ARQ,Size_Medium,100,0.01,1,13,4,0.1167,0.653595,6855.18
2509,KB4,ARQ,Size_Medium,100,0.01,1,13,7,0.1312,0.555556,6097.56
2510,KB4,ARQ,Size_Medium,100,0.01,1,13,16,0.1716,0.383142,4662
2511,KB4,ARQ,Size_Medium,100,0.01,1,13,9,0.1392,0.505051,5747.13
2512,KB4,ARQ,Size_Medium,100,0.01,1,13,17,0.1761,0.37037,4542.87
2513,KB4,ARQ,Size_Medium,100,0.01,1,13,11,0.1501,0.462963,5329.78
2514,KB4,ARQ,Size_Medium,100,0.01,1,13,13,0.1571,0.42735,5092.3
2515,KB4,ARQ,Size_Medium,100,0.01,1,13,14,0.1648,0.411523,4854.37
2516,KB4,ARQ,Size_Medium,100,0.01,1,13,7,0.131,0.555556,6106.87
2517,KB4,ARQ,Size_Medium,100,0.01,1,13,15,0.1693,0.396825,4725.34
2518,KB4,ARQ,Size_Medium,100,0.01,1,13,14,0.1657,0.411523,4828
2519,KB4,ARQ,Size_Medium,100,0.01,1,13,5,0.1253,0.617284,6384.68
2520,KB4,ARQ,Size_Medium,100,0.01,1,13,17,0.175,0.37037,4571.43
2521,KB4,ARQ,Size_Medium,100,0.01,1,13,11,0.1485,0.462963,5387.21
2522,KB4,ARQ,Size_Medium,100,0.01,1,13,24,0.2109,0.3003,3793.27
2523,KB4,ARQ,Size_Medium,100,0.01,1,13,13,0.158,0.42735,5063.29
2524,KB4,ARQ,Size_Medium,100,0.01,1,13,12,0.1524,0.444444,5249.34
2525,KB4,ARQ,Size_Medium,100,0.01,1,13,9,0.1373,0.505051,5826.66
2526,KB4,ARQ,Size_Medium,100,0.01,1,13,13,0.1594,0.42735,5018.82
2527,KB4,ARQ,Size_Medium,100,0.01,1,13,7,0.1313,0.555556,6092.92
2528,KB4,ARQ,Size_Medium,100,0.01,1,13,10,0.1482,0.483092,5398.11
2529,KB4,ARQ,Size_Medium,100,0.01,1,13,12,0.1539,0.444444,5198.18
2530,KB4,ARQ,Size_Medium,100,0.01,1,13,10,0.1472,0.483092,5434.78
2531,KB4,ARQ,Size_Medium,100,0.01,1,13,16,0.1713,0.383142,4670.17
2532,KB4,ARQ,Size_Medium,100,0.01,1,13,20,0.1894,0.3367,4223.86
2533,KB4,ARQ,Size_Medium,100,0.01,1,13,11,0.146,0.462963,5479.45
2534,KB4,ARQ,Size_Medium,100,0.01,1,13,16,0.1738,0.383142,4602.99
2535,KB4,ARQ,Size_Medium,100,0.01,1,13,19,0.1849,0.347222,4326.66
2536,KB4,ARQ,Size_Medium,100,0.01,1,13,8,0.1356,0.529101,5899.71
2537,KB4,ARQ,Size_Medium,100,0.01,1,13,15,0.1685,0.396825,4747.77
2538,KB4,ARQ,Size_Medium,100,0.01,1,13,13,0.1588,0.42735,5037.78
2539,KB4,ARQ,Size_Medium,100,0.01,1,13,9,0.1387,0.505051,5767.84
2540,KB4,ARQ,Size_Medium,100,0.01,1,13,7,0.1329,0.555556,6019.56
2541,KB4,ARQ,Size_Medium,100,0.01,1,13,10,0.1471,0.483092,5438.48
2542,KB4,ARQ,Size_Medium,100,0.01,1,13,8,0.1338,0.529101,5979.07
2543,KB4,ARQ,Size_Medium,100,0.01,1,13,9,0.1405,0.505051,5693.95
2544,KB4,ARQ,Size_Medium,100,0.01,1,13,14,0.1645,0.411523,4863.22
2545,KB4,ARQ,Size_Medium,100,0.01,1,13,14,0.164,0.411523,4878.05
2546,KB4,ARQ,Size_Medium,100,0.01,1,13,12,0.1541,0.444444,5191.43
2547,KB4,ARQ,Size_Medium,100,0.01,1,13,18,0.1832,0.358423,4366.81
2548,KB4,ARQ,Size_Medium,100,0.01,1,13,14,0.1653,0.411523,4839.69
2549,KB4,ARQ,Size_Medium,100,0.01,1,13,7,0.1298,0.555556,6163.33
2550,KB4,ARQ,Size_Medium,100,0.01,1,13,11,0.1482,0.462963,5398.11
2551,KB4,ARQ,Size_Medium,100,0.01,1,13,9,0.1385,0.505051,5776.17
2552,KB4,ARQ,Size_Medium,100,0.01,1,13,18,0.1821,0.358423,4393.19
2553,KB4,ARQ,Size_Medium,100,0.01,1,13,7,0.1422,0.555556,5625.88
2554,KB4,ARQ,Size_Medium,100,0.01,1,13,8,0.1369,0.529101,5843.68
2555,KB4,ARQ,Size_Medium,100,0.01,1,13,11,0.1504,0.462963,5319.15
2556,KB4,ARQ,Size_Medium,100,0.01,1,13,17,0.175,0.37037,4571.43
2557,KB4,ARQ,Size_Medium,100,0.01,1,13,17,0.174,0.37037,4597.7
2558,KB4,ARQ,Size_Medium,100,0.01,1,13,17,0.1774,0.37037,4509.58
2559,KB4,ARQ,Size_Medium,100,0.01,1,13,17,0.1769,0.37037,4522.33
2560,KB4,ARQ,Size_Medium,100,0.01,1,13,10,0.1485,0.483092,5387.21
2561,KB4,ARQ,Size_Medium,100,0.01,1,13,16,0.1736,0.383142,4608.29
2562,KB4,ARQ,Size_Medium,100,0.01,1,13,13,0.1569,0.42735,5098.79
2563,KB4,ARQ,Size_Medium,100,0.01,1,13,9,0.1397,0.505051,5726.56
2564,KB4,ARQ,Size_Medium,100,0.01,1,13,3,0.1148,0.694444,6968.64
2565,KB4,ARQ,Size_Medium,100,0.01,1,13,11,0.1498,0.462963,5340.45
2566,KB4,ARQ,Size_Medium,100,0.01,1,13,16,0.1732,0.383142,4618.94
2567,KB4,ARQ,Size_Medium,100,0.01,1,13,10,0.1461,0.483092,5475.7
2568,KB4,ARQ,Size_Medium,100,0.01,1,13,12,0.1533,0.444444,5218.53
2569,KB4,ARQ,Size_Medium,100,0.01,1,13,14,0.1639,0.411523,4881.03
2570,KB4,ARQ,Size_Medium,100,0.01,1,13,9,0.1388,0.505051,5763.69
2571,KB4,ARQ,Size_Medium,100,0.01,1,13,12,0.1531,0.444444,5225.34
2572,KB4,ARQ,Size_Medium,100,0.01,1,13,19,0.1853,0.347222,4317.32
2573,KB4,ARQ,Size_Medium,100,0.01,1,13,11,0.1511,0.462963,5294.51
2574,KB4,ARQ,Size_Medium,100,0.01,1,13,10,0.1463,0.483092,5468.22
2575,KB4,ARQ,Size_Medium,100,0.01,1,13,11,0.1489,0.462963,5372.73
2576,KB4,ARQ,Size_Medium,100,0.01,1,13,14,0.1658,0.411523,4825.09
2577,KB4,ARQ,Size_Medium,100,0.01,1,13,10,0.1428,0.483092,5602.24
2578,KB4,ARQ,Size_Medium,100,0.01,1,13,7,0.1317,0.555556,6074.41
2579,KB4,ARQ,Size_Medium,100,0.01,1,13,6,0.1299,0.584795,6158.58
2580,KB4,ARQ,Size_Medium,100,0.01,1,13,14,0.1646,0.411523,4860.27
2581,KB4,ARQ,Size_Medium,100,0.01,1,13,8,0.1355,0.529101,5904.06
2582,KB4,ARQ,Size_Medium,100,0.01,1,13,10,0.1472,0.483092,5434.78
2583,KB4,ARQ,Size_Medium,100,0.01,1,13,20,0.1898,0.3367,4214.96
2584,KB4,ARQ,Size_Medium,100,0.01,1,13,5,0.1249,0.617284,6405.12
2585,KB4,ARQ,Size_Medium,100,0.01,1,13,9,0.1398,0.505051,5722.46
2586,KB4,ARQ,Size_Medium,100,0.01,1,13,14,0.166,0.411523,4819.28
2587,KB4,ARQ,Size_Medium,100,0.01,1,13,13,0.1571,0.42735,5092.3
2588,KB4,ARQ,Size_Medium,100,0.01,1,13,7,0.1317,0.555556,6074.41
2589,KB4,ARQ,Size_Medium,100,0.01,1,13,11,0.1472,0.462963,5434.78
2590,KB4,ARQ,Size_Medium,100,0.01,1,13,19,0.232,0.347222,3448.28
2591,KB4,ARQ,Size_Medium,100,0.01,1,13,22,0.1973,0.31746,4054.74
2592,KB4,ARQ,Size_Medium,100,0.01,1,13,3,0.1122,0.694444,7130.12
2593,KB4,ARQ,Size_Medium,100,0.01,1,13,14,0.1648,0.411523,4854.37
2594,KB4,ARQ,Size_Medium,100,0.01,1,13,15,0.1666,0.396825,4801.92
2595,KB4,ARQ,Size_Medium,100,0.01,1,13,15,0.1704,0.396825,4694.84
2596,KB4,ARQ,Size_Medium,100,0.01,1,13,19,0.1875,0.347222,4266.67
2597,KB4,ARQ,Size_Medium,100,0.01,1,13,15,0.1675,0.396825,4776.12
2598,KB4,ARQ,Size_Medium,100,0.01,1,13,6,0.1277,0.584795,6264.68
2599,KB4,ARQ,Size_Medium,100,0.01,1,13,19,0.1879,0.347222,4257.58
2600,KB4,ARQ,Size_Medium,100,0.01,1,13,8,0.1339,0.529101,5974.61
2601,KB4,ARQ,Size_Medium,100,0.01,1,13,16,0.1693,0.383142,4725.34
2602,KB4,ARQ,Size_Medium,100,0.01,1,13,19,0.1852,0.347222,4319.65
2603,KB4,ARQ,Size_Medium,100,0.01,1,13,4,0.1177,0.653595,6796.94
2604,KB4,ARQ,Size_Medium,100,0.01,1,13,11,0.1496,0.462963,5347.59
2605,KB4,ARQ,Size_Medium,100,0.01,1,13,17,0.1744,0.37037,4587.16
2606,KB4,ARQ,Size_Medium,100,0.01,1,13,17,0.1767,0.37037,4527.45
2607,KB4,ARQ,Size_Medium,100,0.01,1,13,8,0.1347,0.529101,5939.12
2608,KB4,ARQ,Size_Medium,100,0.01,1,13,7,0.1326,0.555556,6033.18
2609,KB4,ARQ,Size_Medium,100,0.01,1,13,7,0.1297,0.555556,6168.08
2610,KB4,ARQ,Size_Medium,100,0.01,1,13,13,0.1554,0.42735,5148.01
2611,KB4,ARQ,Size_Medium,100,0.01,1,13,12,0.1528,0.444444,5235.6
2612,KB4,ARQ,Size_Medium,100,0.01,1,13,9,0.1384,0.505051,5780.35
2613,KB4,ARQ,Size_Medium,100,0.01,1,13,13,0.1564,0.42735,5115.09
2614,KB4,ARQ,Size_Medium,100,0.01,1,13,9,0.1356,0.505051,5899.71
2615,KB4,ARQ,Size_Medium,100,0.01,1,13,12,0.1548,0.444444,5167.96
2616,KB4,ARQ,Size_Medium,100,0.01,1,13,6,0.1293,0.584795,6187.16
2617,KB4,ARQ,Size_Medium,100,0.01,1,13,17,0.1749,0.37037,4574.04
2618,KB4,ARQ,Size_Medium,100,0.01,1,13,10,0.1458,0.483092,5486.97
2619,KB4,ARQ,Size_Medium,100,0.01,1,13,15,0.1643,0.396825,4869.14
2620,KB4,ARQ,Size_Medium,100,0.01,1,13,12,0.1538,0.444444,5201.56
2621,KB4,ARQ,Size_Medium,100,0.01,1,13,10,0.1473,0.483092,5431.09
2622,KB4,ARQ,Size_Medium,100,0.01,1,13,7,0.1332,0.555556,6006.01
2623,KB4,ARQ,Size_Medium,100,0.01,1,13,20,0.1914,0.3367,4179.73
2624,KB4,ARQ,Size_Medium,100,0.01,1,13,14,0.1632,0.411523,4901.96
2625,KB4,ARQ,Size_Medium,100,0.01,1,13,14,0.1642,0.411523,4872.11
2626,KB4,ARQ,Size_Medium,100,0.01,1,13,6,0.1287,0.584795,6216.01
2627,KB4,ARQ,Size_Medium,100,0.01,1,13,10,0.1473,0.483092,5431.09
2628,KB4,ARQ,Size_Medium,100,0.01,1,13,8,0.1356,0.529101,5899.71
2629,KB4,ARQ,Size_Medium,100,0.01,1,13,16,0.17,0.383142,4705.88
2630,KB4,ARQ,Size_Medium,100,0.01,1,13,11,0.1488,0.462963,5376.34
2631,KB4,ARQ,Size_Medium,100,0.01,1,13,4,0.1346,0.653595,5943.54
2632,KB4,ARQ,Size_Medium,100,0.01,1,13,22,0.1972,0.31746,4056.8
2633,KB4,ARQ,Size_Medium,100,0.01,1,13,10,0.1466,0.483092,5457.03
2634,KB4,ARQ,Size_Medium,100,0.01,1,13,12,0.155,0.444444,5161.29
2635,KB4,ARQ,Size_Medium,100,0.01,1,13,19,0.1881,0.347222,4253.06
2636,KB4,ARQ,Size_Medium,100,0.01,1,13,8,0.1358,0.529101,5891.02
2637,KB4,ARQ,Size_Medium,100,0.01,1,13,24,0.2067,0.3003,3870.34
2638,KB4,ARQ,Size_Medium,100,0.01,1,13,14,0.1676,0.411523,4773.27
2639,KB4,ARQ,Size_Medium,100,0.01,1,13,6,0.129,0.584795,6201.55
2640,KB4,ARQ,Size_Medium,100,0.01,1,13,20,0.1896,0.3367,4219.41
2641,KB4,ARQ,Size_Medium,100,0.01,1,13,5,0.1189,0.617284,6728.34
2642,KB4,ARQ,Size_Medium,100,0.01,1,13,15,0.1687,0.396825,4742.15
2643,KB4,ARQ,Size_Medium,100,0.01,1,13,13,0.1586,0.42735,5044.14
2644,KB4,ARQ,Size_Medium,100,0.01,1,13,13,0.1568,0.42735,5102.04
2645,KB4,ARQ,Size_Medium,100,0.01,1,13,23,0.2047,0.308642,3908.16
2646,KB4,ARQ,Size_Medium,100,0.01,1,13,11,0.1484,0.462963,5390.84
2647,KB4,ARQ,Size_Medium,100,0.01,1,13,5,0.1246,0.617284,6420.55
2648,KB4,ARQ,Size_Medium,100,0.01,1,13,16,0.1723,0.383142,4643.06
2649,KB4,ARQ,Size_Medium,100,0.01,1,13,16,0.1712,0.383142,4672.9
2650,KB4,ARQ,Size_Medium,100,0.01,1,13,8,0.1352,0.529101,5917.16
2651,KB4,ARQ,Size_Medium,100,0.01,1,13,8,0.1302,0.529101,6144.39
2652,KB4,ARQ,Size_Medium,100,0.01,1,13,12,0.1539,0.444444,5198.18
2653,KB4,ARQ,Size_Medium,100,0.01,1,13,28,0.2261,0.271003,3538.26
2654,KB4,ARQ,Size_Medium,100,0.01,1,13,11,0.1507,0.462963,5308.56
2655,KB4,ARQ,Size_Medium,100,0.01,1,13,11,0.1504,0.462963,5319.15
2656,KB4,ARQ,Size_Medium,100,0.01,1,13,26,0.2157,0.2849,3708.85
2657,KB4,ARQ,Size_Medium,100,0.01,1,13,10,0.1473,0.483092,5431.09
2658,KB4,ARQ,Size_Medium,100,0.01,1,13,12,0.151,0.444444,5298.01
2659,KB4,ARQ,Size_Medium,100,0.01,1,13,10,0.1473,0.483092,5431.09
2660,KB4,ARQ,Size_Medium,100,0.01,1,13,10,0.1474,0.483092,5427.41
2661,KB4,ARQ,Size_Medium,100,0.01,1,13,12,0.1539,0.444444,5198.18
2662,KB4,ARQ,Size_Medium,100,0.01,1,13,7,0.1312,0.555556,6097.56
2663,KB4,ARQ,Size_Medium,100,0.01,1,13,17,0.1765,0.37037,4532.58
2664,KB4,ARQ,Size_Medium,100,0.01,1,13,18,0.1842,0.358423,4343.11
2665,KB4,ARQ,Size_Medium,100,0.01,1,13,9,0.1396,0.505051,5730.66
2666,KB4,ARQ,Size_Medium,100,0.01,1,13,14,0.16,0.411523,5000
2667,KB4,ARQ,Size_Medium,100,0.01,1,13,4,0.1179,0.653595,6785.41
2668,KB4,ARQ,Size_Medium,100,0.01,1,13,11,0.1512,0.462963,5291.01
2669,KB4,ARQ,Size_Medium,100,0.01,1,13,7,0.1334,0.555556,5997
2670,KB4,ARQ,Size_Medium,100,0.01,1,13,6,0.1293,0.584795,6187.16
2671,KB4,ARQ,Size_Medium,100,0.01,1,13,3,0.1142,0.694444,7005.25
2672,KB4,ARQ,Size_Medium,100,0.01,1,13,16,0.2195,0.383142,3644.65
2673,KB4,ARQ,Size_Medium,100,0.01,1,13,15,0.1682,0.396825,4756.24
2674,KB4,ARQ,Size_Medium,100,0.01,1,13,26,0.2144,0.2849,3731.34
2675,KB4,ARQ,Size_Medium,100,0.01,1,13,6,0.1292,0.584795,6191.95
2676,KB4,ARQ,Size_Medium,100,0.01,1,13,13,0.1574,0.42735,5082.59
2677,KB4,ARQ,Size_Medium,100,0.01,1,13,14,0.1645,0.411523,4863.22
2678,KB4,ARQ,Size_Medium,100,0.01,1,13,11,0.1473,0.462963,5431.09
2679,KB4,ARQ,Size_Medium,100,0.01,1,13,21,0.1944,0.326797,4115.23
2680,KB4,ARQ,Size_Medium,100,0.01,1,13,11,0.1491,0.462963,5365.53
2681,KB4,ARQ,Size_Medium,100,0.01,1,13,11,0.1514,0.462963,5284.02
2682,KB4,ARQ,Size_Medium,100,0.01,1,13,11,0.151,0.462963,5298.01
2683,KB4,ARQ,Size_Medium,100,0.01,1,13,9,0.1385,0.505051,5776.17
2684,KB4,ARQ,Size_Medium,100,0.01,1,13,14,0.1661,0.411523,4816.38
2685,KB4,ARQ,Size_Medium,100,0.01,1,13,14,0.1663,0.411523,4810.58
2686,KB4,ARQ,Size_Medium,100,0.01,1,13,6,0.1266,0.584795,6319.12
2687,KB4,ARQ,Size_Medium,100,0.01,1,13,13,0.1571,0.42735,5092.3
2688,KB4,ARQ,Size_Medium,100,0.01,1,13,17,0.1734,0.37037,4613.61
2689,KB4,ARQ,Size_Medium,100,0.01,1,13,6,0.1291,0.584795,6196.75
2690,KB4,ARQ,Size_Medium,100,0.01,1,13,20,0.1861,0.3367,4298.76
2691,KB4,ARQ,Size_Medium,100,0.01,1,13,23,0.1964,0.308642,4073.32
2692,KB4,ARQ,Size_Medium,100,0.01,1,13,14,0.1631,0.411523,4904.97
2693,KB4,ARQ,Size_Medium,100,0.01,1,13,21,0.1913,0.326797,4181.91
2694,KB4,ARQ,Size_Medium,100,0.01,1,13,11,0.1499,0.462963,5336.89
2695,KB4,ARQ,Size_Medium,100,0.01,1,13,6,0.128,0.584795,6250
2696,KB4,ARQ,Size_Medium,100,0.01,1,13,7,0.1326,0.555556,6033.18
2697,KB4,ARQ,Size_Medium,100,0.01,1,13,24,0.2089,0.3003,3829.58
2698,KB4,ARQ,Size_Medium,100,0.01,1,13,4,0.118,0.653595,6779.66
2699,KB4,ARQ,Size_Medium,100,0.01,1,13,16,0.1724,0.383142,4640.37
2700,KB4,ARQ,Size_Medium,100,0.01,1,13,9,0.1391,0.505051,5751.26
2701,KB4,ARQ,Size_Medium,100,0.01,1,13,18,0.1761,0.358423,4542.87
2702,KB4,ARQ,Size_Medium,100,0.01,1,13,12,0.1543,0.444444,5184.71
2703,KB4,ARQ,Size_Medium,100,0.01,1,13,18,0.1831,0.358423,4369.2
2704,KB4,ARQ,Size_Medium,100,0.01,1,13,13,0.159,0.42735,5031.45
2705,KB4,ARQ,Size_Medium,100,0.01,1,13,17,0.1733,0.37037,4616.27
2706,KB4,ARQ,Size_Medium,100,0.01,0,13,16,0.1731,0.383142,4621.61
2707,KB4,ARQ,Size_Medium,100,0.01,1,13,24,0.2078,0.3003,3849.86
2708,KB4,ARQ,Size_Medium,100,0.01,1,13,10,0.1458,0.483092,5486.97
2709,KB4,ARQ,Size_Medium,100,0.01,1,13,22,0.197,0.31746,4060.91
2710,KB4,ARQ,Size_Medium,100,0.01,1,13,13,0.1568,0.42735,5102.04
2711,KB4,ARQ,Size_Medium,100,0.01,1,13,15,0.1692,0.396825,4728.13
2712,KB4,ARQ,Size_Medium,100,0.01,1,13,17,0.1787,0.37037,4476.78
2713,KB4,ARQ,Size_Medium,100,0.01,1,13,14,0.1652,0.411523,4842.62
2714,KB4,ARQ,Size_Medium,100,0.01,1,13,15,0.1684,0.396825,4750.59
2715,KB4,ARQ,Size_Medium,100,0.01,1,13,15,0.1667,0.396825,4799.04
2716,KB4,ARQ,Size_Medium,100,0.01,1,13,9,0.1409,0.505051,5677.79
2717,KB4,ARQ,Size_Medium,100,0.01,1,13,11,0.1502,0.462963,5326.23
2718,KB4,ARQ,Size_Medium,100,0.01,1,13,15,0.1695,0.396825,4719.76
2719,KB4,ARQ,Size_Medium,100,0.01,1,13,19,0.1858,0.347222,4305.71
2720,KB4,ARQ,Size_Medium,100,0.01,1,13,21,0.1949,0.326797,4104.67
2721,KB4,ARQ,Size_Medium,100,0.01,1,13,14,0.1678,0.411523,4767.58
2722,KB4,ARQ,Size_Medium,100,0.01,1,13,9,0.1343,0.505051,5956.81
2723,KB4,ARQ,Size_Medium,100,0.01,1,13,17,0.1753,0.37037,4563.61
2724,KB4,ARQ,Size_Medium,100,0.01,1,13,9,0.1403,0.505051,5702.07
2725,KB4,ARQ,Size_Medium,100,0.01,1,13,21,0.1939,0.326797,4125.84
2726,KB4,ARQ,Size_Medium,100,0.01,1,13,30,0.2338,0.258398,3421.73
2727,KB4,ARQ,Size_Medium,100,0.01,1,13,14,0.1641,0.411523,4875.08
2728,KB4,ARQ,Size_Medium,100,0.01,1,13,18,0.1781,0.358423,4491.86
2729,KB4,ARQ,Size_Medium,100,0.01,1,13,16,0.1696,0.383142,4716.98
2730,KB4,ARQ,Size_Medium,100,0.01,1,13,8,0.1357,0.529101,5895.36
2731,KB4,ARQ,Size_Medium,100,0.01,1,13,12,0.1535,0.444444,5211.73
2732,KB4,ARQ,Size_Medium,100,0.01,1,13,12,0.154,0.444444,5194.81
2733,KB4,ARQ,Size_Medium,100,0.01,1,13,8,0.1345,0.529101,5947.96
2734,KB4,ARQ,Size_Medium,100,0.01,1,13,8,0.1445,0.529101,5536.33
2735,KB4,ARQ,Size_Medium,100,0.01,1,13,6,0.1251,0.584795,6394.88
2736,KB4,ARQ,Size_Medium,100,0.01,1,13,13,0.1556,0.42735,5141.39
2737,KB4,ARQ,Size_Medium,100,0.01,1,13,10,0.1436,0.483092,5571.03
2738,KB4,ARQ,Size_Medium,100,0.01,1,13,18,0.1732,0.358423,4618.94
2739,KB4,ARQ,Size_Medium,100,0.01,1,13,19,0.1806,0.347222,4429.68
2740,KB4,ARQ,Size_Medium,100,0.01,1,13,9,0.1362,0.505051,5873.72
2741,KB4,ARQ,Size_Medium,100,0.01,1,13,16,0.1688,0.383142,4739.34
2742,KB4,ARQ,Size_Medium,100,0.01,1,13,8,0.1318,0.529101,6069.8
2743,KB4,ARQ,Size_Medium,100,0.01,1,13,12,0.1488,0.444444,5376.34
2744,KB4,ARQ,Size_Medium,100,0.01,1,13,10,0.1425,0.483092,5614.04
2745,KB4,ARQ,Size_Medium,100,0.01,1,13,14,0.1615,0.411523,4953.56
2746,KB4,ARQ,Size_Medium,100,0.01,1,13,6,0.1241,0.584795,6446.41
2747,KB4,ARQ,Size_Medium,100,0.01,1,13,6,0.1249,0.584795,6405.12
2748,KB4,ARQ,Size_Medium,100,0.01,1,13,10,0.1422,0.483092,5625.88
2749,KB4,ARQ,Size_Medium,100,0.01,1,13,12,0.1513,0.444444,5287.51
2750,KB4,ARQ,Size_Medium,100,0.01,1,13,11,0.1436,0.462963,5571.03
2751,KB4,ARQ,Size_Medium,100,0.01,1,13,17,0.1705,0.37037,4692.08
2752,KB4,ARQ,Size_Medium,100,0.01,1,13,21,0.2173,0.326797,3681.55
2753,KB4,ARQ,Size_Medium,100,0.01,1,13,9,0.1343,0.505051,5956.81
2754,KB4,ARQ,Size_Medium,100,0.01,1,13,20,0.1857,0.3367,4308.02
2755,KB4,ARQ,Size_Medium,100,0.01,1,13,13,0.1537,0.42735,5204.94
2756,KB4,ARQ,Size_Medium,100,0.01,1,13,9,0.1345,0.505051,5947.96
2757,KB4,ARQ,Size_Medium,100,0.01,1,13,4,0.1148,0.653595,6968.64
2758,KB4,ARQ,Size_Medium,100,0.01,1,13,9,0.1369,0.505051,5843.68
2759,KB4,ARQ,Size_Medium,100,0.01,1,13,14,0.1548,0.411523,5167.96
2760,KB4,ARQ,Size_Medium,100,0.01,1,13,10,0.1428,0.483092,5602.24
2761,KB4,ARQ,Size_Medium,100,0.01,1,13,14,0.1605,0.411523,4984.42
2762,KB4,ARQ,Size_Medium,100,0.01,1,13,14,0.1604,0.411523,4987.53
2763,KB4,ARQ,Size_Medium,100,0.01,1,13,5,0.117,0.617284,6837.61
2764,KB4,ARQ,Size_Medium,100,0.01,1,13,13,0.154,0.42735,5194.81
2765,KB4,ARQ,Size_Medium,100,0.01,1,13,21,0.1879,0.326797,4257.58
2766,KB4,ARQ,Size_Medium,100,0.01,1,13,9,0.1354,0.505051,5908.42
2767,KB4,ARQ,Size_Medium,100,0.01,1,13,14,0.163,0.411523,4907.98
2768,KB4,ARQ,Size_Medium,100,0.01,1,13,7,0.1289,0.555556,6206.36
2769,KB4,ARQ,Size_Medium,100,0.01,1,13,16,0.1647,0.383142,4857.32
2770,KB4,ARQ,Size_Medium,100,0.01,1,13,16,0.1685,0.383142,4747.77
2771,KB4,ARQ,Size_Medium,100,0.01,1,13,9,0.136,0.505051,5882.35
2772,KB4,ARQ,Size_Medium,100,0.01,1,13,8,0.1291,0.529101,6196.75
2773,KB4,ARQ,Size_Medium,100,0.01,1,13,11,0.1473,0.462963,5431.09
2774,KB4,ARQ,Size_Medium,100,0.01,1,13,15,0.1632,0.396825,4901.96
2775,KB4,ARQ,Size_Medium,100,0.01,1,13,2,0.1085,0.740741,7373.27
2776,KB4,ARQ,Size_Medium,100,0.01,1,13,21,0.1879,0.326797,4257.58
2777,KB4,ARQ,Size_Medium,100,0.01,1,13,9,0.1358,0.505051,5891.02
2778,KB4,ARQ,Size_Medium,100,0.01,1,13,13,0.1546,0.42735,5174.64
2779,KB4,ARQ,Size_Medium,100,0.01,1,13,9,0.1366,0.505051,5856.52
2780,KB4,ARQ,Size_Medium,100,0.01,1,13,23,0.2011,0.308642,3978.12
2781,KB4,ARQ,Size_Medium,100,0.01,1,13,16,0.1671,0.383142,4787.55
2782,KB4,ARQ,Size_Medium,100,0.01,1,13,10,0.1447,0.483092,5528.68
2783,KB4,ARQ,Size_Medium,100,0.01,1,13,11,0.1849,0.462963,4326.66
2784,KB4,ARQ,Size_Medium,100,0.01,1,13,8,0.1331,0.529101,6010.52
2785,KB4,ARQ,Size_Medium,100,0.01,1,13,13,0.1534,0.42735,5215.12
2786,KB4,ARQ,Size_Medium,100,0.01,1,13,19,0.1833,0.347222,4364.43
2787,KB4,ARQ,Size_Medium,100,0.01,1,13,15,0.1645,0.396825,4863.22
2788,KB4,ARQ,Size_Medium,100,0.01,1,13,6,0.1259,0.584795,6354.25
2789,KB4,ARQ,Size_Medium,100,0.01,1,13,21,0.1884,0.326797,4246.28
2790,KB4,ARQ,Size_Medium,100,0.01,1,13,17,0.1722,0.37037,4645.76
2791,KB4,ARQ,Size_Medium,100,0.01,1,13,16,0.167,0.383142,4790.42
2792,KB4,ARQ,Size_Medium,100,0.01,1,13,19,0.1825,0.347222,4383.56
2793,KB4,ARQ,Size_Medium,100,0.01,1,13,30,0.2288,0.258398,3496.5
2794,KB4,ARQ,Size_Medium,100,0.01,1,13,15,0.1638,0.396825,4884
2795,KB4,ARQ,Size_Medium,100,0.01,1,13,10,0.1439,0.483092,5559.42
2796,KB4,ARQ,Size_Medium,100,0.01,1,13,12,0.1472,0.444444,5434.78
2797,KB4,ARQ,Size_Medium,100,0.01,1,13,9,0.1363,0.505051,5869.41
2798,KB4,ARQ,Size_Medium,100,0.01,1,13,10,0.1425,0.483092,5614.04
2799,KB4,ARQ,Size_Medium,100,0.01,1,13,7,0.1299,0.555556,6158.58
2800,KB4,ARQ,Size_Medium,100,0.01,1,13,14,0.1594,0.411523,5018.82
2801,KB4,ARQ,Size_Medium,100,0.01,1,13,12,0.1471,0.444444,5438.48
2802,KB4,ARQ,Size_Medium,100,0.01,1,13,19,0.1835,0.347222,4359.67
2803,KB4,ARQ,Size_Medium,100,0.01,1,13,14,0.1697,0.411523,4714.2
2804,KB4,ARQ,Size_Medium,100,0.01,1,13,13,0.1531,0.42735,5225.34
2805,KB4,ARQ,Size_Medium,100,0.01,1,13,4,0.1148,0.653595,6968.64
2806,KB4,ARQ,Size_Medium,100,0.01,1,13,14,0.1609,0.411523,4972.03
2807,KB4,ARQ,Size_Medium,100,0.01,1,13,12,0.1471,0.444444,5438.48
2808,KB4,ARQ,Size_Medium,100,0.01,1,13,18,0.1805,0.358423,4432.13
2809,KB4,ARQ,Size_Medium,100,0.01,1,13,15,0.1638,0.396825,4884
2810,KB4,ARQ,Size_Medium,100,0.01,1,13,11,0.1456,0.462963,5494.51
2811,KB4,ARQ,Size_Medium,100,0.01,1,13,14,0.162,0.411523,4938.27
2812,KB4,ARQ,Size_Medium,100,0.01,1,13,9,0.136,0.505051,5882.35
2813,KB4,ARQ,Size_Medium,100,0.01,1,13,12,0.152,0.444444,5263.16
2814,KB4,ARQ,Size_Medium,100,0.01,1,13,6,0.1252,0.584795,6389.78
2815,KB4,ARQ,Size_Medium,100,0.01,1,13,24,0.2048,0.3003,3906.25
2816,KB4,ARQ,Size_Medium,100,0.01,1,13,9,0.1358,0.505051,5891.02
2817,KB4,ARQ,Size_Medium,100,0.01,1,13,11,0.1479,0.462963,5409.06
2818,KB4,ARQ,Size_Medium,100,0.01,1,13,18,0.1787,0.358423,4476.78
2819,KB4,ARQ,Size_Medium,100,0.01,1,13,9,0.1357,0.505051,5895.36
2820,KB4,ARQ,Size_Medium,100,0.01,1,13,8,0.1328,0.529101,6024.1
2821,KB4,ARQ,Size_Medium,100,0.01,1,13,6,0.1254,0.584795,6379.59
2822,KB4,ARQ,Size_Medium,100,0.01,1,13,12,0.1495,0.444444,5351.17
2823,KB4,ARQ,Size_Medium,100,0.01,1,13,24,0.2014,0.3003,3972.19
2824,KB4,ARQ,Size_Medium,100,0.01,1,13,21,0.1943,0.326797,4117.34
2825,KB4,ARQ,Size_Medium,100,0.01,1,13,19,0.1835,0.347222,4359.67
2826,KB4,ARQ,Size_Medium,100,0.01,1,13,10,0.1434,0.483092,5578.8
2827,KB4,ARQ,Size_Medium,100,0.01,1,13,24,0.2031,0.3003,3938.95
2828,KB4,ARQ,Size_Medium,100,0.01,1,13,13,0.156,0.42735,5128.21
2829,KB4,ARQ,Size_Medium,100,0.01,1,13,23,0.1929,0.308642,4147.23
2830,KB4,ARQ,Size_Medium,100,0.01,1,13,17,0.1693,0.37037,4725.34
2831,KB4,ARQ,Size_Medium,100,0.01,1,13,15,0.1641,0.396825,4875.08
2832,KB4,ARQ,Size_Medium,100,0.01,1,13,9,0.1353,0.505051,5912.79
2833,KB4,ARQ,Size_Medium,100,0.01,1,13,13,0.2043,0.42735,3915.81
2834,KB4,ARQ,Size_Medium,100,0.01,1,13,12,0.1516,0.444444,5277.04
2835,KB4,ARQ,Size_Medium,100,0.01,1,13,9,0.1368,0.505051,5847.95
2836,KB4,ARQ,Size_Medium,100,0.01,1,13,12,0.1511,0.444444,5294.51
2837,KB4,ARQ,Size_Medium,100,0.01,1,13,12,0.1452,0.444444,5509.64
2838,KB4,ARQ,Size_Medium,100,0.01,1,13,22,0.1914,0.31746,4179.73
2839,KB4,ARQ,Size_Medium,100,0.01,1,13,6,0.125,0.584795,6400
2840,KB4,ARQ,Size_Medium,100,0.01,1,13,15,0.1633,0.396825,4898.96
2841,KB4,ARQ,Size_Medium,100,0.01,1,13,7,0.1294,0.555556,6182.38
2842,KB4,ARQ,Size_Medium,100,0.01,1,13,16,0.1676,0.383142,4773.27
2843,KB4,ARQ,Size_Medium,100,0.01,1,13,17,0.1673,0.37037,4781.83
2844,KB4,ARQ,Size_Medium,100,0.01,1,13,13,0.1546,0.42735,5174.64
2845,KB4,ARQ,Size_Medium,100,0.01,1,13,19,0.1827,0.347222,4378.76
2846,KB4,ARQ,Size_Medium,100,0.01,1,13,18,0.1781,0.358423,4491.86
2847,KB4,ARQ,Size_Medium,100,0.01,1,13,15,0.1656,0.396825,4830.92
2848,KB4,ARQ,Size_Medium,100,0.01,1,13,13,0.1578,0.42735,5069.71
2849,KB4,ARQ,Size_Medium,100,0.01,1,13,13,0.1528,0.42735,5235.6
2850,KB4,ARQ,Size_Medium,100,0.01,1,13,17,0.1728,0.37037,4629.63
2851,KB4,ARQ,Size_Medium,100,0.01,1,13,8,0.1335,0.529101,5992.51
2852,KB4,ARQ,Size_Medium,100,0.01,1,13,18,0.1791,0.358423,4466.78
2853,KB4,ARQ,Size_Medium,100,0.01,1,13,16,0.1678,0.383142,4767.58
2854,KB4,ARQ,Size_Medium,100,0.01,1,13,8,0.1307,0.529101,6120.89
2855,KB4,ARQ,Size_Medium,100,0.01,1,13,27,0.2184,0.277778,3663
2856,KB4,ARQ,Size_Medium,100,0.01,1,13,7,0.1285,0.555556,6225.68
2857,KB4,ARQ,Size_Medium,100,0.01,1,13,11,0.1466,0.462963,5457.03
2858,KB4,ARQ,Size_Medium,100,0.01,1,13,6,0.1269,0.584795,6304.18
2859,KB4,ARQ,Size_Medium,100,0.01,1,13,15,0.1642,0.396825,4872.11
2860,KB4,ARQ,Size_Medium,100,0.01,1,13,8,0.1305,0.529101,6130.27
2861,KB4,ARQ,Size_Medium,100,0.01,1,13,12,0.1502,0.444444,5326.23
2862,KB4,ARQ,Size_Medium,100,0.01,1,13,19,0.1816,0.347222,4405.29
2863,KB4,ARQ,Size_Medium,100,0.01,1,13,12,0.149,0.444444,5369.13
2864,KB4,ARQ,Size_Medium,100,0.01,1,13,13,0.1563,0.42735,5118.36
2865,KB4,ARQ,Size_Medium,100,0.01,1,13,10,0.1451,0.483092,5513.44
2866,KB4,ARQ,Size_Medium,100,0.01,1,13,14,0.1622,0.411523,4932.18
2867,KB4,ARQ,Size_Medium,100,0.01,1,13,8,0.1322,0.529101,6051.44
2868,KB4,ARQ,Size_Medium,100,0.01,1,13,23,0.199,0.308642,4020.1
2869,KB4,ARQ,Size_Medium,100,0.01,1,13,13,0.1562,0.42735,5121.64
2870,KB4,ARQ,Size_Medium,100,0.01,1,13,11,0.1464,0.462963,5464.48
2871,KB4,ARQ,Size_Medium,100,0.01,1,13,18,0.1721,0.358423,4648.46
2872,KB4,ARQ,Size_Medium,100,0.01,1,13,25,0.2043,0.292398,3915.81
2873,KB4,ARQ,Size_Medium,100,0.01,1,13,9,0.1348,0.505051,5934.72
2874,KB4,ARQ,Size_Medium,100,0.01,1,13,12,0.1805,0.444444,4432.13
2875,KB4,ARQ,Size_Medium,100,0.01,1,13,7,0.1304,0.555556,6134.97
2876,KB4,ARQ,Size_Medium,100,0.01,1,13,22,0.1889,0.31746,4235.04
2877,KB4,ARQ,Size_Medium,100,0.01,1,13,11,0.1454,0.462963,5502.06
2878,KB4,ARQ,Size_Medium,100,0.01,1,13,6,0.1257,0.584795,6364.36
2879,KB4,ARQ,Size_Medium,100,0.01,1,13,13,0.1553,0.42735,5151.32
2880,KB4,ARQ,Size_Medium,100,0.01,1,13,8,0.1287,0.529101,6216.01
2881,KB4,ARQ,Size_Medium,100,0.01,1,13,8,0.1326,0.529101,6033.18
2882,KB4,ARQ,Size_Medium,100,0.01,1,13,14,0.1633,0.411523,4898.96
2883,KB4,ARQ,Size_Medium,100,0.01,1,13,9,0.1346,0.505051,5943.54
2884,KB4,ARQ,Size_Medium,100,0.01,1,13,23,0.2316,0.308642,3454.23
2885,KB4,ARQ,Size_Medium,100,0.01,1,13,18,0.177,0.358423,4519.77
2886,KB4,ARQ,Size_Medium,100,0.01,1,13,10,0.1368,0.483092,5847.95
2887,KB4,ARQ,Size_Medium,100,0.01,1,13,13,0.1529,0.42735,5232.18
2888,KB4,ARQ,Size_Medium,100,0.01,1,13,14,0.1594,0.411523,5018.82
2889,KB4,ARQ,Size_Medium,100,0.01,1,13,10,0.1354,0.483092,5908.42
2890,KB4,ARQ,Size_Medium,100,0.01,1,13,19,0.1829,0.347222,4373.97
2891,KB4,ARQ,Size_Medium,100,0.01,1,13,8,0.1331,0.529101,6010.52
2892,KB4,ARQ,Size_Medium,100,0.01,1,13,18,0.1772,0.358423,4514.67
2893,KB4,ARQ,Size_Medium,100,0.01,1,13,16,0.1689,0.383142,4736.53
2894,KB4,ARQ,Size_Medium,100,0.01,1,13,13,0.1528,0.42735,5235.6
2895,KB4,ARQ,Size_Medium,100,0.01,1,13,15,0.1643,0.396825,4869.14
2896,KB4,ARQ,Size_Medium,100,0.01,1,13,16,0.1671,0.383142,4787.55
2897,KB4,ARQ,Size_Medium,100,0.01,1,13,6,0.1264,0.584795,6329.11
2898,KB4,ARQ,Size_Medium,100,0.01,1,13,23,0.2016,0.308642,3968.25
2899,KB4,ARQ,Size_Medium,100,0.01,1,13,11,0.1464,0.462963,5464.48
2900,KB4,ARQ,Size_Medium,100,0.01,1,13,24,0.203,0.3003,3940.89
2901,KB4,ARQ,Size_Medium,100,0.01,1,13,23,0.1995,0.308642,4010.03
2902,KB4,ARQ,Size_Medium,100,0.01,1,13,22,0.1928,0.31746,4149.38
2903,KB4,ARQ,Size_Medium,100,0.01,1,13,12,0.1501,0.444444,5329.78
2904,KB4,ARQ,Size_Medium,100,0.01,1,13,14,0.1656,0.411523,4830.92
2905,KB4,ARQ,Size_Medium,100,0.01,1,13,33,0.2425,0.241546,3298.97
2906,KB4,ARQ,Size_Medium,100,0.01,1,13,17,0.1713,0.37037,4670.17
2907,KB4,ARQ,Size_Medium,100,0.01,1,13,14,0.1557,0.411523,5138.09
2908,KB4,ARQ,Size_Medium,100,0.01,1,13,13,0.1524,0.42735,5249.34
2909,KB4,ARQ,Size_Medium,100,0.01,1,13,8,0.1337,0.529101,5983.55
2910,KB4,ARQ,Size_Medium,100,0.01,1,13,5,0.1163,0.617284,6878.76
2911,KB4,ARQ,Size_Medium,100,0.01,1,13,12,0.1484,0.444444,5390.84
2912,KB4,ARQ,Size_Medium,100,0.01,1,13,23,0.2005,0.308642,3990.02
2913,KB4,ARQ,Size_Medium,100,0.01,1,13,14,0.1624,0.411523,4926.11
2914,KB4,ARQ,Size_Medium,100,0.01,1,13,6,0.196,0.584795,4081.63
2915,KB4,ARQ,Size_Medium,100,0.01,1,13,10,0.1421,0.483092,5629.84
2916,KB4,ARQ,Size_Medium,100,0.01,1,13,7,0.1285,0.555556,6225.68
2917,KB4,ARQ,Size_Medium,100,0.01,1,13,24,0.2012,0.3003,3976.14
2918,KB4,ARQ,Size_Medium,100,0.01,1,13,25,0.2102,0.292398,3805.9
2919,KB4,ARQ,Size_Medium,100,0.01,1,13,7,0.1293,0.555556,6187.16
2920,KB4,ARQ,Size_Medium,100,0.01,1,13,6,0.1229,0.584795,6509.36
2921,KB4,ARQ,Size_Medium,100,0.01,1,13,10,0.1434,0.483092,5578.8
2922,KB4,ARQ,Size_Medium,100,0.01,1,13,14,0.1603,0.411523,4990.64
2923,KB4,ARQ,Size_Medium,100,0.01,1,13,11,0.1443,0.462963,5544.01
2924,KB4,ARQ,Size_Medium,100,0.01,1,13,16,0.2001,0.383142,3998
2925,KB4,ARQ,Size_Medium,100,0.01,1,13,6,0.127,0.584795,6299.21
2926,KB4,ARQ,Size_Medium,100,0.01,1,13,11,0.1469,0.462963,5445.88
2927,KB4,ARQ,Size_Medium,100,0.01,1,13,10,0.1417,0.483092,5645.73
2928,KB4,ARQ,Size_Medium,100,0.01,1,13,10,0.1432,0.483092,5586.59
2929,KB4,ARQ,Size_Medium,100,0.01,1,13,11,0.1483,0.462963,5394.47
2930,KB4,ARQ,Size_Medium,100,0.01,1,13,9,0.1357,0.505051,5895.36
2931,KB4,ARQ,Size_Medium,100,0.01,1,13,14,0.1635,0.411523,4892.97
2932,KB4,ARQ,Size_Medium,100,0.01,1,13,8,0.1315,0.529101,6083.65
2933,KB4,ARQ,Size_Medium,100,0.01,1,13,15,0.1626,0.396825,4920.05
2934,KB4,ARQ,Size_Medium,100,0.01,1,13,9,0.1362,0.505051,5873.72
2935,KB4,ARQ,Size_Medium,100,0.01,1,13,12,0.1871,0.444444,4275.79
2936,KB4,ARQ,Size_Medium,100,0.01,1,13,14,0.159,0.411523,5031.45
2937,KB4,ARQ,Size_Medium,100,0.01,1,13,26,0.2063,0.2849,3877.85
2938,KB4,ARQ,Size_Medium,100,0.01,1,13,12,0.1502,0.444444,5326.23
2939,KB4,ARQ,Size_Medium,100,0.01,1,13,6,0.1264,0.584795,6329.11
2940,KB4,ARQ,Size_Medium,100,0.01,1,13,9,0.1355,0.505051,5904.06
2941,KB4,ARQ,Size_Medium,100,0.01,1,13,12,0.1479,0.444444,5409.06
2942,KB4,ARQ,Size_Medium,100,0.01,1,13,12,0.147,0.444444,5442.18
2943,KB4,ARQ,Size_Medium,100,0.01,1,13,9,0.1356,0.505051,5899.71
2944,KB4,ARQ,Size_Medium,100,0.01,1,13,12,0.149,0.444444,5369.13
2945,KB4,ARQ,Size_Medium,100,0.01,1,13,4,0.1148,0.653595,6968.64
2946,KB4,ARQ,Size_Medium,100,0.01,1,13,4,0.113,0.653595,7079.65
2947,KB4,ARQ,Size_Medium,100,0.01,1,13,7,0.1288,0.555556,6211.18
2948,KB4,ARQ,Size_Medium,100,0.01,1,13,8,0.1324,0.529101,6042.3
2949,KB4,ARQ,Size_Medium,100,0.01,1,13,15,0.1629,0.396825,4910.99
2950,KB4,ARQ,Size_Medium,100,0.01,1,13,11,0.1445,0.462963,5536.33
2951,KB4,ARQ,Size_Medium,100,0.01,1,13,22,0.1961,0.31746,4079.55
2952,KB4,ARQ,Size_Medium,100,0.01,1,13,13,0.1521,0.42735,5259.7
2953,KB4,ARQ,Size_Medium,100,0.01,1,13,7,0.1297,0.555556,6168.08
2954,KB4,ARQ,Size_Medium,100,0.01,1,13,11,0.1464,0.462963,5464.48
2955,KB4,ARQ,Size_Medium,100,0.01,1,13,6,0.1254,0.584795,6379.59
2956,KB4,ARQ,Size_Medium,100,0.01,1,13,8,0.1337,0.529101,5983.55
2957,KB4,ARQ,Size_Medium,100,0.01,1,13,14,0.1617,0.411523,4947.43
2958,KB4,ARQ,Size_Medium,100,0.01,1,13,16,0.1702,0.383142,4700.35
2959,KB4,ARQ,Size_Medium,100,0.01,1,13,15,0.1643,0.396825,4869.14
2960,KB4,ARQ,Size_Medium,100,0.01,1,13,8,0.1307,0.529101,6120.89
2961,KB4,ARQ,Size_Medium,100,0.01,1,13,20,0.1867,0.3367,4284.95
2962,KB4,ARQ,Size_Medium,100,0.01,1,13,18,0.179,0.358423,4469.27
2963,KB4,ARQ,Size_Medium,100,0.01,1,13,11,0.1478,0.462963,5412.72
2964,KB4,ARQ,Size_Medium,100,0.01,1,13,11,0.1438,0.462963,5563.28
2965,KB4,ARQ,Size_Medium,100,0.01,1,13,10,0.1441,0.483092,5551.7
2966,KB4,ARQ,Size_Medium,100,0.01,1,13,15,0.1653,0.396825,4839.69
2967,KB4,ARQ,Size_Medium,100,0.01,1,13,14,0.1599,0.411523,5003.13
2968,KB4,ARQ,Size_Medium,100,0.01,1,13,19,0.1836,0.347222,4357.3
2969,KB4,ARQ,Size_Medium,100,0.01,1,13,8,0.1307,0.529101,6120.89
2970,KB4,ARQ,Size_Medium,100,0.01,1,13,11,0.1492,0.462963,5361.93
2971,KB4,ARQ,Size_Medium,100,0.01,1,13,19,0.1841,0.347222,4345.46
2972,KB4,ARQ,Size_Medium,100,0.01,1,13,15,0.1647,0.396825,4857.32
2973,KB4,ARQ,Size_Medium,100,0.01,1,13,3,0.1107,0.694444,7226.74
2974,KB4,ARQ,Size_Medium,100,0.01,1,13,8,0.1309,0.529101,6111.54
2975,KB4,ARQ,Size_Medium,100,0.01,1,13,18,0.1792,0.358423,4464.29
2976,KB4,ARQ,Size_Medium,100,0.01,1,13,11,0.1459,0.462963,5483.21
2977,KB4,ARQ,Size_Medium,100,0.01,1,13,13,0.186,0.42735,4301.08
2978,KB4,ARQ,Size_Medium,100,0.01,1,13,12,0.149,0.444444,5369.13
2979,KB4,ARQ,Size_Medium,100,0.01,1,13,14,0.1627,0.411523,4917.03
2980,KB4,ARQ,Size_Medium,100,0.01,1,13,7,0.1307,0.555556,6120.89
2981,KB4,ARQ,Size_Medium,100,0.01,1,13,7,0.1307,0.555556,6120.89
2982,KB4,ARQ,Size_Medium,100,0.01,1,13,14,0.16,0.411523,5000
2983,KB4,ARQ,Size_Medium,100,0.01,1,13,12,0.1507,0.444444,5308.56
2984,KB4,ARQ,Size_Medium,100,0.01,1,13,20,0.1854,0.3367,4314.99
2985,KB4,ARQ,Size_Medium,100,0.01,1,13,5,0.1223,0.617284,6541.29
2986,KB4,ARQ,Size_Medium,100,0.01,1,13,25,0.2052,0.292398,3898.64
2987,KB4,ARQ,Size_Medium,100,0.01,1,13,11,0.1783,0.462963,4486.82
2988,KB4,ARQ,Size_Medium,100,0.01,1,13,6,0.1258,0.584795,6359.3
2989,KB4,ARQ,Size_Medium,100,0.01,1,13,8,0.1326,0.529101,6033.18
2990,KB4,ARQ,Size_Medium,100,0.01,1,13,10,0.1429,0.483092,5598.32
2991,KB4,ARQ,Size_Medium,100,0.01,1,13,16,0.166,0.383142,4819.28
2992,KB4,ARQ,Size_Medium,100,0.01,1,13,5,0.1222,0.617284,6546.64
2993,KB4,ARQ,Size_Medium,100,0.01,1,13,14,0.1614,0.411523,4956.63
2994,KB4,ARQ,Size_Medium,100,0.01,1,13,10,0.1406,0.483092,5689.9
2995,KB4,ARQ,Size_Medium,100,0.01,1,13,9,0.1361,0.505051,5878.03
2996,KB4,ARQ,Size_Medium,100,0.01,1,13,9,0.1341,0.505051,5965.7
2997,KB4,ARQ,Size_Medium,100,0.01,1,13,5,0.121,0.617284,6611.57
2998,KB4,ARQ,Size_Medium,100,0.01,1,13,19,0.2588,0.347222,3091.19
2999,KB4,ARQ,Size_Medium,100,0.01,1,13,19,0.1821,0.347222,4393.19
3000,KB4,ARQ,Size_Medium,100,0.01,1,13,8,0.1293,0.529101,6187.16
3001,KB4,HARQ,Size_Medium,100,0.01,1,13,0,0.9019,0.854701,887.016
3002,KB4,HARQ,Size_Medium,100,0.01,1,13,0,0.9024,0.854701,886.525
3003,KB4,HARQ,Size_Medium,100,0.01,1,13,0,0.9139,0.854701,875.369
3004,KB4,HARQ,Size_Medium,100,0.01,1,13,0,0.8989,0.854701,889.977
3005,KB4,HARQ,Size_Medium,100,0.01,1,13,0,0.9034,0.854701,885.544
3006,KB4,HARQ,Size_Medium,100,0.01,1,13,0,0.9345,0.854701,856.073
3007,KB4,HARQ,Size_Medium,100,0.01,1,13,0,0.9024,0.854701,886.525
3008,KB4,HARQ,Size_Medium,100,0.01,1,13,2,1.0569,0.740741,756.931
3009,KB4,HARQ,Size_Medium,100,0.01,1,13,0,0.9082,0.854701,880.863
3010,KB4,HARQ,Size_Medium,100,0.01,1,13,0,0.9081,0.854701,880.96
3011,KB4,HARQ,Size_Medium,100,0.01,1,13,0,0.8937,0.854701,895.155
3012,KB4,HARQ,Size_Medium,100,0.01,1,13,1,0.9647,0.793651,829.273
3013,KB4,HARQ,Size_Medium,100,0.01,1,13,0,0.9004,0.854701,888.494
3014,KB4,HARQ,Size_Medium,100,0.01,1,13,1,0.9665,0.793651,827.729
3015,KB4,HARQ,Size_Medium,100,0.01,1,13,0,0.8944,0.854701,894.454
3016,KB4,HARQ,Size_Medium,100,0.01,1,13,0,0.896,0.854701,892.857
3017,KB4,HARQ,Size_Medium,100,0.01,1,13,0,0.9291,0.854701,861.048
3018,KB4,HARQ,Size_Medium,100,0.01,1,13,0,0.898,0.854701,890.869
3019,KB4,HARQ,Size_Medium,100,0.01,1,13,0,0.9396,0.854701,851.426
3020,KB4,HARQ,Size_Medium,100,0.01,1,13,0,0.9044,0.854701,884.564
3021,KB4,HARQ,Size_Medium,100,0.01,1,13,2,1.0329,0.740741,774.518
3022,KB4,HARQ,Size_Medium,100,0.01,1,13,0,0.9056,0.854701,883.392
3023,KB4,HARQ,Size_Medium,100,0.01,1,13,0,0.8958,0.854701,893.056
3024,KB4,HARQ,Size_Medium,100,0.01,1,13,0,0.924,0.854701,865.801
3025,KB4,HARQ,Size_Medium,100,0.01,1,13,0,0.9056,0.854701,883.392
3026,KB4,HARQ,Size_Medium,100,0.01,1,13,0,0.901,0.854701,887.902
3027,KB4,HARQ,Size_Medium,100,0.01,1,13,0,0.9232,0.854701,866.551
3028,KB4,HARQ,Size_Medium,100,0.01,1,13,0,0.9059,0.854701,883.1
3029,KB4,HARQ,Size_Medium,100,0.01,1,13,0,0.9399,0.854701,851.154
3030,KB4,HARQ,Size_Medium,100,0.01,1,13,0,0.9078,0.854701,881.251
3031,KB4,HARQ,Size_Medium,100,0.01,1,13,0,0.9,0.854701,888.889
3032,KB4,HARQ,Size_Medium,100,0.01,1,13,0,0.8997,0.854701,889.185
3033,KB4,HARQ,Size_Medium,100,0.01,1,13,0,1.0407,0.854701,768.713
3034,KB4,HARQ,Size_Medium,100,0.01,1,13,0,0.8977,0.854701,891.166
3035,KB4,HARQ,Size_Medium,100,0.01,1,13,0,0.894,0.854701,894.855
3036,KB4,HARQ,Size_Medium,100,0.01,1,13,0,0.8976,0.854701,891.266
3037,KB4,HARQ,Size_Medium,100,0.01,1,13,0,0.9402,0.854701,850.883
3038,KB4,HARQ,Size_Medium,100,0.01,1,13,0,0.8985,0.854701,890.373
3039,KB4,HARQ,Size_Medium,100,0.01,1,13,0,0.9222,0.854701,867.491
3040,KB4,HARQ,Size_Medium,100,0.01,1,13,0,0.9039,0.854701,885.054
3041,KB4,HARQ,Size_Medium,100,0.01,1,13,0,0.9003,0.854701,888.593
3042,KB4,HARQ,Size_Medium,100,0.01,1,13,0,0.9009,0.854701,888.001
3043,KB4,HARQ,Size_Medium,100,0.01,1,13,1,0.9615,0.793651,832.033
3044,KB4,HARQ,Size_Medium,100,0.01,1,13,0,0.8987,0.854701,890.175
3045,KB4,HARQ,Size_Medium,100,0.01,1,13,1,0.9646,0.793651,829.359
3046,KB4,HARQ,Size_Medium,100,0.01,1,13,0,0.8976,0.854701,891.266
3047,KB4,HARQ,Size_Medium,100,0.01,1,13,0,0.9006,0.854701,888.297
3048,KB4,HARQ,Size_Medium,100,0.01,1,13,0,0.9325,0.854701,857.909
3049,KB4,HARQ,Size_Medium,100,0.01,1,13,0,0.9192,0.854701,870.322
3050,KB4,HARQ,Size_Medium,100,0.01,1,13,0,1.1996,0.854701,666.889
3051,KB4,HARQ,Size_Medium,100,0.01,1,13,0,0.9167,0.854701,872.696
3052,KB4,HARQ,Size_Medium,100,0.01,1,13,0,0.9948,0.854701,804.182
3053,KB4,HARQ,Size_Medium,100,0.01,1,13,0,1.1347,0.854701,705.032
3054,KB4,HARQ,Size_Medium,100,0.01,1,13,2,1.2133,0.740741,659.359
3055,KB4,HARQ,Size_Medium,100,0.01,1,13,1,0.9626,0.793651,831.082
3056,KB4,HARQ,Size_Medium,100,0.01,1,13,0,0.9076,0.854701,881.446
3057,KB4,HARQ,Size_Medium,100,0.01,1,13,0,1.0215,0.854701,783.162
3058,KB4,HARQ,Size_Medium,100,0.01,1,13,1,1.5055,0.793651,531.385
3059,KB4,HARQ,Size_Medium,100,0.01,1,13,0,1.0191,0.854701,785.006
3060,KB4,HARQ,Size_Medium,100,0.01,1,13,0,0.9418,0.854701,849.437
3061,KB4,HARQ,Size_Medium,100,0.01,1,13,0,0.9023,0.854701,886.623
3062,KB4,HARQ,Size_Medium,100,0.01,1,13,1,0.974,0.793651,821.355
3063,KB4,HARQ,Size_Medium,100,0.01,1,13,0,0.9535,0.854701,839.014
3064,KB4,HARQ,Size_Medium,100,0.01,1,13,0,0.95,0.854701,842.105
3065,KB4,HARQ,Size_Medium,100,0.01,1,13,0,0.9061,0.854701,882.905
3066,KB4,HARQ,Size_Medium,100,0.01,1,13,0,0.9334,0.854701,857.082
3067,KB4,HARQ,Size_Medium,100,0.01,1,13,0,0.9157,0.854701,873.649
3068,KB4,HARQ,Size_Medium,100,0.01,1,13,0,0.9375,0.854701,853.333
3069,KB4,HARQ,Size_Medium,100,0.01,1,13,0,0.8988,0.854701,890.076
3070,KB4,HARQ,Size_Medium,100,0.01,1,13,0,0.8979,0.854701,890.968
3071,KB4,HARQ,Size_Medium,100,0.01,1,13,2,1.0382,0.740741,770.564
3072,KB4,HARQ,Size_Medium,100,0.01,1,13,0,0.8974,0.854701,891.464
3073,KB4,HARQ,Size_Medium,100,0.01,1,13,0,0.899,0.854701,889.878
3074,KB4,HARQ,Size_Medium,100,0.01,1,13,0,1.269,0.854701,630.418
3075,KB4,HARQ,Size_Medium,100,0.01,1,13,0,1.0362,0.854701,772.052
3076,KB4,HARQ,Size_Medium,100,0.01,1,13,0,0.9374,0.854701,853.424
3077,KB4,HARQ,Size_Medium,100,0.01,1,13,1,0.9695,0.793651,825.168
3078,KB4,HARQ,Size_Medium,100,0.01,1,13,0,0.9411,0.854701,850.069
3079,KB4,HARQ,Size_Medium,100,0.01,1,13,1,1.0449,0.793651,765.624
3080,KB4,HARQ,Size_Medium,100,0.01,1,13,0,0.8982,0.854701,890.67
3081,KB4,HARQ,Size_Medium,100,0.01,1,13,0,0.9022,0.854701,886.721
3082,KB4,HARQ,Size_Medium,100,0.01,1,13,0,0.8996,0.854701,889.284
3083,KB4,HARQ,Size_Medium,100,0.01,1,13,0,0.9001,0.854701,888.79
3084,KB4,HARQ,Size_Medium,100,0.01,1,13,0,0.9095,0.854701,879.604
3085,KB4,HARQ,Size_Medium,100,0.01,1,13,0,0.9036,0.854701,885.347
3086,KB4,HARQ,Size_Medium,100,0.01,1,13,0,0.8977,0.854701,891.166
3087,KB4,HARQ,Size_Medium,100,0.01,1,13,0,0.9081,0.854701,880.96
3088,KB4,HARQ,Size_Medium,100,0.01,1,13,0,0.8977,0.854701,891.166
3089,KB4,HARQ,Size_Medium,100,0.01,1,13,0,0.9065,0.854701,882.515
3090,KB4,HARQ,Size_Medium,100,0.01,1,13,0,0.8954,0.854701,893.455
3091,KB4,HARQ,Size_Medium,100,0.01,1,13,0,1.3537,0.854701,590.973
3092,KB4,HARQ,Size_Medium,100,0.01,1,13,0,0.9984,0.854701,801.282
3093,KB4,HARQ,Size_Medium,100,0.01,1,13,0,0.9056,0.854701,883.392
3094,KB4,HARQ,Size_Medium,100,0.01,1,13,1,0.9648,0.793651,829.187
3095,KB4,HARQ,Size_Medium,100,0.01,1,13,0,0.9656,0.854701,828.5
3096,KB4,HARQ,Size_Medium,100,0.01,1,13,0,0.9534,0.854701,839.102
3097,KB4,HARQ,Size_Medium,100,0.01,1,13,0,0.9029,0.854701,886.034
3098,KB4,HARQ,Size_Medium,100,0.01,1,13,0,0.9363,0.854701,854.427
3099,KB4,HARQ,Size_Medium,100,0.01,1,13,1,0.9604,0.793651,832.986
3100,KB4,HARQ,Size_Medium,100,0.01,1,13,0,0.8997,0.854701,889.185
3101,KB4,HARQ,Size_Medium,100,0.01,1,13,0,0.9001,0.854701,888.79
3102,KB4,HARQ,Size_Medium,100,0.01,1,13,0,0.8985,0.854701,890.373
3103,KB4,HARQ,Size_Medium,100,0.01,1,13,1,0.9668,0.793651,827.472
3104,KB4,HARQ,Size_Medium,100,0.01,1,13,0,0.9269,0.854701,863.092
3105,KB4,HARQ,Size_Medium,100,0.01,1,13,0,0.9053,0.854701,883.685
3106,KB4,HARQ,Size_Medium,100,0.01,1,13,0,0.9035,0.854701,885.445
3107,KB4,HARQ,Size_Medium,100,0.01,1,13,0,0.9984,0.854701,801.282
3108,KB4,HARQ,Size_Medium,100,0.01,1,13,0,1.371,0.854701,583.516
3109,KB4,HARQ,Size_Medium,100,0.01,1,13,0,0.9038,0.854701,885.152
3110,KB4,HARQ,Size_Medium,100,0.01,1,13,0,0.8991,0.854701,889.779
3111,KB4,HARQ,Size_Medium,100,0.01,1,13,0,0.9553,0.854701,837.433
3112,KB4,HARQ,Size_Medium,100,0.01,1,13,0,0.8999,0.854701,888.988
3113,KB4,HARQ,Size_Medium,100,0.01,1,13,0,0.9007,0.854701,888.198
3114,KB4,HARQ,Size_Medium,100,0.01,1,13,0,0.8934,0.854701,895.456
3115,KB4,HARQ,Size_Medium,100,0.01,1,13,0,0.9126,0.854701,876.616
3116,KB4,HARQ,Size_Medium,100,0.01,1,13,0,0.9036,0.854701,885.347
3117,KB4,HARQ,Size_Medium,100,0.01,1,13,0,0.9416,0.854701,849.618
3118,KB4,HARQ,Size_Medium,100,0.01,1,13,0,0.9017,0.854701,887.213
3119,KB4,HARQ,Size_Medium,100,0.01,1,13,0,0.9221,0.854701,867.585
3120,KB4,HARQ,Size_Medium,100,0.01,1,13,0,0.9064,0.854701,882.613
3121,KB4,HARQ,Size_Medium,100,0.01,1,13,0,0.9036,0.854701,885.347
3122,KB4,HARQ,Size_Medium,100,0.01,1,13,0,0.9007,0.854701,888.198
3123,KB4,HARQ,Size_Medium,100,0.01,1,13,0,0.8959,0.854701,892.957
3124,KB4,HARQ,Size_Medium,100,0.01,1,13,0,0.9658,0.854701,828.329
3125,KB4,HARQ,Size_Medium,100,0.01,1,13,0,1.2185,0.854701,656.545
3126,KB4,HARQ,Size_Medium,100,0.01,1,13,0,0.9149,0.854701,874.413
3127,KB4,HARQ,Size_Medium,100,0.01,1,13,1,1.0325,0.793651,774.818
3128,KB4,HARQ,Size_Medium,100,0.01,1,13,1,0.967,0.793651,827.301
3129,KB4,HARQ,Size_Medium,100,0.01,1,13,1,1.0052,0.793651,795.862
3130,KB4,HARQ,Size_Medium,100,0.01,1,13,0,0.8994,0.854701,889.482
3131,KB4,HARQ,Size_Medium,100,0.01,1,13,0,0.8936,0.854701,895.255
3132,KB4,HARQ,Size_Medium,100,0.01,1,13,0,0.916,0.854701,873.362
3133,KB4,HARQ,Size_Medium,100,0.01,1,13,0,0.903,0.854701,885.936
3134,KB4,HARQ,Size_Medium,100,0.01,1,13,1,0.9654,0.793651,828.672
3135,KB4,HARQ,Size_Medium,100,0.01,1,13,0,0.8966,0.854701,892.26
3136,KB4,HARQ,Size_Medium,100,0.01,1,13,0,0.9001,0.854701,888.79
3137,KB4,HARQ,Size_Medium,100,0.01,1,13,0,0.9387,0.854701,852.242
3138,KB4,HARQ,Size_Medium,100,0.01,1,13,0,0.9001,0.854701,888.79
3139,KB4,HARQ,Size_Medium,100,0.01,1,13,0,0.933,0.854701,857.449
3140,KB4,HARQ,Size_Medium,100,0.01,1,13,0,0.8986,0.854701,890.274
3141,KB4,HARQ,Size_Medium,100,0.01,1,13,0,1.0442,0.854701,766.137
3142,KB4,HARQ,Size_Medium,100,0.01,1,13,0,1.2103,0.854701,660.993
3143,KB4,HARQ,Size_Medium,100,0.01,1,13,0,0.9643,0.854701,829.617
3144,KB4,HARQ,Size_Medium,100,0.01,1,13,0,0.9001,0.854701,888.79
3145,KB4,HARQ,Size_Medium,100,0.01,1,13,0,0.9025,0.854701,886.427
3146,KB4,HARQ,Size_Medium,100,0.01,1,13,0,0.9008,0.854701,888.099
3147,KB4,HARQ,Size_Medium,100,0.01,1,13,0,0.9239,0.854701,865.895
3148,KB4,HARQ,Size_Medium,100,0.01,1,13,0,0.9044,0.854701,884.564
3149,KB4,HARQ,Size_Medium,100,0.01,1,13,0,0.9329,0.854701,857.541
3150,KB4,HARQ,Size_Medium,100,0.01,1,13,0,0.9371,0.854701,853.698
3151,KB4,HARQ,Size_Medium,100,0.01,1,13,0,0.9331,0.854701,857.357
3152,KB4,HARQ,Size_Medium,100,0.01,1,13,0,0.9604,0.854701,832.986
3153,KB4,HARQ,Size_Medium,100,0.01,1,13,0,0.9437,0.854701,847.727
3154,KB4,HARQ,Size_Medium,100,0.01,1,13,0,0.9411,0.854701,850.069
3155,KB4,HARQ,Size_Medium,100,0.01,1,13,0,0.9382,0.854701,852.697
3156,KB4,HARQ,Size_Medium,100,0.01,1,13,0,0.9476,0.854701,844.238
3157,KB4,HARQ,Size_Medium,100,0.01,1,13,0,0.9466,0.854701,845.13
3158,KB4,HARQ,Size_Medium,100,0.01,1,13,0,1.0581,0.854701,756.072
3159,KB4,HARQ,Size_Medium,100,0.01,1,13,0,0.9842,0.854701,812.843
3160,KB4,HARQ,Size_Medium,100,0.01,1,13,0,0.9491,0.854701,842.904
3161,KB4,HARQ,Size_Medium,100,0.01,1,13,0,0.9429,0.854701,848.446
3162,KB4,HARQ,Size_Medium,100,0.01,1,13,1,1.0082,0.793651,793.493
3163,KB4,HARQ,Size_Medium,100,0.01,1,13,0,0.9384,0.854701,852.515
3164,KB4,HARQ,Size_Medium,100,0.01,1,13,0,0.9444,0.854701,847.099
3165,KB4,HARQ,Size_Medium,100,0.01,1,13,1,1.021,0.793651,783.546
3166,KB4,HARQ,Size_Medium,100,0.01,1,13,0,0.9395,0.854701,851.517
3167,KB4,HARQ,Size_Medium,100,0.01,1,13,0,0.9449,0.854701,846.65
3168,KB4,HARQ,Size_Medium,100,0.01,1,13,1,1.01,0.793651,792.079
3169,KB4,HARQ,Size_Medium,100,0.01,1,13,1,1.0363,0.793651,771.977
3170,KB4,HARQ,Size_Medium,100,0.01,1,13,0,0.9413,0.854701,849.888
3171,KB4,HARQ,Size_Medium,100,0.01,1,13,0,0.9441,0.854701,847.368
3172,KB4,HARQ,Size_Medium,100,0.01,1,13,0,0.9464,0.854701,845.309
3173,KB4,HARQ,Size_Medium,100,0.01,1,13,1,1.0128,0.793651,789.889
3174,KB4,HARQ,Size_Medium,100,0.01,1,13,0,0.9489,0.854701,843.081
3175,KB4,HARQ,Size_Medium,100,0.01,1,13,0,1.1851,0.854701,675.049
3176,KB4,HARQ,Size_Medium,100,0.01,1,13,0,0.9458,0.854701,845.845
3177,KB4,HARQ,Size_Medium,100,0.01,1,13,1,1.024,0.793651,781.25
3178,KB4,HARQ,Size_Medium,100,0.01,1,13,0,0.9467,0.854701,845.041
3179,KB4,HARQ,Size_Medium,100,0.01,1,13,0,0.9421,0.854701,849.167
3180,KB4,HARQ,Size_Medium,100,0.01,1,13,0,0.9379,0.854701,852.969
3181,KB4,HARQ,Size_Medium,100,0.01,1,13,1,1.0229,0.793651,782.09
3182,KB4,HARQ,Size_Medium,100,0.01,1,13,0,0.9427,0.854701,848.626
3183,KB4,HARQ,Size_Medium,100,0.01,1,13,0,0.9365,0.854701,854.245
3184,KB4,HARQ,Size_Medium,100,0.01,1,13,0,0.9462,0.854701,845.487
3185,KB4,HARQ,Size_Medium,100,0.01,1,13,0,0.9465,0.854701,845.219
3186,KB4,HARQ,Size_Medium,100,0.01,1,13,0,0.9607,0.854701,832.726
3187,KB4,HARQ,Size_Medium,100,0.01,1,13,0,0.9347,0.854701,855.89
3188,KB4,HARQ,Size_Medium,100,0.01,1,13,2,1.0807,0.740741,740.261
3189,KB4,HARQ,Size_Medium,100,0.01,1,13,1,0.9856,0.793651,811.688
3190,KB4,HARQ,Size_Medium,100,0.01,1,13,0,0.9544,0.854701,838.223
3191,KB4,HARQ,Size_Medium,100,0.01,1,13,0,1.0162,0.854701,787.247
3192,KB4,HARQ,Size_Medium,100,0.01,1,13,0,0.9496,0.854701,842.46
3193,KB4,HARQ,Size_Medium,100,0.01,1,13,1,1.0173,0.793651,786.395
3194,KB4,HARQ,Size_Medium,100,0.01,1,13,0,0.9376,0.854701,853.242
3195,KB4,HARQ,Size_Medium,100,0.01,1,13,1,1.018,0.793651,785.855
3196,KB4,HARQ,Size_Medium,100,0.01,1,13,0,0.9474,0.854701,844.416
3197,KB4,HARQ,Size_Medium,100,0.01,1,13,0,0.9444,0.854701,847.099
3198,KB4,HARQ,Size_Medium,100,0.01,1,13,0,0.9599,0.854701,833.42
3199,KB4,HARQ,Size_Medium,100,0.01,1,13,0,0.9414,0.854701,849.798
3200,KB4,HARQ,Size_Medium,100,0.01,1,13,1,1.017,0.793651,786.627
3201,KB4,HARQ,Size_Medium,100,0.01,1,13,0,0.949,0.854701,842.993
3202,KB4,HARQ,Size_Medium,100,0.01,1,13,0,0.9479,0.854701,843.971
3203,KB4,HARQ,Size_Medium,100,0.01,1,13,0,0.932,0.854701,858.369
3204,KB4,HARQ,Size_Medium,100,0.01,1,13,0,0.9505,0.854701,841.662
3205,KB4,HARQ,Size_Medium,100,0.01,1,13,0,0.9443,0.854701,847.188
3206,KB4,HARQ,Size_Medium,100,0.01,1,13,0,0.955,0.854701,837.696
3207,KB4,HARQ,Size_Medium,100,0.01,1,13,0,0.9602,0.854701,833.16
3208,KB4,HARQ,Size_Medium,100,0.01,1,13,0,1.135,0.854701,704.846
3209,KB4,HARQ,Size_Medium,100,0.01,1,13,1,1.0303,0.793651,776.473
3210,KB4,HARQ,Size_Medium,100,0.01,1,13,0,0.9504,0.854701,841.751
3211,KB4,HARQ,Size_Medium,100,0.01,1,13,0,0.9433,0.854701,848.087
3212,KB4,HARQ,Size_Medium,100,0.01,1,13,0,0.9385,0.854701,852.424
3213,KB4,HARQ,Size_Medium,100,0.01,1,13,0,0.9426,0.854701,848.716
3214,KB4,HARQ,Size_Medium,100,0.01,1,13,0,0.9386,0.854701,852.333
3215,KB4,HARQ,Size_Medium,100,0.01,1,13,0,0.9524,0.854701,839.983
3216,KB4,HARQ,Size_Medium,100,0.01,1,13,0,0.959,0.854701,834.202
3217,KB4,HARQ,Size_Medium,100,0.01,1,13,0,0.9499,0.854701,842.194
3218,KB4,HARQ,Size_Medium,100,0.01,1,13,1,1.0173,0.793651,786.395
3219,KB4,HARQ,Size_Medium,100,0.01,1,13,0,0.9434,0.854701,847.997
3220,KB4,HARQ,Size_Medium,100,0.01,1,13,0,0.9394,0.854701,851.607
3221,KB4,HARQ,Size_Medium,100,0.01,1,13,0,0.9428,0.854701,848.536
3222,KB4,HARQ,Size_Medium,100,0.01,1,13,0,0.9406,0.854701,850.521
3223,KB4,HARQ,Size_Medium,100,0.01,1,13,0,0.9409,0.854701,850.25
3224,KB4,HARQ,Size_Medium,100,0.01,1,13,0,1.0856,0.854701,736.92
3225,KB4,HARQ,Size_Medium,100,0.01,1,13,0,0.9968,0.854701,802.568
3226,KB4,HARQ,Size_Medium,100,0.01,1,13,0,0.944,0.854701,847.458
3227,KB4,HARQ,Size_Medium,100,0.01,1,13,0,0.9409,0.854701,850.25
3228,KB4,HARQ,Size_Medium,100,0.01,1,13,0,0.9483,0.854701,843.615
3229,KB4,HARQ,Size_Medium,100,0.01,1,13,0,0.9574,0.854701,835.596
3230,KB4,HARQ,Size_Medium,100,0.01,1,13,0,0.9461,0.854701,845.577
3231,KB4,HARQ,Size_Medium,100,0.01,1,13,0,0.9315,0.854701,858.83
3232,KB4,HARQ,Size_Medium,100,0.01,1,13,0,0.9382,0.854701,852.697
3233,KB4,HARQ,Size_Medium,100,0.01,1,13,0,0.9464,0.854701,845.309
3234,KB4,HARQ,Size_Medium,100,0.01,1,13,0,0.9468,0.854701,844.951
3235,KB4,HARQ,Size_Medium,100,0.01,1,13,0,0.9319,0.854701,858.461
3236,KB4,HARQ,Size_Medium,100,0.01,1,13,0,0.957,0.854701,835.946
3237,KB4,HARQ,Size_Medium,100,0.01,1,13,0,0.9456,0.854701,846.024
3238,KB4,HARQ,Size_Medium,100,0.01,1,13,0,0.9479,0.854701,843.971
3239,KB4,HARQ,Size_Medium,100,0.01,1,13,0,0.9429,0.854701,848.446
3240,KB4,HARQ,Size_Medium,100,0.01,1,13,0,0.9453,0.854701,846.292
3241,KB4,HARQ,Size_Medium,100,0.01,1,13,0,1.112,0.854701,719.424
3242,KB4,HARQ,Size_Medium,100,0.01,1,13,0,0.9663,0.854701,827.9
3243,KB4,HARQ,Size_Medium,100,0.01,1,13,0,0.9375,0.854701,853.333
3244,KB4,HARQ,Size_Medium,100,0.01,1,13,0,0.95,0.854701,842.105
3245,KB4,HARQ,Size_Medium,100,0.01,1,13,0,0.95,0.854701,842.105
3246,KB4,HARQ,Size_Medium,100,0.01,1,13,1,1.0156,0.793651,787.712
3247,KB4,HARQ,Size_Medium,100,0.01,1,13,0,0.9353,0.854701,855.341
3248,KB4,HARQ,Size_Medium,100,0.01,1,13,0,0.947,0.854701,844.773
3249,KB4,HARQ,Size_Medium,100,0.01,1,13,0,0.9413,0.854701,849.888
3250,KB4,HARQ,Size_Medium,100,0.01,1,13,0,0.9472,0.854701,844.595
3251,KB4,HARQ,Size_Medium,100,0.01,1,13,1,1.0108,0.793651,791.452
3252,KB4,HARQ,Size_Medium,100,0.01,1,13,0,0.9484,0.854701,843.526
3253,KB4,HARQ,Size_Medium,100,0.01,1,13,0,0.9557,0.854701,837.083
3254,KB4,HARQ,Size_Medium,100,0.01,1,13,0,0.9579,0.854701,835.16
3255,KB4,HARQ,Size_Medium,100,0.01,1,13,0,0.9445,0.854701,847.009
3256,KB4,HARQ,Size_Medium,100,0.01,1,13,0,0.9469,0.854701,844.862
3257,KB4,HARQ,Size_Medium,100,0.01,1,13,0,0.9607,0.854701,832.726
3258,KB4,HARQ,Size_Medium,100,0.01,1,13,0,1.0557,0.854701,757.791
3259,KB4,HARQ,Size_Medium,100,0.01,1,13,0,0.9469,0.854701,844.862
3260,KB4,HARQ,Size_Medium,100,0.01,1,13,0,0.9524,0.854701,839.983
3261,KB4,HARQ,Size_Medium,100,0.01,1,13,0,0.9524,0.854701,839.983
3262,KB4,HARQ,Size_Medium,100,0.01,1,13,0,0.946,0.854701,845.666
3263,KB4,HARQ,Size_Medium,100,0.01,1,13,0,0.9435,0.854701,847.907
3264,KB4,HARQ,Size_Medium,100,0.01,1,13,0,0.9468,0.854701,844.951
3265,KB4,HARQ,Size_Medium,100,0.01,1,13,1,1.0046,0.793651,796.337
3266,KB4,HARQ,Size_Medium,100,0.01,1,13,0,0.9507,0.854701,841.485
3267,KB4,HARQ,Size_Medium,100,0.01,1,13,1,1.0051,0.793651,795.941
3268,KB4,HARQ,Size_Medium,100,0.01,1,13,0,0.9418,0.854701,849.437
3269,KB4,HARQ,Size_Medium,100,0.01,1,13,1,1.0261,0.793651,779.651
3270,KB4,HARQ,Size_Medium,100,0.01,1,13,0,0.9391,0.854701,851.879
3271,KB4,HARQ,Size_Medium,100,0.01,1,13,0,0.933,0.854701,857.449
3272,KB4,HARQ,Size_Medium,100,0.01,1,13,1,1.0175,0.793651,786.241
3273,KB4,HARQ,Size_Medium,100,0.01,1,13,0,0.9401,0.854701,850.973
3274,KB4,HARQ,Size_Medium,100,0.01,1,13,1,1.1855,0.793651,674.821
3275,KB4,HARQ,Size_Medium,100,0.01,1,13,0,0.9658,0.854701,828.329
3276,KB4,HARQ,Size_Medium,100,0.01,1,13,0,0.956,0.854701,836.82
3277,KB4,HARQ,Size_Medium,100,0.01,1,13,0,0.9515,0.854701,840.778
3278,KB4,HARQ,Size_Medium,100,0.01,1,13,0,0.9472,0.854701,844.595
3279,KB4,HARQ,Size_Medium,100,0.01,1,13,0,0.9344,0.854701,856.164
3280,KB4,HARQ,Size_Medium,100,0.01,1,13,0,0.9397,0.854701,851.336
3281,KB4,HARQ,Size_Medium,100,0.01,1,13,1,1.0134,0.793651,789.422
3282,KB4,HARQ,Size_Medium,100,0.01,1,13,0,0.9495,0.854701,842.549
3283,KB4,HARQ,Size_Medium,100,0.01,1,13,0,0.9331,0.854701,857.357
3284,KB4,HARQ,Size_Medium,100,0.01,1,13,0,0.958,0.854701,835.073
3285,KB4,HARQ,Size_Medium,100,0.01,1,13,0,0.9436,0.854701,847.817
3286,KB4,HARQ,Size_Medium,100,0.01,1,13,0,0.9377,0.854701,853.151
3287,KB4,HARQ,Size_Medium,100,0.01,1,13,0,0.9489,0.854701,843.081
3288,KB4,HARQ,Size_Medium,100,0.01,1,13,0,0.9516,0.854701,840.689
3289,KB4,HARQ,Size_Medium,100,0.01,1,13,0,0.953,0.854701,839.454
3290,KB4,HARQ,Size_Medium,100,0.01,1,13,0,0.9575,0.854701,835.509
3291,KB4,HARQ,Size_Medium,100,0.01,1,13,0,1.0851,0.854701,737.259
3292,KB4,HARQ,Size_Medium,100,0.01,1,13,0,0.9967,0.854701,802.649
3293,KB4,HARQ,Size_Medium,100,0.01,1,13,1,1.0113,0.793651,791.061
3294,KB4,HARQ,Size_Medium,100,0.01,1,13,0,0.9385,0.854701,852.424
3295,KB4,HARQ,Size_Medium,100,0.01,1,13,0,0.943,0.854701,848.356
3296,KB4,HARQ,Size_Medium,100,0.01,1,13,0,0.9576,0.854701,835.422
3297,KB4,HARQ,Size_Medium,100,0.01,1,13,0,0.959,0.854701,834.202
3298,KB4,HARQ,Size_Medium,100,0.01,1,13,0,0.9488,0.854701,843.17
3299,KB4,HARQ,Size_Medium,100,0.01,1,13,0,0.9404,0.854701,850.702
3300,KB4,HARQ,Size_Medium,100,0.01,1,13,0,0.9432,0.854701,848.176
3301,KB4,HARQ,Size_Medium,100,0.01,1,13,0,0.9386,0.854701,852.333
3302,KB4,HARQ,Size_Medium,100,0.01,1,13,0,0.9377,0.854701,853.151
3303,KB4,HARQ,Size_Medium,100,0.01,1,13,0,0.9575,0.854701,835.509
3304,KB4,HARQ,Size_Medium,100,0.01,1,13,1,1.0083,0.793651,793.415
3305,KB4,HARQ,Size_Medium,100,0.01,1,13,0,0.9455,0.854701,846.113
3306,KB4,HARQ,Size_Medium,100,0.01,1,13,0,0.9398,0.854701,851.245
3307,KB4,HARQ,Size_Medium,100,0.01,1,13,0,0.9648,0.854701,829.187
3308,KB4,HARQ,Size_Medium,100,0.01,1,13,0,0.9823,0.854701,814.415
3309,KB4,HARQ,Size_Medium,100,0.01,1,13,1,1.015,0.793651,788.177
3310,KB4,HARQ,Size_Medium,100,0.01,1,13,0,0.9428,0.854701,848.536
3311,KB4,HARQ,Size_Medium,100,0.01,1,13,1,1.0265,0.793651,779.347
3312,KB4,HARQ,Size_Medium,100,0.01,1,13,0,0.9467,0.854701,845.041
3313,KB4,HARQ,Size_Medium,100,0.01,1,13,0,0.941,0.854701,850.159
3314,KB4,HARQ,Size_Medium,100,0.01,1,13,0,0.9412,0.854701,849.979
3315,KB4,HARQ,Size_Medium,100,0.01,1,13,0,0.9431,0.854701,848.266
3316,KB4,HARQ,Size_Medium,100,0.01,1,13,0,0.9744,0.854701,821.018
3317,KB4,HARQ,Size_Medium,100,0.01,1,13,0,0.951,0.854701,841.22
3318,KB4,HARQ,Size_Medium,100,0.01,1,13,0,0.9491,0.854701,842.904
3319,KB4,HARQ,Size_Medium,100,0.01,1,13,0,0.9346,0.854701,855.981
3320,KB4,HARQ,Size_Medium,100,0.01,1,13,0,0.9342,0.854701,856.348
3321,KB4,HARQ,Size_Medium,100,0.01,1,13,0,0.9603,0.854701,833.073
3322,KB4,HARQ,Size_Medium,100,0.01,1,13,1,1.0145,0.793651,788.566
3323,KB4,HARQ,Size_Medium,100,0.01,1,13,0,0.9444,0.854701,847.099
3324,KB4,HARQ,Size_Medium,100,0.01,1,13,0,1.0589,0.854701,755.501
3325,KB4,HARQ,Size_Medium,100,0.01,1,13,0,0.95,0.854701,842.105
3326,KB4,HARQ,Size_Medium,100,0.01,1,13,0,0.9417,0.854701,849.527
3327,KB4,HARQ,Size_Medium,100,0.01,1,13,0,0.9386,0.854701,852.333
3328,KB4,HARQ,Size_Medium,100,0.01,1,13,0,0.9636,0.854701,830.22
3329,KB4,HARQ,Size_Medium,100,0.01,1,13,0,0.9498,0.854701,842.283
3330,KB4,HARQ,Size_Medium,100,0.01,1,13,0,0.9513,0.854701,840.954
3331,KB4,HARQ,Size_Medium,100,0.01,1,13,0,0.9353,0.854701,855.341
3332,KB4,HARQ,Size_Medium,100,0.01,1,13,0,1.0189,0.854701,785.16
3333,KB4,HARQ,Size_Medium,100,0.01,1,13,0,0.998,0.854701,801.603
3334,KB4,HARQ,Size_Medium,100,0.01,1,13,0,0.95,0.854701,842.105
3335,KB4,HARQ,Size_Medium,100,0.01,1,13,1,1.0517,0.793651,760.673
3336,KB4,HARQ,Size_Medium,100,0.01,1,13,0,0.9632,0.854701,830.565
3337,KB4,HARQ,Size_Medium,100,0.01,1,13,0,0.9448,0.854701,846.74
3338,KB4,HARQ,Size_Medium,100,0.01,1,13,0,0.9419,0.854701,849.347
3339,KB4,HARQ,Size_Medium,100,0.01,1,13,0,0.9373,0.854701,853.515
3340,KB4,HARQ,Size_Medium,100,0.01,1,13,0,0.9769,0.854701,818.917
3341,KB4,HARQ,Size_Medium,100,0.01,1,13,0,1.1488,0.854701,696.379
3342,KB4,HARQ,Size_Medium,100,0.01,1,13,0,0.9395,0.854701,851.517
3343,KB4,HARQ,Size_Medium,100,0.01,1,13,0,0.9415,0.854701,849.708
3344,KB4,HARQ,Size_Medium,100,0.01,1,13,0,0.9407,0.854701,850.431
3345,KB4,HARQ,Size_Medium,100,0.01,1,13,1,1.0108,0.793651,791.452
3346,KB4,HARQ,Size_Medium,100,0.01,1,13,0,0.9384,0.854701,852.515
3347,KB4,HARQ,Size_Medium,100,0.01,1,13,0,0.9441,0.854701,847.368
3348,KB4,HARQ,Size_Medium,100,0.01,1,13,0,0.9865,0.854701,810.948
3349,KB4,HARQ,Size_Medium,100,0.01,1,13,0,0.9445,0.854701,847.009
3350,KB4,HARQ,Size_Medium,100,0.01,1,13,0,0.9366,0.854701,854.153
3351,KB4,HARQ,Size_Medium,100,0.01,1,13,0,0.9406,0.854701,850.521
3352,KB4,HARQ,Size_Medium,100,0.01,1,13,0,0.9418,0.854701,849.437
3353,KB4,HARQ,Size_Medium,100,0.01,1,13,0,0.9411,0.854701,850.069
3354,KB4,HARQ,Size_Medium,100,0.01,1,13,0,0.9431,0.854701,848.266
3355,KB4,HARQ,Size_Medium,100,0.01,1,13,0,0.9421,0.854701,849.167
3356,KB4,HARQ,Size_Medium,100,0.01,1,13,0,0.9403,0.854701,850.792
3357,KB4,HARQ,Size_Medium,100,0.01,1,13,0,1.1061,0.854701,723.262
3358,KB4,HARQ,Size_Medium,100,0.01,1,13,0,0.9627,0.854701,830.996
3359,KB4,HARQ,Size_Medium,100,0.01,1,13,0,0.944,0.854701,847.458
3360,KB4,HARQ,Size_Medium,100,0.01,1,13,0,0.935,0.854701,855.615
3361,KB4,HARQ,Size_Medium,100,0.01,1,13,1,1.0356,0.793651,772.499
3362,KB4,HARQ,Size_Medium,100,0.01,1,13,0,0.9524,0.854701,839.983
3363,KB4,HARQ,Size_Medium,100,0.01,1,13,0,0.9658,0.854701,828.329
3364,KB4,HARQ,Size_Medium,100,0.01,1,13,0,0.9466,0.854701,845.13
3365,KB4,HARQ,Size_Medium,100,0.01,1,13,0,0.9418,0.854701,849.437
3366,KB4,HARQ,Size_Medium,100,0.01,1,13,0,0.948,0.854701,843.882
3367,KB4,HARQ,Size_Medium,100,0.01,1,13,2,1.0681,0.740741,748.994
3368,KB4,HARQ,Size_Medium,100,0.01,1,13,0,0.9487,0.854701,843.259
3369,KB4,HARQ,Size_Medium,100,0.01,1,13,0,0.9503,0.854701,841.839
3370,KB4,HARQ,Size_Medium,100,0.01,1,13,0,0.9477,0.854701,844.149
3371,KB4,HARQ,Size_Medium,100,0.01,1,13,0,0.9325,0.854701,857.909
3372,KB4,HARQ,Size_Medium,100,0.01,1,13,0,0.9538,0.854701,838.75
3373,KB4,HARQ,Size_Medium,100,0.01,1,13,0,0.9742,0.854701,821.187
3374,KB4,HARQ,Size_Medium,100,0.01,1,13,0,1.0451,0.854701,765.477
3375,KB4,HARQ,Size_Medium,100,0.01,1,13,0,0.9445,0.854701,847.009
3376,KB4,HARQ,Size_Medium,100,0.01,1,13,0,0.9377,0.854701,853.151
3377,KB4,HARQ,Size_Medium,100,0.01,1,13,0,0.9607,0.854701,832.726
3378,KB4,HARQ,Size_Medium,100,0.01,1,13,0,0.947,0.854701,844.773
3379,KB4,HARQ,Size_Medium,100,0.01,1,13,0,0.9451,0.854701,846.471
3380,KB4,HARQ,Size_Medium,100,0.01,1,13,0,0.9395,0.854701,851.517
3381,KB4,HARQ,Size_Medium,100,0.01,1,13,1,1.0112,0.793651,791.139
3382,KB4,HARQ,Size_Medium,100,0.01,1,13,0,0.9471,0.854701,844.684
3383,KB4,HARQ,Size_Medium,100,0.01,1,13,0,0.9414,0.854701,849.798
3384,KB4,HARQ,Size_Medium,100,0.01,1,13,0,0.948,0.854701,843.882
3385,KB4,HARQ,Size_Medium,100,0.01,1,13,1,1.0102,0.793651,791.922
3386,KB4,HARQ,Size_Medium,100,0.01,1,13,0,0.9456,0.854701,846.024
3387,KB4,HARQ,Size_Medium,100,0.01,1,13,0,0.9383,0.854701,852.606
3388,KB4,HARQ,Size_Medium,100,0.01,1,13,0,0.954,0.854701,838.574
3389,KB4,HARQ,Size_Medium,100,0.01,1,13,0,0.9487,0.854701,843.259
3390,KB4,HARQ,Size_Medium,100,0.01,1,13,0,1.0146,0.854701,788.488
3391,KB4,HARQ,Size_Medium,100,0.01,1,13,0,0.986,0.854701,811.359
3392,KB4,HARQ,Size_Medium,100,0.01,1,13,0,0.9412,0.854701,849.979
3393,KB4,HARQ,Size_Medium,100,0.01,1,13,0,0.9474,0.854701,844.416
3394,KB4,HARQ,Size_Medium,100,0.01,1,13,0,0.9459,0.854701,845.755
3395,KB4,HARQ,Size_Medium,100,0.01,1,13,0,0.9369,0.854701,853.88
3396,KB4,HARQ,Size_Medium,100,0.01,1,13,0,0.9592,0.854701,834.028
3397,KB4,HARQ,Size_Medium,100,0.01,1,13,0,0.9463,0.854701,845.398
3398,KB4,HARQ,Size_Medium,100,0.01,1,13,1,1.0088,0.793651,793.021
3399,KB4,HARQ,Size_Medium,100,0.01,1,13,1,1.0087,0.793651,793.1
3400,KB4,HARQ,Size_Medium,100,0.01,1,13,0,0.9464,0.854701,845.309
3401,KB4,HARQ,Size_Medium,100,0.01,1,13,1,1.0197,0.793651,784.544
3402,KB4,HARQ,Size_Medium,100,0.01,1,13,0,0.9465,0.854701,845.219
3403,KB4,HARQ,Size_Medium,100,0.01,1,13,0,0.9345,0.854701,856.073
3404,KB4,HARQ,Size_Medium,100,0.01,1,13,0,0.9608,0.854701,832.639
3405,KB4,HARQ,Size_Medium,100,0.01,1,13,0,0.9444,0.854701,847.099
3406,KB4,HARQ,Size_Medium,100,0.01,1,13,0,0.9515,0.854701,840.778
3407,KB4,HARQ,Size_Medium,100,0.01,1,13,0,1.0736,0.854701,745.156
3408,KB4,HARQ,Size_Medium,100,0.01,1,13,0,0.9582,0.854701,834.899
3409,KB4,HARQ,Size_Medium,100,0.01,1,13,0,0.951,0.854701,841.22
3410,KB4,HARQ,Size_Medium,100,0.01,1,13,1,1.0163,0.793651,787.169
3411,KB4,HARQ,Size_Medium,100,0.01,1,13,0,0.9531,0.854701,839.366
3412,KB4,HARQ,Size_Medium,100,0.01,1,13,0,0.9617,0.854701,831.86
3413,KB4,HARQ,Size_Medium,100,0.01,1,13,1,1.0182,0.793651,785.7
3414,KB4,HARQ,Size_Medium,100,0.01,1,13,0,0.9484,0.854701,843.526
3415,KB4,HARQ,Size_Medium,100,0.01,1,13,0,0.9372,0.854701,853.606
3416,KB4,HARQ,Size_Medium,100,0.01,1,13,0,0.9472,0.854701,844.595
3417,KB4,HARQ,Size_Medium,100,0.01,1,13,0,0.9387,0.854701,852.242
3418,KB4,HARQ,Size_Medium,100,0.01,1,13,0,0.9458,0.854701,845.845
3419,KB4,HARQ,Size_Medium,100,0.01,1,13,0,0.933,0.854701,857.449
3420,KB4,HARQ,Size_Medium,100,0.01,1,13,0,0.9413,0.854701,849.888
3421,KB4,HARQ,Size_Medium,100,0.01,1,13,0,0.9402,0.854701,850.883
3422,KB4,HARQ,Size_Medium,100,0.01,1,13,0,0.9464,0.854701,845.309
3423,KB4,HARQ,Size_Medium,100,0.01,1,13,0,0.9673,0.854701,827.044
3424,KB4,HARQ,Size_Medium,100,0.01,1,13,0,1.1287,0.854701,708.78
3425,KB4,HARQ,Size_Medium,100,0.01,1,13,0,0.9592,0.854701,834.028
3426,KB4,HARQ,Size_Medium,100,0.01,1,13,0,0.951,0.854701,841.22
3427,KB4,HARQ,Size_Medium,100,0.01,1,13,0,0.9487,0.854701,843.259
3428,KB4,HARQ,Size_Medium,100,0.01,1,13,0,0.9392,0.854701,851.789
3429,KB4,HARQ,Size_Medium,100,0.01,1,13,0,0.9428,0.854701,848.536
3430,KB4,HARQ,Size_Medium,100,0.01,1,13,0,0.9445,0.854701,847.009
3431,KB4,HARQ,Size_Medium,100,0.01,1,13,0,0.9615,0.854701,832.033
3432,KB4,HARQ,Size_Medium,100,0.01,1,13,0,0.9432,0.854701,848.176
3433,KB4,HARQ,Size_Medium,100,0.01,1,13,0,0.9519,0.854701,840.424
3434,KB4,HARQ,Size_Medium,100,0.01,1,13,0,0.949,0.854701,842.993
3435,KB4,HARQ,Size_Medium,100,0.01,1,13,0,0.9345,0.854701,856.073
3436,KB4,HARQ,Size_Medium,100,0.01,1,13,0,0.9567,0.854701,836.208
3437,KB4,HARQ,Size_Medium,100,0.01,1,13,1,1.0233,0.793651,781.784
3438,KB4,HARQ,Size_Medium,100,0.01,1,13,0,0.9411,0.854701,850.069
3439,KB4,HARQ,Size_Medium,100,0.01,1,13,0,0.9371,0.854701,853.698
3440,KB4,HARQ,Size_Medium,100,0.01,1,13,0,1.0408,0.854701,768.64
3441,KB4,HARQ,Size_Medium,100,0.01,1,13,0,0.9669,0.854701,827.386
3442,KB4,HARQ,Size_Medium,100,0.01,1,13,1,1.0085,0.793651,793.257
3443,KB4,HARQ,Size_Medium,100,0.01,1,13,0,0.9454,0.854701,846.203
3444,KB4,HARQ,Size_Medium,100,0.01,1,13,0,0.9553,0.854701,837.433
3445,KB4,HARQ,Size_Medium,100,0.01,1,13,0,0.9523,0.854701,840.071
3446,KB4,HARQ,Size_Medium,100,0.01,1,13,0,0.9474,0.854701,844.416
3447,KB4,HARQ,Size_Medium,100,0.01,1,13,0,0.945,0.854701,846.561
3448,KB4,HARQ,Size_Medium,100,0.01,1,13,0,0.9498,0.854701,842.283
3449,KB4,HARQ,Size_Medium,100,0.01,1,13,0,0.9424,0.854701,848.896
3450,KB4,HARQ,Size_Medium,100,0.01,1,13,0,0.9373,0.854701,853.515
3451,KB4,HARQ,Size_Medium,100,0.01,1,13,0,0.9555,0.854701,837.258
3452,KB4,HARQ,Size_Medium,100,0.01,1,13,0,0.9402,0.854701,850.883
3453,KB4,HARQ,Size_Medium,100,0.01,1,13,0,0.9501,0.854701,842.017
3454,KB4,HARQ,Size_Medium,100,0.01,1,13,0,0.9489,0.854701,843.081
3455,KB4,HARQ,Size_Medium,100,0.01,1,13,0,0.9369,0.854701,853.88
3456,KB4,HARQ,Size_Medium,100,0.01,1,13,0,0.9447,0.854701,846.83
3457,KB4,HARQ,Size_Medium,100,0.01,1,13,0,1.0917,0.854701,732.802
3458,KB4,HARQ,Size_Medium,100,0.01,1,13,0,0.9722,0.854701,822.876
3459,KB4,HARQ,Size_Medium,100,0.01,1,13,0,0.9557,0.854701,837.083
3460,KB4,HARQ,Size_Medium,100,0.01,1,13,0,0.9409,0.854701,850.25
3461,KB4,HARQ,Size_Medium,100,0.01,1,13,0,0.941,0.854701,850.159
3462,KB4,HARQ,Size_Medium,100,0.01,1,13,0,0.9416,0.854701,849.618
3463,KB4,HARQ,Size_Medium,100,0.01,1,13,0,0.9404,0.854701,850.702
3464,KB4,HARQ,Size_Medium,100,0.01,1,13,0,0.9481,0.854701,843.793
3465,KB4,HARQ,Size_Medium,100,0.01,1,13,0,0.9406,0.854701,850.521
3466,KB4,HARQ,Size_Medium,100,0.01,1,13,0,0.9445,0.854701,847.009
3467,KB4,HARQ,Size_Medium,100,0.01,1,13,0,0.9534,0.854701,839.102
3468,KB4,HARQ,Size_Medium,100,0.01,1,13,1,1.0102,0.793651,791.922
3469,KB4,HARQ,Size_Medium,100,0.01,1,13,0,0.9504,0.854701,841.751
3470,KB4,HARQ,Size_Medium,100,0.01,1,13,0,0.9463,0.854701,845.398
3471,KB4,HARQ,Size_Medium,100,0.01,1,13,1,1.0323,0.793651,774.969
3472,KB4,HARQ,Size_Medium,100,0.01,1,13,1,1.0264,0.793651,779.423
3473,KB4,HARQ,Size_Medium,100,0.01,1,13,0,1.0023,0.854701,798.164
3474,KB4,HARQ,Size_Medium,100,0.01,1,13,0,1.0765,0.854701,743.149
3475,KB4,HARQ,Size_Medium,100,0.01,1,13,0,0.9437,0.854701,847.727
3476,KB4,HARQ,Size_Medium,100,0.01,1,13,0,0.938,0.854701,852.878
3477,KB4,HARQ,Size_Medium,100,0.01,1,13,0,0.9422,0.854701,849.077
3478,KB4,HARQ,Size_Medium,100,0.01,1,13,0,0.943,0.854701,848.356
3479,KB4,HARQ,Size_Medium,100,0.01,1,13,0,0.9461,0.854701,845.577
3480,KB4,HARQ,Size_Medium,100,0.01,1,13,0,0.9396,0.854701,851.426
3481,KB4,HARQ,Size_Medium,100,0.01,1,13,0,0.9414,0.854701,849.798
3482,KB4,HARQ,Size_Medium,100,0.01,1,13,0,0.9384,0.854701,852.515
3483,KB4,HARQ,Size_Medium,100,0.01,1,13,0,0.9312,0.854701,859.107
3484,KB4,HARQ,Size_Medium,100,0.01,1,13,0,0.9556,0.854701,837.17
3485,KB4,HARQ,Size_Medium,100,0.01,1,13,2,1.0869,0.740741,736.038
3486,KB4,HARQ,Size_Medium,100,0.01,1,13,0,0.9488,0.854701,843.17
3487,KB4,HARQ,Size_Medium,100,0.01,1,13,0,0.9383,0.854701,852.606
3488,KB4,HARQ,Size_Medium,100,0.01,1,13,0,0.9399,0.854701,851.154
3489,KB4,HARQ,Size_Medium,100,0.01,1,13,0,0.9471,0.854701,844.684
3490,KB4,HARQ,Size_Medium,100,0.01,1,13,0,1.0684,0.854701,748.783
3491,KB4,HARQ,Size_Medium,100,0.01,1,13,0,0.9526,0.854701,839.807
3492,KB4,HARQ,Size_Medium,100,0.01,1,13,0,0.9549,0.854701,837.784
3493,KB4,HARQ,Size_Medium,100,0.01,1,13,0,0.9517,0.854701,840.601
3494,KB4,HARQ,Size_Medium,100,0.01,1,13,0,0.9406,0.854701,850.521
3495,KB4,HARQ,Size_Medium,100,0.01,1,13,0,0.9414,0.854701,849.798
3496,KB4,HARQ,Size_Medium,100,0.01,1,13,0,0.949,0.854701,842.993
3497,KB4,HARQ,Size_Medium,100,0.01,1,13,2,1.0854,0.740741,737.055
3498,KB4,HARQ,Size_Medium,100,0.01,1,13,0,0.9485,0.854701,843.437
3499,KB4,HARQ,Size_Medium,100,0.01,1,13,0,0.9325,0.854701,857.909
3500,KB4,HARQ,Size_Medium,100,0.01,1,13,0,0.9393,0.854701,851.698
3501,KB4,HARQ,Size_Medium,100,0.01,1,13,0,0.9427,0.854701,848.626
3502,KB4,HARQ,Size_Medium,100,0.01,1,13,0,0.941,0.854701,850.159
3503,KB4,HARQ,Size_Medium,100,0.01,1,13,0,0.9502,0.854701,841.928
3504,KB4,HARQ,Size_Medium,100,0.01,1,13,0,0.948,0.854701,843.882
3505,KB4,HARQ,Size_Medium,100,0.01,1,13,0,0.9468,0.854701,844.951
3506,KB4,HARQ,Size_Medium,100,0.01,1,13,0,0.9709,0.854701,823.978
3507,KB4,HARQ,Size_Medium,100,0.01,1,13,0,1.0604,0.854701,754.432
3508,KB4,HARQ,Size_Medium,100,0.01,1,13,0,0.9407,0.854701,850.431
3509,KB4,HARQ,Size_Medium,100,0.01,1,13,0,0.9433,0.854701,848.087
3510,KB4,HARQ,Size_Medium,100,0.01,1,13,0,0.9482,0.854701,843.704
3511,KB4,HARQ,Size_Medium,100,0.01,1,13,0,0.9421,0.854701,849.167
3512,KB4,HARQ,Size_Medium,100,0.01,1,13,0,0.9395,0.854701,851.517
3513,KB4,HARQ,Size_Medium,100,0.01,1,13,0,0.9518,0.854701,840.513
3514,KB4,HARQ,Size_Medium,100,0.01,1,13,1,1.0083,0.793651,793.415
3515,KB4,HARQ,Size_Medium,100,0.01,1,13,0,0.9423,0.854701,848.987
3516,KB4,HARQ,Size_Medium,100,0.01,1,13,0,0.9463,0.854701,845.398
3517,KB4,HARQ,Size_Medium,100,0.01,1,13,0,0.9568,0.854701,836.12
3518,KB4,HARQ,Size_Medium,100,0.01,1,13,0,0.9501,0.854701,842.017
3519,KB4,HARQ,Size_Medium,100,0.01,1,13,0,0.9368,0.854701,853.971
3520,KB4,HARQ,Size_Medium,100,0.01,1,13,1,1.008,0.793651,793.651
3521,KB4,HARQ,Size_Medium,100,0.01,1,13,0,0.9431,0.854701,848.266
3522,KB4,HARQ,Size_Medium,100,0.01,1,13,0,0.9443,0.854701,847.188
3523,KB4,HARQ,Size_Medium,100,0.01,1,13,0,0.9888,0.854701,809.061
3524,KB4,HARQ,Size_Medium,100,0.01,1,13,0,1.0259,0.854701,779.803
3525,KB4,HARQ,Size_Medium,100,0.01,1,13,0,0.9479,0.854701,843.971
3526,KB4,HARQ,Size_Medium,100,0.01,1,13,1,1.0182,0.793651,785.7
3527,KB4,HARQ,Size_Medium,100,0.01,1,13,0,0.9457,0.854701,845.934
3528,KB4,HARQ,Size_Medium,100,0.01,1,13,0,0.9476,0.854701,844.238
3529,KB4,HARQ,Size_Medium,100,0.01,1,13,0,0.9508,0.854701,841.397
3530,KB4,HARQ,Size_Medium,100,0.01,1,13,0,0.9626,0.854701,831.082
3531,KB4,HARQ,Size_Medium,100,0.01,1,13,0,0.944,0.854701,847.458
3532,KB4,HARQ,Size_Medium,100,0.01,1,13,0,0.947,0.854701,844.773
3533,KB4,HARQ,Size_Medium,100,0.01,1,13,0,0.941,0.854701,850.159
3534,KB4,HARQ,Size_Medium,100,0.01,1,13,1,1.0068,0.793651,794.597
3535,KB4,HARQ,Size_Medium,100,0.01,1,13,0,0.9539,0.854701,838.662
3536,KB4,HARQ,Size_Medium,100,0.01,1,13,0,0.9419,0.854701,849.347
3537,KB4,HARQ,Size_Medium,100,0.01,1,13,0,0.9494,0.854701,842.637
3538,KB4,HARQ,Size_Medium,100,0.01,1,13,0,1.018,0.854701,785.855
3539,KB4,HARQ,Size_Medium,100,0.01,1,13,0,1.0078,0.854701,793.808
3540,KB4,HARQ,Size_Medium,100,0.01,1,13,0,1.2077,0.854701,662.416
3541,KB4,HARQ,Size_Medium,100,0.01,1,13,0,0.9799,0.854701,816.41
3542,KB4,HARQ,Size_Medium,100,0.01,1,13,0,0.9793,0.854701,816.91
3543,KB4,HARQ,Size_Medium,100,0.01,1,13,0,0.9742,0.854701,821.187
3544,KB4,HARQ,Size_Medium,100,0.01,1,13,0,0.9439,0.854701,847.547
3545,KB4,HARQ,Size_Medium,100,0.01,1,13,1,1.0787,0.793651,741.633
3546,KB4,HARQ,Size_Medium,100,0.01,1,13,0,0.9432,0.854701,848.176
3547,KB4,HARQ,Size_Medium,100,0.01,1,13,0,0.9369,0.854701,853.88
3548,KB4,HARQ,Size_Medium,100,0.01,1,13,0,0.9397,0.854701,851.336
3549,KB4,HARQ,Size_Medium,100,0.01,1,13,1,1.0102,0.793651,791.922
3550,KB4,HARQ,Size_Medium,100,0.01,1,13,0,0.9469,0.854701,844.862
3551,KB4,HARQ,Size_Medium,100,0.01,1,13,1,1.0055,0.793651,795.624
3552,KB4,HARQ,Size_Medium,100,0.01,1,13,0,0.9388,0.854701,852.152
3553,KB4,HARQ,Size_Medium,100,0.01,1,13,0,0.9403,0.854701,850.792
3554,KB4,HARQ,Size_Medium,100,0.01,1,13,1,1.03,0.793651,776.699
3555,KB4,HARQ,Size_Medium,100,0.01,1,13,1,1.0166,0.793651,786.937
3556,KB4,HARQ,Size_Medium,100,0.01,1,13,1,1.1874,0.793651,673.741
3557,KB4,HARQ,Size_Medium,100,0.01,1,13,0,0.9743,0.854701,821.102
3558,KB4,HARQ,Size_Medium,100,0.01,1,13,0,0.9414,0.854701,849.798
3559,KB4,HARQ,Size_Medium,100,0.01,1,13,0,0.9434,0.854701,847.997
3560,KB4,HARQ,Size_Medium,100,0.01,1,13,1,1.0168,0.793651,786.782
3561,KB4,HARQ,Size_Medium,100,0.01,1,13,0,0.9524,0.854701,839.983
3562,KB4,HARQ,Size_Medium,100,0.01,1,13,0,0.9365,0.854701,854.245
3563,KB4,HARQ,Size_Medium,100,0.01,1,13,0,0.9354,0.854701,855.249
3564,KB4,HARQ,Size_Medium,100,0.01,1,13,0,0.9523,0.854701,840.071
3565,KB4,HARQ,Size_Medium,100,0.01,1,13,0,0.9424,0.854701,848.896
3566,KB4,HARQ,Size_Medium,100,0.01,1,13,0,0.941,0.854701,850.159
3567,KB4,HARQ,Size_Medium,100,0.01,1,13,0,0.9417,0.854701,849.527
3568,KB4,HARQ,Size_Medium,100,0.01,1,13,0,0.9483,0.854701,843.615
3569,KB4,HARQ,Size_Medium,100,0.01,1,13,0,0.9802,0.854701,816.16
3570,KB4,HARQ,Size_Medium,100,0.01,1,13,1,1.0143,0.793651,788.721
3571,KB4,HARQ,Size_Medium,100,0.01,1,13,0,0.9412,0.854701,849.979
3572,KB4,HARQ,Size_Medium,100,0.01,1,13,0,0.973,0.854701,822.199
3573,KB4,HARQ,Size_Medium,100,0.01,1,13,0,1.0911,0.854701,733.205
3574,KB4,HARQ,Size_Medium,100,0.01,1,13,0,0.9474,0.854701,844.416
3575,KB4,HARQ,Size_Medium,100,0.01,1,13,0,0.931,0.854701,859.291
3576,KB4,HARQ,Size_Medium,100,0.01,1,13,1,1.008,0.793651,793.651
3577,KB4,HARQ,Size_Medium,100,0.01,1,13,0,0.9442,0.854701,847.278
3578,KB4,HARQ,Size_Medium,100,0.01,1,13,0,0.9448,0.854701,846.74
3579,KB4,HARQ,Size_Medium,100,0.01,1,13,0,0.9432,0.854701,848.176
3580,KB4,HARQ,Size_Medium,100,0.01,1,13,0,0.9393,0.854701,851.698
3581,KB4,HARQ,Size_Medium,100,0.01,1,13,0,0.9432,0.854701,848.176
3582,KB4,HARQ,Size_Medium,100,0.01,1,13,1,1.0141,0.793651,788.877
3583,KB4,HARQ,Size_Medium,100,0.01,1,13,0,0.9402,0.854701,850.883
3584,KB4,HARQ,Size_Medium,100,0.01,1,13,0,0.9619,0.854701,831.687
3585,KB4,HARQ,Size_Medium,100,0.01,1,13,0,0.9722,0.854701,822.876
3586,KB4,HARQ,Size_Medium,100,0.01,1,13,0,0.9419,0.854701,849.347
3587,KB4,HARQ,Size_Medium,100,0.01,1,13,0,0.9448,0.854701,846.74
3588,KB4,HARQ,Size_Medium,100,0.01,1,13,1,1.0131,0.793651,789.656
3589,KB4,HARQ,Size_Medium,100,0.01,1,13,0,1.0864,0.854701,736.377
3590,KB4,HARQ,Size_Medium,100,0.01,1,13,1,1.0342,0.793651,773.545
3591,KB4,HARQ,Size_Medium,100,0.01,1,13,0,0.9435,0.854701,847.907
3592,KB4,HARQ,Size_Medium,100,0.01,1,13,0,0.9395,0.854701,851.517
3593,KB4,HARQ,Size_Medium,100,0.01,1,13,1,1.0101,0.793651,792.001
3594,KB4,HARQ,Size_Medium,100,0.01,1,13,0,0.95,0.854701,842.105
3595,KB4,HARQ,Size_Medium,100,0.01,1,13,0,0.9446,0.854701,846.919
3596,KB4,HARQ,Size_Medium,100,0.01,1,13,0,0.948,0.854701,843.882
3597,KB4,HARQ,Size_Medium,100,0.01,1,13,0,0.9421,0.854701,849.167
3598,KB4,HARQ,Size_Medium,100,0.01,1,13,0,0.9364,0.854701,854.336
3599,KB4,HARQ,Size_Medium,100,0.01,1,13,0,0.9548,0.854701,837.872
3600,KB4,HARQ,Size_Medium,100,0.01,1,13,0,1.0595,0.854701,755.073
3601,KB4,HARQ,Size_Medium,100,0.01,1,13,0,0.9466,0.854701,845.13
3602,KB4,HARQ,Size_Medium,100,0.01,1,13,0,0.9401,0.854701,850.973
3603,KB4,HARQ,Size_Medium,100,0.01,1,13,1,1.0063,0.793651,794.992
3604,KB4,HARQ,Size_Medium,100,0.01,1,13,0,0.9527,0.854701,839.719
3605,KB4,HARQ,Size_Medium,100,0.01,1,13,0,0.9633,0.854701,830.479
3606,KB4,HARQ,Size_Medium,100,0.01,1,13,0,1.03,0.854701,776.699
3607,KB4,HARQ,Size_Medium,100,0.01,1,13,1,1.0107,0.793651,791.531
3608,KB4,HARQ,Size_Medium,100,0.01,1,13,0,0.9585,0.854701,834.637
3609,KB4,HARQ,Size_Medium,100,0.01,1,13,0,0.9426,0.854701,848.716
3610,KB4,HARQ,Size_Medium,100,0.01,1,13,0,0.94,0.854701,851.064
3611,KB4,HARQ,Size_Medium,100,0.01,1,13,2,1.0861,0.740741,736.58
3612,KB4,HARQ,Size_Medium,100,0.01,1,13,0,0.945,0.854701,846.561
3613,KB4,HARQ,Size_Medium,100,0.01,1,13,0,0.9514,0.854701,840.866
3614,KB4,HARQ,Size_Medium,100,0.01,1,13,0,0.9606,0.854701,832.813
3615,KB4,HARQ,Size_Medium,100,0.01,1,13,0,0.953,0.854701,839.454
3616,KB4,HARQ,Size_Medium,100,0.01,1,13,0,0.9563,0.854701,836.558
3617,KB4,HARQ,Size_Medium,100,0.01,1,13,0,0.9498,0.854701,842.283
3618,KB4,HARQ,Size_Medium,100,0.01,1,13,0,0.9446,0.854701,846.919
3619,KB4,HARQ,Size_Medium,100,0.01,1,13,0,0.9345,0.854701,856.073
3620,KB4,HARQ,Size_Medium,100,0.01,1,13,0,0.9395,0.854701,851.517
3621,KB4,HARQ,Size_Medium,100,0.01,1,13,0,0.9508,0.854701,841.397
3622,KB4,HARQ,Size_Medium,100,0.01,1,13,0,1.009,0.854701,792.864
3623,KB4,HARQ,Size_Medium,100,0.01,1,13,0,0.9962,0.854701,803.052
3624,KB4,HARQ,Size_Medium,100,0.01,1,13,0,0.9375,0.854701,853.333
3625,KB4,HARQ,Size_Medium,100,0.01,1,13,0,0.9461,0.854701,845.577
3626,KB4,HARQ,Size_Medium,100,0.01,1,13,0,0.9402,0.854701,850.883
3627,KB4,HARQ,Size_Medium,100,0.01,1,13,0,0.9394,0.854701,851.607
3628,KB4,HARQ,Size_Medium,100,0.01,1,13,0,0.9563,0.854701,836.558
3629,KB4,HARQ,Size_Medium,100,0.01,1,13,0,0.949,0.854701,842.993
3630,KB4,HARQ,Size_Medium,100,0.01,1,13,0,0.9553,0.854701,837.433
3631,KB4,HARQ,Size_Medium,100,0.01,1,13,0,0.9342,0.854701,856.348
3632,KB4,HARQ,Size_Medium,100,0.01,1,13,0,0.9382,0.854701,852.697
3633,KB4,HARQ,Size_Medium,100,0.01,1,13,0,0.9445,0.854701,847.009
3634,KB4,HARQ,Size_Medium,100,0.01,1,13,0,0.9462,0.854701,845.487
3635,KB4,HARQ,Size_Medium,100,0.01,1,13,0,0.9325,0.854701,857.909
3636,KB4,HARQ,Size_Medium,100,0.01,1,13,0,0.9554,0.854701,837.346
3637,KB4,HARQ,Size_Medium,100,0.01,1,13,0,0.9408,0.854701,850.34
3638,KB4,HARQ,Size_Medium,100,0.01,1,13,0,0.9378,0.854701,853.06
3639,KB4,HARQ,Size_Medium,100,0.01,1,13,0,1.127,0.854701,709.849
3640,KB4,HARQ,Size_Medium,100,0.01,1,13,0,0.9558,0.854701,836.995
3641,KB4,HARQ,Size_Medium,100,0.01,1,13,0,0.9494,0.854701,842.637
3642,KB4,HARQ,Size_Medium,100,0.01,1,13,0,0.9399,0.854701,851.154
3643,KB4,HARQ,Size_Medium,100,0.01,1,13,0,0.9424,0.854701,848.896
3644,KB4,HARQ,Size_Medium,100,0.01,1,13,0,0.944,0.854701,847.458
3645,KB4,HARQ,Size_Medium,100,0.01,1,13,0,0.9572,0.854701,835.771
3646,KB4,HARQ,Size_Medium,100,0.01,1,13,0,0.9457,0.854701,845.934
3647,KB4,HARQ,Size_Medium,100,0.01,1,13,0,0.9336,0.854701,856.898
3648,KB4,HARQ,Size_Medium,100,0.01,1,13,0,0.9496,0.854701,842.46
3649,KB4,HARQ,Size_Medium,100,0.01,1,13,0,0.9432,0.854701,848.176
3650,KB4,HARQ,Size_Medium,100,0.01,1,13,0,0.9397,0.854701,851.336
3651,KB4,HARQ,Size_Medium,100,0.01,1,13,0,0.943,0.854701,848.356
3652,KB4,HARQ,Size_Medium,100,0.01,1,13,0,0.9352,0.854701,855.432
3653,KB4,HARQ,Size_Medium,100,0.01,1,13,0,0.951,0.854701,841.22
3654,KB4,HARQ,Size_Medium,100,0.01,1,13,0,0.9428,0.854701,848.536
3655,KB4,HARQ,Size_Medium,100,0.01,1,13,1,1.0042,0.793651,796.654
3656,KB4,HARQ,Size_Medium,100,0.01,1,13,0,1.0722,0.854701,746.129
3657,KB4,HARQ,Size_Medium,100,0.01,1,13,0,0.9478,0.854701,844.06
3658,KB4,HARQ,Size_Medium,100,0.01,1,13,0,0.9392,0.854701,851.789
3659,KB4,HARQ,Size_Medium,100,0.01,1,13,0,0.9345,0.854701,856.073
3660,KB4,HARQ,Size_Medium,100,0.01,1,13,1,1.012,0.793651,790.514
3661,KB4,HARQ,Size_Medium,100,0.01,1,13,0,0.9536,0.854701,838.926
3662,KB4,HARQ,Size_Medium,100,0.01,1,13,0,0.9481,0.854701,843.793
3663,KB4,HARQ,Size_Medium,100,0.01,1,13,0,0.9334,0.854701,857.082
3664,KB4,HARQ,Size_Medium,100,0.01,1,13,1,1.0338,0.793651,773.844
3665,KB4,HARQ,Size_Medium,100,0.01,1,13,0,0.9437,0.854701,847.727
3666,KB4,HARQ,Size_Medium,100,0.01,1,13,1,1.008,0.793651,793.651
3667,KB4,HARQ,Size_Medium,100,0.01,1,13,0,0.9403,0.854701,850.792
3668,KB4,HARQ,Size_Medium,100,0.01,1,13,0,0.9477,0.854701,844.149
3669,KB4,HARQ,Size_Medium,100,0.01,1,13,0,0.949,0.854701,842.993
3670,KB4,HARQ,Size_Medium,100,0.01,1,13,3,1.1415,0.694444,700.832
3671,KB4,HARQ,Size_Medium,100,0.01,1,13,0,0.9387,0.854701,852.242
3672,KB4,HARQ,Size_Medium,100,0.01,1,13,0,1.0165,0.854701,787.014
3673,KB4,HARQ,Size_Medium,100,0.01,1,13,0,0.9919,0.854701,806.533
3674,KB4,HARQ,Size_Medium,100,0.01,1,13,0,0.9508,0.854701,841.397
3675,KB4,HARQ,Size_Medium,100,0.01,1,13,0,0.9439,0.854701,847.547
3676,KB4,HARQ,Size_Medium,100,0.01,1,13,0,0.9393,0.854701,851.698
3677,KB4,HARQ,Size_Medium,100,0.01,1,13,0,0.9474,0.854701,844.416
3678,KB4,HARQ,Size_Medium,100,0.01,1,13,0,0.9472,0.854701,844.595
3679,KB4,HARQ,Size_Medium,100,0.01,1,13,0,0.9427,0.854701,848.626
3680,KB4,HARQ,Size_Medium,100,0.01,1,13,1,1.0316,0.793651,775.494
3681,KB4,HARQ,Size_Medium,100,0.01,1,13,0,0.9513,0.854701,840.954
3682,KB4,HARQ,Size_Medium,100,0.01,1,13,0,0.9467,0.854701,845.041
3683,KB4,HARQ,Size_Medium,100,0.01,1,13,0,0.9343,0.854701,856.256
3684,KB4,HARQ,Size_Medium,100,0.01,1,13,0,0.9392,0.854701,851.789
3685,KB4,HARQ,Size_Medium,100,0.01,1,13,0,0.9484,0.854701,843.526
3686,KB4,HARQ,Size_Medium,100,0.01,1,13,1,1.0163,0.793651,787.169
3687,KB4,HARQ,Size_Medium,100,0.01,1,13,0,0.9429,0.854701,848.446
3688,KB4,HARQ,Size_Medium,100,0.01,1,13,0,0.9465,0.854701,845.219
3689,KB4,HARQ,Size_Medium,100,0.01,1,13,1,1.1637,0.793651,687.462
3690,KB4,HARQ,Size_Medium,100,0.01,1,13,0,0.9428,0.854701,848.536
3691,KB4,HARQ,Size_Medium,100,0.01,1,13,0,0.9385,0.854701,852.424
3692,KB4,HARQ,Size_Medium,100,0.01,1,13,0,0.935,0.854701,855.615
3693,KB4,HARQ,Size_Medium,100,0.01,1,13,0,0.9686,0.854701,825.934
3694,KB4,HARQ,Size_Medium,100,0.01,1,13,0,0.9389,0.854701,852.061
3695,KB4,HARQ,Size_Medium,100,0.01,1,13,0,0.9402,0.854701,850.883
3696,KB4,HARQ,Size_Medium,100,0.01,1,13,0,0.9442,0.854701,847.278
3697,KB4,HARQ,Size_Medium,100,0.01,1,13,0,0.9382,0.854701,852.697
3698,KB4,HARQ,Size_Medium,100,0.01,1,13,0,0.9454,0.854701,846.203
3699,KB4,HARQ,Size_Medium,100,0.01,1,13,0,0.9536,0.854701,838.926
3700,KB4,HARQ,Size_Medium,100,0.01,1,13,0,0.9397,0.854701,851.336
3701,KB4,HARQ,Size_Medium,100,0.01,1,13,0,0.9448,0.854701,846.74
3702,KB4,HARQ,Size_Medium,100,0.01,1,13,1,1.0161,0.793651,787.324
3703,KB4,HARQ,Size_Medium,100,0.01,1,13,0,0.9357,0.854701,854.975
3704,KB4,HARQ,Size_Medium,100,0.01,1,13,1,1.025,0.793651,780.488
3705,KB4,HARQ,Size_Medium,100,0.01,1,13,0,1.028,0.854701,778.21
3706,KB4,HARQ,Size_Medium,100,0.01,1,13,0,1.0215,0.854701,783.162
3707,KB4,HARQ,Size_Medium,100,0.01,1,13,0,0.9341,0.854701,856.439
3708,KB4,HARQ,Size_Medium,100,0.01,1,13,0,0.9411,0.854701,850.069
3709,KB4,HARQ,Size_Medium,100,0.01,1,13,0,0.951,0.854701,841.22
3710,KB4,HARQ,Size_Medium,100,0.01,1,13,0,0.9498,0.854701,842.283
3711,KB4,HARQ,Size_Medium,100,0.01,1,13,0,0.9359,0.854701,854.792
3712,KB4,HARQ,Size_Medium,100,0.01,1,13,0,0.9387,0.854701,852.242
3713,KB4,HARQ,Size_Medium,100,0.01,1,13,0,0.9494,0.854701,842.637
3714,KB4,HARQ,Size_Medium,100,0.01,1,13,0,0.9433,0.854701,848.087
3715,KB4,HARQ,Size_Medium,100,0.01,1,13,0,0.9378,0.854701,853.06
3716,KB4,HARQ,Size_Medium,100,0.01,1,13,0,0.9391,0.854701,851.879
3717,KB4,HARQ,Size_Medium,100,0.01,1,13,1,1.011,0.793651,791.296
3718,KB4,HARQ,Size_Medium,100,0.01,1,13,0,0.9374,0.854701,853.424
3719,KB4,HARQ,Size_Medium,100,0.01,1,13,0,0.9443,0.854701,847.188
3720,KB4,HARQ,Size_Medium,100,0.01,1,13,1,1.0099,0.793651,792.158
3721,KB4,HARQ,Size_Medium,100,0.01,1,13,0,0.9484,0.854701,843.526
3722,KB4,HARQ,Size_Medium,100,0.01,1,13,0,0.9964,0.854701,802.89
3723,KB4,HARQ,Size_Medium,100,0.01,1,13,0,0.9578,0.854701,835.247
3724,KB4,HARQ,Size_Medium,100,0.01,1,13,1,1.0179,0.793651,785.932
3725,KB4,HARQ,Size_Medium,100,0.01,1,13,0,0.9473,0.854701,844.505
3726,KB4,HARQ,Size_Medium,100,0.01,1,13,0,0.9606,0.854701,832.813
3727,KB4,HARQ,Size_Medium,100,0.01,1,13,0,0.9456,0.854701,846.024
3728,KB4,HARQ,Size_Medium,100,0.01,1,13,0,0.9472,0.854701,844.595
3729,KB4,HARQ,Size_Medium,100,0.01,1,13,0,0.9408,0.854701,850.34
3730,KB4,HARQ,Size_Medium,100,0.01,1,13,0,0.9393,0.854701,851.698
3731,KB4,HARQ,Size_Medium,100,0.01,1,13,0,0.9518,0.854701,840.513
3732,KB4,HARQ,Size_Medium,100,0.01,1,13,0,0.9449,0.854701,846.65
3733,KB4,HARQ,Size_Medium,100,0.01,1,13,0,0.9642,0.854701,829.703
3734,KB4,HARQ,Size_Medium,100,0.01,1,13,0,0.9457,0.854701,845.934
3735,KB4,HARQ,Size_Medium,100,0.01,1,13,1,1.0193,0.793651,784.852
3736,KB4,HARQ,Size_Medium,100,0.01,1,13,0,0.9495,0.854701,842.549
3737,KB4,HARQ,Size_Medium,100,0.01,1,13,0,0.943,0.854701,848.356
3738,KB4,HARQ,Size_Medium,100,0.01,1,13,0,0.9398,0.854701,851.245
3739,KB4,HARQ,Size_Medium,100,0.01,1,13,0,1.1235,0.854701,712.061
3740,KB4,HARQ,Size_Medium,100,0.01,1,13,0,0.9383,0.854701,852.606
3741,KB4,HARQ,Size_Medium,100,0.01,1,13,0,0.9464,0.854701,845.309
3742,KB4,HARQ,Size_Medium,100,0.01,1,13,0,0.9481,0.854701,843.793
3743,KB4,HARQ,Size_Medium,100,0.01,1,13,0,0.9412,0.854701,849.979
3744,KB4,HARQ,Size_Medium,100,0.01,1,13,0,0.9482,0.854701,843.704
3745,KB4,HARQ,Size_Medium,100,0.01,1,13,0,0.9481,0.854701,843.793
3746,KB4,HARQ,Size_Medium,100,0.01,1,13,0,0.9403,0.854701,850.792
3747,KB4,HARQ,Size_Medium,100,0.01,1,13,0,0.9354,0.854701,855.249
3748,KB4,HARQ,Size_Medium,100,0.01,1,13,1,1.0071,0.793651,794.36
3749,KB4,HARQ,Size_Medium,100,0.01,1,13,0,0.9423,0.854701,848.987
3750,KB4,HARQ,Size_Medium,100,0.01,1,13,0,0.9439,0.854701,847.547
3751,KB4,HARQ,Size_Medium,100,0.01,1,13,0,0.9435,0.854701,847.907
3752,KB4,HARQ,Size_Medium,100,0.01,1,13,1,1.0064,0.793651,794.913
3753,KB4,HARQ,Size_Medium,100,0.01,1,13,0,0.9465,0.854701,845.219
3754,KB4,HARQ,Size_Medium,100,0.01,1,13,0,0.9449,0.854701,846.65
3755,KB4,HARQ,Size_Medium,100,0.01,1,13,0,0.9714,0.854701,823.554
3756,KB4,HARQ,Size_Medium,100,0.01,1,13,0,1.0591,0.854701,755.358
3757,KB4,HARQ,Size_Medium,100,0.01,1,13,0,0.9666,0.854701,827.643
3758,KB4,HARQ,Size_Medium,100,0.01,1,13,0,0.9498,0.854701,842.283
3759,KB4,HARQ,Size_Medium,100,0.01,1,13,0,0.9433,0.854701,848.087
3760,KB4,HARQ,Size_Medium,100,0.01,1,13,0,0.9445,0.854701,847.009
3761,KB4,HARQ,Size_Medium,100,0.01,1,13,0,0.9377,0.854701,853.151
3762,KB4,HARQ,Size_Medium,100,0.01,1,13,0,0.9433,0.854701,848.087
3763,KB4,HARQ,Size_Medium,100,0.01,1,13,0,0.935,0.854701,855.615
3764,KB4,HARQ,Size_Medium,100,0.01,1,13,1,1.0172,0.793651,786.473
3765,KB4,HARQ,Size_Medium,100,0.01,1,13,0,0.9435,0.854701,847.907
3766,KB4,HARQ,Size_Medium,100,0.01,1,13,0,0.9391,0.854701,851.879
3767,KB4,HARQ,Size_Medium,100,0.01,1,13,0,0.9413,0.854701,849.888
3768,KB4,HARQ,Size_Medium,100,0.01,1,13,0,0.9393,0.854701,851.698
3769,KB4,HARQ,Size_Medium,100,0.01,1,13,0,0.9405,0.854701,850.611
3770,KB4,HARQ,Size_Medium,100,0.01,1,13,0,0.936,0.854701,854.701
3771,KB4,HARQ,Size_Medium,100,0.01,1,13,0,0.9416,0.854701,849.618
3772,KB4,HARQ,Size_Medium,100,0.01,1,13,0,1.079,0.854701,741.427
3773,KB4,HARQ,Size_Medium,100,0.01,1,13,0,1.1009,0.854701,726.678
3774,KB4,HARQ,Size_Medium,100,0.01,1,13,0,0.9425,0.854701,848.806
3775,KB4,HARQ,Size_Medium,100,0.01,1,13,0,0.9588,0.854701,834.376
3776,KB4,HARQ,Size_Medium,100,0.01,1,13,0,0.9472,0.854701,844.595
3777,KB4,HARQ,Size_Medium,100,0.01,1,13,0,0.9425,0.854701,848.806
3778,KB4,HARQ,Size_Medium,100,0.01,1,13,0,0.9414,0.854701,849.798
3779,KB4,HARQ,Size_Medium,100,0.01,1,13,1,1.0103,0.793651,791.844
3780,KB4,HARQ,Size_Medium,100,0.01,1,13,0,0.9485,0.854701,843.437
3781,KB4,HARQ,Size_Medium,100,0.01,1,13,0,0.9485,0.854701,843.437
3782,KB4,HARQ,Size_Medium,100,0.01,1,13,0,0.9411,0.854701,850.069
3783,KB4,HARQ,Size_Medium,100,0.01,1,13,0,0.9325,0.854701,857.909
3784,KB4,HARQ,Size_Medium,100,0.01,1,13,0,0.9424,0.854701,848.896
3785,KB4,HARQ,Size_Medium,100,0.01,1,13,0,0.948,0.854701,843.882
3786,KB4,HARQ,Size_Medium,100,0.01,1,13,0,0.9504,0.854701,841.751
3787,KB4,HARQ,Size_Medium,100,0.01,1,13,0,0.9346,0.854701,855.981
3788,KB4,HARQ,Size_Medium,100,0.01,1,13,0,0.962,0.854701,831.601
3789,KB4,HARQ,Size_Medium,100,0.01,1,13,0,1.1438,0.854701,699.423
3790,KB4,HARQ,Size_Medium,100,0.01,1,13,0,0.9488,0.854701,843.17
3791,KB4,HARQ,Size_Medium,100,0.01,1,13,0,0.942,0.854701,849.257
3792,KB4,HARQ,Size_Medium,100,0.01,1,13,0,0.962,0.854701,831.601
3793,KB4,HARQ,Size_Medium,100,0.01,1,13,0,0.9472,0.854701,844.595
3794,KB4,HARQ,Size_Medium,100,0.01,1,13,0,0.9567,0.854701,836.208
3795,KB4,HARQ,Size_Medium,100,0.01,1,13,0,0.9458,0.854701,845.845
3796,KB4,HARQ,Size_Medium,100,0.01,1,13,0,0.9446,0.854701,846.919
3797,KB4,HARQ,Size_Medium,100,0.01,1,13,0,0.9692,0.854701,825.423
3798,KB4,HARQ,Size_Medium,100,0.01,1,13,0,0.9493,0.854701,842.726
3799,KB4,HARQ,Size_Medium,100,0.01,1,13,0,0.9353,0.854701,855.341
3800,KB4,HARQ,Size_Medium,100,0.01,1,13,0,0.947,0.854701,844.773
3801,KB4,HARQ,Size_Medium,100,0.01,1,13,1,1.011,0.793651,791.296
3802,KB4,HARQ,Size_Medium,100,0.01,1,13,1,1.0196,0.793651,784.621
3803,KB4,HARQ,Size_Medium,100,0.01,1,13,0,0.9387,0.854701,852.242
3804,KB4,HARQ,Size_Medium,100,0.01,1,13,0,0.9519,0.854701,840.424
3805,KB4,HARQ,Size_Medium,100,0.01,1,13,0,1.0186,0.854701,785.392
3806,KB4,HARQ,Size_Medium,100,0.01,1,13,0,1.1282,0.854701,709.094
3807,KB4,HARQ,Size_Medium,100,0.01,1,13,0,0.9395,0.854701,851.517
3808,KB4,HARQ,Size_Medium,100,0.01,1,13,0,0.9501,0.854701,842.017
3809,KB4,HARQ,Size_Medium,100,0.01,1,13,0,0.945,0.854701,846.561
3810,KB4,HARQ,Size_Medium,100,0.01,1,13,0,0.9465,0.854701,845.219
3811,KB4,HARQ,Size_Medium,100,0.01,1,13,0,0.9622,0.854701,831.428
3812,KB4,HARQ,Size_Medium,100,0.01,1,13,0,0.9671,0.854701,827.215
3813,KB4,HARQ,Size_Medium,100,0.01,1,13,0,0.9457,0.854701,845.934
3814,KB4,HARQ,Size_Medium,100,0.01,1,13,1,1.0094,0.793651,792.55
3815,KB4,HARQ,Size_Medium,100,0.01,1,13,1,1.0147,0.793651,788.41
3816,KB4,HARQ,Size_Medium,100,0.01,1,13,0,0.9466,0.854701,845.13
3817,KB4,HARQ,Size_Medium,100,0.01,1,13,1,1.0195,0.793651,784.698
3818,KB4,HARQ,Size_Medium,100,0.01,1,13,0,0.9404,0.854701,850.702
3819,KB4,HARQ,Size_Medium,100,0.01,1,13,0,0.9323,0.854701,858.093
3820,KB4,HARQ,Size_Medium,100,0.01,1,13,0,1.0081,0.854701,793.572
3821,KB4,HARQ,Size_Medium,100,0.01,1,13,0,0.9619,0.854701,831.687
3822,KB4,HARQ,Size_Medium,100,0.01,1,13,0,1.1356,0.854701,704.473
3823,KB4,HARQ,Size_Medium,100,0.01,1,13,0,0.9641,0.854701,829.789
3824,KB4,HARQ,Size_Medium,100,0.01,1,13,1,1.0091,0.793651,792.786
3825,KB4,HARQ,Size_Medium,100,0.01,1,13,0,0.9523,0.854701,840.071
3826,KB4,HARQ,Size_Medium,100,0.01,1,13,0,0.9461,0.854701,845.577
3827,KB4,HARQ,Size_Medium,100,0.01,1,13,0,0.9322,0.854701,858.185
3828,KB4,HARQ,Size_Medium,100,0.01,1,13,0,0.9557,0.854701,837.083
3829,KB4,HARQ,Size_Medium,100,0.01,1,13,0,0.9445,0.854701,847.009
3830,KB4,HARQ,Size_Medium,100,0.01,1,13,0,0.9389,0.854701,852.061
3831,KB4,HARQ,Size_Medium,100,0.01,1,13,0,0.9358,0.854701,854.884
3832,KB4,HARQ,Size_Medium,100,0.01,1,13,0,0.9407,0.854701,850.431
3833,KB4,HARQ,Size_Medium,100,0.01,1,13,1,1.0223,0.793651,782.549
3834,KB4,HARQ,Size_Medium,100,0.01,1,13,0,0.9396,0.854701,851.426
3835,KB4,HARQ,Size_Medium,100,0.01,1,13,0,0.9319,0.854701,858.461
3836,KB4,HARQ,Size_Medium,100,0.01,1,13,0,0.9505,0.854701,841.662
3837,KB4,HARQ,Size_Medium,100,0.01,1,13,0,0.9403,0.854701,850.792
3838,KB4,HARQ,Size_Medium,100,0.01,1,13,0,1.0582,0.854701,756.001
3839,KB4,HARQ,Size_Medium,100,0.01,1,13,0,0.9682,0.854701,826.276
3840,KB4,HARQ,Size_Medium,100,0.01,1,13,1,1.0556,0.793651,757.863
3841,KB4,HARQ,Size_Medium,100,0.01,1,13,0,0.9724,0.854701,822.707
3842,KB4,HARQ,Size_Medium,100,0.01,1,13,0,0.9432,0.854701,848.176
3843,KB4,HARQ,Size_Medium,100,0.01,1,13,0,0.9428,0.854701,848.536
3844,KB4,HARQ,Size_Medium,100,0.01,1,13,0,0.9504,0.854701,841.751
3845,KB4,HARQ,Size_Medium,100,0.01,1,13,0,0.9486,0.854701,843.348
3846,KB4,HARQ,Size_Medium,100,0.01,1,13,1,1.0175,0.793651,786.241
3847,KB4,HARQ,Size_Medium,100,0.01,1,13,0,0.934,0.854701,856.531
3848,KB4,HARQ,Size_Medium,100,0.01,1,13,0,0.952,0.854701,840.336
3849,KB4,HARQ,Size_Medium,100,0.01,1,13,0,0.9488,0.854701,843.17
3850,KB4,HARQ,Size_Medium,100,0.01,1,13,0,0.9405,0.854701,850.611
3851,KB4,HARQ,Size_Medium,100,0.01,1,13,1,1.0127,0.793651,789.967
3852,KB4,HARQ,Size_Medium,100,0.01,1,13,0,0.9452,0.854701,846.382
3853,KB4,HARQ,Size_Medium,100,0.01,1,13,0,0.9673,0.854701,827.044
3854,KB4,HARQ,Size_Medium,100,0.01,1,13,0,0.9529,0.854701,839.542
3855,KB4,HARQ,Size_Medium,100,0.01,1,13,0,1.0995,0.854701,727.603
3856,KB4,HARQ,Size_Medium,100,0.01,1,13,0,0.9429,0.854701,848.446
3857,KB4,HARQ,Size_Medium,100,0.01,1,13,0,0.9495,0.854701,842.549
3858,KB4,HARQ,Size_Medium,100,0.01,1,13,0,0.9392,0.854701,851.789
3859,KB4,HARQ,Size_Medium,100,0.01,1,13,0,0.9441,0.854701,847.368
3860,KB4,HARQ,Size_Medium,100,0.01,1,13,0,0.9347,0.854701,855.89
3861,KB4,HARQ,Size_Medium,100,0.01,1,13,0,0.9469,0.854701,844.862
3862,KB4,HARQ,Size_Medium,100,0.01,1,13,0,0.9434,0.854701,847.997
3863,KB4,HARQ,Size_Medium,100,0.01,1,13,0,0.9317,0.854701,858.645
3864,KB4,HARQ,Size_Medium,100,0.01,1,13,0,0.9564,0.854701,836.47
3865,KB4,HARQ,Size_Medium,100,0.01,1,13,2,1.076,0.740741,743.494
3866,KB4,HARQ,Size_Medium,100,0.01,1,13,0,0.9434,0.854701,847.997
3867,KB4,HARQ,Size_Medium,100,0.01,1,13,0,0.9433,0.854701,848.087
3868,KB4,HARQ,Size_Medium,100,0.01,1,13,0,0.939,0.854701,851.97
3869,KB4,HARQ,Size_Medium,100,0.01,1,13,0,0.949,0.854701,842.993
3870,KB4,HARQ,Size_Medium,100,0.01,1,13,0,0.9395,0.854701,851.517
3871,KB4,HARQ,Size_Medium,100,0.01,1,13,0,0.9812,0.854701,815.328
3872,KB4,HARQ,Size_Medium,100,0.01,1,13,0,0.9395,0.854701,851.517
3873,KB4,HARQ,Size_Medium,100,0.01,1,13,0,0.9411,0.854701,850.069
3874,KB4,HARQ,Size_Medium,100,0.01,1,13,0,0.9441,0.854701,847.368
3875,KB4,HARQ,Size_Medium,100,0.01,1,13,0,0.9375,0.854701,853.333
3876,KB4,HARQ,Size_Medium,100,0.01,1,13,0,0.946,0.854701,845.666
3877,KB4,HARQ,Size_Medium,100,0.01,1,13,0,0.9478,0.854701,844.06
3878,KB4,HARQ,Size_Medium,100,0.01,1,13,0,0.9397,0.854701,851.336
3879,KB4,HARQ,Size_Medium,100,0.01,1,13,0,0.9419,0.854701,849.347
3880,KB4,HARQ,Size_Medium,100,0.01,1,13,0,0.9486,0.854701,843.348
3881,KB4,HARQ,Size_Medium,100,0.01,1,13,0,0.9496,0.854701,842.46
3882,KB4,HARQ,Size_Medium,100,0.01,1,13,3,1.1542,0.694444,693.121
3883,KB4,HARQ,Size_Medium,100,0.01,1,13,0,0.9438,0.854701,847.637
3884,KB4,HARQ,Size_Medium,100,0.01,1,13,0,0.9381,0.854701,852.788
3885,KB4,HARQ,Size_Medium,100,0.01,1,13,0,0.9592,0.854701,834.028
3886,KB4,HARQ,Size_Medium,100,0.01,1,13,0,0.9435,0.854701,847.907
3887,KB4,HARQ,Size_Medium,100,0.01,1,13,0,0.9371,0.854701,853.698
3888,KB4,HARQ,Size_Medium,100,0.01,1,13,0,0.9643,0.854701,829.617
3889,KB4,HARQ,Size_Medium,100,0.01,1,13,0,0.9437,0.854701,847.727
3890,KB4,HARQ,Size_Medium,100,0.01,1,13,0,0.9457,0.854701,845.934
3891,KB4,HARQ,Size_Medium,100,0.01,1,13,0,0.9318,0.854701,858.553
3892,KB4,HARQ,Size_Medium,100,0.01,1,13,0,0.939,0.854701,851.97
3893,KB4,HARQ,Size_Medium,100,0.01,1,13,0,0.9443,0.854701,847.188
3894,KB4,HARQ,Size_Medium,100,0.01,1,13,0,0.945,0.854701,846.561
3895,KB4,HARQ,Size_Medium,100,0.01,1,13,1,1.0042,0.793651,796.654
3896,KB4,HARQ,Size_Medium,100,0.01,1,13,0,0.9405,0.854701,850.611
3897,KB4,HARQ,Size_Medium,100,0.01,1,13,0,0.9416,0.854701,849.618
3898,KB4,HARQ,Size_Medium,100,0.01,1,13,0,0.9758,0.854701,819.84
3899,KB4,HARQ,Size_Medium,100,0.01,1,13,0,0.9858,0.854701,811.524
3900,KB4,HARQ,Size_Medium,100,0.01,1,13,0,0.94,0.854701,851.064
3901,KB4,HARQ,Size_Medium,100,0.01,1,13,0,0.9487,0.854701,843.259
3902,KB4,HARQ,Size_Medium,100,0.01,1,13,0,0.9387,0.854701,852.242
3903,KB4,HARQ,Size_Medium,100,0.01,1,13,0,0.9371,0.854701,853.698
3904,KB4,HARQ,Size_Medium,100,0.01,1,13,0,0.9576,0.854701,835.422
3905,KB4,HARQ,Size_Medium,100,0.01,1,13,0,0.9511,0.854701,841.131
3906,KB4,HARQ,Size_Medium,100,0.01,1,13,0,0.9444,0.854701,847.099
3907,KB4,HARQ,Size_Medium,100,0.01,1,13,0,0.9364,0.854701,854.336
3908,KB4,HARQ,Size_Medium,100,0.01,1,13,0,0.9359,0.854701,854.792
3909,KB4,HARQ,Size_Medium,100,0.01,1,13,0,0.9674,0.854701,826.959
3910,KB4,HARQ,Size_Medium,100,0.01,1,13,0,0.9432,0.854701,848.176
3911,KB4,HARQ,Size_Medium,100,0.01,1,13,0,0.9515,0.854701,840.778
3912,KB4,HARQ,Size_Medium,100,0.01,1,13,0,0.9467,0.854701,845.041
3913,KB4,HARQ,Size_Medium,100,0.01,1,13,0,0.9579,0.854701,835.16
3914,KB4,HARQ,Size_Medium,100,0.01,1,13,0,0.9551,0.854701,837.609
3915,KB4,HARQ,Size_Medium,100,0.01,1,13,1,1.023,0.793651,782.014
3916,KB4,HARQ,Size_Medium,100,0.01,1,13,0,0.9451,0.854701,846.471
3917,KB4,HARQ,Size_Medium,100,0.01,1,13,0,0.9509,0.854701,841.308
3918,KB4,HARQ,Size_Medium,100,0.01,1,13,0,0.951,0.854701,841.22
3919,KB4,HARQ,Size_Medium,100,0.01,1,13,0,0.9435,0.854701,847.907
3920,KB4,HARQ,Size_Medium,100,0.01,1,13,0,0.9411,0.854701,850.069
3921,KB4,HARQ,Size_Medium,100,0.01,1,13,0,0.9514,0.854701,840.866
3922,KB4,HARQ,Size_Medium,100,0.01,1,13,0,0.9474,0.854701,844.416
3923,KB4,HARQ,Size_Medium,100,0.01,1,13,0,0.9519,0.854701,840.424
3924,KB4,HARQ,Size_Medium,100,0.01,1,13,0,0.9471,0.854701,844.684
3925,KB4,HARQ,Size_Medium,100,0.01,1,13,2,1.0839,0.740741,738.075
3926,KB4,HARQ,Size_Medium,100,0.01,1,13,1,1.0183,0.793651,785.623
3927,KB4,HARQ,Size_Medium,100,0.01,1,13,0,0.9369,0.854701,853.88
3928,KB4,HARQ,Size_Medium,100,0.01,1,13,1,1.0087,0.793651,793.1
3929,KB4,HARQ,Size_Medium,100,0.01,1,13,0,0.9516,0.854701,840.689
3930,KB4,HARQ,Size_Medium,100,0.01,1,13,0,0.9434,0.854701,847.997
3931,KB4,HARQ,Size_Medium,100,0.01,1,13,0,0.9393,0.854701,851.698
3932,KB4,HARQ,Size_Medium,100,0.01,1,13,0,0.9661,0.854701,828.072
3933,KB4,HARQ,Size_Medium,100,0.01,1,13,0,0.9485,0.854701,843.437
3934,KB4,HARQ,Size_Medium,100,0.01,1,13,0,0.9478,0.854701,844.06
3935,KB4,HARQ,Size_Medium,100,0.01,1,13,1,1.0053,0.793651,795.782
3936,KB4,HARQ,Size_Medium,100,0.01,1,13,0,0.9388,0.854701,852.152
3937,KB4,HARQ,Size_Medium,100,0.01,1,13,0,0.9595,0.854701,833.768
3938,KB4,HARQ,Size_Medium,100,0.01,1,13,0,0.9435,0.854701,847.907
3939,KB4,HARQ,Size_Medium,100,0.01,1,13,0,0.9399,0.854701,851.154
3940,KB4,HARQ,Size_Medium,100,0.01,1,13,0,0.9417,0.854701,849.527
3941,KB4,HARQ,Size_Medium,100,0.01,1,13,0,0.9448,0.854701,846.74
3942,KB4,HARQ,Size_Medium,100,0.01,1,13,0,0.9513,0.854701,840.954
3943,KB4,HARQ,Size_Medium,100,0.01,1,13,0,0.943,0.854701,848.356
3944,KB4,HARQ,Size_Medium,100,0.01,1,13,1,1.0218,0.793651,782.932
3945,KB4,HARQ,Size_Medium,100,0.01,1,13,0,0.9225,0.854701,867.209
3946,KB4,HARQ,Size_Medium,100,0.01,1,13,0,0.9644,0.854701,829.531
3947,KB4,HARQ,Size_Medium,100,0.01,1,13,0,0.9141,0.854701,875.178
3948,KB4,HARQ,Size_Medium,100,0.01,1,13,0,0.9343,0.854701,856.256
3949,KB4,HARQ,Size_Medium,100,0.01,1,13,0,0.9299,0.854701,860.308
3950,KB4,HARQ,Size_Medium,100,0.01,1,13,0,0.9209,0.854701,868.715
3951,KB4,HARQ,Size_Medium,100,0.01,1,13,0,0.9228,0.854701,866.927
3952,KB4,HARQ,Size_Medium,100,0.01,1,13,0,0.9284,0.854701,861.698
3953,KB4,HARQ,Size_Medium,100,0.01,1,13,0,0.9287,0.854701,861.419
3954,KB4,HARQ,Size_Medium,100,0.01,1,13,0,0.9178,0.854701,871.65
3955,KB4,HARQ,Size_Medium,100,0.01,1,13,1,0.993,0.793651,805.639
3956,KB4,HARQ,Size_Medium,100,0.01,1,13,0,0.9196,0.854701,869.943
3957,KB4,HARQ,Size_Medium,100,0.01,1,13,0,0.9212,0.854701,868.432
3958,KB4,HARQ,Size_Medium,100,0.01,1,13,1,0.9869,0.793651,810.619
3959,KB4,HARQ,Size_Medium,100,0.01,1,13,0,0.9242,0.854701,865.614
3960,KB4,HARQ,Size_Medium,100,0.01,1,13,0,0.9219,0.854701,867.773
3961,KB4,HARQ,Size_Medium,100,0.01,1,13,0,0.927,0.854701,862.999
3962,KB4,HARQ,Size_Medium,100,0.01,1,13,0,0.9457,0.854701,845.934
3963,KB4,HARQ,Size_Medium,100,0.01,1,13,0,0.9156,0.854701,873.744
3964,KB4,HARQ,Size_Medium,100,0.01,1,13,0,0.9158,0.854701,873.553
3965,KB4,HARQ,Size_Medium,100,0.01,1,13,0,0.918,0.854701,871.46
3966,KB4,HARQ,Size_Medium,100,0.01,1,13,0,0.9191,0.854701,870.417
3967,KB4,HARQ,Size_Medium,100,0.01,1,13,1,0.9822,0.793651,814.498
3968,KB4,HARQ,Size_Medium,100,0.01,1,13,0,0.9278,0.854701,862.255
3969,KB4,HARQ,Size_Medium,100,0.01,1,13,0,0.9178,0.854701,871.65
3970,KB4,HARQ,Size_Medium,100,0.01,1,13,0,0.9303,0.854701,859.938
3971,KB4,HARQ,Size_Medium,100,0.01,1,13,0,0.9358,0.854701,854.884
3972,KB4,HARQ,Size_Medium,100,0.01,1,13,0,0.925,0.854701,864.865
3973,KB4,HARQ,Size_Medium,100,0.01,1,13,0,0.9258,0.854701,864.118
3974,KB4,HARQ,Size_Medium,100,0.01,1,13,0,0.9195,0.854701,870.038
3975,KB4,HARQ,Size_Medium,100,0.01,1,13,0,0.9345,0.854701,856.073
3976,KB4,HARQ,Size_Medium,100,0.01,1,13,0,0.9187,0.854701,870.796
3977,KB4,HARQ,Size_Medium,100,0.01,1,13,0,0.9203,0.854701,869.282
3978,KB4,HARQ,Size_Medium,100,0.01,1,13,0,0.9196,0.854701,869.943
3979,KB4,HARQ,Size_Medium,100,0.01,1,13,0,0.9592,0.854701,834.028
3980,KB4,HARQ,Size_Medium,100,0.01,1,13,0,0.9322,0.854701,858.185
3981,KB4,HARQ,Size_Medium,100,0.01,1,13,0,0.9453,0.854701,846.292
3982,KB4,HARQ,Size_Medium,100,0.01,1,13,0,0.9241,0.854701,865.707
3983,KB4,HARQ,Size_Medium,100,0.01,1,13,0,0.9211,0.854701,868.527
3984,KB4,HARQ,Size_Medium,100,0.01,1,13,0,0.9176,0.854701,871.84
3985,KB4,HARQ,Size_Medium,100,0.01,1,13,0,0.9254,0.854701,864.491
3986,KB4,HARQ,Size_Medium,100,0.01,1,13,0,0.9194,0.854701,870.133
3987,KB4,HARQ,Size_Medium,100,0.01,1,13,0,0.9112,0.854701,877.963
3988,KB4,HARQ,Size_Medium,100,0.01,1,13,0,0.9196,0.854701,869.943
3989,KB4,HARQ,Size_Medium,100,0.01,1,13,0,0.9225,0.854701,867.209
3990,KB4,HARQ,Size_Medium,100,0.01,1,13,0,0.936,0.854701,854.701
3991,KB4,HARQ,Size_Medium,100,0.01,1,13,0,0.9109,0.854701,878.252
3992,KB4,HARQ,Size_Medium,100,0.01,1,13,0,0.9434,0.854701,847.997
3993,KB4,HARQ,Size_Medium,100,0.01,1,13,0,0.9296,0.854701,860.585
3994,KB4,HARQ,Size_Medium,100,0.01,1,13,0,0.9179,0.854701,871.555
3995,KB4,HARQ,Size_Medium,100,0.01,1,13,0,0.9683,0.854701,826.19
3996,KB4,HARQ,Size_Medium,100,0.01,1,13,0,0.9255,0.854701,864.398
3997,KB4,HARQ,Size_Medium,100,0.01,1,13,0,0.918,0.854701,871.46
3998,KB4,HARQ,Size_Medium,100,0.01,1,13,0,0.9289,0.854701,861.234
3999,KB4,HARQ,Size_Medium,100,0.01,1,13,0,0.9144,0.854701,874.891
4000,KB4,HARQ,Size_Medium,100,0.01,1,13,0,0.9199,0.854701,869.66
4001,KB4,ARQ,Size_Long,300,0.01,1,38,22,0.423,0.555556,5673.76
4002,KB4,ARQ,Size_Long,300,0.01,1,38,31,0.4341,0.483092,5528.68
4003,KB4,ARQ,Size_Long,300,0.01,1,38,28,0.4149,0.505051,5784.53
4004,KB4,ARQ,Size_Long,300,0.01,1,38,55,0.5357,0.358423,4480.12
4005,KB4,ARQ,Size_Long,300,0.01,1,38,47,0.5046,0.392157,4756.24
4006,KB4,ARQ,Size_Long,300,0.01,1,38,43,0.4863,0.411523,4935.23
4007,KB4,ARQ,Size_Long,300,0.01,1,38,51,0.5214,0.374532,4602.99
4008,KB4,ARQ,Size_Long,300,0.01,1,38,31,0.4336,0.483092,5535.06
4009,KB4,ARQ,Size_Long,300,0.01,1,38,32,0.4463,0.47619,5377.55
4010,KB4,ARQ,Size_Long,300,0.01,1,38,30,0.4268,0.490196,5623.24
4011,KB4,ARQ,Size_Long,300,0.01,1,38,39,0.4682,0.4329,5126.01
4012,KB4,ARQ,Size_Long,300,0.01,1,38,47,0.4994,0.392157,4805.77
4013,KB4,ARQ,Size_Long,300,0.01,1,38,35,0.4492,0.456621,5342.83
4014,KB4,ARQ,Size_Long,300,0.01,1,38,42,0.4834,0.416667,4964.83
4015,KB4,ARQ,Size_Long,300,0.01,1,38,22,0.3959,0.555556,6062.14
4016,KB4,ARQ,Size_Long,300,0.01,1,38,37,0.4609,0.444444,5207.2
4017,KB4,ARQ,Size_Long,300,0.01,1,38,41,0.4789,0.421941,5011.48
4018,KB4,ARQ,Size_Long,300,0.01,1,38,49,0.5064,0.383142,4739.34
4019,KB4,ARQ,Size_Long,300,0.01,1,38,36,0.4571,0.45045,5250.49
4020,KB4,ARQ,Size_Long,300,0.01,1,38,48,0.5501,0.387597,4362.84
4021,KB4,ARQ,Size_Long,300,0.01,1,38,23,0.3944,0.546448,6085.19
4022,KB4,ARQ,Size_Long,300,0.01,1,38,39,0.4654,0.4329,5156.85
4023,KB4,ARQ,Size_Long,300,0.01,1,38,29,0.4254,0.497512,5641.75
4024,KB4,ARQ,Size_Long,300,0.01,1,38,29,0.4235,0.497512,5667.06
4025,KB4,ARQ,Size_Long,300,0.01,1,38,38,0.466,0.438596,5150.21
4026,KB4,ARQ,Size_Long,300,0.01,1,38,48,0.511,0.387597,4696.67
4027,KB4,ARQ,Size_Long,300,0.01,1,38,34,0.4516,0.462963,5314.44
4028,KB4,ARQ,Size_Long,300,0.01,1,38,38,0.4675,0.438596,5133.69
4029,KB4,ARQ,Size_Long,300,0.01,1,38,42,0.4852,0.416667,4946.41
4030,KB4,ARQ,Size_Long,300,0.01,1,38,42,0.4843,0.416667,4955.61
4031,KB4,ARQ,Size_Long,300,0.01,1,38,39,0.4706,0.4329,5099.87
4032,KB4,ARQ,Size_Long,300,0.01,1,38,42,0.4812,0.416667,4987.53
4033,KB4,ARQ,Size_Long,300,0.01,1,38,61,0.5707,0.3367,4205.36
4034,KB4,ARQ,Size_Long,300,0.01,1,38,25,0.4091,0.529101,5866.54
4035,KB4,ARQ,Size_Long,300,0.01,1,38,24,0.4058,0.537634,5914.24
4036,KB4,ARQ,Size_Long,300,0.01,1,38,45,0.4984,0.401606,4815.41
4037,KB4,ARQ,Size_Long,300,0.01,1,38,37,0.4608,0.444444,5208.33
4038,KB4,ARQ,Size_Long,300,0.01,1,38,53,0.5351,0.3663,4485.14
4039,KB4,ARQ,Size_Long,300,0.01,1,38,27,0.4135,0.512821,5804.11
4040,KB4,ARQ,Size_Long,300,0.01,1,38,45,0.4883,0.401606,4915.01
4041,KB4,ARQ,Size_Long,300,0.01,1,38,35,0.4491,0.456621,5344.02
4042,KB4,ARQ,Size_Long,300,0.01,1,38,46,0.4975,0.396825,4824.12
4043,KB4,ARQ,Size_Long,300,0.01,1,38,42,0.4817,0.416667,4982.35
4044,KB4,ARQ,Size_Long,300,0.01,1,38,49,0.5101,0.383142,4704.96
4045,KB4,ARQ,Size_Long,300,0.01,1,38,39,0.4693,0.4329,5114
4046,KB4,ARQ,Size_Long,300,0.01,1,38,31,0.4322,0.483092,5552.98
4047,KB4,ARQ,Size_Long,300,0.01,1,38,38,0.4625,0.438596,5189.19
4048,KB4,ARQ,Size_Long,300,0.01,1,38,37,0.4581,0.444444,5239.03
4049,KB4,ARQ,Size_Long,300,0.01,1,38,34,0.5127,0.462963,4681.1
4050,KB4,ARQ,Size_Long,300,0.01,1,38,34,0.447,0.462963,5369.13
4051,KB4,ARQ,Size_Long,300,0.01,1,38,41,0.4765,0.421941,5036.73
4052,KB4,ARQ,Size_Long,300,0.01,1,38,44,0.4957,0.406504,4841.64
4053,KB4,ARQ,Size_Long,300,0.01,1,38,53,0.5313,0.3663,4517.22
4054,KB4,ARQ,Size_Long,300,0.01,1,38,52,0.5268,0.37037,4555.81
4055,KB4,ARQ,Size_Long,300,0.01,1,38,46,0.5016,0.396825,4784.69
4056,KB4,ARQ,Size_Long,300,0.01,1,38,35,0.4469,0.456621,5370.33
4057,KB4,ARQ,Size_Long,300,0.01,1,38,27,0.4123,0.512821,5821
4058,KB4,ARQ,Size_Long,300,0.01,1,38,23,0.3941,0.546448,6089.82
4059,KB4,ARQ,Size_Long,300,0.01,1,38,23,0.3976,0.546448,6036.22
4060,KB4,ARQ,Size_Long,300,0.01,1,38,52,0.5234,0.37037,4585.4
4061,KB4,ARQ,Size_Long,300,0.01,1,38,43,0.4903,0.411523,4894.96
4062,KB4,ARQ,Size_Long,300,0.01,1,38,52,0.522,0.37037,4597.7
4063,KB4,ARQ,Size_Long,300,0.01,1,38,33,0.4564,0.469484,5258.55
4064,KB4,ARQ,Size_Long,300,0.01,1,38,28,0.4194,0.505051,5722.46
4065,KB4,ARQ,Size_Long,300,0.01,1,38,35,0.4503,0.456621,5329.78
4066,KB4,ARQ,Size_Long,300,0.01,1,38,39,0.4652,0.4329,5159.07
4067,KB4,ARQ,Size_Long,300,0.01,1,38,36,0.4498,0.45045,5335.7
4068,KB4,ARQ,Size_Long,300,0.01,1,38,43,0.4834,0.411523,4964.83
4069,KB4,ARQ,Size_Long,300,0.01,1,38,41,0.4792,0.421941,5008.35
4070,KB4,ARQ,Size_Long,300,0.01,1,38,45,0.4921,0.401606,4877.06
4071,KB4,ARQ,Size_Long,300,0.01,1,38,33,0.4414,0.469484,5437.25
4072,KB4,ARQ,Size_Long,300,0.01,1,38,55,0.5394,0.358423,4449.39
4073,KB4,ARQ,Size_Long,300,0.01,1,38,31,0.4294,0.483092,5589.19
4074,KB4,ARQ,Size_Long,300,0.01,1,38,34,0.4456,0.462963,5386
4075,KB4,ARQ,Size_Long,300,0.01,1,38,36,0.4563,0.45045,5259.7
4076,KB4,ARQ,Size_Long,300,0.01,1,38,49,0.5139,0.383142,4670.17
4077,KB4,ARQ,Size_Long,300,0.01,1,38,38,0.5078,0.438596,4726.27
4078,KB4,ARQ,Size_Long,300,0.01,1,38,42,0.4862,0.416667,4936.24
4079,KB4,ARQ,Size_Long,300,0.01,1,38,58,0.556,0.347222,4316.55
4080,KB4,ARQ,Size_Long,300,0.01,1,38,34,0.4468,0.462963,5371.53
4081,KB4,ARQ,Size_Long,300,0.01,1,38,28,0.4176,0.505051,5747.13
4082,KB4,ARQ,Size_Long,300,0.01,1,38,38,0.4521,0.438596,5308.56
4083,KB4,ARQ,Size_Long,300,0.01,1,38,50,0.5075,0.378788,4729.06
4084,KB4,ARQ,Size_Long,300,0.01,1,38,34,0.4389,0.462963,5468.22
4085,KB4,ARQ,Size_Long,300,0.01,1,38,57,0.5357,0.350877,4480.12
4086,KB4,ARQ,Size_Long,300,0.01,1,38,46,0.4873,0.396825,4925.1
4087,KB4,ARQ,Size_Long,300,0.01,1,38,37,0.4499,0.444444,5334.52
4088,KB4,ARQ,Size_Long,300,0.01,1,38,47,0.4958,0.392157,4840.66
4089,KB4,ARQ,Size_Long,300,0.01,1,38,39,0.4871,0.4329,4927.12
4090,KB4,ARQ,Size_Long,300,0.01,1,38,49,0.4976,0.383142,4823.15
4091,KB4,ARQ,Size_Long,300,0.01,1,38,30,0.4205,0.490196,5707.49
4092,KB4,ARQ,Size_Long,300,0.01,1,38,61,0.5537,0.3367,4334.48
4093,KB4,ARQ,Size_Long,300,0.01,1,38,50,0.4951,0.378788,4847.51
4094,KB4,ARQ,Size_Long,300,0.01,1,38,45,0.5798,0.401606,4139.36
4095,KB4,ARQ,Size_Long,300,0.01,1,38,49,0.4966,0.383142,4832.86
4096,KB4,ARQ,Size_Long,300,0.01,1,38,50,0.5082,0.378788,4722.55
4097,KB4,ARQ,Size_Long,300,0.01,1,38,36,0.4399,0.45045,5455.79
4098,KB4,ARQ,Size_Long,300,0.01,1,38,31,0.4223,0.483092,5683.16
4099,KB4,ARQ,Size_Long,300,0.01,1,38,62,0.557,0.333333,4308.8
4100,KB4,ARQ,Size_Long,300,0.01,1,38,38,0.4548,0.438596,5277.04
4101,KB4,ARQ,Size_Long,300,0.01,1,38,47,0.4926,0.392157,4872.11
4102,KB4,ARQ,Size_Long,300,0.01,1,38,47,0.4941,0.392157,4857.32
4103,KB4,ARQ,Size_Long,300,0.01,1,38,39,0.4603,0.4329,5213.99
4104,KB4,ARQ,Size_Long,300,0.01,1,38,46,0.4902,0.396825,4895.96
4105,KB4,ARQ,Size_Long,300,0.01,1,38,28,0.4357,0.505051,5508.38
4106,KB4,ARQ,Size_Long,300,0.01,1,38,50,0.5413,0.378788,4433.77
4107,KB4,ARQ,Size_Long,300,0.01,1,38,46,0.4893,0.396825,4904.97
4108,KB4,ARQ,Size_Long,300,0.01,1,38,41,0.4677,0.421941,5131.49
4109,KB4,ARQ,Size_Long,300,0.01,1,38,37,0.4515,0.444444,5315.61
4110,KB4,ARQ,Size_Long,300,0.01,1,38,39,0.4859,0.4329,4939.29
4111,KB4,ARQ,Size_Long,300,0.01,1,38,44,0.4751,0.406504,5051.57
4112,KB4,ARQ,Size_Long,300,0.01,1,38,40,0.4566,0.42735,5256.24
4113,KB4,ARQ,Size_Long,300,0.01,1,38,54,0.5263,0.362319,4560.14
4114,KB4,ARQ,Size_Long,300,0.01,0,38,26,0.3978,0.520833,6033.18
4115,KB4,ARQ,Size_Long,300,0.01,1,38,28,0.4188,0.505051,5730.66
4116,KB4,ARQ,Size_Long,300,0.01,1,38,44,0.4748,0.406504,5054.76
4117,KB4,ARQ,Size_Long,300,0.01,1,38,41,0.4701,0.421941,5105.3
4118,KB4,ARQ,Size_Long,300,0.01,1,38,25,0.3974,0.529101,6039.26
4119,KB4,ARQ,Size_Long,300,0.01,1,38,43,0.4769,0.411523,5032.5
4120,KB4,ARQ,Size_Long,300,0.01,1,38,35,0.4378,0.456621,5481.96
4121,KB4,ARQ,Size_Long,300,0.01,1,38,36,0.4441,0.45045,5404.19
4122,KB4,ARQ,Size_Long,300,0.01,1,38,38,0.4504,0.438596,5328.6
4123,KB4,ARQ,Size_Long,300,0.01,1,38,56,0.5293,0.35461,4534.29
4124,KB4,ARQ,Size_Long,300,0.01,1,38,38,0.4875,0.438596,4923.08
4125,KB4,ARQ,Size_Long,300,0.01,1,38,46,0.4936,0.396825,4862.24
4126,KB4,ARQ,Size_Long,300,0.01,1,38,49,0.4999,0.383142,4800.96
4127,KB4,ARQ,Size_Long,300,0.01,1,38,27,0.4099,0.512821,5855.09
4128,KB4,ARQ,Size_Long,300,0.01,1,38,43,0.5046,0.411523,4756.24
4129,KB4,ARQ,Size_Long,300,0.01,1,38,41,0.4679,0.421941,5129.3
4130,KB4,ARQ,Size_Long,300,0.01,1,38,44,0.477,0.406504,5031.45
4131,KB4,ARQ,Size_Long,300,0.01,1,38,19,0.3725,0.584795,6442.95
4132,KB4,ARQ,Size_Long,300,0.01,1,38,38,0.4499,0.438596,5334.52
4133,KB4,ARQ,Size_Long,300,0.01,1,38,59,0.6173,0.343643,3887.9
4134,KB4,ARQ,Size_Long,300,0.01,1,38,41,0.4694,0.421941,5112.91
4135,KB4,ARQ,Size_Long,300,0.01,1,38,36,0.4484,0.45045,5352.36
4136,KB4,ARQ,Size_Long,300,0.01,1,38,41,0.466,0.421941,5150.21
4137,KB4,ARQ,Size_Long,300,0.01,1,38,49,0.4984,0.383142,4815.41
4138,KB4,ARQ,Size_Long,300,0.01,1,38,22,0.3826,0.555556,6272.87
4139,KB4,ARQ,Size_Long,300,0.01,1,38,41,0.4639,0.421941,5173.53
4140,KB4,ARQ,Size_Long,300,0.01,1,38,24,0.3933,0.537634,6102.21
4141,KB4,ARQ,Size_Long,300,0.01,1,38,29,0.4125,0.497512,5818.18
4142,KB4,ARQ,Size_Long,300,0.01,1,38,31,0.4567,0.483092,5255.09
4143,KB4,ARQ,Size_Long,300,0.01,1,38,49,0.4988,0.383142,4811.55
4144,KB4,ARQ,Size_Long,300,0.01,1,38,53,0.5161,0.3663,4650.26
4145,KB4,ARQ,Size_Long,300,0.01,1,38,48,0.4965,0.387597,4833.84
4146,KB4,ARQ,Size_Long,300,0.01,1,38,29,0.4423,0.497512,5426.18
4147,KB4,ARQ,Size_Long,300,0.01,1,38,38,0.4568,0.438596,5253.94
4148,KB4,ARQ,Size_Long,300,0.01,1,38,33,0.4351,0.469484,5515.97
4149,KB4,ARQ,Size_Long,300,0.01,1,38,40,0.4586,0.42735,5233.32
4150,KB4,ARQ,Size_Long,300,0.01,1,38,40,0.461,0.42735,5206.07
4151,KB4,ARQ,Size_Long,300,0.01,1,38,43,0.4801,0.411523,4998.96
4152,KB4,ARQ,Size_Long,300,0.01,1,38,41,0.4645,0.421941,5166.85
4153,KB4,ARQ,Size_Long,300,0.01,1,38,37,0.4521,0.444444,5308.56
4154,KB4,ARQ,Size_Long,300,0.01,1,38,38,0.4507,0.438596,5325.05
4155,KB4,ARQ,Size_Long,300,0.01,1,38,41,0.4628,0.421941,5185.83
4156,KB4,ARQ,Size_Long,300,0.01,1,38,39,0.4574,0.4329,5247.05
4157,KB4,ARQ,Size_Long,300,0.01,1,38,34,0.4353,0.462963,5513.44
4158,KB4,ARQ,Size_Long,300,0.01,1,38,31,0.4239,0.483092,5661.71
4159,KB4,ARQ,Size_Long,300,0.01,1,38,41,0.4692,0.421941,5115.09
4160,KB4,ARQ,Size_Long,300,0.01,1,38,43,0.5074,0.411523,4730
4161,KB4,ARQ,Size_Long,300,0.01,1,38,51,0.5106,0.374532,4700.35
4162,KB4,ARQ,Size_Long,300,0.01,1,38,29,0.4853,0.497512,4945.39
4163,KB4,ARQ,Size_Long,300,0.01,1,38,36,0.4434,0.45045,5412.72
4164,KB4,ARQ,Size_Long,300,0.01,1,38,43,0.5093,0.411523,4712.35
4165,KB4,ARQ,Size_Long,300,0.01,1,38,32,0.4302,0.47619,5578.8
4166,KB4,ARQ,Size_Long,300,0.01,1,38,38,0.4563,0.438596,5259.7
4167,KB4,ARQ,Size_Long,300,0.01,1,38,51,0.5153,0.374532,4657.48
4168,KB4,ARQ,Size_Long,300,0.01,1,38,32,0.4311,0.47619,5567.15
4169,KB4,ARQ,Size_Long,300,0.01,1,38,44,0.4836,0.406504,4962.78
4170,KB4,ARQ,Size_Long,300,0.01,1,38,47,0.4885,0.392157,4913
4171,KB4,ARQ,Size_Long,300,0.01,1,38,38,0.4556,0.438596,5267.78
4172,KB4,ARQ,Size_Long,300,0.01,1,38,25,0.4002,0.529101,5997
4173,KB4,ARQ,Size_Long,300,0.01,1,38,32,0.4244,0.47619,5655.04
4174,KB4,ARQ,Size_Long,300,0.01,1,38,40,0.4574,0.42735,5247.05
4175,KB4,ARQ,Size_Long,300,0.01,1,38,45,0.4908,0.401606,4889.98
4176,KB4,ARQ,Size_Long,300,0.01,1,38,53,0.5174,0.3663,4638.58
4177,KB4,ARQ,Size_Long,300,0.01,1,38,44,0.4733,0.406504,5070.78
4178,KB4,ARQ,Size_Long,300,0.01,1,38,51,0.5409,0.374532,4437.05
4179,KB4,ARQ,Size_Long,300,0.01,1,38,30,0.4176,0.490196,5747.13
4180,KB4,ARQ,Size_Long,300,0.01,1,38,52,0.5465,0.37037,4391.58
4181,KB4,ARQ,Size_Long,300,0.01,1,38,35,0.4369,0.456621,5493.25
4182,KB4,ARQ,Size_Long,300,0.01,1,38,27,0.4042,0.512821,5937.65
4183,KB4,ARQ,Size_Long,300,0.01,1,38,38,0.4502,0.438596,5330.96
4184,KB4,ARQ,Size_Long,300,0.01,1,38,40,0.4632,0.42735,5181.35
4185,KB4,ARQ,Size_Long,300,0.01,1,38,50,0.5074,0.378788,4730
4186,KB4,ARQ,Size_Long,300,0.01,1,38,33,0.4303,0.469484,5577.5
4187,KB4,ARQ,Size_Long,300,0.01,1,38,42,0.471,0.416667,5095.54
4188,KB4,ARQ,Size_Long,300,0.01,1,38,38,0.4518,0.438596,5312.08
4189,KB4,ARQ,Size_Long,300,0.01,1,38,43,0.4746,0.411523,5056.89
4190,KB4,ARQ,Size_Long,300,0.01,1,38,36,0.4395,0.45045,5460.75
4191,KB4,ARQ,Size_Long,300,0.01,1,38,60,0.621,0.340136,3864.73
4192,KB4,ARQ,Size_Long,300,0.01,0,38,46,0.4866,0.396825,4932.18
4193,KB4,ARQ,Size_Long,300,0.01,1,38,40,0.461,0.42735,5206.07
4194,KB4,ARQ,Size_Long,300,0.01,1,38,41,0.4717,0.421941,5087.98
4195,KB4,ARQ,Size_Long,300,0.01,1,38,47,0.4973,0.392157,4826.06
4196,KB4,ARQ,Size_Long,300,0.01,1,38,61,0.5873,0.3367,4086.5
4197,KB4,ARQ,Size_Long,300,0.01,1,38,33,0.4295,0.469484,5587.89
4198,KB4,ARQ,Size_Long,300,0.01,1,38,37,0.4537,0.444444,5289.84
4199,KB4,ARQ,Size_Long,300,0.01,1,38,32,0.4652,0.47619,5159.07
4200,KB4,ARQ,Size_Long,300,0.01,1,38,49,0.4976,0.383142,4823.15
4201,KB4,ARQ,Size_Long,300,0.01,1,38,51,0.5088,0.374532,4716.98
4202,KB4,ARQ,Size_Long,300,0.01,1,38,49,0.4993,0.383142,4806.73
4203,KB4,ARQ,Size_Long,300,0.01,1,38,36,0.4363,0.45045,5500.8
4204,KB4,ARQ,Size_Long,300,0.01,1,38,39,0.4565,0.4329,5257.39
4205,KB4,ARQ,Size_Long,300,0.01,1,38,30,0.4194,0.490196,5722.46
4206,KB4,ARQ,Size_Long,300,0.01,1,38,57,0.533,0.350877,4502.81
4207,KB4,ARQ,Size_Long,300,0.01,1,38,46,0.4896,0.396825,4901.96
4208,KB4,ARQ,Size_Long,300,0.01,1,38,29,0.4146,0.497512,5788.71
4209,KB4,ARQ,Size_Long,300,0.01,1,38,35,0.4411,0.456621,5440.94
4210,KB4,ARQ,Size_Long,300,0.01,1,38,47,0.4914,0.392157,4884
4211,KB4,ARQ,Size_Long,300,0.01,1,38,35,0.4389,0.456621,5468.22
4212,KB4,ARQ,Size_Long,300,0.01,1,38,44,0.4786,0.406504,5014.63
4213,KB4,ARQ,Size_Long,300,0.01,1,38,35,0.4422,0.456621,5427.41
4214,KB4,ARQ,Size_Long,300,0.01,1,38,50,0.5059,0.378788,4744.02
4215,KB4,ARQ,Size_Long,300,0.01,1,38,54,0.5261,0.362319,4561.87
4216,KB4,ARQ,Size_Long,300,0.01,1,38,36,0.44,0.45045,5454.55
4217,KB4,ARQ,Size_Long,300,0.01,1,38,30,0.4462,0.490196,5378.75
4218,KB4,ARQ,Size_Long,300,0.01,1,38,27,0.4049,0.512821,5927.39
4219,KB4,ARQ,Size_Long,300,0.01,1,38,38,0.5087,0.438596,4717.91
4220,KB4,ARQ,Size_Long,300,0.01,1,38,51,0.5164,0.374532,4647.56
4221,KB4,ARQ,Size_Long,300,0.01,1,38,41,0.4677,0.421941,5131.49
4222,KB4,ARQ,Size_Long,300,0.01,1,38,49,0.5106,0.383142,4700.35
4223,KB4,ARQ,Size_Long,300,0.01,1,38,46,0.4908,0.396825,4889.98
4224,KB4,ARQ,Size_Long,300,0.01,1,38,31,0.422,0.483092,5687.2
4225,KB4,ARQ,Size_Long,300,0.01,1,38,27,0.403,0.512821,5955.33
4226,KB4,ARQ,Size_Long,300,0.01,1,38,49,0.4996,0.383142,4803.84
4227,KB4,ARQ,Size_Long,300,0.01,1,38,33,0.4304,0.469484,5576.21
4228,KB4,ARQ,Size_Long,300,0.01,1,38,42,0.4745,0.416667,5057.96
4229,KB4,ARQ,Size_Long,300,0.01,1,38,52,0.5137,0.37037,4671.99
4230,KB4,ARQ,Size_Long,300,0.01,1,38,36,0.4473,0.45045,5365.53
4231,KB4,ARQ,Size_Long,300,0.01,1,38,29,0.4431,0.497512,5416.38
4232,KB4,ARQ,Size_Long,300,0.01,1,38,31,0.4235,0.483092,5667.06
4233,KB4,ARQ,Size_Long,300,0.01,1,38,36,0.445,0.45045,5393.26
4234,KB4,ARQ,Size_Long,300,0.01,1,38,36,0.4435,0.45045,5411.5
4235,KB4,ARQ,Size_Long,300,0.01,1,38,32,0.4582,0.47619,5237.89
4236,KB4,ARQ,Size_Long,300,0.01,1,38,42,0.4742,0.416667,5061.16
4237,KB4,ARQ,Size_Long,300,0.01,1,38,35,0.4394,0.456621,5461.99
4238,KB4,ARQ,Size_Long,300,0.01,1,38,35,0.4396,0.456621,5459.51
4239,KB4,ARQ,Size_Long,300,0.01,1,38,42,0.4742,0.416667,5061.16
4240,KB4,ARQ,Size_Long,300,0.01,1,38,41,0.469,0.421941,5117.27
4241,KB4,ARQ,Size_Long,300,0.01,1,38,49,0.4987,0.383142,4812.51
4242,KB4,ARQ,Size_Long,300,0.01,1,38,50,0.5053,0.378788,4749.65
4243,KB4,ARQ,Size_Long,300,0.01,1,38,56,0.5259,0.35461,4563.61
4244,KB4,ARQ,Size_Long,300,0.01,1,38,32,0.4275,0.47619,5614.04
4245,KB4,ARQ,Size_Long,300,0.01,1,38,36,0.4398,0.45045,5457.03
4246,KB4,ARQ,Size_Long,300,0.01,1,38,43,0.4911,0.411523,4886.99
4247,KB4,ARQ,Size_Long,300,0.01,1,38,30,0.4211,0.490196,5699.36
4248,KB4,ARQ,Size_Long,300,0.01,1,38,41,0.5367,0.421941,4471.77
4249,KB4,ARQ,Size_Long,300,0.01,1,38,41,0.501,0.421941,4790.42
4250,KB4,ARQ,Size_Long,300,0.01,1,38,42,0.4685,0.416667,5122.73
4251,KB4,ARQ,Size_Long,300,0.01,1,38,41,0.4696,0.421941,5110.73
4252,KB4,ARQ,Size_Long,300,0.01,1,38,31,0.4187,0.483092,5732.03
4253,KB4,ARQ,Size_Long,300,0.01,1,38,35,0.4655,0.456621,5155.75
4254,KB4,ARQ,Size_Long,300,0.01,1,38,28,0.4028,0.505051,5958.29
4255,KB4,ARQ,Size_Long,300,0.01,1,38,28,0.415,0.505051,5783.13
4256,KB4,ARQ,Size_Long,300,0.01,1,38,33,0.433,0.469484,5542.73
4257,KB4,ARQ,Size_Long,300,0.01,1,38,19,0.3734,0.584795,6427.42
4258,KB4,ARQ,Size_Long,300,0.01,1,38,40,0.4596,0.42735,5221.93
4259,KB4,ARQ,Size_Long,300,0.01,1,38,52,0.5165,0.37037,4646.66
4260,KB4,ARQ,Size_Long,300,0.01,1,38,32,0.4264,0.47619,5628.52
4261,KB4,ARQ,Size_Long,300,0.01,1,38,27,0.4033,0.512821,5950.91
4262,KB4,ARQ,Size_Long,300,0.01,1,38,36,0.4413,0.45045,5438.48
4263,KB4,ARQ,Size_Long,300,0.01,1,38,34,0.4408,0.462963,5444.65
4264,KB4,ARQ,Size_Long,300,0.01,1,38,29,0.4159,0.497512,5770.62
4265,KB4,ARQ,Size_Long,300,0.01,1,38,36,0.4416,0.45045,5434.78
4266,KB4,ARQ,Size_Long,300,0.01,1,38,40,0.4617,0.42735,5198.18
4267,KB4,ARQ,Size_Long,300,0.01,1,38,35,0.438,0.456621,5479.45
4268,KB4,ARQ,Size_Long,300,0.01,1,38,25,0.43,0.529101,5581.4
4269,KB4,ARQ,Size_Long,300,0.01,1,38,65,0.568,0.323625,4225.35
4270,KB4,ARQ,Size_Long,300,0.01,1,38,41,0.4717,0.421941,5087.98
4271,KB4,ARQ,Size_Long,300,0.01,1,38,47,0.5228,0.392157,4590.67
4272,KB4,ARQ,Size_Long,300,0.01,1,38,37,0.451,0.444444,5321.51
4273,KB4,ARQ,Size_Long,300,0.01,1,38,32,0.4298,0.47619,5583.99
4274,KB4,ARQ,Size_Long,300,0.01,1,38,29,0.4148,0.497512,5785.92
4275,KB4,ARQ,Size_Long,300,0.01,1,38,38,0.4516,0.438596,5314.44
4276,KB4,ARQ,Size_Long,300,0.01,1,38,33,0.431,0.469484,5568.45
4277,KB4,ARQ,Size_Long,300,0.01,1,38,37,0.5253,0.444444,4568.82
4278,KB4,ARQ,Size_Long,300,0.01,1,38,41,0.4701,0.421941,5105.3
4279,KB4,ARQ,Size_Long,300,0.01,1,38,51,0.5087,0.374532,4717.91
4280,KB4,ARQ,Size_Long,300,0.01,1,38,48,0.5001,0.387597,4799.04
4281,KB4,ARQ,Size_Long,300,0.01,1,38,36,0.4407,0.45045,5445.88
4282,KB4,ARQ,Size_Long,300,0.01,1,38,41,0.4687,0.421941,5120.55
4283,KB4,ARQ,Size_Long,300,0.01,1,38,66,0.5722,0.320513,4194.34
4284,KB4,ARQ,Size_Long,300,0.01,1,38,40,0.4604,0.42735,5212.86
4285,KB4,ARQ,Size_Long,300,0.01,1,38,42,0.4729,0.416667,5075.07
4286,KB4,ARQ,Size_Long,300,0.01,1,38,40,0.4757,0.42735,5045.2
4287,KB4,ARQ,Size_Long,300,0.01,1,38,41,0.47,0.421941,5106.38
4288,KB4,ARQ,Size_Long,300,0.01,1,38,55,0.5335,0.358423,4498.59
4289,KB4,ARQ,Size_Long,300,0.01,1,38,46,0.5101,0.396825,4704.96
4290,KB4,ARQ,Size_Long,300,0.01,1,38,44,0.475,0.406504,5052.63
4291,KB4,ARQ,Size_Long,300,0.01,1,38,33,0.4372,0.469484,5489.48
4292,KB4,ARQ,Size_Long,300,0.01,1,38,56,0.5364,0.35461,4474.27
4293,KB4,ARQ,Size_Long,300,0.01,1,38,28,0.4088,0.505051,5870.84
4294,KB4,ARQ,Size_Long,300,0.01,1,38,44,0.4795,0.406504,5005.21
4295,KB4,ARQ,Size_Long,300,0.01,1,38,29,0.4189,0.497512,5729.29
4296,KB4,ARQ,Size_Long,300,0.01,1,38,34,0.4342,0.462963,5527.41
4297,KB4,ARQ,Size_Long,300,0.01,1,38,48,0.4966,0.387597,4832.86
4298,KB4,ARQ,Size_Long,300,0.01,1,38,46,0.4885,0.396825,4913
4299,KB4,ARQ,Size_Long,300,0.01,1,38,45,0.4852,0.401606,4946.41
4300,KB4,ARQ,Size_Long,300,0.01,1,38,29,0.4139,0.497512,5798.5
4301,KB4,ARQ,Size_Long,300,0.01,1,38,42,0.4695,0.416667,5111.82
4302,KB4,ARQ,Size_Long,300,0.01,1,38,34,0.4341,0.462963,5528.68
4303,KB4,ARQ,Size_Long,300,0.01,1,38,38,0.4526,0.438596,5302.7
4304,KB4,ARQ,Size_Long,300,0.01,1,38,32,0.4301,0.47619,5580.1
4305,KB4,ARQ,Size_Long,300,0.01,1,38,33,0.4996,0.469484,4803.84
4306,KB4,ARQ,Size_Long,300,0.01,1,38,31,0.5993,0.483092,4004.67
4307,KB4,ARQ,Size_Long,300,0.01,1,38,26,0.4304,0.520833,5576.21
4308,KB4,ARQ,Size_Long,300,0.01,1,38,39,0.4559,0.4329,5264.31
4309,KB4,ARQ,Size_Long,300,0.01,1,38,35,0.4399,0.456621,5455.79
4310,KB4,ARQ,Size_Long,300,0.01,1,38,35,0.4429,0.456621,5418.83
4311,KB4,ARQ,Size_Long,300,0.01,1,38,33,0.4358,0.469484,5507.11
4312,KB4,ARQ,Size_Long,300,0.01,1,38,39,0.459,0.4329,5228.76
4313,KB4,ARQ,Size_Long,300,0.01,1,38,45,0.4843,0.401606,4955.61
4314,KB4,ARQ,Size_Long,300,0.01,1,38,49,0.4984,0.383142,4815.41
4315,KB4,ARQ,Size_Long,300,0.01,1,38,41,0.4597,0.421941,5220.8
4316,KB4,ARQ,Size_Long,300,0.01,1,38,49,0.5087,0.383142,4717.91
4317,KB4,ARQ,Size_Long,300,0.01,1,38,41,0.4685,0.421941,5122.73
4318,KB4,ARQ,Size_Long,300,0.01,1,38,45,0.4854,0.401606,4944.38
4319,KB4,ARQ,Size_Long,300,0.01,1,38,31,0.4262,0.483092,5631.16
4320,KB4,ARQ,Size_Long,300,0.01,1,38,48,0.4929,0.387597,4869.14
4321,KB4,ARQ,Size_Long,300,0.01,1,38,42,0.5007,0.416667,4793.29
4322,KB4,ARQ,Size_Long,300,0.01,1,38,47,0.491,0.392157,4887.98
4323,KB4,ARQ,Size_Long,300,0.01,1,38,36,0.4496,0.45045,5338.08
4324,KB4,ARQ,Size_Long,300,0.01,1,38,35,0.4364,0.456621,5499.54
4325,KB4,ARQ,Size_Long,300,0.01,1,38,30,0.4175,0.490196,5748.5
4326,KB4,ARQ,Size_Long,300,0.01,1,38,57,0.5361,0.350877,4476.78
4327,KB4,ARQ,Size_Long,300,0.01,1,38,45,0.4859,0.401606,4939.29
4328,KB4,ARQ,Size_Long,300,0.01,1,38,47,0.4969,0.392157,4829.95
4329,KB4,ARQ,Size_Long,300,0.01,1,38,33,0.4343,0.469484,5526.13
4330,KB4,ARQ,Size_Long,300,0.01,1,38,29,0.4185,0.497512,5734.77
4331,KB4,ARQ,Size_Long,300,0.01,1,38,34,0.4325,0.462963,5549.13
4332,KB4,ARQ,Size_Long,300,0.01,1,38,38,0.5266,0.438596,4557.54
4333,KB4,ARQ,Size_Long,300,0.01,1,38,23,0.3858,0.546448,6220.84
4334,KB4,ARQ,Size_Long,300,0.01,1,38,45,0.4885,0.401606,4913
4335,KB4,ARQ,Size_Long,300,0.01,1,38,34,0.4358,0.462963,5507.11
4336,KB4,ARQ,Size_Long,300,0.01,1,38,37,0.4482,0.444444,5354.75
4337,KB4,ARQ,Size_Long,300,0.01,1,38,31,0.4229,0.483092,5675.1
4338,KB4,ARQ,Size_Long,300,0.01,1,38,32,0.4288,0.47619,5597.01
4339,KB4,ARQ,Size_Long,300,0.01,1,38,35,0.4723,0.456621,5081.52
4340,KB4,ARQ,Size_Long,300,0.01,1,38,37,0.4492,0.444444,5342.83
4341,KB4,ARQ,Size_Long,300,0.01,1,38,42,0.4739,0.416667,5064.36
4342,KB4,ARQ,Size_Long,300,0.01,1,38,31,0.4198,0.483092,5717.01
4343,KB4,ARQ,Size_Long,300,0.01,1,38,47,0.5265,0.392157,4558.4
4344,KB4,ARQ,Size_Long,300,0.01,1,38,33,0.4288,0.469484,5597.01
4345,KB4,ARQ,Size_Long,300,0.01,1,38,49,0.4965,0.383142,4833.84
4346,KB4,ARQ,Size_Long,300,0.01,1,38,33,0.434,0.469484,5529.95
4347,KB4,ARQ,Size_Long,300,0.01,1,38,35,0.4362,0.456621,5502.06
4348,KB4,ARQ,Size_Long,300,0.01,1,38,44,0.4793,0.406504,5007.3
4349,KB4,ARQ,Size_Long,300,0.01,1,38,49,0.4935,0.383142,4863.22
4350,KB4,ARQ,Size_Long,300,0.01,1,38,55,0.5289,0.358423,4537.72
4351,KB4,ARQ,Size_Long,300,0.01,1,38,31,0.4198,0.483092,5717.01
4352,KB4,ARQ,Size_Long,300,0.01,1,38,35,0.4435,0.456621,5411.5
4353,KB4,ARQ,Size_Long,300,0.01,1,38,27,0.401,0.512821,5985.04
4354,KB4,ARQ,Size_Long,300,0.01,1,38,50,0.5057,0.378788,4745.9
4355,KB4,ARQ,Size_Long,300,0.01,1,38,29,0.4135,0.497512,5804.11
4356,KB4,ARQ,Size_Long,300,0.01,1,38,54,0.5242,0.362319,4578.41
4357,KB4,ARQ,Size_Long,300,0.01,1,38,43,0.5054,0.411523,4748.71
4358,KB4,ARQ,Size_Long,300,0.01,1,38,43,0.4758,0.411523,5044.14
4359,KB4,ARQ,Size_Long,300,0.01,1,38,32,0.4326,0.47619,5547.85
4360,KB4,ARQ,Size_Long,300,0.01,1,38,42,0.4694,0.416667,5112.91
4361,KB4,ARQ,Size_Long,300,0.01,1,38,31,0.4958,0.483092,4840.66
4362,KB4,ARQ,Size_Long,300,0.01,1,38,38,0.4541,0.438596,5285.18
4363,KB4,ARQ,Size_Long,300,0.01,1,38,24,0.3956,0.537634,6066.73
4364,KB4,ARQ,Size_Long,300,0.01,1,38,42,0.4696,0.416667,5110.73
4365,KB4,ARQ,Size_Long,300,0.01,1,38,43,0.4747,0.411523,5055.82
4366,KB4,ARQ,Size_Long,300,0.01,1,38,27,0.4013,0.512821,5980.56
4367,KB4,ARQ,Size_Long,300,0.01,1,38,35,0.4392,0.456621,5464.48
4368,KB4,ARQ,Size_Long,300,0.01,1,38,39,0.455,0.4329,5274.73
4369,KB4,ARQ,Size_Long,300,0.01,1,38,40,0.4592,0.42735,5226.48
4370,KB4,ARQ,Size_Long,300,0.01,1,38,45,0.486,0.401606,4938.27
4371,KB4,ARQ,Size_Long,300,0.01,1,38,37,0.4493,0.444444,5341.64
4372,KB4,ARQ,Size_Long,300,0.01,1,38,42,0.4667,0.416667,5142.49
4373,KB4,ARQ,Size_Long,300,0.01,1,38,41,0.4697,0.421941,5109.64
4374,KB4,ARQ,Size_Long,300,0.01,1,38,41,0.4723,0.421941,5081.52
4375,KB4,ARQ,Size_Long,300,0.01,1,38,38,0.4869,0.438596,4929.14
4376,KB4,ARQ,Size_Long,300,0.01,1,38,39,0.4539,0.4329,5287.51
4377,KB4,ARQ,Size_Long,300,0.01,1,38,40,0.4638,0.42735,5174.64
4378,KB4,ARQ,Size_Long,300,0.01,1,38,60,0.5438,0.340136,4413.39
4379,KB4,ARQ,Size_Long,300,0.01,1,38,42,0.5045,0.416667,4757.19
4380,KB4,ARQ,Size_Long,300,0.01,1,38,44,0.4788,0.406504,5012.53
4381,KB4,ARQ,Size_Long,300,0.01,1,38,27,0.4039,0.512821,5942.06
4382,KB4,ARQ,Size_Long,300,0.01,1,38,35,0.4402,0.456621,5452.07
4383,KB4,ARQ,Size_Long,300,0.01,1,38,37,0.4483,0.444444,5353.56
4384,KB4,ARQ,Size_Long,300,0.01,1,38,49,0.51,0.383142,4705.88
4385,KB4,ARQ,Size_Long,300,0.01,1,38,53,0.5179,0.3663,4634.1
4386,KB4,ARQ,Size_Long,300,0.01,1,38,26,0.4003,0.520833,5995.5
4387,KB4,ARQ,Size_Long,300,0.01,1,38,28,0.4119,0.505051,5826.66
4388,KB4,ARQ,Size_Long,300,0.01,1,38,58,0.5478,0.347222,4381.16
4389,KB4,ARQ,Size_Long,300,0.01,1,38,24,0.3965,0.537634,6052.96
4390,KB4,ARQ,Size_Long,300,0.01,1,38,32,0.5059,0.47619,4744.02
4391,KB4,ARQ,Size_Long,300,0.01,1,38,50,0.5148,0.378788,4662
4392,KB4,ARQ,Size_Long,300,0.01,1,38,40,0.46,0.42735,5217.39
4393,KB4,ARQ,Size_Long,300,0.01,1,38,41,0.5004,0.421941,4796.16
4394,KB4,ARQ,Size_Long,300,0.01,1,38,33,0.4332,0.469484,5540.17
4395,KB4,ARQ,Size_Long,300,0.01,1,38,51,0.5096,0.374532,4709.58
4396,KB4,ARQ,Size_Long,300,0.01,1,38,37,0.4509,0.444444,5322.69
4397,KB4,ARQ,Size_Long,300,0.01,1,38,42,0.5018,0.416667,4782.78
4398,KB4,ARQ,Size_Long,300,0.01,1,38,34,0.4361,0.462963,5503.32
4399,KB4,ARQ,Size_Long,300,0.01,1,38,36,0.4429,0.45045,5418.83
4400,KB4,ARQ,Size_Long,300,0.01,1,38,46,0.4913,0.396825,4885
4401,KB4,ARQ,Size_Long,300,0.01,1,38,35,0.4397,0.456621,5458.27
4402,KB4,ARQ,Size_Long,300,0.01,1,38,40,0.4611,0.42735,5204.94
4403,KB4,ARQ,Size_Long,300,0.01,1,38,37,0.4509,0.444444,5322.69
4404,KB4,ARQ,Size_Long,300,0.01,1,38,33,0.4342,0.469484,5527.41
4405,KB4,ARQ,Size_Long,300,0.01,1,38,34,0.4384,0.462963,5474.45
4406,KB4,ARQ,Size_Long,300,0.01,1,38,32,0.4336,0.47619,5535.06
4407,KB4,ARQ,Size_Long,300,0.01,1,38,27,0.4043,0.512821,5936.19
4408,KB4,ARQ,Size_Long,300,0.01,1,38,50,0.5027,0.378788,4774.22
4409,KB4,ARQ,Size_Long,300,0.01,1,38,35,0.4391,0.456621,5465.73
4410,KB4,ARQ,Size_Long,300,0.01,1,38,42,0.4714,0.416667,5091.22
4411,KB4,ARQ,Size_Long,300,0.01,1,38,27,0.4174,0.512821,5749.88
4412,KB4,ARQ,Size_Long,300,0.01,1,38,56,0.5278,0.35461,4547.18
4413,KB4,ARQ,Size_Long,300,0.01,1,38,32,0.4333,0.47619,5538.89
4414,KB4,ARQ,Size_Long,300,0.01,1,38,34,0.4356,0.462963,5509.64
4415,KB4,ARQ,Size_Long,300,0.01,1,38,46,0.5232,0.396825,4587.16
4416,KB4,ARQ,Size_Long,300,0.01,1,38,40,0.4639,0.42735,5173.53
4417,KB4,ARQ,Size_Long,300,0.01,1,38,49,0.5042,0.383142,4760.02
4418,KB4,ARQ,Size_Long,300,0.01,1,38,36,0.4561,0.45045,5262
4419,KB4,ARQ,Size_Long,300,0.01,1,38,27,0.4316,0.512821,5560.7
4420,KB4,ARQ,Size_Long,300,0.01,1,38,53,0.5184,0.3663,4629.63
4421,KB4,ARQ,Size_Long,300,0.01,1,38,44,0.479,0.406504,5010.44
4422,KB4,ARQ,Size_Long,300,0.01,1,38,49,0.4983,0.383142,4816.38
4423,KB4,ARQ,Size_Long,300,0.01,1,38,52,0.5156,0.37037,4654.77
4424,KB4,ARQ,Size_Long,300,0.01,1,38,45,0.4788,0.401606,5012.53
4425,KB4,ARQ,Size_Long,300,0.01,1,38,45,0.4826,0.401606,4973.06
4426,KB4,ARQ,Size_Long,300,0.01,1,38,41,0.4649,0.421941,5162.4
4427,KB4,ARQ,Size_Long,300,0.01,1,38,37,0.449,0.444444,5345.21
4428,KB4,ARQ,Size_Long,300,0.01,1,38,35,0.4359,0.456621,5505.85
4429,KB4,ARQ,Size_Long,300,0.01,1,38,34,0.4703,0.462963,5103.13
4430,KB4,ARQ,Size_Long,300,0.01,1,38,53,0.5172,0.3663,4640.37
4431,KB4,ARQ,Size_Long,300,0.01,1,38,32,0.4292,0.47619,5591.8
4432,KB4,ARQ,Size_Long,300,0.01,1,38,35,0.4725,0.456621,5079.37
4433,KB4,ARQ,Size_Long,300,0.01,1,38,25,0.3958,0.529101,6063.67
4434,KB4,ARQ,Size_Long,300,0.01,1,38,34,0.4323,0.462963,5551.7
4435,KB4,ARQ,Size_Long,300,0.01,1,38,28,0.4109,0.505051,5840.84
4436,KB4,ARQ,Size_Long,300,0.01,1,38,36,0.4424,0.45045,5424.95
4437,KB4,ARQ,Size_Long,300,0.01,1,38,30,0.4247,0.490196,5651.05
4438,KB4,ARQ,Size_Long,300,0.01,1,38,47,0.4946,0.392157,4852.41
4439,KB4,ARQ,Size_Long,300,0.01,1,38,39,0.458,0.4329,5240.17
4440,KB4,ARQ,Size_Long,300,0.01,1,38,42,0.4709,0.416667,5096.62
4441,KB4,ARQ,Size_Long,300,0.01,1,38,48,0.4952,0.387597,4846.53
4442,KB4,ARQ,Size_Long,300,0.01,1,38,33,0.4296,0.469484,5586.59
4443,KB4,ARQ,Size_Long,300,0.01,1,38,37,0.4498,0.444444,5335.7
4444,KB4,ARQ,Size_Long,300,0.01,1,38,51,0.5105,0.374532,4701.27
4445,KB4,ARQ,Size_Long,300,0.01,1,38,38,0.4576,0.438596,5244.76
4446,KB4,ARQ,Size_Long,300,0.01,1,38,36,0.4401,0.45045,5453.31
4447,KB4,ARQ,Size_Long,300,0.01,1,38,42,0.5445,0.416667,4407.71
4448,KB4,ARQ,Size_Long,300,0.01,1,38,41,0.4698,0.421941,5108.56
4449,KB4,ARQ,Size_Long,300,0.01,1,38,50,0.51,0.378788,4705.88
4450,KB4,ARQ,Size_Long,300,0.01,1,38,55,0.561,0.358423,4278.07
4451,KB4,ARQ,Size_Long,300,0.01,1,38,42,0.4739,0.416667,5064.36
4452,KB4,ARQ,Size_Long,300,0.01,1,38,30,0.4194,0.490196,5722.46
4453,KB4,ARQ,Size_Long,300,0.01,1,38,32,0.423,0.47619,5673.76
4454,KB4,ARQ,Size_Long,300,0.01,1,38,42,0.4707,0.416667,5098.79
4455,KB4,ARQ,Size_Long,300,0.01,1,38,58,0.5359,0.347222,4478.45
4456,KB4,ARQ,Size_Long,300,0.01,1,38,28,0.4139,0.505051,5798.5
4457,KB4,ARQ,Size_Long,300,0.01,1,38,49,0.497,0.383142,4828.97
4458,KB4,ARQ,Size_Long,300,0.01,1,38,40,0.4562,0.42735,5260.85
4459,KB4,ARQ,Size_Long,300,0.01,1,38,39,0.4569,0.4329,5252.79
4460,KB4,ARQ,Size_Long,300,0.01,1,38,31,0.4223,0.483092,5683.16
4461,KB4,ARQ,Size_Long,300,0.01,1,38,45,0.4901,0.401606,4896.96
4462,KB4,ARQ,Size_Long,300,0.01,1,38,26,0.4012,0.520833,5982.05
4463,KB4,ARQ,Size_Long,300,0.01,1,38,42,0.4737,0.416667,5066.5
4464,KB4,ARQ,Size_Long,300,0.01,1,38,38,0.4524,0.438596,5305.04
4465,KB4,ARQ,Size_Long,300,0.01,1,38,27,0.4376,0.512821,5484.46
4466,KB4,ARQ,Size_Long,300,0.01,1,38,31,0.4195,0.483092,5721.1
4467,KB4,ARQ,Size_Long,300,0.01,1,38,45,0.487,0.401606,4928.13
4468,KB4,ARQ,Size_Long,300,0.01,1,38,44,0.4763,0.406504,5038.84
4469,KB4,ARQ,Size_Long,300,0.01,1,38,39,0.4562,0.4329,5260.85
4470,KB4,ARQ,Size_Long,300,0.01,1,38,55,0.527,0.358423,4554.08
4471,KB4,ARQ,Size_Long,300,0.01,1,38,52,0.5158,0.37037,4652.97
4472,KB4,ARQ,Size_Long,300,0.01,1,38,41,0.4682,0.421941,5126.01
4473,KB4,ARQ,Size_Long,300,0.01,1,38,49,0.4976,0.383142,4823.15
4474,KB4,ARQ,Size_Long,300,0.01,1,38,31,0.4206,0.483092,5706.13
4475,KB4,ARQ,Size_Long,300,0.01,1,38,49,0.5416,0.383142,4431.31
4476,KB4,ARQ,Size_Long,300,0.01,1,38,26,0.4007,0.520833,5989.52
4477,KB4,ARQ,Size_Long,300,0.01,1,38,30,0.4179,0.490196,5743
4478,KB4,ARQ,Size_Long,300,0.01,1,38,42,0.4692,0.416667,5115.09
4479,KB4,ARQ,Size_Long,300,0.01,1,38,42,0.4717,0.416667,5087.98
4480,KB4,ARQ,Size_Long,300,0.01,1,38,43,0.4782,0.411523,5018.82
4481,KB4,ARQ,Size_Long,300,0.01,1,38,35,0.4429,0.456621,5418.83
4482,KB4,ARQ,Size_Long,300,0.01,1,38,30,0.4179,0.490196,5743
4483,KB4,ARQ,Size_Long,300,0.01,1,38,50,0.5406,0.378788,4439.51
4484,KB4,ARQ,Size_Long,300,0.01,1,38,39,0.4607,0.4329,5209.46
4485,KB4,ARQ,Size_Long,300,0.01,1,38,32,0.4282,0.47619,5604.86
4486,KB4,ARQ,Size_Long,300,0.01,1,38,48,0.5291,0.387597,4536
4487,KB4,ARQ,Size_Long,300,0.01,1,38,39,0.4585,0.4329,5234.46
4488,KB4,ARQ,Size_Long,300,0.01,1,38,37,0.4437,0.444444,5409.06
4489,KB4,ARQ,Size_Long,300,0.01,1,38,49,0.4959,0.383142,4839.69
4490,KB4,ARQ,Size_Long,300,0.01,1,38,28,0.4057,0.505051,5915.7
4491,KB4,ARQ,Size_Long,300,0.01,1,38,33,0.4317,0.469484,5559.42
4492,KB4,ARQ,Size_Long,300,0.01,1,38,39,0.4725,0.4329,5079.37
4493,KB4,ARQ,Size_Long,300,0.01,1,38,25,0.3974,0.529101,6039.26
4494,KB4,ARQ,Size_Long,300,0.01,1,38,30,0.4185,0.490196,5734.77
4495,KB4,ARQ,Size_Long,300,0.01,1,38,50,0.5096,0.378788,4709.58
4496,KB4,ARQ,Size_Long,300,0.01,1,38,46,0.4884,0.396825,4914
4497,KB4,ARQ,Size_Long,300,0.01,1,38,37,0.4429,0.444444,5418.83
4498,KB4,ARQ,Size_Long,300,0.01,1,38,31,0.4194,0.483092,5722.46
4499,KB4,ARQ,Size_Long,300,0.01,1,38,24,0.3955,0.537634,6068.27
4500,KB4,ARQ,Size_Long,300,0.01,1,38,44,0.4751,0.406504,5051.57
4501,KB4,ARQ,Size_Long,300,0.01,1,38,22,0.4101,0.555556,5852.23
4502,KB4,ARQ,Size_Long,300,0.01,1,38,51,0.5148,0.374532,4662
4503,KB4,ARQ,Size_Long,300,0.01,1,38,44,0.4751,0.406504,5051.57
4504,KB4,ARQ,Size_Long,300,0.01,1,38,41,0.4633,0.421941,5180.23
4505,KB4,ARQ,Size_Long,300,0.01,1,38,33,0.5025,0.469484,4776.12
4506,KB4,ARQ,Size_Long,300,0.01,1,38,32,0.4321,0.47619,5554.27
4507,KB4,ARQ,Size_Long,300,0.01,1,38,51,0.5114,0.374532,4693
4508,KB4,ARQ,Size_Long,300,0.01,1,38,46,0.4925,0.396825,4873.1
4509,KB4,ARQ,Size_Long,300,0.01,1,38,56,0.5357,0.35461,4480.12
4510,KB4,ARQ,Size_Long,300,0.01,1,38,34,0.437,0.462963,5491.99
4511,KB4,ARQ,Size_Long,300,0.01,1,38,36,0.4438,0.45045,5407.84
4512,KB4,ARQ,Size_Long,300,0.01,1,38,32,0.4266,0.47619,5625.88
4513,KB4,ARQ,Size_Long,300,0.01,1,38,49,0.5017,0.383142,4783.74
4514,KB4,ARQ,Size_Long,300,0.01,1,38,55,0.5306,0.358423,4523.18
4515,KB4,ARQ,Size_Long,300,0.01,1,38,50,0.5098,0.378788,4707.73
4516,KB4,ARQ,Size_Long,300,0.01,1,38,44,0.4795,0.406504,5005.21
4517,KB4,ARQ,Size_Long,300,0.01,1,38,48,0.4953,0.387597,4845.55
4518,KB4,ARQ,Size_Long,300,0.01,1,38,35,0.4399,0.456621,5455.79
4519,KB4,ARQ,Size_Long,300,0.01,1,38,63,0.5626,0.330033,4265.91
4520,KB4,ARQ,Size_Long,300,0.01,1,38,45,0.4806,0.401606,4993.76
4521,KB4,ARQ,Size_Long,300,0.01,1,38,45,0.4918,0.401606,4880.03
4522,KB4,ARQ,Size_Long,300,0.01,1,38,47,0.5221,0.392157,4596.82
4523,KB4,ARQ,Size_Long,300,0.01,1,38,40,0.4581,0.42735,5239.03
4524,KB4,ARQ,Size_Long,300,0.01,1,38,55,0.5278,0.358423,4547.18
4525,KB4,ARQ,Size_Long,300,0.01,1,38,50,0.5097,0.378788,4708.65
4526,KB4,ARQ,Size_Long,300,0.01,1,38,40,0.462,0.42735,5194.81
4527,KB4,ARQ,Size_Long,300,0.01,1,38,46,0.4926,0.396825,4872.11
4528,KB4,ARQ,Size_Long,300,0.01,1,38,35,0.4399,0.456621,5455.79
4529,KB4,ARQ,Size_Long,300,0.01,1,38,26,0.4018,0.520833,5973.12
4530,KB4,ARQ,Size_Long,300,0.01,1,38,47,0.4939,0.392157,4859.28
4531,KB4,ARQ,Size_Long,300,0.01,1,38,31,0.4191,0.483092,5726.56
4532,KB4,ARQ,Size_Long,300,0.01,1,38,50,0.5283,0.378788,4542.87
4533,KB4,ARQ,Size_Long,300,0.01,1,38,44,0.4809,0.406504,4990.64
4534,KB4,ARQ,Size_Long,300,0.01,1,38,33,0.4356,0.469484,5509.64
4535,KB4,ARQ,Size_Long,300,0.01,1,38,32,0.4243,0.47619,5656.38
4536,KB4,ARQ,Size_Long,300,0.01,1,38,50,0.536,0.378788,4477.61
4537,KB4,ARQ,Size_Long,300,0.01,1,38,52,0.51,0.37037,4705.88
4538,KB4,ARQ,Size_Long,300,0.01,1,38,45,0.4923,0.401606,4875.08
4539,KB4,ARQ,Size_Long,300,0.01,1,38,49,0.5337,0.383142,4496.91
4540,KB4,ARQ,Size_Long,300,0.01,1,38,35,0.4366,0.456621,5497.02
4541,KB4,ARQ,Size_Long,300,0.01,0,38,51,0.501,0.374532,4790.42
4542,KB4,ARQ,Size_Long,300,0.01,1,38,41,0.4683,0.421941,5124.92
4543,KB4,ARQ,Size_Long,300,0.01,1,38,40,0.4598,0.42735,5219.66
4544,KB4,ARQ,Size_Long,300,0.01,1,38,40,0.4617,0.42735,5198.18
4545,KB4,ARQ,Size_Long,300,0.01,1,38,51,0.5201,0.374532,4614.5
4546,KB4,ARQ,Size_Long,300,0.01,1,38,43,0.4742,0.411523,5061.16
4547,KB4,ARQ,Size_Long,300,0.01,1,38,22,0.3842,0.555556,6246.75
4548,KB4,ARQ,Size_Long,300,0.01,1,38,41,0.4681,0.421941,5127.11
4549,KB4,ARQ,Size_Long,300,0.01,1,38,35,0.44,0.456621,5454.55
4550,KB4,ARQ,Size_Long,300,0.01,1,38,43,0.4734,0.411523,5069.71
4551,KB4,ARQ,Size_Long,300,0.01,1,38,46,0.4895,0.396825,4902.96
4552,KB4,ARQ,Size_Long,300,0.01,1,38,38,0.4534,0.438596,5293.34
4553,KB4,ARQ,Size_Long,300,0.01,1,38,34,0.4386,0.462963,5471.96
4554,KB4,ARQ,Size_Long,300,0.01,1,38,43,0.5072,0.411523,4731.86
4555,KB4,ARQ,Size_Long,300,0.01,1,38,34,0.4328,0.462963,5545.29
4556,KB4,ARQ,Size_Long,300,0.01,1,38,55,0.5279,0.358423,4546.32
4557,KB4,ARQ,Size_Long,300,0.01,1,38,28,0.4497,0.505051,5336.89
4558,KB4,ARQ,Size_Long,300,0.01,1,38,34,0.4372,0.462963,5489.48
4559,KB4,ARQ,Size_Long,300,0.01,1,38,25,0.3965,0.529101,6052.96
4560,KB4,ARQ,Size_Long,300,0.01,1,38,37,0.4499,0.444444,5334.52
4561,KB4,ARQ,Size_Long,300,0.01,1,38,38,0.5002,0.438596,4798.08
4562,KB4,ARQ,Size_Long,300,0.01,1,38,33,0.4215,0.469484,5693.95
4563,KB4,ARQ,Size_Long,300,0.01,1,38,38,0.4575,0.438596,5245.9
4564,KB4,ARQ,Size_Long,300,0.01,1,38,49,0.501,0.383142,4790.42
4565,KB4,ARQ,Size_Long,300,0.01,1,38,61,0.5482,0.3367,4377.96
4566,KB4,ARQ,Size_Long,300,0.01,1,38,35,0.4395,0.456621,5460.75
4567,KB4,ARQ,Size_Long,300,0.01,1,38,44,0.4779,0.406504,5021.97
4568,KB4,ARQ,Size_Long,300,0.01,1,38,46,0.4909,0.396825,4888.98
4569,KB4,ARQ,Size_Long,300,0.01,1,38,53,0.5148,0.3663,4662
4570,KB4,ARQ,Size_Long,300,0.01,1,38,35,0.4427,0.456621,5421.28
4571,KB4,ARQ,Size_Long,300,0.01,1,38,45,0.4784,0.401606,5016.72
4572,KB4,ARQ,Size_Long,300,0.01,1,38,49,0.5016,0.383142,4784.69
4573,KB4,ARQ,Size_Long,300,0.01,1,38,40,0.4616,0.42735,5199.31
4574,KB4,ARQ,Size_Long,300,0.01,1,38,41,0.4599,0.421941,5218.53
4575,KB4,ARQ,Size_Long,300,0.01,1,38,41,0.496,0.421941,4838.71
4576,KB4,ARQ,Size_Long,300,0.01,1,38,45,0.4866,0.401606,4932.18
4577,KB4,ARQ,Size_Long,300,0.01,1,38,35,0.4437,0.456621,5409.06
4578,KB4,ARQ,Size_Long,300,0.01,1,38,46,0.4887,0.396825,4910.99
4579,KB4,ARQ,Size_Long,300,0.01,1,38,46,0.4907,0.396825,4890.97
4580,KB4,ARQ,Size_Long,300,0.01,1,38,41,0.4657,0.421941,5153.53
4581,KB4,ARQ,Size_Long,300,0.01,1,38,43,0.4774,0.411523,5027.23
4582,KB4,ARQ,Size_Long,300,0.01,1,38,31,0.4281,0.483092,5606.17
4583,KB4,ARQ,Size_Long,300,0.01,1,38,39,0.4569,0.4329,5252.79
4584,KB4,ARQ,Size_Long,300,0.01,1,38,41,0.4695,0.421941,5111.82
4585,KB4,ARQ,Size_Long,300,0.01,1,38,47,0.4929,0.392157,4869.14
4586,KB4,ARQ,Size_Long,300,0.01,1,38,30,0.4191,0.490196,5726.56
4587,KB4,ARQ,Size_Long,300,0.01,1,38,37,0.4489,0.444444,5346.4
4588,KB4,ARQ,Size_Long,300,0.01,1,38,40,0.466,0.42735,5150.21
4589,KB4,ARQ,Size_Long,300,0.01,1,38,35,0.5088,0.456621,4716.98
4590,KB4,ARQ,Size_Long,300,0.01,1,38,39,0.5773,0.4329,4157.28
4591,KB4,ARQ,Size_Long,300,0.01,1,38,40,0.4635,0.42735,5177.99
4592,KB4,ARQ,Size_Long,300,0.01,1,38,27,0.4011,0.512821,5983.55
4593,KB4,ARQ,Size_Long,300,0.01,1,38,29,0.4448,0.497512,5395.68
4594,KB4,ARQ,Size_Long,300,0.01,1,38,51,0.5082,0.374532,4722.55
4595,KB4,ARQ,Size_Long,300,0.01,1,38,37,0.4453,0.444444,5389.62
4596,KB4,ARQ,Size_Long,300,0.01,1,38,29,0.4158,0.497512,5772.01
4597,KB4,ARQ,Size_Long,300,0.01,1,38,38,0.4513,0.438596,5317.97
4598,KB4,ARQ,Size_Long,300,0.01,1,38,37,0.4501,0.444444,5332.15
4599,KB4,ARQ,Size_Long,300,0.01,1,38,42,0.4694,0.416667,5112.91
4600,KB4,ARQ,Size_Long,300,0.01,1,38,39,0.4658,0.4329,5152.43
4601,KB4,ARQ,Size_Long,300,0.01,1,38,48,0.4971,0.387597,4828
4602,KB4,ARQ,Size_Long,300,0.01,1,38,25,0.403,0.529101,5955.33
4603,KB4,ARQ,Size_Long,300,0.01,1,38,30,0.4178,0.490196,5744.38
4604,KB4,ARQ,Size_Long,300,0.01,1,38,51,0.7101,0.374532,3379.81
4605,KB4,ARQ,Size_Long,300,0.01,1,38,56,0.5316,0.35461,4514.67
4606,KB4,ARQ,Size_Long,300,0.01,1,38,39,0.4611,0.4329,5204.94
4607,KB4,ARQ,Size_Long,300,0.01,1,38,39,0.4863,0.4329,4935.23
4608,KB4,ARQ,Size_Long,300,0.01,1,38,23,0.3841,0.546448,6248.37
4609,KB4,ARQ,Size_Long,300,0.01,1,38,42,0.4708,0.416667,5097.71
4610,KB4,ARQ,Size_Long,300,0.01,1,38,40,0.6433,0.42735,3730.76
4611,KB4,ARQ,Size_Long,300,0.01,1,38,41,0.4744,0.421941,5059.02
4612,KB4,ARQ,Size_Long,300,0.01,1,38,32,0.4267,0.47619,5624.56
4613,KB4,ARQ,Size_Long,300,0.01,1,38,44,0.478,0.406504,5020.92
4614,KB4,ARQ,Size_Long,300,0.01,1,38,29,0.4241,0.497512,5659.04
4615,KB4,ARQ,Size_Long,300,0.01,1,38,50,0.5079,0.378788,4725.34
4616,KB4,ARQ,Size_Long,300,0.01,1,38,43,0.4697,0.411523,5109.64
4617,KB4,ARQ,Size_Long,300,0.01,1,38,49,0.5459,0.383142,4396.41
4618,KB4,ARQ,Size_Long,300,0.01,1,38,59,0.5445,0.343643,4407.71
4619,KB4,ARQ,Size_Long,300,0.01,1,38,51,0.512,0.374532,4687.5
4620,KB4,ARQ,Size_Long,300,0.01,1,38,42,0.4729,0.416667,5075.07
4621,KB4,ARQ,Size_Long,300,0.01,1,38,40,0.4612,0.42735,5203.82
4622,KB4,ARQ,Size_Long,300,0.01,1,38,39,0.4571,0.4329,5250.49
4623,KB4,ARQ,Size_Long,300,0.01,1,38,57,0.5314,0.350877,4516.37
4624,KB4,ARQ,Size_Long,300,0.01,1,38,24,0.4217,0.537634,5691.25
4625,KB4,ARQ,Size_Long,300,0.01,1,38,33,0.4315,0.469484,5561.99
4626,KB4,ARQ,Size_Long,300,0.01,1,38,49,0.5042,0.383142,4760.02
4627,KB4,ARQ,Size_Long,300,0.01,1,38,37,0.4554,0.444444,5270.09
4628,KB4,ARQ,Size_Long,300,0.01,1,38,30,0.4485,0.490196,5351.17
4629,KB4,ARQ,Size_Long,300,0.01,1,38,41,0.4713,0.421941,5092.3
4630,KB4,ARQ,Size_Long,300,0.01,1,38,29,0.4147,0.497512,5787.32
4631,KB4,ARQ,Size_Long,300,0.01,1,38,35,0.4415,0.456621,5436.01
4632,KB4,ARQ,Size_Long,300,0.01,1,38,39,0.4531,0.4329,5296.84
4633,KB4,ARQ,Size_Long,300,0.01,1,38,40,0.4626,0.42735,5188.07
4634,KB4,ARQ,Size_Long,300,0.01,1,38,41,0.4705,0.421941,5100.96
4635,KB4,ARQ,Size_Long,300,0.01,1,38,43,0.4795,0.411523,5005.21
4636,KB4,ARQ,Size_Long,300,0.01,1,38,40,0.4622,0.42735,5192.56
4637,KB4,ARQ,Size_Long,300,0.01,1,38,31,0.4232,0.483092,5671.08
4638,KB4,ARQ,Size_Long,300,0.01,1,38,46,0.4924,0.396825,4874.09
4639,KB4,ARQ,Size_Long,300,0.01,1,38,40,0.5358,0.42735,4479.28
4640,KB4,ARQ,Size_Long,300,0.01,1,38,47,0.4917,0.392157,4881.03
4641,KB4,ARQ,Size_Long,300,0.01,1,38,56,0.5323,0.35461,4508.74
4642,KB4,ARQ,Size_Long,300,0.01,1,38,31,0.4565,0.483092,5257.39
4643,KB4,ARQ,Size_Long,300,0.01,1,38,39,0.4564,0.4329,5258.55
4644,KB4,ARQ,Size_Long,300,0.01,1,38,46,0.4898,0.396825,4899.96
4645,KB4,ARQ,Size_Long,300,0.01,1,38,35,0.4809,0.456621,4990.64
4646,KB4,ARQ,Size_Long,300,0.01,1,38,34,0.4355,0.462963,5510.91
4647,KB4,ARQ,Size_Long,300,0.01,1,38,34,0.4372,0.462963,5489.48
4648,KB4,ARQ,Size_Long,300,0.01,1,38,33,0.4332,0.469484,5540.17
4649,KB4,ARQ,Size_Long,300,0.01,1,38,35,0.4358,0.456621,5507.11
4650,KB4,ARQ,Size_Long,300,0.01,1,38,39,0.4526,0.4329,5302.7
4651,KB4,ARQ,Size_Long,300,0.01,1,38,40,0.4636,0.42735,5176.88
4652,KB4,ARQ,Size_Long,300,0.01,1,38,34,0.4359,0.462963,5505.85
4653,KB4,ARQ,Size_Long,300,0.01,1,38,26,0.4192,0.520833,5725.19
4654,KB4,ARQ,Size_Long,300,0.01,1,38,48,0.4954,0.387597,4844.57
4655,KB4,ARQ,Size_Long,300,0.01,1,38,55,0.5236,0.358423,4583.65
4656,KB4,ARQ,Size_Long,300,0.01,1,38,60,0.5546,0.340136,4327.44
4657,KB4,ARQ,Size_Long,300,0.01,1,38,43,0.4746,0.411523,5056.89
4658,KB4,ARQ,Size_Long,300,0.01,1,38,36,0.4426,0.45045,5422.5
4659,KB4,ARQ,Size_Long,300,0.01,1,38,44,0.4825,0.406504,4974.09
4660,KB4,ARQ,Size_Long,300,0.01,1,38,38,0.4842,0.438596,4956.63
4661,KB4,ARQ,Size_Long,300,0.01,1,38,43,0.4735,0.411523,5068.64
4662,KB4,ARQ,Size_Long,300,0.01,1,38,46,0.4922,0.396825,4876.07
4663,KB4,ARQ,Size_Long,300,0.01,1,38,39,0.4915,0.4329,4883.01
4664,KB4,ARQ,Size_Long,300,0.01,1,38,34,0.4344,0.462963,5524.86
4665,KB4,ARQ,Size_Long,300,0.01,1,38,38,0.4549,0.438596,5275.88
4666,KB4,ARQ,Size_Long,300,0.01,1,38,46,0.486,0.396825,4938.27
4667,KB4,ARQ,Size_Long,300,0.01,1,38,35,0.4392,0.456621,5464.48
4668,KB4,ARQ,Size_Long,300,0.01,1,38,58,0.5427,0.347222,4422.33
4669,KB4,ARQ,Size_Long,300,0.01,1,38,39,0.4941,0.4329,4857.32
4670,KB4,ARQ,Size_Long,300,0.01,1,38,33,0.43,0.469484,5581.4
4671,KB4,ARQ,Size_Long,300,0.01,1,38,49,0.5007,0.383142,4793.29
4672,KB4,ARQ,Size_Long,300,0.01,1,38,38,0.4524,0.438596,5305.04
4673,KB4,ARQ,Size_Long,300,0.01,1,38,36,0.4446,0.45045,5398.11
4674,KB4,ARQ,Size_Long,300,0.01,1,38,26,0.4616,0.520833,5199.31
4675,KB4,ARQ,Size_Long,300,0.01,1,38,28,0.4102,0.505051,5850.8
4676,KB4,ARQ,Size_Long,300,0.01,1,38,32,0.4298,0.47619,5583.99
4677,KB4,ARQ,Size_Long,300,0.01,1,38,36,0.4444,0.45045,5400.54
4678,KB4,ARQ,Size_Long,300,0.01,1,38,51,0.5438,0.374532,4413.39
4679,KB4,ARQ,Size_Long,300,0.01,1,38,37,0.4495,0.444444,5339.27
4680,KB4,ARQ,Size_Long,300,0.01,1,38,45,0.4777,0.401606,5024.07
4681,KB4,ARQ,Size_Long,300,0.01,1,38,38,0.4802,0.438596,4997.92
4682,KB4,ARQ,Size_Long,300,0.01,1,38,45,0.4848,0.401606,4950.5
4683,KB4,ARQ,Size_Long,300,0.01,1,38,44,0.4799,0.406504,5001.04
4684,KB4,ARQ,Size_Long,300,0.01,1,38,31,0.4202,0.483092,5711.57
4685,KB4,ARQ,Size_Long,300,0.01,1,38,30,0.4209,0.490196,5702.07
4686,KB4,ARQ,Size_Long,300,0.01,1,38,37,0.4505,0.444444,5327.41
4687,KB4,ARQ,Size_Long,300,0.01,1,38,37,0.4521,0.444444,5308.56
4688,KB4,ARQ,Size_Long,300,0.01,1,38,35,0.4391,0.456621,5465.73
4689,KB4,ARQ,Size_Long,300,0.01,1,38,21,0.3809,0.564972,6300.87
4690,KB4,ARQ,Size_Long,300,0.01,1,38,50,0.509,0.378788,4715.13
4691,KB4,ARQ,Size_Long,300,0.01,1,38,30,0.4204,0.490196,5708.85
4692,KB4,ARQ,Size_Long,300,0.01,1,38,44,0.4812,0.406504,4987.53
4693,KB4,ARQ,Size_Long,300,0.01,1,38,43,0.4726,0.411523,5078.29
4694,KB4,ARQ,Size_Long,300,0.01,1,38,28,0.4119,0.505051,5826.66
4695,KB4,ARQ,Size_Long,300,0.01,1,38,43,0.4722,0.411523,5082.59
4696,KB4,ARQ,Size_Long,300,0.01,1,38,47,0.5213,0.392157,4603.87
4697,KB4,ARQ,Size_Long,300,0.01,1,38,38,0.4566,0.438596,5256.24
4698,KB4,ARQ,Size_Long,300,0.01,1,38,35,0.4393,0.456621,5463.24
4699,KB4,ARQ,Size_Long,300,0.01,1,38,46,0.551,0.396825,4355.72
4700,KB4,ARQ,Size_Long,300,0.01,1,38,30,0.4246,0.490196,5652.38
4701,KB4,ARQ,Size_Long,300,0.01,1,38,54,0.5255,0.362319,4567.08
4702,KB4,ARQ,Size_Long,300,0.01,1,38,34,0.4349,0.462963,5518.51
4703,KB4,ARQ,Size_Long,300,0.01,1,38,39,0.5289,0.4329,4537.72
4704,KB4,ARQ,Size_Long,300,0.01,1,38,37,0.453,0.444444,5298.01
4705,KB4,ARQ,Size_Long,300,0.01,1,38,41,0.4559,0.421941,5264.31
4706,KB4,ARQ,Size_Long,300,0.01,1,38,22,0.3822,0.555556,6279.43
4707,KB4,ARQ,Size_Long,300,0.01,1,38,42,0.4725,0.416667,5079.37
4708,KB4,ARQ,Size_Long,300,0.01,1,38,37,0.4523,0.444444,5306.21
4709,KB4,ARQ,Size_Long,300,0.01,1,38,36,0.4408,0.45045,5444.65
4710,KB4,ARQ,Size_Long,300,0.01,1,38,41,0.4724,0.421941,5080.44
4711,KB4,ARQ,Size_Long,300,0.01,1,38,39,0.4597,0.4329,5220.8
4712,KB4,ARQ,Size_Long,300,0.01,1,38,41,0.4687,0.421941,5120.55
4713,KB4,ARQ,Size_Long,300,0.01,1,38,39,0.4585,0.4329,5234.46
4714,KB4,ARQ,Size_Long,300,0.01,1,38,57,0.5705,0.350877,4206.84
4715,KB4,ARQ,Size_Long,300,0.01,1,38,35,0.4398,0.456621,5457.03
4716,KB4,ARQ,Size_Long,300,0.01,1,38,33,0.4332,0.469484,5540.17
4717,KB4,ARQ,Size_Long,300,0.01,1,38,30,0.4193,0.490196,5723.83
4718,KB4,ARQ,Size_Long,300,0.01,1,38,42,0.4697,0.416667,5109.64
4719,KB4,ARQ,Size_Long,300,0.01,1,38,30,0.4199,0.490196,5715.65
4720,KB4,ARQ,Size_Long,300,0.01,1,38,38,0.4513,0.438596,5317.97
4721,KB4,ARQ,Size_Long,300,0.01,1,38,35,0.4391,0.456621,5465.73
4722,KB4,ARQ,Size_Long,300,0.01,1,38,46,0.4915,0.396825,4883.01
4723,KB4,ARQ,Size_Long,300,0.01,1,38,45,0.4854,0.401606,4944.38
4724,KB4,ARQ,Size_Long,300,0.01,1,38,42,0.4752,0.416667,5050.51
4725,KB4,ARQ,Size_Long,300,0.01,1,38,38,0.4559,0.438596,5264.31
4726,KB4,ARQ,Size_Long,300,0.01,1,38,33,0.4316,0.469484,5560.7
4727,KB4,ARQ,Size_Long,300,0.01,1,38,38,0.4549,0.438596,5275.88
4728,KB4,ARQ,Size_Long,300,0.01,1,38,35,0.4406,0.456621,5447.12
4729,KB4,ARQ,Size_Long,300,0.01,1,38,39,0.4592,0.4329,5226.48
4730,KB4,ARQ,Size_Long,300,0.01,1,38,31,0.4228,0.483092,5676.44
4731,KB4,ARQ,Size_Long,300,0.01,1,38,42,0.4716,0.416667,5089.06
4732,KB4,ARQ,Size_Long,300,0.01,1,38,42,0.6883,0.416667,3486.85
4733,KB4,ARQ,Size_Long,300,0.01,1,38,52,0.5137,0.37037,4671.99
4734,KB4,ARQ,Size_Long,300,0.01,1,38,44,0.4788,0.406504,5012.53
4735,KB4,ARQ,Size_Long,300,0.01,1,38,44,0.5099,0.406504,4706.81
4736,KB4,ARQ,Size_Long,300,0.01,1,38,42,0.4721,0.416667,5083.67
4737,KB4,ARQ,Size_Long,300,0.01,1,38,46,0.4993,0.396825,4806.73
4738,KB4,ARQ,Size_Long,300,0.01,1,38,23,0.3861,0.546448,6216.01
4739,KB4,ARQ,Size_Long,300,0.01,1,38,34,0.4333,0.462963,5538.89
4740,KB4,ARQ,Size_Long,300,0.01,1,38,36,0.4399,0.45045,5455.79
4741,KB4,ARQ,Size_Long,300,0.01,1,38,28,0.4158,0.505051,5772.01
4742,KB4,ARQ,Size_Long,300,0.01,1,38,19,0.3715,0.584795,6460.3
4743,KB4,ARQ,Size_Long,300,0.01,1,38,49,0.4988,0.383142,4811.55
4744,KB4,ARQ,Size_Long,300,0.01,1,38,38,0.4501,0.438596,5332.15
4745,KB4,ARQ,Size_Long,300,0.01,1,38,38,0.455,0.438596,5274.73
4746,KB4,ARQ,Size_Long,300,0.01,1,38,36,0.4441,0.45045,5404.19
4747,KB4,ARQ,Size_Long,300,0.01,1,38,19,0.3666,0.584795,6546.64
4748,KB4,ARQ,Size_Long,300,0.01,1,38,30,0.4204,0.490196,5708.85
4749,KB4,ARQ,Size_Long,300,0.01,1,38,41,0.472,0.421941,5084.75
4750,KB4,ARQ,Size_Long,300,0.01,1,38,39,0.4907,0.4329,4890.97
4751,KB4,ARQ,Size_Long,300,0.01,1,38,49,0.5025,0.383142,4776.12
4752,KB4,ARQ,Size_Long,300,0.01,1,38,37,0.4413,0.444444,5438.48
4753,KB4,ARQ,Size_Long,300,0.01,1,38,28,0.4043,0.505051,5936.19
4754,KB4,ARQ,Size_Long,300,0.01,1,38,52,0.5445,0.37037,4407.71
4755,KB4,ARQ,Size_Long,300,0.01,1,38,43,0.4757,0.411523,5045.2
4756,KB4,ARQ,Size_Long,300,0.01,1,38,43,0.4705,0.411523,5100.96
4757,KB4,ARQ,Size_Long,300,0.01,1,38,43,0.4771,0.411523,5030.39
4758,KB4,ARQ,Size_Long,300,0.01,1,38,37,0.446,0.444444,5381.17
4759,KB4,ARQ,Size_Long,300,0.01,1,38,36,0.4426,0.45045,5422.5
4760,KB4,ARQ,Size_Long,300,0.01,1,38,29,0.4123,0.497512,5821
4761,KB4,ARQ,Size_Long,300,0.01,1,38,49,0.5417,0.383142,4430.5
4762,KB4,ARQ,Size_Long,300,0.01,1,38,45,0.4884,0.401606,4914
4763,KB4,ARQ,Size_Long,300,0.01,1,38,40,0.4603,0.42735,5213.99
4764,KB4,ARQ,Size_Long,300,0.01,1,38,43,0.4749,0.411523,5053.7
4765,KB4,ARQ,Size_Long,300,0.01,1,38,40,0.4564,0.42735,5258.55
4766,KB4,ARQ,Size_Long,300,0.01,1,38,34,0.4381,0.462963,5478.2
4767,KB4,ARQ,Size_Long,300,0.01,1,38,40,0.4575,0.42735,5245.9
4768,KB4,ARQ,Size_Long,300,0.01,1,38,44,0.5081,0.406504,4723.48
4769,KB4,ARQ,Size_Long,300,0.01,1,38,57,0.5298,0.350877,4530.01
4770,KB4,ARQ,Size_Long,300,0.01,1,38,44,0.4764,0.406504,5037.78
4771,KB4,ARQ,Size_Long,300,0.01,1,38,42,0.5042,0.416667,4760.02
4772,KB4,ARQ,Size_Long,300,0.01,1,38,36,0.4457,0.45045,5384.79
4773,KB4,ARQ,Size_Long,300,0.01,1,38,30,0.4205,0.490196,5707.49
4774,KB4,ARQ,Size_Long,300,0.01,1,38,42,0.4744,0.416667,5059.02
4775,KB4,ARQ,Size_Long,300,0.01,1,38,34,0.4349,0.462963,5518.51
4776,KB4,ARQ,Size_Long,300,0.01,1,38,43,0.479,0.411523,5010.44
4777,KB4,ARQ,Size_Long,300,0.01,1,38,37,0.4528,0.444444,5300.35
4778,KB4,ARQ,Size_Long,300,0.01,1,38,46,0.4857,0.396825,4941.32
4779,KB4,ARQ,Size_Long,300,0.01,1,38,22,0.3826,0.555556,6272.87
4780,KB4,ARQ,Size_Long,300,0.01,1,38,34,0.4349,0.462963,5518.51
4781,KB4,ARQ,Size_Long,300,0.01,1,38,47,0.4869,0.392157,4929.14
4782,KB4,ARQ,Size_Long,300,0.01,1,38,46,0.4978,0.396825,4821.21
4783,KB4,ARQ,Size_Long,300,0.01,1,38,32,0.429,0.47619,5594.41
4784,KB4,ARQ,Size_Long,300,0.01,1,38,25,0.3982,0.529101,6027.12
4785,KB4,ARQ,Size_Long,300,0.01,1,38,38,0.4538,0.438596,5288.67
4786,KB4,ARQ,Size_Long,300,0.01,1,38,52,0.5454,0.37037,4400.44
4787,KB4,ARQ,Size_Long,300,0.01,1,38,41,0.4674,0.421941,5134.79
4788,KB4,ARQ,Size_Long,300,0.01,1,38,34,0.4359,0.462963,5505.85
4789,KB4,ARQ,Size_Long,300,0.01,1,38,39,0.4562,0.4329,5260.85
4790,KB4,ARQ,Size_Long,300,0.01,1,38,29,0.4155,0.497512,5776.17
4791,KB4,ARQ,Size_Long,300,0.01,1,38,23,0.3884,0.546448,6179.2
4792,KB4,ARQ,Size_Long,300,0.01,1,38,52,0.5135,0.37037,4673.81
4793,KB4,ARQ,Size_Long,300,0.01,1,38,43,0.4734,0.411523,5069.71
4794,KB4,ARQ,Size_Long,300,0.01,1,38,38,0.4513,0.438596,5317.97
4795,KB4,ARQ,Size_Long,300,0.01,1,38,35,0.4391,0.456621,5465.73
4796,KB4,ARQ,Size_Long,300,0.01,1,38,38,0.4541,0.438596,5285.18
4797,KB4,ARQ,Size_Long,300,0.01,1,38,25,0.3972,0.529101,6042.3
4798,KB4,ARQ,Size_Long,300,0.01,1,38,25,0.3992,0.529101,6012.02
4799,KB4,ARQ,Size_Long,300,0.01,1,38,42,0.4731,0.416667,5072.92
4800,KB4,ARQ,Size_Long,300,0.01,1,38,44,0.4731,0.406504,5072.92
4801,KB4,ARQ,Size_Long,300,0.01,1,38,52,0.5153,0.37037,4657.48
4802,KB4,ARQ,Size_Long,300,0.01,1,38,43,0.4771,0.411523,5030.39
4803,KB4,ARQ,Size_Long,300,0.01,1,38,42,0.4717,0.416667,5087.98
4804,KB4,ARQ,Size_Long,300,0.01,1,38,39,0.484,0.4329,4958.68
4805,KB4,ARQ,Size_Long,300,0.01,1,38,52,0.515,0.37037,4660.19
4806,KB4,ARQ,Size_Long,300,0.01,1,38,36,0.4463,0.45045,5377.55
4807,KB4,ARQ,Size_Long,300,0.01,1,38,23,0.3849,0.546448,6235.39
4808,KB4,ARQ,Size_Long,300,0.01,1,38,22,0.4138,0.555556,5799.9
4809,KB4,ARQ,Size_Long,300,0.01,1,38,28,0.4141,0.505051,5795.7
4810,KB4,ARQ,Size_Long,300,0.01,1,38,26,0.4051,0.520833,5924.46
4811,KB4,ARQ,Size_Long,300,0.01,1,38,51,0.5089,0.374532,4716.05
4812,KB4,ARQ,Size_Long,300,0.01,1,38,31,0.4223,0.483092,5683.16
4813,KB4,ARQ,Size_Long,300,0.01,1,38,44,0.4785,0.406504,5015.67
4814,KB4,ARQ,Size_Long,300,0.01,1,38,53,0.5205,0.3663,4610.95
4815,KB4,ARQ,Size_Long,300,0.01,1,38,40,0.4655,0.42735,5155.75
4816,KB4,ARQ,Size_Long,300,0.01,1,38,28,0.4099,0.505051,5855.09
4817,KB4,ARQ,Size_Long,300,0.01,1,38,34,0.4388,0.462963,5469.46
4818,KB4,ARQ,Size_Long,300,0.01,1,38,56,0.5287,0.35461,4539.44
4819,KB4,ARQ,Size_Long,300,0.01,1,38,44,0.5324,0.406504,4507.89
4820,KB4,ARQ,Size_Long,300,0.01,1,38,48,0.4959,0.387597,4839.69
4821,KB4,ARQ,Size_Long,300,0.01,1,38,30,0.414,0.490196,5797.1
4822,KB4,ARQ,Size_Long,300,0.01,0,38,21,0.4121,0.564972,5823.83
4823,KB4,ARQ,Size_Long,300,0.01,1,38,35,0.4391,0.456621,5465.73
4824,KB4,ARQ,Size_Long,300,0.01,1,38,55,0.5343,0.358423,4491.86
4825,KB4,ARQ,Size_Long,300,0.01,1,38,34,0.4319,0.462963,5556.84
4826,KB4,ARQ,Size_Long,300,0.01,1,38,57,0.5692,0.350877,4216.44
4827,KB4,ARQ,Size_Long,300,0.01,1,38,47,0.4911,0.392157,4886.99
4828,KB4,ARQ,Size_Long,300,0.01,1,38,39,0.4627,0.4329,5186.95
4829,KB4,ARQ,Size_Long,300,0.01,1,38,52,0.5113,0.37037,4693.92
4830,KB4,ARQ,Size_Long,300,0.01,1,38,34,0.4337,0.462963,5533.78
4831,KB4,ARQ,Size_Long,300,0.01,1,38,34,0.435,0.462963,5517.24
4832,KB4,ARQ,Size_Long,300,0.01,1,38,46,0.4879,0.396825,4919.04
4833,KB4,ARQ,Size_Long,300,0.01,1,38,45,0.4832,0.401606,4966.89
4834,KB4,ARQ,Size_Long,300,0.01,1,38,48,0.4958,0.387597,4840.66
4835,KB4,ARQ,Size_Long,300,0.01,1,38,33,0.4311,0.469484,5567.15
4836,KB4,ARQ,Size_Long,300,0.01,1,38,54,0.5263,0.362319,4560.14
4837,KB4,ARQ,Size_Long,300,0.01,1,38,31,0.4215,0.483092,5693.95
4838,KB4,ARQ,Size_Long,300,0.01,1,38,40,0.4657,0.42735,5153.53
4839,KB4,ARQ,Size_Long,300,0.01,1,38,54,0.53,0.362319,4528.3
4840,KB4,ARQ,Size_Long,300,0.01,1,38,59,0.5762,0.343643,4165.22
4841,KB4,ARQ,Size_Long,300,0.01,1,38,46,0.4897,0.396825,4900.96
4842,KB4,ARQ,Size_Long,300,0.01,1,38,40,0.4592,0.42735,5226.48
4843,KB4,ARQ,Size_Long,300,0.01,1,38,42,0.5065,0.416667,4738.4
4844,KB4,ARQ,Size_Long,300,0.01,1,38,32,0.4292,0.47619,5591.8
4845,KB4,ARQ,Size_Long,300,0.01,1,38,40,0.4637,0.42735,5175.76
4846,KB4,ARQ,Size_Long,300,0.01,1,38,37,0.4507,0.444444,5325.05
4847,KB4,ARQ,Size_Long,300,0.01,1,38,37,0.5142,0.444444,4667.44
4848,KB4,ARQ,Size_Long,300,0.01,1,38,49,0.502,0.383142,4780.88
4849,KB4,ARQ,Size_Long,300,0.01,1,38,50,0.5071,0.378788,4732.79
4850,KB4,ARQ,Size_Long,300,0.01,1,38,28,0.4118,0.505051,5828.07
4851,KB4,ARQ,Size_Long,300,0.01,1,38,32,0.4283,0.47619,5603.55
4852,KB4,ARQ,Size_Long,300,0.01,1,38,42,0.4696,0.416667,5110.73
4853,KB4,ARQ,Size_Long,300,0.01,1,38,41,0.465,0.421941,5161.29
4854,KB4,ARQ,Size_Long,300,0.01,1,38,44,0.479,0.406504,5010.44
4855,KB4,ARQ,Size_Long,300,0.01,1,38,34,0.4355,0.462963,5510.91
4856,KB4,ARQ,Size_Long,300,0.01,1,38,32,0.4237,0.47619,5664.39
4857,KB4,ARQ,Size_Long,300,0.01,1,38,42,0.4751,0.416667,5051.57
4858,KB4,ARQ,Size_Long,300,0.01,1,38,45,0.5128,0.401606,4680.19
4859,KB4,ARQ,Size_Long,300,0.01,1,38,36,0.4448,0.45045,5395.68
4860,KB4,ARQ,Size_Long,300,0.01,1,38,35,0.4411,0.456621,5440.94
4861,KB4,ARQ,Size_Long,300,0.01,1,38,31,0.4505,0.483092,5327.41
4862,KB4,ARQ,Size_Long,300,0.01,1,38,31,0.4194,0.483092,5722.46
4863,KB4,ARQ,Size_Long,300,0.01,1,38,38,0.454,0.438596,5286.34
4864,KB4,ARQ,Size_Long,300,0.01,1,38,37,0.4452,0.444444,5390.84
4865,KB4,ARQ,Size_Long,300,0.01,1,38,32,0.4229,0.47619,5675.1
4866,KB4,ARQ,Size_Long,300,0.01,1,38,29,0.4136,0.497512,5802.71
4867,KB4,ARQ,Size_Long,300,0.01,1,38,35,0.4384,0.456621,5474.45
4868,KB4,ARQ,Size_Long,300,0.01,1,38,45,0.4892,0.401606,4905.97
4869,KB4,ARQ,Size_Long,300,0.01,1,38,35,0.448,0.456621,5357.14
4870,KB4,ARQ,Size_Long,300,0.01,1,38,29,0.4134,0.497512,5805.52
4871,KB4,ARQ,Size_Long,300,0.01,1,38,49,0.4989,0.383142,4810.58
4872,KB4,ARQ,Size_Long,300,0.01,1,38,31,0.4299,0.483092,5582.69
4873,KB4,ARQ,Size_Long,300,0.01,1,38,45,0.4809,0.401606,4990.64
4874,KB4,ARQ,Size_Long,300,0.01,1,38,38,0.4525,0.438596,5303.87
4875,KB4,ARQ,Size_Long,300,0.01,1,38,46,0.4906,0.396825,4891.97
4876,KB4,ARQ,Size_Long,300,0.01,1,38,30,0.4716,0.490196,5089.06
4877,KB4,ARQ,Size_Long,300,0.01,1,38,28,0.4136,0.505051,5802.71
4878,KB4,ARQ,Size_Long,300,0.01,1,38,56,0.5317,0.35461,4513.82
4879,KB4,ARQ,Size_Long,300,0.01,1,38,47,0.4898,0.392157,4899.96
4880,KB4,ARQ,Size_Long,300,0.01,1,38,37,0.4498,0.444444,5335.7
4881,KB4,ARQ,Size_Long,300,0.01,1,38,28,0.4125,0.505051,5818.18
4882,KB4,ARQ,Size_Long,300,0.01,1,38,38,0.4522,0.438596,5307.39
4883,KB4,ARQ,Size_Long,300,0.01,1,38,39,0.4623,0.4329,5191.43
4884,KB4,ARQ,Size_Long,300,0.01,1,38,31,0.4213,0.483092,5696.65
4885,KB4,ARQ,Size_Long,300,0.01,1,38,35,0.4423,0.456621,5426.18
4886,KB4,ARQ,Size_Long,300,0.01,1,38,53,0.5156,0.3663,4654.77
4887,KB4,ARQ,Size_Long,300,0.01,1,38,40,0.4604,0.42735,5212.86
4888,KB4,ARQ,Size_Long,300,0.01,1,38,38,0.4552,0.438596,5272.41
4889,KB4,ARQ,Size_Long,300,0.01,1,38,35,0.4407,0.456621,5445.88
4890,KB4,ARQ,Size_Long,300,0.01,1,38,42,0.4706,0.416667,5099.87
4891,KB4,ARQ,Size_Long,300,0.01,1,38,34,0.436,0.462963,5504.59
4892,KB4,ARQ,Size_Long,300,0.01,1,38,42,0.469,0.416667,5117.27
4893,KB4,ARQ,Size_Long,300,0.01,1,38,38,0.4544,0.438596,5281.69
4894,KB4,ARQ,Size_Long,300,0.01,1,38,42,0.5045,0.416667,4757.19
4895,KB4,ARQ,Size_Long,300,0.01,1,38,46,0.4912,0.396825,4885.99
4896,KB4,ARQ,Size_Long,300,0.01,1,38,41,0.4712,0.421941,5093.38
4897,KB4,ARQ,Size_Long,300,0.01,1,38,33,0.4266,0.469484,5625.88
4898,KB4,ARQ,Size_Long,300,0.01,1,38,34,0.4664,0.462963,5145.8
4899,KB4,ARQ,Size_Long,300,0.01,1,38,43,0.4733,0.411523,5070.78
4900,KB4,ARQ,Size_Long,300,0.01,1,38,29,0.4147,0.497512,5787.32
4901,KB4,ARQ,Size_Long,300,0.01,1,38,42,0.4699,0.416667,5107.47
4902,KB4,ARQ,Size_Long,300,0.01,1,38,35,0.4403,0.456621,5450.83
4903,KB4,ARQ,Size_Long,300,0.01,1,38,30,0.4662,0.490196,5148.01
4904,KB4,ARQ,Size_Long,300,0.01,1,38,31,0.4227,0.483092,5677.79
4905,KB4,ARQ,Size_Long,300,0.01,1,38,33,0.4342,0.469484,5527.41
4906,KB4,ARQ,Size_Long,300,0.01,1,38,43,0.4721,0.411523,5083.67
4907,KB4,ARQ,Size_Long,300,0.01,1,38,40,0.4625,0.42735,5189.19
4908,KB4,ARQ,Size_Long,300,0.01,1,38,38,0.451,0.438596,5321.51
4909,KB4,ARQ,Size_Long,300,0.01,1,38,32,0.4288,0.47619,5597.01
4910,KB4,ARQ,Size_Long,300,0.01,1,38,31,0.4213,0.483092,5696.65
4911,KB4,ARQ,Size_Long,300,0.01,1,38,46,0.4894,0.396825,4903.96
4912,KB4,ARQ,Size_Long,300,0.01,1,38,44,0.506,0.406504,4743.08
4913,KB4,ARQ,Size_Long,300,0.01,1,38,43,0.4724,0.411523,5080.44
4914,KB4,ARQ,Size_Long,300,0.01,1,38,40,0.4606,0.42735,5210.59
4915,KB4,ARQ,Size_Long,300,0.01,1,38,45,0.4887,0.401606,4910.99
4916,KB4,ARQ,Size_Long,300,0.01,1,38,28,0.4424,0.505051,5424.95
4917,KB4,ARQ,Size_Long,300,0.01,1,38,38,0.4534,0.438596,5293.34
4918,KB4,ARQ,Size_Long,300,0.01,1,38,55,0.5301,0.358423,4527.45
4919,KB4,ARQ,Size_Long,300,0.01,1,38,29,0.4174,0.497512,5749.88
4920,KB4,ARQ,Size_Long,300,0.01,1,38,43,0.4763,0.411523,5038.84
4921,KB4,ARQ,Size_Long,300,0.01,1,38,28,0.4151,0.505051,5781.74
4922,KB4,ARQ,Size_Long,300,0.01,1,38,38,0.4528,0.438596,5300.35
4923,KB4,ARQ,Size_Long,300,0.01,1,38,39,0.4632,0.4329,5181.35
4924,KB4,ARQ,Size_Long,300,0.01,1,38,63,0.5625,0.330033,4266.67
4925,KB4,ARQ,Size_Long,300,0.01,1,38,40,0.4613,0.42735,5202.69
4926,KB4,ARQ,Size_Long,300,0.01,1,38,38,0.4527,0.438596,5301.52
4927,KB4,ARQ,Size_Long,300,0.01,1,38,51,0.5111,0.374532,4695.75
4928,KB4,ARQ,Size_Long,300,0.01,1,38,25,0.396,0.529101,6060.61
4929,KB4,ARQ,Size_Long,300,0.01,1,38,25,0.3958,0.529101,6063.67
4930,KB4,ARQ,Size_Long,300,0.01,1,38,36,0.4738,0.45045,5065.43
4931,KB4,ARQ,Size_Long,300,0.01,1,38,28,0.4059,0.505051,5912.79
4932,KB4,ARQ,Size_Long,300,0.01,1,38,44,0.5227,0.406504,4591.54
4933,KB4,ARQ,Size_Long,300,0.01,1,38,40,0.4573,0.42735,5248.2
4934,KB4,ARQ,Size_Long,300,0.01,1,38,35,0.469,0.456621,5117.27
4935,KB4,ARQ,Size_Long,300,0.01,1,38,34,0.4297,0.462963,5585.29
4936,KB4,ARQ,Size_Long,300,0.01,1,38,42,0.4756,0.416667,5046.26
4937,KB4,ARQ,Size_Long,300,0.01,1,38,50,0.5072,0.378788,4731.86
4938,KB4,ARQ,Size_Long,300,0.01,1,38,46,0.4897,0.396825,4900.96
4939,KB4,ARQ,Size_Long,300,0.01,1,38,52,0.5172,0.37037,4640.37
4940,KB4,ARQ,Size_Long,300,0.01,1,38,39,0.4589,0.4329,5229.9
4941,KB4,ARQ,Size_Long,300,0.01,1,38,36,0.4475,0.45045,5363.13
4942,KB4,ARQ,Size_Long,300,0.01,1,38,34,0.438,0.462963,5479.45
4943,KB4,ARQ,Size_Long,300,0.01,1,38,46,0.4932,0.396825,4866.18
4944,KB4,ARQ,Size_Long,300,0.01,1,38,35,0.442,0.456621,5429.86
4945,KB4,ARQ,Size_Long,300,0.01,1,38,55,0.536,0.358423,4477.61
4946,KB4,ARQ,Size_Long,300,0.01,1,38,48,0.4991,0.387597,4808.66
4947,KB4,ARQ,Size_Long,300,0.01,1,38,34,0.4344,0.462963,5524.86
4948,KB4,ARQ,Size_Long,300,0.01,1,38,35,0.4683,0.456621,5124.92
4949,KB4,ARQ,Size_Long,300,0.01,1,38,36,0.4417,0.45045,5433.55
4950,KB4,ARQ,Size_Long,300,0.01,1,38,43,0.4778,0.411523,5023.02
4951,KB4,ARQ,Size_Long,300,0.01,1,38,32,0.4296,0.47619,5586.59
4952,KB4,ARQ,Size_Long,300,0.01,1,38,40,0.4919,0.42735,4879.04
4953,KB4,ARQ,Size_Long,300,0.01,1,38,35,0.4399,0.456621,5455.79
4954,KB4,ARQ,Size_Long,300,0.01,1,38,53,0.5184,0.3663,4629.63
4955,KB4,ARQ,Size_Long,300,0.01,1,38,29,0.4139,0.497512,5798.5
4956,KB4,ARQ,Size_Long,300,0.01,1,38,21,0.3789,0.564972,6334.13
4957,KB4,ARQ,Size_Long,300,0.01,1,38,33,0.4324,0.469484,5550.42
4958,KB4,ARQ,Size_Long,300,0.01,1,38,32,0.4297,0.47619,5585.29
4959,KB4,ARQ,Size_Long,300,0.01,1,38,47,0.4899,0.392157,4898.96
4960,KB4,ARQ,Size_Long,300,0.01,1,38,56,0.534,0.35461,4494.38
4961,KB4,ARQ,Size_Long,300,0.01,1,38,44,0.55,0.406504,4363.64
4962,KB4,ARQ,Size_Long,300,0.01,1,38,41,0.4683,0.421941,5124.92
4963,KB4,ARQ,Size_Long,300,0.01,1,38,39,0.4562,0.4329,5260.85
4964,KB4,ARQ,Size_Long,300,0.01,1,38,28,0.4121,0.505051,5823.83
4965,KB4,ARQ,Size_Long,300,0.01,1,38,51,0.5127,0.374532,4681.1
4966,KB4,ARQ,Size_Long,300,0.01,1,38,42,0.5005,0.416667,4795.2
4967,KB4,ARQ,Size_Long,300,0.01,1,38,29,0.4127,0.497512,5815.36
4968,KB4,ARQ,Size_Long,300,0.01,1,38,42,0.4732,0.416667,5071.85
4969,KB4,ARQ,Size_Long,300,0.01,1,38,48,0.4943,0.387597,4855.35
4970,KB4,ARQ,Size_Long,300,0.01,1,38,31,0.464,0.483092,5172.41
4971,KB4,ARQ,Size_Long,300,0.01,1,38,51,0.5046,0.374532,4756.24
4972,KB4,ARQ,Size_Long,300,0.01,1,38,53,0.5155,0.3663,4655.67
4973,KB4,ARQ,Size_Long,300,0.01,1,38,30,0.4216,0.490196,5692.6
4974,KB4,ARQ,Size_Long,300,0.01,1,38,34,0.4367,0.462963,5495.76
4975,KB4,ARQ,Size_Long,300,0.01,1,38,39,0.4535,0.4329,5292.17
4976,KB4,ARQ,Size_Long,300,0.01,1,38,51,0.5104,0.374532,4702.19
4977,KB4,ARQ,Size_Long,300,0.01,1,38,44,0.4863,0.406504,4935.23
4978,KB4,ARQ,Size_Long,300,0.01,1,38,40,0.462,0.42735,5194.81
4979,KB4,ARQ,Size_Long,300,0.01,1,38,39,0.4587,0.4329,5232.18
4980,KB4,ARQ,Size_Long,300,0.01,1,38,47,0.4903,0.392157,4894.96
4981,KB4,ARQ,Size_Long,300,0.01,1,38,40,0.4579,0.42735,5241.32
4982,KB4,ARQ,Size_Long,300,0.01,1,38,25,0.394,0.529101,6091.37
4983,KB4,ARQ,Size_Long,300,0.01,1,38,20,0.375,0.574713,6400
4984,KB4,ARQ,Size_Long,300,0.01,1,38,40,0.4913,0.42735,4885
4985,KB4,ARQ,Size_Long,300,0.01,1,38,41,0.4658,0.421941,5152.43
4986,KB4,ARQ,Size_Long,300,0.01,1,38,45,0.487,0.401606,4928.13
4987,KB4,ARQ,Size_Long,300,0.01,1,38,41,0.4684,0.421941,5123.83
4988,KB4,ARQ,Size_Long,300,0.01,1,38,37,0.4821,0.444444,4978.22
4989,KB4,ARQ,Size_Long,300,0.01,1,38,28,0.4141,0.505051,5795.7
4990,KB4,ARQ,Size_Long,300,0.01,1,38,35,0.6906,0.456621,3475.24
4991,KB4,ARQ,Size_Long,300,0.01,1,38,44,0.481,0.406504,4989.6
4992,KB4,ARQ,Size_Long,300,0.01,1,38,40,0.4616,0.42735,5199.31
4993,KB4,ARQ,Size_Long,300,0.01,1,38,48,0.4973,0.387597,4826.06
4994,KB4,ARQ,Size_Long,300,0.01,1,38,38,0.4585,0.438596,5234.46
4995,KB4,ARQ,Size_Long,300,0.01,1,38,41,0.4713,0.421941,5092.3
4996,KB4,ARQ,Size_Long,300,0.01,1,38,40,0.4598,0.42735,5219.66
4997,KB4,ARQ,Size_Long,300,0.01,1,38,63,0.5637,0.330033,4257.58
4998,KB4,ARQ,Size_Long,300,0.01,1,38,39,0.4557,0.4329,5266.62
4999,KB4,ARQ,Size_Long,300,0.01,1,38,40,0.4597,0.42735,5220.8
5000,KB4,ARQ,Size_Long,300,0.01,1,38,26,0.3985,0.520833,6022.58
5001,KB4,HARQ,Size_Long,300,0.01,1,38,0,2.693,0.877193,891.199
5002,KB4,HARQ,Size_Long,300,0.01,1,38,0,2.8416,0.877193,844.595
5003,KB4,HARQ,Size_Long,300,0.01,1,38,0,2.6785,0.877193,896.024
5004,KB4,HARQ,Size_Long,300,0.01,1,38,2,2.8914,0.833333,830.048
5005,KB4,HARQ,Size_Long,300,0.01,1,38,0,2.7358,0.877193,877.257
5006,KB4,HARQ,Size_Long,300,0.01,1,38,0,2.6885,0.877193,892.691
5007,KB4,HARQ,Size_Long,300,0.01,1,38,0,2.6833,0.877193,894.421
5008,KB4,HARQ,Size_Long,300,0.01,1,38,2,2.8815,0.833333,832.9
5009,KB4,HARQ,Size_Long,300,0.01,1,38,2,2.9316,0.833333,818.666
5010,KB4,HARQ,Size_Long,300,0.01,1,38,0,2.6586,0.877193,902.731
5011,KB4,HARQ,Size_Long,300,0.01,1,38,0,2.7074,0.877193,886.459
5012,KB4,HARQ,Size_Long,300,0.01,1,38,0,2.6989,0.877193,889.251
5013,KB4,HARQ,Size_Long,300,0.01,1,38,0,2.7041,0.877193,887.541
5014,KB4,HARQ,Size_Long,300,0.01,1,38,1,2.727,0.854701,880.088
5015,KB4,HARQ,Size_Long,300,0.01,1,38,2,2.9892,0.833333,802.89
5016,KB4,HARQ,Size_Long,300,0.01,1,38,1,2.7774,0.854701,864.118
5017,KB4,HARQ,Size_Long,300,0.01,1,38,0,2.6685,0.877193,899.382
5018,KB4,HARQ,Size_Long,300,0.01,1,38,0,2.7197,0.877193,882.45
5019,KB4,HARQ,Size_Long,300,0.01,1,38,2,2.8137,0.833333,852.969
5020,KB4,HARQ,Size_Long,300,0.01,1,38,1,2.7364,0.854701,877.065
5021,KB4,HARQ,Size_Long,300,0.01,1,38,0,2.7695,0.877193,866.582
5022,KB4,HARQ,Size_Long,300,0.01,1,38,0,2.7239,0.877193,881.09
5023,KB4,HARQ,Size_Long,300,0.01,1,38,0,2.6875,0.877193,893.023
5024,KB4,HARQ,Size_Long,300,0.01,1,38,1,2.7596,0.854701,869.691
5025,KB4,HARQ,Size_Long,300,0.01,1,38,1,2.785,0.854701,861.759
5026,KB4,HARQ,Size_Long,300,0.01,1,38,0,2.7653,0.877193,867.899
5027,KB4,HARQ,Size_Long,300,0.01,1,38,0,2.7186,0.877193,882.807
5028,KB4,HARQ,Size_Long,300,0.01,1,38,1,2.733,0.854701,878.156
5029,KB4,HARQ,Size_Long,300,0.01,1,38,1,2.7922,0.854701,859.537
5030,KB4,HARQ,Size_Long,300,0.01,1,38,1,2.744,0.854701,874.636
5031,KB4,HARQ,Size_Long,300,0.01,1,38,0,2.6758,0.877193,896.928
5032,KB4,HARQ,Size_Long,300,0.01,1,38,0,2.7832,0.877193,862.317
5033,KB4,HARQ,Size_Long,300,0.01,1,38,1,2.77,0.854701,866.426
5034,KB4,HARQ,Size_Long,300,0.01,1,38,2,2.8074,0.833333,854.884
5035,KB4,HARQ,Size_Long,300,0.01,1,38,0,2.6699,0.877193,898.91
5036,KB4,HARQ,Size_Long,300,0.01,1,38,0,2.7339,0.877193,877.867
5037,KB4,HARQ,Size_Long,300,0.01,1,38,1,2.8409,0.854701,844.803
5038,KB4,HARQ,Size_Long,300,0.01,1,38,0,2.6709,0.877193,898.574
5039,KB4,HARQ,Size_Long,300,0.01,1,38,1,2.768,0.854701,867.052
5040,KB4,HARQ,Size_Long,300,0.01,1,38,0,2.6832,0.877193,894.454
5041,KB4,HARQ,Size_Long,300,0.01,1,38,0,2.6955,0.877193,890.373
5042,KB4,HARQ,Size_Long,300,0.01,1,38,1,2.7263,0.854701,880.314
5043,KB4,HARQ,Size_Long,300,0.01,1,38,0,2.9363,0.877193,817.355
5044,KB4,HARQ,Size_Long,300,0.01,1,38,0,2.6848,0.877193,893.921
5045,KB4,HARQ,Size_Long,300,0.01,1,38,1,2.7654,0.854701,867.867
5046,KB4,HARQ,Size_Long,300,0.01,1,38,0,2.6979,0.877193,889.581
5047,KB4,HARQ,Size_Long,300,0.01,1,38,2,2.8437,0.833333,843.971
5048,KB4,HARQ,Size_Long,300,0.01,1,38,0,2.6898,0.877193,892.26
5049,KB4,HARQ,Size_Long,300,0.01,1,38,1,2.8374,0.854701,845.845
5050,KB4,HARQ,Size_Long,300,0.01,1,38,0,2.7327,0.877193,878.252
5051,KB4,HARQ,Size_Long,300,0.01,1,38,0,2.6817,0.877193,894.955
5052,KB4,HARQ,Size_Long,300,0.01,1,38,1,2.7245,0.854701,880.896
5053,KB4,HARQ,Size_Long,300,0.01,1,38,0,2.705,0.877193,887.246
5054,KB4,HARQ,Size_Long,300,0.01,1,38,0,2.7829,0.877193,862.41
5055,KB4,HARQ,Size_Long,300,0.01,1,38,0,2.6858,0.877193,893.589
5056,KB4,HARQ,Size_Long,300,0.01,1,38,1,2.7237,0.854701,881.154
5057,KB4,HARQ,Size_Long,300,0.01,1,38,0,2.7268,0.877193,880.153
5058,KB4,HARQ,Size_Long,300,0.01,1,38,0,2.6519,0.877193,905.012
5059,KB4,HARQ,Size_Long,300,0.01,1,38,0,2.6839,0.877193,894.221
5060,KB4,HARQ,Size_Long,300,0.01,1,38,1,2.8854,0.854701,831.774
5061,KB4,HARQ,Size_Long,300,0.01,1,38,1,2.8889,0.854701,830.766
5062,KB4,HARQ,Size_Long,300,0.01,1,38,1,2.7177,0.854701,883.1
5063,KB4,HARQ,Size_Long,300,0.01,1,38,0,2.7008,0.877193,888.626
5064,KB4,HARQ,Size_Long,300,0.01,1,38,1,2.7848,0.854701,861.821
5065,KB4,HARQ,Size_Long,300,0.01,1,38,2,2.8844,0.833333,832.062
5066,KB4,HARQ,Size_Long,300,0.01,1,38,0,2.6496,0.877193,905.797
5067,KB4,HARQ,Size_Long,300,0.01,1,38,1,2.769,0.854701,866.739
5068,KB4,HARQ,Size_Long,300,0.01,1,38,1,2.765,0.854701,867.993
5069,KB4,HARQ,Size_Long,300,0.01,1,38,0,2.6666,0.877193,900.023
5070,KB4,HARQ,Size_Long,300,0.01,1,38,0,2.6742,0.877193,897.465
5071,KB4,HARQ,Size_Long,300,0.01,1,38,1,2.8655,0.854701,837.55
5072,KB4,HARQ,Size_Long,300,0.01,1,38,0,2.6794,0.877193,895.723
5073,KB4,HARQ,Size_Long,300,0.01,1,38,0,2.6739,0.877193,897.565
5074,KB4,HARQ,Size_Long,300,0.01,1,38,0,2.7326,0.877193,878.284
5075,KB4,HARQ,Size_Long,300,0.01,1,38,0,2.6919,0.877193,891.564
5076,KB4,HARQ,Size_Long,300,0.01,1,38,0,2.6591,0.877193,902.561
5077,KB4,HARQ,Size_Long,300,0.01,1,38,0,2.7396,0.877193,876.04
5078,KB4,HARQ,Size_Long,300,0.01,1,38,1,2.7535,0.854701,871.618
5079,KB4,HARQ,Size_Long,300,0.01,1,38,3,2.9052,0.813008,826.105
5080,KB4,HARQ,Size_Long,300,0.01,1,38,0,2.6984,0.877193,889.416
5081,KB4,HARQ,Size_Long,300,0.01,1,38,1,2.7763,0.854701,864.46
5082,KB4,HARQ,Size_Long,300,0.01,1,38,1,2.8068,0.854701,855.066
5083,KB4,HARQ,Size_Long,300,0.01,1,38,1,2.7681,0.854701,867.021
5084,KB4,HARQ,Size_Long,300,0.01,1,38,0,2.6721,0.877193,898.17
5085,KB4,HARQ,Size_Long,300,0.01,1,38,1,2.7732,0.854701,865.426
5086,KB4,HARQ,Size_Long,300,0.01,1,38,0,2.6852,0.877193,893.788
5087,KB4,HARQ,Size_Long,300,0.01,1,38,0,2.6805,0.877193,895.355
5088,KB4,HARQ,Size_Long,300,0.01,1,38,0,2.764,0.877193,868.307
5089,KB4,HARQ,Size_Long,300,0.01,1,38,0,2.6886,0.877193,892.658
5090,KB4,HARQ,Size_Long,300,0.01,1,38,0,2.6565,0.877193,903.444
5091,KB4,HARQ,Size_Long,300,0.01,1,38,0,2.6992,0.877193,889.152
5092,KB4,HARQ,Size_Long,300,0.01,1,38,0,2.6915,0.877193,891.696
5093,KB4,HARQ,Size_Long,300,0.01,1,38,0,2.8233,0.877193,850.069
5094,KB4,HARQ,Size_Long,300,0.01,1,38,1,2.7894,0.854701,860.4
5095,KB4,HARQ,Size_Long,300,0.01,1,38,0,2.705,0.877193,887.246
5096,KB4,HARQ,Size_Long,300,0.01,1,38,1,2.7639,0.854701,868.338
5097,KB4,HARQ,Size_Long,300,0.01,1,38,0,2.6554,0.877193,903.819
5098,KB4,HARQ,Size_Long,300,0.01,1,38,2,2.8008,0.833333,856.898
5099,KB4,HARQ,Size_Long,300,0.01,1,38,1,2.8134,0.854701,853.06
5100,KB4,HARQ,Size_Long,300,0.01,1,38,1,2.7473,0.854701,873.585
5101,KB4,HARQ,Size_Long,300,0.01,1,38,0,2.6907,0.877193,891.961
5102,KB4,HARQ,Size_Long,300,0.01,1,38,0,2.668,0.877193,899.55
5103,KB4,HARQ,Size_Long,300,0.01,1,38,0,2.7152,0.877193,883.913
5104,KB4,HARQ,Size_Long,300,0.01,1,38,0,2.6562,0.877193,903.546
5105,KB4,HARQ,Size_Long,300,0.01,1,38,0,2.7222,0.877193,881.64
5106,KB4,HARQ,Size_Long,300,0.01,1,38,0,2.7059,0.877193,886.951
5107,KB4,HARQ,Size_Long,300,0.01,1,38,0,2.7004,0.877193,888.757
5108,KB4,HARQ,Size_Long,300,0.01,1,38,0,2.6626,0.877193,901.375
5109,KB4,HARQ,Size_Long,300,0.01,1,38,0,2.6691,0.877193,899.179
5110,KB4,HARQ,Size_Long,300,0.01,1,38,0,2.9739,0.877193,807.021
5111,KB4,HARQ,Size_Long,300,0.01,1,38,0,2.7839,0.877193,862.1
5112,KB4,HARQ,Size_Long,300,0.01,1,38,0,2.7013,0.877193,888.461
5113,KB4,HARQ,Size_Long,300,0.01,1,38,0,2.745,0.877193,874.317
5114,KB4,HARQ,Size_Long,300,0.01,1,38,0,2.7218,0.877193,881.769
5115,KB4,HARQ,Size_Long,300,0.01,1,38,0,2.6678,0.877193,899.618
5116,KB4,HARQ,Size_Long,300,0.01,1,38,0,2.7381,0.877193,876.52
5117,KB4,HARQ,Size_Long,300,0.01,1,38,0,2.7481,0.877193,873.331
5118,KB4,HARQ,Size_Long,300,0.01,1,38,0,2.8917,0.877193,829.962
5119,KB4,HARQ,Size_Long,300,0.01,1,38,0,2.6696,0.877193,899.011
5120,KB4,HARQ,Size_Long,300,0.01,1,38,2,2.8494,0.833333,842.283
5121,KB4,HARQ,Size_Long,300,0.01,1,38,0,2.7567,0.877193,870.606
5122,KB4,HARQ,Size_Long,300,0.01,1,38,4,2.9264,0.793651,820.12
5123,KB4,HARQ,Size_Long,300,0.01,1,38,0,2.6746,0.877193,897.33
5124,KB4,HARQ,Size_Long,300,0.01,1,38,0,2.7555,0.877193,870.985
5125,KB4,HARQ,Size_Long,300,0.01,1,38,0,2.6738,0.877193,897.599
5126,KB4,HARQ,Size_Long,300,0.01,1,38,2,2.7961,0.833333,858.338
5127,KB4,HARQ,Size_Long,300,0.01,1,38,0,2.7945,0.877193,858.83
5128,KB4,HARQ,Size_Long,300,0.01,1,38,1,2.7581,0.854701,870.164
5129,KB4,HARQ,Size_Long,300,0.01,1,38,1,2.7448,0.854701,874.381
5130,KB4,HARQ,Size_Long,300,0.01,1,38,0,2.7007,0.877193,888.658
5131,KB4,HARQ,Size_Long,300,0.01,1,38,0,2.7193,0.877193,882.58
5132,KB4,HARQ,Size_Long,300,0.01,1,38,1,2.7904,0.854701,860.092
5133,KB4,HARQ,Size_Long,300,0.01,1,38,2,2.8194,0.833333,851.245
5134,KB4,HARQ,Size_Long,300,0.01,1,38,0,2.7098,0.877193,885.674
5135,KB4,HARQ,Size_Long,300,0.01,1,38,0,2.7114,0.877193,885.152
5136,KB4,HARQ,Size_Long,300,0.01,1,38,0,2.6691,0.877193,899.179
5137,KB4,HARQ,Size_Long,300,0.01,1,38,1,2.7657,0.854701,867.773
5138,KB4,HARQ,Size_Long,300,0.01,1,38,1,2.894,0.854701,829.302
5139,KB4,HARQ,Size_Long,300,0.01,1,38,0,2.7637,0.877193,868.401
5140,KB4,HARQ,Size_Long,300,0.01,1,38,0,2.7173,0.877193,883.23
5141,KB4,HARQ,Size_Long,300,0.01,1,38,0,2.7168,0.877193,883.392
5142,KB4,HARQ,Size_Long,300,0.01,1,38,1,2.7458,0.854701,874.062
5143,KB4,HARQ,Size_Long,300,0.01,1,38,0,2.6741,0.877193,897.498
5144,KB4,HARQ,Size_Long,300,0.01,1,38,0,2.7296,0.877193,879.25
5145,KB4,HARQ,Size_Long,300,0.01,1,38,0,2.751,0.877193,872.41
5146,KB4,HARQ,Size_Long,300,0.01,1,38,0,2.6623,0.877193,901.476
5147,KB4,HARQ,Size_Long,300,0.01,1,38,0,2.6915,0.877193,891.696
5148,KB4,HARQ,Size_Long,300,0.01,1,38,0,2.6916,0.877193,891.663
5149,KB4,HARQ,Size_Long,300,0.01,1,38,1,2.8364,0.854701,846.143
5150,KB4,HARQ,Size_Long,300,0.01,1,38,1,2.7172,0.854701,883.262
5151,KB4,HARQ,Size_Long,300,0.01,1,38,0,2.6829,0.877193,894.554
5152,KB4,HARQ,Size_Long,300,0.01,1,38,1,2.7882,0.854701,860.77
5153,KB4,HARQ,Size_Long,300,0.01,1,38,0,2.6908,0.877193,891.928
5154,KB4,HARQ,Size_Long,300,0.01,1,38,1,2.7335,0.854701,877.995
5155,KB4,HARQ,Size_Long,300,0.01,1,38,1,2.8156,0.854701,852.394
5156,KB4,HARQ,Size_Long,300,0.01,1,38,2,2.814,0.833333,852.878
5157,KB4,HARQ,Size_Long,300,0.01,1,38,0,2.6741,0.877193,897.498
5158,KB4,HARQ,Size_Long,300,0.01,1,38,1,2.7241,0.854701,881.025
5159,KB4,HARQ,Size_Long,300,0.01,1,38,0,2.7372,0.877193,876.808
5160,KB4,HARQ,Size_Long,300,0.01,1,38,2,2.7832,0.833333,862.317
5161,KB4,HARQ,Size_Long,300,0.01,1,38,0,2.6957,0.877193,890.307
5162,KB4,HARQ,Size_Long,300,0.01,1,38,0,2.7083,0.877193,886.165
5163,KB4,HARQ,Size_Long,300,0.01,1,38,0,2.7076,0.877193,886.394
5164,KB4,HARQ,Size_Long,300,0.01,1,38,0,2.674,0.877193,897.532
5165,KB4,HARQ,Size_Long,300,0.01,1,38,2,2.8226,0.833333,850.28
5166,KB4,HARQ,Size_Long,300,0.01,1,38,0,2.8137,0.877193,852.969
5167,KB4,HARQ,Size_Long,300,0.01,1,38,0,2.6775,0.877193,896.359
5168,KB4,HARQ,Size_Long,300,0.01,1,38,0,2.6606,0.877193,902.052
5169,KB4,HARQ,Size_Long,300,0.01,1,38,0,2.7277,0.877193,879.862
5170,KB4,HARQ,Size_Long,300,0.01,1,38,0,2.7056,0.877193,887.049
5171,KB4,HARQ,Size_Long,300,0.01,1,38,0,2.685,0.877193,893.855
5172,KB4,HARQ,Size_Long,300,0.01,1,38,1,2.7715,0.854701,865.957
5173,KB4,HARQ,Size_Long,300,0.01,1,38,0,2.71,0.877193,885.609
5174,KB4,HARQ,Size_Long,300,0.01,1,38,1,2.7589,0.854701,869.912
5175,KB4,HARQ,Size_Long,300,0.01,1,38,0,2.6907,0.877193,891.961
5176,KB4,HARQ,Size_Long,300,0.01,1,38,0,2.7154,0.877193,883.848
5177,KB4,HARQ,Size_Long,300,0.01,1,38,2,3.0658,0.833333,782.83
5178,KB4,HARQ,Size_Long,300,0.01,1,38,0,2.6618,0.877193,901.646
5179,KB4,HARQ,Size_Long,300,0.01,1,38,0,2.6848,0.877193,893.921
5180,KB4,HARQ,Size_Long,300,0.01,1,38,1,2.7399,0.854701,875.944
5181,KB4,HARQ,Size_Long,300,0.01,1,38,0,2.6973,0.877193,889.779
5182,KB4,HARQ,Size_Long,300,0.01,1,38,0,2.6806,0.877193,895.322
5183,KB4,HARQ,Size_Long,300,0.01,1,38,0,2.7749,0.877193,864.896
5184,KB4,HARQ,Size_Long,300,0.01,1,38,0,2.7095,0.877193,885.772
5185,KB4,HARQ,Size_Long,300,0.01,1,38,1,2.7484,0.854701,873.235
5186,KB4,HARQ,Size_Long,300,0.01,1,38,0,2.6737,0.877193,897.632
5187,KB4,HARQ,Size_Long,300,0.01,1,38,0,2.7056,0.877193,887.049
5188,KB4,HARQ,Size_Long,300,0.01,1,38,0,2.6939,0.877193,890.902
5189,KB4,HARQ,Size_Long,300,0.01,1,38,0,2.7357,0.877193,877.289
5190,KB4,HARQ,Size_Long,300,0.01,1,38,1,2.7319,0.854701,878.509
5191,KB4,HARQ,Size_Long,300,0.01,1,38,0,2.7199,0.877193,882.385
5192,KB4,HARQ,Size_Long,300,0.01,1,38,0,2.6918,0.877193,891.597
5193,KB4,HARQ,Size_Long,300,0.01,1,38,0,2.6919,0.877193,891.564
5194,KB4,HARQ,Size_Long,300,0.01,1,38,0,2.7638,0.877193,868.37
5195,KB4,HARQ,Size_Long,300,0.01,1,38,1,2.7687,0.854701,866.833
5196,KB4,HARQ,Size_Long,300,0.01,1,38,0,2.6526,0.877193,904.773
5197,KB4,HARQ,Size_Long,300,0.01,1,38,0,2.7046,0.877193,887.377
5198,KB4,HARQ,Size_Long,300,0.01,1,38,1,2.7843,0.854701,861.976
5199,KB4,HARQ,Size_Long,300,0.01,1,38,0,2.7002,0.877193,888.823
5200,KB4,HARQ,Size_Long,300,0.01,1,38,0,2.7504,0.877193,872.6
5201,KB4,HARQ,Size_Long,300,0.01,1,38,0,2.7027,0.877193,888.001
5202,KB4,HARQ,Size_Long,300,0.01,1,38,1,2.7789,0.854701,863.651
5203,KB4,HARQ,Size_Long,300,0.01,1,38,1,2.7503,0.854701,872.632
5204,KB4,HARQ,Size_Long,300,0.01,1,38,0,2.6582,0.877193,902.867
5205,KB4,HARQ,Size_Long,300,0.01,1,38,0,2.7488,0.877193,873.108
5206,KB4,HARQ,Size_Long,300,0.01,1,38,1,2.8086,0.854701,854.518
5207,KB4,HARQ,Size_Long,300,0.01,1,38,0,2.6998,0.877193,888.955
5208,KB4,HARQ,Size_Long,300,0.01,1,38,1,2.7586,0.854701,870.007
5209,KB4,HARQ,Size_Long,300,0.01,1,38,0,2.7066,0.877193,886.721
5210,KB4,HARQ,Size_Long,300,0.01,1,38,0,2.6645,0.877193,900.732
5211,KB4,HARQ,Size_Long,300,0.01,1,38,0,2.7767,0.877193,864.335
5212,KB4,HARQ,Size_Long,300,0.01,1,38,0,2.7315,0.877193,878.638
5213,KB4,HARQ,Size_Long,300,0.01,1,38,0,2.6756,0.877193,896.995
5214,KB4,HARQ,Size_Long,300,0.01,1,38,0,2.6589,0.877193,902.629
5215,KB4,HARQ,Size_Long,300,0.01,1,38,0,2.7157,0.877193,883.75
5216,KB4,HARQ,Size_Long,300,0.01,1,38,0,2.7049,0.877193,887.279
5217,KB4,HARQ,Size_Long,300,0.01,1,38,0,2.7411,0.877193,875.561
5218,KB4,HARQ,Size_Long,300,0.01,1,38,0,2.6649,0.877193,900.597
5219,KB4,HARQ,Size_Long,300,0.01,1,38,0,2.714,0.877193,884.304
5220,KB4,HARQ,Size_Long,300,0.01,1,38,0,2.6873,0.877193,893.09
5221,KB4,HARQ,Size_Long,300,0.01,1,38,0,2.6813,0.877193,895.088
5222,KB4,HARQ,Size_Long,300,0.01,1,38,1,2.7839,0.854701,862.1
5223,KB4,HARQ,Size_Long,300,0.01,1,38,0,2.781,0.877193,862.999
5224,KB4,HARQ,Size_Long,300,0.01,1,38,1,2.7235,0.854701,881.219
5225,KB4,HARQ,Size_Long,300,0.01,1,38,0,2.6691,0.877193,899.179
5226,KB4,HARQ,Size_Long,300,0.01,1,38,0,2.6969,0.877193,889.911
5227,KB4,HARQ,Size_Long,300,0.01,1,38,0,2.686,0.877193,893.522
5228,KB4,HARQ,Size_Long,300,0.01,1,38,0,2.7377,0.877193,876.648
5229,KB4,HARQ,Size_Long,300,0.01,1,38,1,2.766,0.854701,867.679
5230,KB4,HARQ,Size_Long,300,0.01,1,38,0,2.691,0.877193,891.862
5231,KB4,HARQ,Size_Long,300,0.01,1,38,1,2.7516,0.854701,872.22
5232,KB4,HARQ,Size_Long,300,0.01,1,38,0,2.6609,0.877193,901.95
5233,KB4,HARQ,Size_Long,300,0.01,1,38,1,2.7598,0.854701,869.628
5234,KB4,HARQ,Size_Long,300,0.01,1,38,0,2.7438,0.877193,874.699
5235,KB4,HARQ,Size_Long,300,0.01,1,38,1,2.7428,0.854701,875.018
5236,KB4,HARQ,Size_Long,300,0.01,1,38,2,2.7833,0.833333,862.286
5237,KB4,HARQ,Size_Long,300,0.01,1,38,0,2.7336,0.877193,877.963
5238,KB4,HARQ,Size_Long,300,0.01,1,38,0,2.6594,0.877193,902.459
5239,KB4,HARQ,Size_Long,300,0.01,1,38,0,2.6995,0.877193,889.054
5240,KB4,HARQ,Size_Long,300,0.01,1,38,1,2.8197,0.854701,851.154
5241,KB4,HARQ,Size_Long,300,0.01,1,38,0,2.7028,0.877193,887.968
5242,KB4,HARQ,Size_Long,300,0.01,1,38,0,2.6504,0.877193,905.524
5243,KB4,HARQ,Size_Long,300,0.01,1,38,0,2.6812,0.877193,895.122
5244,KB4,HARQ,Size_Long,300,0.01,1,38,1,2.7809,0.854701,863.03
5245,KB4,HARQ,Size_Long,300,0.01,1,38,1,2.8647,0.854701,837.784
5246,KB4,HARQ,Size_Long,300,0.01,1,38,2,2.7922,0.833333,859.537
5247,KB4,HARQ,Size_Long,300,0.01,1,38,0,2.7312,0.877193,878.735
5248,KB4,HARQ,Size_Long,300,0.01,1,38,0,2.6942,0.877193,890.802
5249,KB4,HARQ,Size_Long,300,0.01,1,38,0,2.6868,0.877193,893.256
5250,KB4,HARQ,Size_Long,300,0.01,1,38,0,2.6647,0.877193,900.664
5251,KB4,HARQ,Size_Long,300,0.01,1,38,0,2.7885,0.877193,860.678
5252,KB4,HARQ,Size_Long,300,0.01,1,38,0,2.6867,0.877193,893.289
5253,KB4,HARQ,Size_Long,300,0.01,1,38,1,2.7381,0.854701,876.52
5254,KB4,HARQ,Size_Long,300,0.01,1,38,0,2.7103,0.877193,885.511
5255,KB4,HARQ,Size_Long,300,0.01,1,38,0,2.72,0.877193,882.353
5256,KB4,HARQ,Size_Long,300,0.01,1,38,0,2.6912,0.877193,891.795
5257,KB4,HARQ,Size_Long,300,0.01,1,38,0,2.7408,0.877193,875.657
5258,KB4,HARQ,Size_Long,300,0.01,1,38,0,2.724,0.877193,881.057
5259,KB4,HARQ,Size_Long,300,0.01,1,38,0,2.6751,0.877193,897.163
5260,KB4,HARQ,Size_Long,300,0.01,1,38,0,2.6579,0.877193,902.969
5261,KB4,HARQ,Size_Long,300,0.01,1,38,0,2.7479,0.877193,873.394
5262,KB4,HARQ,Size_Long,300,0.01,1,38,0,2.7459,0.877193,874.03
5263,KB4,HARQ,Size_Long,300,0.01,1,38,1,2.749,0.854701,873.045
5264,KB4,HARQ,Size_Long,300,0.01,1,38,1,3.3364,0.854701,719.338
5265,KB4,HARQ,Size_Long,300,0.01,1,38,0,2.9865,0.877193,803.616
5266,KB4,HARQ,Size_Long,300,0.01,1,38,1,3.3261,0.854701,721.566
5267,KB4,HARQ,Size_Long,300,0.01,1,38,0,3.1764,0.877193,755.572
5268,KB4,HARQ,Size_Long,300,0.01,1,38,1,3.0409,0.854701,789.24
5269,KB4,HARQ,Size_Long,300,0.01,1,38,0,2.6725,0.877193,898.036
5270,KB4,HARQ,Size_Long,300,0.01,1,38,0,2.9477,0.877193,814.194
5271,KB4,HARQ,Size_Long,300,0.01,1,38,0,3.3223,0.877193,722.391
5272,KB4,HARQ,Size_Long,300,0.01,1,38,0,3.1099,0.877193,771.729
5273,KB4,HARQ,Size_Long,300,0.01,1,38,1,2.7494,0.854701,872.918
5274,KB4,HARQ,Size_Long,300,0.01,1,38,0,2.8489,0.877193,842.43
5275,KB4,HARQ,Size_Long,300,0.01,1,38,1,3.0756,0.854701,780.336
5276,KB4,HARQ,Size_Long,300,0.01,1,38,0,2.9949,0.877193,801.362
5277,KB4,HARQ,Size_Long,300,0.01,1,38,0,3.161,0.877193,759.253
5278,KB4,HARQ,Size_Long,300,0.01,1,38,0,2.8037,0.877193,856.012
5279,KB4,HARQ,Size_Long,300,0.01,1,38,0,2.8306,0.877193,847.877
5280,KB4,HARQ,Size_Long,300,0.01,1,38,0,2.8099,0.877193,854.123
5281,KB4,HARQ,Size_Long,300,0.01,1,38,0,2.8222,0.877193,850.4
5282,KB4,HARQ,Size_Long,300,0.01,1,38,0,2.8286,0.877193,848.476
5283,KB4,HARQ,Size_Long,300,0.01,1,38,2,3.0047,0.833333,798.749
5284,KB4,HARQ,Size_Long,300,0.01,1,38,0,2.8301,0.877193,848.027
5285,KB4,HARQ,Size_Long,300,0.01,1,38,0,2.8479,0.877193,842.726
5286,KB4,HARQ,Size_Long,300,0.01,1,38,1,2.8687,0.854701,836.616
5287,KB4,HARQ,Size_Long,300,0.01,1,38,0,2.836,0.877193,846.262
5288,KB4,HARQ,Size_Long,300,0.01,1,38,0,2.8968,0.877193,828.5
5289,KB4,HARQ,Size_Long,300,0.01,1,38,0,2.8317,0.877193,847.547
5290,KB4,HARQ,Size_Long,300,0.01,1,38,1,2.8989,0.854701,827.9
5291,KB4,HARQ,Size_Long,300,0.01,1,38,0,2.8248,0.877193,849.618
5292,KB4,HARQ,Size_Long,300,0.01,1,38,0,2.7934,0.877193,859.168
5293,KB4,HARQ,Size_Long,300,0.01,1,38,1,2.9304,0.854701,819.001
5294,KB4,HARQ,Size_Long,300,0.01,1,38,0,2.8583,0.877193,839.66
5295,KB4,HARQ,Size_Long,300,0.01,1,38,0,2.8269,0.877193,848.987
5296,KB4,HARQ,Size_Long,300,0.01,1,38,1,2.8775,0.854701,834.057
5297,KB4,HARQ,Size_Long,300,0.01,1,38,1,2.8933,0.854701,829.503
5298,KB4,HARQ,Size_Long,300,0.01,1,38,1,2.9107,0.854701,824.544
5299,KB4,HARQ,Size_Long,300,0.01,1,38,0,2.9128,0.877193,823.949
5300,KB4,HARQ,Size_Long,300,0.01,1,38,0,2.8421,0.877193,844.446
5301,KB4,HARQ,Size_Long,300,0.01,1,38,0,2.8043,0.877193,855.829
5302,KB4,HARQ,Size_Long,300,0.01,1,38,1,2.9335,0.854701,818.135
5303,KB4,HARQ,Size_Long,300,0.01,1,38,0,2.8176,0.877193,851.789
5304,KB4,HARQ,Size_Long,300,0.01,1,38,0,2.8784,0.877193,833.797
5305,KB4,HARQ,Size_Long,300,0.01,1,38,0,2.8345,0.877193,846.71
5306,KB4,HARQ,Size_Long,300,0.01,1,38,0,2.8548,0.877193,840.689
5307,KB4,HARQ,Size_Long,300,0.01,1,38,0,2.86,0.877193,839.161
5308,KB4,HARQ,Size_Long,300,0.01,1,38,0,2.8028,0.877193,856.287
5309,KB4,HARQ,Size_Long,300,0.01,1,38,1,2.8666,0.854701,837.229
5310,KB4,HARQ,Size_Long,300,0.01,1,38,0,2.8459,0.877193,843.318
5311,KB4,HARQ,Size_Long,300,0.01,1,38,1,2.953,0.854701,812.733
5312,KB4,HARQ,Size_Long,300,0.01,1,38,0,2.8197,0.877193,851.154
5313,KB4,HARQ,Size_Long,300,0.01,1,38,1,2.8967,0.854701,828.529
5314,KB4,HARQ,Size_Long,300,0.01,1,38,1,2.8874,0.854701,831.198
5315,KB4,HARQ,Size_Long,300,0.01,1,38,0,2.8599,0.877193,839.19
5316,KB4,HARQ,Size_Long,300,0.01,1,38,0,2.8544,0.877193,840.807
5317,KB4,HARQ,Size_Long,300,0.01,1,38,0,2.8206,0.877193,850.883
5318,KB4,HARQ,Size_Long,300,0.01,1,38,0,2.837,0.877193,845.964
5319,KB4,HARQ,Size_Long,300,0.01,1,38,2,2.9522,0.833333,812.953
5320,KB4,HARQ,Size_Long,300,0.01,1,38,0,2.8133,0.877193,853.091
5321,KB4,HARQ,Size_Long,300,0.01,1,38,0,2.9059,0.877193,825.906
5322,KB4,HARQ,Size_Long,300,0.01,1,38,1,2.944,0.854701,815.217
5323,KB4,HARQ,Size_Long,300,0.01,1,38,0,2.8288,0.877193,848.416
5324,KB4,HARQ,Size_Long,300,0.01,1,38,0,2.7772,0.877193,864.18
5325,KB4,HARQ,Size_Long,300,0.01,1,38,0,2.8529,0.877193,841.249
5326,KB4,HARQ,Size_Long,300,0.01,1,38,0,2.8442,0.877193,843.823
5327,KB4,HARQ,Size_Long,300,0.01,1,38,0,2.8716,0.877193,835.771
5328,KB4,HARQ,Size_Long,300,0.01,1,38,1,2.8912,0.854701,830.105
5329,KB4,HARQ,Size_Long,300,0.01,1,38,0,2.8362,0.877193,846.203
5330,KB4,HARQ,Size_Long,300,0.01,1,38,1,2.9091,0.854701,824.997
5331,KB4,HARQ,Size_Long,300,0.01,1,38,1,2.9095,0.854701,824.884
5332,KB4,HARQ,Size_Long,300,0.01,1,38,0,2.7922,0.877193,859.537
5333,KB4,HARQ,Size_Long,300,0.01,1,38,0,2.8991,0.877193,827.843
5334,KB4,HARQ,Size_Long,300,0.01,1,38,0,2.8411,0.877193,844.743
5335,KB4,HARQ,Size_Long,300,0.01,1,38,1,2.897,0.854701,828.443
5336,KB4,HARQ,Size_Long,300,0.01,1,38,0,2.8328,0.877193,847.218
5337,KB4,HARQ,Size_Long,300,0.01,1,38,0,2.8581,0.877193,839.719
5338,KB4,HARQ,Size_Long,300,0.01,1,38,1,2.8994,0.854701,827.757
5339,KB4,HARQ,Size_Long,300,0.01,1,38,1,2.9283,0.854701,819.588
5340,KB4,HARQ,Size_Long,300,0.01,1,38,0,2.7876,0.877193,860.956
5341,KB4,HARQ,Size_Long,300,0.01,1,38,0,2.8642,0.877193,837.93
5342,KB4,HARQ,Size_Long,300,0.01,1,38,2,2.9763,0.833333,806.37
5343,KB4,HARQ,Size_Long,300,0.01,1,38,1,2.8871,0.854701,831.284
5344,KB4,HARQ,Size_Long,300,0.01,1,38,0,2.8434,0.877193,844.06
5345,KB4,HARQ,Size_Long,300,0.01,1,38,0,2.8611,0.877193,838.838
5346,KB4,HARQ,Size_Long,300,0.01,1,38,0,2.8064,0.877193,855.188
5347,KB4,HARQ,Size_Long,300,0.01,1,38,0,2.817,0.877193,851.97
5348,KB4,HARQ,Size_Long,300,0.01,1,38,0,2.8769,0.877193,834.231
5349,KB4,HARQ,Size_Long,300,0.01,1,38,2,2.988,0.833333,803.213
5350,KB4,HARQ,Size_Long,300,0.01,1,38,0,2.875,0.877193,834.783
5351,KB4,HARQ,Size_Long,300,0.01,1,38,0,2.8136,0.877193,853
5352,KB4,HARQ,Size_Long,300,0.01,1,38,0,2.8052,0.877193,855.554
5353,KB4,HARQ,Size_Long,300,0.01,1,38,0,2.8812,0.877193,832.986
5354,KB4,HARQ,Size_Long,300,0.01,1,38,0,2.8111,0.877193,853.758
5355,KB4,HARQ,Size_Long,300,0.01,1,38,1,2.8711,0.854701,835.917
5356,KB4,HARQ,Size_Long,300,0.01,1,38,0,2.864,0.877193,837.989
5357,KB4,HARQ,Size_Long,300,0.01,1,38,0,2.8442,0.877193,843.823
5358,KB4,HARQ,Size_Long,300,0.01,1,38,0,2.8142,0.877193,852.818
5359,KB4,HARQ,Size_Long,300,0.01,1,38,0,2.8133,0.877193,853.091
5360,KB4,HARQ,Size_Long,300,0.01,1,38,1,2.8724,0.854701,835.538
5361,KB4,HARQ,Size_Long,300,0.01,1,38,0,2.871,0.877193,835.946
5362,KB4,HARQ,Size_Long,300,0.01,1,38,0,2.8354,0.877193,846.441
5363,KB4,HARQ,Size_Long,300,0.01,1,38,3,3.0033,0.813008,799.121
5364,KB4,HARQ,Size_Long,300,0.01,1,38,0,2.8545,0.877193,840.778
5365,KB4,HARQ,Size_Long,300,0.01,1,38,1,2.9174,0.854701,822.65
5366,KB4,HARQ,Size_Long,300,0.01,1,38,0,2.8006,0.877193,856.959
5367,KB4,HARQ,Size_Long,300,0.01,1,38,0,2.9444,0.877193,815.107
5368,KB4,HARQ,Size_Long,300,0.01,1,38,0,2.8656,0.877193,837.521
5369,KB4,HARQ,Size_Long,300,0.01,1,38,2,2.9904,0.833333,802.568
5370,KB4,HARQ,Size_Long,300,0.01,1,38,0,2.7944,0.877193,858.861
5371,KB4,HARQ,Size_Long,300,0.01,1,38,2,2.9455,0.833333,814.802
5372,KB4,HARQ,Size_Long,300,0.01,1,38,0,2.8218,0.877193,850.521
5373,KB4,HARQ,Size_Long,300,0.01,1,38,1,3.0988,0.854701,774.493
5374,KB4,HARQ,Size_Long,300,0.01,1,38,1,2.8785,0.854701,833.768
5375,KB4,HARQ,Size_Long,300,0.01,1,38,0,2.8165,0.877193,852.121
5376,KB4,HARQ,Size_Long,300,0.01,1,38,0,2.8615,0.877193,838.721
5377,KB4,HARQ,Size_Long,300,0.01,1,38,0,2.8164,0.877193,852.152
5378,KB4,HARQ,Size_Long,300,0.01,1,38,0,3.0001,0.877193,799.973
5379,KB4,HARQ,Size_Long,300,0.01,1,38,0,2.8733,0.877193,835.277
5380,KB4,HARQ,Size_Long,300,0.01,1,38,0,2.8683,0.877193,836.733
5381,KB4,HARQ,Size_Long,300,0.01,1,38,1,2.8818,0.854701,832.813
5382,KB4,HARQ,Size_Long,300,0.01,1,38,0,2.8113,0.877193,853.698
5383,KB4,HARQ,Size_Long,300,0.01,1,38,3,3.0234,0.813008,793.808
5384,KB4,HARQ,Size_Long,300,0.01,1,38,1,3.1817,0.854701,754.314
5385,KB4,HARQ,Size_Long,300,0.01,1,38,1,2.8956,0.854701,828.844
5386,KB4,HARQ,Size_Long,300,0.01,1,38,0,2.8234,0.877193,850.039
5387,KB4,HARQ,Size_Long,300,0.01,1,38,0,2.7998,0.877193,857.204
5388,KB4,HARQ,Size_Long,300,0.01,1,38,1,2.9077,0.854701,825.395
5389,KB4,HARQ,Size_Long,300,0.01,1,38,0,2.9314,0.877193,818.721
5390,KB4,HARQ,Size_Long,300,0.01,1,38,0,2.9997,0.877193,800.08
5391,KB4,HARQ,Size_Long,300,0.01,1,38,0,2.8307,0.877193,847.847
5392,KB4,HARQ,Size_Long,300,0.01,1,38,0,2.8204,0.877193,850.943
5393,KB4,HARQ,Size_Long,300,0.01,1,38,0,2.8412,0.877193,844.714
5394,KB4,HARQ,Size_Long,300,0.01,1,38,1,2.8603,0.854701,839.073
5395,KB4,HARQ,Size_Long,300,0.01,1,38,1,3.2385,0.854701,741.084
5396,KB4,HARQ,Size_Long,300,0.01,1,38,0,2.7901,0.877193,860.184
5397,KB4,HARQ,Size_Long,300,0.01,1,38,0,2.8001,0.877193,857.112
5398,KB4,HARQ,Size_Long,300,0.01,1,38,0,2.7944,0.877193,858.861
5399,KB4,HARQ,Size_Long,300,0.01,1,38,1,2.8897,0.854701,830.536
5400,KB4,HARQ,Size_Long,300,0.01,1,38,0,2.7931,0.877193,859.26
5401,KB4,HARQ,Size_Long,300,0.01,1,38,0,3.0352,0.877193,790.722
5402,KB4,HARQ,Size_Long,300,0.01,1,38,0,2.7756,0.877193,864.678
5403,KB4,HARQ,Size_Long,300,0.01,1,38,0,2.7997,0.877193,857.235
5404,KB4,HARQ,Size_Long,300,0.01,1,38,1,2.8514,0.854701,841.692
5405,KB4,HARQ,Size_Long,300,0.01,1,38,1,2.8693,0.854701,836.441
5406,KB4,HARQ,Size_Long,300,0.01,1,38,0,3.0261,0.877193,793.1
5407,KB4,HARQ,Size_Long,300,0.01,1,38,2,2.9444,0.833333,815.107
5408,KB4,HARQ,Size_Long,300,0.01,1,38,1,2.8458,0.854701,843.348
5409,KB4,HARQ,Size_Long,300,0.01,1,38,1,2.8675,0.854701,836.966
5410,KB4,HARQ,Size_Long,300,0.01,1,38,0,2.7801,0.877193,863.278
5411,KB4,HARQ,Size_Long,300,0.01,1,38,2,2.9341,0.833333,817.968
5412,KB4,HARQ,Size_Long,300,0.01,1,38,0,3.0024,0.877193,799.361
5413,KB4,HARQ,Size_Long,300,0.01,1,38,0,2.7935,0.877193,859.137
5414,KB4,HARQ,Size_Long,300,0.01,1,38,1,2.8419,0.854701,844.505
5415,KB4,HARQ,Size_Long,300,0.01,1,38,0,2.8134,0.877193,853.06
5416,KB4,HARQ,Size_Long,300,0.01,1,38,1,2.8425,0.854701,844.327
5417,KB4,HARQ,Size_Long,300,0.01,1,38,1,3.0079,0.854701,797.899
5418,KB4,HARQ,Size_Long,300,0.01,1,38,0,2.8411,0.877193,844.743
5419,KB4,HARQ,Size_Long,300,0.01,1,38,1,2.8647,0.854701,837.784
5420,KB4,HARQ,Size_Long,300,0.01,1,38,0,2.7807,0.877193,863.092
5421,KB4,HARQ,Size_Long,300,0.01,1,38,4,3.0806,0.793651,779.069
5422,KB4,HARQ,Size_Long,300,0.01,1,38,1,2.878,0.854701,833.912
5423,KB4,HARQ,Size_Long,300,0.01,1,38,2,3.0623,0.833333,783.725
5424,KB4,HARQ,Size_Long,300,0.01,1,38,2,2.9199,0.833333,821.946
5425,KB4,HARQ,Size_Long,300,0.01,1,38,0,2.7887,0.877193,860.616
5426,KB4,HARQ,Size_Long,300,0.01,1,38,0,2.8001,0.877193,857.112
5427,KB4,HARQ,Size_Long,300,0.01,1,38,0,2.8142,0.877193,852.818
5428,KB4,HARQ,Size_Long,300,0.01,1,38,1,2.8699,0.854701,836.266
5429,KB4,HARQ,Size_Long,300,0.01,1,38,1,2.9067,0.854701,825.679
5430,KB4,HARQ,Size_Long,300,0.01,1,38,0,2.7921,0.877193,859.568
5431,KB4,HARQ,Size_Long,300,0.01,1,38,1,2.8775,0.854701,834.057
5432,KB4,HARQ,Size_Long,300,0.01,1,38,0,2.7881,0.877193,860.801
5433,KB4,HARQ,Size_Long,300,0.01,1,38,1,2.9141,0.854701,823.582
5434,KB4,HARQ,Size_Long,300,0.01,1,38,0,2.8073,0.877193,854.914
5435,KB4,HARQ,Size_Long,300,0.01,1,38,0,2.8241,0.877193,849.828
5436,KB4,HARQ,Size_Long,300,0.01,1,38,0,2.7832,0.877193,862.317
5437,KB4,HARQ,Size_Long,300,0.01,1,38,0,2.8113,0.877193,853.698
5438,KB4,HARQ,Size_Long,300,0.01,1,38,0,2.7767,0.877193,864.335
5439,KB4,HARQ,Size_Long,300,0.01,1,38,0,2.8544,0.877193,840.807
5440,KB4,HARQ,Size_Long,300,0.01,1,38,1,2.8667,0.854701,837.2
5441,KB4,HARQ,Size_Long,300,0.01,1,38,2,2.9265,0.833333,820.092
5442,KB4,HARQ,Size_Long,300,0.01,1,38,0,2.926,0.877193,820.232
5443,KB4,HARQ,Size_Long,300,0.01,1,38,0,2.7934,0.877193,859.168
5444,KB4,HARQ,Size_Long,300,0.01,1,38,2,2.9229,0.833333,821.102
5445,KB4,HARQ,Size_Long,300,0.01,1,38,0,2.802,0.877193,856.531
5446,KB4,HARQ,Size_Long,300,0.01,1,38,2,3.0999,0.833333,774.219
5447,KB4,HARQ,Size_Long,300,0.01,1,38,0,2.8135,0.877193,853.03
5448,KB4,HARQ,Size_Long,300,0.01,1,38,1,2.8943,0.854701,829.216
5449,KB4,HARQ,Size_Long,300,0.01,1,38,0,2.7992,0.877193,857.388
5450,KB4,HARQ,Size_Long,300,0.01,1,38,0,2.8099,0.877193,854.123
5451,KB4,HARQ,Size_Long,300,0.01,1,38,0,3.0287,0.877193,792.419
5452,KB4,HARQ,Size_Long,300,0.01,1,38,2,2.9513,0.833333,813.201
5453,KB4,HARQ,Size_Long,300,0.01,1,38,0,2.8009,0.877193,856.867
5454,KB4,HARQ,Size_Long,300,0.01,1,38,1,2.875,0.854701,834.783
5455,KB4,HARQ,Size_Long,300,0.01,1,38,0,2.8239,0.877193,849.888
5456,KB4,HARQ,Size_Long,300,0.01,1,38,1,2.8434,0.854701,844.06
5457,KB4,HARQ,Size_Long,300,0.01,1,38,0,2.8165,0.877193,852.121
5458,KB4,HARQ,Size_Long,300,0.01,1,38,0,2.7809,0.877193,863.03
5459,KB4,HARQ,Size_Long,300,0.01,1,38,1,2.8819,0.854701,832.784
5460,KB4,HARQ,Size_Long,300,0.01,1,38,0,2.8139,0.877193,852.909
5461,KB4,HARQ,Size_Long,300,0.01,1,38,1,2.8441,0.854701,843.852
5462,KB4,HARQ,Size_Long,300,0.01,1,38,1,2.8838,0.854701,832.235
5463,KB4,HARQ,Size_Long,300,0.01,1,38,0,2.8072,0.877193,854.944
5464,KB4,HARQ,Size_Long,300,0.01,1,38,0,2.8425,0.877193,844.327
5465,KB4,HARQ,Size_Long,300,0.01,1,38,0,2.7961,0.877193,858.338
5466,KB4,HARQ,Size_Long,300,0.01,1,38,0,2.8208,0.877193,850.822
5467,KB4,HARQ,Size_Long,300,0.01,1,38,0,2.8344,0.877193,846.74
5468,KB4,HARQ,Size_Long,300,0.01,1,38,1,2.9181,0.854701,822.453
5469,KB4,HARQ,Size_Long,300,0.01,1,38,3,3.0149,0.813008,796.046
5470,KB4,HARQ,Size_Long,300,0.01,1,38,1,2.8495,0.854701,842.253
5471,KB4,HARQ,Size_Long,300,0.01,1,38,0,2.8234,0.877193,850.039
5472,KB4,HARQ,Size_Long,300,0.01,1,38,1,2.8777,0.854701,833.999
5473,KB4,HARQ,Size_Long,300,0.01,1,38,1,2.8705,0.854701,836.091
5474,KB4,HARQ,Size_Long,300,0.01,1,38,0,2.8235,0.877193,850.009
5475,KB4,HARQ,Size_Long,300,0.01,1,38,0,2.7962,0.877193,858.308
5476,KB4,HARQ,Size_Long,300,0.01,1,38,1,2.8696,0.854701,836.353
5477,KB4,HARQ,Size_Long,300,0.01,1,38,0,2.8292,0.877193,848.296
5478,KB4,HARQ,Size_Long,300,0.01,1,38,0,2.8082,0.877193,854.64
5479,KB4,HARQ,Size_Long,300,0.01,1,38,0,2.823,0.877193,850.159
5480,KB4,HARQ,Size_Long,300,0.01,1,38,0,2.8081,0.877193,854.67
5481,KB4,HARQ,Size_Long,300,0.01,1,38,0,2.7939,0.877193,859.014
5482,KB4,HARQ,Size_Long,300,0.01,1,38,0,2.8303,0.877193,847.967
5483,KB4,HARQ,Size_Long,300,0.01,1,38,0,2.8118,0.877193,853.546
5484,KB4,HARQ,Size_Long,300,0.01,1,38,0,2.8305,0.877193,847.907
5485,KB4,HARQ,Size_Long,300,0.01,1,38,0,2.8367,0.877193,846.054
5486,KB4,HARQ,Size_Long,300,0.01,1,38,0,2.8066,0.877193,855.127
5487,KB4,HARQ,Size_Long,300,0.01,1,38,0,2.8904,0.877193,830.335
5488,KB4,HARQ,Size_Long,300,0.01,1,38,0,2.81,0.877193,854.093
5489,KB4,HARQ,Size_Long,300,0.01,1,38,0,2.8332,0.877193,847.099
5490,KB4,HARQ,Size_Long,300,0.01,1,38,0,2.7914,0.877193,859.784
5491,KB4,HARQ,Size_Long,300,0.01,1,38,0,2.8946,0.877193,829.13
5492,KB4,HARQ,Size_Long,300,0.01,1,38,0,2.8217,0.877193,850.551
5493,KB4,HARQ,Size_Long,300,0.01,1,38,1,2.8925,0.854701,829.732
5494,KB4,HARQ,Size_Long,300,0.01,1,38,2,2.9391,0.833333,816.577
5495,KB4,HARQ,Size_Long,300,0.01,1,38,0,2.7879,0.877193,860.863
5496,KB4,HARQ,Size_Long,300,0.01,1,38,2,2.9431,0.833333,815.467
5497,KB4,HARQ,Size_Long,300,0.01,1,38,0,2.8538,0.877193,840.984
5498,KB4,HARQ,Size_Long,300,0.01,1,38,2,2.9143,0.833333,823.525
5499,KB4,HARQ,Size_Long,300,0.01,1,38,0,2.8,0.877193,857.143
5500,KB4,HARQ,Size_Long,300,0.01,1,38,0,2.7861,0.877193,861.419
5501,KB4,HARQ,Size_Long,300,0.01,1,38,0,2.8279,0.877193,848.686
5502,KB4,HARQ,Size_Long,300,0.01,1,38,0,2.8458,0.877193,843.348
5503,KB4,HARQ,Size_Long,300,0.01,1,38,1,2.905,0.854701,826.162
5504,KB4,HARQ,Size_Long,300,0.01,1,38,1,2.8422,0.854701,844.416
5505,KB4,HARQ,Size_Long,300,0.01,1,38,0,2.798,0.877193,857.756
5506,KB4,HARQ,Size_Long,300,0.01,1,38,1,2.8691,0.854701,836.499
5507,KB4,HARQ,Size_Long,300,0.01,1,38,0,2.8203,0.877193,850.973
5508,KB4,HARQ,Size_Long,300,0.01,1,38,0,2.8337,0.877193,846.949
5509,KB4,HARQ,Size_Long,300,0.01,1,38,0,2.8577,0.877193,839.836
5510,KB4,HARQ,Size_Long,300,0.01,1,38,0,2.7772,0.877193,864.18
5511,KB4,HARQ,Size_Long,300,0.01,1,38,0,2.8149,0.877193,852.606
5512,KB4,HARQ,Size_Long,300,0.01,1,38,0,2.8023,0.877193,856.439
5513,KB4,HARQ,Size_Long,300,0.01,1,38,0,2.8131,0.877193,853.151
5514,KB4,HARQ,Size_Long,300,0.01,1,38,0,2.8957,0.877193,828.815
5515,KB4,HARQ,Size_Long,300,0.01,1,38,0,2.898,0.877193,828.157
5516,KB4,HARQ,Size_Long,300,0.01,1,38,0,2.8564,0.877193,840.218
5517,KB4,HARQ,Size_Long,300,0.01,1,38,0,2.8063,0.877193,855.219
5518,KB4,HARQ,Size_Long,300,0.01,1,38,0,2.7798,0.877193,863.371
5519,KB4,HARQ,Size_Long,300,0.01,1,38,1,2.9206,0.854701,821.749
5520,KB4,HARQ,Size_Long,300,0.01,1,38,0,2.8442,0.877193,843.823
5521,KB4,HARQ,Size_Long,300,0.01,1,38,0,2.8253,0.877193,849.467
5522,KB4,HARQ,Size_Long,300,0.01,1,38,0,2.7894,0.877193,860.4
5523,KB4,HARQ,Size_Long,300,0.01,1,38,0,2.8428,0.877193,844.238
5524,KB4,HARQ,Size_Long,300,0.01,1,38,3,2.9913,0.813008,802.327
5525,KB4,HARQ,Size_Long,300,0.01,1,38,0,2.8865,0.877193,831.457
5526,KB4,HARQ,Size_Long,300,0.01,1,38,1,2.8566,0.854701,840.16
5527,KB4,HARQ,Size_Long,300,0.01,1,38,0,2.7948,0.877193,858.738
5528,KB4,HARQ,Size_Long,300,0.01,1,38,0,2.7809,0.877193,863.03
5529,KB4,HARQ,Size_Long,300,0.01,1,38,0,2.8259,0.877193,849.287
5530,KB4,HARQ,Size_Long,300,0.01,1,38,1,2.8503,0.854701,842.017
5531,KB4,HARQ,Size_Long,300,0.01,1,38,1,2.9476,0.854701,814.222
5532,KB4,HARQ,Size_Long,300,0.01,1,38,0,2.7848,0.877193,861.821
5533,KB4,HARQ,Size_Long,300,0.01,1,38,1,2.883,0.854701,832.466
5534,KB4,HARQ,Size_Long,300,0.01,1,38,0,2.7881,0.877193,860.801
5535,KB4,HARQ,Size_Long,300,0.01,1,38,0,2.8455,0.877193,843.437
5536,KB4,HARQ,Size_Long,300,0.01,1,38,0,2.8047,0.877193,855.706
5537,KB4,HARQ,Size_Long,300,0.01,1,38,0,2.811,0.877193,853.789
5538,KB4,HARQ,Size_Long,300,0.01,1,38,0,2.7809,0.877193,863.03
5539,KB4,HARQ,Size_Long,300,0.01,1,38,0,2.8173,0.877193,851.879
5540,KB4,HARQ,Size_Long,300,0.01,1,38,0,2.8538,0.877193,840.984
5541,KB4,HARQ,Size_Long,300,0.01,1,38,0,2.803,0.877193,856.225
5542,KB4,HARQ,Size_Long,300,0.01,1,38,0,2.8443,0.877193,843.793
5543,KB4,HARQ,Size_Long,300,0.01,1,38,0,2.9987,0.877193,800.347
5544,KB4,HARQ,Size_Long,300,0.01,1,38,0,2.8445,0.877193,843.734
5545,KB4,HARQ,Size_Long,300,0.01,1,38,1,2.8623,0.854701,838.487
5546,KB4,HARQ,Size_Long,300,0.01,1,38,0,2.7825,0.877193,862.534
5547,KB4,HARQ,Size_Long,300,0.01,1,38,0,2.8431,0.877193,844.149
5548,KB4,HARQ,Size_Long,300,0.01,1,38,1,3.0604,0.854701,784.211
5549,KB4,HARQ,Size_Long,300,0.01,1,38,0,2.9674,0.877193,808.789
5550,KB4,HARQ,Size_Long,300,0.01,1,38,0,2.7828,0.877193,862.441
5551,KB4,HARQ,Size_Long,300,0.01,1,38,1,2.8695,0.854701,836.383
5552,KB4,HARQ,Size_Long,300,0.01,1,38,0,2.7863,0.877193,861.357
5553,KB4,HARQ,Size_Long,300,0.01,1,38,0,2.8151,0.877193,852.545
5554,KB4,HARQ,Size_Long,300,0.01,1,38,0,2.9891,0.877193,802.917
5555,KB4,HARQ,Size_Long,300,0.01,1,38,0,2.8151,0.877193,852.545
5556,KB4,HARQ,Size_Long,300,0.01,1,38,0,2.7876,0.877193,860.956
5557,KB4,HARQ,Size_Long,300,0.01,1,38,1,2.8616,0.854701,838.692
5558,KB4,HARQ,Size_Long,300,0.01,1,38,0,2.8176,0.877193,851.789
5559,KB4,HARQ,Size_Long,300,0.01,1,38,0,3.0363,0.877193,790.436
5560,KB4,HARQ,Size_Long,300,0.01,1,38,0,2.7817,0.877193,862.782
5561,KB4,HARQ,Size_Long,300,0.01,1,38,1,2.8729,0.854701,835.393
5562,KB4,HARQ,Size_Long,300,0.01,1,38,1,2.8421,0.854701,844.446
5563,KB4,HARQ,Size_Long,300,0.01,1,38,1,2.869,0.854701,836.528
5564,KB4,HARQ,Size_Long,300,0.01,1,38,0,2.7913,0.877193,859.814
5565,KB4,HARQ,Size_Long,300,0.01,1,38,0,3.0224,0.877193,794.071
5566,KB4,HARQ,Size_Long,300,0.01,1,38,2,2.9208,0.833333,821.693
5567,KB4,HARQ,Size_Long,300,0.01,1,38,0,2.8136,0.877193,853
5568,KB4,HARQ,Size_Long,300,0.01,1,38,1,2.872,0.854701,835.655
5569,KB4,HARQ,Size_Long,300,0.01,1,38,1,2.8635,0.854701,838.135
5570,KB4,HARQ,Size_Long,300,0.01,1,38,1,3.0461,0.854701,787.893
5571,KB4,HARQ,Size_Long,300,0.01,1,38,0,2.8431,0.877193,844.149
5572,KB4,HARQ,Size_Long,300,0.01,1,38,1,2.8615,0.854701,838.721
5573,KB4,HARQ,Size_Long,300,0.01,1,38,0,2.7888,0.877193,860.585
5574,KB4,HARQ,Size_Long,300,0.01,1,38,0,2.8038,0.877193,855.981
5575,KB4,HARQ,Size_Long,300,0.01,1,38,2,2.9408,0.833333,816.104
5576,KB4,HARQ,Size_Long,300,0.01,1,38,1,3.0874,0.854701,777.353
5577,KB4,HARQ,Size_Long,300,0.01,1,38,1,2.8647,0.854701,837.784
5578,KB4,HARQ,Size_Long,300,0.01,1,38,0,2.774,0.877193,865.177
5579,KB4,HARQ,Size_Long,300,0.01,1,38,0,2.8141,0.877193,852.848
5580,KB4,HARQ,Size_Long,300,0.01,1,38,0,2.8034,0.877193,856.103
5581,KB4,HARQ,Size_Long,300,0.01,1,38,0,2.7985,0.877193,857.602
5582,KB4,HARQ,Size_Long,300,0.01,1,38,0,3.0407,0.877193,789.292
5583,KB4,HARQ,Size_Long,300,0.01,1,38,0,2.8493,0.877193,842.312
5584,KB4,HARQ,Size_Long,300,0.01,1,38,0,2.8497,0.877193,842.194
5585,KB4,HARQ,Size_Long,300,0.01,1,38,0,2.8315,0.877193,847.607
5586,KB4,HARQ,Size_Long,300,0.01,1,38,0,2.7903,0.877193,860.123
5587,KB4,HARQ,Size_Long,300,0.01,1,38,1,3.0881,0.854701,777.177
5588,KB4,HARQ,Size_Long,300,0.01,1,38,0,2.7919,0.877193,859.63
5589,KB4,HARQ,Size_Long,300,0.01,1,38,0,2.7983,0.877193,857.664
5590,KB4,HARQ,Size_Long,300,0.01,1,38,0,2.8055,0.877193,855.462
5591,KB4,HARQ,Size_Long,300,0.01,1,38,0,2.7986,0.877193,857.572
5592,KB4,HARQ,Size_Long,300,0.01,1,38,0,2.8269,0.877193,848.987
5593,KB4,HARQ,Size_Long,300,0.01,1,38,0,2.9114,0.877193,824.346
5594,KB4,HARQ,Size_Long,300,0.01,1,38,0,2.7996,0.877193,857.265
5595,KB4,HARQ,Size_Long,300,0.01,1,38,0,2.8099,0.877193,854.123
5596,KB4,HARQ,Size_Long,300,0.01,1,38,0,2.7984,0.877193,857.633
5597,KB4,HARQ,Size_Long,300,0.01,1,38,1,2.8651,0.854701,837.667
5598,KB4,HARQ,Size_Long,300,0.01,1,38,0,2.792,0.877193,859.599
5599,KB4,HARQ,Size_Long,300,0.01,1,38,1,2.8806,0.854701,833.16
5600,KB4,HARQ,Size_Long,300,0.01,1,38,0,2.8029,0.877193,856.256
5601,KB4,HARQ,Size_Long,300,0.01,1,38,1,2.886,0.854701,831.601
5602,KB4,HARQ,Size_Long,300,0.01,1,38,3,2.9876,0.813008,803.32
5603,KB4,HARQ,Size_Long,300,0.01,1,38,0,2.795,0.877193,858.676
5604,KB4,HARQ,Size_Long,300,0.01,1,38,0,2.8275,0.877193,848.806
5605,KB4,HARQ,Size_Long,300,0.01,1,38,0,2.8276,0.877193,848.776
5606,KB4,HARQ,Size_Long,300,0.01,1,38,1,2.9128,0.854701,823.949
5607,KB4,HARQ,Size_Long,300,0.01,1,38,0,2.8103,0.877193,854.001
5608,KB4,HARQ,Size_Long,300,0.01,1,38,1,2.904,0.854701,826.446
5609,KB4,HARQ,Size_Long,300,0.01,1,38,0,2.7915,0.877193,859.753
5610,KB4,HARQ,Size_Long,300,0.01,1,38,1,2.8835,0.854701,832.322
5611,KB4,HARQ,Size_Long,300,0.01,1,38,1,2.8706,0.854701,836.062
5612,KB4,HARQ,Size_Long,300,0.01,1,38,1,2.9716,0.854701,807.646
5613,KB4,HARQ,Size_Long,300,0.01,1,38,2,3.0808,0.833333,779.018
5614,KB4,HARQ,Size_Long,300,0.01,1,38,0,2.8105,0.877193,853.941
5615,KB4,HARQ,Size_Long,300,0.01,1,38,0,2.8178,0.877193,851.728
5616,KB4,HARQ,Size_Long,300,0.01,1,38,0,3.3528,0.877193,715.82
5617,KB4,HARQ,Size_Long,300,0.01,1,38,0,2.8363,0.877193,846.173
5618,KB4,HARQ,Size_Long,300,0.01,1,38,0,2.7958,0.877193,858.431
5619,KB4,HARQ,Size_Long,300,0.01,1,38,0,2.8049,0.877193,855.645
5620,KB4,HARQ,Size_Long,300,0.01,1,38,0,2.7825,0.877193,862.534
5621,KB4,HARQ,Size_Long,300,0.01,1,38,1,3.4721,0.854701,691.224
5622,KB4,HARQ,Size_Long,300,0.01,1,38,1,2.8677,0.854701,836.908
5623,KB4,HARQ,Size_Long,300,0.01,1,38,0,2.8061,0.877193,855.28
5624,KB4,HARQ,Size_Long,300,0.01,1,38,0,2.7896,0.877193,860.338
5625,KB4,HARQ,Size_Long,300,0.01,1,38,0,2.8001,0.877193,857.112
5626,KB4,HARQ,Size_Long,300,0.01,1,38,0,2.7785,0.877193,863.775
5627,KB4,HARQ,Size_Long,300,0.01,1,38,0,3.1026,0.877193,773.545
5628,KB4,HARQ,Size_Long,300,0.01,1,38,1,2.8587,0.854701,839.542
5629,KB4,HARQ,Size_Long,300,0.01,1,38,1,2.8709,0.854701,835.975
5630,KB4,HARQ,Size_Long,300,0.01,1,38,1,2.872,0.854701,835.655
5631,KB4,HARQ,Size_Long,300,0.01,1,38,1,2.8692,0.854701,836.47
5632,KB4,HARQ,Size_Long,300,0.01,1,38,0,3.0733,0.877193,780.92
5633,KB4,HARQ,Size_Long,300,0.01,1,38,0,2.8708,0.877193,836.004
5634,KB4,HARQ,Size_Long,300,0.01,1,38,0,2.7991,0.877193,857.418
5635,KB4,HARQ,Size_Long,300,0.01,1,38,1,2.9005,0.854701,827.444
5636,KB4,HARQ,Size_Long,300,0.01,1,38,1,2.8667,0.854701,837.2
5637,KB4,HARQ,Size_Long,300,0.01,1,38,0,2.7915,0.877193,859.753
5638,KB4,HARQ,Size_Long,300,0.01,1,38,0,3.0971,0.877193,774.918
5639,KB4,HARQ,Size_Long,300,0.01,1,38,0,2.8007,0.877193,856.929
5640,KB4,HARQ,Size_Long,300,0.01,1,38,1,2.875,0.854701,834.783
5641,KB4,HARQ,Size_Long,300,0.01,1,38,1,2.882,0.854701,832.755
5642,KB4,HARQ,Size_Long,300,0.01,1,38,1,2.8467,0.854701,843.081
5643,KB4,HARQ,Size_Long,300,0.01,1,38,0,2.9411,0.877193,816.021
5644,KB4,HARQ,Size_Long,300,0.01,1,38,1,2.9503,0.854701,813.477
5645,KB4,HARQ,Size_Long,300,0.01,1,38,0,2.7959,0.877193,858.4
5646,KB4,HARQ,Size_Long,300,0.01,1,38,1,2.8426,0.854701,844.297
5647,KB4,HARQ,Size_Long,300,0.01,1,38,0,2.8051,0.877193,855.584
5648,KB4,HARQ,Size_Long,300,0.01,1,38,0,2.7906,0.877193,860.03
5649,KB4,HARQ,Size_Long,300,0.01,1,38,0,2.9797,0.877193,805.45
5650,KB4,HARQ,Size_Long,300,0.01,1,38,0,2.8003,0.877193,857.051
5651,KB4,HARQ,Size_Long,300,0.01,1,38,0,2.8033,0.877193,856.134
5652,KB4,HARQ,Size_Long,300,0.01,1,38,0,2.7929,0.877193,859.322
5653,KB4,HARQ,Size_Long,300,0.01,1,38,0,2.824,0.877193,849.858
5654,KB4,HARQ,Size_Long,300,0.01,1,38,0,2.8258,0.877193,849.317
5655,KB4,HARQ,Size_Long,300,0.01,1,38,1,2.9243,0.854701,820.709
5656,KB4,HARQ,Size_Long,300,0.01,1,38,0,2.798,0.877193,857.756
5657,KB4,HARQ,Size_Long,300,0.01,1,38,1,2.8667,0.854701,837.2
5658,KB4,HARQ,Size_Long,300,0.01,1,38,0,2.7802,0.877193,863.247
5659,KB4,HARQ,Size_Long,300,0.01,1,38,1,2.8778,0.854701,833.97
5660,KB4,HARQ,Size_Long,300,0.01,1,38,0,2.7958,0.877193,858.431
5661,KB4,HARQ,Size_Long,300,0.01,1,38,1,2.8588,0.854701,839.513
5662,KB4,HARQ,Size_Long,300,0.01,1,38,0,2.7829,0.877193,862.41
5663,KB4,HARQ,Size_Long,300,0.01,1,38,1,2.8612,0.854701,838.809
5664,KB4,HARQ,Size_Long,300,0.01,1,38,2,2.9097,0.833333,824.827
5665,KB4,HARQ,Size_Long,300,0.01,1,38,0,2.8205,0.877193,850.913
5666,KB4,HARQ,Size_Long,300,0.01,1,38,0,2.9254,0.877193,820.401
5667,KB4,HARQ,Size_Long,300,0.01,1,38,1,2.8785,0.854701,833.768
5668,KB4,HARQ,Size_Long,300,0.01,1,38,0,2.7856,0.877193,861.574
5669,KB4,HARQ,Size_Long,300,0.01,1,38,0,2.7947,0.877193,858.768
5670,KB4,HARQ,Size_Long,300,0.01,1,38,0,2.7815,0.877193,862.844
5671,KB4,HARQ,Size_Long,300,0.01,1,38,0,2.7949,0.877193,858.707
5672,KB4,HARQ,Size_Long,300,0.01,1,38,0,2.9056,0.877193,825.991
5673,KB4,HARQ,Size_Long,300,0.01,1,38,2,2.9282,0.833333,819.616
5674,KB4,HARQ,Size_Long,300,0.01,1,38,1,2.8401,0.854701,845.041
5675,KB4,HARQ,Size_Long,300,0.01,1,38,0,2.8086,0.877193,854.518
5676,KB4,HARQ,Size_Long,300,0.01,1,38,0,2.7706,0.877193,866.238
5677,KB4,HARQ,Size_Long,300,0.01,1,38,0,2.8279,0.877193,848.686
5678,KB4,HARQ,Size_Long,300,0.01,1,38,0,2.8276,0.877193,848.776
5679,KB4,HARQ,Size_Long,300,0.01,1,38,0,2.7954,0.877193,858.553
5680,KB4,HARQ,Size_Long,300,0.01,1,38,0,2.781,0.877193,862.999
5681,KB4,HARQ,Size_Long,300,0.01,1,38,3,3.0109,0.813008,797.104
5682,KB4,HARQ,Size_Long,300,0.01,1,38,0,2.7977,0.877193,857.848
5683,KB4,HARQ,Size_Long,300,0.01,1,38,0,2.8374,0.877193,845.845
5684,KB4,HARQ,Size_Long,300,0.01,1,38,0,2.7766,0.877193,864.366
5685,KB4,HARQ,Size_Long,300,0.01,1,38,1,2.897,0.854701,828.443
5686,KB4,HARQ,Size_Long,300,0.01,1,38,1,2.8547,0.854701,840.719
5687,KB4,HARQ,Size_Long,300,0.01,1,38,1,2.869,0.854701,836.528
5688,KB4,HARQ,Size_Long,300,0.01,1,38,0,2.9164,0.877193,822.932
5689,KB4,HARQ,Size_Long,300,0.01,1,38,0,2.9364,0.877193,817.327
5690,KB4,HARQ,Size_Long,300,0.01,1,38,2,3.0048,0.833333,798.722
5691,KB4,HARQ,Size_Long,300,0.01,1,38,1,3.1724,0.854701,756.525
5692,KB4,HARQ,Size_Long,300,0.01,1,38,1,3.5819,0.854701,670.035
5693,KB4,HARQ,Size_Long,300,0.01,1,38,0,3.0129,0.877193,796.575
5694,KB4,HARQ,Size_Long,300,0.01,1,38,1,3.4826,0.854701,689.14
5695,KB4,HARQ,Size_Long,300,0.01,1,38,0,2.8591,0.877193,839.425
5696,KB4,HARQ,Size_Long,300,0.01,1,38,0,2.8958,0.877193,828.787
5697,KB4,HARQ,Size_Long,300,0.01,1,38,0,3.0836,0.877193,778.311
5698,KB4,HARQ,Size_Long,300,0.01,1,38,0,2.8938,0.877193,829.359
5699,KB4,HARQ,Size_Long,300,0.01,1,38,0,3.0218,0.877193,794.229
5700,KB4,HARQ,Size_Long,300,0.01,1,38,0,2.9187,0.877193,822.284
5701,KB4,HARQ,Size_Long,300,0.01,1,38,0,2.8511,0.877193,841.78
5702,KB4,HARQ,Size_Long,300,0.01,1,38,1,3.1151,0.854701,770.441
5703,KB4,HARQ,Size_Long,300,0.01,1,38,0,3.0506,0.877193,786.73
5704,KB4,HARQ,Size_Long,300,0.01,1,38,1,2.8979,0.854701,828.186
5705,KB4,HARQ,Size_Long,300,0.01,1,38,0,3.1125,0.877193,771.084
5706,KB4,HARQ,Size_Long,300,0.01,1,38,1,2.8951,0.854701,828.987
5707,KB4,HARQ,Size_Long,300,0.01,1,38,1,3.0646,0.854701,783.136
5708,KB4,HARQ,Size_Long,300,0.01,1,38,0,3.2778,0.877193,732.198
5709,KB4,HARQ,Size_Long,300,0.01,1,38,0,2.8991,0.877193,827.843
5710,KB4,HARQ,Size_Long,300,0.01,1,38,0,3.2331,0.877193,742.322
5711,KB4,HARQ,Size_Long,300,0.01,1,38,0,2.9042,0.877193,826.389
5712,KB4,HARQ,Size_Long,300,0.01,1,38,0,2.9035,0.877193,826.589
5713,KB4,HARQ,Size_Long,300,0.01,1,38,0,3.2175,0.877193,745.921
5714,KB4,HARQ,Size_Long,300,0.01,1,38,0,2.9186,0.877193,822.312
5715,KB4,HARQ,Size_Long,300,0.01,1,38,0,2.9607,0.877193,810.619
5716,KB4,HARQ,Size_Long,300,0.01,1,38,1,3.304,0.854701,726.392
5717,KB4,HARQ,Size_Long,300,0.01,1,38,2,3.0279,0.833333,792.629
5718,KB4,HARQ,Size_Long,300,0.01,1,38,0,2.9619,0.877193,810.291
5719,KB4,HARQ,Size_Long,300,0.01,1,38,0,2.8984,0.877193,828.043
5720,KB4,HARQ,Size_Long,300,0.01,1,38,0,2.8122,0.877193,853.424
5721,KB4,HARQ,Size_Long,300,0.01,1,38,1,3.6047,0.854701,665.797
5722,KB4,HARQ,Size_Long,300,0.01,1,38,2,3.0069,0.833333,798.164
5723,KB4,HARQ,Size_Long,300,0.01,1,38,0,2.952,0.877193,813.008
5724,KB4,HARQ,Size_Long,300,0.01,1,38,1,3.0074,0.854701,798.032
5725,KB4,HARQ,Size_Long,300,0.01,1,38,0,2.8492,0.877193,842.342
5726,KB4,HARQ,Size_Long,300,0.01,1,38,0,3.1525,0.877193,761.301
5727,KB4,HARQ,Size_Long,300,0.01,1,38,0,2.9088,0.877193,825.083
5728,KB4,HARQ,Size_Long,300,0.01,1,38,0,2.8057,0.877193,855.402
5729,KB4,HARQ,Size_Long,300,0.01,1,38,0,2.9927,0.877193,801.951
5730,KB4,HARQ,Size_Long,300,0.01,1,38,1,3.2026,0.854701,749.391
5731,KB4,HARQ,Size_Long,300,0.01,1,38,0,3.0106,0.877193,797.183
5732,KB4,HARQ,Size_Long,300,0.01,1,38,0,3.0296,0.877193,792.184
5733,KB4,HARQ,Size_Long,300,0.01,1,38,0,2.8236,0.877193,849.979
5734,KB4,HARQ,Size_Long,300,0.01,1,38,0,2.9436,0.877193,815.328
5735,KB4,HARQ,Size_Long,300,0.01,1,38,1,3.3162,0.854701,723.72
5736,KB4,HARQ,Size_Long,300,0.01,1,38,0,2.8135,0.877193,853.03
5737,KB4,HARQ,Size_Long,300,0.01,1,38,0,3.2123,0.877193,747.128
5738,KB4,HARQ,Size_Long,300,0.01,1,38,1,2.873,0.854701,835.364
5739,KB4,HARQ,Size_Long,300,0.01,1,38,1,3.0065,0.854701,798.27
5740,KB4,HARQ,Size_Long,300,0.01,1,38,2,3.2505,0.833333,738.348
5741,KB4,HARQ,Size_Long,300,0.01,1,38,0,2.8717,0.877193,835.742
5742,KB4,HARQ,Size_Long,300,0.01,1,38,0,3.3734,0.877193,711.448
5743,KB4,HARQ,Size_Long,300,0.01,1,38,0,2.8585,0.877193,839.601
5744,KB4,HARQ,Size_Long,300,0.01,1,38,0,2.8223,0.877193,850.37
5745,KB4,HARQ,Size_Long,300,0.01,1,38,0,2.9718,0.877193,807.591
5746,KB4,HARQ,Size_Long,300,0.01,1,38,0,2.8872,0.877193,831.255
5747,KB4,HARQ,Size_Long,300,0.01,1,38,0,2.8929,0.877193,829.617
5748,KB4,HARQ,Size_Long,300,0.01,1,38,1,3.4072,0.854701,704.391
5749,KB4,HARQ,Size_Long,300,0.01,1,38,2,2.9948,0.833333,801.389
5750,KB4,HARQ,Size_Long,300,0.01,1,38,2,3.0528,0.833333,786.164
5751,KB4,HARQ,Size_Long,300,0.01,1,38,0,2.9612,0.877193,810.482
5752,KB4,HARQ,Size_Long,300,0.01,1,38,0,2.8346,0.877193,846.68
5753,KB4,HARQ,Size_Long,300,0.01,1,38,0,3.4105,0.877193,703.709
5754,KB4,HARQ,Size_Long,300,0.01,1,38,0,2.8374,0.877193,845.845
5755,KB4,HARQ,Size_Long,300,0.01,1,38,0,2.9045,0.877193,826.304
5756,KB4,HARQ,Size_Long,300,0.01,1,38,0,2.9549,0.877193,812.21
5757,KB4,HARQ,Size_Long,300,0.01,1,38,0,2.9066,0.877193,825.707
5758,KB4,HARQ,Size_Long,300,0.01,1,38,0,3.1951,0.877193,751.15
5759,KB4,HARQ,Size_Long,300,0.01,1,38,1,2.9613,0.854701,810.455
5760,KB4,HARQ,Size_Long,300,0.01,1,38,2,2.9561,0.833333,811.881
5761,KB4,HARQ,Size_Long,300,0.01,1,38,1,3.0259,0.854701,793.152
5762,KB4,HARQ,Size_Long,300,0.01,1,38,2,3.299,0.833333,727.493
5763,KB4,HARQ,Size_Long,300,0.01,1,38,0,2.8913,0.877193,830.076
5764,KB4,HARQ,Size_Long,300,0.01,1,38,1,3.28,0.854701,731.707
5765,KB4,HARQ,Size_Long,300,0.01,1,38,0,2.8396,0.877193,845.189
5766,KB4,HARQ,Size_Long,300,0.01,1,38,0,2.9115,0.877193,824.317
5767,KB4,HARQ,Size_Long,300,0.01,1,38,2,3.3891,0.833333,708.153
5768,KB4,HARQ,Size_Long,300,0.01,1,38,1,2.9019,0.854701,827.044
5769,KB4,HARQ,Size_Long,300,0.01,1,38,1,3.3834,0.854701,709.346
5770,KB4,HARQ,Size_Long,300,0.01,1,38,0,2.8104,0.877193,853.971
5771,KB4,HARQ,Size_Long,300,0.01,1,38,1,3.0213,0.854701,794.36
5772,KB4,HARQ,Size_Long,300,0.01,1,38,0,3.0768,0.877193,780.031
5773,KB4,HARQ,Size_Long,300,0.01,1,38,0,2.9044,0.877193,826.332
5774,KB4,HARQ,Size_Long,300,0.01,1,38,0,3.3127,0.877193,724.485
5775,KB4,HARQ,Size_Long,300,0.01,1,38,0,2.8088,0.877193,854.457
5776,KB4,HARQ,Size_Long,300,0.01,1,38,1,2.9464,0.854701,814.553
5777,KB4,HARQ,Size_Long,300,0.01,1,38,1,3.0194,0.854701,794.86
5778,KB4,HARQ,Size_Long,300,0.01,1,38,1,3.0901,0.854701,776.674
5779,KB4,HARQ,Size_Long,300,0.01,1,38,0,2.9642,0.877193,809.662
5780,KB4,HARQ,Size_Long,300,0.01,1,38,2,3.3123,0.833333,724.572
5781,KB4,HARQ,Size_Long,300,0.01,1,38,0,2.873,0.877193,835.364
5782,KB4,HARQ,Size_Long,300,0.01,1,38,1,3.0573,0.854701,785.006
5783,KB4,HARQ,Size_Long,300,0.01,1,38,0,3.0181,0.877193,795.202
5784,KB4,HARQ,Size_Long,300,0.01,1,38,0,2.7842,0.877193,862.007
5785,KB4,HARQ,Size_Long,300,0.01,1,38,0,3.3454,0.877193,717.403
5786,KB4,HARQ,Size_Long,300,0.01,1,38,0,2.8663,0.877193,837.316
5787,KB4,HARQ,Size_Long,300,0.01,1,38,0,2.9286,0.877193,819.504
5788,KB4,HARQ,Size_Long,300,0.01,1,38,0,3.0149,0.877193,796.046
5789,KB4,HARQ,Size_Long,300,0.01,1,38,0,2.8841,0.877193,832.149
5790,KB4,HARQ,Size_Long,300,0.01,1,38,0,3.2333,0.877193,742.276
5791,KB4,HARQ,Size_Long,300,0.01,1,38,1,2.9543,0.854701,812.375
5792,KB4,HARQ,Size_Long,300,0.01,1,38,0,2.8372,0.877193,845.904
5793,KB4,HARQ,Size_Long,300,0.01,1,38,0,3.0274,0.877193,792.759
5794,KB4,HARQ,Size_Long,300,0.01,1,38,0,3.194,0.877193,751.409
5795,KB4,HARQ,Size_Long,300,0.01,1,38,1,2.9469,0.854701,814.415
5796,KB4,HARQ,Size_Long,300,0.01,1,38,1,3.2609,0.854701,735.993
5797,KB4,HARQ,Size_Long,300,0.01,1,38,0,2.8497,0.877193,842.194
5798,KB4,HARQ,Size_Long,300,0.01,1,38,1,3.0221,0.854701,794.15
5799,KB4,HARQ,Size_Long,300,0.01,1,38,0,3.2147,0.877193,746.57
5800,KB4,HARQ,Size_Long,300,0.01,1,38,1,2.9114,0.854701,824.346
5801,KB4,HARQ,Size_Long,300,0.01,1,38,0,3.2296,0.877193,743.126
5802,KB4,HARQ,Size_Long,300,0.01,1,38,2,2.974,0.833333,806.994
5803,KB4,HARQ,Size_Long,300,0.01,1,38,0,2.9309,0.877193,818.861
5804,KB4,HARQ,Size_Long,300,0.01,1,38,0,3.0545,0.877193,785.726
5805,KB4,HARQ,Size_Long,300,0.01,1,38,0,2.8606,0.877193,838.985
5806,KB4,HARQ,Size_Long,300,0.01,1,38,1,3.5487,0.854701,676.304
5807,KB4,HARQ,Size_Long,300,0.01,1,38,0,2.8295,0.877193,848.206
5808,KB4,HARQ,Size_Long,300,0.01,1,38,0,2.8561,0.877193,840.307
5809,KB4,HARQ,Size_Long,300,0.01,1,38,0,2.9877,0.877193,803.294
5810,KB4,HARQ,Size_Long,300,0.01,1,38,1,3.0242,0.854701,793.598
5811,KB4,HARQ,Size_Long,300,0.01,1,38,0,2.8385,0.877193,845.517
5812,KB4,HARQ,Size_Long,300,0.01,1,38,0,3.4029,0.877193,705.281
5813,KB4,HARQ,Size_Long,300,0.01,1,38,1,2.9776,0.854701,806.018
5814,KB4,HARQ,Size_Long,300,0.01,1,38,1,3.0581,0.854701,784.801
5815,KB4,HARQ,Size_Long,300,0.01,1,38,1,3.0563,0.854701,785.263
5816,KB4,HARQ,Size_Long,300,0.01,1,38,0,2.7857,0.877193,861.543
5817,KB4,HARQ,Size_Long,300,0.01,1,38,2,3.4434,0.833333,696.986
5818,KB4,HARQ,Size_Long,300,0.01,1,38,0,2.8947,0.877193,829.101
5819,KB4,HARQ,Size_Long,300,0.01,1,38,0,2.9809,0.877193,805.126
5820,KB4,HARQ,Size_Long,300,0.01,1,38,2,3.2444,0.833333,739.736
5821,KB4,HARQ,Size_Long,300,0.01,1,38,1,2.8703,0.854701,836.15
5822,KB4,HARQ,Size_Long,300,0.01,1,38,0,3.2106,0.877193,747.524
5823,KB4,HARQ,Size_Long,300,0.01,1,38,0,2.878,0.877193,833.912
5824,KB4,HARQ,Size_Long,300,0.01,1,38,0,2.8722,0.877193,835.596
5825,KB4,HARQ,Size_Long,300,0.01,1,38,0,2.9507,0.877193,813.366
5826,KB4,HARQ,Size_Long,300,0.01,1,38,0,3.1457,0.877193,762.946
5827,KB4,HARQ,Size_Long,300,0.01,1,38,0,3.0415,0.877193,789.084
5828,KB4,HARQ,Size_Long,300,0.01,1,38,1,3.165,0.854701,758.294
5829,KB4,HARQ,Size_Long,300,0.01,1,38,0,2.8518,0.877193,841.574
5830,KB4,HARQ,Size_Long,300,0.01,1,38,1,2.9728,0.854701,807.32
5831,KB4,HARQ,Size_Long,300,0.01,1,38,1,3.3004,0.854701,727.185
5832,KB4,HARQ,Size_Long,300,0.01,1,38,0,2.864,0.877193,837.989
5833,KB4,HARQ,Size_Long,300,0.01,1,38,1,3.3272,0.854701,721.327
5834,KB4,HARQ,Size_Long,300,0.01,1,38,0,2.8434,0.877193,844.06
5835,KB4,HARQ,Size_Long,300,0.01,1,38,0,2.9359,0.877193,817.467
5836,KB4,HARQ,Size_Long,300,0.01,1,38,1,3.0603,0.854701,784.237
5837,KB4,HARQ,Size_Long,300,0.01,1,38,1,2.9242,0.854701,820.737
5838,KB4,HARQ,Size_Long,300,0.01,1,38,0,3.5083,0.877193,684.092
5839,KB4,HARQ,Size_Long,300,0.01,1,38,0,2.8431,0.877193,844.149
5840,KB4,HARQ,Size_Long,300,0.01,1,38,1,2.922,0.854701,821.355
5841,KB4,HARQ,Size_Long,300,0.01,1,38,0,2.9724,0.877193,807.428
5842,KB4,HARQ,Size_Long,300,0.01,1,38,3,3.044,0.813008,788.436
5843,KB4,HARQ,Size_Long,300,0.01,1,38,0,2.9021,0.877193,826.987
5844,KB4,HARQ,Size_Long,300,0.01,1,38,0,3.3015,0.877193,726.942
5845,KB4,HARQ,Size_Long,300,0.01,1,38,0,2.8356,0.877193,846.382
5846,KB4,HARQ,Size_Long,300,0.01,1,38,0,2.9052,0.877193,826.105
5847,KB4,HARQ,Size_Long,300,0.01,1,38,0,2.9707,0.877193,807.89
5848,KB4,HARQ,Size_Long,300,0.01,1,38,0,2.7967,0.877193,858.154
5849,KB4,HARQ,Size_Long,300,0.01,1,38,1,3.3838,0.854701,709.262
5850,KB4,HARQ,Size_Long,300,0.01,1,38,0,2.8229,0.877193,850.19
5851,KB4,HARQ,Size_Long,300,0.01,1,38,0,3.0078,0.877193,797.925
5852,KB4,HARQ,Size_Long,300,0.01,1,38,0,2.9736,0.877193,807.103
5853,KB4,HARQ,Size_Long,300,0.01,1,38,2,2.9684,0.833333,808.516
5854,KB4,HARQ,Size_Long,300,0.01,1,38,0,3.2376,0.877193,741.29
5855,KB4,HARQ,Size_Long,300,0.01,1,38,0,2.8654,0.877193,837.579
5856,KB4,HARQ,Size_Long,300,0.01,1,38,0,2.9661,0.877193,809.143
5857,KB4,HARQ,Size_Long,300,0.01,1,38,1,3.052,0.854701,786.37
5858,KB4,HARQ,Size_Long,300,0.01,1,38,0,2.8042,0.877193,855.859
5859,KB4,HARQ,Size_Long,300,0.01,1,38,0,2.9016,0.877193,827.13
5860,KB4,HARQ,Size_Long,300,0.01,1,38,0,3.2389,0.877193,740.992
5861,KB4,HARQ,Size_Long,300,0.01,1,38,0,2.8607,0.877193,838.956
5862,KB4,HARQ,Size_Long,300,0.01,1,38,0,2.9192,0.877193,822.143
5863,KB4,HARQ,Size_Long,300,0.01,1,38,0,3.1926,0.877193,751.738
5864,KB4,HARQ,Size_Long,300,0.01,1,38,0,2.8048,0.877193,855.676
5865,KB4,HARQ,Size_Long,300,0.01,1,38,1,3.4306,0.854701,699.586
5866,KB4,HARQ,Size_Long,300,0.01,1,38,0,2.8099,0.877193,854.123
5867,KB4,HARQ,Size_Long,300,0.01,1,38,0,2.9408,0.877193,816.104
5868,KB4,HARQ,Size_Long,300,0.01,1,38,2,3.0902,0.833333,776.649
5869,KB4,HARQ,Size_Long,300,0.01,1,38,0,2.9532,0.877193,812.678
5870,KB4,HARQ,Size_Long,300,0.01,1,38,0,2.9209,0.877193,821.665
5871,KB4,HARQ,Size_Long,300,0.01,1,38,1,3.076,0.854701,780.234
5872,KB4,HARQ,Size_Long,300,0.01,1,38,1,2.9117,0.854701,824.261
5873,KB4,HARQ,Size_Long,300,0.01,1,38,0,3.1401,0.877193,764.307
5874,KB4,HARQ,Size_Long,300,0.01,1,38,0,3.0403,0.877193,789.396
5875,KB4,HARQ,Size_Long,300,0.01,1,38,0,2.8048,0.877193,855.676
5876,KB4,HARQ,Size_Long,300,0.01,1,38,0,3.2794,0.877193,731.841
5877,KB4,HARQ,Size_Long,300,0.01,1,38,0,2.8565,0.877193,840.189
5878,KB4,HARQ,Size_Long,300,0.01,1,38,0,2.9002,0.877193,827.529
5879,KB4,HARQ,Size_Long,300,0.01,1,38,0,3.1516,0.877193,761.518
5880,KB4,HARQ,Size_Long,300,0.01,1,38,2,2.9494,0.833333,813.725
5881,KB4,HARQ,Size_Long,300,0.01,1,38,0,3.2582,0.877193,736.603
5882,KB4,HARQ,Size_Long,300,0.01,1,38,0,2.8157,0.877193,852.364
5883,KB4,HARQ,Size_Long,300,0.01,1,38,1,3.0163,0.854701,795.677
5884,KB4,HARQ,Size_Long,300,0.01,1,38,0,2.9254,0.877193,820.401
5885,KB4,HARQ,Size_Long,300,0.01,1,38,1,2.9415,0.854701,815.91
5886,KB4,HARQ,Size_Long,300,0.01,1,38,1,2.9571,0.854701,811.606
5887,KB4,HARQ,Size_Long,300,0.01,1,38,0,3.241,0.877193,740.512
5888,KB4,HARQ,Size_Long,300,0.01,1,38,1,2.9573,0.854701,811.551
5889,KB4,HARQ,Size_Long,300,0.01,1,38,1,3.0396,0.854701,789.578
5890,KB4,HARQ,Size_Long,300,0.01,1,38,1,2.904,0.854701,826.446
5891,KB4,HARQ,Size_Long,300,0.01,1,38,0,2.8278,0.877193,848.716
5892,KB4,HARQ,Size_Long,300,0.01,1,38,0,3.2801,0.877193,731.685
5893,KB4,HARQ,Size_Long,300,0.01,1,38,0,2.835,0.877193,846.561
5894,KB4,HARQ,Size_Long,300,0.01,1,38,1,2.9891,0.854701,802.917
5895,KB4,HARQ,Size_Long,300,0.01,1,38,1,3.1261,0.854701,767.73
5896,KB4,HARQ,Size_Long,300,0.01,1,38,0,2.8397,0.877193,845.16
5897,KB4,HARQ,Size_Long,300,0.01,1,38,1,3.2634,0.854701,735.429
5898,KB4,HARQ,Size_Long,300,0.01,1,38,1,2.9024,0.854701,826.902
5899,KB4,HARQ,Size_Long,300,0.01,1,38,0,2.8601,0.877193,839.131
5900,KB4,HARQ,Size_Long,300,0.01,1,38,1,3.0332,0.854701,791.244
5901,KB4,HARQ,Size_Long,300,0.01,1,38,0,3.108,0.877193,772.201
5902,KB4,HARQ,Size_Long,300,0.01,1,38,0,2.8299,0.877193,848.087
5903,KB4,HARQ,Size_Long,300,0.01,1,38,0,3.2969,0.877193,727.957
5904,KB4,HARQ,Size_Long,300,0.01,1,38,3,3.0214,0.813008,794.334
5905,KB4,HARQ,Size_Long,300,0.01,1,38,0,2.9482,0.877193,814.056
5906,KB4,HARQ,Size_Long,300,0.01,1,38,0,3.1311,0.877193,766.504
5907,KB4,HARQ,Size_Long,300,0.01,1,38,0,2.7988,0.877193,857.51
5908,KB4,HARQ,Size_Long,300,0.01,1,38,0,3.353,0.877193,715.777
5909,KB4,HARQ,Size_Long,300,0.01,1,38,0,2.8481,0.877193,842.667
5910,KB4,HARQ,Size_Long,300,0.01,1,38,0,2.9795,0.877193,805.504
5911,KB4,HARQ,Size_Long,300,0.01,1,38,1,3.0111,0.854701,797.051
5912,KB4,HARQ,Size_Long,300,0.01,1,38,0,3.2275,0.877193,743.61
5913,KB4,HARQ,Size_Long,300,0.01,1,38,0,3.5824,0.877193,669.942
5914,KB4,HARQ,Size_Long,300,0.01,1,38,0,2.8287,0.877193,848.446
5915,KB4,HARQ,Size_Long,300,0.01,1,38,0,2.8389,0.877193,845.398
5916,KB4,HARQ,Size_Long,300,0.01,1,38,0,2.9376,0.877193,816.993
5917,KB4,HARQ,Size_Long,300,0.01,1,38,0,2.8487,0.877193,842.49
5918,KB4,HARQ,Size_Long,300,0.01,1,38,0,2.7691,0.877193,866.708
5919,KB4,HARQ,Size_Long,300,0.01,1,38,0,3.3427,0.877193,717.982
5920,KB4,HARQ,Size_Long,300,0.01,1,38,0,2.9257,0.877193,820.317
5921,KB4,HARQ,Size_Long,300,0.01,1,38,1,2.9912,0.854701,802.354
5922,KB4,HARQ,Size_Long,300,0.01,1,38,0,3.0002,0.877193,799.947
5923,KB4,HARQ,Size_Long,300,0.01,1,38,0,2.7897,0.877193,860.308
5924,KB4,HARQ,Size_Long,300,0.01,1,38,0,3.3047,0.877193,726.238
5925,KB4,HARQ,Size_Long,300,0.01,1,38,0,2.8441,0.877193,843.852
5926,KB4,HARQ,Size_Long,300,0.01,1,38,0,2.9261,0.877193,820.204
5927,KB4,HARQ,Size_Long,300,0.01,1,38,2,3.0795,0.833333,779.347
5928,KB4,HARQ,Size_Long,300,0.01,1,38,1,2.8823,0.854701,832.668
5929,KB4,HARQ,Size_Long,300,0.01,1,38,1,2.972,0.854701,807.537
5930,KB4,HARQ,Size_Long,300,0.01,1,38,0,3.0657,0.877193,782.855
5931,KB4,HARQ,Size_Long,300,0.01,1,38,0,2.9385,0.877193,816.743
5932,KB4,HARQ,Size_Long,300,0.01,1,38,0,2.9897,0.877193,802.756
5933,KB4,HARQ,Size_Long,300,0.01,1,38,0,2.8861,0.877193,831.572
5934,KB4,HARQ,Size_Long,300,0.01,1,38,1,2.8496,0.854701,842.223
5935,KB4,HARQ,Size_Long,300,0.01,1,38,0,3.0232,0.877193,793.861
5936,KB4,HARQ,Size_Long,300,0.01,1,38,0,2.8013,0.877193,856.745
5937,KB4,HARQ,Size_Long,300,0.01,1,38,0,2.8151,0.877193,852.545
5938,KB4,HARQ,Size_Long,300,0.01,1,38,0,2.7849,0.877193,861.79
5939,KB4,HARQ,Size_Long,300,0.01,1,38,0,2.7982,0.877193,857.694
5940,KB4,HARQ,Size_Long,300,0.01,1,38,0,2.791,0.877193,859.907
5941,KB4,HARQ,Size_Long,300,0.01,1,38,0,2.8704,0.877193,836.12
5942,KB4,HARQ,Size_Long,300,0.01,1,38,0,2.7904,0.877193,860.092
5943,KB4,HARQ,Size_Long,300,0.01,1,38,1,2.8673,0.854701,837.024
5944,KB4,HARQ,Size_Long,300,0.01,1,38,1,2.8657,0.854701,837.492
5945,KB4,HARQ,Size_Long,300,0.01,1,38,0,2.7873,0.877193,861.048
5946,KB4,HARQ,Size_Long,300,0.01,1,38,0,2.8244,0.877193,849.738
5947,KB4,HARQ,Size_Long,300,0.01,1,38,1,3.0111,0.854701,797.051
5948,KB4,HARQ,Size_Long,300,0.01,1,38,0,2.7712,0.877193,866.051
5949,KB4,HARQ,Size_Long,300,0.01,1,38,1,2.8911,0.854701,830.134
5950,KB4,HARQ,Size_Long,300,0.01,1,38,0,2.7891,0.877193,860.493
5951,KB4,HARQ,Size_Long,300,0.01,1,38,0,2.8179,0.877193,851.698
5952,KB4,HARQ,Size_Long,300,0.01,1,38,0,2.8362,0.877193,846.203
5953,KB4,HARQ,Size_Long,300,0.01,1,38,0,2.8089,0.877193,854.427
5954,KB4,HARQ,Size_Long,300,0.01,1,38,0,2.7804,0.877193,863.185
5955,KB4,HARQ,Size_Long,300,0.01,1,38,0,2.8155,0.877193,852.424
5956,KB4,HARQ,Size_Long,300,0.01,1,38,2,2.9143,0.833333,823.525
5957,KB4,HARQ,Size_Long,300,0.01,1,38,0,2.8073,0.877193,854.914
5958,KB4,HARQ,Size_Long,300,0.01,1,38,0,2.7974,0.877193,857.94
5959,KB4,HARQ,Size_Long,300,0.01,1,38,1,2.8592,0.854701,839.396
5960,KB4,HARQ,Size_Long,300,0.01,1,38,0,2.7772,0.877193,864.18
5961,KB4,HARQ,Size_Long,300,0.01,1,38,0,2.7894,0.877193,860.4
5962,KB4,HARQ,Size_Long,300,0.01,1,38,0,2.7728,0.877193,865.551
5963,KB4,HARQ,Size_Long,300,0.01,1,38,1,2.9153,0.854701,823.243
5964,KB4,HARQ,Size_Long,300,0.01,1,38,0,2.7895,0.877193,860.369
5965,KB4,HARQ,Size_Long,300,0.01,1,38,0,2.8018,0.877193,856.592
5966,KB4,HARQ,Size_Long,300,0.01,1,38,0,2.7856,0.877193,861.574
5967,KB4,HARQ,Size_Long,300,0.01,1,38,1,2.8828,0.854701,832.524
5968,KB4,HARQ,Size_Long,300,0.01,1,38,2,2.9517,0.833333,813.091
5969,KB4,HARQ,Size_Long,300,0.01,1,38,1,5.5131,0.854701,435.327
5970,KB4,HARQ,Size_Long,300,0.01,1,38,0,4.7412,0.877193,506.201
5971,KB4,HARQ,Size_Long,300,0.01,1,38,0,2.9279,0.877193,819.7
5972,KB4,HARQ,Size_Long,300,0.01,1,38,1,3.0129,0.854701,796.575
5973,KB4,HARQ,Size_Long,300,0.01,1,38,1,3.0709,0.854701,781.53
5974,KB4,HARQ,Size_Long,300,0.01,1,38,0,2.8624,0.877193,838.457
5975,KB4,HARQ,Size_Long,300,0.01,1,38,1,3.0609,0.854701,784.083
5976,KB4,HARQ,Size_Long,300,0.01,1,38,0,3.3406,0.877193,718.434
5977,KB4,HARQ,Size_Long,300,0.01,1,38,0,2.8543,0.877193,840.837
5978,KB4,HARQ,Size_Long,300,0.01,1,38,0,2.905,0.877193,826.162
5979,KB4,HARQ,Size_Long,300,0.01,1,38,1,3.0826,0.854701,778.564
5980,KB4,HARQ,Size_Long,300,0.01,1,38,0,3.1519,0.877193,761.445
5981,KB4,HARQ,Size_Long,300,0.01,1,38,0,3.3668,0.877193,712.843
5982,KB4,HARQ,Size_Long,300,0.01,1,38,0,3.4309,0.877193,699.525
5983,KB4,HARQ,Size_Long,300,0.01,1,38,1,3.3903,0.854701,707.902
5984,KB4,HARQ,Size_Long,300,0.01,1,38,0,3.109,0.877193,771.952
5985,KB4,HARQ,Size_Long,300,0.01,1,38,1,2.9829,0.854701,804.586
5986,KB4,HARQ,Size_Long,300,0.01,1,38,1,2.9099,0.854701,824.771
5987,KB4,HARQ,Size_Long,300,0.01,1,38,0,2.7848,0.877193,861.821
5988,KB4,HARQ,Size_Long,300,0.01,1,38,0,2.7231,0.877193,881.348
5989,KB4,HARQ,Size_Long,300,0.01,1,38,0,2.7422,0.877193,875.21
5990,KB4,HARQ,Size_Long,300,0.01,1,38,1,2.7924,0.854701,859.476
5991,KB4,HARQ,Size_Long,300,0.01,1,38,1,2.8012,0.854701,856.776
5992,KB4,HARQ,Size_Long,300,0.01,1,38,0,2.9353,0.877193,817.634
5993,KB4,HARQ,Size_Long,300,0.01,1,38,0,3.1839,0.877193,753.793
5994,KB4,HARQ,Size_Long,300,0.01,1,38,1,2.9266,0.854701,820.064
5995,KB4,HARQ,Size_Long,300,0.01,1,38,0,3.2106,0.877193,747.524
5996,KB4,HARQ,Size_Long,300,0.01,1,38,0,3.1113,0.877193,771.382
5997,KB4,HARQ,Size_Long,300,0.01,1,38,0,2.9226,0.877193,821.187
5998,KB4,HARQ,Size_Long,300,0.01,1,38,1,2.8701,0.854701,836.208
5999,KB4,HARQ,Size_Long,300,0.01,1,38,2,2.9617,0.833333,810.345
6000,KB4,HARQ,Size_Long,300,0.01,1,38,1,3.524,0.854701,681.044
