ID,scenario,scheme,message_label,msg_length,BER,state,total_frames,retransmission,time(ms),efficiency,throughput
1,KB1,ARQ,Default,200,0,1,50,0,0.3768,0.8,4246.28
2,KB1,ARQ,Default,200,0,1,50,0,0.3961,0.8,4039.38
3,KB1,ARQ,Default,200,0,1,50,0,0.2524,0.8,6339.14
4,KB1,ARQ,Default,200,0,1,50,0,0.2511,0.8,6371.96
5,KB1,ARQ,Default,200,0,1,50,0,0.2653,0.8,6030.91
6,KB1,ARQ,Default,200,0,1,50,0,0.2497,0.8,6407.69
7,KB1,ARQ,Default,200,0,1,50,0,0.2495,0.8,6412.83
8,KB1,ARQ,Default,200,0,1,50,0,0.2543,0.8,6291.78
9,KB1,ARQ,Default,200,0,1,50,0,0.2539,0.8,6301.69
10,KB1,ARQ,Default,200,0,1,50,0,0.2522,0.8,6344.17
11,KB1,ARQ,Default,200,0,1,50,0,0.2514,0.8,6364.36
12,KB1,ARQ,Default,200,0,1,50,0,0.2506,0.8,6384.68
13,KB1,ARQ,Default,200,0,1,50,0,0.2497,0.8,6407.69
14,KB1,ARQ,Default,200,0,1,50,0,0.2498,0.8,6405.12
15,KB1,ARQ,Default,200,0,1,50,0,0.2575,0.8,6213.59
16,KB1,ARQ,Default,200,0,1,50,0,0.2976,0.8,5376.34
17,KB1,ARQ,Default,200,0,1,50,0,0.2535,0.8,6311.64
18,KB1,ARQ,Default,200,0,1,50,0,0.2552,0.8,6269.59
19,KB1,ARQ,Default,200,0,1,50,0,0.2511,0.8,6371.96
20,KB1,ARQ,Default,200,0,1,50,0,0.2568,0.8,6230.53
21,KB1,ARQ,Default,200,0,1,50,0,0.2508,0.8,6379.59
22,KB1,ARQ,Default,200,0,1,50,0,0.2509,0.8,6377.04
23,KB1,ARQ,Default,200,0,1,50,0,0.2568,0.8,6230.53
24,KB1,ARQ,Default,200,0,1,50,0,0.2509,0.8,6377.04
25,KB1,ARQ,Default,200,0,1,50,0,0.2514,0.8,6364.36
26,KB1,ARQ,Default,200,0,1,50,0,0.2549,0.8,6276.97
27,KB1,ARQ,Default,200,0,1,50,0,0.2512,0.8,6369.43
28,KB1,ARQ,Default,200,0,1,50,0,0.2511,0.8,6371.96
29,KB1,ARQ,Default,200,0,1,50,0,0.2508,0.8,6379.59
30,KB1,ARQ,Default,200,0,1,50,0,0.2515,0.8,6361.83
31,KB1,ARQ,Default,200,0,1,50,0,0.2927,0.8,5466.35
32,KB1,ARQ,Default,200,0,1,50,0,0.2521,0.8,6346.69
33,KB1,ARQ,Default,200,0,1,50,0,0.2503,0.8,6392.33
34,KB1,ARQ,Default,200,0,1,50,0,0.253,0.8,6324.11
35,KB1,ARQ,Default,200,0,1,50,0,0.2516,0.8,6359.3
36,KB1,ARQ,Default,200,0,1,50,0,0.2498,0.8,6405.12
37,KB1,ARQ,Default,200,0,1,50,0,0.251,0.8,6374.5
38,KB1,ARQ,Default,200,0,1,50,0,0.2515,0.8,6361.83
39,KB1,ARQ,Default,200,0,1,50,0,0.2531,0.8,6321.61
40,KB1,ARQ,Default,200,0,1,50,0,0.264,0.8,6060.61
41,KB1,ARQ,Default,200,0,1,50,0,0.2645,0.8,6049.15
42,KB1,ARQ,Default,200,0,1,50,0,0.2555,0.8,6262.23
43,KB1,ARQ,Default,200,0,1,50,0,0.2555,0.8,6262.23
44,KB1,ARQ,Default,200,0,1,50,0,0.288,0.8,5555.56
45,KB1,ARQ,Default,200,0,1,50,0,0.2821,0.8,5671.75
46,KB1,ARQ,Default,200,0,1,50,0,0.2631,0.8,6081.34
47,KB1,ARQ,Default,200,0,1,50,0,0.2856,0.8,5602.24
48,KB1,ARQ,Default,200,0,1,50,0,0.2762,0.8,5792.9
49,KB1,ARQ,Default,200,0,1,50,0,0.2715,0.8,5893.19
50,KB1,ARQ,Default,200,0,1,50,0,0.2642,0.8,6056.02
51,KB1,ARQ,Default,200,0,1,50,0,0.2634,0.8,6074.41
52,KB1,ARQ,Default,200,0,1,50,0,0.2559,0.8,6252.44
53,KB1,ARQ,Default,200,0,1,50,0,0.2599,0.8,6156.21
54,KB1,ARQ,Default,200,0,1,50,0,0.2769,0.8,5778.26
55,KB1,ARQ,Default,200,0,1,50,0,0.2833,0.8,5647.72
56,KB1,ARQ,Default,200,0,1,50,0,0.4809,0.8,3327.1
57,KB1,ARQ,Default,200,0,1,50,0,0.2683,0.8,5963.47
58,KB1,ARQ,Default,200,0,1,50,0,0.4523,0.8,3537.48
59,KB1,ARQ,Default,200,0,1,50,0,0.2593,0.8,6170.46
60,KB1,ARQ,Default,200,0,1,50,0,0.2561,0.8,6247.56
61,KB1,ARQ,Default,200,0,1,50,0,0.2592,0.8,6172.84
62,KB1,ARQ,Default,200,0,1,50,0,0.2711,0.8,5901.88
63,KB1,ARQ,Default,200,0,1,50,0,0.3045,0.8,5254.52
64,KB1,ARQ,Default,200,0,1,50,0,0.2863,0.8,5588.54
65,KB1,ARQ,Default,200,0,1,50,0,0.2911,0.8,5496.39
66,KB1,ARQ,Default,200,0,1,50,0,0.3046,0.8,5252.79
67,KB1,ARQ,Default,200,0,1,50,0,0.2568,0.8,6230.53
68,KB1,ARQ,Default,200,0,1,50,0,0.2578,0.8,6206.36
69,KB1,ARQ,Default,200,0,1,50,0,0.2645,0.8,6049.15
70,KB1,ARQ,Default,200,0,1,50,0,0.2579,0.8,6203.96
71,KB1,ARQ,Default,200,0,1,50,0,0.2581,0.8,6199.15
72,KB1,ARQ,Default,200,0,1,50,0,0.2599,0.8,6156.21
73,KB1,ARQ,Default,200,0,1,50,0,0.256,0.8,6250
74,KB1,ARQ,Default,200,0,1,50,0,0.2562,0.8,6245.12
75,KB1,ARQ,Default,200,0,1,50,0,0.2567,0.8,6232.96
76,KB1,ARQ,Default,200,0,1,50,0,0.258,0.8,6201.55
77,KB1,ARQ,Default,200,0,1,50,0,0.2612,0.8,6125.57
78,KB1,ARQ,Default,200,0,1,50,0,0.2582,0.8,6196.75
79,KB1,ARQ,Default,200,0,1,50,0,0.2557,0.8,6257.33
80,KB1,ARQ,Default,200,0,1,50,0,0.2617,0.8,6113.87
81,KB1,ARQ,Default,200,0,1,50,0,0.2561,0.8,6247.56
82,KB1,ARQ,Default,200,0,1,50,0,0.2564,0.8,6240.25
83,KB1,ARQ,Default,200,0,1,50,0,0.2748,0.8,5822.42
84,KB1,ARQ,Default,200,0,1,50,0,0.2603,0.8,6146.75
85,KB1,ARQ,Default,200,0,1,50,0,0.2567,0.8,6232.96
86,KB1,ARQ,Default,200,0,1,50,0,0.2744,0.8,5830.9
87,KB1,ARQ,Default,200,0,1,50,0,0.2623,0.8,6099.89
88,KB1,ARQ,Default,200,0,1,50,0,0.2551,0.8,6272.05
89,KB1,ARQ,Default,200,0,1,50,0,0.2557,0.8,6257.33
90,KB1,ARQ,Default,200,0,1,50,0,0.2567,0.8,6232.96
91,KB1,ARQ,Default,200,0,1,50,0,0.268,0.8,5970.15
92,KB1,ARQ,Default,200,0,1,50,0,0.2685,0.8,5959.03
93,KB1,ARQ,Default,200,0,1,50,0,0.2672,0.8,5988.02
94,KB1,ARQ,Default,200,0,1,50,0,0.2565,0.8,6237.82
95,KB1,ARQ,Default,200,0,1,50,0,0.2559,0.8,6252.44
96,KB1,ARQ,Default,200,0,1,50,0,0.2562,0.8,6245.12
97,KB1,ARQ,Default,200,0,1,50,0,0.2549,0.8,6276.97
98,KB1,ARQ,Default,200,0,1,50,0,0.2576,0.8,6211.18
99,KB1,ARQ,Default,200,0,1,50,0,0.2569,0.8,6228.1
100,KB1,ARQ,Default,200,0,1,50,0,0.2559,0.8,6252.44
101,KB1,ARQ,Default,200,0,1,50,0,0.2561,0.8,6247.56
102,KB1,ARQ,Default,200,0,1,50,0,0.2618,0.8,6111.54
103,KB1,ARQ,Default,200,0,1,50,0,0.2565,0.8,6237.82
104,KB1,ARQ,Default,200,0,1,50,0,0.256,0.8,6250
105,KB1,ARQ,Default,200,0,1,50,0,0.2574,0.8,6216.01
106,KB1,ARQ,Default,200,0,1,50,0,0.2575,0.8,6213.59
107,KB1,ARQ,Default,200,0,1,50,0,0.2549,0.8,6276.97
108,KB1,ARQ,Default,200,0,1,50,0,0.2567,0.8,6232.96
109,KB1,ARQ,Default,200,0,1,50,0,0.2563,0.8,6242.68
110,KB1,ARQ,Default,200,0,1,50,0,0.2677,0.8,5976.84
111,KB1,ARQ,Default,200,0,1,50,0,0.2811,0.8,5691.92
112,KB1,ARQ,Default,200,0,1,50,0,0.2652,0.8,6033.18
113,KB1,ARQ,Default,200,0,1,50,0,0.2602,0.8,6149.12
114,KB1,ARQ,Default,200,0,1,50,0,0.2569,0.8,6228.1
115,KB1,ARQ,Default,200,0,1,50,0,0.2555,0.8,6262.23
116,KB1,ARQ,Default,200,0,1,50,0,0.263,0.8,6083.65
117,KB1,ARQ,Default,200,0,1,50,0,0.2572,0.8,6220.84
118,KB1,ARQ,Default,200,0,1,50,0,0.2556,0.8,6259.78
119,KB1,ARQ,Default,200,0,1,50,0,0.2642,0.8,6056.02
120,KB1,ARQ,Default,200,0,1,50,0,0.2555,0.8,6262.23
121,KB1,ARQ,Default,200,0,1,50,0,0.2585,0.8,6189.56
122,KB1,ARQ,Default,200,0,1,50,0,0.2593,0.8,6170.46
123,KB1,ARQ,Default,200,0,1,50,0,0.2565,0.8,6237.82
124,KB1,ARQ,Default,200,0,1,50,0,0.2558,0.8,6254.89
125,KB1,ARQ,Default,200,0,1,50,0,0.2584,0.8,6191.95
126,KB1,ARQ,Default,200,0,1,50,0,0.2561,0.8,6247.56
127,KB1,ARQ,Default,200,0,1,50,0,0.2588,0.8,6182.38
128,KB1,ARQ,Default,200,0,1,50,0,0.2579,0.8,6203.96
129,KB1,ARQ,Default,200,0,1,50,0,0.2578,0.8,6206.36
130,KB1,ARQ,Default,200,0,1,50,0,0.2558,0.8,6254.89
131,KB1,ARQ,Default,200,0,1,50,0,0.2602,0.8,6149.12
132,KB1,ARQ,Default,200,0,1,50,0,0.2554,0.8,6264.68
133,KB1,ARQ,Default,200,0,1,50,0,0.2572,0.8,6220.84
134,KB1,ARQ,Default,200,0,1,50,0,0.2572,0.8,6220.84
135,KB1,ARQ,Default,200,0,1,50,0,0.2567,0.8,6232.96
136,KB1,ARQ,Default,200,0,1,50,0,0.2568,0.8,6230.53
137,KB1,ARQ,Default,200,0,1,50,0,0.2547,0.8,6281.9
138,KB1,ARQ,Default,200,0,1,50,0,0.2563,0.8,6242.68
139,KB1,ARQ,Default,200,0,1,50,0,0.2573,0.8,6218.42
140,KB1,ARQ,Default,200,0,1,50,0,0.2568,0.8,6230.53
141,KB1,ARQ,Default,200,0,1,50,0,0.2567,0.8,6232.96
142,KB1,ARQ,Default,200,0,1,50,0,0.2611,0.8,6127.92
143,KB1,ARQ,Default,200,0,1,50,0,0.2564,0.8,6240.25
144,KB1,ARQ,Default,200,0,1,50,0,0.2546,0.8,6284.37
145,KB1,ARQ,Default,200,0,1,50,0,0.2619,0.8,6109.2
146,KB1,ARQ,Default,200,0,1,50,0,0.2559,0.8,6252.44
147,KB1,ARQ,Default,200,0,1,50,0,0.2552,0.8,6269.59
148,KB1,ARQ,Default,200,0,1,50,0,0.2578,0.8,6206.36
149,KB1,ARQ,Default,200,0,1,50,0,0.2581,0.8,6199.15
150,KB1,ARQ,Default,200,0,1,50,0,0.2596,0.8,6163.33
151,KB1,ARQ,Default,200,0,1,50,0,0.2565,0.8,6237.82
152,KB1,ARQ,Default,200,0,1,50,0,0.2577,0.8,6208.77
153,KB1,ARQ,Default,200,0,1,50,0,0.2549,0.8,6276.97
154,KB1,ARQ,Default,200,0,1,50,0,0.2563,0.8,6242.68
155,KB1,ARQ,Default,200,0,1,50,0,0.2547,0.8,6281.9
156,KB1,ARQ,Default,200,0,1,50,0,0.2587,0.8,6184.77
157,KB1,ARQ,Default,200,0,1,50,0,0.256,0.8,6250
158,KB1,ARQ,Default,200,0,1,50,0,0.2691,0.8,5945.75
159,KB1,ARQ,Default,200,0,1,50,0,0.2584,0.8,6191.95
160,KB1,ARQ,Default,200,0,1,50,0,0.2629,0.8,6085.96
161,KB1,ARQ,Default,200,0,1,50,0,0.2545,0.8,6286.84
162,KB1,ARQ,Default,200,0,1,50,0,0.2571,0.8,6223.26
163,KB1,ARQ,Default,200,0,1,50,0,0.2557,0.8,6257.33
164,KB1,ARQ,Default,200,0,1,50,0,0.2574,0.8,6216.01
165,KB1,ARQ,Default,200,0,1,50,0,0.2573,0.8,6218.42
166,KB1,ARQ,Default,200,0,1,50,0,0.256,0.8,6250
167,KB1,ARQ,Default,200,0,1,50,0,0.2579,0.8,6203.96
168,KB1,ARQ,Default,200,0,1,50,0,0.2579,0.8,6203.96
169,KB1,ARQ,Default,200,0,1,50,0,0.255,0.8,6274.51
170,KB1,ARQ,Default,200,0,1,50,0,0.2549,0.8,6276.97
171,KB1,ARQ,Default,200,0,1,50,0,0.2604,0.8,6144.39
172,KB1,ARQ,Default,200,0,1,50,0,0.256,0.8,6250
173,KB1,ARQ,Default,200,0,1,50,0,0.256,0.8,6250
174,KB1,ARQ,Default,200,0,1,50,0,0.3242,0.8,4935.23
175,KB1,ARQ,Default,200,0,1,50,0,0.2571,0.8,6223.26
176,KB1,ARQ,Default,200,0,1,50,0,0.2681,0.8,5967.92
177,KB1,ARQ,Default,200,0,1,50,0,0.2551,0.8,6272.05
178,KB1,ARQ,Default,200,0,1,50,0,0.2562,0.8,6245.12
179,KB1,ARQ,Default,200,0,1,50,0,0.2601,0.8,6151.48
180,KB1,ARQ,Default,200,0,1,50,0,0.255,0.8,6274.51
181,KB1,ARQ,Default,200,0,1,50,0,0.2559,0.8,6252.44
182,KB1,ARQ,Default,200,0,1,50,0,0.2577,0.8,6208.77
183,KB1,ARQ,Default,200,0,1,50,0,0.2568,0.8,6230.53
184,KB1,ARQ,Default,200,0,1,50,0,0.2564,0.8,6240.25
185,KB1,ARQ,Default,200,0,1,50,0,0.2619,0.8,6109.2
186,KB1,ARQ,Default,200,0,1,50,0,0.2569,0.8,6228.1
187,KB1,ARQ,Default,200,0,1,50,0,0.2562,0.8,6245.12
188,KB1,ARQ,Default,200,0,1,50,0,0.2563,0.8,6242.68
189,KB1,ARQ,Default,200,0,1,50,0,0.2611,0.8,6127.92
190,KB1,ARQ,Default,200,0,1,50,0,0.2569,0.8,6228.1
191,KB1,ARQ,Default,200,0,1,50,0,0.2571,0.8,6223.26
192,KB1,ARQ,Default,200,0,1,50,0,0.2565,0.8,6237.82
193,KB1,ARQ,Default,200,0,1,50,0,0.2559,0.8,6252.44
194,KB1,ARQ,Default,200,0,1,50,0,0.256,0.8,6250
195,KB1,ARQ,Default,200,0,1,50,0,0.2559,0.8,6252.44
196,KB1,ARQ,Default,200,0,1,50,0,0.2573,0.8,6218.42
197,KB1,ARQ,Default,200,0,1,50,0,0.2555,0.8,6262.23
198,KB1,ARQ,Default,200,0,1,50,0,0.256,0.8,6250
199,KB1,ARQ,Default,200,0,1,50,0,0.2572,0.8,6220.84
200,KB1,ARQ,Default,200,0,1,50,0,0.2606,0.8,6139.68
201,KB1,ARQ,Default,200,0,1,50,0,0.2616,0.8,6116.21
202,KB1,ARQ,Default,200,0,1,50,0,0.2572,0.8,6220.84
203,KB1,ARQ,Default,200,0,1,50,0,0.2602,0.8,6149.12
204,KB1,ARQ,Default,200,0,1,50,0,0.2555,0.8,6262.23
205,KB1,ARQ,Default,200,0,1,50,0,0.2642,0.8,6056.02
206,KB1,ARQ,Default,200,0,1,50,0,0.2571,0.8,6223.26
207,KB1,ARQ,Default,200,0,1,50,0,0.2566,0.8,6235.39
208,KB1,ARQ,Default,200,0,1,50,0,0.2695,0.8,5936.92
209,KB1,ARQ,Default,200,0,1,50,0,0.2576,0.8,6211.18
210,KB1,ARQ,Default,200,0,1,50,0,0.2554,0.8,6264.68
211,KB1,ARQ,Default,200,0,1,50,0,0.2564,0.8,6240.25
212,KB1,ARQ,Default,200,0,1,50,0,0.2559,0.8,6252.44
213,KB1,ARQ,Default,200,0,1,50,0,0.2561,0.8,6247.56
214,KB1,ARQ,Default,200,0,1,50,0,0.2579,0.8,6203.96
215,KB1,ARQ,Default,200,0,1,50,0,0.2573,0.8,6218.42
216,KB1,ARQ,Default,200,0,1,50,0,0.2566,0.8,6235.39
217,KB1,ARQ,Default,200,0,1,50,0,0.256,0.8,6250
218,KB1,ARQ,Default,200,0,1,50,0,0.2602,0.8,6149.12
219,KB1,ARQ,Default,200,0,1,50,0,0.2908,0.8,5502.06
220,KB1,ARQ,Default,200,0,1,50,0,0.348,0.8,4597.7
221,KB1,ARQ,Default,200,0,1,50,0,0.3618,0.8,4422.33
222,KB1,ARQ,Default,200,0,1,50,0,0.2561,0.8,6247.56
223,KB1,ARQ,Default,200,0,1,50,0,0.4442,0.8,3601.98
224,KB1,ARQ,Default,200,0,1,50,0,0.404,0.8,3960.4
225,KB1,ARQ,Default,200,0,1,50,0,0.264,0.8,6060.61
226,KB1,ARQ,Default,200,0,1,50,0,0.2643,0.8,6053.73
227,KB1,ARQ,Default,200,0,1,50,0,0.272,0.8,5882.35
228,KB1,ARQ,Default,200,0,1,50,0,0.2622,0.8,6102.21
229,KB1,ARQ,Default,200,0,1,50,0,0.263,0.8,6083.65
230,KB1,ARQ,Default,200,0,1,50,0,0.2582,0.8,6196.75
231,KB1,ARQ,Default,200,0,1,50,0,0.2715,0.8,5893.19
232,KB1,ARQ,Default,200,0,1,50,0,0.2644,0.8,6051.44
233,KB1,ARQ,Default,200,0,1,50,0,0.2707,0.8,5910.6
234,KB1,ARQ,Default,200,0,1,50,0,0.2675,0.8,5981.31
235,KB1,ARQ,Default,200,0,1,50,0,0.2586,0.8,6187.16
236,KB1,ARQ,Default,200,0,1,50,0,0.2571,0.8,6223.26
237,KB1,ARQ,Default,200,0,1,50,0,0.2594,0.8,6168.08
238,KB1,ARQ,Default,200,0,1,50,0,0.258,0.8,6201.55
239,KB1,ARQ,Default,200,0,1,50,0,0.2632,0.8,6079.03
240,KB1,ARQ,Default,200,0,1,50,0,0.2638,0.8,6065.2
241,KB1,ARQ,Default,200,0,1,50,0,0.2653,0.8,6030.91
242,KB1,ARQ,Default,200,0,1,50,0,0.3175,0.8,5039.37
243,KB1,ARQ,Default,200,0,1,50,0,0.2914,0.8,5490.73
244,KB1,ARQ,Default,200,0,1,50,0,0.3548,0.8,4509.58
245,KB1,ARQ,Default,200,0,1,50,0,0.3747,0.8,4270.08
246,KB1,ARQ,Default,200,0,1,50,0,0.2626,0.8,6092.92
247,KB1,ARQ,Default,200,0,1,50,0,0.2721,0.8,5880.19
248,KB1,ARQ,Default,200,0,1,50,0,0.2679,0.8,5972.38
249,KB1,ARQ,Default,200,0,1,50,0,0.2718,0.8,5886.68
250,KB1,ARQ,Default,200,0,1,50,0,0.3325,0.8,4812.03
251,KB1,ARQ,Default,200,0,1,50,0,0.4166,0.8,3840.61
252,KB1,ARQ,Default,200,0,1,50,0,0.2565,0.8,6237.82
253,KB1,ARQ,Default,200,0,1,50,0,0.2705,0.8,5914.97
254,KB1,ARQ,Default,200,0,1,50,0,0.2709,0.8,5906.24
255,KB1,ARQ,Default,200,0,1,50,0,0.2691,0.8,5945.75
256,KB1,ARQ,Default,200,0,1,50,0,0.2748,0.8,5822.42
257,KB1,ARQ,Default,200,0,1,50,0,0.273,0.8,5860.81
258,KB1,ARQ,Default,200,0,1,50,0,0.2688,0.8,5952.38
259,KB1,ARQ,Default,200,0,1,50,0,0.2631,0.8,6081.34
260,KB1,ARQ,Default,200,0,1,50,0,0.2563,0.8,6242.68
261,KB1,ARQ,Default,200,0,1,50,0,0.261,0.8,6130.27
262,KB1,ARQ,Default,200,0,1,50,0,0.3603,0.8,4440.74
263,KB1,ARQ,Default,200,0,1,50,0,0.2631,0.8,6081.34
264,KB1,ARQ,Default,200,0,1,50,0,0.26,0.8,6153.85
265,KB1,ARQ,Default,200,0,1,50,0,0.2576,0.8,6211.18
266,KB1,ARQ,Default,200,0,1,50,0,0.2607,0.8,6137.32
267,KB1,ARQ,Default,200,0,1,50,0,0.2589,0.8,6179.99
268,KB1,ARQ,Default,200,0,1,50,0,0.2568,0.8,6230.53
269,KB1,ARQ,Default,200,0,1,50,0,0.2567,0.8,6232.96
270,KB1,ARQ,Default,200,0,1,50,0,0.2573,0.8,6218.42
271,KB1,ARQ,Default,200,0,1,50,0,0.2549,0.8,6276.97
272,KB1,ARQ,Default,200,0,1,50,0,0.2585,0.8,6189.56
273,KB1,ARQ,Default,200,0,1,50,0,0.2602,0.8,6149.12
274,KB1,ARQ,Default,200,0,1,50,0,0.2576,0.8,6211.18
275,KB1,ARQ,Default,200,0,1,50,0,0.2546,0.8,6284.37
276,KB1,ARQ,Default,200,0,1,50,0,0.2642,0.8,6056.02
277,KB1,ARQ,Default,200,0,1,50,0,0.2564,0.8,6240.25
278,KB1,ARQ,Default,200,0,1,50,0,0.2557,0.8,6257.33
279,KB1,ARQ,Default,200,0,1,50,0,0.2582,0.8,6196.75
280,KB1,ARQ,Default,200,0,1,50,0,0.274,0.8,5839.42
281,KB1,ARQ,Default,200,0,1,50,0,0.2589,0.8,6179.99
282,KB1,ARQ,Default,200,0,1,50,0,0.2601,0.8,6151.48
283,KB1,ARQ,Default,200,0,1,50,0,0.2568,0.8,6230.53
284,KB1,ARQ,Default,200,0,1,50,0,0.2556,0.8,6259.78
285,KB1,ARQ,Default,200,0,1,50,0,0.2565,0.8,6237.82
286,KB1,ARQ,Default,200,0,1,50,0,0.2555,0.8,6262.23
287,KB1,ARQ,Default,200,0,1,50,0,0.259,0.8,6177.61
288,KB1,ARQ,Default,200,0,1,50,0,0.256,0.8,6250
289,KB1,ARQ,Default,200,0,1,50,0,0.2562,0.8,6245.12
290,KB1,ARQ,Default,200,0,1,50,0,0.2648,0.8,6042.3
291,KB1,ARQ,Default,200,0,1,50,0,0.2562,0.8,6245.12
292,KB1,ARQ,Default,200,0,1,50,0,0.2566,0.8,6235.39
293,KB1,ARQ,Default,200,0,1,50,0,0.2575,0.8,6213.59
294,KB1,ARQ,Default,200,0,1,50,0,0.2551,0.8,6272.05
295,KB1,ARQ,Default,200,0,1,50,0,0.2599,0.8,6156.21
296,KB1,ARQ,Default,200,0,1,50,0,0.2648,0.8,6042.3
297,KB1,ARQ,Default,200,0,1,50,0,0.2572,0.8,6220.84
298,KB1,ARQ,Default,200,0,1,50,0,0.2563,0.8,6242.68
299,KB1,ARQ,Default,200,0,1,50,0,0.2582,0.8,6196.75
300,KB1,ARQ,Default,200,0,1,50,0,0.255,0.8,6274.51
301,KB1,ARQ,Default,200,0,1,50,0,0.257,0.8,6225.68
302,KB1,ARQ,Default,200,0,1,50,0,0.2577,0.8,6208.77
303,KB1,ARQ,Default,200,0,1,50,0,0.2556,0.8,6259.78
304,KB1,ARQ,Default,200,0,1,50,0,0.2577,0.8,6208.77
305,KB1,ARQ,Default,200,0,1,50,0,0.2976,0.8,5376.34
306,KB1,ARQ,Default,200,0,1,50,0,0.256,0.8,6250
307,KB1,ARQ,Default,200,0,1,50,0,0.2613,0.8,6123.23
308,KB1,ARQ,Default,200,0,1,50,0,0.2551,0.8,6272.05
309,KB1,ARQ,Default,200,0,1,50,0,0.2569,0.8,6228.1
310,KB1,ARQ,Default,200,0,1,50,0,0.2578,0.8,6206.36
311,KB1,ARQ,Default,200,0,1,50,0,0.2555,0.8,6262.23
312,KB1,ARQ,Default,200,0,1,50,0,0.2564,0.8,6240.25
313,KB1,ARQ,Default,200,0,1,50,0,0.2575,0.8,6213.59
314,KB1,ARQ,Default,200,0,1,50,0,0.2567,0.8,6232.96
315,KB1,ARQ,Default,200,0,1,50,0,0.2572,0.8,6220.84
316,KB1,ARQ,Default,200,0,1,50,0,0.2604,0.8,6144.39
317,KB1,ARQ,Default,200,0,1,50,0,0.2545,0.8,6286.84
318,KB1,ARQ,Default,200,0,1,50,0,0.2577,0.8,6208.77
319,KB1,ARQ,Default,200,0,1,50,0,0.2606,0.8,6139.68
320,KB1,ARQ,Default,200,0,1,50,0,0.2554,0.8,6264.68
321,KB1,ARQ,Default,200,0,1,50,0,0.2576,0.8,6211.18
322,KB1,ARQ,Default,200,0,1,50,0,0.2579,0.8,6203.96
323,KB1,ARQ,Default,200,0,1,50,0,0.2572,0.8,6220.84
324,KB1,ARQ,Default,200,0,1,50,0,0.2587,0.8,6184.77
325,KB1,ARQ,Default,200,0,1,50,0,0.2552,0.8,6269.59
326,KB1,ARQ,Default,200,0,1,50,0,0.2553,0.8,6267.14
327,KB1,ARQ,Default,200,0,1,50,0,0.2565,0.8,6237.82
328,KB1,ARQ,Default,200,0,1,50,0,0.2564,0.8,6240.25
329,KB1,ARQ,Default,200,0,1,50,0,0.2567,0.8,6232.96
330,KB1,ARQ,Default,200,0,1,50,0,0.2605,0.8,6142.03
331,KB1,ARQ,Default,200,0,1,50,0,0.2563,0.8,6242.68
332,KB1,ARQ,Default,200,0,1,50,0,0.2544,0.8,6289.31
333,KB1,ARQ,Default,200,0,1,50,0,0.2564,0.8,6240.25
334,KB1,ARQ,Default,200,0,1,50,0,0.2602,0.8,6149.12
335,KB1,ARQ,Default,200,0,1,50,0,0.2555,0.8,6262.23
336,KB1,ARQ,Default,200,0,1,50,0,0.2636,0.8,6069.8
337,KB1,ARQ,Default,200,0,1,50,0,0.2565,0.8,6237.82
338,KB1,ARQ,Default,200,0,1,50,0,0.257,0.8,6225.68
339,KB1,ARQ,Default,200,0,1,50,0,0.259,0.8,6177.61
340,KB1,ARQ,Default,200,0,1,50,0,0.257,0.8,6225.68
341,KB1,ARQ,Default,200,0,1,50,0,0.2553,0.8,6267.14
342,KB1,ARQ,Default,200,0,1,50,0,0.2682,0.8,5965.7
343,KB1,ARQ,Default,200,0,1,50,0,0.2567,0.8,6232.96
344,KB1,ARQ,Default,200,0,1,50,0,0.26,0.8,6153.85
345,KB1,ARQ,Default,200,0,1,50,0,0.2659,0.8,6017.3
346,KB1,ARQ,Default,200,0,1,50,0,0.2635,0.8,6072.11
347,KB1,ARQ,Default,200,0,1,50,0,0.259,0.8,6177.61
348,KB1,ARQ,Default,200,0,1,50,0,0.2629,0.8,6085.96
349,KB1,ARQ,Default,200,0,1,50,0,0.2545,0.8,6286.84
350,KB1,ARQ,Default,200,0,1,50,0,0.2577,0.8,6208.77
351,KB1,ARQ,Default,200,0,1,50,0,0.2556,0.8,6259.78
352,KB1,ARQ,Default,200,0,1,50,0,0.2554,0.8,6264.68
353,KB1,ARQ,Default,200,0,1,50,0,0.2605,0.8,6142.03
354,KB1,ARQ,Default,200,0,1,50,0,0.2573,0.8,6218.42
355,KB1,ARQ,Default,200,0,1,50,0,0.2569,0.8,6228.1
356,KB1,ARQ,Default,200,0,1,50,0,0.2583,0.8,6194.35
357,KB1,ARQ,Default,200,0,1,50,0,0.2556,0.8,6259.78
358,KB1,ARQ,Default,200,0,1,50,0,0.2563,0.8,6242.68
359,KB1,ARQ,Default,200,0,1,50,0,0.2595,0.8,6165.7
360,KB1,ARQ,Default,200,0,1,50,0,0.2538,0.8,6304.18
361,KB1,ARQ,Default,200,0,1,50,0,0.2548,0.8,6279.43
362,KB1,ARQ,Default,200,0,1,50,0,0.2579,0.8,6203.96
363,KB1,ARQ,Default,200,0,1,50,0,0.2617,0.8,6113.87
364,KB1,ARQ,Default,200,0,1,50,0,0.2579,0.8,6203.96
365,KB1,ARQ,Default,200,0,1,50,0,0.2709,0.8,5906.24
366,KB1,ARQ,Default,200,0,1,50,0,0.2549,0.8,6276.97
367,KB1,ARQ,Default,200,0,1,50,0,0.257,0.8,6225.68
368,KB1,ARQ,Default,200,0,1,50,0,0.2564,0.8,6240.25
369,KB1,ARQ,Default,200,0,1,50,0,0.2562,0.8,6245.12
370,KB1,ARQ,Default,200,0,1,50,0,0.2572,0.8,6220.84
371,KB1,ARQ,Default,200,0,1,50,0,0.2564,0.8,6240.25
372,KB1,ARQ,Default,200,0,1,50,0,0.2564,0.8,6240.25
373,KB1,ARQ,Default,200,0,1,50,0,0.2589,0.8,6179.99
374,KB1,ARQ,Default,200,0,1,50,0,0.2585,0.8,6189.56
375,KB1,ARQ,Default,200,0,1,50,0,0.2557,0.8,6257.33
376,KB1,ARQ,Default,200,0,1,50,0,0.2564,0.8,6240.25
377,KB1,ARQ,Default,200,0,1,50,0,0.2612,0.8,6125.57
378,KB1,ARQ,Default,200,0,1,50,0,0.2548,0.8,6279.43
379,KB1,ARQ,Default,200,0,1,50,0,0.2577,0.8,6208.77
380,KB1,ARQ,Default,200,0,1,50,0,0.2569,0.8,6228.1
381,KB1,ARQ,Default,200,0,1,50,0,0.2556,0.8,6259.78
382,KB1,ARQ,Default,200,0,1,50,0,0.2599,0.8,6156.21
383,KB1,ARQ,Default,200,0,1,50,0,0.2559,0.8,6252.44
384,KB1,ARQ,Default,200,0,1,50,0,0.2567,0.8,6232.96
385,KB1,ARQ,Default,200,0,1,50,0,0.2561,0.8,6247.56
386,KB1,ARQ,Default,200,0,1,50,0,0.2569,0.8,6228.1
387,KB1,ARQ,Default,200,0,1,50,0,0.2561,0.8,6247.56
388,KB1,ARQ,Default,200,0,1,50,0,0.2621,0.8,6104.54
389,KB1,ARQ,Default,200,0,1,50,0,0.2565,0.8,6237.82
390,KB1,ARQ,Default,200,0,1,50,0,0.2564,0.8,6240.25
391,KB1,ARQ,Default,200,0,1,50,0,0.2558,0.8,6254.89
392,KB1,ARQ,Default,200,0,1,50,0,0.2758,0.8,5801.31
393,KB1,ARQ,Default,200,0,1,50,0,0.2802,0.8,5710.21
394,KB1,ARQ,Default,200,0,1,50,0,0.2612,0.8,6125.57
395,KB1,ARQ,Default,200,0,1,50,0,0.3336,0.8,4796.16
396,KB1,ARQ,Default,200,0,1,50,0,0.2602,0.8,6149.12
397,KB1,ARQ,Default,200,0,1,50,0,0.2582,0.8,6196.75
398,KB1,ARQ,Default,200,0,1,50,0,0.2559,0.8,6252.44
399,KB1,ARQ,Default,200,0,1,50,0,0.2549,0.8,6276.97
400,KB1,ARQ,Default,200,0,1,50,0,0.2562,0.8,6245.12
401,KB1,ARQ,Default,200,0,1,50,0,0.2562,0.8,6245.12
402,KB1,ARQ,Default,200,0,1,50,0,0.2553,0.8,6267.14
403,KB1,ARQ,Default,200,0,1,50,0,0.2599,0.8,6156.21
404,KB1,ARQ,Default,200,0,1,50,0,0.2589,0.8,6179.99
405,KB1,ARQ,Default,200,0,1,50,0,0.2578,0.8,6206.36
406,KB1,ARQ,Default,200,0,1,50,0,0.2605,0.8,6142.03
407,KB1,ARQ,Default,200,0,1,50,0,0.2565,0.8,6237.82
408,KB1,ARQ,Default,200,0,1,50,0,0.255,0.8,6274.51
409,KB1,ARQ,Default,200,0,1,50,0,0.2548,0.8,6279.43
410,KB1,ARQ,Default,200,0,1,50,0,0.2577,0.8,6208.77
411,KB1,ARQ,Default,200,0,1,50,0,0.2608,0.8,6134.97
412,KB1,ARQ,Default,200,0,1,50,0,0.2566,0.8,6235.39
413,KB1,ARQ,Default,200,0,1,50,0,0.268,0.8,5970.15
414,KB1,ARQ,Default,200,0,1,50,0,0.2566,0.8,6235.39
415,KB1,ARQ,Default,200,0,1,50,0,0.2558,0.8,6254.89
416,KB1,ARQ,Default,200,0,1,50,0,0.2575,0.8,6213.59
417,KB1,ARQ,Default,200,0,1,50,0,0.2588,0.8,6182.38
418,KB1,ARQ,Default,200,0,1,50,0,0.2558,0.8,6254.89
419,KB1,ARQ,Default,200,0,1,50,0,0.2564,0.8,6240.25
420,KB1,ARQ,Default,200,0,1,50,0,0.2558,0.8,6254.89
421,KB1,ARQ,Default,200,0,1,50,0,0.2614,0.8,6120.89
422,KB1,ARQ,Default,200,0,1,50,0,0.2559,0.8,6252.44
423,KB1,ARQ,Default,200,0,1,50,0,0.2556,0.8,6259.78
424,KB1,ARQ,Default,200,0,1,50,0,0.258,0.8,6201.55
425,KB1,ARQ,Default,200,0,1,50,0,0.2568,0.8,6230.53
426,KB1,ARQ,Default,200,0,1,50,0,0.2565,0.8,6237.82
427,KB1,ARQ,Default,200,0,1,50,0,0.2724,0.8,5873.72
428,KB1,ARQ,Default,200,0,1,50,0,0.258,0.8,6201.55
429,KB1,ARQ,Default,200,0,1,50,0,0.2561,0.8,6247.56
430,KB1,ARQ,Default,200,0,1,50,0,0.2586,0.8,6187.16
431,KB1,ARQ,Default,200,0,1,50,0,0.2549,0.8,6276.97
432,KB1,ARQ,Default,200,0,1,50,0,0.2589,0.8,6179.99
433,KB1,ARQ,Default,200,0,1,50,0,0.2561,0.8,6247.56
434,KB1,ARQ,Default,200,0,1,50,0,0.2559,0.8,6252.44
435,KB1,ARQ,Default,200,0,1,50,0,0.2622,0.8,6102.21
436,KB1,ARQ,Default,200,0,1,50,0,0.2668,0.8,5997
437,KB1,ARQ,Default,200,0,1,50,0,0.2578,0.8,6206.36
438,KB1,ARQ,Default,200,0,1,50,0,0.2566,0.8,6235.39
439,KB1,ARQ,Default,200,0,1,50,0,0.4288,0.8,3731.34
440,KB1,ARQ,Default,200,0,1,50,0,0.4493,0.8,3561.1
441,KB1,ARQ,Default,200,0,1,50,0,0.2575,0.8,6213.59
442,KB1,ARQ,Default,200,0,1,50,0,0.2566,0.8,6235.39
443,KB1,ARQ,Default,200,0,1,50,0,0.2588,0.8,6182.38
444,KB1,ARQ,Default,200,0,1,50,0,0.2566,0.8,6235.39
445,KB1,ARQ,Default,200,0,1,50,0,0.256,0.8,6250
446,KB1,ARQ,Default,200,0,1,50,0,0.2608,0.8,6134.97
447,KB1,ARQ,Default,200,0,1,50,0,0.2555,0.8,6262.23
448,KB1,ARQ,Default,200,0,1,50,0,0.2563,0.8,6242.68
449,KB1,ARQ,Default,200,0,1,50,0,0.2574,0.8,6216.01
450,KB1,ARQ,Default,200,0,1,50,0,0.2599,0.8,6156.21
451,KB1,ARQ,Default,200,0,1,50,0,0.2565,0.8,6237.82
452,KB1,ARQ,Default,200,0,1,50,0,0.2611,0.8,6127.92
453,KB1,ARQ,Default,200,0,1,50,0,0.2574,0.8,6216.01
454,KB1,ARQ,Default,200,0,1,50,0,0.2574,0.8,6216.01
455,KB1,ARQ,Default,200,0,1,50,0,0.2579,0.8,6203.96
456,KB1,ARQ,Default,200,0,1,50,0,0.2559,0.8,6252.44
457,KB1,ARQ,Default,200,0,1,50,0,0.2561,0.8,6247.56
458,KB1,ARQ,Default,200,0,1,50,0,0.2678,0.8,5974.61
459,KB1,ARQ,Default,200,0,1,50,0,0.2557,0.8,6257.33
460,KB1,ARQ,Default,200,0,1,50,0,0.2663,0.8,6008.26
461,KB1,ARQ,Default,200,0,1,50,0,0.2594,0.8,6168.08
462,KB1,ARQ,Default,200,0,1,50,0,0.2565,0.8,6237.82
463,KB1,ARQ,Default,200,0,1,50,0,0.2557,0.8,6257.33
464,KB1,ARQ,Default,200,0,1,50,0,0.2615,0.8,6118.55
465,KB1,ARQ,Default,200,0,1,50,0,0.256,0.8,6250
466,KB1,ARQ,Default,200,0,1,50,0,0.2575,0.8,6213.59
467,KB1,ARQ,Default,200,0,1,50,0,0.2553,0.8,6267.14
468,KB1,ARQ,Default,200,0,1,50,0,0.2566,0.8,6235.39
469,KB1,ARQ,Default,200,0,1,50,0,0.2597,0.8,6160.95
470,KB1,ARQ,Default,200,0,1,50,0,0.2575,0.8,6213.59
471,KB1,ARQ,Default,200,0,1,50,0,0.2577,0.8,6208.77
472,KB1,ARQ,Default,200,0,1,50,0,0.2571,0.8,6223.26
473,KB1,ARQ,Default,200,0,1,50,0,0.2557,0.8,6257.33
474,KB1,ARQ,Default,200,0,1,50,0,0.2555,0.8,6262.23
475,KB1,ARQ,Default,200,0,1,50,0,0.2585,0.8,6189.56
476,KB1,ARQ,Default,200,0,1,50,0,0.2573,0.8,6218.42
477,KB1,ARQ,Default,200,0,1,50,0,0.256,0.8,6250
478,KB1,ARQ,Default,200,0,1,50,0,0.2595,0.8,6165.7
479,KB1,ARQ,Default,200,0,1,50,0,0.2609,0.8,6132.62
480,KB1,ARQ,Default,200,0,1,50,0,0.2553,0.8,6267.14
481,KB1,ARQ,Default,200,0,1,50,0,0.256,0.8,6250
482,KB1,ARQ,Default,200,0,1,50,0,0.2561,0.8,6247.56
483,KB1,ARQ,Default,200,0,1,50,0,0.2555,0.8,6262.23
484,KB1,ARQ,Default,200,0,1,50,0,0.2715,0.8,5893.19
485,KB1,ARQ,Default,200,0,1,50,0,0.256,0.8,6250
486,KB1,ARQ,Default,200,0,1,50,0,0.2752,0.8,5813.95
487,KB1,ARQ,Default,200,0,1,50,0,0.2579,0.8,6203.96
488,KB1,ARQ,Default,200,0,1,50,0,0.2579,0.8,6203.96
489,KB1,ARQ,Default,200,0,1,50,0,0.2693,0.8,5941.33
490,KB1,ARQ,Default,200,0,1,50,0,0.2884,0.8,5547.85
491,KB1,ARQ,Default,200,0,1,50,0,0.2556,0.8,6259.78
492,KB1,ARQ,Default,200,0,1,50,0,0.2591,0.8,6175.22
493,KB1,ARQ,Default,200,0,1,50,0,0.2617,0.8,6113.87
494,KB1,ARQ,Default,200,0,1,50,0,0.2568,0.8,6230.53
495,KB1,ARQ,Default,200,0,1,50,0,0.2564,0.8,6240.25
496,KB1,ARQ,Default,200,0,1,50,0,0.2552,0.8,6269.59
497,KB1,ARQ,Default,200,0,1,50,0,0.2542,0.8,6294.26
498,KB1,ARQ,Default,200,0,1,50,0,0.2594,0.8,6168.08
499,KB1,ARQ,Default,200,0,1,50,0,0.2561,0.8,6247.56
500,KB1,ARQ,Default,200,0,1,50,0,0.258,0.8,6201.55
501,KB1,ARQ,Default,200,0,1,50,0,0.2569,0.8,6228.1
502,KB1,ARQ,Default,200,0,1,50,0,0.2568,0.8,6230.53
503,KB1,ARQ,Default,200,0,1,50,0,0.2589,0.8,6179.99
504,KB1,ARQ,Default,200,0,1,50,0,0.2579,0.8,6203.96
505,KB1,ARQ,Default,200,0,1,50,0,0.2554,0.8,6264.68
506,KB1,ARQ,Default,200,0,1,50,0,0.2584,0.8,6191.95
507,KB1,ARQ,Default,200,0,1,50,0,0.2545,0.8,6286.84
508,KB1,ARQ,Default,200,0,1,50,0,0.2631,0.8,6081.34
509,KB1,ARQ,Default,200,0,1,50,0,0.2577,0.8,6208.77
510,KB1,ARQ,Default,200,0,1,50,0,0.2565,0.8,6237.82
511,KB1,ARQ,Default,200,0,1,50,0,0.2569,0.8,6228.1
512,KB1,ARQ,Default,200,0,1,50,0,0.2709,0.8,5906.24
513,KB1,ARQ,Default,200,0,1,50,0,0.2562,0.8,6245.12
514,KB1,ARQ,Default,200,0,1,50,0,0.2552,0.8,6269.59
515,KB1,ARQ,Default,200,0,1,50,0,0.2622,0.8,6102.21
516,KB1,ARQ,Default,200,0,1,50,0,0.2553,0.8,6267.14
517,KB1,ARQ,Default,200,0,1,50,0,0.2552,0.8,6269.59
518,KB1,ARQ,Default,200,0,1,50,0,0.2606,0.8,6139.68
519,KB1,ARQ,Default,200,0,1,50,0,0.2599,0.8,6156.21
520,KB1,ARQ,Default,200,0,1,50,0,0.2575,0.8,6213.59
521,KB1,ARQ,Default,200,0,1,50,0,0.2562,0.8,6245.12
522,KB1,ARQ,Default,200,0,1,50,0,0.2612,0.8,6125.57
523,KB1,ARQ,Default,200,0,1,50,0,0.2585,0.8,6189.56
524,KB1,ARQ,Default,200,0,1,50,0,0.2546,0.8,6284.37
525,KB1,ARQ,Default,200,0,1,50,0,0.255,0.8,6274.51
526,KB1,ARQ,Default,200,0,1,50,0,0.2566,0.8,6235.39
527,KB1,ARQ,Default,200,0,1,50,0,0.2607,0.8,6137.32
528,KB1,ARQ,Default,200,0,1,50,0,0.2572,0.8,6220.84
529,KB1,ARQ,Default,200,0,1,50,0,0.307,0.8,5211.73
530,KB1,ARQ,Default,200,0,1,50,0,0.2657,0.8,6021.83
531,KB1,ARQ,Default,200,0,1,50,0,0.2587,0.8,6184.77
532,KB1,ARQ,Default,200,0,1,50,0,0.2576,0.8,6211.18
533,KB1,ARQ,Default,200,0,1,50,0,0.2569,0.8,6228.1
534,KB1,ARQ,Default,200,0,1,50,0,0.2616,0.8,6116.21
535,KB1,ARQ,Default,200,0,1,50,0,0.2822,0.8,5669.74
536,KB1,ARQ,Default,200,0,1,50,0,0.2572,0.8,6220.84
537,KB1,ARQ,Default,200,0,1,50,0,0.2645,0.8,6049.15
538,KB1,ARQ,Default,200,0,1,50,0,0.2574,0.8,6216.01
539,KB1,ARQ,Default,200,0,1,50,0,0.2554,0.8,6264.68
540,KB1,ARQ,Default,200,0,1,50,0,0.2586,0.8,6187.16
541,KB1,ARQ,Default,200,0,1,50,0,0.2557,0.8,6257.33
542,KB1,ARQ,Default,200,0,1,50,0,0.2557,0.8,6257.33
543,KB1,ARQ,Default,200,0,1,50,0,0.2564,0.8,6240.25
544,KB1,ARQ,Default,200,0,1,50,0,0.2546,0.8,6284.37
545,KB1,ARQ,Default,200,0,1,50,0,0.2555,0.8,6262.23
546,KB1,ARQ,Default,200,0,1,50,0,0.2587,0.8,6184.77
547,KB1,ARQ,Default,200,0,1,50,0,0.2563,0.8,6242.68
548,KB1,ARQ,Default,200,0,1,50,0,0.2603,0.8,6146.75
549,KB1,ARQ,Default,200,0,1,50,0,0.2577,0.8,6208.77
550,KB1,ARQ,Default,200,0,1,50,0,0.2566,0.8,6235.39
551,KB1,ARQ,Default,200,0,1,50,0,0.2607,0.8,6137.32
552,KB1,ARQ,Default,200,0,1,50,0,0.2573,0.8,6218.42
553,KB1,ARQ,Default,200,0,1,50,0,0.2555,0.8,6262.23
554,KB1,ARQ,Default,200,0,1,50,0,0.2538,0.8,6304.18
555,KB1,ARQ,Default,200,0,1,50,0,0.2594,0.8,6168.08
556,KB1,ARQ,Default,200,0,1,50,0,0.2607,0.8,6137.32
557,KB1,ARQ,Default,200,0,1,50,0,0.2568,0.8,6230.53
558,KB1,ARQ,Default,200,0,1,50,0,0.2568,0.8,6230.53
559,KB1,ARQ,Default,200,0,1,50,0,0.2558,0.8,6254.89
560,KB1,ARQ,Default,200,0,1,50,0,0.2554,0.8,6264.68
561,KB1,ARQ,Default,200,0,1,50,0,0.2567,0.8,6232.96
562,KB1,ARQ,Default,200,0,1,50,0,0.2572,0.8,6220.84
563,KB1,ARQ,Default,200,0,1,50,0,0.2589,0.8,6179.99
564,KB1,ARQ,Default,200,0,1,50,0,0.256,0.8,6250
565,KB1,ARQ,Default,200,0,1,50,0,0.2572,0.8,6220.84
566,KB1,ARQ,Default,200,0,1,50,0,0.2637,0.8,6067.5
567,KB1,ARQ,Default,200,0,1,50,0,0.258,0.8,6201.55
568,KB1,ARQ,Default,200,0,1,50,0,0.257,0.8,6225.68
569,KB1,ARQ,Default,200,0,1,50,0,0.2564,0.8,6240.25
570,KB1,ARQ,Default,200,0,1,50,0,0.2559,0.8,6252.44
571,KB1,ARQ,Default,200,0,1,50,0,0.2555,0.8,6262.23
572,KB1,ARQ,Default,200,0,1,50,0,0.258,0.8,6201.55
573,KB1,ARQ,Default,200,0,1,50,0,0.2542,0.8,6294.26
574,KB1,ARQ,Default,200,0,1,50,0,0.2553,0.8,6267.14
575,KB1,ARQ,Default,200,0,1,50,0,0.3144,0.8,5089.06
576,KB1,ARQ,Default,200,0,1,50,0,0.258,0.8,6201.55
577,KB1,ARQ,Default,200,0,1,50,0,0.2597,0.8,6160.95
578,KB1,ARQ,Default,200,0,1,50,0,0.2638,0.8,6065.2
579,KB1,ARQ,Default,200,0,1,50,0,0.2662,0.8,6010.52
580,KB1,ARQ,Default,200,0,1,50,0,0.2715,0.8,5893.19
581,KB1,ARQ,Default,200,0,1,50,0,0.2575,0.8,6213.59
582,KB1,ARQ,Default,200,0,1,50,0,0.2635,0.8,6072.11
583,KB1,ARQ,Default,200,0,1,50,0,0.2592,0.8,6172.84
584,KB1,ARQ,Default,200,0,1,50,0,0.2567,0.8,6232.96
585,KB1,ARQ,Default,200,0,1,50,0,0.2594,0.8,6168.08
586,KB1,ARQ,Default,200,0,1,50,0,0.2597,0.8,6160.95
587,KB1,ARQ,Default,200,0,1,50,0,0.2555,0.8,6262.23
588,KB1,ARQ,Default,200,0,1,50,0,0.2551,0.8,6272.05
589,KB1,ARQ,Default,200,0,1,50,0,0.2578,0.8,6206.36
590,KB1,ARQ,Default,200,0,1,50,0,0.2554,0.8,6264.68
591,KB1,ARQ,Default,200,0,1,50,0,0.2585,0.8,6189.56
592,KB1,ARQ,Default,200,0,1,50,0,0.2591,0.8,6175.22
593,KB1,ARQ,Default,200,0,1,50,0,0.2583,0.8,6194.35
594,KB1,ARQ,Default,200,0,1,50,0,0.2569,0.8,6228.1
595,KB1,ARQ,Default,200,0,1,50,0,0.2754,0.8,5809.73
596,KB1,ARQ,Default,200,0,1,50,0,0.2557,0.8,6257.33
597,KB1,ARQ,Default,200,0,1,50,0,0.2554,0.8,6264.68
598,KB1,ARQ,Default,200,0,1,50,0,0.2561,0.8,6247.56
599,KB1,ARQ,Default,200,0,1,50,0,0.2567,0.8,6232.96
600,KB1,ARQ,Default,200,0,1,50,0,0.2565,0.8,6237.82
601,KB1,ARQ,Default,200,0,1,50,0,0.2549,0.8,6276.97
602,KB1,ARQ,Default,200,0,1,50,0,0.2568,0.8,6230.53
603,KB1,ARQ,Default,200,0,1,50,0,0.2588,0.8,6182.38
604,KB1,ARQ,Default,200,0,1,50,0,0.2572,0.8,6220.84
605,KB1,ARQ,Default,200,0,1,50,0,0.2574,0.8,6216.01
606,KB1,ARQ,Default,200,0,1,50,0,0.2596,0.8,6163.33
607,KB1,ARQ,Default,200,0,1,50,0,0.2555,0.8,6262.23
608,KB1,ARQ,Default,200,0,1,50,0,0.255,0.8,6274.51
609,KB1,ARQ,Default,200,0,1,50,0,0.2615,0.8,6118.55
610,KB1,ARQ,Default,200,0,1,50,0,0.2565,0.8,6237.82
611,KB1,ARQ,Default,200,0,1,50,0,0.2547,0.8,6281.9
612,KB1,ARQ,Default,200,0,1,50,0,0.2586,0.8,6187.16
613,KB1,ARQ,Default,200,0,1,50,0,0.2564,0.8,6240.25
614,KB1,ARQ,Default,200,0,1,50,0,0.2599,0.8,6156.21
615,KB1,ARQ,Default,200,0,1,50,0,0.2593,0.8,6170.46
616,KB1,ARQ,Default,200,0,1,50,0,0.2556,0.8,6259.78
617,KB1,ARQ,Default,200,0,1,50,0,0.2554,0.8,6264.68
618,KB1,ARQ,Default,200,0,1,50,0,0.2586,0.8,6187.16
619,KB1,ARQ,Default,200,0,1,50,0,0.2551,0.8,6272.05
620,KB1,ARQ,Default,200,0,1,50,0,0.2585,0.8,6189.56
621,KB1,ARQ,Default,200,0,1,50,0,0.309,0.8,5177.99
622,KB1,ARQ,Default,200,0,1,50,0,0.2603,0.8,6146.75
623,KB1,ARQ,Default,200,0,1,50,0,0.2751,0.8,5816.07
624,KB1,ARQ,Default,200,0,1,50,0,0.2638,0.8,6065.2
625,KB1,ARQ,Default,200,0,1,50,0,0.2688,0.8,5952.38
626,KB1,ARQ,Default,200,0,1,50,0,0.2721,0.8,5880.19
627,KB1,ARQ,Default,200,0,1,50,0,0.2564,0.8,6240.25
628,KB1,ARQ,Default,200,0,1,50,0,0.2549,0.8,6276.97
629,KB1,ARQ,Default,200,0,1,50,0,0.2581,0.8,6199.15
630,KB1,ARQ,Default,200,0,1,50,0,0.2591,0.8,6175.22
631,KB1,ARQ,Default,200,0,1,50,0,0.2616,0.8,6116.21
632,KB1,ARQ,Default,200,0,1,50,0,0.2644,0.8,6051.44
633,KB1,ARQ,Default,200,0,1,50,0,0.2602,0.8,6149.12
634,KB1,ARQ,Default,200,0,1,50,0,0.2553,0.8,6267.14
635,KB1,ARQ,Default,200,0,1,50,0,0.2608,0.8,6134.97
636,KB1,ARQ,Default,200,0,1,50,0,0.2558,0.8,6254.89
637,KB1,ARQ,Default,200,0,1,50,0,0.2575,0.8,6213.59
638,KB1,ARQ,Default,200,0,1,50,0,0.2621,0.8,6104.54
639,KB1,ARQ,Default,200,0,1,50,0,0.255,0.8,6274.51
640,KB1,ARQ,Default,200,0,1,50,0,0.2596,0.8,6163.33
641,KB1,ARQ,Default,200,0,1,50,0,0.2552,0.8,6269.59
642,KB1,ARQ,Default,200,0,1,50,0,0.2578,0.8,6206.36
643,KB1,ARQ,Default,200,0,1,50,0,0.2627,0.8,6090.6
644,KB1,ARQ,Default,200,0,1,50,0,0.2564,0.8,6240.25
645,KB1,ARQ,Default,200,0,1,50,0,0.2558,0.8,6254.89
646,KB1,ARQ,Default,200,0,1,50,0,0.2578,0.8,6206.36
647,KB1,ARQ,Default,200,0,1,50,0,0.2557,0.8,6257.33
648,KB1,ARQ,Default,200,0,1,50,0,0.2551,0.8,6272.05
649,KB1,ARQ,Default,200,0,1,50,0,0.2612,0.8,6125.57
650,KB1,ARQ,Default,200,0,1,50,0,0.2646,0.8,6046.86
651,KB1,ARQ,Default,200,0,1,50,0,0.2596,0.8,6163.33
652,KB1,ARQ,Default,200,0,1,50,0,0.2604,0.8,6144.39
653,KB1,ARQ,Default,200,0,1,50,0,0.2595,0.8,6165.7
654,KB1,ARQ,Default,200,0,1,50,0,0.255,0.8,6274.51
655,KB1,ARQ,Default,200,0,1,50,0,0.2552,0.8,6269.59
656,KB1,ARQ,Default,200,0,1,50,0,0.2562,0.8,6245.12
657,KB1,ARQ,Default,200,0,1,50,0,0.2569,0.8,6228.1
658,KB1,ARQ,Default,200,0,1,50,0,0.2569,0.8,6228.1
659,KB1,ARQ,Default,200,0,1,50,0,0.2585,0.8,6189.56
660,KB1,ARQ,Default,200,0,1,50,0,0.2584,0.8,6191.95
661,KB1,ARQ,Default,200,0,1,50,0,0.258,0.8,6201.55
662,KB1,ARQ,Default,200,0,1,50,0,0.3148,0.8,5082.59
663,KB1,ARQ,Default,200,0,1,50,0,0.3038,0.8,5266.62
664,KB1,ARQ,Default,200,0,1,50,0,0.2652,0.8,6033.18
665,KB1,ARQ,Default,200,0,1,50,0,0.2567,0.8,6232.96
666,KB1,ARQ,Default,200,0,1,50,0,0.355,0.8,4507.04
667,KB1,ARQ,Default,200,0,1,50,0,0.3513,0.8,4554.51
668,KB1,ARQ,Default,200,0,1,50,0,0.3674,0.8,4354.93
669,KB1,ARQ,Default,200,0,1,50,0,0.2579,0.8,6203.96
670,KB1,ARQ,Default,200,0,1,50,0,0.2574,0.8,6216.01
671,KB1,ARQ,Default,200,0,1,50,0,0.2583,0.8,6194.35
672,KB1,ARQ,Default,200,0,1,50,0,0.259,0.8,6177.61
673,KB1,ARQ,Default,200,0,1,50,0,0.2593,0.8,6170.46
674,KB1,ARQ,Default,200,0,1,50,0,0.2551,0.8,6272.05
675,KB1,ARQ,Default,200,0,1,50,0,0.2549,0.8,6276.97
676,KB1,ARQ,Default,200,0,1,50,0,0.2656,0.8,6024.1
677,KB1,ARQ,Default,200,0,1,50,0,0.3002,0.8,5329.78
678,KB1,ARQ,Default,200,0,1,50,0,0.2609,0.8,6132.62
679,KB1,ARQ,Default,200,0,1,50,0,0.2608,0.8,6134.97
680,KB1,ARQ,Default,200,0,1,50,0,0.2571,0.8,6223.26
681,KB1,ARQ,Default,200,0,1,50,0,0.2562,0.8,6245.12
682,KB1,ARQ,Default,200,0,1,50,0,0.2763,0.8,5790.81
683,KB1,ARQ,Default,200,0,1,50,0,0.2557,0.8,6257.33
684,KB1,ARQ,Default,200,0,1,50,0,0.2549,0.8,6276.97
685,KB1,ARQ,Default,200,0,1,50,0,0.255,0.8,6274.51
686,KB1,ARQ,Default,200,0,1,50,0,0.2547,0.8,6281.9
687,KB1,ARQ,Default,200,0,1,50,0,0.2565,0.8,6237.82
688,KB1,ARQ,Default,200,0,1,50,0,0.2575,0.8,6213.59
689,KB1,ARQ,Default,200,0,1,50,0,0.2566,0.8,6235.39
690,KB1,ARQ,Default,200,0,1,50,0,0.2571,0.8,6223.26
691,KB1,ARQ,Default,200,0,1,50,0,0.2566,0.8,6235.39
692,KB1,ARQ,Default,200,0,1,50,0,0.2558,0.8,6254.89
693,KB1,ARQ,Default,200,0,1,50,0,0.26,0.8,6153.85
694,KB1,ARQ,Default,200,0,1,50,0,0.2557,0.8,6257.33
695,KB1,ARQ,Default,200,0,1,50,0,0.2548,0.8,6279.43
696,KB1,ARQ,Default,200,0,1,50,0,0.2634,0.8,6074.41
697,KB1,ARQ,Default,200,0,1,50,0,0.2565,0.8,6237.82
698,KB1,ARQ,Default,200,0,1,50,0,0.2562,0.8,6245.12
699,KB1,ARQ,Default,200,0,1,50,0,0.2585,0.8,6189.56
700,KB1,ARQ,Default,200,0,1,50,0,0.2545,0.8,6286.84
701,KB1,ARQ,Default,200,0,1,50,0,0.2584,0.8,6191.95
702,KB1,ARQ,Default,200,0,1,50,0,0.2591,0.8,6175.22
703,KB1,ARQ,Default,200,0,1,50,0,0.2545,0.8,6286.84
704,KB1,ARQ,Default,200,0,1,50,0,0.2549,0.8,6276.97
705,KB1,ARQ,Default,200,0,1,50,0,0.2642,0.8,6056.02
706,KB1,ARQ,Default,200,0,1,50,0,0.2572,0.8,6220.84
707,KB1,ARQ,Default,200,0,1,50,0,0.2588,0.8,6182.38
708,KB1,ARQ,Default,200,0,1,50,0,0.2686,0.8,5956.81
709,KB1,ARQ,Default,200,0,1,50,0,0.2557,0.8,6257.33
710,KB1,ARQ,Default,200,0,1,50,0,0.2555,0.8,6262.23
711,KB1,ARQ,Default,200,0,1,50,0,0.3562,0.8,4491.86
712,KB1,ARQ,Default,200,0,1,50,0,0.2561,0.8,6247.56
713,KB1,ARQ,Default,200,0,1,50,0,0.2579,0.8,6203.96
714,KB1,ARQ,Default,200,0,1,50,0,0.2553,0.8,6267.14
715,KB1,ARQ,Default,200,0,1,50,0,0.2567,0.8,6232.96
716,KB1,ARQ,Default,200,0,1,50,0,0.2598,0.8,6158.58
717,KB1,ARQ,Default,200,0,1,50,0,0.2562,0.8,6245.12
718,KB1,ARQ,Default,200,0,1,50,0,0.2567,0.8,6232.96
719,KB1,ARQ,Default,200,0,1,50,0,0.256,0.8,6250
720,KB1,ARQ,Default,200,0,1,50,0,0.2552,0.8,6269.59
721,KB1,ARQ,Default,200,0,1,50,0,0.2558,0.8,6254.89
722,KB1,ARQ,Default,200,0,1,50,0,0.2615,0.8,6118.55
723,KB1,ARQ,Default,200,0,1,50,0,0.2552,0.8,6269.59
724,KB1,ARQ,Default,200,0,1,50,0,0.2761,0.8,5795
725,KB1,ARQ,Default,200,0,1,50,0,0.2616,0.8,6116.21
726,KB1,ARQ,Default,200,0,1,50,0,0.2565,0.8,6237.82
727,KB1,ARQ,Default,200,0,1,50,0,0.2565,0.8,6237.82
728,KB1,ARQ,Default,200,0,1,50,0,0.2549,0.8,6276.97
729,KB1,ARQ,Default,200,0,1,50,0,0.2553,0.8,6267.14
730,KB1,ARQ,Default,200,0,1,50,0,0.2616,0.8,6116.21
731,KB1,ARQ,Default,200,0,1,50,0,0.2563,0.8,6242.68
732,KB1,ARQ,Default,200,0,1,50,0,0.2553,0.8,6267.14
733,KB1,ARQ,Default,200,0,1,50,0,0.2575,0.8,6213.59
734,KB1,ARQ,Default,200,0,1,50,0,0.2574,0.8,6216.01
735,KB1,ARQ,Default,200,0,1,50,0,0.2567,0.8,6232.96
736,KB1,ARQ,Default,200,0,1,50,0,0.2686,0.8,5956.81
737,KB1,ARQ,Default,200,0,1,50,0,0.2555,0.8,6262.23
738,KB1,ARQ,Default,200,0,1,50,0,0.2556,0.8,6259.78
739,KB1,ARQ,Default,200,0,1,50,0,0.2568,0.8,6230.53
740,KB1,ARQ,Default,200,0,1,50,0,0.261,0.8,6130.27
741,KB1,ARQ,Default,200,0,1,50,0,0.2566,0.8,6235.39
742,KB1,ARQ,Default,200,0,1,50,0,0.2581,0.8,6199.15
743,KB1,ARQ,Default,200,0,1,50,0,0.2561,0.8,6247.56
744,KB1,ARQ,Default,200,0,1,50,0,0.257,0.8,6225.68
745,KB1,ARQ,Default,200,0,1,50,0,0.2568,0.8,6230.53
746,KB1,ARQ,Default,200,0,1,50,0,0.2567,0.8,6232.96
747,KB1,ARQ,Default,200,0,1,50,0,0.2552,0.8,6269.59
748,KB1,ARQ,Default,200,0,1,50,0,0.257,0.8,6225.68
749,KB1,ARQ,Default,200,0,1,50,0,0.2554,0.8,6264.68
750,KB1,ARQ,Default,200,0,1,50,0,0.2547,0.8,6281.9
751,KB1,ARQ,Default,200,0,1,50,0,0.2574,0.8,6216.01
752,KB1,ARQ,Default,200,0,1,50,0,0.2566,0.8,6235.39
753,KB1,ARQ,Default,200,0,1,50,0,0.257,0.8,6225.68
754,KB1,ARQ,Default,200,0,1,50,0,0.2625,0.8,6095.24
755,KB1,ARQ,Default,200,0,1,50,0,0.2561,0.8,6247.56
756,KB1,ARQ,Default,200,0,1,50,0,0.2575,0.8,6213.59
757,KB1,ARQ,Default,200,0,1,50,0,0.2559,0.8,6252.44
758,KB1,ARQ,Default,200,0,1,50,0,0.2553,0.8,6267.14
759,KB1,ARQ,Default,200,0,1,50,0,0.2606,0.8,6139.68
760,KB1,ARQ,Default,200,0,1,50,0,0.2556,0.8,6259.78
761,KB1,ARQ,Default,200,0,1,50,0,0.2544,0.8,6289.31
762,KB1,ARQ,Default,200,0,1,50,0,0.2583,0.8,6194.35
763,KB1,ARQ,Default,200,0,1,50,0,0.2561,0.8,6247.56
764,KB1,ARQ,Default,200,0,1,50,0,0.2571,0.8,6223.26
765,KB1,ARQ,Default,200,0,1,50,0,0.2601,0.8,6151.48
766,KB1,ARQ,Default,200,0,1,50,0,0.26,0.8,6153.85
767,KB1,ARQ,Default,200,0,1,50,0,0.2554,0.8,6264.68
768,KB1,ARQ,Default,200,0,1,50,0,0.2668,0.8,5997
769,KB1,ARQ,Default,200,0,1,50,0,0.2601,0.8,6151.48
770,KB1,ARQ,Default,200,0,1,50,0,0.2561,0.8,6247.56
771,KB1,ARQ,Default,200,0,1,50,0,0.2608,0.8,6134.97
772,KB1,ARQ,Default,200,0,1,50,0,0.2564,0.8,6240.25
773,KB1,ARQ,Default,200,0,1,50,0,0.258,0.8,6201.55
774,KB1,ARQ,Default,200,0,1,50,0,0.294,0.8,5442.18
775,KB1,ARQ,Default,200,0,1,50,0,0.2729,0.8,5862.95
776,KB1,ARQ,Default,200,0,1,50,0,0.2573,0.8,6218.42
777,KB1,ARQ,Default,200,0,1,50,0,0.2563,0.8,6242.68
778,KB1,ARQ,Default,200,0,1,50,0,0.2558,0.8,6254.89
779,KB1,ARQ,Default,200,0,1,50,0,0.2569,0.8,6228.1
780,KB1,ARQ,Default,200,0,1,50,0,0.2593,0.8,6170.46
781,KB1,ARQ,Default,200,0,1,50,0,0.256,0.8,6250
782,KB1,ARQ,Default,200,0,1,50,0,0.2607,0.8,6137.32
783,KB1,ARQ,Default,200,0,1,50,0,0.261,0.8,6130.27
784,KB1,ARQ,Default,200,0,1,50,0,0.2563,0.8,6242.68
785,KB1,ARQ,Default,200,0,1,50,0,0.2575,0.8,6213.59
786,KB1,ARQ,Default,200,0,1,50,0,0.2547,0.8,6281.9
787,KB1,ARQ,Default,200,0,1,50,0,0.2536,0.8,6309.15
788,KB1,ARQ,Default,200,0,1,50,0,0.261,0.8,6130.27
789,KB1,ARQ,Default,200,0,1,50,0,0.2543,0.8,6291.78
790,KB1,ARQ,Default,200,0,1,50,0,0.2568,0.8,6230.53
791,KB1,ARQ,Default,200,0,1,50,0,0.2623,0.8,6099.89
792,KB1,ARQ,Default,200,0,1,50,0,0.2557,0.8,6257.33
793,KB1,ARQ,Default,200,0,1,50,0,0.2553,0.8,6267.14
794,KB1,ARQ,Default,200,0,1,50,0,0.2712,0.8,5899.71
795,KB1,ARQ,Default,200,0,1,50,0,0.2553,0.8,6267.14
796,KB1,ARQ,Default,200,0,1,50,0,0.256,0.8,6250
797,KB1,ARQ,Default,200,0,1,50,0,0.2559,0.8,6252.44
798,KB1,ARQ,Default,200,0,1,50,0,0.2606,0.8,6139.68
799,KB1,ARQ,Default,200,0,1,50,0,0.3214,0.8,4978.22
800,KB1,ARQ,Default,200,0,1,50,0,0.2573,0.8,6218.42
801,KB1,ARQ,Default,200,0,1,50,0,0.2559,0.8,6252.44
802,KB1,ARQ,Default,200,0,1,50,0,0.2581,0.8,6199.15
803,KB1,ARQ,Default,200,0,1,50,0,0.2556,0.8,6259.78
804,KB1,ARQ,Default,200,0,1,50,0,0.2549,0.8,6276.97
805,KB1,ARQ,Default,200,0,1,50,0,0.2578,0.8,6206.36
806,KB1,ARQ,Default,200,0,1,50,0,0.2557,0.8,6257.33
807,KB1,ARQ,Default,200,0,1,50,0,0.2563,0.8,6242.68
808,KB1,ARQ,Default,200,0,1,50,0,0.3341,0.8,4788.99
809,KB1,ARQ,Default,200,0,1,50,0,0.2618,0.8,6111.54
810,KB1,ARQ,Default,200,0,1,50,0,0.2582,0.8,6196.75
811,KB1,ARQ,Default,200,0,1,50,0,0.2583,0.8,6194.35
812,KB1,ARQ,Default,200,0,1,50,0,0.2608,0.8,6134.97
813,KB1,ARQ,Default,200,0,1,50,0,0.2543,0.8,6291.78
814,KB1,ARQ,Default,200,0,1,50,0,0.2551,0.8,6272.05
815,KB1,ARQ,Default,200,0,1,50,0,0.2546,0.8,6284.37
816,KB1,ARQ,Default,200,0,1,50,0,0.2577,0.8,6208.77
817,KB1,ARQ,Default,200,0,1,50,0,0.2606,0.8,6139.68
818,KB1,ARQ,Default,200,0,1,50,0,0.2567,0.8,6232.96
819,KB1,ARQ,Default,200,0,1,50,0,0.2573,0.8,6218.42
820,KB1,ARQ,Default,200,0,1,50,0,0.257,0.8,6225.68
821,KB1,ARQ,Default,200,0,1,50,0,0.2683,0.8,5963.47
822,KB1,ARQ,Default,200,0,1,50,0,0.2649,0.8,6040.02
823,KB1,ARQ,Default,200,0,1,50,0,0.2588,0.8,6182.38
824,KB1,ARQ,Default,200,0,1,50,0,0.2553,0.8,6267.14
825,KB1,ARQ,Default,200,0,1,50,0,0.2561,0.8,6247.56
826,KB1,ARQ,Default,200,0,1,50,0,0.2553,0.8,6267.14
827,KB1,ARQ,Default,200,0,1,50,0,0.2624,0.8,6097.56
828,KB1,ARQ,Default,200,0,1,50,0,0.2572,0.8,6220.84
829,KB1,ARQ,Default,200,0,1,50,0,0.2564,0.8,6240.25
830,KB1,ARQ,Default,200,0,1,50,0,0.2567,0.8,6232.96
831,KB1,ARQ,Default,200,0,1,50,0,0.2554,0.8,6264.68
832,KB1,ARQ,Default,200,0,1,50,0,0.257,0.8,6225.68
833,KB1,ARQ,Default,200,0,1,50,0,0.2559,0.8,6252.44
834,KB1,ARQ,Default,200,0,1,50,0,0.2562,0.8,6245.12
835,KB1,ARQ,Default,200,0,1,50,0,0.2561,0.8,6247.56
836,KB1,ARQ,Default,200,0,1,50,0,0.256,0.8,6250
837,KB1,ARQ,Default,200,0,1,50,0,0.2551,0.8,6272.05
838,KB1,ARQ,Default,200,0,1,50,0,0.2592,0.8,6172.84
839,KB1,ARQ,Default,200,0,1,50,0,0.2574,0.8,6216.01
840,KB1,ARQ,Default,200,0,1,50,0,0.2573,0.8,6218.42
841,KB1,ARQ,Default,200,0,1,50,0,0.2603,0.8,6146.75
842,KB1,ARQ,Default,200,0,1,50,0,0.2893,0.8,5530.59
843,KB1,ARQ,Default,200,0,1,50,0,0.2551,0.8,6272.05
844,KB1,ARQ,Default,200,0,1,50,0,0.2547,0.8,6281.9
845,KB1,ARQ,Default,200,0,1,50,0,0.2565,0.8,6237.82
846,KB1,ARQ,Default,200,0,1,50,0,0.2604,0.8,6144.39
847,KB1,ARQ,Default,200,0,1,50,0,0.2561,0.8,6247.56
848,KB1,ARQ,Default,200,0,1,50,0,0.2648,0.8,6042.3
849,KB1,ARQ,Default,200,0,1,50,0,0.255,0.8,6274.51
850,KB1,ARQ,Default,200,0,1,50,0,0.2624,0.8,6097.56
851,KB1,ARQ,Default,200,0,1,50,0,0.2568,0.8,6230.53
852,KB1,ARQ,Default,200,0,1,50,0,0.2574,0.8,6216.01
853,KB1,ARQ,Default,200,0,1,50,0,0.2558,0.8,6254.89
854,KB1,ARQ,Default,200,0,1,50,0,0.2563,0.8,6242.68
855,KB1,ARQ,Default,200,0,1,50,0,0.2554,0.8,6264.68
856,KB1,ARQ,Default,200,0,1,50,0,0.2625,0.8,6095.24
857,KB1,ARQ,Default,200,0,1,50,0,0.2563,0.8,6242.68
858,KB1,ARQ,Default,200,0,1,50,0,0.2568,0.8,6230.53
859,KB1,ARQ,Default,200,0,1,50,0,0.2537,0.8,6306.66
860,KB1,ARQ,Default,200,0,1,50,0,0.2562,0.8,6245.12
861,KB1,ARQ,Default,200,0,1,50,0,0.2554,0.8,6264.68
862,KB1,ARQ,Default,200,0,1,50,0,0.257,0.8,6225.68
863,KB1,ARQ,Default,200,0,1,50,0,0.2563,0.8,6242.68
864,KB1,ARQ,Default,200,0,1,50,0,0.2548,0.8,6279.43
865,KB1,ARQ,Default,200,0,1,50,0,0.2578,0.8,6206.36
866,KB1,ARQ,Default,200,0,1,50,0,0.2571,0.8,6223.26
867,KB1,ARQ,Default,200,0,1,50,0,0.2587,0.8,6184.77
868,KB1,ARQ,Default,200,0,1,50,0,0.2776,0.8,5763.69
869,KB1,ARQ,Default,200,0,1,50,0,0.2552,0.8,6269.59
870,KB1,ARQ,Default,200,0,1,50,0,0.2605,0.8,6142.03
871,KB1,ARQ,Default,200,0,1,50,0,0.2555,0.8,6262.23
872,KB1,ARQ,Default,200,0,1,50,0,0.2559,0.8,6252.44
873,KB1,ARQ,Default,200,0,1,50,0,0.254,0.8,6299.21
874,KB1,ARQ,Default,200,0,1,50,0,0.2617,0.8,6113.87
875,KB1,ARQ,Default,200,0,1,50,0,0.2608,0.8,6134.97
876,KB1,ARQ,Default,200,0,1,50,0,0.2573,0.8,6218.42
877,KB1,ARQ,Default,200,0,1,50,0,0.2585,0.8,6189.56
878,KB1,ARQ,Default,200,0,1,50,0,0.2555,0.8,6262.23
879,KB1,ARQ,Default,200,0,1,50,0,0.2556,0.8,6259.78
880,KB1,ARQ,Default,200,0,1,50,0,0.2552,0.8,6269.59
881,KB1,ARQ,Default,200,0,1,50,0,0.2667,0.8,5999.25
882,KB1,ARQ,Default,200,0,1,50,0,0.2562,0.8,6245.12
883,KB1,ARQ,Default,200,0,1,50,0,0.2582,0.8,6196.75
884,KB1,ARQ,Default,200,0,1,50,0,0.257,0.8,6225.68
885,KB1,ARQ,Default,200,0,1,50,0,0.271,0.8,5904.06
886,KB1,ARQ,Default,200,0,1,50,0,0.2559,0.8,6252.44
887,KB1,ARQ,Default,200,0,1,50,0,0.2558,0.8,6254.89
888,KB1,ARQ,Default,200,0,1,50,0,0.2559,0.8,6252.44
889,KB1,ARQ,Default,200,0,1,50,0,0.2555,0.8,6262.23
890,KB1,ARQ,Default,200,0,1,50,0,0.2558,0.8,6254.89
891,KB1,ARQ,Default,200,0,1,50,0,0.2568,0.8,6230.53
892,KB1,ARQ,Default,200,0,1,50,0,0.2558,0.8,6254.89
893,KB1,ARQ,Default,200,0,1,50,0,0.2559,0.8,6252.44
894,KB1,ARQ,Default,200,0,1,50,0,0.2603,0.8,6146.75
895,KB1,ARQ,Default,200,0,1,50,0,0.2565,0.8,6237.82
896,KB1,ARQ,Default,200,0,1,50,0,0.2595,0.8,6165.7
897,KB1,ARQ,Default,200,0,1,50,0,0.2617,0.8,6113.87
898,KB1,ARQ,Default,200,0,1,50,0,0.2556,0.8,6259.78
899,KB1,ARQ,Default,200,0,1,50,0,0.2606,0.8,6139.68
900,KB1,ARQ,Default,200,0,1,50,0,0.2563,0.8,6242.68
901,KB1,ARQ,Default,200,0,1,50,0,0.2563,0.8,6242.68
902,KB1,ARQ,Default,200,0,1,50,0,0.2568,0.8,6230.53
903,KB1,ARQ,Default,200,0,1,50,0,0.2579,0.8,6203.96
904,KB1,ARQ,Default,200,0,1,50,0,0.2608,0.8,6134.97
905,KB1,ARQ,Default,200,0,1,50,0,0.2566,0.8,6235.39
906,KB1,ARQ,Default,200,0,1,50,0,0.2555,0.8,6262.23
907,KB1,ARQ,Default,200,0,1,50,0,0.2554,0.8,6264.68
908,KB1,ARQ,Default,200,0,1,50,0,0.256,0.8,6250
909,KB1,ARQ,Default,200,0,1,50,0,0.265,0.8,6037.74
910,KB1,ARQ,Default,200,0,1,50,0,0.2578,0.8,6206.36
911,KB1,ARQ,Default,200,0,1,50,0,0.2557,0.8,6257.33
912,KB1,ARQ,Default,200,0,1,50,0,0.257,0.8,6225.68
913,KB1,ARQ,Default,200,0,1,50,0,0.2566,0.8,6235.39
914,KB1,ARQ,Default,200,0,1,50,0,0.2626,0.8,6092.92
915,KB1,ARQ,Default,200,0,1,50,0,0.2578,0.8,6206.36
916,KB1,ARQ,Default,200,0,1,50,0,0.2553,0.8,6267.14
917,KB1,ARQ,Default,200,0,1,50,0,0.2586,0.8,6187.16
918,KB1,ARQ,Default,200,0,1,50,0,0.2964,0.8,5398.11
919,KB1,ARQ,Default,200,0,1,50,0,0.266,0.8,6015.04
920,KB1,ARQ,Default,200,0,1,50,0,0.2573,0.8,6218.42
921,KB1,ARQ,Default,200,0,1,50,0,0.2577,0.8,6208.77
922,KB1,ARQ,Default,200,0,1,50,0,0.257,0.8,6225.68
923,KB1,ARQ,Default,200,0,1,50,0,0.2588,0.8,6182.38
924,KB1,ARQ,Default,200,0,1,50,0,0.258,0.8,6201.55
925,KB1,ARQ,Default,200,0,1,50,0,0.2577,0.8,6208.77
926,KB1,ARQ,Default,200,0,1,50,0,0.2565,0.8,6237.82
927,KB1,ARQ,Default,200,0,1,50,0,0.2556,0.8,6259.78
928,KB1,ARQ,Default,200,0,1,50,0,0.2606,0.8,6139.68
929,KB1,ARQ,Default,200,0,1,50,0,0.2547,0.8,6281.9
930,KB1,ARQ,Default,200,0,1,50,0,0.257,0.8,6225.68
931,KB1,ARQ,Default,200,0,1,50,0,0.2587,0.8,6184.77
932,KB1,ARQ,Default,200,0,1,50,0,0.2563,0.8,6242.68
933,KB1,ARQ,Default,200,0,1,50,0,0.26,0.8,6153.85
934,KB1,ARQ,Default,200,0,1,50,0,0.2571,0.8,6223.26
935,KB1,ARQ,Default,200,0,1,50,0,0.2557,0.8,6257.33
936,KB1,ARQ,Default,200,0,1,50,0,0.2546,0.8,6284.37
937,KB1,ARQ,Default,200,0,1,50,0,0.2572,0.8,6220.84
938,KB1,ARQ,Default,200,0,1,50,0,0.2553,0.8,6267.14
939,KB1,ARQ,Default,200,0,1,50,0,0.2596,0.8,6163.33
940,KB1,ARQ,Default,200,0,1,50,0,0.2689,0.8,5950.17
941,KB1,ARQ,Default,200,0,1,50,0,0.2563,0.8,6242.68
942,KB1,ARQ,Default,200,0,1,50,0,0.257,0.8,6225.68
943,KB1,ARQ,Default,200,0,1,50,0,0.2673,0.8,5985.78
944,KB1,ARQ,Default,200,0,1,50,0,0.2563,0.8,6242.68
945,KB1,ARQ,Default,200,0,1,50,0,0.2553,0.8,6267.14
946,KB1,ARQ,Default,200,0,1,50,0,0.2565,0.8,6237.82
947,KB1,ARQ,Default,200,0,1,50,0,0.2555,0.8,6262.23
948,KB1,ARQ,Default,200,0,1,50,0,0.2549,0.8,6276.97
949,KB1,ARQ,Default,200,0,1,50,0,0.257,0.8,6225.68
950,KB1,ARQ,Default,200,0,1,50,0,0.2571,0.8,6223.26
951,KB1,ARQ,Default,200,0,1,50,0,0.257,0.8,6225.68
952,KB1,ARQ,Default,200,0,1,50,0,0.2557,0.8,6257.33
953,KB1,ARQ,Default,200,0,1,50,0,0.2561,0.8,6247.56
954,KB1,ARQ,Default,200,0,1,50,0,0.2606,0.8,6139.68
955,KB1,ARQ,Default,200,0,1,50,0,0.2553,0.8,6267.14
956,KB1,ARQ,Default,200,0,1,50,0,0.2561,0.8,6247.56
957,KB1,ARQ,Default,200,0,1,50,0,0.2617,0.8,6113.87
958,KB1,ARQ,Default,200,0,1,50,0,0.2564,0.8,6240.25
959,KB1,ARQ,Default,200,0,1,50,0,0.2566,0.8,6235.39
960,KB1,ARQ,Default,200,0,1,50,0,0.259,0.8,6177.61
961,KB1,ARQ,Default,200,0,1,50,0,0.2569,0.8,6228.1
962,KB1,ARQ,Default,200,0,1,50,0,0.2589,0.8,6179.99
963,KB1,ARQ,Default,200,0,1,50,0,0.2579,0.8,6203.96
964,KB1,ARQ,Default,200,0,1,50,0,0.3214,0.8,4978.22
965,KB1,ARQ,Default,200,0,1,50,0,0.2974,0.8,5379.96
966,KB1,ARQ,Default,200,0,1,50,0,0.257,0.8,6225.68
967,KB1,ARQ,Default,200,0,1,50,0,0.2546,0.8,6284.37
968,KB1,ARQ,Default,200,0,1,50,0,0.2608,0.8,6134.97
969,KB1,ARQ,Default,200,0,1,50,0,0.2577,0.8,6208.77
970,KB1,ARQ,Default,200,0,1,50,0,0.2579,0.8,6203.96
971,KB1,ARQ,Default,200,0,1,50,0,0.2658,0.8,6019.56
972,KB1,ARQ,Default,200,0,1,50,0,0.261,0.8,6130.27
973,KB1,ARQ,Default,200,0,1,50,0,0.2551,0.8,6272.05
974,KB1,ARQ,Default,200,0,1,50,0,0.2901,0.8,5515.34
975,KB1,ARQ,Default,200,0,1,50,0,0.3231,0.8,4952.03
976,KB1,ARQ,Default,200,0,1,50,0,0.3874,0.8,4130.1
977,KB1,ARQ,Default,200,0,1,50,0,0.3948,0.8,4052.68
978,KB1,ARQ,Default,200,0,1,50,0,0.289,0.8,5536.33
979,KB1,ARQ,Default,200,0,1,50,0,0.2582,0.8,6196.75
980,KB1,ARQ,Default,200,0,1,50,0,0.2573,0.8,6218.42
981,KB1,ARQ,Default,200,0,1,50,0,0.2575,0.8,6213.59
982,KB1,ARQ,Default,200,0,1,50,0,0.2563,0.8,6242.68
983,KB1,ARQ,Default,200,0,1,50,0,0.2578,0.8,6206.36
984,KB1,ARQ,Default,200,0,1,50,0,0.266,0.8,6015.04
985,KB1,ARQ,Default,200,0,1,50,0,0.2562,0.8,6245.12
986,KB1,ARQ,Default,200,0,1,50,0,0.2615,0.8,6118.55
987,KB1,ARQ,Default,200,0,1,50,0,0.2647,0.8,6044.58
988,KB1,ARQ,Default,200,0,1,50,0,0.2583,0.8,6194.35
989,KB1,ARQ,Default,200,0,1,50,0,0.2573,0.8,6218.42
990,KB1,ARQ,Default,200,0,1,50,0,0.3378,0.8,4736.53
991,KB1,ARQ,Default,200,0,1,50,0,0.2607,0.8,6137.32
992,KB1,ARQ,Default,200,0,1,50,0,0.2566,0.8,6235.39
993,KB1,ARQ,Default,200,0,1,50,0,0.2556,0.8,6259.78
994,KB1,ARQ,Default,200,0,1,50,0,0.263,0.8,6083.65
995,KB1,ARQ,Default,200,0,1,50,0,0.2566,0.8,6235.39
996,KB1,ARQ,Default,200,0,1,50,0,0.2562,0.8,6245.12
997,KB1,ARQ,Default,200,0,1,50,0,0.2594,0.8,6168.08
998,KB1,ARQ,Default,200,0,1,50,0,0.2593,0.8,6170.46
999,KB1,ARQ,Default,200,0,1,50,0,0.2572,0.8,6220.84
1000,KB1,ARQ,Default,200,0,1,50,0,0.2559,0.8,6252.44
1001,KB1,HARQ,Default,200,0,1,50,0,2.2852,0.8,700.158
1002,KB1,HARQ,Default,200,0,1,50,0,2.3013,0.8,695.259
1003,KB1,HARQ,Default,200,0,1,50,0,2.3504,0.8,680.735
1004,KB1,HARQ,Default,200,0,1,50,0,7.5302,0.8,212.478
1005,KB1,HARQ,Default,200,0,1,50,0,3.7767,0.8,423.65
1006,KB1,HARQ,Default,200,0,1,50,0,4.0582,0.8,394.263
1007,KB1,HARQ,Default,200,0,1,50,0,2.681,0.8,596.792
1008,KB1,HARQ,Default,200,0,1,50,0,2.4682,0.8,648.246
1009,KB1,HARQ,Default,200,0,1,50,0,2.3599,0.8,677.995
1010,KB1,HARQ,Default,200,0,1,50,0,2.8937,0.8,552.925
1011,KB1,HARQ,Default,200,0,1,50,0,4.0144,0.8,398.565
1012,KB1,HARQ,Default,200,0,1,50,0,2.5549,0.8,626.248
1013,KB1,HARQ,Default,200,0,1,50,0,2.3716,0.8,674.65
1014,KB1,HARQ,Default,200,0,1,50,0,2.3094,0.8,692.821
1015,KB1,HARQ,Default,200,0,1,50,0,2.3787,0.8,672.636
1016,KB1,HARQ,Default,200,0,1,50,0,2.3597,0.8,678.052
1017,KB1,HARQ,Default,200,0,1,50,0,2.4732,0.8,646.935
1018,KB1,HARQ,Default,200,0,1,50,0,2.4058,0.8,665.059
1019,KB1,HARQ,Default,200,0,1,50,0,2.3579,0.8,678.57
1020,KB1,HARQ,Default,200,0,1,50,0,2.2711,0.8,704.504
1021,KB1,HARQ,Default,200,0,1,50,0,2.2726,0.8,704.039
1022,KB1,HARQ,Default,200,0,1,50,0,2.3008,0.8,695.41
1023,KB1,HARQ,Default,200,0,1,50,0,2.3527,0.8,680.07
1024,KB1,HARQ,Default,200,0,1,50,0,2.334,0.8,685.518
1025,KB1,HARQ,Default,200,0,1,50,0,2.477,0.8,645.943
1026,KB1,HARQ,Default,200,0,1,50,0,2.3105,0.8,692.491
1027,KB1,HARQ,Default,200,0,1,50,0,2.2945,0.8,697.32
1028,KB1,HARQ,Default,200,0,1,50,0,2.2885,0.8,699.148
1029,KB1,HARQ,Default,200,0,1,50,0,2.2931,0.8,697.745
1030,KB1,HARQ,Default,200,0,1,50,0,2.2939,0.8,697.502
1031,KB1,HARQ,Default,200,0,1,50,0,2.4975,0.8,640.641
1032,KB1,HARQ,Default,200,0,1,50,0,2.4288,0.8,658.762
1033,KB1,HARQ,Default,200,0,1,50,0,2.3465,0.8,681.867
1034,KB1,HARQ,Default,200,0,1,50,0,2.2906,0.8,698.507
1035,KB1,HARQ,Default,200,0,1,50,0,2.3355,0.8,685.078
1036,KB1,HARQ,Default,200,0,1,50,0,2.3499,0.8,680.88
1037,KB1,HARQ,Default,200,0,1,50,0,2.2774,0.8,702.556
1038,KB1,HARQ,Default,200,0,1,50,0,2.3946,0.8,668.17
1039,KB1,HARQ,Default,200,0,1,50,0,2.3149,0.8,691.175
1040,KB1,HARQ,Default,200,0,1,50,0,2.3136,0.8,691.563
1041,KB1,HARQ,Default,200,0,1,50,0,2.2757,0.8,703.08
1042,KB1,HARQ,Default,200,0,1,50,0,2.297,0.8,696.561
1043,KB1,HARQ,Default,200,0,1,50,0,2.3051,0.8,694.113
1044,KB1,HARQ,Default,200,0,1,50,0,2.3275,0.8,687.433
1045,KB1,HARQ,Default,200,0,1,50,0,2.4399,0.8,655.765
1046,KB1,HARQ,Default,200,0,1,50,0,2.2945,0.8,697.32
1047,KB1,HARQ,Default,200,0,1,50,0,2.3792,0.8,672.495
1048,KB1,HARQ,Default,200,0,1,50,0,2.298,0.8,696.258
1049,KB1,HARQ,Default,200,0,1,50,0,2.3142,0.8,691.384
1050,KB1,HARQ,Default,200,0,1,50,0,2.2842,0.8,700.464
1051,KB1,HARQ,Default,200,0,1,50,0,2.284,0.8,700.525
1052,KB1,HARQ,Default,200,0,1,50,0,2.4668,0.8,648.614
1053,KB1,HARQ,Default,200,0,1,50,0,2.2785,0.8,702.216
1054,KB1,HARQ,Default,200,0,1,50,0,2.285,0.8,700.219
1055,KB1,HARQ,Default,200,0,1,50,0,2.2955,0.8,697.016
1056,KB1,HARQ,Default,200,0,1,50,0,2.4366,0.8,656.653
1057,KB1,HARQ,Default,200,0,1,50,0,2.2839,0.8,700.556
1058,KB1,HARQ,Default,200,0,1,50,0,2.2652,0.8,706.339
1059,KB1,HARQ,Default,200,0,1,50,0,2.3291,0.8,686.961
1060,KB1,HARQ,Default,200,0,1,50,0,2.3223,0.8,688.972
1061,KB1,HARQ,Default,200,0,1,50,0,2.3596,0.8,678.081
1062,KB1,HARQ,Default,200,0,1,50,0,2.4176,0.8,661.813
1063,KB1,HARQ,Default,200,0,1,50,0,2.3465,0.8,681.867
1064,KB1,HARQ,Default,200,0,1,50,0,2.3675,0.8,675.818
1065,KB1,HARQ,Default,200,0,1,50,0,2.3089,0.8,692.971
1066,KB1,HARQ,Default,200,0,1,50,0,2.4079,0.8,664.479
1067,KB1,HARQ,Default,200,0,1,50,0,2.2779,0.8,702.401
1068,KB1,HARQ,Default,200,0,1,50,0,2.311,0.8,692.341
1069,KB1,HARQ,Default,200,0,1,50,0,2.2814,0.8,701.324
1070,KB1,HARQ,Default,200,0,1,50,0,2.2757,0.8,703.08
1071,KB1,HARQ,Default,200,0,1,50,0,2.2862,0.8,699.851
1072,KB1,HARQ,Default,200,0,1,50,0,2.3571,0.8,678.8
1073,KB1,HARQ,Default,200,0,1,50,0,2.3665,0.8,676.104
1074,KB1,HARQ,Default,200,0,1,50,0,2.4953,0.8,641.205
1075,KB1,HARQ,Default,200,0,1,50,0,2.2781,0.8,702.34
1076,KB1,HARQ,Default,200,0,1,50,0,2.3053,0.8,694.053
1077,KB1,HARQ,Default,200,0,1,50,0,2.2724,0.8,704.101
1078,KB1,HARQ,Default,200,0,1,50,0,2.297,0.8,696.561
1079,KB1,HARQ,Default,200,0,1,50,0,2.3296,0.8,686.813
1080,KB1,HARQ,Default,200,0,1,50,0,2.3608,0.8,677.736
1081,KB1,HARQ,Default,200,0,1,50,0,2.305,0.8,694.143
1082,KB1,HARQ,Default,200,0,1,50,0,2.2727,0.8,704.008
1083,KB1,HARQ,Default,200,0,1,50,0,2.2701,0.8,704.815
1084,KB1,HARQ,Default,200,0,1,50,0,2.2927,0.8,697.867
1085,KB1,HARQ,Default,200,0,1,50,0,2.3037,0.8,694.535
1086,KB1,HARQ,Default,200,0,1,50,0,2.4045,0.8,665.419
1087,KB1,HARQ,Default,200,0,1,50,0,2.3231,0.8,688.735
1088,KB1,HARQ,Default,200,0,1,50,0,2.279,0.8,702.062
1089,KB1,HARQ,Default,200,0,1,50,0,2.3105,0.8,692.491
1090,KB1,HARQ,Default,200,0,1,50,0,2.2867,0.8,699.698
1091,KB1,HARQ,Default,200,0,1,50,0,2.2852,0.8,700.158
1092,KB1,HARQ,Default,200,0,1,50,0,2.3668,0.8,676.018
1093,KB1,HARQ,Default,200,0,1,50,0,2.481,0.8,644.901
1094,KB1,HARQ,Default,200,0,1,50,0,2.3782,0.8,672.778
1095,KB1,HARQ,Default,200,0,1,50,0,2.3651,0.8,676.504
1096,KB1,HARQ,Default,200,0,1,50,0,2.3818,0.8,671.761
1097,KB1,HARQ,Default,200,0,1,50,0,2.3753,0.8,673.599
1098,KB1,HARQ,Default,200,0,1,50,0,2.2924,0.8,697.958
1099,KB1,HARQ,Default,200,0,1,50,0,2.2852,0.8,700.158
1100,KB1,HARQ,Default,200,0,1,50,0,2.4004,0.8,666.556
1101,KB1,HARQ,Default,200,0,1,50,0,2.3708,0.8,674.878
1102,KB1,HARQ,Default,200,0,1,50,0,2.4824,0.8,644.538
1103,KB1,HARQ,Default,200,0,1,50,0,2.3868,0.8,670.354
1104,KB1,HARQ,Default,200,0,1,50,0,2.3875,0.8,670.157
1105,KB1,HARQ,Default,200,0,1,50,0,2.3646,0.8,676.647
1106,KB1,HARQ,Default,200,0,1,50,0,2.9058,0.8,550.623
1107,KB1,HARQ,Default,200,0,1,50,0,2.4811,0.8,644.875
1108,KB1,HARQ,Default,200,0,1,50,0,2.2912,0.8,698.324
1109,KB1,HARQ,Default,200,0,1,50,0,2.3376,0.8,684.463
1110,KB1,HARQ,Default,200,0,1,50,0,2.2833,0.8,700.74
1111,KB1,HARQ,Default,200,0,1,50,0,2.2754,0.8,703.173
1112,KB1,HARQ,Default,200,0,1,50,0,2.3992,0.8,666.889
1113,KB1,HARQ,Default,200,0,1,50,0,2.6963,0.8,593.406
1114,KB1,HARQ,Default,200,0,1,50,0,2.2848,0.8,700.28
1115,KB1,HARQ,Default,200,0,1,50,0,2.283,0.8,700.832
1116,KB1,HARQ,Default,200,0,1,50,0,2.2997,0.8,695.743
1117,KB1,HARQ,Default,200,0,1,50,0,2.3032,0.8,694.686
1118,KB1,HARQ,Default,200,0,1,50,0,2.3221,0.8,689.031
1119,KB1,HARQ,Default,200,0,1,50,0,2.2815,0.8,701.293
1120,KB1,HARQ,Default,200,0,1,50,0,2.3291,0.8,686.961
1121,KB1,HARQ,Default,200,0,1,50,0,2.3056,0.8,693.963
1122,KB1,HARQ,Default,200,0,1,50,0,2.2857,0.8,700.004
1123,KB1,HARQ,Default,200,0,1,50,0,2.29,0.8,698.69
1124,KB1,HARQ,Default,200,0,1,50,0,2.2884,0.8,699.178
1125,KB1,HARQ,Default,200,0,1,50,0,2.3229,0.8,688.794
1126,KB1,HARQ,Default,200,0,1,50,0,2.2757,0.8,703.08
1127,KB1,HARQ,Default,200,0,1,50,0,2.4317,0.8,657.976
1128,KB1,HARQ,Default,200,0,1,50,0,2.2971,0.8,696.53
1129,KB1,HARQ,Default,200,0,1,50,0,2.3149,0.8,691.175
1130,KB1,HARQ,Default,200,0,1,50,0,2.286,0.8,699.913
1131,KB1,HARQ,Default,200,0,1,50,0,2.2928,0.8,697.837
1132,KB1,HARQ,Default,200,0,1,50,0,2.2855,0.8,700.066
1133,KB1,HARQ,Default,200,0,1,50,0,2.3289,0.8,687.02
1134,KB1,HARQ,Default,200,0,1,50,0,2.457,0.8,651.201
1135,KB1,HARQ,Default,200,0,1,50,0,2.2839,0.8,700.556
1136,KB1,HARQ,Default,200,0,1,50,0,2.2769,0.8,702.71
1137,KB1,HARQ,Default,200,0,1,50,0,2.2976,0.8,696.379
1138,KB1,HARQ,Default,200,0,1,50,0,2.3506,0.8,680.677
1139,KB1,HARQ,Default,200,0,1,50,0,2.2984,0.8,696.136
1140,KB1,HARQ,Default,200,0,1,50,0,2.2925,0.8,697.928
1141,KB1,HARQ,Default,200,0,1,50,0,2.3106,0.8,692.461
1142,KB1,HARQ,Default,200,0,1,50,0,2.3038,0.8,694.505
1143,KB1,HARQ,Default,200,0,1,50,0,2.2746,0.8,703.42
1144,KB1,HARQ,Default,200,0,1,50,0,2.2763,0.8,702.895
1145,KB1,HARQ,Default,200,0,1,50,0,2.3181,0.8,690.22
1146,KB1,HARQ,Default,200,0,1,50,0,2.2978,0.8,696.318
1147,KB1,HARQ,Default,200,0,1,50,0,2.3495,0.8,680.996
1148,KB1,HARQ,Default,200,0,1,50,0,2.6252,0.8,609.477
1149,KB1,HARQ,Default,200,0,1,50,0,2.2873,0.8,699.515
1150,KB1,HARQ,Default,200,0,1,50,0,2.3033,0.8,694.655
1151,KB1,HARQ,Default,200,0,1,50,0,2.3278,0.8,687.344
1152,KB1,HARQ,Default,200,0,1,50,0,2.2783,0.8,702.278
1153,KB1,HARQ,Default,200,0,1,50,0,2.27,0.8,704.846
1154,KB1,HARQ,Default,200,0,1,50,0,2.3568,0.8,678.887
1155,KB1,HARQ,Default,200,0,1,50,0,2.317,0.8,690.548
1156,KB1,HARQ,Default,200,0,1,50,0,2.2819,0.8,701.17
1157,KB1,HARQ,Default,200,0,1,50,0,2.2934,0.8,697.654
1158,KB1,HARQ,Default,200,0,1,50,0,2.293,0.8,697.776
1159,KB1,HARQ,Default,200,0,1,50,0,2.2721,0.8,704.194
1160,KB1,HARQ,Default,200,0,1,50,0,2.265,0.8,706.402
1161,KB1,HARQ,Default,200,0,1,50,0,2.3079,0.8,693.271
1162,KB1,HARQ,Default,200,0,1,50,0,2.3113,0.8,692.251
1163,KB1,HARQ,Default,200,0,1,50,0,2.2727,0.8,704.008
1164,KB1,HARQ,Default,200,0,1,50,0,2.3079,0.8,693.271
1165,KB1,HARQ,Default,200,0,1,50,0,2.2664,0.8,705.965
1166,KB1,HARQ,Default,200,0,1,50,0,2.2836,0.8,700.648
1167,KB1,HARQ,Default,200,0,1,50,0,2.2746,0.8,703.42
1168,KB1,HARQ,Default,200,0,1,50,0,2.3514,0.8,680.446
1169,KB1,HARQ,Default,200,0,1,50,0,2.4069,0.8,664.755
1170,KB1,HARQ,Default,200,0,1,50,0,2.2834,0.8,700.709
1171,KB1,HARQ,Default,200,0,1,50,0,2.4913,0.8,642.235
1172,KB1,HARQ,Default,200,0,1,50,0,2.3319,0.8,686.136
1173,KB1,HARQ,Default,200,0,1,50,0,2.3098,0.8,692.701
1174,KB1,HARQ,Default,200,0,1,50,0,2.274,0.8,703.606
1175,KB1,HARQ,Default,200,0,1,50,0,2.4439,0.8,654.691
1176,KB1,HARQ,Default,200,0,1,50,0,2.2774,0.8,702.556
1177,KB1,HARQ,Default,200,0,1,50,0,2.2933,0.8,697.685
1178,KB1,HARQ,Default,200,0,1,50,0,2.2785,0.8,702.216
1179,KB1,HARQ,Default,200,0,1,50,0,2.287,0.8,699.606
1180,KB1,HARQ,Default,200,0,1,50,0,2.2728,0.8,703.977
1181,KB1,HARQ,Default,200,0,1,50,0,2.2763,0.8,702.895
1182,KB1,HARQ,Default,200,0,1,50,0,2.3111,0.8,692.311
1183,KB1,HARQ,Default,200,0,1,50,0,2.3066,0.8,693.662
1184,KB1,HARQ,Default,200,0,1,50,0,2.2947,0.8,697.259
1185,KB1,HARQ,Default,200,0,1,50,0,2.3457,0.8,682.099
1186,KB1,HARQ,Default,200,0,1,50,0,2.328,0.8,687.285
1187,KB1,HARQ,Default,200,0,1,50,0,2.3842,0.8,671.085
1188,KB1,HARQ,Default,200,0,1,50,0,2.3724,0.8,674.423
1189,KB1,HARQ,Default,200,0,1,50,0,2.4724,0.8,647.144
1190,KB1,HARQ,Default,200,0,1,50,0,2.5023,0.8,639.412
1191,KB1,HARQ,Default,200,0,1,50,0,2.4784,0.8,645.578
1192,KB1,HARQ,Default,200,0,1,50,0,2.4347,0.8,657.165
1193,KB1,HARQ,Default,200,0,1,50,0,2.3996,0.8,666.778
1194,KB1,HARQ,Default,200,0,1,50,0,2.3881,0.8,669.989
1195,KB1,HARQ,Default,200,0,1,50,0,2.3884,0.8,669.905
1196,KB1,HARQ,Default,200,0,1,50,0,2.5406,0.8,629.772
1197,KB1,HARQ,Default,200,0,1,50,0,2.3297,0.8,686.784
1198,KB1,HARQ,Default,200,0,1,50,0,2.3295,0.8,686.843
1199,KB1,HARQ,Default,200,0,1,50,0,2.4135,0.8,662.938
1200,KB1,HARQ,Default,200,0,1,50,0,2.2917,0.8,698.172
1201,KB1,HARQ,Default,200,0,1,50,0,2.3749,0.8,673.713
1202,KB1,HARQ,Default,200,0,1,50,0,2.3516,0.8,680.388
1203,KB1,HARQ,Default,200,0,1,50,0,2.3942,0.8,668.282
1204,KB1,HARQ,Default,200,0,1,50,0,2.3298,0.8,686.754
1205,KB1,HARQ,Default,200,0,1,50,0,2.3365,0.8,684.785
1206,KB1,HARQ,Default,200,0,1,50,0,2.3005,0.8,695.501
1207,KB1,HARQ,Default,200,0,1,50,0,2.2933,0.8,697.685
1208,KB1,HARQ,Default,200,0,1,50,0,2.4389,0.8,656.033
1209,KB1,HARQ,Default,200,0,1,50,0,2.5843,0.8,619.123
1210,KB1,HARQ,Default,200,0,1,50,0,2.3813,0.8,671.902
1211,KB1,HARQ,Default,200,0,1,50,0,2.2938,0.8,697.532
1212,KB1,HARQ,Default,200,0,1,50,0,2.2787,0.8,702.155
1213,KB1,HARQ,Default,200,0,1,50,0,2.2771,0.8,702.648
1214,KB1,HARQ,Default,200,0,1,50,0,2.2833,0.8,700.74
1215,KB1,HARQ,Default,200,0,1,50,0,2.303,0.8,694.746
1216,KB1,HARQ,Default,200,0,1,50,0,2.4349,0.8,657.111
1217,KB1,HARQ,Default,200,0,1,50,0,2.2681,0.8,705.436
1218,KB1,HARQ,Default,200,0,1,50,0,2.269,0.8,705.156
1219,KB1,HARQ,Default,200,0,1,50,0,2.2821,0.8,701.109
1220,KB1,HARQ,Default,200,0,1,50,0,2.2912,0.8,698.324
1221,KB1,HARQ,Default,200,0,1,50,0,2.2932,0.8,697.715
1222,KB1,HARQ,Default,200,0,1,50,0,2.2874,0.8,699.484
1223,KB1,HARQ,Default,200,0,1,50,0,2.4737,0.8,646.804
1224,KB1,HARQ,Default,200,0,1,50,0,2.3722,0.8,674.479
1225,KB1,HARQ,Default,200,0,1,50,0,2.3772,0.8,673.061
1226,KB1,HARQ,Default,200,0,1,50,0,2.3629,0.8,677.134
1227,KB1,HARQ,Default,200,0,1,50,0,2.2977,0.8,696.349
1228,KB1,HARQ,Default,200,0,1,50,0,2.3176,0.8,690.369
1229,KB1,HARQ,Default,200,0,1,50,0,2.3694,0.8,675.276
1230,KB1,HARQ,Default,200,0,1,50,0,2.3987,0.8,667.028
1231,KB1,HARQ,Default,200,0,1,50,0,2.7744,0.8,576.701
1232,KB1,HARQ,Default,200,0,1,50,0,2.3666,0.8,676.075
1233,KB1,HARQ,Default,200,0,1,50,0,2.2913,0.8,698.294
1234,KB1,HARQ,Default,200,0,1,50,0,2.3692,0.8,675.333
1235,KB1,HARQ,Default,200,0,1,50,0,2.336,0.8,684.932
1236,KB1,HARQ,Default,200,0,1,50,0,2.5339,0.8,631.438
1237,KB1,HARQ,Default,200,0,1,50,0,2.4,0.8,666.667
1238,KB1,HARQ,Default,200,0,1,50,0,2.2698,0.8,704.908
1239,KB1,HARQ,Default,200,0,1,50,0,2.3913,0.8,669.092
1240,KB1,HARQ,Default,200,0,1,50,0,2.3476,0.8,681.547
1241,KB1,HARQ,Default,200,0,1,50,0,2.31,0.8,692.641
1242,KB1,HARQ,Default,200,0,1,50,0,2.344,0.8,682.594
1243,KB1,HARQ,Default,200,0,1,50,0,2.4118,0.8,663.405
1244,KB1,HARQ,Default,200,0,1,50,0,2.3531,0.8,679.954
1245,KB1,HARQ,Default,200,0,1,50,0,2.3481,0.8,681.402
1246,KB1,HARQ,Default,200,0,1,50,0,2.2616,0.8,707.464
1247,KB1,HARQ,Default,200,0,1,50,0,2.3582,0.8,678.484
1248,KB1,HARQ,Default,200,0,1,50,0,2.3333,0.8,685.724
1249,KB1,HARQ,Default,200,0,1,50,0,2.3067,0.8,693.632
1250,KB1,HARQ,Default,200,0,1,50,0,2.4735,0.8,646.857
1251,KB1,HARQ,Default,200,0,1,50,0,2.341,0.8,683.469
1252,KB1,HARQ,Default,200,0,1,50,0,2.4343,0.8,657.273
1253,KB1,HARQ,Default,200,0,1,50,0,2.3374,0.8,684.521
1254,KB1,HARQ,Default,200,0,1,50,0,2.2872,0.8,699.545
1255,KB1,HARQ,Default,200,0,1,50,0,2.3626,0.8,677.22
1256,KB1,HARQ,Default,200,0,1,50,0,2.2938,0.8,697.532
1257,KB1,HARQ,Default,200,0,1,50,0,2.9449,0.8,543.312
1258,KB1,HARQ,Default,200,0,1,50,0,2.4626,0.8,649.72
1259,KB1,HARQ,Default,200,0,1,50,0,2.3648,0.8,676.59
1260,KB1,HARQ,Default,200,0,1,50,0,2.4449,0.8,654.423
1261,KB1,HARQ,Default,200,0,1,50,0,2.3981,0.8,667.195
1262,KB1,HARQ,Default,200,0,1,50,0,2.3488,0.8,681.199
1263,KB1,HARQ,Default,200,0,1,50,0,2.3455,0.8,682.157
1264,KB1,HARQ,Default,200,0,1,50,0,2.3329,0.8,685.842
1265,KB1,HARQ,Default,200,0,1,50,0,2.3191,0.8,689.923
1266,KB1,HARQ,Default,200,0,1,50,0,2.2757,0.8,703.08
1267,KB1,HARQ,Default,200,0,1,50,0,2.2797,0.8,701.847
1268,KB1,HARQ,Default,200,0,1,50,0,2.3286,0.8,687.108
1269,KB1,HARQ,Default,200,0,1,50,0,2.3582,0.8,678.484
1270,KB1,HARQ,Default,200,0,1,50,0,2.4806,0.8,645.005
1271,KB1,HARQ,Default,200,0,1,50,0,2.3933,0.8,668.533
1272,KB1,HARQ,Default,200,0,1,50,0,2.5358,0.8,630.965
1273,KB1,HARQ,Default,200,0,1,50,0,2.4245,0.8,659.93
1274,KB1,HARQ,Default,200,0,1,50,0,2.302,0.8,695.048
1275,KB1,HARQ,Default,200,0,1,50,0,2.3608,0.8,677.736
1276,KB1,HARQ,Default,200,0,1,50,0,2.3617,0.8,677.478
1277,KB1,HARQ,Default,200,0,1,50,0,2.5146,0.8,636.284
1278,KB1,HARQ,Default,200,0,1,50,0,2.3641,0.8,676.79
1279,KB1,HARQ,Default,200,0,1,50,0,2.329,0.8,686.99
1280,KB1,HARQ,Default,200,0,1,50,0,2.4344,0.8,657.246
1281,KB1,HARQ,Default,200,0,1,50,0,2.3589,0.8,678.282
1282,KB1,HARQ,Default,200,0,1,50,0,2.2815,0.8,701.293
1283,KB1,HARQ,Default,200,0,1,50,0,2.4534,0.8,652.156
1284,KB1,HARQ,Default,200,0,1,50,0,2.3133,0.8,691.653
1285,KB1,HARQ,Default,200,0,1,50,0,2.3664,0.8,676.133
1286,KB1,HARQ,Default,200,0,1,50,0,2.343,0.8,682.885
1287,KB1,HARQ,Default,200,0,1,50,0,2.2884,0.8,699.178
1288,KB1,HARQ,Default,200,0,1,50,0,2.37,0.8,675.105
1289,KB1,HARQ,Default,200,0,1,50,0,2.3092,0.8,692.881
1290,KB1,HARQ,Default,200,0,1,50,0,2.3822,0.8,671.648
1291,KB1,HARQ,Default,200,0,1,50,0,2.446,0.8,654.129
1292,KB1,HARQ,Default,200,0,1,50,0,2.6614,0.8,601.187
1293,KB1,HARQ,Default,200,0,1,50,0,2.3126,0.8,691.862
1294,KB1,HARQ,Default,200,0,1,50,0,2.3795,0.8,672.41
1295,KB1,HARQ,Default,200,0,1,50,0,2.2797,0.8,701.847
1296,KB1,HARQ,Default,200,0,1,50,0,2.3546,0.8,679.521
1297,KB1,HARQ,Default,200,0,1,50,0,2.8023,0.8,570.96
1298,KB1,HARQ,Default,200,0,1,50,0,2.4271,0.8,659.223
1299,KB1,HARQ,Default,200,0,1,50,0,2.3606,0.8,677.794
1300,KB1,HARQ,Default,200,0,1,50,0,2.3141,0.8,691.414
1301,KB1,HARQ,Default,200,0,1,50,0,2.3165,0.8,690.697
1302,KB1,HARQ,Default,200,0,1,50,0,2.389,0.8,669.736
1303,KB1,HARQ,Default,200,0,1,50,0,2.409,0.8,664.176
1304,KB1,HARQ,Default,200,0,1,50,0,2.4168,0.8,662.032
1305,KB1,HARQ,Default,200,0,1,50,0,2.3553,0.8,679.319
1306,KB1,HARQ,Default,200,0,1,50,0,2.2976,0.8,696.379
1307,KB1,HARQ,Default,200,0,1,50,0,2.3854,0.8,670.747
1308,KB1,HARQ,Default,200,0,1,50,0,2.308,0.8,693.241
1309,KB1,HARQ,Default,200,0,1,50,0,2.3289,0.8,687.02
1310,KB1,HARQ,Default,200,0,1,50,0,3.2194,0.8,496.987
1311,KB1,HARQ,Default,200,0,1,50,0,2.52,0.8,634.921
1312,KB1,HARQ,Default,200,0,1,50,0,2.3479,0.8,681.46
1313,KB1,HARQ,Default,200,0,1,50,0,2.3514,0.8,680.446
1314,KB1,HARQ,Default,200,0,1,50,0,2.2699,0.8,704.877
1315,KB1,HARQ,Default,200,0,1,50,0,2.3641,0.8,676.79
1316,KB1,HARQ,Default,200,0,1,50,0,2.5139,0.8,636.461
1317,KB1,HARQ,Default,200,0,1,50,0,2.4855,0.8,643.734
1318,KB1,HARQ,Default,200,0,1,50,0,2.4484,0.8,653.488
1319,KB1,HARQ,Default,200,0,1,50,0,2.3371,0.8,684.609
1320,KB1,HARQ,Default,200,0,1,50,0,2.3313,0.8,686.312
1321,KB1,HARQ,Default,200,0,1,50,0,2.3022,0.8,694.987
1322,KB1,HARQ,Default,200,0,1,50,0,2.7953,0.8,572.389
1323,KB1,HARQ,Default,200,0,1,50,0,2.4237,0.8,660.148
1324,KB1,HARQ,Default,200,0,1,50,0,2.3327,0.8,685.9
1325,KB1,HARQ,Default,200,0,1,50,0,2.3017,0.8,695.138
1326,KB1,HARQ,Default,200,0,1,50,0,2.2829,0.8,700.863
1327,KB1,HARQ,Default,200,0,1,50,0,2.3228,0.8,688.824
1328,KB1,HARQ,Default,200,0,1,50,0,2.3697,0.8,675.191
1329,KB1,HARQ,Default,200,0,1,50,0,2.4002,0.8,666.611
1330,KB1,HARQ,Default,200,0,1,50,0,3.2222,0.8,496.555
1331,KB1,HARQ,Default,200,0,1,50,0,3.136,0.8,510.204
1332,KB1,HARQ,Default,200,0,1,50,0,2.4227,0.8,660.42
1333,KB1,HARQ,Default,200,0,1,50,0,2.5752,0.8,621.311
1334,KB1,HARQ,Default,200,0,1,50,0,2.3866,0.8,670.41
1335,KB1,HARQ,Default,200,0,1,50,0,2.3909,0.8,669.204
1336,KB1,HARQ,Default,200,0,1,50,0,2.7799,0.8,575.56
1337,KB1,HARQ,Default,200,0,1,50,0,2.2975,0.8,696.409
1338,KB1,HARQ,Default,200,0,1,50,0,2.3703,0.8,675.02
1339,KB1,HARQ,Default,200,0,1,50,0,2.3419,0.8,683.206
1340,KB1,HARQ,Default,200,0,1,50,0,2.2851,0.8,700.188
1341,KB1,HARQ,Default,200,0,1,50,0,2.3882,0.8,669.961
1342,KB1,HARQ,Default,200,0,1,50,0,2.3404,0.8,683.644
1343,KB1,HARQ,Default,200,0,1,50,0,2.5042,0.8,638.927
1344,KB1,HARQ,Default,200,0,1,50,0,2.373,0.8,674.252
1345,KB1,HARQ,Default,200,0,1,50,0,2.2689,0.8,705.188
1346,KB1,HARQ,Default,200,0,1,50,0,2.3272,0.8,687.521
1347,KB1,HARQ,Default,200,0,1,50,0,2.3271,0.8,687.551
1348,KB1,HARQ,Default,200,0,1,50,0,2.2868,0.8,699.668
1349,KB1,HARQ,Default,200,0,1,50,0,2.582,0.8,619.675
1350,KB1,HARQ,Default,200,0,1,50,0,2.3941,0.8,668.31
1351,KB1,HARQ,Default,200,0,1,50,0,2.4598,0.8,650.459
1352,KB1,HARQ,Default,200,0,1,50,0,2.3477,0.8,681.518
1353,KB1,HARQ,Default,200,0,1,50,0,2.271,0.8,704.535
1354,KB1,HARQ,Default,200,0,1,50,0,2.357,0.8,678.829
1355,KB1,HARQ,Default,200,0,1,50,0,2.2934,0.8,697.654
1356,KB1,HARQ,Default,200,0,1,50,0,2.4624,0.8,649.773
1357,KB1,HARQ,Default,200,0,1,50,0,2.5211,0.8,634.644
1358,KB1,HARQ,Default,200,0,1,50,0,2.5696,0.8,622.665
1359,KB1,HARQ,Default,200,0,1,50,0,2.3617,0.8,677.478
1360,KB1,HARQ,Default,200,0,1,50,0,2.3607,0.8,677.765
1361,KB1,HARQ,Default,200,0,1,50,0,2.2627,0.8,707.12
1362,KB1,HARQ,Default,200,0,1,50,0,2.3715,0.8,674.678
1363,KB1,HARQ,Default,200,0,1,50,0,2.4927,0.8,641.874
1364,KB1,HARQ,Default,200,0,1,50,0,2.3799,0.8,672.297
1365,KB1,HARQ,Default,200,0,1,50,0,2.3621,0.8,677.363
1366,KB1,HARQ,Default,200,0,1,50,0,2.2668,0.8,705.841
1367,KB1,HARQ,Default,200,0,1,50,0,2.3894,0.8,669.624
1368,KB1,HARQ,Default,200,0,1,50,0,2.3243,0.8,688.379
1369,KB1,HARQ,Default,200,0,1,50,0,2.4536,0.8,652.103
1370,KB1,HARQ,Default,200,0,1,50,0,2.8721,0.8,557.084
1371,KB1,HARQ,Default,200,0,1,50,0,2.3665,0.8,676.104
1372,KB1,HARQ,Default,200,0,1,50,0,2.2637,0.8,706.807
1373,KB1,HARQ,Default,200,0,1,50,0,2.2599,0.8,707.996
1374,KB1,HARQ,Default,200,0,1,50,0,2.2727,0.8,704.008
1375,KB1,HARQ,Default,200,0,1,50,0,2.3908,0.8,669.232
1376,KB1,HARQ,Default,200,0,1,50,0,2.5732,0.8,621.794
1377,KB1,HARQ,Default,200,0,1,50,0,2.2785,0.8,702.216
1378,KB1,HARQ,Default,200,0,1,50,0,2.3894,0.8,669.624
1379,KB1,HARQ,Default,200,0,1,50,0,2.289,0.8,698.995
1380,KB1,HARQ,Default,200,0,1,50,0,2.2852,0.8,700.158
1381,KB1,HARQ,Default,200,0,1,50,0,2.4155,0.8,662.389
1382,KB1,HARQ,Default,200,0,1,50,0,2.2888,0.8,699.056
1383,KB1,HARQ,Default,200,0,1,50,0,3.1407,0.8,509.441
1384,KB1,HARQ,Default,200,0,1,50,0,2.2739,0.8,703.637
1385,KB1,HARQ,Default,200,0,1,50,0,2.2862,0.8,699.851
1386,KB1,HARQ,Default,200,0,1,50,0,2.4558,0.8,651.519
1387,KB1,HARQ,Default,200,0,1,50,0,2.3002,0.8,695.592
1388,KB1,HARQ,Default,200,0,1,50,0,2.3362,0.8,684.873
1389,KB1,HARQ,Default,200,0,1,50,0,2.4802,0.8,645.109
1390,KB1,HARQ,Default,200,0,1,50,0,2.3588,0.8,678.311
1391,KB1,HARQ,Default,200,0,1,50,0,2.4144,0.8,662.691
1392,KB1,HARQ,Default,200,0,1,50,0,2.2769,0.8,702.71
1393,KB1,HARQ,Default,200,0,1,50,0,2.2644,0.8,706.589
1394,KB1,HARQ,Default,200,0,1,50,0,2.2867,0.8,699.698
1395,KB1,HARQ,Default,200,0,1,50,0,2.3554,0.8,679.29
1396,KB1,HARQ,Default,200,0,1,50,0,2.5273,0.8,633.087
1397,KB1,HARQ,Default,200,0,1,50,0,2.2744,0.8,703.482
1398,KB1,HARQ,Default,200,0,1,50,0,2.2852,0.8,700.158
1399,KB1,HARQ,Default,200,0,1,50,0,2.3456,0.8,682.128
1400,KB1,HARQ,Default,200,0,1,50,0,2.3128,0.8,691.802
1401,KB1,HARQ,Default,200,0,1,50,0,2.4039,0.8,665.585
1402,KB1,HARQ,Default,200,0,1,50,0,2.2722,0.8,704.163
1403,KB1,HARQ,Default,200,0,1,50,0,2.5589,0.8,625.269
1404,KB1,HARQ,Default,200,0,1,50,0,2.279,0.8,702.062
1405,KB1,HARQ,Default,200,0,1,50,0,2.2649,0.8,706.433
1406,KB1,HARQ,Default,200,0,1,50,0,2.2681,0.8,705.436
1407,KB1,HARQ,Default,200,0,1,50,0,2.3837,0.8,671.225
1408,KB1,HARQ,Default,200,0,1,50,0,2.2946,0.8,697.289
1409,KB1,HARQ,Default,200,0,1,50,0,2.3001,0.8,695.622
1410,KB1,HARQ,Default,200,0,1,50,0,2.5528,0.8,626.763
1411,KB1,HARQ,Default,200,0,1,50,0,2.3054,0.8,694.023
1412,KB1,HARQ,Default,200,0,1,50,0,2.2794,0.8,701.939
1413,KB1,HARQ,Default,200,0,1,50,0,2.3905,0.8,669.316
1414,KB1,HARQ,Default,200,0,1,50,0,2.2768,0.8,702.741
1415,KB1,HARQ,Default,200,0,1,50,0,2.2876,0.8,699.423
1416,KB1,HARQ,Default,200,0,1,50,0,2.3059,0.8,693.872
1417,KB1,HARQ,Default,200,0,1,50,0,2.4473,0.8,653.782
1418,KB1,HARQ,Default,200,0,1,50,0,2.2656,0.8,706.215
1419,KB1,HARQ,Default,200,0,1,50,0,2.3271,0.8,687.551
1420,KB1,HARQ,Default,200,0,1,50,0,2.2659,0.8,706.121
1421,KB1,HARQ,Default,200,0,1,50,0,2.2799,0.8,701.785
1422,KB1,HARQ,Default,200,0,1,50,0,2.2713,0.8,704.442
1423,KB1,HARQ,Default,200,0,1,50,0,2.4514,0.8,652.688
1424,KB1,HARQ,Default,200,0,1,50,0,2.5168,0.8,635.728
1425,KB1,HARQ,Default,200,0,1,50,0,2.3754,0.8,673.571
1426,KB1,HARQ,Default,200,0,1,50,0,2.3352,0.8,685.166
1427,KB1,HARQ,Default,200,0,1,50,0,2.2997,0.8,695.743
1428,KB1,HARQ,Default,200,0,1,50,0,2.2696,0.8,704.97
1429,KB1,HARQ,Default,200,0,1,50,0,2.2748,0.8,703.359
1430,KB1,HARQ,Default,200,0,1,50,0,2.5179,0.8,635.45
1431,KB1,HARQ,Default,200,0,1,50,0,2.3263,0.8,687.787
1432,KB1,HARQ,Default,200,0,1,50,0,2.3958,0.8,667.835
1433,KB1,HARQ,Default,200,0,1,50,0,2.2741,0.8,703.575
1434,KB1,HARQ,Default,200,0,1,50,0,2.277,0.8,702.679
1435,KB1,HARQ,Default,200,0,1,50,0,2.2764,0.8,702.864
1436,KB1,HARQ,Default,200,0,1,50,0,2.2743,0.8,703.513
1437,KB1,HARQ,Default,200,0,1,50,0,2.4115,0.8,663.487
1438,KB1,HARQ,Default,200,0,1,50,0,2.3083,0.8,693.151
1439,KB1,HARQ,Default,200,0,1,50,0,2.2682,0.8,705.405
1440,KB1,HARQ,Default,200,0,1,50,0,2.3376,0.8,684.463
1441,KB1,HARQ,Default,200,0,1,50,0,2.2748,0.8,703.359
1442,KB1,HARQ,Default,200,0,1,50,0,2.2732,0.8,703.854
1443,KB1,HARQ,Default,200,0,1,50,0,2.2734,0.8,703.792
1444,KB1,HARQ,Default,200,0,1,50,0,2.5259,0.8,633.438
1445,KB1,HARQ,Default,200,0,1,50,0,2.301,0.8,695.35
1446,KB1,HARQ,Default,200,0,1,50,0,2.2702,0.8,704.784
1447,KB1,HARQ,Default,200,0,1,50,0,2.3246,0.8,688.29
1448,KB1,HARQ,Default,200,0,1,50,0,2.2957,0.8,696.955
1449,KB1,HARQ,Default,200,0,1,50,0,2.2752,0.8,703.235
1450,KB1,HARQ,Default,200,0,1,50,0,2.2744,0.8,703.482
1451,KB1,HARQ,Default,200,0,1,50,0,2.5472,0.8,628.141
1452,KB1,HARQ,Default,200,0,1,50,0,2.2984,0.8,696.136
1453,KB1,HARQ,Default,200,0,1,50,0,2.2728,0.8,703.977
1454,KB1,HARQ,Default,200,0,1,50,0,2.3717,0.8,674.622
1455,KB1,HARQ,Default,200,0,1,50,0,2.3649,0.8,676.561
1456,KB1,HARQ,Default,200,0,1,50,0,2.3196,0.8,689.774
1457,KB1,HARQ,Default,200,0,1,50,0,2.3353,0.8,685.137
1458,KB1,HARQ,Default,200,0,1,50,0,2.6718,0.8,598.847
1459,KB1,HARQ,Default,200,0,1,50,0,2.332,0.8,686.106
1460,KB1,HARQ,Default,200,0,1,50,0,2.4319,0.8,657.922
1461,KB1,HARQ,Default,200,0,1,50,0,2.5821,0.8,619.651
1462,KB1,HARQ,Default,200,0,1,50,0,2.4403,0.8,655.657
1463,KB1,HARQ,Default,200,0,1,50,0,2.8706,0.8,557.375
1464,KB1,HARQ,Default,200,0,1,50,0,4.6085,0.8,347.185
1465,KB1,HARQ,Default,200,0,1,50,0,3.7052,0.8,431.826
1466,KB1,HARQ,Default,200,0,1,50,0,3.7862,0.8,422.587
1467,KB1,HARQ,Default,200,0,1,50,0,3.8307,0.8,417.678
1468,KB1,HARQ,Default,200,0,1,50,0,4.7089,0.8,339.782
1469,KB1,HARQ,Default,200,0,1,50,0,3.2099,0.8,498.458
1470,KB1,HARQ,Default,200,0,1,50,0,2.4401,0.8,655.711
1471,KB1,HARQ,Default,200,0,1,50,0,2.4444,0.8,654.557
1472,KB1,HARQ,Default,200,0,1,50,0,2.4514,0.8,652.688
1473,KB1,HARQ,Default,200,0,1,50,0,2.6037,0.8,614.51
1474,KB1,HARQ,Default,200,0,1,50,0,2.8794,0.8,555.671
1475,KB1,HARQ,Default,200,0,1,50,0,2.4597,0.8,650.486
1476,KB1,HARQ,Default,200,0,1,50,0,2.4578,0.8,650.989
1477,KB1,HARQ,Default,200,0,1,50,0,2.4348,0.8,657.138
1478,KB1,HARQ,Default,200,0,1,50,0,2.2761,0.8,702.957
1479,KB1,HARQ,Default,200,0,1,50,0,2.2899,0.8,698.72
1480,KB1,HARQ,Default,200,0,1,50,0,3.1679,0.8,505.066
1481,KB1,HARQ,Default,200,0,1,50,0,2.3012,0.8,695.289
1482,KB1,HARQ,Default,200,0,1,50,0,2.4251,0.8,659.767
1483,KB1,HARQ,Default,200,0,1,50,0,2.401,0.8,666.389
1484,KB1,HARQ,Default,200,0,1,50,0,2.4105,0.8,663.763
1485,KB1,HARQ,Default,200,0,1,50,0,2.3452,0.8,682.245
1486,KB1,HARQ,Default,200,0,1,50,0,2.8593,0.8,559.578
1487,KB1,HARQ,Default,200,0,1,50,0,2.6085,0.8,613.379
1488,KB1,HARQ,Default,200,0,1,50,0,2.342,0.8,683.177
1489,KB1,HARQ,Default,200,0,1,50,0,2.3273,0.8,687.492
1490,KB1,HARQ,Default,200,0,1,50,0,2.6497,0.8,603.842
1491,KB1,HARQ,Default,200,0,1,50,0,2.387,0.8,670.297
1492,KB1,HARQ,Default,200,0,1,50,0,2.6575,0.8,602.07
1493,KB1,HARQ,Default,200,0,1,50,0,2.5333,0.8,631.587
1494,KB1,HARQ,Default,200,0,1,50,0,2.3283,0.8,687.197
1495,KB1,HARQ,Default,200,0,1,50,0,2.4081,0.8,664.424
1496,KB1,HARQ,Default,200,0,1,50,0,2.3699,0.8,675.134
1497,KB1,HARQ,Default,200,0,1,50,0,2.3427,0.8,682.973
1498,KB1,HARQ,Default,200,0,1,50,0,2.4984,0.8,640.41
1499,KB1,HARQ,Default,200,0,1,50,0,3.0934,0.8,517.23
1500,KB1,HARQ,Default,200,0,1,50,0,2.3687,0.8,675.476
1501,KB1,HARQ,Default,200,0,1,50,0,2.5195,0.8,635.047
1502,KB1,HARQ,Default,200,0,1,50,0,2.3509,0.8,680.59
1503,KB1,HARQ,Default,200,0,1,50,0,2.3267,0.8,687.669
1504,KB1,HARQ,Default,200,0,1,50,0,2.2843,0.8,700.433
1505,KB1,HARQ,Default,200,0,1,50,0,2.443,0.8,654.932
1506,KB1,HARQ,Default,200,0,1,50,0,2.5785,0.8,620.516
1507,KB1,HARQ,Default,200,0,1,50,0,2.4224,0.8,660.502
1508,KB1,HARQ,Default,200,0,1,50,0,2.3098,0.8,692.701
1509,KB1,HARQ,Default,200,0,1,50,0,2.3449,0.8,682.332
1510,KB1,HARQ,Default,200,0,1,50,0,2.359,0.8,678.253
1511,KB1,HARQ,Default,200,0,1,50,0,2.333,0.8,685.812
1512,KB1,HARQ,Default,200,0,1,50,0,2.7965,0.8,572.144
1513,KB1,HARQ,Default,200,0,1,50,0,2.424,0.8,660.066
1514,KB1,HARQ,Default,200,0,1,50,0,2.4364,0.8,656.707
1515,KB1,HARQ,Default,200,0,1,50,0,2.4355,0.8,656.949
1516,KB1,HARQ,Default,200,0,1,50,0,2.3213,0.8,689.269
1517,KB1,HARQ,Default,200,0,1,50,0,2.3173,0.8,690.459
1518,KB1,HARQ,Default,200,0,1,50,0,2.6354,0.8,607.118
1519,KB1,HARQ,Default,200,0,1,50,0,2.6039,0.8,614.463
1520,KB1,HARQ,Default,200,0,1,50,0,2.3952,0.8,668.003
1521,KB1,HARQ,Default,200,0,1,50,0,2.3883,0.8,669.933
1522,KB1,HARQ,Default,200,0,1,50,0,2.3267,0.8,687.669
1523,KB1,HARQ,Default,200,0,1,50,0,2.3819,0.8,671.733
1524,KB1,HARQ,Default,200,0,1,50,0,2.2999,0.8,695.682
1525,KB1,HARQ,Default,200,0,1,50,0,2.6413,0.8,605.762
1526,KB1,HARQ,Default,200,0,1,50,0,2.3522,0.8,680.214
1527,KB1,HARQ,Default,200,0,1,50,0,2.3857,0.8,670.663
1528,KB1,HARQ,Default,200,0,1,50,0,2.2802,0.8,701.693
1529,KB1,HARQ,Default,200,0,1,50,0,2.3054,0.8,694.023
1530,KB1,HARQ,Default,200,0,1,50,0,2.3091,0.8,692.911
1531,KB1,HARQ,Default,200,0,1,50,0,2.2836,0.8,700.648
1532,KB1,HARQ,Default,200,0,1,50,0,2.5382,0.8,630.368
1533,KB1,HARQ,Default,200,0,1,50,0,2.2637,0.8,706.807
1534,KB1,HARQ,Default,200,0,1,50,0,2.4792,0.8,645.369
1535,KB1,HARQ,Default,200,0,1,50,0,2.362,0.8,677.392
1536,KB1,HARQ,Default,200,0,1,50,0,2.3136,0.8,691.563
1537,KB1,HARQ,Default,200,0,1,50,0,2.3118,0.8,692.101
1538,KB1,HARQ,Default,200,0,1,50,0,2.579,0.8,620.396
1539,KB1,HARQ,Default,200,0,1,50,0,2.3912,0.8,669.12
1540,KB1,HARQ,Default,200,0,1,50,0,2.3389,0.8,684.082
1541,KB1,HARQ,Default,200,0,1,50,0,2.3141,0.8,691.414
1542,KB1,HARQ,Default,200,0,1,50,0,2.3396,0.8,683.878
1543,KB1,HARQ,Default,200,0,1,50,0,2.3399,0.8,683.79
1544,KB1,HARQ,Default,200,0,1,50,0,2.3884,0.8,669.905
1545,KB1,HARQ,Default,200,0,1,50,0,2.6472,0.8,604.412
1546,KB1,HARQ,Default,200,0,1,50,0,2.3623,0.8,677.306
1547,KB1,HARQ,Default,200,0,1,50,0,2.3434,0.8,682.769
1548,KB1,HARQ,Default,200,0,1,50,0,2.3084,0.8,693.121
1549,KB1,HARQ,Default,200,0,1,50,0,2.3395,0.8,683.907
1550,KB1,HARQ,Default,200,0,1,50,0,2.356,0.8,679.117
1551,KB1,HARQ,Default,200,0,1,50,0,2.3373,0.8,684.551
1552,KB1,HARQ,Default,200,0,1,50,0,2.6199,0.8,610.71
1553,KB1,HARQ,Default,200,0,1,50,0,2.3591,0.8,678.225
1554,KB1,HARQ,Default,200,0,1,50,0,2.3151,0.8,691.115
1555,KB1,HARQ,Default,200,0,1,50,0,2.2707,0.8,704.629
1556,KB1,HARQ,Default,200,0,1,50,0,2.2713,0.8,704.442
1557,KB1,HARQ,Default,200,0,1,50,0,2.2817,0.8,701.232
1558,KB1,HARQ,Default,200,0,1,50,0,2.2874,0.8,699.484
1559,KB1,HARQ,Default,200,0,1,50,0,2.5043,0.8,638.901
1560,KB1,HARQ,Default,200,0,1,50,0,2.6983,0.8,592.966
1561,KB1,HARQ,Default,200,0,1,50,0,2.3711,0.8,674.792
1562,KB1,HARQ,Default,200,0,1,50,0,2.3632,0.8,677.048
1563,KB1,HARQ,Default,200,0,1,50,0,2.3537,0.8,679.781
1564,KB1,HARQ,Default,200,0,1,50,0,2.322,0.8,689.061
1565,KB1,HARQ,Default,200,0,1,50,0,2.6706,0.8,599.116
1566,KB1,HARQ,Default,200,0,1,50,0,2.3474,0.8,681.605
1567,KB1,HARQ,Default,200,0,1,50,0,2.3402,0.8,683.702
1568,KB1,HARQ,Default,200,0,1,50,0,2.3185,0.8,690.101
1569,KB1,HARQ,Default,200,0,1,50,0,2.3636,0.8,676.933
1570,KB1,HARQ,Default,200,0,1,50,0,2.4069,0.8,664.755
1571,KB1,HARQ,Default,200,0,1,50,0,2.3757,0.8,673.486
1572,KB1,HARQ,Default,200,0,1,50,0,2.5801,0.8,620.131
1573,KB1,HARQ,Default,200,0,1,50,0,2.3674,0.8,675.847
1574,KB1,HARQ,Default,200,0,1,50,0,2.3453,0.8,682.215
1575,KB1,HARQ,Default,200,0,1,50,0,2.3439,0.8,682.623
1576,KB1,HARQ,Default,200,0,1,50,0,2.3973,0.8,667.418
1577,KB1,HARQ,Default,200,0,1,50,0,2.3075,0.8,693.391
1578,KB1,HARQ,Default,200,0,1,50,0,2.3387,0.8,684.141
1579,KB1,HARQ,Default,200,0,1,50,0,2.5346,0.8,631.263
1580,KB1,HARQ,Default,200,0,1,50,0,2.2844,0.8,700.403
1581,KB1,HARQ,Default,200,0,1,50,0,2.2769,0.8,702.71
1582,KB1,HARQ,Default,200,0,1,50,0,2.2992,0.8,695.894
1583,KB1,HARQ,Default,200,0,1,50,0,2.2805,0.8,701.601
1584,KB1,HARQ,Default,200,0,1,50,0,2.2861,0.8,699.882
1585,KB1,HARQ,Default,200,0,1,50,0,2.3183,0.8,690.161
1586,KB1,HARQ,Default,200,0,1,50,0,2.3607,0.8,677.765
1587,KB1,HARQ,Default,200,0,1,50,0,2.3201,0.8,689.625
1588,KB1,HARQ,Default,200,0,1,50,0,2.297,0.8,696.561
1589,KB1,HARQ,Default,200,0,1,50,0,2.4146,0.8,662.636
1590,KB1,HARQ,Default,200,0,1,50,0,2.3363,0.8,684.844
1591,KB1,HARQ,Default,200,0,1,50,0,2.3286,0.8,687.108
1592,KB1,HARQ,Default,200,0,1,50,0,2.7103,0.8,590.341
1593,KB1,HARQ,Default,200,0,1,50,0,2.2838,0.8,700.587
1594,KB1,HARQ,Default,200,0,1,50,0,2.3126,0.8,691.862
1595,KB1,HARQ,Default,200,0,1,50,0,2.3974,0.8,667.39
1596,KB1,HARQ,Default,200,0,1,50,0,2.2833,0.8,700.74
1597,KB1,HARQ,Default,200,0,1,50,0,2.2958,0.8,696.925
1598,KB1,HARQ,Default,200,0,1,50,0,2.3105,0.8,692.491
1599,KB1,HARQ,Default,200,0,1,50,0,2.6809,0.8,596.815
1600,KB1,HARQ,Default,200,0,1,50,0,2.2834,0.8,700.709
1601,KB1,HARQ,Default,200,0,1,50,0,2.313,0.8,691.742
1602,KB1,HARQ,Default,200,0,1,50,0,2.3127,0.8,691.832
1603,KB1,HARQ,Default,200,0,1,50,0,2.2819,0.8,701.17
1604,KB1,HARQ,Default,200,0,1,50,0,2.3132,0.8,691.683
1605,KB1,HARQ,Default,200,0,1,50,0,2.6348,0.8,607.257
1606,KB1,HARQ,Default,200,0,1,50,0,3.3807,0.8,473.275
1607,KB1,HARQ,Default,200,0,1,50,0,2.291,0.8,698.385
1608,KB1,HARQ,Default,200,0,1,50,0,2.2884,0.8,699.178
1609,KB1,HARQ,Default,200,0,1,50,0,2.2625,0.8,707.182
1610,KB1,HARQ,Default,200,0,1,50,0,2.2817,0.8,701.232
1611,KB1,HARQ,Default,200,0,1,50,0,2.2753,0.8,703.204
1612,KB1,HARQ,Default,200,0,1,50,0,2.4176,0.8,661.813
1613,KB1,HARQ,Default,200,0,1,50,0,2.2975,0.8,696.409
1614,KB1,HARQ,Default,200,0,1,50,0,2.2572,0.8,708.843
1615,KB1,HARQ,Default,200,0,1,50,0,2.2596,0.8,708.09
1616,KB1,HARQ,Default,200,0,1,50,0,2.2598,0.8,708.027
1617,KB1,HARQ,Default,200,0,1,50,0,2.2565,0.8,709.063
1618,KB1,HARQ,Default,200,0,1,50,0,2.2665,0.8,705.934
1619,KB1,HARQ,Default,200,0,1,50,0,2.5558,0.8,626.027
1620,KB1,HARQ,Default,200,0,1,50,0,2.3668,0.8,676.018
1621,KB1,HARQ,Default,200,0,1,50,0,2.3007,0.8,695.441
1622,KB1,HARQ,Default,200,0,1,50,0,2.3007,0.8,695.441
1623,KB1,HARQ,Default,200,0,1,50,0,2.3323,0.8,686.018
1624,KB1,HARQ,Default,200,0,1,50,0,2.3079,0.8,693.271
1625,KB1,HARQ,Default,200,0,1,50,0,2.3144,0.8,691.324
1626,KB1,HARQ,Default,200,0,1,50,0,2.3982,0.8,667.167
1627,KB1,HARQ,Default,200,0,1,50,0,2.4677,0.8,648.377
1628,KB1,HARQ,Default,200,0,1,50,0,2.2653,0.8,706.308
1629,KB1,HARQ,Default,200,0,1,50,0,2.263,0.8,707.026
1630,KB1,HARQ,Default,200,0,1,50,0,2.3113,0.8,692.251
1631,KB1,HARQ,Default,200,0,1,50,0,2.2678,0.8,705.53
1632,KB1,HARQ,Default,200,0,1,50,0,2.2598,0.8,708.027
1633,KB1,HARQ,Default,200,0,1,50,0,2.3174,0.8,690.429
1634,KB1,HARQ,Default,200,0,1,50,0,2.2549,0.8,709.566
1635,KB1,HARQ,Default,200,0,1,50,0,2.2726,0.8,704.039
1636,KB1,HARQ,Default,200,0,1,50,0,2.2725,0.8,704.07
1637,KB1,HARQ,Default,200,0,1,50,0,2.2564,0.8,709.094
1638,KB1,HARQ,Default,200,0,1,50,0,2.2921,0.8,698.05
1639,KB1,HARQ,Default,200,0,1,50,0,2.3413,0.8,683.381
1640,KB1,HARQ,Default,200,0,1,50,0,2.3071,0.8,693.511
1641,KB1,HARQ,Default,200,0,1,50,0,2.2611,0.8,707.62
1642,KB1,HARQ,Default,200,0,1,50,0,2.2613,0.8,707.558
1643,KB1,HARQ,Default,200,0,1,50,0,2.2974,0.8,696.439
1644,KB1,HARQ,Default,200,0,1,50,0,2.2659,0.8,706.121
1645,KB1,HARQ,Default,200,0,1,50,0,2.3294,0.8,686.872
1646,KB1,HARQ,Default,200,0,1,50,0,2.27,0.8,704.846
1647,KB1,HARQ,Default,200,0,1,50,0,2.4069,0.8,664.755
1648,KB1,HARQ,Default,200,0,1,50,0,2.2784,0.8,702.247
1649,KB1,HARQ,Default,200,0,1,50,0,2.2641,0.8,706.683
1650,KB1,HARQ,Default,200,0,1,50,0,2.2654,0.8,706.277
1651,KB1,HARQ,Default,200,0,1,50,0,2.2557,0.8,709.314
1652,KB1,HARQ,Default,200,0,1,50,0,2.496,0.8,641.026
1653,KB1,HARQ,Default,200,0,1,50,0,2.2754,0.8,703.173
1654,KB1,HARQ,Default,200,0,1,50,0,2.3347,0.8,685.313
1655,KB1,HARQ,Default,200,0,1,50,0,2.2602,0.8,707.902
1656,KB1,HARQ,Default,200,0,1,50,0,2.2882,0.8,699.24
1657,KB1,HARQ,Default,200,0,1,50,0,2.2601,0.8,707.933
1658,KB1,HARQ,Default,200,0,1,50,0,2.2983,0.8,696.167
1659,KB1,HARQ,Default,200,0,1,50,0,2.2691,0.8,705.125
1660,KB1,HARQ,Default,200,0,1,50,0,2.285,0.8,700.219
1661,KB1,HARQ,Default,200,0,1,50,0,2.3325,0.8,685.959
1662,KB1,HARQ,Default,200,0,1,50,0,2.2587,0.8,708.372
1663,KB1,HARQ,Default,200,0,1,50,0,2.2598,0.8,708.027
1664,KB1,HARQ,Default,200,0,1,50,0,2.294,0.8,697.472
1665,KB1,HARQ,Default,200,0,1,50,0,2.2983,0.8,696.167
1666,KB1,HARQ,Default,200,0,1,50,0,2.2556,0.8,709.346
1667,KB1,HARQ,Default,200,0,1,50,0,2.2672,0.8,705.716
1668,KB1,HARQ,Default,200,0,1,50,0,2.3331,0.8,685.783
1669,KB1,HARQ,Default,200,0,1,50,0,2.4443,0.8,654.584
1670,KB1,HARQ,Default,200,0,1,50,0,2.2638,0.8,706.776
1671,KB1,HARQ,Default,200,0,1,50,0,2.2665,0.8,705.934
1672,KB1,HARQ,Default,200,0,1,50,0,2.3372,0.8,684.58
1673,KB1,HARQ,Default,200,0,1,50,0,2.2757,0.8,703.08
1674,KB1,HARQ,Default,200,0,1,50,0,2.2696,0.8,704.97
1675,KB1,HARQ,Default,200,0,1,50,0,2.2992,0.8,695.894
1676,KB1,HARQ,Default,200,0,1,50,0,2.2508,0.8,710.858
1677,KB1,HARQ,Default,200,0,1,50,0,2.2767,0.8,702.772
1678,KB1,HARQ,Default,200,0,1,50,0,2.2742,0.8,703.544
1679,KB1,HARQ,Default,200,0,1,50,0,2.4561,0.8,651.439
1680,KB1,HARQ,Default,200,0,1,50,0,2.4,0.8,666.667
1681,KB1,HARQ,Default,200,0,1,50,0,2.3315,0.8,686.253
1682,KB1,HARQ,Default,200,0,1,50,0,2.3784,0.8,672.721
1683,KB1,HARQ,Default,200,0,1,50,0,2.2608,0.8,707.714
1684,KB1,HARQ,Default,200,0,1,50,0,2.2612,0.8,707.589
1685,KB1,HARQ,Default,200,0,1,50,0,2.3501,0.8,680.822
1686,KB1,HARQ,Default,200,0,1,50,0,2.2664,0.8,705.965
1687,KB1,HARQ,Default,200,0,1,50,0,2.2761,0.8,702.957
1688,KB1,HARQ,Default,200,0,1,50,0,2.2542,0.8,709.786
1689,KB1,HARQ,Default,200,0,1,50,0,2.4369,0.8,656.572
1690,KB1,HARQ,Default,200,0,1,50,0,2.2702,0.8,704.784
1691,KB1,HARQ,Default,200,0,1,50,0,2.2665,0.8,705.934
1692,KB1,HARQ,Default,200,0,1,50,0,2.3066,0.8,693.662
1693,KB1,HARQ,Default,200,0,1,50,0,2.2864,0.8,699.79
1694,KB1,HARQ,Default,200,0,1,50,0,2.2549,0.8,709.566
1695,KB1,HARQ,Default,200,0,1,50,0,2.2774,0.8,702.556
1696,KB1,HARQ,Default,200,0,1,50,0,2.2868,0.8,699.668
1697,KB1,HARQ,Default,200,0,1,50,0,2.2777,0.8,702.463
1698,KB1,HARQ,Default,200,0,1,50,0,2.3009,0.8,695.38
1699,KB1,HARQ,Default,200,0,1,50,0,2.2726,0.8,704.039
1700,KB1,HARQ,Default,200,0,1,50,0,2.2878,0.8,699.362
1701,KB1,HARQ,Default,200,0,1,50,0,2.2826,0.8,700.955
1702,KB1,HARQ,Default,200,0,1,50,0,2.2806,0.8,701.57
1703,KB1,HARQ,Default,200,0,1,50,0,2.3572,0.8,678.771
1704,KB1,HARQ,Default,200,0,1,50,0,2.2723,0.8,704.132
1705,KB1,HARQ,Default,200,0,1,50,0,2.2922,0.8,698.019
1706,KB1,HARQ,Default,200,0,1,50,0,2.2751,0.8,703.266
1707,KB1,HARQ,Default,200,0,1,50,0,2.2698,0.8,704.908
1708,KB1,HARQ,Default,200,0,1,50,0,2.2708,0.8,704.597
1709,KB1,HARQ,Default,200,0,1,50,0,2.2654,0.8,706.277
1710,KB1,HARQ,Default,200,0,1,50,0,2.4278,0.8,659.033
1711,KB1,HARQ,Default,200,0,1,50,0,2.3434,0.8,682.769
1712,KB1,HARQ,Default,200,0,1,50,0,2.364,0.8,676.819
1713,KB1,HARQ,Default,200,0,1,50,0,2.3228,0.8,688.824
1714,KB1,HARQ,Default,200,0,1,50,0,2.3206,0.8,689.477
1715,KB1,HARQ,Default,200,0,1,50,0,2.2657,0.8,706.184
1716,KB1,HARQ,Default,200,0,1,50,0,2.2624,0.8,707.214
1717,KB1,HARQ,Default,200,0,1,50,0,2.4217,0.8,660.693
1718,KB1,HARQ,Default,200,0,1,50,0,2.313,0.8,691.742
1719,KB1,HARQ,Default,200,0,1,50,0,2.9401,0.8,544.199
1720,KB1,HARQ,Default,200,0,1,50,0,2.5753,0.8,621.287
1721,KB1,HARQ,Default,200,0,1,50,0,2.2956,0.8,696.986
1722,KB1,HARQ,Default,200,0,1,50,0,2.3232,0.8,688.705
1723,KB1,HARQ,Default,200,0,1,50,0,2.3287,0.8,687.079
1724,KB1,HARQ,Default,200,0,1,50,0,3.2044,0.8,499.313
1725,KB1,HARQ,Default,200,0,1,50,0,2.32,0.8,689.655
1726,KB1,HARQ,Default,200,0,1,50,0,2.8029,0.8,570.837
1727,KB1,HARQ,Default,200,0,1,50,0,2.4774,0.8,645.838
1728,KB1,HARQ,Default,200,0,1,50,0,2.2663,0.8,705.997
1729,KB1,HARQ,Default,200,0,1,50,0,2.2715,0.8,704.38
1730,KB1,HARQ,Default,200,0,1,50,0,2.7404,0.8,583.856
1731,KB1,HARQ,Default,200,0,1,50,0,2.2909,0.8,698.415
1732,KB1,HARQ,Default,200,0,1,50,0,2.6855,0.8,595.792
1733,KB1,HARQ,Default,200,0,1,50,0,2.5317,0.8,631.986
1734,KB1,HARQ,Default,200,0,1,50,0,2.2786,0.8,702.186
1735,KB1,HARQ,Default,200,0,1,50,0,2.344,0.8,682.594
1736,KB1,HARQ,Default,200,0,1,50,0,2.39,0.8,669.456
1737,KB1,HARQ,Default,200,0,1,50,0,2.3659,0.8,676.275
1738,KB1,HARQ,Default,200,0,1,50,0,2.4135,0.8,662.938
1739,KB1,HARQ,Default,200,0,1,50,0,2.5082,0.8,637.908
1740,KB1,HARQ,Default,200,0,1,50,0,2.535,0.8,631.164
1741,KB1,HARQ,Default,200,0,1,50,0,2.3567,0.8,678.915
1742,KB1,HARQ,Default,200,0,1,50,0,2.5239,0.8,633.94
1743,KB1,HARQ,Default,200,0,1,50,0,2.3422,0.8,683.118
1744,KB1,HARQ,Default,200,0,1,50,0,2.2588,0.8,708.341
1745,KB1,HARQ,Default,200,0,1,50,0,2.276,0.8,702.988
1746,KB1,HARQ,Default,200,0,1,50,0,2.2969,0.8,696.591
1747,KB1,HARQ,Default,200,0,1,50,0,2.3412,0.8,683.41
1748,KB1,HARQ,Default,200,0,1,50,0,2.2742,0.8,703.544
1749,KB1,HARQ,Default,200,0,1,50,0,2.2645,0.8,706.558
1750,KB1,HARQ,Default,200,0,1,50,0,2.5481,0.8,627.919
1751,KB1,HARQ,Default,200,0,1,50,0,2.3967,0.8,667.585
1752,KB1,HARQ,Default,200,0,1,50,0,2.3579,0.8,678.57
1753,KB1,HARQ,Default,200,0,1,50,0,2.2578,0.8,708.654
1754,KB1,HARQ,Default,200,0,1,50,0,2.3558,0.8,679.175
1755,KB1,HARQ,Default,200,0,1,50,0,2.2528,0.8,710.227
1756,KB1,HARQ,Default,200,0,1,50,0,2.2973,0.8,696.47
1757,KB1,HARQ,Default,200,0,1,50,0,2.2633,0.8,706.932
1758,KB1,HARQ,Default,200,0,1,50,0,2.2814,0.8,701.324
1759,KB1,HARQ,Default,200,0,1,50,0,2.2734,0.8,703.792
1760,KB1,HARQ,Default,200,0,1,50,0,2.3605,0.8,677.822
1761,KB1,HARQ,Default,200,0,1,50,0,2.302,0.8,695.048
1762,KB1,HARQ,Default,200,0,1,50,0,2.3776,0.8,672.948
1763,KB1,HARQ,Default,200,0,1,50,0,2.3219,0.8,689.091
1764,KB1,HARQ,Default,200,0,1,50,0,2.268,0.8,705.467
1765,KB1,HARQ,Default,200,0,1,50,0,2.2507,0.8,710.89
1766,KB1,HARQ,Default,200,0,1,50,0,2.267,0.8,705.779
1767,KB1,HARQ,Default,200,0,1,50,0,2.4452,0.8,654.343
1768,KB1,HARQ,Default,200,0,1,50,0,2.2697,0.8,704.939
1769,KB1,HARQ,Default,200,0,1,50,0,2.2603,0.8,707.871
1770,KB1,HARQ,Default,200,0,1,50,0,2.3043,0.8,694.354
1771,KB1,HARQ,Default,200,0,1,50,0,2.4327,0.8,657.705
1772,KB1,HARQ,Default,200,0,1,50,0,2.2693,0.8,705.063
1773,KB1,HARQ,Default,200,0,1,50,0,2.3149,0.8,691.175
1774,KB1,HARQ,Default,200,0,1,50,0,2.2799,0.8,701.785
1775,KB1,HARQ,Default,200,0,1,50,0,2.2818,0.8,701.201
1776,KB1,HARQ,Default,200,0,1,50,0,2.2708,0.8,704.597
1777,KB1,HARQ,Default,200,0,1,50,0,2.3169,0.8,690.578
1778,KB1,HARQ,Default,200,0,1,50,0,2.2599,0.8,707.996
1779,KB1,HARQ,Default,200,0,1,50,0,2.2797,0.8,701.847
1780,KB1,HARQ,Default,200,0,1,50,0,2.3141,0.8,691.414
1781,KB1,HARQ,Default,200,0,1,50,0,2.2705,0.8,704.691
1782,KB1,HARQ,Default,200,0,1,50,0,2.2694,0.8,705.032
1783,KB1,HARQ,Default,200,0,1,50,0,2.2804,0.8,701.631
1784,KB1,HARQ,Default,200,0,1,50,0,2.3316,0.8,686.224
1785,KB1,HARQ,Default,200,0,1,50,0,2.2604,0.8,707.839
1786,KB1,HARQ,Default,200,0,1,50,0,2.2674,0.8,705.654
1787,KB1,HARQ,Default,200,0,1,50,0,2.364,0.8,676.819
1788,KB1,HARQ,Default,200,0,1,50,0,2.2627,0.8,707.12
1789,KB1,HARQ,Default,200,0,1,50,0,2.2758,0.8,703.049
1790,KB1,HARQ,Default,200,0,1,50,0,2.2594,0.8,708.153
1791,KB1,HARQ,Default,200,0,1,50,0,2.3005,0.8,695.501
1792,KB1,HARQ,Default,200,0,1,50,0,2.3559,0.8,679.146
1793,KB1,HARQ,Default,200,0,1,50,0,2.3013,0.8,695.259
1794,KB1,HARQ,Default,200,0,1,50,0,2.2602,0.8,707.902
1795,KB1,HARQ,Default,200,0,1,50,0,2.2643,0.8,706.62
1796,KB1,HARQ,Default,200,0,1,50,0,2.2925,0.8,697.928
1797,KB1,HARQ,Default,200,0,1,50,0,2.2633,0.8,706.932
1798,KB1,HARQ,Default,200,0,1,50,0,2.3054,0.8,694.023
1799,KB1,HARQ,Default,200,0,1,50,0,2.2569,0.8,708.937
1800,KB1,HARQ,Default,200,0,1,50,0,2.4328,0.8,657.678
1801,KB1,HARQ,Default,200,0,1,50,0,2.2613,0.8,707.558
1802,KB1,HARQ,Default,200,0,1,50,0,2.2612,0.8,707.589
1803,KB1,HARQ,Default,200,0,1,50,0,2.4582,0.8,650.883
1804,KB1,HARQ,Default,200,0,1,50,0,2.4288,0.8,658.762
1805,KB1,HARQ,Default,200,0,1,50,0,2.3666,0.8,676.075
1806,KB1,HARQ,Default,200,0,1,50,0,2.2668,0.8,705.841
1807,KB1,HARQ,Default,200,0,1,50,0,2.2578,0.8,708.654
1808,KB1,HARQ,Default,200,0,1,50,0,2.2926,0.8,697.898
1809,KB1,HARQ,Default,200,0,1,50,0,2.2953,0.8,697.077
1810,KB1,HARQ,Default,200,0,1,50,0,2.2653,0.8,706.308
1811,KB1,HARQ,Default,200,0,1,50,0,2.2579,0.8,708.623
1812,KB1,HARQ,Default,200,0,1,50,0,2.3406,0.8,683.585
1813,KB1,HARQ,Default,200,0,1,50,0,2.4991,0.8,640.23
1814,KB1,HARQ,Default,200,0,1,50,0,2.2669,0.8,705.81
1815,KB1,HARQ,Default,200,0,1,50,0,2.2663,0.8,705.997
1816,KB1,HARQ,Default,200,0,1,50,0,2.2804,0.8,701.631
1817,KB1,HARQ,Default,200,0,1,50,0,2.2629,0.8,707.057
1818,KB1,HARQ,Default,200,0,1,50,0,2.2568,0.8,708.968
1819,KB1,HARQ,Default,200,0,1,50,0,2.3137,0.8,691.533
1820,KB1,HARQ,Default,200,0,1,50,0,2.3921,0.8,668.868
1821,KB1,HARQ,Default,200,0,1,50,0,2.2841,0.8,700.495
1822,KB1,HARQ,Default,200,0,1,50,0,2.2578,0.8,708.654
1823,KB1,HARQ,Default,200,0,1,50,0,2.2696,0.8,704.97
1824,KB1,HARQ,Default,200,0,1,50,0,2.2533,0.8,710.07
1825,KB1,HARQ,Default,200,0,1,50,0,2.2725,0.8,704.07
1826,KB1,HARQ,Default,200,0,1,50,0,2.2963,0.8,696.773
1827,KB1,HARQ,Default,200,0,1,50,0,2.2872,0.8,699.545
1828,KB1,HARQ,Default,200,0,1,50,0,2.2739,0.8,703.637
1829,KB1,HARQ,Default,200,0,1,50,0,2.2955,0.8,697.016
1830,KB1,HARQ,Default,200,0,1,50,0,2.2605,0.8,707.808
1831,KB1,HARQ,Default,200,0,1,50,0,2.2715,0.8,704.38
1832,KB1,HARQ,Default,200,0,1,50,0,2.2632,0.8,706.964
1833,KB1,HARQ,Default,200,0,1,50,0,2.3348,0.8,685.284
1834,KB1,HARQ,Default,200,0,1,50,0,2.3601,0.8,677.937
1835,KB1,HARQ,Default,200,0,1,50,0,2.2677,0.8,705.561
1836,KB1,HARQ,Default,200,0,1,50,0,2.2675,0.8,705.623
1837,KB1,HARQ,Default,200,0,1,50,0,2.2692,0.8,705.094
1838,KB1,HARQ,Default,200,0,1,50,0,2.6306,0.8,608.226
1839,KB1,HARQ,Default,200,0,1,50,0,2.4568,0.8,651.254
1840,KB1,HARQ,Default,200,0,1,50,0,2.3418,0.8,683.235
1841,KB1,HARQ,Default,200,0,1,50,0,2.355,0.8,679.406
1842,KB1,HARQ,Default,200,0,1,50,0,2.584,0.8,619.195
1843,KB1,HARQ,Default,200,0,1,50,0,2.5433,0.8,629.104
1844,KB1,HARQ,Default,200,0,1,50,0,2.4027,0.8,665.918
1845,KB1,HARQ,Default,200,0,1,50,0,2.2728,0.8,703.977
1846,KB1,HARQ,Default,200,0,1,50,0,2.4391,0.8,655.98
1847,KB1,HARQ,Default,200,0,1,50,0,2.3966,0.8,667.612
1848,KB1,HARQ,Default,200,0,1,50,0,2.3021,0.8,695.018
1849,KB1,HARQ,Default,200,0,1,50,0,2.2836,0.8,700.648
1850,KB1,HARQ,Default,200,0,1,50,0,2.2645,0.8,706.558
1851,KB1,HARQ,Default,200,0,1,50,0,2.3283,0.8,687.197
1852,KB1,HARQ,Default,200,0,1,50,0,2.3075,0.8,693.391
1853,KB1,HARQ,Default,200,0,1,50,0,2.2759,0.8,703.019
1854,KB1,HARQ,Default,200,0,1,50,0,2.6323,0.8,607.833
1855,KB1,HARQ,Default,200,0,1,50,0,2.325,0.8,688.172
1856,KB1,HARQ,Default,200,0,1,50,0,2.6139,0.8,612.112
1857,KB1,HARQ,Default,200,0,1,50,0,2.6425,0.8,605.487
1858,KB1,HARQ,Default,200,0,1,50,0,2.298,0.8,696.258
1859,KB1,HARQ,Default,200,0,1,50,0,2.2614,0.8,707.526
1860,KB1,HARQ,Default,200,0,1,50,0,2.3099,0.8,692.671
1861,KB1,HARQ,Default,200,0,1,50,0,2.4111,0.8,663.598
1862,KB1,HARQ,Default,200,0,1,50,0,2.4268,0.8,659.304
1863,KB1,HARQ,Default,200,0,1,50,0,2.6571,0.8,602.16
1864,KB1,HARQ,Default,200,0,1,50,0,2.427,0.8,659.25
1865,KB1,HARQ,Default,200,0,1,50,0,2.3526,0.8,680.099
1866,KB1,HARQ,Default,200,0,1,50,0,2.2718,0.8,704.287
1867,KB1,HARQ,Default,200,0,1,50,0,2.4441,0.8,654.638
1868,KB1,HARQ,Default,200,0,1,50,0,2.3153,0.8,691.055
1869,KB1,HARQ,Default,200,0,1,50,0,2.5229,0.8,634.191
1870,KB1,HARQ,Default,200,0,1,50,0,2.8211,0.8,567.155
1871,KB1,HARQ,Default,200,0,1,50,0,2.2738,0.8,703.668
1872,KB1,HARQ,Default,200,0,1,50,0,2.2777,0.8,702.463
1873,KB1,HARQ,Default,200,0,1,50,0,2.3984,0.8,667.111
1874,KB1,HARQ,Default,200,0,1,50,0,2.4607,0.8,650.221
1875,KB1,HARQ,Default,200,0,1,50,0,2.2626,0.8,707.151
1876,KB1,HARQ,Default,200,0,1,50,0,2.3776,0.8,672.948
1877,KB1,HARQ,Default,200,0,1,50,0,2.4439,0.8,654.691
1878,KB1,HARQ,Default,200,0,1,50,0,2.2806,0.8,701.57
1879,KB1,HARQ,Default,200,0,1,50,0,2.2525,0.8,710.322
1880,KB1,HARQ,Default,200,0,1,50,0,2.3057,0.8,693.932
1881,KB1,HARQ,Default,200,0,1,50,0,2.3007,0.8,695.441
1882,KB1,HARQ,Default,200,0,1,50,0,2.2779,0.8,702.401
1883,KB1,HARQ,Default,200,0,1,50,0,2.2952,0.8,697.107
1884,KB1,HARQ,Default,200,0,1,50,0,2.2714,0.8,704.411
1885,KB1,HARQ,Default,200,0,1,50,0,2.2642,0.8,706.651
1886,KB1,HARQ,Default,200,0,1,50,0,2.2867,0.8,699.698
1887,KB1,HARQ,Default,200,0,1,50,0,2.2904,0.8,698.568
1888,KB1,HARQ,Default,200,0,1,50,0,2.3812,0.8,671.93
1889,KB1,HARQ,Default,200,0,1,50,0,2.37,0.8,675.105
1890,KB1,HARQ,Default,200,0,1,50,0,2.2938,0.8,697.532
1891,KB1,HARQ,Default,200,0,1,50,0,2.2569,0.8,708.937
1892,KB1,HARQ,Default,200,0,1,50,0,2.2537,0.8,709.944
1893,KB1,HARQ,Default,200,0,1,50,0,2.288,0.8,699.301
1894,KB1,HARQ,Default,200,0,1,50,0,2.3867,0.8,670.382
1895,KB1,HARQ,Default,200,0,1,50,0,2.3329,0.8,685.842
1896,KB1,HARQ,Default,200,0,1,50,0,2.3332,0.8,685.753
1897,KB1,HARQ,Default,200,0,1,50,0,2.32,0.8,689.655
1898,KB1,HARQ,Default,200,0,1,50,0,2.3001,0.8,695.622
1899,KB1,HARQ,Default,200,0,1,50,0,2.2673,0.8,705.685
1900,KB1,HARQ,Default,200,0,1,50,0,2.2608,0.8,707.714
1901,KB1,HARQ,Default,200,0,1,50,0,2.2989,0.8,695.985
1902,KB1,HARQ,Default,200,0,1,50,0,2.363,0.8,677.105
1903,KB1,HARQ,Default,200,0,1,50,0,2.5352,0.8,631.114
1904,KB1,HARQ,Default,200,0,1,50,0,2.3287,0.8,687.079
1905,KB1,HARQ,Default,200,0,1,50,0,2.2585,0.8,708.435
1906,KB1,HARQ,Default,200,0,1,50,0,2.2896,0.8,698.812
1907,KB1,HARQ,Default,200,0,1,50,0,2.2836,0.8,700.648
1908,KB1,HARQ,Default,200,0,1,50,0,2.3886,0.8,669.848
1909,KB1,HARQ,Default,200,0,1,50,0,2.2576,0.8,708.717
1910,KB1,HARQ,Default,200,0,1,50,0,2.2715,0.8,704.38
1911,KB1,HARQ,Default,200,0,1,50,0,2.275,0.8,703.297
1912,KB1,HARQ,Default,200,0,1,50,0,2.2661,0.8,706.059
1913,KB1,HARQ,Default,200,0,1,50,0,2.2632,0.8,706.964
1914,KB1,HARQ,Default,200,0,1,50,0,2.2556,0.8,709.346
1915,KB1,HARQ,Default,200,0,1,50,0,2.4853,0.8,643.785
1916,KB1,HARQ,Default,200,0,1,50,0,2.2905,0.8,698.537
1917,KB1,HARQ,Default,200,0,1,50,0,2.2571,0.8,708.874
1918,KB1,HARQ,Default,200,0,1,50,0,2.2699,0.8,704.877
1919,KB1,HARQ,Default,200,0,1,50,0,2.2797,0.8,701.847
1920,KB1,HARQ,Default,200,0,1,50,0,2.2726,0.8,704.039
1921,KB1,HARQ,Default,200,0,1,50,0,2.3066,0.8,693.662
1922,KB1,HARQ,Default,200,0,1,50,0,2.2887,0.8,699.087
1923,KB1,HARQ,Default,200,0,1,50,0,2.2881,0.8,699.27
1924,KB1,HARQ,Default,200,0,1,50,0,2.2591,0.8,708.247
1925,KB1,HARQ,Default,200,0,1,50,0,2.2598,0.8,708.027
1926,KB1,HARQ,Default,200,0,1,50,0,2.261,0.8,707.651
1927,KB1,HARQ,Default,200,0,1,50,0,2.4545,0.8,651.864
1928,KB1,HARQ,Default,200,0,1,50,0,2.2687,0.8,705.25
1929,KB1,HARQ,Default,200,0,1,50,0,2.3165,0.8,690.697
1930,KB1,HARQ,Default,200,0,1,50,0,2.2931,0.8,697.745
1931,KB1,HARQ,Default,200,0,1,50,0,2.2969,0.8,696.591
1932,KB1,HARQ,Default,200,0,1,50,0,2.2775,0.8,702.525
1933,KB1,HARQ,Default,200,0,1,50,0,2.2664,0.8,705.965
1934,KB1,HARQ,Default,200,0,1,50,0,2.5637,0.8,624.098
1935,KB1,HARQ,Default,200,0,1,50,0,2.3082,0.8,693.181
1936,KB1,HARQ,Default,200,0,1,50,0,2.4327,0.8,657.705
1937,KB1,HARQ,Default,200,0,1,50,0,2.2591,0.8,708.247
1938,KB1,HARQ,Default,200,0,1,50,0,2.2554,0.8,709.409
1939,KB1,HARQ,Default,200,0,1,50,0,2.2549,0.8,709.566
1940,KB1,HARQ,Default,200,0,1,50,0,2.3923,0.8,668.812
1941,KB1,HARQ,Default,200,0,1,50,0,2.3073,0.8,693.451
1942,KB1,HARQ,Default,200,0,1,50,0,2.2789,0.8,702.093
1943,KB1,HARQ,Default,200,0,1,50,0,2.6074,0.8,613.638
1944,KB1,HARQ,Default,200,0,1,50,0,2.4305,0.8,658.301
1945,KB1,HARQ,Default,200,0,1,50,0,2.2674,0.8,705.654
1946,KB1,HARQ,Default,200,0,1,50,0,2.2636,0.8,706.839
1947,KB1,HARQ,Default,200,0,1,50,0,2.334,0.8,685.518
1948,KB1,HARQ,Default,200,0,1,50,0,2.3175,0.8,690.399
1949,KB1,HARQ,Default,200,0,1,50,0,2.2791,0.8,702.032
1950,KB1,HARQ,Default,200,0,1,50,0,2.2876,0.8,699.423
1951,KB1,HARQ,Default,200,0,1,50,0,2.2699,0.8,704.877
1952,KB1,HARQ,Default,200,0,1,50,0,2.2664,0.8,705.965
1953,KB1,HARQ,Default,200,0,1,50,0,2.3163,0.8,690.757
1954,KB1,HARQ,Default,200,0,1,50,0,2.6955,0.8,593.582
1955,KB1,HARQ,Default,200,0,1,50,0,2.3335,0.8,685.665
1956,KB1,HARQ,Default,200,0,1,50,0,2.3057,0.8,693.932
1957,KB1,HARQ,Default,200,0,1,50,0,2.3787,0.8,672.636
1958,KB1,HARQ,Default,200,0,1,50,0,2.268,0.8,705.467
1959,KB1,HARQ,Default,200,0,1,50,0,2.2744,0.8,703.482
1960,KB1,HARQ,Default,200,0,1,50,0,2.3161,0.8,690.816
1961,KB1,HARQ,Default,200,0,1,50,0,2.2612,0.8,707.589
1962,KB1,HARQ,Default,200,0,1,50,0,2.2684,0.8,705.343
1963,KB1,HARQ,Default,200,0,1,50,0,2.2879,0.8,699.331
1964,KB1,HARQ,Default,200,0,1,50,0,2.3078,0.8,693.301
1965,KB1,HARQ,Default,200,0,1,50,0,2.2688,0.8,705.219
1966,KB1,HARQ,Default,200,0,1,50,0,2.2873,0.8,699.515
1967,KB1,HARQ,Default,200,0,1,50,0,2.2646,0.8,706.527
1968,KB1,HARQ,Default,200,0,1,50,0,2.2658,0.8,706.152
1969,KB1,HARQ,Default,200,0,1,50,0,2.2998,0.8,695.713
1970,KB1,HARQ,Default,200,0,1,50,0,2.2861,0.8,699.882
1971,KB1,HARQ,Default,200,0,1,50,0,2.2788,0.8,702.124
1972,KB1,HARQ,Default,200,0,1,50,0,2.2733,0.8,703.823
1973,KB1,HARQ,Default,200,0,1,50,0,2.2967,0.8,696.652
1974,KB1,HARQ,Default,200,0,1,50,0,2.2865,0.8,699.759
1975,KB1,HARQ,Default,200,0,1,50,0,2.2748,0.8,703.359
1976,KB1,HARQ,Default,200,0,1,50,0,2.2793,0.8,701.97
1977,KB1,HARQ,Default,200,0,1,50,0,2.2907,0.8,698.476
1978,KB1,HARQ,Default,200,0,1,50,0,2.3692,0.8,675.333
1979,KB1,HARQ,Default,200,0,1,50,0,2.3886,0.8,669.848
1980,KB1,HARQ,Default,200,0,1,50,0,2.3493,0.8,681.054
1981,KB1,HARQ,Default,200,0,1,50,0,2.3048,0.8,694.203
1982,KB1,HARQ,Default,200,0,1,50,0,2.3315,0.8,686.253
1983,KB1,HARQ,Default,200,0,1,50,0,2.2661,0.8,706.059
1984,KB1,HARQ,Default,200,0,1,50,0,2.3075,0.8,693.391
1985,KB1,HARQ,Default,200,0,1,50,0,2.4453,0.8,654.316
1986,KB1,HARQ,Default,200,0,1,50,0,2.3165,0.8,690.697
1987,KB1,HARQ,Default,200,0,1,50,0,2.9293,0.8,546.206
1988,KB1,HARQ,Default,200,0,1,50,0,2.5576,0.8,625.586
1989,KB1,HARQ,Default,200,0,1,50,0,2.292,0.8,698.08
1990,KB1,HARQ,Default,200,0,1,50,0,2.2692,0.8,705.094
1991,KB1,HARQ,Default,200,0,1,50,0,2.3585,0.8,678.397
1992,KB1,HARQ,Default,200,0,1,50,0,2.5143,0.8,636.36
1993,KB1,HARQ,Default,200,0,1,50,0,2.6193,0.8,610.85
1994,KB1,HARQ,Default,200,0,1,50,0,2.4606,0.8,650.248
1995,KB1,HARQ,Default,200,0,1,50,0,2.2578,0.8,708.654
1996,KB1,HARQ,Default,200,0,1,50,0,2.2626,0.8,707.151
1997,KB1,HARQ,Default,200,0,1,50,0,2.4274,0.8,659.141
1998,KB1,HARQ,Default,200,0,1,50,0,2.6672,0.8,599.88
1999,KB1,HARQ,Default,200,0,1,50,0,2.4875,0.8,643.216
2000,KB1,HARQ,Default,200,0,1,50,0,3.4115,0.8,469.002
2001,KB1,ARQ,Default,200,1,0,50,32,2.3886,0.487805,669.848
2002,KB1,ARQ,Default,200,1,0,50,32,2.1968,0.487805,728.332
2003,KB1,ARQ,Default,200,1,0,50,32,2.2667,0.487805,705.872
2004,KB1,ARQ,Default,200,1,0,50,32,2.4093,0.487805,664.093
2005,KB1,ARQ,Default,200,1,0,50,32,2.4135,0.487805,662.938
2006,KB1,ARQ,Default,200,1,0,50,32,2.3599,0.487805,677.995
2007,KB1,ARQ,Default,200,1,0,50,32,2.303,0.487805,694.746
2008,KB1,ARQ,Default,200,1,0,50,32,2.2016,0.487805,726.744
2009,KB1,ARQ,Default,200,1,0,50,32,2.1918,0.487805,729.994
2010,KB1,ARQ,Default,200,1,0,50,32,2.1932,0.487805,729.528
2011,KB1,ARQ,Default,200,1,0,50,32,2.201,0.487805,726.942
2012,KB1,ARQ,Default,200,1,0,50,32,2.2022,0.487805,726.546
2013,KB1,ARQ,Default,200,1,0,50,32,2.2221,0.487805,720.04
2014,KB1,ARQ,Default,200,1,0,50,32,2.1579,0.487805,741.462
2015,KB1,ARQ,Default,200,1,0,50,32,2.2138,0.487805,722.739
2016,KB1,ARQ,Default,200,1,0,50,32,2.1752,0.487805,735.565
2017,KB1,ARQ,Default,200,1,0,50,32,2.2011,0.487805,726.909
2018,KB1,ARQ,Default,200,1,0,50,32,2.1737,0.487805,736.072
2019,KB1,ARQ,Default,200,1,0,50,32,2.1657,0.487805,738.791
2020,KB1,ARQ,Default,200,1,0,50,32,2.1584,0.487805,741.29
2021,KB1,ARQ,Default,200,1,0,50,32,2.2443,0.487805,712.917
2022,KB1,ARQ,Default,200,1,0,50,32,2.137,0.487805,748.713
2023,KB1,ARQ,Default,200,1,0,50,32,2.1326,0.487805,750.258
2024,KB1,ARQ,Default,200,1,0,50,32,2.1486,0.487805,744.671
2025,KB1,ARQ,Default,200,1,0,50,32,2.1362,0.487805,748.994
2026,KB1,ARQ,Default,200,1,0,50,32,2.1459,0.487805,745.608
2027,KB1,ARQ,Default,200,1,0,50,32,2.1376,0.487805,748.503
2028,KB1,ARQ,Default,200,1,0,50,32,2.1362,0.487805,748.994
2029,KB1,ARQ,Default,200,1,0,50,32,2.1289,0.487805,751.562
2030,KB1,ARQ,Default,200,1,0,50,32,2.1378,0.487805,748.433
2031,KB1,ARQ,Default,200,1,0,50,32,2.1543,0.487805,742.701
2032,KB1,ARQ,Default,200,1,0,50,32,2.1811,0.487805,733.575
2033,KB1,ARQ,Default,200,1,0,50,32,2.1391,0.487805,747.978
2034,KB1,ARQ,Default,200,1,0,50,32,2.1449,0.487805,745.956
2035,KB1,ARQ,Default,200,1,0,50,32,2.1263,0.487805,752.481
2036,KB1,ARQ,Default,200,1,0,50,32,2.1866,0.487805,731.73
2037,KB1,ARQ,Default,200,1,0,50,32,2.1491,0.487805,744.498
2038,KB1,ARQ,Default,200,1,0,50,32,2.1416,0.487805,747.105
2039,KB1,ARQ,Default,200,1,0,50,32,2.1266,0.487805,752.375
2040,KB1,ARQ,Default,200,1,0,50,32,2.1423,0.487805,746.861
2041,KB1,ARQ,Default,200,1,0,50,32,2.1412,0.487805,747.245
2042,KB1,ARQ,Default,200,1,0,50,32,2.1256,0.487805,752.729
2043,KB1,ARQ,Default,200,1,0,50,32,2.1383,0.487805,748.258
2044,KB1,ARQ,Default,200,1,0,50,32,2.1374,0.487805,748.573
2045,KB1,ARQ,Default,200,1,0,50,32,2.1594,0.487805,740.947
2046,KB1,ARQ,Default,200,1,0,50,32,2.1339,0.487805,749.801
2047,KB1,ARQ,Default,200,1,0,50,32,2.144,0.487805,746.269
2048,KB1,ARQ,Default,200,1,0,50,32,2.1305,0.487805,750.997
2049,KB1,ARQ,Default,200,1,0,50,32,2.1441,0.487805,746.234
2050,KB1,ARQ,Default,200,1,0,50,32,2.1381,0.487805,748.328
2051,KB1,ARQ,Default,200,1,0,50,32,2.1411,0.487805,747.279
2052,KB1,ARQ,Default,200,1,0,50,32,2.1406,0.487805,747.454
2053,KB1,ARQ,Default,200,1,0,50,32,2.1559,0.487805,742.149
2054,KB1,ARQ,Default,200,1,0,50,32,2.1393,0.487805,747.908
2055,KB1,ARQ,Default,200,1,0,50,32,2.1578,0.487805,741.496
2056,KB1,ARQ,Default,200,1,0,50,32,2.1416,0.487805,747.105
2057,KB1,ARQ,Default,200,1,0,50,32,2.144,0.487805,746.269
2058,KB1,ARQ,Default,200,1,0,50,32,2.1482,0.487805,744.81
2059,KB1,ARQ,Default,200,1,0,50,32,2.1422,0.487805,746.896
2060,KB1,ARQ,Default,200,1,0,50,32,2.1283,0.487805,751.774
2061,KB1,ARQ,Default,200,1,0,50,32,2.1302,0.487805,751.103
2062,KB1,ARQ,Default,200,1,0,50,32,2.1265,0.487805,752.41
2063,KB1,ARQ,Default,200,1,0,50,32,2.1326,0.487805,750.258
2064,KB1,ARQ,Default,200,1,0,50,32,2.1333,0.487805,750.012
2065,KB1,ARQ,Default,200,1,0,50,32,2.1321,0.487805,750.434
2066,KB1,ARQ,Default,200,1,0,50,32,2.1509,0.487805,743.875
2067,KB1,ARQ,Default,200,1,0,50,32,2.133,0.487805,750.117
2068,KB1,ARQ,Default,200,1,0,50,32,2.1421,0.487805,746.931
2069,KB1,ARQ,Default,200,1,0,50,32,2.1329,0.487805,750.152
2070,KB1,ARQ,Default,200,1,0,50,32,2.1375,0.487805,748.538
2071,KB1,ARQ,Default,200,1,0,50,32,2.1409,0.487805,747.349
2072,KB1,ARQ,Default,200,1,0,50,32,2.1591,0.487805,741.05
2073,KB1,ARQ,Default,200,1,0,50,32,2.1425,0.487805,746.791
2074,KB1,ARQ,Default,200,1,0,50,32,2.1413,0.487805,747.21
2075,KB1,ARQ,Default,200,1,0,50,32,2.1311,0.487805,750.786
2076,KB1,ARQ,Default,200,1,0,50,32,2.1488,0.487805,744.602
2077,KB1,ARQ,Default,200,1,0,50,32,2.1305,0.487805,750.997
2078,KB1,ARQ,Default,200,1,0,50,32,2.1393,0.487805,747.908
2079,KB1,ARQ,Default,200,1,0,50,32,2.1336,0.487805,749.906
2080,KB1,ARQ,Default,200,1,0,50,32,2.1348,0.487805,749.485
2081,KB1,ARQ,Default,200,1,0,50,32,2.131,0.487805,750.821
2082,KB1,ARQ,Default,200,1,0,50,32,2.1373,0.487805,748.608
2083,KB1,ARQ,Default,200,1,0,50,32,2.1321,0.487805,750.434
2084,KB1,ARQ,Default,200,1,0,50,32,2.1371,0.487805,748.678
2085,KB1,ARQ,Default,200,1,0,50,32,2.1473,0.487805,745.122
2086,KB1,ARQ,Default,200,1,0,50,32,2.1397,0.487805,747.768
2087,KB1,ARQ,Default,200,1,0,50,32,2.142,0.487805,746.965
2088,KB1,ARQ,Default,200,1,0,50,32,2.1315,0.487805,750.645
2089,KB1,ARQ,Default,200,1,0,50,32,2.1494,0.487805,744.394
2090,KB1,ARQ,Default,200,1,0,50,32,2.1375,0.487805,748.538
2091,KB1,ARQ,Default,200,1,0,50,32,2.1382,0.487805,748.293
2092,KB1,ARQ,Default,200,1,0,50,32,2.1677,0.487805,738.11
2093,KB1,ARQ,Default,200,1,0,50,32,2.1944,0.487805,729.129
2094,KB1,ARQ,Default,200,1,0,50,32,2.1736,0.487805,736.106
2095,KB1,ARQ,Default,200,1,0,50,32,2.1402,0.487805,747.594
2096,KB1,ARQ,Default,200,1,0,50,32,2.1377,0.487805,748.468
2097,KB1,ARQ,Default,200,1,0,50,32,2.1365,0.487805,748.888
2098,KB1,ARQ,Default,200,1,0,50,32,2.1319,0.487805,750.504
2099,KB1,ARQ,Default,200,1,0,50,32,2.1381,0.487805,748.328
2100,KB1,ARQ,Default,200,1,0,50,32,2.1435,0.487805,746.443
2101,KB1,ARQ,Default,200,1,0,50,32,2.1296,0.487805,751.315
2102,KB1,ARQ,Default,200,1,0,50,32,2.1447,0.487805,746.025
2103,KB1,ARQ,Default,200,1,0,50,32,2.1454,0.487805,745.782
2104,KB1,ARQ,Default,200,1,0,50,32,2.131,0.487805,750.821
2105,KB1,ARQ,Default,200,1,0,50,32,2.1286,0.487805,751.668
2106,KB1,ARQ,Default,200,1,0,50,32,2.1375,0.487805,748.538
2107,KB1,ARQ,Default,200,1,0,50,32,2.1317,0.487805,750.575
2108,KB1,ARQ,Default,200,1,0,50,32,2.2583,0.487805,708.498
2109,KB1,ARQ,Default,200,1,0,50,32,2.2512,0.487805,710.732
2110,KB1,ARQ,Default,200,1,0,50,32,2.1392,0.487805,747.943
2111,KB1,ARQ,Default,200,1,0,50,32,2.1319,0.487805,750.504
2112,KB1,ARQ,Default,200,1,0,50,32,2.1466,0.487805,745.365
2113,KB1,ARQ,Default,200,1,0,50,32,2.1391,0.487805,747.978
2114,KB1,ARQ,Default,200,1,0,50,32,2.14,0.487805,747.664
2115,KB1,ARQ,Default,200,1,0,50,32,2.1609,0.487805,740.432
2116,KB1,ARQ,Default,200,1,0,50,32,2.1909,0.487805,730.293
2117,KB1,ARQ,Default,200,1,0,50,32,2.1323,0.487805,750.363
2118,KB1,ARQ,Default,200,1,0,50,32,2.1317,0.487805,750.575
2119,KB1,ARQ,Default,200,1,0,50,32,2.1353,0.487805,749.309
2120,KB1,ARQ,Default,200,1,0,50,32,2.1656,0.487805,738.825
2121,KB1,ARQ,Default,200,1,0,50,32,2.1494,0.487805,744.394
2122,KB1,ARQ,Default,200,1,0,50,32,2.1697,0.487805,737.429
2123,KB1,ARQ,Default,200,1,0,50,32,2.1447,0.487805,746.025
2124,KB1,ARQ,Default,200,1,0,50,32,2.1314,0.487805,750.68
2125,KB1,ARQ,Default,200,1,0,50,32,2.1394,0.487805,747.873
2126,KB1,ARQ,Default,200,1,0,50,32,2.1479,0.487805,744.914
2127,KB1,ARQ,Default,200,1,0,50,32,2.1436,0.487805,746.408
2128,KB1,ARQ,Default,200,1,0,50,32,2.1522,0.487805,743.425
2129,KB1,ARQ,Default,200,1,0,50,32,2.5845,0.487805,619.075
2130,KB1,ARQ,Default,200,1,0,50,32,2.9443,0.487805,543.423
2131,KB1,ARQ,Default,200,1,0,50,32,2.9375,0.487805,544.681
2132,KB1,ARQ,Default,200,1,0,50,32,2.7981,0.487805,571.817
2133,KB1,ARQ,Default,200,1,0,50,32,2.2711,0.487805,704.504
2134,KB1,ARQ,Default,200,1,0,50,32,2.2731,0.487805,703.885
2135,KB1,ARQ,Default,200,1,0,50,32,2.1434,0.487805,746.478
2136,KB1,ARQ,Default,200,1,0,50,32,2.1427,0.487805,746.721
2137,KB1,ARQ,Default,200,1,0,50,32,2.157,0.487805,741.771
2138,KB1,ARQ,Default,200,1,0,50,32,2.1498,0.487805,744.255
2139,KB1,ARQ,Default,200,1,0,50,32,2.1387,0.487805,748.118
2140,KB1,ARQ,Default,200,1,0,50,32,2.1567,0.487805,741.874
2141,KB1,ARQ,Default,200,1,0,50,32,2.183,0.487805,732.936
2142,KB1,ARQ,Default,200,1,0,50,32,2.1463,0.487805,745.469
2143,KB1,ARQ,Default,200,1,0,50,32,2.1404,0.487805,747.524
2144,KB1,ARQ,Default,200,1,0,50,32,2.1491,0.487805,744.498
2145,KB1,ARQ,Default,200,1,0,50,32,2.1415,0.487805,747.14
2146,KB1,ARQ,Default,200,1,0,50,32,2.1454,0.487805,745.782
2147,KB1,ARQ,Default,200,1,0,50,32,2.139,0.487805,748.013
2148,KB1,ARQ,Default,200,1,0,50,32,2.1404,0.487805,747.524
2149,KB1,ARQ,Default,200,1,0,50,32,2.1367,0.487805,748.818
2150,KB1,ARQ,Default,200,1,0,50,32,2.158,0.487805,741.427
2151,KB1,ARQ,Default,200,1,0,50,32,2.1427,0.487805,746.721
2152,KB1,ARQ,Default,200,1,0,50,32,2.149,0.487805,744.532
2153,KB1,ARQ,Default,200,1,0,50,32,2.1672,0.487805,738.28
2154,KB1,ARQ,Default,200,1,0,50,32,2.162,0.487805,740.056
2155,KB1,ARQ,Default,200,1,0,50,32,2.1545,0.487805,742.632
2156,KB1,ARQ,Default,200,1,0,50,32,2.1604,0.487805,740.604
2157,KB1,ARQ,Default,200,1,0,50,32,2.1401,0.487805,747.629
2158,KB1,ARQ,Default,200,1,0,50,32,2.1513,0.487805,743.736
2159,KB1,ARQ,Default,200,1,0,50,32,2.1562,0.487805,742.046
2160,KB1,ARQ,Default,200,1,0,50,32,2.1409,0.487805,747.349
2161,KB1,ARQ,Default,200,1,0,50,32,2.1388,0.487805,748.083
2162,KB1,ARQ,Default,200,1,0,50,32,2.1714,0.487805,736.852
2163,KB1,ARQ,Default,200,1,0,50,32,2.1323,0.487805,750.363
2164,KB1,ARQ,Default,200,1,0,50,32,2.1588,0.487805,741.152
2165,KB1,ARQ,Default,200,1,0,50,32,2.1365,0.487805,748.888
2166,KB1,ARQ,Default,200,1,0,50,32,2.1502,0.487805,744.117
2167,KB1,ARQ,Default,200,1,0,50,32,2.1415,0.487805,747.14
2168,KB1,ARQ,Default,200,1,0,50,32,2.1445,0.487805,746.095
2169,KB1,ARQ,Default,200,1,0,50,32,2.1619,0.487805,740.09
2170,KB1,ARQ,Default,200,1,0,50,32,2.1421,0.487805,746.931
2171,KB1,ARQ,Default,200,1,0,50,32,2.1344,0.487805,749.625
2172,KB1,ARQ,Default,200,1,0,50,32,2.1414,0.487805,747.175
2173,KB1,ARQ,Default,200,1,0,50,32,2.13,0.487805,751.174
2174,KB1,ARQ,Default,200,1,0,50,32,2.1558,0.487805,742.184
2175,KB1,ARQ,Default,200,1,0,50,32,2.1427,0.487805,746.721
2176,KB1,ARQ,Default,200,1,0,50,32,2.1318,0.487805,750.539
2177,KB1,ARQ,Default,200,1,0,50,32,2.1492,0.487805,744.463
2178,KB1,ARQ,Default,200,1,0,50,32,2.1316,0.487805,750.61
2179,KB1,ARQ,Default,200,1,0,50,32,2.1308,0.487805,750.892
2180,KB1,ARQ,Default,200,1,0,50,32,2.1405,0.487805,747.489
2181,KB1,ARQ,Default,200,1,0,50,32,2.1327,0.487805,750.223
2182,KB1,ARQ,Default,200,1,0,50,32,2.1327,0.487805,750.223
2183,KB1,ARQ,Default,200,1,0,50,32,2.142,0.487805,746.965
2184,KB1,ARQ,Default,200,1,0,50,32,2.1299,0.487805,751.209
2185,KB1,ARQ,Default,200,1,0,50,32,2.1286,0.487805,751.668
2186,KB1,ARQ,Default,200,1,0,50,32,2.131,0.487805,750.821
2187,KB1,ARQ,Default,200,1,0,50,32,2.1289,0.487805,751.562
2188,KB1,ARQ,Default,200,1,0,50,32,2.1437,0.487805,746.373
2189,KB1,ARQ,Default,200,1,0,50,32,2.1492,0.487805,744.463
2190,KB1,ARQ,Default,200,1,0,50,32,2.6259,0.487805,609.315
2191,KB1,ARQ,Default,200,1,0,50,32,2.1915,0.487805,730.094
2192,KB1,ARQ,Default,200,1,0,50,32,2.1532,0.487805,743.08
2193,KB1,ARQ,Default,200,1,0,50,32,2.1339,0.487805,749.801
2194,KB1,ARQ,Default,200,1,0,50,32,2.1346,0.487805,749.555
2195,KB1,ARQ,Default,200,1,0,50,32,2.1448,0.487805,745.99
2196,KB1,ARQ,Default,200,1,0,50,32,2.183,0.487805,732.936
2197,KB1,ARQ,Default,200,1,0,50,32,2.1709,0.487805,737.022
2198,KB1,ARQ,Default,200,1,0,50,32,2.1484,0.487805,744.74
2199,KB1,ARQ,Default,200,1,0,50,32,2.1605,0.487805,740.569
2200,KB1,ARQ,Default,200,1,0,50,32,2.1586,0.487805,741.221
2201,KB1,ARQ,Default,200,1,0,50,32,2.1386,0.487805,748.153
2202,KB1,ARQ,Default,200,1,0,50,32,2.1364,0.487805,748.923
2203,KB1,ARQ,Default,200,1,0,50,32,2.1566,0.487805,741.909
2204,KB1,ARQ,Default,200,1,0,50,32,2.1562,0.487805,742.046
2205,KB1,ARQ,Default,200,1,0,50,32,2.1364,0.487805,748.923
2206,KB1,ARQ,Default,200,1,0,50,32,2.1308,0.487805,750.892
2207,KB1,ARQ,Default,200,1,0,50,32,2.1376,0.487805,748.503
2208,KB1,ARQ,Default,200,1,0,50,32,2.1402,0.487805,747.594
2209,KB1,ARQ,Default,200,1,0,50,32,2.1373,0.487805,748.608
2210,KB1,ARQ,Default,200,1,0,50,32,2.1441,0.487805,746.234
2211,KB1,ARQ,Default,200,1,0,50,32,2.1398,0.487805,747.733
2212,KB1,ARQ,Default,200,1,0,50,32,2.1415,0.487805,747.14
2213,KB1,ARQ,Default,200,1,0,50,32,2.1358,0.487805,749.134
2214,KB1,ARQ,Default,200,1,0,50,32,2.1501,0.487805,744.151
2215,KB1,ARQ,Default,200,1,0,50,32,2.1314,0.487805,750.68
2216,KB1,ARQ,Default,200,1,0,50,32,2.1315,0.487805,750.645
2217,KB1,ARQ,Default,200,1,0,50,32,2.3071,0.487805,693.511
2218,KB1,ARQ,Default,200,1,0,50,32,2.1481,0.487805,744.844
2219,KB1,ARQ,Default,200,1,0,50,32,2.1653,0.487805,738.928
2220,KB1,ARQ,Default,200,1,0,50,32,2.136,0.487805,749.064
2221,KB1,ARQ,Default,200,1,0,50,32,2.1357,0.487805,749.169
2222,KB1,ARQ,Default,200,1,0,50,32,2.1347,0.487805,749.52
2223,KB1,ARQ,Default,200,1,0,50,32,2.1482,0.487805,744.81
2224,KB1,ARQ,Default,200,1,0,50,32,2.1521,0.487805,743.46
2225,KB1,ARQ,Default,200,1,0,50,32,2.1304,0.487805,751.033
2226,KB1,ARQ,Default,200,1,0,50,32,2.1622,0.487805,739.987
2227,KB1,ARQ,Default,200,1,0,50,32,2.1362,0.487805,748.994
2228,KB1,ARQ,Default,200,1,0,50,32,2.1327,0.487805,750.223
2229,KB1,ARQ,Default,200,1,0,50,32,2.1362,0.487805,748.994
2230,KB1,ARQ,Default,200,1,0,50,32,2.1502,0.487805,744.117
2231,KB1,ARQ,Default,200,1,0,50,32,2.1724,0.487805,736.513
2232,KB1,ARQ,Default,200,1,0,50,32,2.1381,0.487805,748.328
2233,KB1,ARQ,Default,200,1,0,50,32,2.1363,0.487805,748.958
2234,KB1,ARQ,Default,200,1,0,50,32,2.1374,0.487805,748.573
2235,KB1,ARQ,Default,200,1,0,50,32,2.1369,0.487805,748.748
2236,KB1,ARQ,Default,200,1,0,50,32,2.1407,0.487805,747.419
2237,KB1,ARQ,Default,200,1,0,50,32,2.143,0.487805,746.617
2238,KB1,ARQ,Default,200,1,0,50,32,2.1379,0.487805,748.398
2239,KB1,ARQ,Default,200,1,0,50,32,2.1548,0.487805,742.528
2240,KB1,ARQ,Default,200,1,0,50,32,2.1342,0.487805,749.695
2241,KB1,ARQ,Default,200,1,0,50,32,2.1853,0.487805,732.165
2242,KB1,ARQ,Default,200,1,0,50,32,2.1338,0.487805,749.836
2243,KB1,ARQ,Default,200,1,0,50,32,2.1367,0.487805,748.818
2244,KB1,ARQ,Default,200,1,0,50,32,2.1532,0.487805,743.08
2245,KB1,ARQ,Default,200,1,0,50,32,2.1291,0.487805,751.491
2246,KB1,ARQ,Default,200,1,0,50,32,2.1356,0.487805,749.204
2247,KB1,ARQ,Default,200,1,0,50,32,2.1407,0.487805,747.419
2248,KB1,ARQ,Default,200,1,0,50,32,2.1293,0.487805,751.421
2249,KB1,ARQ,Default,200,1,0,50,32,2.1372,0.487805,748.643
2250,KB1,ARQ,Default,200,1,0,50,32,2.1337,0.487805,749.871
2251,KB1,ARQ,Default,200,1,0,50,32,2.1666,0.487805,738.484
2252,KB1,ARQ,Default,200,1,0,50,32,2.1614,0.487805,740.261
2253,KB1,ARQ,Default,200,1,0,50,32,2.1382,0.487805,748.293
2254,KB1,ARQ,Default,200,1,0,50,32,2.1342,0.487805,749.695
2255,KB1,ARQ,Default,200,1,0,50,32,2.1303,0.487805,751.068
2256,KB1,ARQ,Default,200,1,0,50,32,2.4637,0.487805,649.43
2257,KB1,ARQ,Default,200,1,0,50,32,2.1834,0.487805,732.802
2258,KB1,ARQ,Default,200,1,0,50,32,2.4513,0.487805,652.715
2259,KB1,ARQ,Default,200,1,0,50,32,2.2641,0.487805,706.683
2260,KB1,ARQ,Default,200,1,0,50,32,2.1343,0.487805,749.66
2261,KB1,ARQ,Default,200,1,0,50,32,2.1444,0.487805,746.129
2262,KB1,ARQ,Default,200,1,0,50,32,2.2583,0.487805,708.498
2263,KB1,ARQ,Default,200,1,0,50,32,2.7659,0.487805,578.474
2264,KB1,ARQ,Default,200,1,0,50,32,2.2357,0.487805,715.66
2265,KB1,ARQ,Default,200,1,0,50,32,2.5179,0.487805,635.45
2266,KB1,ARQ,Default,200,1,0,50,32,2.6094,0.487805,613.168
2267,KB1,ARQ,Default,200,1,0,50,32,2.1608,0.487805,740.466
2268,KB1,ARQ,Default,200,1,0,50,32,2.1593,0.487805,740.981
2269,KB1,ARQ,Default,200,1,0,50,32,2.1601,0.487805,740.706
2270,KB1,ARQ,Default,200,1,0,50,32,2.1689,0.487805,737.701
2271,KB1,ARQ,Default,200,1,0,50,32,2.1762,0.487805,735.227
2272,KB1,ARQ,Default,200,1,0,50,32,2.4346,0.487805,657.192
2273,KB1,ARQ,Default,200,1,0,50,32,2.1746,0.487805,735.767
2274,KB1,ARQ,Default,200,1,0,50,32,2.142,0.487805,746.965
2275,KB1,ARQ,Default,200,1,0,50,32,2.1285,0.487805,751.703
2276,KB1,ARQ,Default,200,1,0,50,32,2.1327,0.487805,750.223
2277,KB1,ARQ,Default,200,1,0,50,32,2.1756,0.487805,735.429
2278,KB1,ARQ,Default,200,1,0,50,32,2.1614,0.487805,740.261
2279,KB1,ARQ,Default,200,1,0,50,32,2.1797,0.487805,734.046
2280,KB1,ARQ,Default,200,1,0,50,32,2.168,0.487805,738.007
2281,KB1,ARQ,Default,200,1,0,50,32,2.1426,0.487805,746.756
2282,KB1,ARQ,Default,200,1,0,50,32,2.1394,0.487805,747.873
2283,KB1,ARQ,Default,200,1,0,50,32,2.1586,0.487805,741.221
2284,KB1,ARQ,Default,200,1,0,50,32,2.1567,0.487805,741.874
2285,KB1,ARQ,Default,200,1,0,50,32,2.1802,0.487805,733.878
2286,KB1,ARQ,Default,200,1,0,50,32,2.1958,0.487805,728.664
2287,KB1,ARQ,Default,200,1,0,50,32,2.2166,0.487805,721.826
2288,KB1,ARQ,Default,200,1,0,50,32,2.1265,0.487805,752.41
2289,KB1,ARQ,Default,200,1,0,50,32,2.1374,0.487805,748.573
2290,KB1,ARQ,Default,200,1,0,50,32,2.1862,0.487805,731.864
2291,KB1,ARQ,Default,200,1,0,50,32,2.1327,0.487805,750.223
2292,KB1,ARQ,Default,200,1,0,50,32,2.1813,0.487805,733.508
2293,KB1,ARQ,Default,200,1,0,50,32,2.1471,0.487805,745.191
2294,KB1,ARQ,Default,200,1,0,50,32,2.3676,0.487805,675.79
2295,KB1,ARQ,Default,200,1,0,50,32,2.1805,0.487805,733.777
2296,KB1,ARQ,Default,200,1,0,50,32,2.1504,0.487805,744.048
2297,KB1,ARQ,Default,200,1,0,50,32,2.142,0.487805,746.965
2298,KB1,ARQ,Default,200,1,0,50,32,2.1387,0.487805,748.118
2299,KB1,ARQ,Default,200,1,0,50,32,2.1445,0.487805,746.095
2300,KB1,ARQ,Default,200,1,0,50,32,2.1419,0.487805,747
2301,KB1,ARQ,Default,200,1,0,50,32,2.1323,0.487805,750.363
2302,KB1,ARQ,Default,200,1,0,50,32,2.1419,0.487805,747
2303,KB1,ARQ,Default,200,1,0,50,32,2.1418,0.487805,747.035
2304,KB1,ARQ,Default,200,1,0,50,32,2.1603,0.487805,740.638
2305,KB1,ARQ,Default,200,1,0,50,32,2.2656,0.487805,706.215
2306,KB1,ARQ,Default,200,1,0,50,32,2.3014,0.487805,695.229
2307,KB1,ARQ,Default,200,1,0,50,32,2.2361,0.487805,715.532
2308,KB1,ARQ,Default,200,1,0,50,32,2.2203,0.487805,720.623
2309,KB1,ARQ,Default,200,1,0,50,32,2.1817,0.487805,733.373
2310,KB1,ARQ,Default,200,1,0,50,32,2.1865,0.487805,731.763
2311,KB1,ARQ,Default,200,1,0,50,32,2.1824,0.487805,733.138
2312,KB1,ARQ,Default,200,1,0,50,32,2.1864,0.487805,731.797
2313,KB1,ARQ,Default,200,1,0,50,32,2.1581,0.487805,741.393
2314,KB1,ARQ,Default,200,1,0,50,32,2.1319,0.487805,750.504
2315,KB1,ARQ,Default,200,1,0,50,32,2.1261,0.487805,752.552
2316,KB1,ARQ,Default,200,1,0,50,32,2.1362,0.487805,748.994
2317,KB1,ARQ,Default,200,1,0,50,32,2.1264,0.487805,752.445
2318,KB1,ARQ,Default,200,1,0,50,32,2.1382,0.487805,748.293
2319,KB1,ARQ,Default,200,1,0,50,32,2.1313,0.487805,750.716
2320,KB1,ARQ,Default,200,1,0,50,32,2.1484,0.487805,744.74
2321,KB1,ARQ,Default,200,1,0,50,32,2.1288,0.487805,751.597
2322,KB1,ARQ,Default,200,1,0,50,32,2.1306,0.487805,750.962
2323,KB1,ARQ,Default,200,1,0,50,32,2.1462,0.487805,745.504
2324,KB1,ARQ,Default,200,1,0,50,32,2.1436,0.487805,746.408
2325,KB1,ARQ,Default,200,1,0,50,32,2.1316,0.487805,750.61
2326,KB1,ARQ,Default,200,1,0,50,32,2.1261,0.487805,752.552
2327,KB1,ARQ,Default,200,1,0,50,32,2.1606,0.487805,740.535
2328,KB1,ARQ,Default,200,1,0,50,32,2.1423,0.487805,746.861
2329,KB1,ARQ,Default,200,1,0,50,32,2.1295,0.487805,751.35
2330,KB1,ARQ,Default,200,1,0,50,32,2.1581,0.487805,741.393
2331,KB1,ARQ,Default,200,1,0,50,32,2.1369,0.487805,748.748
2332,KB1,ARQ,Default,200,1,0,50,32,2.1396,0.487805,747.803
2333,KB1,ARQ,Default,200,1,0,50,32,2.1441,0.487805,746.234
2334,KB1,ARQ,Default,200,1,0,50,32,2.1745,0.487805,735.801
2335,KB1,ARQ,Default,200,1,0,50,32,2.1346,0.487805,749.555
2336,KB1,ARQ,Default,200,1,0,50,32,2.157,0.487805,741.771
2337,KB1,ARQ,Default,200,1,0,50,32,2.1452,0.487805,745.851
2338,KB1,ARQ,Default,200,1,0,50,32,2.1496,0.487805,744.325
2339,KB1,ARQ,Default,200,1,0,50,32,2.1467,0.487805,745.33
2340,KB1,ARQ,Default,200,1,0,50,32,2.176,0.487805,735.294
2341,KB1,ARQ,Default,200,1,0,50,32,2.146,0.487805,745.573
2342,KB1,ARQ,Default,200,1,0,50,32,2.1331,0.487805,750.082
2343,KB1,ARQ,Default,200,1,0,50,32,2.1294,0.487805,751.385
2344,KB1,ARQ,Default,200,1,0,50,32,2.1326,0.487805,750.258
2345,KB1,ARQ,Default,200,1,0,50,32,2.1368,0.487805,748.783
2346,KB1,ARQ,Default,200,1,0,50,32,2.1371,0.487805,748.678
2347,KB1,ARQ,Default,200,1,0,50,32,2.1299,0.487805,751.209
2348,KB1,ARQ,Default,200,1,0,50,32,2.1295,0.487805,751.35
2349,KB1,ARQ,Default,200,1,0,50,32,2.1368,0.487805,748.783
2350,KB1,ARQ,Default,200,1,0,50,32,2.1524,0.487805,743.356
2351,KB1,ARQ,Default,200,1,0,50,32,2.1909,0.487805,730.293
2352,KB1,ARQ,Default,200,1,0,50,32,2.1514,0.487805,743.702
2353,KB1,ARQ,Default,200,1,0,50,32,2.1416,0.487805,747.105
2354,KB1,ARQ,Default,200,1,0,50,32,2.1343,0.487805,749.66
2355,KB1,ARQ,Default,200,1,0,50,32,2.1383,0.487805,748.258
2356,KB1,ARQ,Default,200,1,0,50,32,2.1525,0.487805,743.322
2357,KB1,ARQ,Default,200,1,0,50,32,2.1343,0.487805,749.66
2358,KB1,ARQ,Default,200,1,0,50,32,2.145,0.487805,745.921
2359,KB1,ARQ,Default,200,1,0,50,32,2.1405,0.487805,747.489
2360,KB1,ARQ,Default,200,1,0,50,32,2.133,0.487805,750.117
2361,KB1,ARQ,Default,200,1,0,50,32,2.1414,0.487805,747.175
2362,KB1,ARQ,Default,200,1,0,50,32,2.2112,0.487805,723.589
2363,KB1,ARQ,Default,200,1,0,50,32,2.1604,0.487805,740.604
2364,KB1,ARQ,Default,200,1,0,50,32,2.1293,0.487805,751.421
2365,KB1,ARQ,Default,200,1,0,50,32,2.1361,0.487805,749.029
2366,KB1,ARQ,Default,200,1,0,50,32,2.1387,0.487805,748.118
2367,KB1,ARQ,Default,200,1,0,50,32,2.1576,0.487805,741.565
2368,KB1,ARQ,Default,200,1,0,50,32,2.1489,0.487805,744.567
2369,KB1,ARQ,Default,200,1,0,50,32,2.1385,0.487805,748.188
2370,KB1,ARQ,Default,200,1,0,50,32,2.156,0.487805,742.115
2371,KB1,ARQ,Default,200,1,0,50,32,2.1449,0.487805,745.956
2372,KB1,ARQ,Default,200,1,0,50,32,2.1474,0.487805,745.087
2373,KB1,ARQ,Default,200,1,0,50,32,2.1592,0.487805,741.015
2374,KB1,ARQ,Default,200,1,0,50,32,2.1481,0.487805,744.844
2375,KB1,ARQ,Default,200,1,0,50,32,2.1548,0.487805,742.528
2376,KB1,ARQ,Default,200,1,0,50,32,2.1805,0.487805,733.777
2377,KB1,ARQ,Default,200,1,0,50,32,2.1454,0.487805,745.782
2378,KB1,ARQ,Default,200,1,0,50,32,2.1314,0.487805,750.68
2379,KB1,ARQ,Default,200,1,0,50,32,2.1376,0.487805,748.503
2380,KB1,ARQ,Default,200,1,0,50,32,2.1389,0.487805,748.048
2381,KB1,ARQ,Default,200,1,0,50,32,2.1558,0.487805,742.184
2382,KB1,ARQ,Default,200,1,0,50,32,2.1351,0.487805,749.379
2383,KB1,ARQ,Default,200,1,0,50,32,2.1424,0.487805,746.826
2384,KB1,ARQ,Default,200,1,0,50,32,2.1625,0.487805,739.884
2385,KB1,ARQ,Default,200,1,0,50,32,2.1624,0.487805,739.919
2386,KB1,ARQ,Default,200,1,0,50,32,2.1324,0.487805,750.328
2387,KB1,ARQ,Default,200,1,0,50,32,2.1402,0.487805,747.594
2388,KB1,ARQ,Default,200,1,0,50,32,2.1509,0.487805,743.875
2389,KB1,ARQ,Default,200,1,0,50,32,2.1646,0.487805,739.167
2390,KB1,ARQ,Default,200,1,0,50,32,2.1491,0.487805,744.498
2391,KB1,ARQ,Default,200,1,0,50,32,2.1493,0.487805,744.428
2392,KB1,ARQ,Default,200,1,0,50,32,2.1468,0.487805,745.295
2393,KB1,ARQ,Default,200,1,0,50,32,2.1431,0.487805,746.582
2394,KB1,ARQ,Default,200,1,0,50,32,2.1314,0.487805,750.68
2395,KB1,ARQ,Default,200,1,0,50,32,2.138,0.487805,748.363
2396,KB1,ARQ,Default,200,1,0,50,32,2.4094,0.487805,664.066
2397,KB1,ARQ,Default,200,1,0,50,32,2.1402,0.487805,747.594
2398,KB1,ARQ,Default,200,1,0,50,32,2.1275,0.487805,752.056
2399,KB1,ARQ,Default,200,1,0,50,32,2.1437,0.487805,746.373
2400,KB1,ARQ,Default,200,1,0,50,32,2.1477,0.487805,744.983
2401,KB1,ARQ,Default,200,1,0,50,32,2.1418,0.487805,747.035
2402,KB1,ARQ,Default,200,1,0,50,32,2.138,0.487805,748.363
2403,KB1,ARQ,Default,200,1,0,50,32,2.1999,0.487805,727.306
2404,KB1,ARQ,Default,200,1,0,50,32,2.1577,0.487805,741.53
2405,KB1,ARQ,Default,200,1,0,50,32,2.145,0.487805,745.921
2406,KB1,ARQ,Default,200,1,0,50,32,2.1443,0.487805,746.164
2407,KB1,ARQ,Default,200,1,0,50,32,2.1448,0.487805,745.99
2408,KB1,ARQ,Default,200,1,0,50,32,2.1388,0.487805,748.083
2409,KB1,ARQ,Default,200,1,0,50,32,2.1434,0.487805,746.478
2410,KB1,ARQ,Default,200,1,0,50,32,2.4148,0.487805,662.581
2411,KB1,ARQ,Default,200,1,0,50,32,2.4069,0.487805,664.755
2412,KB1,ARQ,Default,200,1,0,50,32,2.1565,0.487805,741.943
2413,KB1,ARQ,Default,200,1,0,50,32,2.1776,0.487805,734.754
2414,KB1,ARQ,Default,200,1,0,50,32,2.1442,0.487805,746.199
2415,KB1,ARQ,Default,200,1,0,50,32,2.1439,0.487805,746.303
2416,KB1,ARQ,Default,200,1,0,50,32,2.165,0.487805,739.03
2417,KB1,ARQ,Default,200,1,0,50,32,2.1862,0.487805,731.864
2418,KB1,ARQ,Default,200,1,0,50,32,2.3012,0.487805,695.289
2419,KB1,ARQ,Default,200,1,0,50,32,2.1502,0.487805,744.117
2420,KB1,ARQ,Default,200,1,0,50,32,2.1468,0.487805,745.295
2421,KB1,ARQ,Default,200,1,0,50,32,2.1478,0.487805,744.948
2422,KB1,ARQ,Default,200,1,0,50,32,2.1384,0.487805,748.223
2423,KB1,ARQ,Default,200,1,0,50,32,2.1373,0.487805,748.608
2424,KB1,ARQ,Default,200,1,0,50,32,2.1507,0.487805,743.944
2425,KB1,ARQ,Default,200,1,0,50,32,2.139,0.487805,748.013
2426,KB1,ARQ,Default,200,1,0,50,32,2.1372,0.487805,748.643
2427,KB1,ARQ,Default,200,1,0,50,32,2.1513,0.487805,743.736
2428,KB1,ARQ,Default,200,1,0,50,32,2.1381,0.487805,748.328
2429,KB1,ARQ,Default,200,1,0,50,32,2.1631,0.487805,739.679
2430,KB1,ARQ,Default,200,1,0,50,32,2.1312,0.487805,750.751
2431,KB1,ARQ,Default,200,1,0,50,32,2.2269,0.487805,718.488
2432,KB1,ARQ,Default,200,1,0,50,32,2.3273,0.487805,687.492
2433,KB1,ARQ,Default,200,1,0,50,32,2.4742,0.487805,646.674
2434,KB1,ARQ,Default,200,1,0,50,32,2.1399,0.487805,747.698
2435,KB1,ARQ,Default,200,1,0,50,32,2.1412,0.487805,747.245
2436,KB1,ARQ,Default,200,1,0,50,32,2.1563,0.487805,742.012
2437,KB1,ARQ,Default,200,1,0,50,32,2.1295,0.487805,751.35
2438,KB1,ARQ,Default,200,1,0,50,32,2.1571,0.487805,741.737
2439,KB1,ARQ,Default,200,1,0,50,32,2.1353,0.487805,749.309
2440,KB1,ARQ,Default,200,1,0,50,32,2.1634,0.487805,739.577
2441,KB1,ARQ,Default,200,1,0,50,32,2.3547,0.487805,679.492
2442,KB1,ARQ,Default,200,1,0,50,32,2.4892,0.487805,642.777
2443,KB1,ARQ,Default,200,1,0,50,32,2.1639,0.487805,739.406
2444,KB1,ARQ,Default,200,1,0,50,32,2.1685,0.487805,737.837
2445,KB1,ARQ,Default,200,1,0,50,32,2.1857,0.487805,732.031
2446,KB1,ARQ,Default,200,1,0,50,32,2.1627,0.487805,739.816
2447,KB1,ARQ,Default,200,1,0,50,32,2.144,0.487805,746.269
2448,KB1,ARQ,Default,200,1,0,50,32,2.1334,0.487805,749.977
2449,KB1,ARQ,Default,200,1,0,50,32,2.3225,0.487805,688.913
2450,KB1,ARQ,Default,200,1,0,50,32,2.1651,0.487805,738.996
2451,KB1,ARQ,Default,200,1,0,50,32,2.173,0.487805,736.309
2452,KB1,ARQ,Default,200,1,0,50,32,2.1547,0.487805,742.563
2453,KB1,ARQ,Default,200,1,0,50,32,2.144,0.487805,746.269
2454,KB1,ARQ,Default,200,1,0,50,32,2.1465,0.487805,745.399
2455,KB1,ARQ,Default,200,1,0,50,32,2.1475,0.487805,745.052
2456,KB1,ARQ,Default,200,1,0,50,32,2.1459,0.487805,745.608
2457,KB1,ARQ,Default,200,1,0,50,32,2.1459,0.487805,745.608
2458,KB1,ARQ,Default,200,1,0,50,32,2.2284,0.487805,718.004
2459,KB1,ARQ,Default,200,1,0,50,32,2.264,0.487805,706.714
2460,KB1,ARQ,Default,200,1,0,50,32,2.1452,0.487805,745.851
2461,KB1,ARQ,Default,200,1,0,50,32,2.2302,0.487805,717.424
2462,KB1,ARQ,Default,200,1,0,50,32,2.2887,0.487805,699.087
2463,KB1,ARQ,Default,200,1,0,50,32,2.1388,0.487805,748.083
2464,KB1,ARQ,Default,200,1,0,50,32,2.153,0.487805,743.149
2465,KB1,ARQ,Default,200,1,0,50,32,2.203,0.487805,726.282
2466,KB1,ARQ,Default,200,1,0,50,32,2.1409,0.487805,747.349
2467,KB1,ARQ,Default,200,1,0,50,32,2.1372,0.487805,748.643
2468,KB1,ARQ,Default,200,1,0,50,32,2.1309,0.487805,750.856
2469,KB1,ARQ,Default,200,1,0,50,32,2.1671,0.487805,738.314
2470,KB1,ARQ,Default,200,1,0,50,32,2.1539,0.487805,742.839
2471,KB1,ARQ,Default,200,1,0,50,32,2.1543,0.487805,742.701
2472,KB1,ARQ,Default,200,1,0,50,32,2.5415,0.487805,629.549
2473,KB1,ARQ,Default,200,1,0,50,32,2.3807,0.487805,672.071
2474,KB1,ARQ,Default,200,1,0,50,32,2.1482,0.487805,744.81
2475,KB1,ARQ,Default,200,1,0,50,32,2.4339,0.487805,657.381
2476,KB1,ARQ,Default,200,1,0,50,32,2.1905,0.487805,730.427
2477,KB1,ARQ,Default,200,1,0,50,32,2.1431,0.487805,746.582
2478,KB1,ARQ,Default,200,1,0,50,32,2.1457,0.487805,745.677
2479,KB1,ARQ,Default,200,1,0,50,32,2.1347,0.487805,749.52
2480,KB1,ARQ,Default,200,1,0,50,32,2.1288,0.487805,751.597
2481,KB1,ARQ,Default,200,1,0,50,32,2.1574,0.487805,741.633
2482,KB1,ARQ,Default,200,1,0,50,32,2.1484,0.487805,744.74
2483,KB1,ARQ,Default,200,1,0,50,32,2.1521,0.487805,743.46
2484,KB1,ARQ,Default,200,1,0,50,32,2.1602,0.487805,740.672
2485,KB1,ARQ,Default,200,1,0,50,32,2.1792,0.487805,734.214
2486,KB1,ARQ,Default,200,1,0,50,32,2.1575,0.487805,741.599
2487,KB1,ARQ,Default,200,1,0,50,32,2.1548,0.487805,742.528
2488,KB1,ARQ,Default,200,1,0,50,32,2.2111,0.487805,723.622
2489,KB1,ARQ,Default,200,1,0,50,32,2.1923,0.487805,729.827
2490,KB1,ARQ,Default,200,1,0,50,32,2.1642,0.487805,739.303
2491,KB1,ARQ,Default,200,1,0,50,32,2.1262,0.487805,752.516
2492,KB1,ARQ,Default,200,1,0,50,32,2.3706,0.487805,674.935
2493,KB1,ARQ,Default,200,1,0,50,32,2.228,0.487805,718.133
2494,KB1,ARQ,Default,200,1,0,50,32,2.1473,0.487805,745.122
2495,KB1,ARQ,Default,200,1,0,50,32,2.1466,0.487805,745.365
2496,KB1,ARQ,Default,200,1,0,50,32,2.1285,0.487805,751.703
2497,KB1,ARQ,Default,200,1,0,50,32,2.1428,0.487805,746.687
2498,KB1,ARQ,Default,200,1,0,50,32,2.1519,0.487805,743.529
2499,KB1,ARQ,Default,200,1,0,50,32,2.1584,0.487805,741.29
2500,KB1,ARQ,Default,200,1,0,50,32,2.138,0.487805,748.363
2501,KB1,ARQ,Default,200,1,0,50,32,2.1411,0.487805,747.279
2502,KB1,ARQ,Default,200,1,0,50,32,2.1317,0.487805,750.575
2503,KB1,ARQ,Default,200,1,0,50,32,2.141,0.487805,747.314
2504,KB1,ARQ,Default,200,1,0,50,32,2.1459,0.487805,745.608
2505,KB1,ARQ,Default,200,1,0,50,32,2.1363,0.487805,748.958
2506,KB1,ARQ,Default,200,1,0,50,32,2.3438,0.487805,682.652
2507,KB1,ARQ,Default,200,1,0,50,32,2.1483,0.487805,744.775
2508,KB1,ARQ,Default,200,1,0,50,32,2.1561,0.487805,742.081
2509,KB1,ARQ,Default,200,1,0,50,32,2.1506,0.487805,743.978
2510,KB1,ARQ,Default,200,1,0,50,32,2.1547,0.487805,742.563
2511,KB1,ARQ,Default,200,1,0,50,32,2.1386,0.487805,748.153
2512,KB1,ARQ,Default,200,1,0,50,32,2.1469,0.487805,745.261
2513,KB1,ARQ,Default,200,1,0,50,32,2.1926,0.487805,729.727
2514,KB1,ARQ,Default,200,1,0,50,32,2.1517,0.487805,743.598
2515,KB1,ARQ,Default,200,1,0,50,32,2.1311,0.487805,750.786
2516,KB1,ARQ,Default,200,1,0,50,32,2.1402,0.487805,747.594
2517,KB1,ARQ,Default,200,1,0,50,32,2.1348,0.487805,749.485
2518,KB1,ARQ,Default,200,1,0,50,32,2.1425,0.487805,746.791
2519,KB1,ARQ,Default,200,1,0,50,32,2.138,0.487805,748.363
2520,KB1,ARQ,Default,200,1,0,50,32,2.1335,0.487805,749.941
2521,KB1,ARQ,Default,200,1,0,50,32,2.1446,0.487805,746.06
2522,KB1,ARQ,Default,200,1,0,50,32,2.1365,0.487805,748.888
2523,KB1,ARQ,Default,200,1,0,50,32,2.1746,0.487805,735.767
2524,KB1,ARQ,Default,200,1,0,50,32,2.123,0.487805,753.65
2525,KB1,ARQ,Default,200,1,0,50,32,2.1518,0.487805,743.564
2526,KB1,ARQ,Default,200,1,0,50,32,2.1372,0.487805,748.643
2527,KB1,ARQ,Default,200,1,0,50,32,2.1362,0.487805,748.994
2528,KB1,ARQ,Default,200,1,0,50,32,2.179,0.487805,734.282
2529,KB1,ARQ,Default,200,1,0,50,32,2.148,0.487805,744.879
2530,KB1,ARQ,Default,200,1,0,50,32,2.141,0.487805,747.314
2531,KB1,ARQ,Default,200,1,0,50,32,2.1222,0.487805,753.935
2532,KB1,ARQ,Default,200,1,0,50,32,2.1447,0.487805,746.025
2533,KB1,ARQ,Default,200,1,0,50,32,2.1253,0.487805,752.835
2534,KB1,ARQ,Default,200,1,0,50,32,2.148,0.487805,744.879
2535,KB1,ARQ,Default,200,1,0,50,32,2.1483,0.487805,744.775
2536,KB1,ARQ,Default,200,1,0,50,32,2.1322,0.487805,750.399
2537,KB1,ARQ,Default,200,1,0,50,32,2.1424,0.487805,746.826
2538,KB1,ARQ,Default,200,1,0,50,32,2.1388,0.487805,748.083
2539,KB1,ARQ,Default,200,1,0,50,32,2.1399,0.487805,747.698
2540,KB1,ARQ,Default,200,1,0,50,32,2.1287,0.487805,751.632
2541,KB1,ARQ,Default,200,1,0,50,32,2.1351,0.487805,749.379
2542,KB1,ARQ,Default,200,1,0,50,32,2.1386,0.487805,748.153
2543,KB1,ARQ,Default,200,1,0,50,32,2.1663,0.487805,738.587
2544,KB1,ARQ,Default,200,1,0,50,32,2.1369,0.487805,748.748
2545,KB1,ARQ,Default,200,1,0,50,32,2.139,0.487805,748.013
2546,KB1,ARQ,Default,200,1,0,50,32,2.1267,0.487805,752.339
2547,KB1,ARQ,Default,200,1,0,50,32,2.1278,0.487805,751.95
2548,KB1,ARQ,Default,200,1,0,50,32,2.1673,0.487805,738.246
2549,KB1,ARQ,Default,200,1,0,50,32,2.1278,0.487805,751.95
2550,KB1,ARQ,Default,200,1,0,50,32,2.151,0.487805,743.84
2551,KB1,ARQ,Default,200,1,0,50,32,2.1745,0.487805,735.801
2552,KB1,ARQ,Default,200,1,0,50,32,2.1334,0.487805,749.977
2553,KB1,ARQ,Default,200,1,0,50,32,2.1469,0.487805,745.261
2554,KB1,ARQ,Default,200,1,0,50,32,2.1237,0.487805,753.402
2555,KB1,ARQ,Default,200,1,0,50,32,2.3005,0.487805,695.501
2556,KB1,ARQ,Default,200,1,0,50,32,2.1341,0.487805,749.731
2557,KB1,ARQ,Default,200,1,0,50,32,2.1372,0.487805,748.643
2558,KB1,ARQ,Default,200,1,0,50,32,2.1435,0.487805,746.443
2559,KB1,ARQ,Default,200,1,0,50,32,2.1328,0.487805,750.188
2560,KB1,ARQ,Default,200,1,0,50,32,2.1249,0.487805,752.977
2561,KB1,ARQ,Default,200,1,0,50,32,2.1251,0.487805,752.906
2562,KB1,ARQ,Default,200,1,0,50,32,2.1564,0.487805,741.977
2563,KB1,ARQ,Default,200,1,0,50,32,2.1398,0.487805,747.733
2564,KB1,ARQ,Default,200,1,0,50,32,2.1533,0.487805,743.046
2565,KB1,ARQ,Default,200,1,0,50,32,2.1435,0.487805,746.443
2566,KB1,ARQ,Default,200,1,0,50,32,2.1395,0.487805,747.838
2567,KB1,ARQ,Default,200,1,0,50,32,2.1338,0.487805,749.836
2568,KB1,ARQ,Default,200,1,0,50,32,2.1917,0.487805,730.027
2569,KB1,ARQ,Default,200,1,0,50,32,2.1429,0.487805,746.652
2570,KB1,ARQ,Default,200,1,0,50,32,2.1422,0.487805,746.896
2571,KB1,ARQ,Default,200,1,0,50,32,2.1429,0.487805,746.652
2572,KB1,ARQ,Default,200,1,0,50,32,2.1379,0.487805,748.398
2573,KB1,ARQ,Default,200,1,0,50,32,2.1622,0.487805,739.987
2574,KB1,ARQ,Default,200,1,0,50,32,2.147,0.487805,745.226
2575,KB1,ARQ,Default,200,1,0,50,32,2.1701,0.487805,737.293
2576,KB1,ARQ,Default,200,1,0,50,32,2.1469,0.487805,745.261
2577,KB1,ARQ,Default,200,1,0,50,32,2.1678,0.487805,738.075
2578,KB1,ARQ,Default,200,1,0,50,32,2.1466,0.487805,745.365
2579,KB1,ARQ,Default,200,1,0,50,32,2.1534,0.487805,743.011
2580,KB1,ARQ,Default,200,1,0,50,32,2.1675,0.487805,738.178
2581,KB1,ARQ,Default,200,1,0,50,32,2.2431,0.487805,713.299
2582,KB1,ARQ,Default,200,1,0,50,32,2.1409,0.487805,747.349
2583,KB1,ARQ,Default,200,1,0,50,32,2.1377,0.487805,748.468
2584,KB1,ARQ,Default,200,1,0,50,32,2.155,0.487805,742.459
2585,KB1,ARQ,Default,200,1,0,50,32,2.156,0.487805,742.115
2586,KB1,ARQ,Default,200,1,0,50,32,2.127,0.487805,752.233
2587,KB1,ARQ,Default,200,1,0,50,32,2.141,0.487805,747.314
2588,KB1,ARQ,Default,200,1,0,50,32,2.1597,0.487805,740.844
2589,KB1,ARQ,Default,200,1,0,50,32,2.1309,0.487805,750.856
2590,KB1,ARQ,Default,200,1,0,50,32,2.1356,0.487805,749.204
2591,KB1,ARQ,Default,200,1,0,50,32,2.138,0.487805,748.363
2592,KB1,ARQ,Default,200,1,0,50,32,2.1418,0.487805,747.035
2593,KB1,ARQ,Default,200,1,0,50,32,2.1306,0.487805,750.962
2594,KB1,ARQ,Default,200,1,0,50,32,2.1388,0.487805,748.083
2595,KB1,ARQ,Default,200,1,0,50,32,2.2311,0.487805,717.135
2596,KB1,ARQ,Default,200,1,0,50,32,2.1358,0.487805,749.134
2597,KB1,ARQ,Default,200,1,0,50,32,2.1552,0.487805,742.39
2598,KB1,ARQ,Default,200,1,0,50,32,2.1445,0.487805,746.095
2599,KB1,ARQ,Default,200,1,0,50,32,2.1415,0.487805,747.14
2600,KB1,ARQ,Default,200,1,0,50,32,2.141,0.487805,747.314
2601,KB1,ARQ,Default,200,1,0,50,32,2.1902,0.487805,730.527
2602,KB1,ARQ,Default,200,1,0,50,32,2.1458,0.487805,745.643
2603,KB1,ARQ,Default,200,1,0,50,32,2.138,0.487805,748.363
2604,KB1,ARQ,Default,200,1,0,50,32,2.1342,0.487805,749.695
2605,KB1,ARQ,Default,200,1,0,50,32,2.1377,0.487805,748.468
2606,KB1,ARQ,Default,200,1,0,50,32,2.153,0.487805,743.149
2607,KB1,ARQ,Default,200,1,0,50,32,2.1354,0.487805,749.274
2608,KB1,ARQ,Default,200,1,0,50,32,2.1375,0.487805,748.538
2609,KB1,ARQ,Default,200,1,0,50,32,2.1475,0.487805,745.052
2610,KB1,ARQ,Default,200,1,0,50,32,2.1502,0.487805,744.117
2611,KB1,ARQ,Default,200,1,0,50,32,2.1275,0.487805,752.056
2612,KB1,ARQ,Default,200,1,0,50,32,2.1306,0.487805,750.962
2613,KB1,ARQ,Default,200,1,0,50,32,2.1677,0.487805,738.11
2614,KB1,ARQ,Default,200,1,0,50,32,2.1381,0.487805,748.328
2615,KB1,ARQ,Default,200,1,0,50,32,2.158,0.487805,741.427
2616,KB1,ARQ,Default,200,1,0,50,32,2.15,0.487805,744.186
2617,KB1,ARQ,Default,200,1,0,50,32,2.1435,0.487805,746.443
2618,KB1,ARQ,Default,200,1,0,50,32,2.2497,0.487805,711.206
2619,KB1,ARQ,Default,200,1,0,50,32,2.146,0.487805,745.573
2620,KB1,ARQ,Default,200,1,0,50,32,2.1363,0.487805,748.958
2621,KB1,ARQ,Default,200,1,0,50,32,2.1353,0.487805,749.309
2622,KB1,ARQ,Default,200,1,0,50,32,2.1455,0.487805,745.747
2623,KB1,ARQ,Default,200,1,0,50,32,2.1444,0.487805,746.129
2624,KB1,ARQ,Default,200,1,0,50,32,2.1421,0.487805,746.931
2625,KB1,ARQ,Default,200,1,0,50,32,2.169,0.487805,737.667
2626,KB1,ARQ,Default,200,1,0,50,32,2.1643,0.487805,739.269
2627,KB1,ARQ,Default,200,1,0,50,32,2.1753,0.487805,735.531
2628,KB1,ARQ,Default,200,1,0,50,32,2.2108,0.487805,723.72
2629,KB1,ARQ,Default,200,1,0,50,32,2.1534,0.487805,743.011
2630,KB1,ARQ,Default,200,1,0,50,32,2.1364,0.487805,748.923
2631,KB1,ARQ,Default,200,1,0,50,32,2.1415,0.487805,747.14
2632,KB1,ARQ,Default,200,1,0,50,32,2.1531,0.487805,743.115
2633,KB1,ARQ,Default,200,1,0,50,32,2.1701,0.487805,737.293
2634,KB1,ARQ,Default,200,1,0,50,32,2.4922,0.487805,642.003
2635,KB1,ARQ,Default,200,1,0,50,32,2.2343,0.487805,716.108
2636,KB1,ARQ,Default,200,1,0,50,32,2.1972,0.487805,728.2
2637,KB1,ARQ,Default,200,1,0,50,32,2.14,0.487805,747.664
2638,KB1,ARQ,Default,200,1,0,50,32,2.1474,0.487805,745.087
2639,KB1,ARQ,Default,200,1,0,50,32,2.1395,0.487805,747.838
2640,KB1,ARQ,Default,200,1,0,50,32,2.185,0.487805,732.265
2641,KB1,ARQ,Default,200,1,0,50,32,2.157,0.487805,741.771
2642,KB1,ARQ,Default,200,1,0,50,32,2.7003,0.487805,592.527
2643,KB1,ARQ,Default,200,1,0,50,32,2.162,0.487805,740.056
2644,KB1,ARQ,Default,200,1,0,50,32,2.139,0.487805,748.013
2645,KB1,ARQ,Default,200,1,0,50,32,2.1363,0.487805,748.958
2646,KB1,ARQ,Default,200,1,0,50,32,2.1256,0.487805,752.729
2647,KB1,ARQ,Default,200,1,0,50,32,2.1554,0.487805,742.322
2648,KB1,ARQ,Default,200,1,0,50,32,2.1454,0.487805,745.782
2649,KB1,ARQ,Default,200,1,0,50,32,2.3702,0.487805,675.049
2650,KB1,ARQ,Default,200,1,0,50,32,2.1849,0.487805,732.299
2651,KB1,ARQ,Default,200,1,0,50,32,2.129,0.487805,751.527
2652,KB1,ARQ,Default,200,1,0,50,32,2.1359,0.487805,749.099
2653,KB1,ARQ,Default,200,1,0,50,32,2.1331,0.487805,750.082
2654,KB1,ARQ,Default,200,1,0,50,32,2.1726,0.487805,736.445
2655,KB1,ARQ,Default,200,1,0,50,32,2.1535,0.487805,742.977
2656,KB1,ARQ,Default,200,1,0,50,32,2.2118,0.487805,723.393
2657,KB1,ARQ,Default,200,1,0,50,32,2.2441,0.487805,712.981
2658,KB1,ARQ,Default,200,1,0,50,32,2.1534,0.487805,743.011
2659,KB1,ARQ,Default,200,1,0,50,32,2.1327,0.487805,750.223
2660,KB1,ARQ,Default,200,1,0,50,32,2.1404,0.487805,747.524
2661,KB1,ARQ,Default,200,1,0,50,32,2.1416,0.487805,747.105
2662,KB1,ARQ,Default,200,1,0,50,32,2.1515,0.487805,743.667
2663,KB1,ARQ,Default,200,1,0,50,32,2.1958,0.487805,728.664
2664,KB1,ARQ,Default,200,1,0,50,32,2.1356,0.487805,749.204
2665,KB1,ARQ,Default,200,1,0,50,32,2.1464,0.487805,745.434
2666,KB1,ARQ,Default,200,1,0,50,32,2.1313,0.487805,750.716
2667,KB1,ARQ,Default,200,1,0,50,32,2.1581,0.487805,741.393
2668,KB1,ARQ,Default,200,1,0,50,32,2.1336,0.487805,749.906
2669,KB1,ARQ,Default,200,1,0,50,32,2.1692,0.487805,737.599
2670,KB1,ARQ,Default,200,1,0,50,32,2.1351,0.487805,749.379
2671,KB1,ARQ,Default,200,1,0,50,32,2.1306,0.487805,750.962
2672,KB1,ARQ,Default,200,1,0,50,32,2.1353,0.487805,749.309
2673,KB1,ARQ,Default,200,1,0,50,32,2.1375,0.487805,748.538
2674,KB1,ARQ,Default,200,1,0,50,32,2.1409,0.487805,747.349
2675,KB1,ARQ,Default,200,1,0,50,32,2.1355,0.487805,749.239
2676,KB1,ARQ,Default,200,1,0,50,32,2.1369,0.487805,748.748
2677,KB1,ARQ,Default,200,1,0,50,32,2.1417,0.487805,747.07
2678,KB1,ARQ,Default,200,1,0,50,32,2.1303,0.487805,751.068
2679,KB1,ARQ,Default,200,1,0,50,32,2.1321,0.487805,750.434
2680,KB1,ARQ,Default,200,1,0,50,32,2.1351,0.487805,749.379
2681,KB1,ARQ,Default,200,1,0,50,32,2.1542,0.487805,742.735
2682,KB1,ARQ,Default,200,1,0,50,32,2.1305,0.487805,750.997
2683,KB1,ARQ,Default,200,1,0,50,32,2.1373,0.487805,748.608
2684,KB1,ARQ,Default,200,1,0,50,32,2.1512,0.487805,743.771
2685,KB1,ARQ,Default,200,1,0,50,32,2.1312,0.487805,750.751
2686,KB1,ARQ,Default,200,1,0,50,32,2.1384,0.487805,748.223
2687,KB1,ARQ,Default,200,1,0,50,32,2.1249,0.487805,752.977
2688,KB1,ARQ,Default,200,1,0,50,32,2.1403,0.487805,747.559
2689,KB1,ARQ,Default,200,1,0,50,32,2.132,0.487805,750.469
2690,KB1,ARQ,Default,200,1,0,50,32,2.14,0.487805,747.664
2691,KB1,ARQ,Default,200,1,0,50,32,2.1282,0.487805,751.809
2692,KB1,ARQ,Default,200,1,0,50,32,2.1559,0.487805,742.149
2693,KB1,ARQ,Default,200,1,0,50,32,2.1328,0.487805,750.188
2694,KB1,ARQ,Default,200,1,0,50,32,2.1362,0.487805,748.994
2695,KB1,ARQ,Default,200,1,0,50,32,2.1332,0.487805,750.047
2696,KB1,ARQ,Default,200,1,0,50,32,2.1337,0.487805,749.871
2697,KB1,ARQ,Default,200,1,0,50,32,2.1862,0.487805,731.864
2698,KB1,ARQ,Default,200,1,0,50,32,2.1324,0.487805,750.328
2699,KB1,ARQ,Default,200,1,0,50,32,2.1353,0.487805,749.309
2700,KB1,ARQ,Default,200,1,0,50,32,2.1412,0.487805,747.245
2701,KB1,ARQ,Default,200,1,0,50,32,2.1256,0.487805,752.729
2702,KB1,ARQ,Default,200,1,0,50,32,2.1303,0.487805,751.068
2703,KB1,ARQ,Default,200,1,0,50,32,2.1306,0.487805,750.962
2704,KB1,ARQ,Default,200,1,0,50,32,2.1605,0.487805,740.569
2705,KB1,ARQ,Default,200,1,0,50,32,2.1324,0.487805,750.328
2706,KB1,ARQ,Default,200,1,0,50,32,2.1563,0.487805,742.012
2707,KB1,ARQ,Default,200,1,0,50,32,2.1642,0.487805,739.303
2708,KB1,ARQ,Default,200,1,0,50,32,2.2277,0.487805,718.23
2709,KB1,ARQ,Default,200,1,0,50,32,2.1627,0.487805,739.816
2710,KB1,ARQ,Default,200,1,0,50,32,2.1376,0.487805,748.503
2711,KB1,ARQ,Default,200,1,0,50,32,2.1784,0.487805,734.484
2712,KB1,ARQ,Default,200,1,0,50,32,2.1449,0.487805,745.956
2713,KB1,ARQ,Default,200,1,0,50,32,2.1474,0.487805,745.087
2714,KB1,ARQ,Default,200,1,0,50,32,2.142,0.487805,746.965
2715,KB1,ARQ,Default,200,1,0,50,32,2.1676,0.487805,738.144
2716,KB1,ARQ,Default,200,1,0,50,32,2.1412,0.487805,747.245
2717,KB1,ARQ,Default,200,1,0,50,32,2.1409,0.487805,747.349
2718,KB1,ARQ,Default,200,1,0,50,32,2.1412,0.487805,747.245
2719,KB1,ARQ,Default,200,1,0,50,32,2.1359,0.487805,749.099
2720,KB1,ARQ,Default,200,1,0,50,32,2.1308,0.487805,750.892
2721,KB1,ARQ,Default,200,1,0,50,32,2.1676,0.487805,738.144
2722,KB1,ARQ,Default,200,1,0,50,32,2.1347,0.487805,749.52
2723,KB1,ARQ,Default,200,1,0,50,32,2.1359,0.487805,749.099
2724,KB1,ARQ,Default,200,1,0,50,32,2.1372,0.487805,748.643
2725,KB1,ARQ,Default,200,1,0,50,32,2.1519,0.487805,743.529
2726,KB1,ARQ,Default,200,1,0,50,32,2.139,0.487805,748.013
2727,KB1,ARQ,Default,200,1,0,50,32,2.138,0.487805,748.363
2728,KB1,ARQ,Default,200,1,0,50,32,2.1458,0.487805,745.643
2729,KB1,ARQ,Default,200,1,0,50,32,2.1417,0.487805,747.07
2730,KB1,ARQ,Default,200,1,0,50,32,2.1442,0.487805,746.199
2731,KB1,ARQ,Default,200,1,0,50,32,2.1607,0.487805,740.501
2732,KB1,ARQ,Default,200,1,0,50,32,2.145,0.487805,745.921
2733,KB1,ARQ,Default,200,1,0,50,32,2.1348,0.487805,749.485
2734,KB1,ARQ,Default,200,1,0,50,32,2.168,0.487805,738.007
2735,KB1,ARQ,Default,200,1,0,50,32,2.1624,0.487805,739.919
2736,KB1,ARQ,Default,200,1,0,50,32,2.1448,0.487805,745.99
2737,KB1,ARQ,Default,200,1,0,50,32,2.1371,0.487805,748.678
2738,KB1,ARQ,Default,200,1,0,50,32,2.1366,0.487805,748.853
2739,KB1,ARQ,Default,200,1,0,50,32,2.2478,0.487805,711.807
2740,KB1,ARQ,Default,200,1,0,50,32,2.1328,0.487805,750.188
2741,KB1,ARQ,Default,200,1,0,50,32,2.1387,0.487805,748.118
2742,KB1,ARQ,Default,200,1,0,50,32,2.1363,0.487805,748.958
2743,KB1,ARQ,Default,200,1,0,50,32,2.1459,0.487805,745.608
2744,KB1,ARQ,Default,200,1,0,50,32,2.138,0.487805,748.363
2745,KB1,ARQ,Default,200,1,0,50,32,2.143,0.487805,746.617
2746,KB1,ARQ,Default,200,1,0,50,32,2.1399,0.487805,747.698
2747,KB1,ARQ,Default,200,1,0,50,32,2.143,0.487805,746.617
2748,KB1,ARQ,Default,200,1,0,50,32,2.147,0.487805,745.226
2749,KB1,ARQ,Default,200,1,0,50,32,2.1389,0.487805,748.048
2750,KB1,ARQ,Default,200,1,0,50,32,2.1445,0.487805,746.095
2751,KB1,ARQ,Default,200,1,0,50,32,2.1341,0.487805,749.731
2752,KB1,ARQ,Default,200,1,0,50,32,2.3483,0.487805,681.344
2753,KB1,ARQ,Default,200,1,0,50,32,2.1382,0.487805,748.293
2754,KB1,ARQ,Default,200,1,0,50,32,2.133,0.487805,750.117
2755,KB1,ARQ,Default,200,1,0,50,32,2.1365,0.487805,748.888
2756,KB1,ARQ,Default,200,1,0,50,32,2.1363,0.487805,748.958
2757,KB1,ARQ,Default,200,1,0,50,32,2.1417,0.487805,747.07
2758,KB1,ARQ,Default,200,1,0,50,32,2.1513,0.487805,743.736
2759,KB1,ARQ,Default,200,1,0,50,32,2.1771,0.487805,734.923
2760,KB1,ARQ,Default,200,1,0,50,32,2.1788,0.487805,734.349
2761,KB1,ARQ,Default,200,1,0,50,32,2.6237,0.487805,609.826
2762,KB1,ARQ,Default,200,1,0,50,32,2.1506,0.487805,743.978
2763,KB1,ARQ,Default,200,1,0,50,32,2.1387,0.487805,748.118
2764,KB1,ARQ,Default,200,1,0,50,32,2.144,0.487805,746.269
2765,KB1,ARQ,Default,200,1,0,50,32,2.1484,0.487805,744.74
2766,KB1,ARQ,Default,200,1,0,50,32,2.1921,0.487805,729.894
2767,KB1,ARQ,Default,200,1,0,50,32,2.1552,0.487805,742.39
2768,KB1,ARQ,Default,200,1,0,50,32,2.1946,0.487805,729.062
2769,KB1,ARQ,Default,200,1,0,50,32,2.2001,0.487805,727.24
2770,KB1,ARQ,Default,200,1,0,50,32,2.1287,0.487805,751.632
2771,KB1,ARQ,Default,200,1,0,50,32,2.1442,0.487805,746.199
2772,KB1,ARQ,Default,200,1,0,50,32,2.1397,0.487805,747.768
2773,KB1,ARQ,Default,200,1,0,50,32,2.431,0.487805,658.165
2774,KB1,ARQ,Default,200,1,0,50,32,2.1589,0.487805,741.118
2775,KB1,ARQ,Default,200,1,0,50,32,2.2772,0.487805,702.617
2776,KB1,ARQ,Default,200,1,0,50,32,2.3376,0.487805,684.463
2777,KB1,ARQ,Default,200,1,0,50,32,2.157,0.487805,741.771
2778,KB1,ARQ,Default,200,1,0,50,32,2.1461,0.487805,745.538
2779,KB1,ARQ,Default,200,1,0,50,32,2.1366,0.487805,748.853
2780,KB1,ARQ,Default,200,1,0,50,32,2.1661,0.487805,738.655
2781,KB1,ARQ,Default,200,1,0,50,32,2.1594,0.487805,740.947
2782,KB1,ARQ,Default,200,1,0,50,32,2.1655,0.487805,738.859
2783,KB1,ARQ,Default,200,1,0,50,32,2.4146,0.487805,662.636
2784,KB1,ARQ,Default,200,1,0,50,32,2.1548,0.487805,742.528
2785,KB1,ARQ,Default,200,1,0,50,32,2.1637,0.487805,739.474
2786,KB1,ARQ,Default,200,1,0,50,32,2.1312,0.487805,750.751
2787,KB1,ARQ,Default,200,1,0,50,32,2.202,0.487805,726.612
2788,KB1,ARQ,Default,200,1,0,50,32,2.1879,0.487805,731.295
2789,KB1,ARQ,Default,200,1,0,50,32,2.1518,0.487805,743.564
2790,KB1,ARQ,Default,200,1,0,50,32,2.4965,0.487805,640.897
2791,KB1,ARQ,Default,200,1,0,50,32,2.1709,0.487805,737.022
2792,KB1,ARQ,Default,200,1,0,50,32,2.1744,0.487805,735.835
2793,KB1,ARQ,Default,200,1,0,50,32,2.2078,0.487805,724.703
2794,KB1,ARQ,Default,200,1,0,50,32,2.1688,0.487805,737.735
2795,KB1,ARQ,Default,200,1,0,50,32,2.1579,0.487805,741.462
2796,KB1,ARQ,Default,200,1,0,50,32,2.1297,0.487805,751.28
2797,KB1,ARQ,Default,200,1,0,50,32,2.1363,0.487805,748.958
2798,KB1,ARQ,Default,200,1,0,50,32,2.1402,0.487805,747.594
2799,KB1,ARQ,Default,200,1,0,50,32,2.1402,0.487805,747.594
2800,KB1,ARQ,Default,200,1,0,50,32,2.1568,0.487805,741.84
2801,KB1,ARQ,Default,200,1,0,50,32,2.1406,0.487805,747.454
2802,KB1,ARQ,Default,200,1,0,50,32,2.1821,0.487805,733.239
2803,KB1,ARQ,Default,200,1,0,50,32,2.144,0.487805,746.269
2804,KB1,ARQ,Default,200,1,0,50,32,2.1354,0.487805,749.274
2805,KB1,ARQ,Default,200,1,0,50,32,2.1288,0.487805,751.597
2806,KB1,ARQ,Default,200,1,0,50,32,2.136,0.487805,749.064
2807,KB1,ARQ,Default,200,1,0,50,32,2.1355,0.487805,749.239
2808,KB1,ARQ,Default,200,1,0,50,32,2.1308,0.487805,750.892
2809,KB1,ARQ,Default,200,1,0,50,32,2.212,0.487805,723.327
2810,KB1,ARQ,Default,200,1,0,50,32,2.1311,0.487805,750.786
2811,KB1,ARQ,Default,200,1,0,50,32,2.1256,0.487805,752.729
2812,KB1,ARQ,Default,200,1,0,50,32,2.1362,0.487805,748.994
2813,KB1,ARQ,Default,200,1,0,50,32,2.1516,0.487805,743.633
2814,KB1,ARQ,Default,200,1,0,50,32,2.1565,0.487805,741.943
2815,KB1,ARQ,Default,200,1,0,50,32,2.1369,0.487805,748.748
2816,KB1,ARQ,Default,200,1,0,50,32,2.1333,0.487805,750.012
2817,KB1,ARQ,Default,200,1,0,50,32,2.1908,0.487805,730.327
2818,KB1,ARQ,Default,200,1,0,50,32,2.1507,0.487805,743.944
2819,KB1,ARQ,Default,200,1,0,50,32,2.1374,0.487805,748.573
2820,KB1,ARQ,Default,200,1,0,50,32,2.1348,0.487805,749.485
2821,KB1,ARQ,Default,200,1,0,50,32,2.1542,0.487805,742.735
2822,KB1,ARQ,Default,200,1,0,50,32,2.1339,0.487805,749.801
2823,KB1,ARQ,Default,200,1,0,50,32,2.1296,0.487805,751.315
2824,KB1,ARQ,Default,200,1,0,50,32,2.1354,0.487805,749.274
2825,KB1,ARQ,Default,200,1,0,50,32,2.1769,0.487805,734.99
2826,KB1,ARQ,Default,200,1,0,50,32,2.1325,0.487805,750.293
2827,KB1,ARQ,Default,200,1,0,50,32,2.1451,0.487805,745.886
2828,KB1,ARQ,Default,200,1,0,50,32,2.1658,0.487805,738.757
2829,KB1,ARQ,Default,200,1,0,50,32,2.1396,0.487805,747.803
2830,KB1,ARQ,Default,200,1,0,50,32,2.1356,0.487805,749.204
2831,KB1,ARQ,Default,200,1,0,50,32,2.1459,0.487805,745.608
2832,KB1,ARQ,Default,200,1,0,50,32,2.2054,0.487805,725.492
2833,KB1,ARQ,Default,200,1,0,50,32,2.1335,0.487805,749.941
2834,KB1,ARQ,Default,200,1,0,50,32,2.1465,0.487805,745.399
2835,KB1,ARQ,Default,200,1,0,50,32,2.1465,0.487805,745.399
2836,KB1,ARQ,Default,200,1,0,50,32,2.1268,0.487805,752.304
2837,KB1,ARQ,Default,200,1,0,50,32,2.135,0.487805,749.415
2838,KB1,ARQ,Default,200,1,0,50,32,2.1309,0.487805,750.856
2839,KB1,ARQ,Default,200,1,0,50,32,2.1495,0.487805,744.359
2840,KB1,ARQ,Default,200,1,0,50,32,2.1431,0.487805,746.582
2841,KB1,ARQ,Default,200,1,0,50,32,2.1688,0.487805,737.735
2842,KB1,ARQ,Default,200,1,0,50,32,2.1809,0.487805,733.642
2843,KB1,ARQ,Default,200,1,0,50,32,2.1305,0.487805,750.997
2844,KB1,ARQ,Default,200,1,0,50,32,2.1352,0.487805,749.344
2845,KB1,ARQ,Default,200,1,0,50,32,2.1393,0.487805,747.908
2846,KB1,ARQ,Default,200,1,0,50,32,2.1485,0.487805,744.706
2847,KB1,ARQ,Default,200,1,0,50,32,2.1624,0.487805,739.919
2848,KB1,ARQ,Default,200,1,0,50,32,2.1421,0.487805,746.931
2849,KB1,ARQ,Default,200,1,0,50,32,2.1558,0.487805,742.184
2850,KB1,ARQ,Default,200,1,0,50,32,2.1392,0.487805,747.943
2851,KB1,ARQ,Default,200,1,0,50,32,2.136,0.487805,749.064
2852,KB1,ARQ,Default,200,1,0,50,32,2.1364,0.487805,748.923
2853,KB1,ARQ,Default,200,1,0,50,32,2.1328,0.487805,750.188
2854,KB1,ARQ,Default,200,1,0,50,32,2.1542,0.487805,742.735
2855,KB1,ARQ,Default,200,1,0,50,32,2.1646,0.487805,739.167
2856,KB1,ARQ,Default,200,1,0,50,32,2.149,0.487805,744.532
2857,KB1,ARQ,Default,200,1,0,50,32,2.1303,0.487805,751.068
2858,KB1,ARQ,Default,200,1,0,50,32,2.1719,0.487805,736.682
2859,KB1,ARQ,Default,200,1,0,50,32,2.1613,0.487805,740.295
2860,KB1,ARQ,Default,200,1,0,50,32,2.2117,0.487805,723.425
2861,KB1,ARQ,Default,200,1,0,50,32,2.1554,0.487805,742.322
2862,KB1,ARQ,Default,200,1,0,50,32,2.3383,0.487805,684.258
2863,KB1,ARQ,Default,200,1,0,50,32,2.1492,0.487805,744.463
2864,KB1,ARQ,Default,200,1,0,50,32,2.1256,0.487805,752.729
2865,KB1,ARQ,Default,200,1,0,50,32,2.1348,0.487805,749.485
2866,KB1,ARQ,Default,200,1,0,50,32,2.1483,0.487805,744.775
2867,KB1,ARQ,Default,200,1,0,50,32,2.1579,0.487805,741.462
2868,KB1,ARQ,Default,200,1,0,50,32,2.1451,0.487805,745.886
2869,KB1,ARQ,Default,200,1,0,50,32,2.2165,0.487805,721.859
2870,KB1,ARQ,Default,200,1,0,50,32,2.1614,0.487805,740.261
2871,KB1,ARQ,Default,200,1,0,50,32,2.1863,0.487805,731.83
2872,KB1,ARQ,Default,200,1,0,50,32,2.2176,0.487805,721.501
2873,KB1,ARQ,Default,200,1,0,50,32,2.3242,0.487805,688.409
2874,KB1,ARQ,Default,200,1,0,50,32,2.1545,0.487805,742.632
2875,KB1,ARQ,Default,200,1,0,50,32,2.17,0.487805,737.327
2876,KB1,ARQ,Default,200,1,0,50,32,2.1672,0.487805,738.28
2877,KB1,ARQ,Default,200,1,0,50,32,2.1868,0.487805,731.663
2878,KB1,ARQ,Default,200,1,0,50,32,2.2375,0.487805,715.084
2879,KB1,ARQ,Default,200,1,0,50,32,2.2758,0.487805,703.049
2880,KB1,ARQ,Default,200,1,0,50,32,2.2448,0.487805,712.758
2881,KB1,ARQ,Default,200,1,0,50,32,2.1332,0.487805,750.047
2882,KB1,ARQ,Default,200,1,0,50,32,2.1454,0.487805,745.782
2883,KB1,ARQ,Default,200,1,0,50,32,2.1507,0.487805,743.944
2884,KB1,ARQ,Default,200,1,0,50,32,2.1606,0.487805,740.535
2885,KB1,ARQ,Default,200,1,0,50,32,2.1566,0.487805,741.909
2886,KB1,ARQ,Default,200,1,0,50,32,2.1901,0.487805,730.56
2887,KB1,ARQ,Default,200,1,0,50,32,2.1532,0.487805,743.08
2888,KB1,ARQ,Default,200,1,0,50,32,2.1761,0.487805,735.26
2889,KB1,ARQ,Default,200,1,0,50,32,2.2233,0.487805,719.651
2890,KB1,ARQ,Default,200,1,0,50,32,2.1422,0.487805,746.896
2891,KB1,ARQ,Default,200,1,0,50,32,2.1759,0.487805,735.328
2892,KB1,ARQ,Default,200,1,0,50,32,2.1639,0.487805,739.406
2893,KB1,ARQ,Default,200,1,0,50,32,2.5291,0.487805,632.636
2894,KB1,ARQ,Default,200,1,0,50,32,2.1793,0.487805,734.181
2895,KB1,ARQ,Default,200,1,0,50,32,2.164,0.487805,739.372
2896,KB1,ARQ,Default,200,1,0,50,32,2.1581,0.487805,741.393
2897,KB1,ARQ,Default,200,1,0,50,32,2.1401,0.487805,747.629
2898,KB1,ARQ,Default,200,1,0,50,32,2.1725,0.487805,736.479
2899,KB1,ARQ,Default,200,1,0,50,32,2.197,0.487805,728.266
2900,KB1,ARQ,Default,200,1,0,50,32,2.3275,0.487805,687.433
2901,KB1,ARQ,Default,200,1,0,50,32,2.3243,0.487805,688.379
2902,KB1,ARQ,Default,200,1,0,50,32,2.1591,0.487805,741.05
2903,KB1,ARQ,Default,200,1,0,50,32,2.2363,0.487805,715.468
2904,KB1,ARQ,Default,200,1,0,50,32,2.1413,0.487805,747.21
2905,KB1,ARQ,Default,200,1,0,50,32,2.1477,0.487805,744.983
2906,KB1,ARQ,Default,200,1,0,50,32,2.1758,0.487805,735.362
2907,KB1,ARQ,Default,200,1,0,50,32,2.1592,0.487805,741.015
2908,KB1,ARQ,Default,200,1,0,50,32,2.1484,0.487805,744.74
2909,KB1,ARQ,Default,200,1,0,50,32,2.1719,0.487805,736.682
2910,KB1,ARQ,Default,200,1,0,50,32,2.4608,0.487805,650.195
2911,KB1,ARQ,Default,200,1,0,50,32,2.1299,0.487805,751.209
2912,KB1,ARQ,Default,200,1,0,50,32,2.1433,0.487805,746.512
2913,KB1,ARQ,Default,200,1,0,50,32,2.1763,0.487805,735.193
2914,KB1,ARQ,Default,200,1,0,50,32,2.1411,0.487805,747.279
2915,KB1,ARQ,Default,200,1,0,50,32,2.1541,0.487805,742.77
2916,KB1,ARQ,Default,200,1,0,50,32,2.1836,0.487805,732.735
2917,KB1,ARQ,Default,200,1,0,50,32,2.2168,0.487805,721.761
2918,KB1,ARQ,Default,200,1,0,50,32,2.1415,0.487805,747.14
2919,KB1,ARQ,Default,200,1,0,50,32,2.1574,0.487805,741.633
2920,KB1,ARQ,Default,200,1,0,50,32,2.1488,0.487805,744.602
2921,KB1,ARQ,Default,200,1,0,50,32,2.1361,0.487805,749.029
2922,KB1,ARQ,Default,200,1,0,50,32,2.1303,0.487805,751.068
2923,KB1,ARQ,Default,200,1,0,50,32,2.1532,0.487805,743.08
2924,KB1,ARQ,Default,200,1,0,50,32,2.1412,0.487805,747.245
2925,KB1,ARQ,Default,200,1,0,50,32,2.1402,0.487805,747.594
2926,KB1,ARQ,Default,200,1,0,50,32,2.1711,0.487805,736.954
2927,KB1,ARQ,Default,200,1,0,50,32,2.1342,0.487805,749.695
2928,KB1,ARQ,Default,200,1,0,50,32,2.188,0.487805,731.261
2929,KB1,ARQ,Default,200,1,0,50,32,2.1397,0.487805,747.768
2930,KB1,ARQ,Default,200,1,0,50,32,2.1522,0.487805,743.425
2931,KB1,ARQ,Default,200,1,0,50,32,2.1621,0.487805,740.021
2932,KB1,ARQ,Default,200,1,0,50,32,2.1449,0.487805,745.956
2933,KB1,ARQ,Default,200,1,0,50,32,2.1507,0.487805,743.944
2934,KB1,ARQ,Default,200,1,0,50,32,2.1455,0.487805,745.747
2935,KB1,ARQ,Default,200,1,0,50,32,2.1492,0.487805,744.463
2936,KB1,ARQ,Default,200,1,0,50,32,2.1353,0.487805,749.309
2937,KB1,ARQ,Default,200,1,0,50,32,2.1376,0.487805,748.503
2938,KB1,ARQ,Default,200,1,0,50,32,2.157,0.487805,741.771
2939,KB1,ARQ,Default,200,1,0,50,32,2.1362,0.487805,748.994
2940,KB1,ARQ,Default,200,1,0,50,32,2.1254,0.487805,752.799
2941,KB1,ARQ,Default,200,1,0,50,32,2.1426,0.487805,746.756
2942,KB1,ARQ,Default,200,1,0,50,32,2.1437,0.487805,746.373
2943,KB1,ARQ,Default,200,1,0,50,32,2.1657,0.487805,738.791
2944,KB1,ARQ,Default,200,1,0,50,32,2.1416,0.487805,747.105
2945,KB1,ARQ,Default,200,1,0,50,32,2.1891,0.487805,730.894
2946,KB1,ARQ,Default,200,1,0,50,32,2.1611,0.487805,740.364
2947,KB1,ARQ,Default,200,1,0,50,32,2.1408,0.487805,747.384
2948,KB1,ARQ,Default,200,1,0,50,32,2.141,0.487805,747.314
2949,KB1,ARQ,Default,200,1,0,50,32,2.1342,0.487805,749.695
2950,KB1,ARQ,Default,200,1,0,50,32,2.1741,0.487805,735.937
2951,KB1,ARQ,Default,200,1,0,50,32,2.1501,0.487805,744.151
2952,KB1,ARQ,Default,200,1,0,50,32,2.1278,0.487805,751.95
2953,KB1,ARQ,Default,200,1,0,50,32,2.1352,0.487805,749.344
2954,KB1,ARQ,Default,200,1,0,50,32,2.1408,0.487805,747.384
2955,KB1,ARQ,Default,200,1,0,50,32,2.1368,0.487805,748.783
2956,KB1,ARQ,Default,200,1,0,50,32,2.1425,0.487805,746.791
2957,KB1,ARQ,Default,200,1,0,50,32,2.1441,0.487805,746.234
2958,KB1,ARQ,Default,200,1,0,50,32,2.1778,0.487805,734.686
2959,KB1,ARQ,Default,200,1,0,50,32,2.1396,0.487805,747.803
2960,KB1,ARQ,Default,200,1,0,50,32,2.1438,0.487805,746.338
2961,KB1,ARQ,Default,200,1,0,50,32,2.1432,0.487805,746.547
2962,KB1,ARQ,Default,200,1,0,50,32,2.1413,0.487805,747.21
2963,KB1,ARQ,Default,200,1,0,50,32,2.1265,0.487805,752.41
2964,KB1,ARQ,Default,200,1,0,50,32,2.1609,0.487805,740.432
2965,KB1,ARQ,Default,200,1,0,50,32,2.2572,0.487805,708.843
2966,KB1,ARQ,Default,200,1,0,50,32,2.2247,0.487805,719.198
2967,KB1,ARQ,Default,200,1,0,50,32,2.147,0.487805,745.226
2968,KB1,ARQ,Default,200,1,0,50,32,2.1404,0.487805,747.524
2969,KB1,ARQ,Default,200,1,0,50,32,2.1337,0.487805,749.871
2970,KB1,ARQ,Default,200,1,0,50,32,2.1351,0.487805,749.379
2971,KB1,ARQ,Default,200,1,0,50,32,2.1459,0.487805,745.608
2972,KB1,ARQ,Default,200,1,0,50,32,2.2227,0.487805,719.845
2973,KB1,ARQ,Default,200,1,0,50,32,2.1523,0.487805,743.391
2974,KB1,ARQ,Default,200,1,0,50,32,2.1449,0.487805,745.956
2975,KB1,ARQ,Default,200,1,0,50,32,2.1323,0.487805,750.363
2976,KB1,ARQ,Default,200,1,0,50,32,2.1509,0.487805,743.875
2977,KB1,ARQ,Default,200,1,0,50,32,2.1368,0.487805,748.783
2978,KB1,ARQ,Default,200,1,0,50,32,2.1364,0.487805,748.923
2979,KB1,ARQ,Default,200,1,0,50,32,2.1599,0.487805,740.775
2980,KB1,ARQ,Default,200,1,0,50,32,2.1742,0.487805,735.903
2981,KB1,ARQ,Default,200,1,0,50,32,2.152,0.487805,743.494
2982,KB1,ARQ,Default,200,1,0,50,32,2.2433,0.487805,713.235
2983,KB1,ARQ,Default,200,1,0,50,32,2.164,0.487805,739.372
2984,KB1,ARQ,Default,200,1,0,50,32,2.1632,0.487805,739.645
2985,KB1,ARQ,Default,200,1,0,50,32,2.142,0.487805,746.965
2986,KB1,ARQ,Default,200,1,0,50,32,2.1792,0.487805,734.214
2987,KB1,ARQ,Default,200,1,0,50,32,2.1838,0.487805,732.668
2988,KB1,ARQ,Default,200,1,0,50,32,2.1601,0.487805,740.706
2989,KB1,ARQ,Default,200,1,0,50,32,2.2692,0.487805,705.094
2990,KB1,ARQ,Default,200,1,0,50,32,2.202,0.487805,726.612
2991,KB1,ARQ,Default,200,1,0,50,32,2.206,0.487805,725.295
2992,KB1,ARQ,Default,200,1,0,50,32,2.1524,0.487805,743.356
2993,KB1,ARQ,Default,200,1,0,50,32,2.1858,0.487805,731.997
2994,KB1,ARQ,Default,200,1,0,50,32,2.2448,0.487805,712.758
2995,KB1,ARQ,Default,200,1,0,50,32,2.184,0.487805,732.601
2996,KB1,ARQ,Default,200,1,0,50,32,2.4546,0.487805,651.837
2997,KB1,ARQ,Default,200,1,0,50,32,2.2168,0.487805,721.761
2998,KB1,ARQ,Default,200,1,0,50,32,2.165,0.487805,739.03
2999,KB1,ARQ,Default,200,1,0,50,32,2.1627,0.487805,739.816
3000,KB1,ARQ,Default,200,1,0,50,32,2.1504,0.487805,744.048
3001,KB1,HARQ,Default,200,1,0,50,32,34.5559,0.487805,46.3018
3002,KB1,HARQ,Default,200,1,0,50,32,33.4076,0.487805,47.8933
3003,KB1,HARQ,Default,200,1,0,50,32,33.428,0.487805,47.8641
3004,KB1,HARQ,Default,200,1,0,50,32,33.379,0.487805,47.9343
3005,KB1,HARQ,Default,200,1,0,50,32,33.4427,0.487805,47.843
3006,KB1,HARQ,Default,200,1,0,50,32,33.5568,0.487805,47.6804
3007,KB1,HARQ,Default,200,1,0,50,32,34.2486,0.487805,46.7172
3008,KB1,HARQ,Default,200,1,0,50,32,34.5648,0.487805,46.2899
3009,KB1,HARQ,Default,200,1,0,50,32,34.0345,0.487805,47.0111
3010,KB1,HARQ,Default,200,1,0,50,32,33.5804,0.487805,47.6468
3011,KB1,HARQ,Default,200,1,0,50,32,33.6911,0.487805,47.4903
3012,KB1,HARQ,Default,200,1,0,50,32,35.3451,0.487805,45.2679
3013,KB1,HARQ,Default,200,1,0,50,32,34.3091,0.487805,46.6349
3014,KB1,HARQ,Default,200,1,0,50,32,34.2908,0.487805,46.6597
3015,KB1,HARQ,Default,200,1,0,50,32,34.9815,0.487805,45.7385
3016,KB1,HARQ,Default,200,1,0,50,32,33.9411,0.487805,47.1405
3017,KB1,HARQ,Default,200,1,0,50,32,33.7535,0.487805,47.4025
3018,KB1,HARQ,Default,200,1,0,50,32,33.5609,0.487805,47.6745
3019,KB1,HARQ,Default,200,1,0,50,32,33.3847,0.487805,47.9261
3020,KB1,HARQ,Default,200,1,0,50,32,34.3438,0.487805,46.5877
3021,KB1,HARQ,Default,200,1,0,50,32,34.6588,0.487805,46.1643
3022,KB1,HARQ,Default,200,1,0,50,32,33.9578,0.487805,47.1173
3023,KB1,HARQ,Default,200,1,0,50,32,34.3835,0.487805,46.5339
3024,KB1,HARQ,Default,200,1,0,50,32,33.9374,0.487805,47.1456
3025,KB1,HARQ,Default,200,1,0,50,32,33.6817,0.487805,47.5035
3026,KB1,HARQ,Default,200,1,0,50,32,33.9705,0.487805,47.0997
3027,KB1,HARQ,Default,200,1,0,50,32,34.2422,0.487805,46.726
3028,KB1,HARQ,Default,200,1,0,50,32,33.9514,0.487805,47.1262
3029,KB1,HARQ,Default,200,1,0,50,32,35.601,0.487805,44.9426
3030,KB1,HARQ,Default,200,1,0,50,32,33.8749,0.487805,47.2326
3031,KB1,HARQ,Default,200,1,0,50,32,35.5058,0.487805,45.0631
3032,KB1,HARQ,Default,200,1,0,50,32,34.3719,0.487805,46.5497
3033,KB1,HARQ,Default,200,1,0,50,32,35.1762,0.487805,45.4853
3034,KB1,HARQ,Default,200,1,0,50,32,34.2985,0.487805,46.6493
3035,KB1,HARQ,Default,200,1,0,50,32,35.3816,0.487805,45.2212
3036,KB1,HARQ,Default,200,1,0,50,32,39.2605,0.487805,40.7534
3037,KB1,HARQ,Default,200,1,0,50,32,38.3495,0.487805,41.7215
3038,KB1,HARQ,Default,200,1,0,50,32,44.471,0.487805,35.9785
3039,KB1,HARQ,Default,200,1,0,50,32,34.6428,0.487805,46.1856
3040,KB1,HARQ,Default,200,1,0,50,32,32.629,0.487805,49.0361
3041,KB1,HARQ,Default,200,1,0,50,32,32.8383,0.487805,48.7236
3042,KB1,HARQ,Default,200,1,0,50,32,33.4854,0.487805,47.782
3043,KB1,HARQ,Default,200,1,0,50,32,32.6773,0.487805,48.9637
3044,KB1,HARQ,Default,200,1,0,50,32,32.615,0.487805,49.0572
3045,KB1,HARQ,Default,200,1,0,50,32,46.2147,0.487805,34.621
3046,KB1,HARQ,Default,200,1,0,50,32,33.2761,0.487805,48.0826
3047,KB1,HARQ,Default,200,1,0,50,32,37.9757,0.487805,42.1322
3048,KB1,HARQ,Default,200,1,0,50,32,38.9065,0.487805,41.1242
3049,KB1,HARQ,Default,200,1,0,50,32,34.6053,0.487805,46.2357
3050,KB1,HARQ,Default,200,1,0,50,32,33.728,0.487805,47.4383
3051,KB1,HARQ,Default,200,1,0,50,32,33.6907,0.487805,47.4909
3052,KB1,HARQ,Default,200,1,0,50,32,32.8271,0.487805,48.7402
3053,KB1,HARQ,Default,200,1,0,50,32,32.7165,0.487805,48.905
3054,KB1,HARQ,Default,200,1,0,50,32,32.659,0.487805,48.9911
3055,KB1,HARQ,Default,200,1,0,50,32,32.661,0.487805,48.9881
3056,KB1,HARQ,Default,200,1,0,50,32,33.4087,0.487805,47.8917
3057,KB1,HARQ,Default,200,1,0,50,32,32.47,0.487805,49.2763
3058,KB1,HARQ,Default,200,1,0,50,32,33.3422,0.487805,47.9872
3059,KB1,HARQ,Default,200,1,0,50,32,32.8594,0.487805,48.6923
3060,KB1,HARQ,Default,200,1,0,50,32,33.1024,0.487805,48.3349
3061,KB1,HARQ,Default,200,1,0,50,32,32.7711,0.487805,48.8235
3062,KB1,HARQ,Default,200,1,0,50,32,33.8314,0.487805,47.2933
3063,KB1,HARQ,Default,200,1,0,50,32,33.9152,0.487805,47.1765
3064,KB1,HARQ,Default,200,1,0,50,32,34.9693,0.487805,45.7544
3065,KB1,HARQ,Default,200,1,0,50,32,33.6069,0.487805,47.6093
3066,KB1,HARQ,Default,200,1,0,50,32,33.1539,0.487805,48.2598
3067,KB1,HARQ,Default,200,1,0,50,32,33.8801,0.487805,47.2254
3068,KB1,HARQ,Default,200,1,0,50,32,32.9472,0.487805,48.5625
3069,KB1,HARQ,Default,200,1,0,50,32,32.5386,0.487805,49.1724
3070,KB1,HARQ,Default,200,1,0,50,32,32.9717,0.487805,48.5265
3071,KB1,HARQ,Default,200,1,0,50,32,33.0095,0.487805,48.4709
3072,KB1,HARQ,Default,200,1,0,50,32,32.6727,0.487805,48.9705
3073,KB1,HARQ,Default,200,1,0,50,32,32.8128,0.487805,48.7615
3074,KB1,HARQ,Default,200,1,0,50,32,32.6608,0.487805,48.9884
3075,KB1,HARQ,Default,200,1,0,50,32,33.2492,0.487805,48.1215
3076,KB1,HARQ,Default,200,1,0,50,32,36.4832,0.487805,43.8558
3077,KB1,HARQ,Default,200,1,0,50,32,34.5378,0.487805,46.3261
3078,KB1,HARQ,Default,200,1,0,50,32,37.8323,0.487805,42.2919
3079,KB1,HARQ,Default,200,1,0,50,32,33.782,0.487805,47.3625
3080,KB1,HARQ,Default,200,1,0,50,32,33.5595,0.487805,47.6765
3081,KB1,HARQ,Default,200,1,0,50,32,33.4764,0.487805,47.7949
3082,KB1,HARQ,Default,200,1,0,50,32,33.2754,0.487805,48.0836
3083,KB1,HARQ,Default,200,1,0,50,32,33.8434,0.487805,47.2766
3084,KB1,HARQ,Default,200,1,0,50,32,33.7194,0.487805,47.4504
3085,KB1,HARQ,Default,200,1,0,50,32,33.8333,0.487805,47.2907
3086,KB1,HARQ,Default,200,1,0,50,32,34.1795,0.487805,46.8117
3087,KB1,HARQ,Default,200,1,0,50,32,33.3641,0.487805,47.9557
3088,KB1,HARQ,Default,200,1,0,50,32,33.9993,0.487805,47.0598
3089,KB1,HARQ,Default,200,1,0,50,32,33.5559,0.487805,47.6816
3090,KB1,HARQ,Default,200,1,0,50,32,33.8197,0.487805,47.3097
3091,KB1,HARQ,Default,200,1,0,50,32,34.9913,0.487805,45.7257
3092,KB1,HARQ,Default,200,1,0,50,32,34.851,0.487805,45.9097
3093,KB1,HARQ,Default,200,1,0,50,32,35.2967,0.487805,45.33
3094,KB1,HARQ,Default,200,1,0,50,32,35.4676,0.487805,45.1116
3095,KB1,HARQ,Default,200,1,0,50,32,35.1199,0.487805,45.5582
3096,KB1,HARQ,Default,200,1,0,50,32,36.8044,0.487805,43.4731
3097,KB1,HARQ,Default,200,1,0,50,32,35.6327,0.487805,44.9026
3098,KB1,HARQ,Default,200,1,0,50,32,35.2459,0.487805,45.3954
3099,KB1,HARQ,Default,200,1,0,50,32,34.3742,0.487805,46.5465
3100,KB1,HARQ,Default,200,1,0,50,32,34.4341,0.487805,46.4656
3101,KB1,HARQ,Default,200,1,0,50,32,33.3503,0.487805,47.9756
3102,KB1,HARQ,Default,200,1,0,50,32,32.927,0.487805,48.5923
3103,KB1,HARQ,Default,200,1,0,50,32,32.733,0.487805,48.8803
3104,KB1,HARQ,Default,200,1,0,50,32,32.8114,0.487805,48.7635
3105,KB1,HARQ,Default,200,1,0,50,32,32.7227,0.487805,48.8957
3106,KB1,HARQ,Default,200,1,0,50,32,33.6113,0.487805,47.603
3107,KB1,HARQ,Default,200,1,0,50,32,34.8868,0.487805,45.8626
3108,KB1,HARQ,Default,200,1,0,50,32,36.0407,0.487805,44.3943
3109,KB1,HARQ,Default,200,1,0,50,32,34.4341,0.487805,46.4656
3110,KB1,HARQ,Default,200,1,0,50,32,33.5966,0.487805,47.6239
3111,KB1,HARQ,Default,200,1,0,50,32,33.1805,0.487805,48.2211
3112,KB1,HARQ,Default,200,1,0,50,32,33.2562,0.487805,48.1113
3113,KB1,HARQ,Default,200,1,0,50,32,33.2168,0.487805,48.1684
3114,KB1,HARQ,Default,200,1,0,50,32,34.7093,0.487805,46.0972
3115,KB1,HARQ,Default,200,1,0,50,32,35.7754,0.487805,44.7235
3116,KB1,HARQ,Default,200,1,0,50,32,35.0894,0.487805,45.5978
3117,KB1,HARQ,Default,200,1,0,50,32,33.5569,0.487805,47.6802
3118,KB1,HARQ,Default,200,1,0,50,32,33.631,0.487805,47.5752
3119,KB1,HARQ,Default,200,1,0,50,32,33.2287,0.487805,48.1511
3120,KB1,HARQ,Default,200,1,0,50,32,33.7199,0.487805,47.4497
3121,KB1,HARQ,Default,200,1,0,50,32,33.0827,0.487805,48.3636
3122,KB1,HARQ,Default,200,1,0,50,32,34.6694,0.487805,46.1502
3123,KB1,HARQ,Default,200,1,0,50,32,41.3328,0.487805,38.7102
3124,KB1,HARQ,Default,200,1,0,50,32,34.7905,0.487805,45.9896
3125,KB1,HARQ,Default,200,1,0,50,32,34.4308,0.487805,46.47
3126,KB1,HARQ,Default,200,1,0,50,32,32.693,0.487805,48.9401
3127,KB1,HARQ,Default,200,1,0,50,32,32.7032,0.487805,48.9249
3128,KB1,HARQ,Default,200,1,0,50,32,34.8249,0.487805,45.9441
3129,KB1,HARQ,Default,200,1,0,50,32,33.2987,0.487805,48.0499
3130,KB1,HARQ,Default,200,1,0,50,32,32.717,0.487805,48.9042
3131,KB1,HARQ,Default,200,1,0,50,32,33.3703,0.487805,47.9468
3132,KB1,HARQ,Default,200,1,0,50,32,34.9159,0.487805,45.8244
3133,KB1,HARQ,Default,200,1,0,50,32,35.4874,0.487805,45.0864
3134,KB1,HARQ,Default,200,1,0,50,32,34.0315,0.487805,47.0153
3135,KB1,HARQ,Default,200,1,0,50,32,32.8462,0.487805,48.7119
3136,KB1,HARQ,Default,200,1,0,50,32,33.0518,0.487805,48.4089
3137,KB1,HARQ,Default,200,1,0,50,32,32.6664,0.487805,48.98
3138,KB1,HARQ,Default,200,1,0,50,32,32.6653,0.487805,48.9816
3139,KB1,HARQ,Default,200,1,0,50,32,34.5431,0.487805,46.3189
3140,KB1,HARQ,Default,200,1,0,50,32,34.6674,0.487805,46.1529
3141,KB1,HARQ,Default,200,1,0,50,32,34.3353,0.487805,46.5993
3142,KB1,HARQ,Default,200,1,0,50,32,32.9756,0.487805,48.5207
3143,KB1,HARQ,Default,200,1,0,50,32,33.1355,0.487805,48.2866
3144,KB1,HARQ,Default,200,1,0,50,32,33.2803,0.487805,48.0765
3145,KB1,HARQ,Default,200,1,0,50,32,33.9265,0.487805,47.1608
3146,KB1,HARQ,Default,200,1,0,50,32,34.2684,0.487805,46.6902
3147,KB1,HARQ,Default,200,1,0,50,32,34.0361,0.487805,47.0089
3148,KB1,HARQ,Default,200,1,0,50,32,34.1425,0.487805,46.8624
3149,KB1,HARQ,Default,200,1,0,50,32,33.6566,0.487805,47.539
3150,KB1,HARQ,Default,200,1,0,50,32,33.026,0.487805,48.4467
3151,KB1,HARQ,Default,200,1,0,50,32,32.6204,0.487805,49.0491
3152,KB1,HARQ,Default,200,1,0,50,32,32.9266,0.487805,48.5929
3153,KB1,HARQ,Default,200,1,0,50,32,33.1311,0.487805,48.293
3154,KB1,HARQ,Default,200,1,0,50,32,32.7079,0.487805,48.9178
3155,KB1,HARQ,Default,200,1,0,50,32,33.6839,0.487805,47.5004
3156,KB1,HARQ,Default,200,1,0,50,32,34.387,0.487805,46.5292
3157,KB1,HARQ,Default,200,1,0,50,32,34.0178,0.487805,47.0342
3158,KB1,HARQ,Default,200,1,0,50,32,33.3862,0.487805,47.924
3159,KB1,HARQ,Default,200,1,0,50,32,32.9363,0.487805,48.5786
3160,KB1,HARQ,Default,200,1,0,50,32,32.895,0.487805,48.6396
3161,KB1,HARQ,Default,200,1,0,50,32,32.764,0.487805,48.8341
3162,KB1,HARQ,Default,200,1,0,50,32,32.8631,0.487805,48.6868
3163,KB1,HARQ,Default,200,1,0,50,32,32.6467,0.487805,49.0095
3164,KB1,HARQ,Default,200,1,0,50,32,33.0809,0.487805,48.3663
3165,KB1,HARQ,Default,200,1,0,50,32,32.3521,0.487805,49.4558
3166,KB1,HARQ,Default,200,1,0,50,32,32.1532,0.487805,49.7618
3167,KB1,HARQ,Default,200,1,0,50,32,32.6559,0.487805,48.9957
3168,KB1,HARQ,Default,200,1,0,50,32,32.7166,0.487805,48.9048
3169,KB1,HARQ,Default,200,1,0,50,32,33.118,0.487805,48.3121
3170,KB1,HARQ,Default,200,1,0,50,32,33.1767,0.487805,48.2266
3171,KB1,HARQ,Default,200,1,0,50,32,33.8117,0.487805,47.3209
3172,KB1,HARQ,Default,200,1,0,50,32,33.6935,0.487805,47.4869
3173,KB1,HARQ,Default,200,1,0,50,32,33.3722,0.487805,47.9441
3174,KB1,HARQ,Default,200,1,0,50,32,33.2602,0.487805,48.1055
3175,KB1,HARQ,Default,200,1,0,50,32,32.7839,0.487805,48.8044
3176,KB1,HARQ,Default,200,1,0,50,32,32.7063,0.487805,48.9202
3177,KB1,HARQ,Default,200,1,0,50,32,32.7007,0.487805,48.9286
3178,KB1,HARQ,Default,200,1,0,50,32,32.8177,0.487805,48.7542
3179,KB1,HARQ,Default,200,1,0,50,32,32.6517,0.487805,49.002
3180,KB1,HARQ,Default,200,1,0,50,32,32.7974,0.487805,48.7844
3181,KB1,HARQ,Default,200,1,0,50,32,32.6244,0.487805,49.043
3182,KB1,HARQ,Default,200,1,0,50,32,32.7251,0.487805,48.8921
3183,KB1,HARQ,Default,200,1,0,50,32,32.8969,0.487805,48.6368
3184,KB1,HARQ,Default,200,1,0,50,32,32.836,0.487805,48.727
3185,KB1,HARQ,Default,200,1,0,50,32,32.632,0.487805,49.0316
3186,KB1,HARQ,Default,200,1,0,50,32,34.161,0.487805,46.837
3187,KB1,HARQ,Default,200,1,0,50,32,37.9606,0.487805,42.149
3188,KB1,HARQ,Default,200,1,0,50,32,38.6586,0.487805,41.3879
3189,KB1,HARQ,Default,200,1,0,50,32,39.6217,0.487805,40.3819
3190,KB1,HARQ,Default,200,1,0,50,32,33.7392,0.487805,47.4226
3191,KB1,HARQ,Default,200,1,0,50,32,33.9582,0.487805,47.1167
3192,KB1,HARQ,Default,200,1,0,50,32,33.8609,0.487805,47.2521
3193,KB1,HARQ,Default,200,1,0,50,32,33.6233,0.487805,47.586
3194,KB1,HARQ,Default,200,1,0,50,32,34.5642,0.487805,46.2907
3195,KB1,HARQ,Default,200,1,0,50,32,34.7375,0.487805,46.0597
3196,KB1,HARQ,Default,200,1,0,50,32,35.0109,0.487805,45.7001
3197,KB1,HARQ,Default,200,1,0,50,32,34.8732,0.487805,45.8805
3198,KB1,HARQ,Default,200,1,0,50,32,34.5268,0.487805,46.3408
3199,KB1,HARQ,Default,200,1,0,50,32,34.3502,0.487805,46.5791
3200,KB1,HARQ,Default,200,1,0,50,32,34.3147,0.487805,46.6272
3201,KB1,HARQ,Default,200,1,0,50,32,35.5428,0.487805,45.0161
3202,KB1,HARQ,Default,200,1,0,50,32,34.7543,0.487805,46.0375
3203,KB1,HARQ,Default,200,1,0,50,32,33.8583,0.487805,47.2558
3204,KB1,HARQ,Default,200,1,0,50,32,34.8297,0.487805,45.9378
3205,KB1,HARQ,Default,200,1,0,50,32,33.6921,0.487805,47.4889
3206,KB1,HARQ,Default,200,1,0,50,32,33.975,0.487805,47.0935
3207,KB1,HARQ,Default,200,1,0,50,32,33.8349,0.487805,47.2885
3208,KB1,HARQ,Default,200,1,0,50,32,34.5156,0.487805,46.3559
3209,KB1,HARQ,Default,200,1,0,50,32,33.5475,0.487805,47.6936
3210,KB1,HARQ,Default,200,1,0,50,32,33.2552,0.487805,48.1128
3211,KB1,HARQ,Default,200,1,0,50,32,34.1569,0.487805,46.8427
3212,KB1,HARQ,Default,200,1,0,50,32,35.3334,0.487805,45.2829
3213,KB1,HARQ,Default,200,1,0,50,32,35.6851,0.487805,44.8366
3214,KB1,HARQ,Default,200,1,0,50,32,34.2022,0.487805,46.7806
3215,KB1,HARQ,Default,200,1,0,50,32,33.5744,0.487805,47.6554
3216,KB1,HARQ,Default,200,1,0,50,32,35.6921,0.487805,44.8278
3217,KB1,HARQ,Default,200,1,0,50,32,34.2952,0.487805,46.6538
3218,KB1,HARQ,Default,200,1,0,50,32,33.8784,0.487805,47.2277
3219,KB1,HARQ,Default,200,1,0,50,32,33.5433,0.487805,47.6995
3220,KB1,HARQ,Default,200,1,0,50,32,33.9501,0.487805,47.128
3221,KB1,HARQ,Default,200,1,0,50,32,33.3494,0.487805,47.9769
3222,KB1,HARQ,Default,200,1,0,50,32,33.002,0.487805,48.4819
3223,KB1,HARQ,Default,200,1,0,50,32,33.5798,0.487805,47.6477
3224,KB1,HARQ,Default,200,1,0,50,32,33.5962,0.487805,47.6244
3225,KB1,HARQ,Default,200,1,0,50,32,33.0905,0.487805,48.3522
3226,KB1,HARQ,Default,200,1,0,50,32,35.4762,0.487805,45.1007
3227,KB1,HARQ,Default,200,1,0,50,32,33.8905,0.487805,47.2109
3228,KB1,HARQ,Default,200,1,0,50,32,33.9914,0.487805,47.0707
3229,KB1,HARQ,Default,200,1,0,50,32,33.9133,0.487805,47.1791
3230,KB1,HARQ,Default,200,1,0,50,32,35.9953,0.487805,44.4502
3231,KB1,HARQ,Default,200,1,0,50,32,35.6599,0.487805,44.8683
3232,KB1,HARQ,Default,200,1,0,50,32,36.715,0.487805,43.5789
3233,KB1,HARQ,Default,200,1,0,50,32,34.8588,0.487805,45.8995
3234,KB1,HARQ,Default,200,1,0,50,32,34.0714,0.487805,46.9602
3235,KB1,HARQ,Default,200,1,0,50,32,34.2199,0.487805,46.7564
3236,KB1,HARQ,Default,200,1,0,50,32,33.8201,0.487805,47.3091
3237,KB1,HARQ,Default,200,1,0,50,32,34.0383,0.487805,47.0059
3238,KB1,HARQ,Default,200,1,0,50,32,34.6906,0.487805,46.122
3239,KB1,HARQ,Default,200,1,0,50,32,34.5926,0.487805,46.2527
3240,KB1,HARQ,Default,200,1,0,50,32,34.1415,0.487805,46.8638
3241,KB1,HARQ,Default,200,1,0,50,32,34.5152,0.487805,46.3564
3242,KB1,HARQ,Default,200,1,0,50,32,34.4691,0.487805,46.4184
3243,KB1,HARQ,Default,200,1,0,50,32,34.6542,0.487805,46.1704
3244,KB1,HARQ,Default,200,1,0,50,32,35.3153,0.487805,45.3061
3245,KB1,HARQ,Default,200,1,0,50,32,34.6269,0.487805,46.2069
3246,KB1,HARQ,Default,200,1,0,50,32,35.7345,0.487805,44.7747
3247,KB1,HARQ,Default,200,1,0,50,32,35.0027,0.487805,45.7108
3248,KB1,HARQ,Default,200,1,0,50,32,33.978,0.487805,47.0893
3249,KB1,HARQ,Default,200,1,0,50,32,34.1968,0.487805,46.788
3250,KB1,HARQ,Default,200,1,0,50,32,33.625,0.487805,47.5836
3251,KB1,HARQ,Default,200,1,0,50,32,33.8429,0.487805,47.2773
3252,KB1,HARQ,Default,200,1,0,50,32,33.7589,0.487805,47.3949
3253,KB1,HARQ,Default,200,1,0,50,32,33.5156,0.487805,47.739
3254,KB1,HARQ,Default,200,1,0,50,32,34.0435,0.487805,46.9987
3255,KB1,HARQ,Default,200,1,0,50,32,33.8118,0.487805,47.3208
3256,KB1,HARQ,Default,200,1,0,50,32,33.8786,0.487805,47.2275
3257,KB1,HARQ,Default,200,1,0,50,32,34.2922,0.487805,46.6578
3258,KB1,HARQ,Default,200,1,0,50,32,34.1506,0.487805,46.8513
3259,KB1,HARQ,Default,200,1,0,50,32,33.8323,0.487805,47.2921
3260,KB1,HARQ,Default,200,1,0,50,32,33.7127,0.487805,47.4599
3261,KB1,HARQ,Default,200,1,0,50,32,33.3442,0.487805,47.9844
3262,KB1,HARQ,Default,200,1,0,50,32,38.3012,0.487805,41.7741
3263,KB1,HARQ,Default,200,1,0,50,32,33.3758,0.487805,47.9389
3264,KB1,HARQ,Default,200,1,0,50,32,33.2036,0.487805,48.1875
3265,KB1,HARQ,Default,200,1,0,50,32,34.8908,0.487805,45.8574
3266,KB1,HARQ,Default,200,1,0,50,32,36.9877,0.487805,43.2576
3267,KB1,HARQ,Default,200,1,0,50,32,41.1142,0.487805,38.916
3268,KB1,HARQ,Default,200,1,0,50,32,34.4863,0.487805,46.3952
3269,KB1,HARQ,Default,200,1,0,50,32,33.9179,0.487805,47.1727
3270,KB1,HARQ,Default,200,1,0,50,32,34.0976,0.487805,46.9241
3271,KB1,HARQ,Default,200,1,0,50,32,38.025,0.487805,42.0776
3272,KB1,HARQ,Default,200,1,0,50,32,54.549,0.487805,29.3314
3273,KB1,HARQ,Default,200,1,0,50,32,40.9594,0.487805,39.0631
3274,KB1,HARQ,Default,200,1,0,50,32,38.2559,0.487805,41.8236
3275,KB1,HARQ,Default,200,1,0,50,32,36.0174,0.487805,44.423
3276,KB1,HARQ,Default,200,1,0,50,32,35.3878,0.487805,45.2133
3277,KB1,HARQ,Default,200,1,0,50,32,35.453,0.487805,45.1302
3278,KB1,HARQ,Default,200,1,0,50,32,35.3573,0.487805,45.2523
3279,KB1,HARQ,Default,200,1,0,50,32,36.6186,0.487805,43.6936
3280,KB1,HARQ,Default,200,1,0,50,32,34.1627,0.487805,46.8347
3281,KB1,HARQ,Default,200,1,0,50,32,34.2318,0.487805,46.7402
3282,KB1,HARQ,Default,200,1,0,50,32,34.1217,0.487805,46.891
3283,KB1,HARQ,Default,200,1,0,50,32,36.2081,0.487805,44.189
3284,KB1,HARQ,Default,200,1,0,50,32,35.5006,0.487805,45.0697
3285,KB1,HARQ,Default,200,1,0,50,32,34.0266,0.487805,47.022
3286,KB1,HARQ,Default,200,1,0,50,32,33.7594,0.487805,47.3942
3287,KB1,HARQ,Default,200,1,0,50,32,33.0696,0.487805,48.3828
3288,KB1,HARQ,Default,200,1,0,50,32,34.1856,0.487805,46.8033
3289,KB1,HARQ,Default,200,1,0,50,32,33.922,0.487805,47.167
3290,KB1,HARQ,Default,200,1,0,50,32,33.4723,0.487805,47.8007
3291,KB1,HARQ,Default,200,1,0,50,32,33.2235,0.487805,48.1587
3292,KB1,HARQ,Default,200,1,0,50,32,32.9573,0.487805,48.5477
3293,KB1,HARQ,Default,200,1,0,50,32,33.5504,0.487805,47.6894
3294,KB1,HARQ,Default,200,1,0,50,32,32.8782,0.487805,48.6645
3295,KB1,HARQ,Default,200,1,0,50,32,35.4085,0.487805,45.1869
3296,KB1,HARQ,Default,200,1,0,50,32,34.2836,0.487805,46.6695
3297,KB1,HARQ,Default,200,1,0,50,32,34.2403,0.487805,46.7286
3298,KB1,HARQ,Default,200,1,0,50,32,34.3934,0.487805,46.5206
3299,KB1,HARQ,Default,200,1,0,50,32,34.3446,0.487805,46.5867
3300,KB1,HARQ,Default,200,1,0,50,32,34.8781,0.487805,45.8741
3301,KB1,HARQ,Default,200,1,0,50,32,35.53,0.487805,45.0324
3302,KB1,HARQ,Default,200,1,0,50,32,34.856,0.487805,45.9031
3303,KB1,HARQ,Default,200,1,0,50,32,36.2832,0.487805,44.0975
3304,KB1,HARQ,Default,200,1,0,50,32,34.9022,0.487805,45.8424
3305,KB1,HARQ,Default,200,1,0,50,32,35.4198,0.487805,45.1725
3306,KB1,HARQ,Default,200,1,0,50,32,34.4973,0.487805,46.3804
3307,KB1,HARQ,Default,200,1,0,50,32,35.5025,0.487805,45.0672
3308,KB1,HARQ,Default,200,1,0,50,32,33.8536,0.487805,47.2623
3309,KB1,HARQ,Default,200,1,0,50,32,33.0277,0.487805,48.4442
3310,KB1,HARQ,Default,200,1,0,50,32,33.8913,0.487805,47.2098
3311,KB1,HARQ,Default,200,1,0,50,32,34.1239,0.487805,46.888
3312,KB1,HARQ,Default,200,1,0,50,32,33.7024,0.487805,47.4744
3313,KB1,HARQ,Default,200,1,0,50,32,34.3099,0.487805,46.6338
3314,KB1,HARQ,Default,200,1,0,50,32,33.6647,0.487805,47.5275
3315,KB1,HARQ,Default,200,1,0,50,32,33.4713,0.487805,47.8021
3316,KB1,HARQ,Default,200,1,0,50,32,34.5326,0.487805,46.333
3317,KB1,HARQ,Default,200,1,0,50,32,33.2939,0.487805,48.0569
3318,KB1,HARQ,Default,200,1,0,50,32,33.1715,0.487805,48.2342
3319,KB1,HARQ,Default,200,1,0,50,32,33.0826,0.487805,48.3638
3320,KB1,HARQ,Default,200,1,0,50,32,33.242,0.487805,48.1319
3321,KB1,HARQ,Default,200,1,0,50,32,33.2531,0.487805,48.1158
3322,KB1,HARQ,Default,200,1,0,50,32,33.9049,0.487805,47.1908
3323,KB1,HARQ,Default,200,1,0,50,32,33.721,0.487805,47.4482
3324,KB1,HARQ,Default,200,1,0,50,32,33.8983,0.487805,47.2
3325,KB1,HARQ,Default,200,1,0,50,32,33.3493,0.487805,47.977
3326,KB1,HARQ,Default,200,1,0,50,32,33.1178,0.487805,48.3124
3327,KB1,HARQ,Default,200,1,0,50,32,34.0311,0.487805,47.0158
3328,KB1,HARQ,Default,200,1,0,50,32,34.5488,0.487805,46.3113
3329,KB1,HARQ,Default,200,1,0,50,32,34.218,0.487805,46.759
3330,KB1,HARQ,Default,200,1,0,50,32,34.0576,0.487805,46.9792
3331,KB1,HARQ,Default,200,1,0,50,32,36.009,0.487805,44.4333
3332,KB1,HARQ,Default,200,1,0,50,32,35.386,0.487805,45.2156
3333,KB1,HARQ,Default,200,1,0,50,32,33.9011,0.487805,47.1961
3334,KB1,HARQ,Default,200,1,0,50,32,42.4416,0.487805,37.6989
3335,KB1,HARQ,Default,200,1,0,50,32,38.1312,0.487805,41.9604
3336,KB1,HARQ,Default,200,1,0,50,32,39.1822,0.487805,40.8349
3337,KB1,HARQ,Default,200,1,0,50,32,34.9015,0.487805,45.8433
3338,KB1,HARQ,Default,200,1,0,50,32,34.3312,0.487805,46.6048
3339,KB1,HARQ,Default,200,1,0,50,32,33.0985,0.487805,48.3406
3340,KB1,HARQ,Default,200,1,0,50,32,33.612,0.487805,47.602
3341,KB1,HARQ,Default,200,1,0,50,32,34.508,0.487805,46.3661
3342,KB1,HARQ,Default,200,1,0,50,32,34.3311,0.487805,46.605
3343,KB1,HARQ,Default,200,1,0,50,32,33.6717,0.487805,47.5176
3344,KB1,HARQ,Default,200,1,0,50,32,33.1925,0.487805,48.2037
3345,KB1,HARQ,Default,200,1,0,50,32,33.2259,0.487805,48.1552
3346,KB1,HARQ,Default,200,1,0,50,32,35.9311,0.487805,44.5297
3347,KB1,HARQ,Default,200,1,0,50,32,36.9761,0.487805,43.2712
3348,KB1,HARQ,Default,200,1,0,50,32,33.3744,0.487805,47.9409
3349,KB1,HARQ,Default,200,1,0,50,32,35.1201,0.487805,45.558
3350,KB1,HARQ,Default,200,1,0,50,32,34.1977,0.487805,46.7868
3351,KB1,HARQ,Default,200,1,0,50,32,34.7213,0.487805,46.0812
3352,KB1,HARQ,Default,200,1,0,50,32,34.2981,0.487805,46.6498
3353,KB1,HARQ,Default,200,1,0,50,32,33.988,0.487805,47.0754
3354,KB1,HARQ,Default,200,1,0,50,32,33.76,0.487805,47.3934
3355,KB1,HARQ,Default,200,1,0,50,32,34.9878,0.487805,45.7302
3356,KB1,HARQ,Default,200,1,0,50,32,35.0608,0.487805,45.635
3357,KB1,HARQ,Default,200,1,0,50,32,34.9994,0.487805,45.7151
3358,KB1,HARQ,Default,200,1,0,50,32,35.4491,0.487805,45.1351
3359,KB1,HARQ,Default,200,1,0,50,32,35.2263,0.487805,45.4206
3360,KB1,HARQ,Default,200,1,0,50,32,35.3884,0.487805,45.2126
3361,KB1,HARQ,Default,200,1,0,50,32,35.1238,0.487805,45.5532
3362,KB1,HARQ,Default,200,1,0,50,32,35.31,0.487805,45.3129
3363,KB1,HARQ,Default,200,1,0,50,32,34.6037,0.487805,46.2378
3364,KB1,HARQ,Default,200,1,0,50,32,34.5402,0.487805,46.3228
3365,KB1,HARQ,Default,200,1,0,50,32,34.9834,0.487805,45.736
3366,KB1,HARQ,Default,200,1,0,50,32,35.2819,0.487805,45.349
3367,KB1,HARQ,Default,200,1,0,50,32,34.4514,0.487805,46.4422
3368,KB1,HARQ,Default,200,1,0,50,32,34.2133,0.487805,46.7654
3369,KB1,HARQ,Default,200,1,0,50,32,33.6439,0.487805,47.5569
3370,KB1,HARQ,Default,200,1,0,50,32,32.9721,0.487805,48.5259
3371,KB1,HARQ,Default,200,1,0,50,32,33.1652,0.487805,48.2433
3372,KB1,HARQ,Default,200,1,0,50,32,32.909,0.487805,48.6189
3373,KB1,HARQ,Default,200,1,0,50,32,32.9716,0.487805,48.5266
3374,KB1,HARQ,Default,200,1,0,50,32,34.1759,0.487805,46.8166
3375,KB1,HARQ,Default,200,1,0,50,32,34.1287,0.487805,46.8814
3376,KB1,HARQ,Default,200,1,0,50,32,32.9523,0.487805,48.555
3377,KB1,HARQ,Default,200,1,0,50,32,33.419,0.487805,47.877
3378,KB1,HARQ,Default,200,1,0,50,32,33.1025,0.487805,48.3347
3379,KB1,HARQ,Default,200,1,0,50,32,32.7533,0.487805,48.85
3380,KB1,HARQ,Default,200,1,0,50,32,32.8716,0.487805,48.6742
3381,KB1,HARQ,Default,200,1,0,50,32,32.3241,0.487805,49.4987
3382,KB1,HARQ,Default,200,1,0,50,32,33.7773,0.487805,47.3691
3383,KB1,HARQ,Default,200,1,0,50,32,32.7944,0.487805,48.7888
3384,KB1,HARQ,Default,200,1,0,50,32,32.4151,0.487805,49.3597
3385,KB1,HARQ,Default,200,1,0,50,32,32.8535,0.487805,48.7011
3386,KB1,HARQ,Default,200,1,0,50,32,33.0493,0.487805,48.4125
3387,KB1,HARQ,Default,200,1,0,50,32,32.9055,0.487805,48.6241
3388,KB1,HARQ,Default,200,1,0,50,32,32.8791,0.487805,48.6631
3389,KB1,HARQ,Default,200,1,0,50,32,32.7376,0.487805,48.8735
3390,KB1,HARQ,Default,200,1,0,50,32,32.5948,0.487805,49.0876
3391,KB1,HARQ,Default,200,1,0,50,32,33.1679,0.487805,48.2394
3392,KB1,HARQ,Default,200,1,0,50,32,33.2818,0.487805,48.0743
3393,KB1,HARQ,Default,200,1,0,50,32,37.1458,0.487805,43.0735
3394,KB1,HARQ,Default,200,1,0,50,32,93.1113,0.487805,17.1837
3395,KB1,HARQ,Default,200,1,0,50,32,53.1906,0.487805,30.0805
3396,KB1,HARQ,Default,200,1,0,50,32,42.8932,0.487805,37.3019
3397,KB1,HARQ,Default,200,1,0,50,32,40.1231,0.487805,39.8773
3398,KB1,HARQ,Default,200,1,0,50,32,43.2814,0.487805,36.9674
3399,KB1,HARQ,Default,200,1,0,50,32,40.6734,0.487805,39.3377
3400,KB1,HARQ,Default,200,1,0,50,32,39.5169,0.487805,40.489
3401,KB1,HARQ,Default,200,1,0,50,32,41.937,0.487805,38.1525
3402,KB1,HARQ,Default,200,1,0,50,32,45.3485,0.487805,35.2823
3403,KB1,HARQ,Default,200,1,0,50,32,38.5022,0.487805,41.5561
3404,KB1,HARQ,Default,200,1,0,50,32,39.0948,0.487805,40.9262
3405,KB1,HARQ,Default,200,1,0,50,32,38.2513,0.487805,41.8286
3406,KB1,HARQ,Default,200,1,0,50,32,38.9293,0.487805,41.1001
3407,KB1,HARQ,Default,200,1,0,50,32,43.1227,0.487805,37.1034
3408,KB1,HARQ,Default,200,1,0,50,32,39.3138,0.487805,40.6982
3409,KB1,HARQ,Default,200,1,0,50,32,55.098,0.487805,29.0392
3410,KB1,HARQ,Default,200,1,0,50,32,40.6365,0.487805,39.3735
3411,KB1,HARQ,Default,200,1,0,50,32,41.5499,0.487805,38.5079
3412,KB1,HARQ,Default,200,1,0,50,32,35.3153,0.487805,45.3061
3413,KB1,HARQ,Default,200,1,0,50,32,35.2927,0.487805,45.3352
3414,KB1,HARQ,Default,200,1,0,50,32,35.2464,0.487805,45.3947
3415,KB1,HARQ,Default,200,1,0,50,32,33.6915,0.487805,47.4897
3416,KB1,HARQ,Default,200,1,0,50,32,33.2158,0.487805,48.1698
3417,KB1,HARQ,Default,200,1,0,50,32,41.4646,0.487805,38.5871
3418,KB1,HARQ,Default,200,1,0,50,32,32.9349,0.487805,48.5807
3419,KB1,HARQ,Default,200,1,0,50,32,32.8379,0.487805,48.7242
3420,KB1,HARQ,Default,200,1,0,50,32,33.2314,0.487805,48.1472
3421,KB1,HARQ,Default,200,1,0,50,32,33.511,0.487805,47.7455
3422,KB1,HARQ,Default,200,1,0,50,32,32.6916,0.487805,48.9422
3423,KB1,HARQ,Default,200,1,0,50,32,32.7871,0.487805,48.7997
3424,KB1,HARQ,Default,200,1,0,50,32,38.8598,0.487805,41.1737
3425,KB1,HARQ,Default,200,1,0,50,32,38.0138,0.487805,42.09
3426,KB1,HARQ,Default,200,1,0,50,32,33.7279,0.487805,47.4385
3427,KB1,HARQ,Default,200,1,0,50,32,32.9163,0.487805,48.6081
3428,KB1,HARQ,Default,200,1,0,50,32,33.688,0.487805,47.4947
3429,KB1,HARQ,Default,200,1,0,50,32,73.512,0.487805,21.7652
3430,KB1,HARQ,Default,200,1,0,50,32,54.0895,0.487805,29.5806
3431,KB1,HARQ,Default,200,1,0,50,32,51.7914,0.487805,30.8932
3432,KB1,HARQ,Default,200,1,0,50,32,35.4802,0.487805,45.0956
3433,KB1,HARQ,Default,200,1,0,50,32,33.06,0.487805,48.3969
3434,KB1,HARQ,Default,200,1,0,50,32,34.0032,0.487805,47.0544
3435,KB1,HARQ,Default,200,1,0,50,32,33.6645,0.487805,47.5278
3436,KB1,HARQ,Default,200,1,0,50,32,33.2009,0.487805,48.1915
3437,KB1,HARQ,Default,200,1,0,50,32,33.5984,0.487805,47.6213
3438,KB1,HARQ,Default,200,1,0,50,32,32.928,0.487805,48.5909
3439,KB1,HARQ,Default,200,1,0,50,32,33.9628,0.487805,47.1104
3440,KB1,HARQ,Default,200,1,0,50,32,41.5173,0.487805,38.5382
3441,KB1,HARQ,Default,200,1,0,50,32,32.7551,0.487805,48.8474
3442,KB1,HARQ,Default,200,1,0,50,32,32.8951,0.487805,48.6395
3443,KB1,HARQ,Default,200,1,0,50,32,33.0777,0.487805,48.371
3444,KB1,HARQ,Default,200,1,0,50,32,33.055,0.487805,48.4042
3445,KB1,HARQ,Default,200,1,0,50,32,32.9715,0.487805,48.5268
3446,KB1,HARQ,Default,200,1,0,50,32,33.6103,0.487805,47.6045
3447,KB1,HARQ,Default,200,1,0,50,32,40.5871,0.487805,39.4214
3448,KB1,HARQ,Default,200,1,0,50,32,35.4205,0.487805,45.1716
3449,KB1,HARQ,Default,200,1,0,50,32,33.3609,0.487805,47.9603
3450,KB1,HARQ,Default,200,1,0,50,32,37.5012,0.487805,42.6653
3451,KB1,HARQ,Default,200,1,0,50,32,70.1081,0.487805,22.8219
3452,KB1,HARQ,Default,200,1,0,50,32,55.6039,0.487805,28.775
3453,KB1,HARQ,Default,200,1,0,50,32,40.9625,0.487805,39.0601
3454,KB1,HARQ,Default,200,1,0,50,32,35.62,0.487805,44.9186
3455,KB1,HARQ,Default,200,1,0,50,32,34.0342,0.487805,47.0115
3456,KB1,HARQ,Default,200,1,0,50,32,34.045,0.487805,46.9966
3457,KB1,HARQ,Default,200,1,0,50,32,33.8866,0.487805,47.2163
3458,KB1,HARQ,Default,200,1,0,50,32,34.0304,0.487805,47.0168
3459,KB1,HARQ,Default,200,1,0,50,32,34.1071,0.487805,46.9111
3460,KB1,HARQ,Default,200,1,0,50,32,34.5401,0.487805,46.323
3461,KB1,HARQ,Default,200,1,0,50,32,40.6994,0.487805,39.3126
3462,KB1,HARQ,Default,200,1,0,50,32,39.028,0.487805,40.9962
3463,KB1,HARQ,Default,200,1,0,50,32,33.6865,0.487805,47.4968
3464,KB1,HARQ,Default,200,1,0,50,32,33.7226,0.487805,47.4459
3465,KB1,HARQ,Default,200,1,0,50,32,33.2176,0.487805,48.1672
3466,KB1,HARQ,Default,200,1,0,50,32,33.4566,0.487805,47.8231
3467,KB1,HARQ,Default,200,1,0,50,32,35.0149,0.487805,45.6948
3468,KB1,HARQ,Default,200,1,0,50,32,39.6202,0.487805,40.3834
3469,KB1,HARQ,Default,200,1,0,50,32,33.2436,0.487805,48.1296
3470,KB1,HARQ,Default,200,1,0,50,32,34.2639,0.487805,46.6964
3471,KB1,HARQ,Default,200,1,0,50,32,36.8025,0.487805,43.4753
3472,KB1,HARQ,Default,200,1,0,50,32,40.0771,0.487805,39.923
3473,KB1,HARQ,Default,200,1,0,50,32,70.698,0.487805,22.6315
3474,KB1,HARQ,Default,200,1,0,50,32,55.9153,0.487805,28.6147
3475,KB1,HARQ,Default,200,1,0,50,32,45.2132,0.487805,35.3879
3476,KB1,HARQ,Default,200,1,0,50,32,33.2035,0.487805,48.1877
3477,KB1,HARQ,Default,200,1,0,50,32,34.7128,0.487805,46.0925
3478,KB1,HARQ,Default,200,1,0,50,32,32.895,0.487805,48.6396
3479,KB1,HARQ,Default,200,1,0,50,32,32.7956,0.487805,48.787
3480,KB1,HARQ,Default,200,1,0,50,32,33.1697,0.487805,48.2368
3481,KB1,HARQ,Default,200,1,0,50,32,33.5978,0.487805,47.6222
3482,KB1,HARQ,Default,200,1,0,50,32,33.2203,0.487805,48.1633
3483,KB1,HARQ,Default,200,1,0,50,32,37.8683,0.487805,42.2517
3484,KB1,HARQ,Default,200,1,0,50,32,32.7247,0.487805,48.8927
3485,KB1,HARQ,Default,200,1,0,50,32,32.5967,0.487805,49.0847
3486,KB1,HARQ,Default,200,1,0,50,32,33.7173,0.487805,47.4534
3487,KB1,HARQ,Default,200,1,0,50,32,51.7919,0.487805,30.8929
3488,KB1,HARQ,Default,200,1,0,50,32,72.6147,0.487805,22.0341
3489,KB1,HARQ,Default,200,1,0,50,32,44.1597,0.487805,36.2321
3490,KB1,HARQ,Default,200,1,0,50,32,33.3,0.487805,48.048
3491,KB1,HARQ,Default,200,1,0,50,32,32.7559,0.487805,48.8462
3492,KB1,HARQ,Default,200,1,0,50,32,33.6435,0.487805,47.5575
3493,KB1,HARQ,Default,200,1,0,50,32,32.7952,0.487805,48.7876
3494,KB1,HARQ,Default,200,1,0,50,32,32.8501,0.487805,48.7061
3495,KB1,HARQ,Default,200,1,0,50,32,32.7633,0.487805,48.8351
3496,KB1,HARQ,Default,200,1,0,50,32,32.6272,0.487805,49.0388
3497,KB1,HARQ,Default,200,1,0,50,32,37.0425,0.487805,43.1936
3498,KB1,HARQ,Default,200,1,0,50,32,34.2334,0.487805,46.738
3499,KB1,HARQ,Default,200,1,0,50,32,32.5248,0.487805,49.1932
3500,KB1,HARQ,Default,200,1,0,50,32,32.6652,0.487805,48.9818
3501,KB1,HARQ,Default,200,1,0,50,32,32.77,0.487805,48.8251
3502,KB1,HARQ,Default,200,1,0,50,32,34.0467,0.487805,46.9943
3503,KB1,HARQ,Default,200,1,0,50,32,32.7635,0.487805,48.8348
3504,KB1,HARQ,Default,200,1,0,50,32,33.1538,0.487805,48.2599
3505,KB1,HARQ,Default,200,1,0,50,32,39.0834,0.487805,40.9381
3506,KB1,HARQ,Default,200,1,0,50,32,33.1491,0.487805,48.2668
3507,KB1,HARQ,Default,200,1,0,50,32,32.5603,0.487805,49.1396
3508,KB1,HARQ,Default,200,1,0,50,32,33.4887,0.487805,47.7773
3509,KB1,HARQ,Default,200,1,0,50,32,32.6807,0.487805,48.9586
3510,KB1,HARQ,Default,200,1,0,50,32,32.7513,0.487805,48.853
3511,KB1,HARQ,Default,200,1,0,50,32,32.858,0.487805,48.6944
3512,KB1,HARQ,Default,200,1,0,50,32,38.6625,0.487805,41.3838
3513,KB1,HARQ,Default,200,1,0,50,32,33.9228,0.487805,47.1659
3514,KB1,HARQ,Default,200,1,0,50,32,32.9937,0.487805,48.4941
3515,KB1,HARQ,Default,200,1,0,50,32,33.654,0.487805,47.5426
3516,KB1,HARQ,Default,200,1,0,50,32,32.7948,0.487805,48.7882
3517,KB1,HARQ,Default,200,1,0,50,32,32.6421,0.487805,49.0165
3518,KB1,HARQ,Default,200,1,0,50,32,32.8186,0.487805,48.7528
3519,KB1,HARQ,Default,200,1,0,50,32,33.914,0.487805,47.1782
3520,KB1,HARQ,Default,200,1,0,50,32,43.0805,0.487805,37.1398
3521,KB1,HARQ,Default,200,1,0,50,32,32.3457,0.487805,49.4656
3522,KB1,HARQ,Default,200,1,0,50,32,33.5584,0.487805,47.6781
3523,KB1,HARQ,Default,200,1,0,50,32,32.5974,0.487805,49.0837
3524,KB1,HARQ,Default,200,1,0,50,32,32.9271,0.487805,48.5922
3525,KB1,HARQ,Default,200,1,0,50,32,34.4553,0.487805,46.437
3526,KB1,HARQ,Default,200,1,0,50,32,34.7746,0.487805,46.0106
3527,KB1,HARQ,Default,200,1,0,50,32,40.1079,0.487805,39.8924
3528,KB1,HARQ,Default,200,1,0,50,32,34.2916,0.487805,46.6587
3529,KB1,HARQ,Default,200,1,0,50,32,32.9074,0.487805,48.6213
3530,KB1,HARQ,Default,200,1,0,50,32,32.5576,0.487805,49.1437
3531,KB1,HARQ,Default,200,1,0,50,32,32.799,0.487805,48.782
3532,KB1,HARQ,Default,200,1,0,50,32,32.637,0.487805,49.0241
3533,KB1,HARQ,Default,200,1,0,50,32,32.9782,0.487805,48.5169
3534,KB1,HARQ,Default,200,1,0,50,32,37.6151,0.487805,42.5361
3535,KB1,HARQ,Default,200,1,0,50,32,38.0587,0.487805,42.0403
3536,KB1,HARQ,Default,200,1,0,50,32,33.7417,0.487805,47.4191
3537,KB1,HARQ,Default,200,1,0,50,32,33.7819,0.487805,47.3626
3538,KB1,HARQ,Default,200,1,0,50,32,33.4406,0.487805,47.846
3539,KB1,HARQ,Default,200,1,0,50,32,32.952,0.487805,48.5555
3540,KB1,HARQ,Default,200,1,0,50,32,33.1059,0.487805,48.3298
3541,KB1,HARQ,Default,200,1,0,50,32,35.2191,0.487805,45.4299
3542,KB1,HARQ,Default,200,1,0,50,32,37.8393,0.487805,42.2841
3543,KB1,HARQ,Default,200,1,0,50,32,32.8746,0.487805,48.6698
3544,KB1,HARQ,Default,200,1,0,50,32,32.9292,0.487805,48.5891
3545,KB1,HARQ,Default,200,1,0,50,32,33.0839,0.487805,48.3619
3546,KB1,HARQ,Default,200,1,0,50,32,32.8793,0.487805,48.6628
3547,KB1,HARQ,Default,200,1,0,50,32,32.6903,0.487805,48.9442
3548,KB1,HARQ,Default,200,1,0,50,32,33.2762,0.487805,48.0824
3549,KB1,HARQ,Default,200,1,0,50,32,42.5703,0.487805,37.5849
3550,KB1,HARQ,Default,200,1,0,50,32,32.9665,0.487805,48.5341
3551,KB1,HARQ,Default,200,1,0,50,32,32.7545,0.487805,48.8482
3552,KB1,HARQ,Default,200,1,0,50,32,32.8375,0.487805,48.7248
3553,KB1,HARQ,Default,200,1,0,50,32,32.899,0.487805,48.6337
3554,KB1,HARQ,Default,200,1,0,50,32,32.9289,0.487805,48.5895
3555,KB1,HARQ,Default,200,1,0,50,32,32.374,0.487805,49.4224
3556,KB1,HARQ,Default,200,1,0,50,32,44.1779,0.487805,36.2172
3557,KB1,HARQ,Default,200,1,0,50,32,36.9997,0.487805,43.2436
3558,KB1,HARQ,Default,200,1,0,50,32,33.3223,0.487805,48.0159
3559,KB1,HARQ,Default,200,1,0,50,32,32.7258,0.487805,48.8911
3560,KB1,HARQ,Default,200,1,0,50,32,33.8231,0.487805,47.3049
3561,KB1,HARQ,Default,200,1,0,50,32,34.4295,0.487805,46.4718
3562,KB1,HARQ,Default,200,1,0,50,32,32.6819,0.487805,48.9568
3563,KB1,HARQ,Default,200,1,0,50,32,36.3283,0.487805,44.0428
3564,KB1,HARQ,Default,200,1,0,50,32,38.6287,0.487805,41.42
3565,KB1,HARQ,Default,200,1,0,50,32,33.16,0.487805,48.2509
3566,KB1,HARQ,Default,200,1,0,50,32,32.9837,0.487805,48.5088
3567,KB1,HARQ,Default,200,1,0,50,32,32.8398,0.487805,48.7214
3568,KB1,HARQ,Default,200,1,0,50,32,32.9983,0.487805,48.4873
3569,KB1,HARQ,Default,200,1,0,50,32,33.1353,0.487805,48.2869
3570,KB1,HARQ,Default,200,1,0,50,32,35.4225,0.487805,45.169
3571,KB1,HARQ,Default,200,1,0,50,32,34.5919,0.487805,46.2536
3572,KB1,HARQ,Default,200,1,0,50,32,33.667,0.487805,47.5243
3573,KB1,HARQ,Default,200,1,0,50,32,33.0062,0.487805,48.4757
3574,KB1,HARQ,Default,200,1,0,50,32,32.8255,0.487805,48.7426
3575,KB1,HARQ,Default,200,1,0,50,32,32.7782,0.487805,48.8129
3576,KB1,HARQ,Default,200,1,0,50,32,32.8682,0.487805,48.6793
3577,KB1,HARQ,Default,200,1,0,50,32,34.07,0.487805,46.9621
3578,KB1,HARQ,Default,200,1,0,50,32,41.9101,0.487805,38.177
3579,KB1,HARQ,Default,200,1,0,50,32,33.4124,0.487805,47.8864
3580,KB1,HARQ,Default,200,1,0,50,32,33.2936,0.487805,48.0573
3581,KB1,HARQ,Default,200,1,0,50,32,33.808,0.487805,47.3261
3582,KB1,HARQ,Default,200,1,0,50,32,33.6404,0.487805,47.5619
3583,KB1,HARQ,Default,200,1,0,50,32,34.045,0.487805,46.9966
3584,KB1,HARQ,Default,200,1,0,50,32,33.8464,0.487805,47.2724
3585,KB1,HARQ,Default,200,1,0,50,32,39.0081,0.487805,41.0171
3586,KB1,HARQ,Default,200,1,0,50,32,35.2343,0.487805,45.4103
3587,KB1,HARQ,Default,200,1,0,50,32,33.4417,0.487805,47.8445
3588,KB1,HARQ,Default,200,1,0,50,32,33.5162,0.487805,47.7381
3589,KB1,HARQ,Default,200,1,0,50,32,33.3907,0.487805,47.9175
3590,KB1,HARQ,Default,200,1,0,50,32,34.0093,0.487805,47.046
3591,KB1,HARQ,Default,200,1,0,50,32,35.8811,0.487805,44.5917
3592,KB1,HARQ,Default,200,1,0,50,32,34.5155,0.487805,46.356
3593,KB1,HARQ,Default,200,1,0,50,32,47.8749,0.487805,33.4204
3594,KB1,HARQ,Default,200,1,0,50,32,37.3787,0.487805,42.8051
3595,KB1,HARQ,Default,200,1,0,50,32,35.0769,0.487805,45.6141
3596,KB1,HARQ,Default,200,1,0,50,32,34.263,0.487805,46.6976
3597,KB1,HARQ,Default,200,1,0,50,32,34.2646,0.487805,46.6954
3598,KB1,HARQ,Default,200,1,0,50,32,35.0241,0.487805,45.6828
3599,KB1,HARQ,Default,200,1,0,50,32,36.4149,0.487805,43.9381
3600,KB1,HARQ,Default,200,1,0,50,32,36.4036,0.487805,43.9517
3601,KB1,HARQ,Default,200,1,0,50,32,34.2712,0.487805,46.6864
3602,KB1,HARQ,Default,200,1,0,50,32,34.3393,0.487805,46.5938
3603,KB1,HARQ,Default,200,1,0,50,32,34.55,0.487805,46.3097
3604,KB1,HARQ,Default,200,1,0,50,32,34.5954,0.487805,46.2489
3605,KB1,HARQ,Default,200,1,0,50,32,34.4324,0.487805,46.4679
3606,KB1,HARQ,Default,200,1,0,50,32,34.835,0.487805,45.9308
3607,KB1,HARQ,Default,200,1,0,50,32,40.2611,0.487805,39.7406
3608,KB1,HARQ,Default,200,1,0,50,32,34.232,0.487805,46.7399
3609,KB1,HARQ,Default,200,1,0,50,32,34.1376,0.487805,46.8691
3610,KB1,HARQ,Default,200,1,0,50,32,34.9082,0.487805,45.8345
3611,KB1,HARQ,Default,200,1,0,50,32,34.5916,0.487805,46.254
3612,KB1,HARQ,Default,200,1,0,50,32,34.1787,0.487805,46.8128
3613,KB1,HARQ,Default,200,1,0,50,32,34.1384,0.487805,46.868
3614,KB1,HARQ,Default,200,1,0,50,32,40.5553,0.487805,39.4523
3615,KB1,HARQ,Default,200,1,0,50,32,33.7099,0.487805,47.4638
3616,KB1,HARQ,Default,200,1,0,50,32,34.3908,0.487805,46.5241
3617,KB1,HARQ,Default,200,1,0,50,32,34.7096,0.487805,46.0968
3618,KB1,HARQ,Default,200,1,0,50,32,34.2819,0.487805,46.6719
3619,KB1,HARQ,Default,200,1,0,50,32,34.4051,0.487805,46.5047
3620,KB1,HARQ,Default,200,1,0,50,32,34.2546,0.487805,46.7091
3621,KB1,HARQ,Default,200,1,0,50,32,39.4714,0.487805,40.5357
3622,KB1,HARQ,Default,200,1,0,50,32,34.3158,0.487805,46.6258
3623,KB1,HARQ,Default,200,1,0,50,32,34.8232,0.487805,45.9464
3624,KB1,HARQ,Default,200,1,0,50,32,34.3691,0.487805,46.5534
3625,KB1,HARQ,Default,200,1,0,50,32,34.5124,0.487805,46.3601
3626,KB1,HARQ,Default,200,1,0,50,32,34.4196,0.487805,46.4851
3627,KB1,HARQ,Default,200,1,0,50,32,34.5175,0.487805,46.3533
3628,KB1,HARQ,Default,200,1,0,50,32,38.2396,0.487805,41.8414
3629,KB1,HARQ,Default,200,1,0,50,32,38.2524,0.487805,41.8274
3630,KB1,HARQ,Default,200,1,0,50,32,34.3202,0.487805,46.6198
3631,KB1,HARQ,Default,200,1,0,50,32,34.4562,0.487805,46.4358
3632,KB1,HARQ,Default,200,1,0,50,32,34.359,0.487805,46.5671
3633,KB1,HARQ,Default,200,1,0,50,32,34.7497,0.487805,46.0436
3634,KB1,HARQ,Default,200,1,0,50,32,33.799,0.487805,47.3387
3635,KB1,HARQ,Default,200,1,0,50,32,36.9948,0.487805,43.2493
3636,KB1,HARQ,Default,200,1,0,50,32,39.278,0.487805,40.7353
3637,KB1,HARQ,Default,200,1,0,50,32,34.1029,0.487805,46.9168
3638,KB1,HARQ,Default,200,1,0,50,32,34.2628,0.487805,46.6979
3639,KB1,HARQ,Default,200,1,0,50,32,34.4961,0.487805,46.3821
3640,KB1,HARQ,Default,200,1,0,50,32,33.5342,0.487805,47.7125
3641,KB1,HARQ,Default,200,1,0,50,32,33.8182,0.487805,47.3118
3642,KB1,HARQ,Default,200,1,0,50,32,36.9805,0.487805,43.266
3643,KB1,HARQ,Default,200,1,0,50,32,36.5893,0.487805,43.7286
3644,KB1,HARQ,Default,200,1,0,50,32,33.877,0.487805,47.2297
3645,KB1,HARQ,Default,200,1,0,50,32,34.3773,0.487805,46.5423
3646,KB1,HARQ,Default,200,1,0,50,32,34.3879,0.487805,46.528
3647,KB1,HARQ,Default,200,1,0,50,32,34.209,0.487805,46.7713
3648,KB1,HARQ,Default,200,1,0,50,32,35.0552,0.487805,45.6423
3649,KB1,HARQ,Default,200,1,0,50,32,35.1484,0.487805,45.5213
3650,KB1,HARQ,Default,200,1,0,50,32,39.8133,0.487805,40.1876
3651,KB1,HARQ,Default,200,1,0,50,32,34.5968,0.487805,46.2471
3652,KB1,HARQ,Default,200,1,0,50,32,34.2791,0.487805,46.6757
3653,KB1,HARQ,Default,200,1,0,50,32,33.9069,0.487805,47.188
3654,KB1,HARQ,Default,200,1,0,50,32,34.094,0.487805,46.9291
3655,KB1,HARQ,Default,200,1,0,50,32,33.5377,0.487805,47.7075
3656,KB1,HARQ,Default,200,1,0,50,32,34.0103,0.487805,47.0446
3657,KB1,HARQ,Default,200,1,0,50,32,39.7978,0.487805,40.2032
3658,KB1,HARQ,Default,200,1,0,50,32,34.024,0.487805,47.0256
3659,KB1,HARQ,Default,200,1,0,50,32,34.5832,0.487805,46.2652
3660,KB1,HARQ,Default,200,1,0,50,32,34.3132,0.487805,46.6293
3661,KB1,HARQ,Default,200,1,0,50,32,34.1277,0.487805,46.8827
3662,KB1,HARQ,Default,200,1,0,50,32,34.0375,0.487805,47.007
3663,KB1,HARQ,Default,200,1,0,50,32,34.8281,0.487805,45.9399
3664,KB1,HARQ,Default,200,1,0,50,32,40.8867,0.487805,39.1325
3665,KB1,HARQ,Default,200,1,0,50,32,34.2774,0.487805,46.678
3666,KB1,HARQ,Default,200,1,0,50,32,34.4777,0.487805,46.4068
3667,KB1,HARQ,Default,200,1,0,50,32,35.1166,0.487805,45.5625
3668,KB1,HARQ,Default,200,1,0,50,32,33.7176,0.487805,47.453
3669,KB1,HARQ,Default,200,1,0,50,32,33.648,0.487805,47.5511
3670,KB1,HARQ,Default,200,1,0,50,32,34.1667,0.487805,46.8292
3671,KB1,HARQ,Default,200,1,0,50,32,40.2102,0.487805,39.7909
3672,KB1,HARQ,Default,200,1,0,50,32,36.2942,0.487805,44.0842
3673,KB1,HARQ,Default,200,1,0,50,32,34.5132,0.487805,46.3591
3674,KB1,HARQ,Default,200,1,0,50,32,35.0095,0.487805,45.7019
3675,KB1,HARQ,Default,200,1,0,50,32,34.3238,0.487805,46.6149
3676,KB1,HARQ,Default,200,1,0,50,32,34.4085,0.487805,46.5001
3677,KB1,HARQ,Default,200,1,0,50,32,34.2285,0.487805,46.7447
3678,KB1,HARQ,Default,200,1,0,50,32,38.8062,0.487805,41.2305
3679,KB1,HARQ,Default,200,1,0,50,32,34.613,0.487805,46.2254
3680,KB1,HARQ,Default,200,1,0,50,32,34.2657,0.487805,46.6939
3681,KB1,HARQ,Default,200,1,0,50,32,34.5496,0.487805,46.3102
3682,KB1,HARQ,Default,200,1,0,50,32,34.4947,0.487805,46.3839
3683,KB1,HARQ,Default,200,1,0,50,32,34.2914,0.487805,46.6589
3684,KB1,HARQ,Default,200,1,0,50,32,34.1007,0.487805,46.9199
3685,KB1,HARQ,Default,200,1,0,50,32,41.2528,0.487805,38.7852
3686,KB1,HARQ,Default,200,1,0,50,32,34.3128,0.487805,46.6298
3687,KB1,HARQ,Default,200,1,0,50,32,34.1393,0.487805,46.8668
3688,KB1,HARQ,Default,200,1,0,50,32,34.3952,0.487805,46.5181
3689,KB1,HARQ,Default,200,1,0,50,32,34.3291,0.487805,46.6077
3690,KB1,HARQ,Default,200,1,0,50,32,34.6788,0.487805,46.1377
3691,KB1,HARQ,Default,200,1,0,50,32,33.8264,0.487805,47.3003
3692,KB1,HARQ,Default,200,1,0,50,32,39.1306,0.487805,40.8887
3693,KB1,HARQ,Default,200,1,0,50,32,37.3878,0.487805,42.7947
3694,KB1,HARQ,Default,200,1,0,50,32,34.4464,0.487805,46.449
3695,KB1,HARQ,Default,200,1,0,50,32,34.4894,0.487805,46.3911
3696,KB1,HARQ,Default,200,1,0,50,32,34.417,0.487805,46.4887
3697,KB1,HARQ,Default,200,1,0,50,32,34.5014,0.487805,46.3749
3698,KB1,HARQ,Default,200,1,0,50,32,34.2499,0.487805,46.7155
3699,KB1,HARQ,Default,200,1,0,50,32,40.1473,0.487805,39.8532
3700,KB1,HARQ,Default,200,1,0,50,32,35.9509,0.487805,44.5051
3701,KB1,HARQ,Default,200,1,0,50,32,33.0103,0.487805,48.4697
3702,KB1,HARQ,Default,200,1,0,50,32,32.7213,0.487805,48.8978
3703,KB1,HARQ,Default,200,1,0,50,32,33.1164,0.487805,48.3144
3704,KB1,HARQ,Default,200,1,0,50,32,32.7398,0.487805,48.8702
3705,KB1,HARQ,Default,200,1,0,50,32,32.8691,0.487805,48.6779
3706,KB1,HARQ,Default,200,1,0,50,32,34.0926,0.487805,46.931
3707,KB1,HARQ,Default,200,1,0,50,32,38.5937,0.487805,41.4575
3708,KB1,HARQ,Default,200,1,0,50,32,32.8564,0.487805,48.6968
3709,KB1,HARQ,Default,200,1,0,50,32,32.7435,0.487805,48.8647
3710,KB1,HARQ,Default,200,1,0,50,32,32.6493,0.487805,49.0056
3711,KB1,HARQ,Default,200,1,0,50,32,33.3658,0.487805,47.9533
3712,KB1,HARQ,Default,200,1,0,50,32,32.6713,0.487805,48.9726
3713,KB1,HARQ,Default,200,1,0,50,32,32.2102,0.487805,49.6737
3714,KB1,HARQ,Default,200,1,0,50,32,38.4071,0.487805,41.659
3715,KB1,HARQ,Default,200,1,0,50,32,32.0775,0.487805,49.8792
3716,KB1,HARQ,Default,200,1,0,50,32,32.6305,0.487805,49.0339
3717,KB1,HARQ,Default,200,1,0,50,32,32.9878,0.487805,48.5028
3718,KB1,HARQ,Default,200,1,0,50,32,32.7121,0.487805,48.9116
3719,KB1,HARQ,Default,200,1,0,50,32,32.2887,0.487805,49.5529
3720,KB1,HARQ,Default,200,1,0,50,32,33.6182,0.487805,47.5933
3721,KB1,HARQ,Default,200,1,0,50,32,36.2578,0.487805,44.1284
3722,KB1,HARQ,Default,200,1,0,50,32,41.035,0.487805,38.9911
3723,KB1,HARQ,Default,200,1,0,50,32,32.6834,0.487805,48.9545
3724,KB1,HARQ,Default,200,1,0,50,32,33.0658,0.487805,48.3884
3725,KB1,HARQ,Default,200,1,0,50,32,32.7366,0.487805,48.875
3726,KB1,HARQ,Default,200,1,0,50,32,33.1054,0.487805,48.3305
3727,KB1,HARQ,Default,200,1,0,50,32,32.9315,0.487805,48.5857
3728,KB1,HARQ,Default,200,1,0,50,32,33.5153,0.487805,47.7394
3729,KB1,HARQ,Default,200,1,0,50,32,39.8865,0.487805,40.1138
3730,KB1,HARQ,Default,200,1,0,50,32,33.5871,0.487805,47.6373
3731,KB1,HARQ,Default,200,1,0,50,32,32.9914,0.487805,48.4975
3732,KB1,HARQ,Default,200,1,0,50,32,32.7331,0.487805,48.8802
3733,KB1,HARQ,Default,200,1,0,50,32,33.1701,0.487805,48.2362
3734,KB1,HARQ,Default,200,1,0,50,32,32.7812,0.487805,48.8085
3735,KB1,HARQ,Default,200,1,0,50,32,32.9905,0.487805,48.4988
3736,KB1,HARQ,Default,200,1,0,50,32,39.9911,0.487805,40.0089
3737,KB1,HARQ,Default,200,1,0,50,32,33.163,0.487805,48.2465
3738,KB1,HARQ,Default,200,1,0,50,32,32.8297,0.487805,48.7364
3739,KB1,HARQ,Default,200,1,0,50,32,32.6421,0.487805,49.0165
3740,KB1,HARQ,Default,200,1,0,50,32,32.6896,0.487805,48.9452
3741,KB1,HARQ,Default,200,1,0,50,32,32.8916,0.487805,48.6446
3742,KB1,HARQ,Default,200,1,0,50,32,33.3302,0.487805,48.0045
3743,KB1,HARQ,Default,200,1,0,50,32,36.1771,0.487805,44.2269
3744,KB1,HARQ,Default,200,1,0,50,32,33.0523,0.487805,48.4081
3745,KB1,HARQ,Default,200,1,0,50,32,33.0724,0.487805,48.3787
3746,KB1,HARQ,Default,200,1,0,50,32,32.7741,0.487805,48.819
3747,KB1,HARQ,Default,200,1,0,50,32,32.8114,0.487805,48.7635
3748,KB1,HARQ,Default,200,1,0,50,32,33.4693,0.487805,47.805
3749,KB1,HARQ,Default,200,1,0,50,32,32.7,0.487805,48.9297
3750,KB1,HARQ,Default,200,1,0,50,32,32.0939,0.487805,49.8537
3751,KB1,HARQ,Default,200,1,0,50,32,38.6465,0.487805,41.4009
3752,KB1,HARQ,Default,200,1,0,50,32,34.0034,0.487805,47.0541
3753,KB1,HARQ,Default,200,1,0,50,32,32.7869,0.487805,48.8
3754,KB1,HARQ,Default,200,1,0,50,32,32.7717,0.487805,48.8226
3755,KB1,HARQ,Default,200,1,0,50,32,32.7622,0.487805,48.8368
3756,KB1,HARQ,Default,200,1,0,50,32,32.9478,0.487805,48.5617
3757,KB1,HARQ,Default,200,1,0,50,32,33.0308,0.487805,48.4396
3758,KB1,HARQ,Default,200,1,0,50,32,36.2265,0.487805,44.1666
3759,KB1,HARQ,Default,200,1,0,50,32,35.9703,0.487805,44.4811
3760,KB1,HARQ,Default,200,1,0,50,32,33.1029,0.487805,48.3341
3761,KB1,HARQ,Default,200,1,0,50,32,32.7341,0.487805,48.8787
3762,KB1,HARQ,Default,200,1,0,50,32,32.6735,0.487805,48.9693
3763,KB1,HARQ,Default,200,1,0,50,32,32.347,0.487805,49.4636
3764,KB1,HARQ,Default,200,1,0,50,32,32.947,0.487805,48.5628
3765,KB1,HARQ,Default,200,1,0,50,32,32.2651,0.487805,49.5892
3766,KB1,HARQ,Default,200,1,0,50,32,38.6335,0.487805,41.4148
3767,KB1,HARQ,Default,200,1,0,50,32,32.814,0.487805,48.7597
3768,KB1,HARQ,Default,200,1,0,50,32,32.7217,0.487805,48.8972
3769,KB1,HARQ,Default,200,1,0,50,32,32.7174,0.487805,48.9036
3770,KB1,HARQ,Default,200,1,0,50,32,32.9964,0.487805,48.4901
3771,KB1,HARQ,Default,200,1,0,50,32,32.6933,0.487805,48.9397
3772,KB1,HARQ,Default,200,1,0,50,32,32.4009,0.487805,49.3813
3773,KB1,HARQ,Default,200,1,0,50,32,36.9646,0.487805,43.2847
3774,KB1,HARQ,Default,200,1,0,50,32,33.6638,0.487805,47.5288
3775,KB1,HARQ,Default,200,1,0,50,32,32.9815,0.487805,48.512
3776,KB1,HARQ,Default,200,1,0,50,32,32.8107,0.487805,48.7646
3777,KB1,HARQ,Default,200,1,0,50,32,32.7753,0.487805,48.8172
3778,KB1,HARQ,Default,200,1,0,50,32,32.889,0.487805,48.6485
3779,KB1,HARQ,Default,200,1,0,50,32,32.7735,0.487805,48.8199
3780,KB1,HARQ,Default,200,1,0,50,32,32.8008,0.487805,48.7793
3781,KB1,HARQ,Default,200,1,0,50,32,32.3955,0.487805,49.3896
3782,KB1,HARQ,Default,200,1,0,50,32,32.2035,0.487805,49.684
3783,KB1,HARQ,Default,200,1,0,50,32,32.4625,0.487805,49.2876
3784,KB1,HARQ,Default,200,1,0,50,32,32.4078,0.487805,49.3708
3785,KB1,HARQ,Default,200,1,0,50,32,32.4412,0.487805,49.32
3786,KB1,HARQ,Default,200,1,0,50,32,32.8233,0.487805,48.7459
3787,KB1,HARQ,Default,200,1,0,50,32,32.9018,0.487805,48.6296
3788,KB1,HARQ,Default,200,1,0,50,32,32.3161,0.487805,49.5109
3789,KB1,HARQ,Default,200,1,0,50,32,32.6214,0.487805,49.0476
3790,KB1,HARQ,Default,200,1,0,50,32,32.3836,0.487805,49.4077
3791,KB1,HARQ,Default,200,1,0,50,32,33.2745,0.487805,48.0849
3792,KB1,HARQ,Default,200,1,0,50,32,32.2601,0.487805,49.5969
3793,KB1,HARQ,Default,200,1,0,50,32,32.5633,0.487805,49.1351
3794,KB1,HARQ,Default,200,1,0,50,32,32.9997,0.487805,48.4853
3795,KB1,HARQ,Default,200,1,0,50,32,32.7867,0.487805,48.8003
3796,KB1,HARQ,Default,200,1,0,50,32,32.7389,0.487805,48.8715
3797,KB1,HARQ,Default,200,1,0,50,32,32.8325,0.487805,48.7322
3798,KB1,HARQ,Default,200,1,0,50,32,32.3732,0.487805,49.4236
3799,KB1,HARQ,Default,200,1,0,50,32,32.2838,0.487805,49.5605
3800,KB1,HARQ,Default,200,1,0,50,32,32.4327,0.487805,49.3329
3801,KB1,HARQ,Default,200,1,0,50,32,32.8935,0.487805,48.6418
3802,KB1,HARQ,Default,200,1,0,50,32,32.2857,0.487805,49.5575
3803,KB1,HARQ,Default,200,1,0,50,32,32.5857,0.487805,49.1013
3804,KB1,HARQ,Default,200,1,0,50,32,32.656,0.487805,48.9956
3805,KB1,HARQ,Default,200,1,0,50,32,32.4692,0.487805,49.2775
3806,KB1,HARQ,Default,200,1,0,50,32,32.7332,0.487805,48.88
3807,KB1,HARQ,Default,200,1,0,50,32,34.9693,0.487805,45.7544
3808,KB1,HARQ,Default,200,1,0,50,32,34.083,0.487805,46.9442
3809,KB1,HARQ,Default,200,1,0,50,32,33.0925,0.487805,48.3493
3810,KB1,HARQ,Default,200,1,0,50,32,33.8319,0.487805,47.2926
3811,KB1,HARQ,Default,200,1,0,50,32,34.3456,0.487805,46.5853
3812,KB1,HARQ,Default,200,1,0,50,32,32.8283,0.487805,48.7384
3813,KB1,HARQ,Default,200,1,0,50,32,32.8768,0.487805,48.6665
3814,KB1,HARQ,Default,200,1,0,50,32,33.0259,0.487805,48.4468
3815,KB1,HARQ,Default,200,1,0,50,32,32.9246,0.487805,48.5959
3816,KB1,HARQ,Default,200,1,0,50,32,32.9669,0.487805,48.5335
3817,KB1,HARQ,Default,200,1,0,50,32,33.0081,0.487805,48.473
3818,KB1,HARQ,Default,200,1,0,50,32,32.5731,0.487805,49.1203
3819,KB1,HARQ,Default,200,1,0,50,32,32.4159,0.487805,49.3585
3820,KB1,HARQ,Default,200,1,0,50,32,32.5406,0.487805,49.1693
3821,KB1,HARQ,Default,200,1,0,50,32,32.2947,0.487805,49.5437
3822,KB1,HARQ,Default,200,1,0,50,32,33.1046,0.487805,48.3317
3823,KB1,HARQ,Default,200,1,0,50,32,32.5106,0.487805,49.2147
3824,KB1,HARQ,Default,200,1,0,50,32,32.9297,0.487805,48.5884
3825,KB1,HARQ,Default,200,1,0,50,32,32.8106,0.487805,48.7647
3826,KB1,HARQ,Default,200,1,0,50,32,32.8787,0.487805,48.6637
3827,KB1,HARQ,Default,200,1,0,50,32,32.804,0.487805,48.7745
3828,KB1,HARQ,Default,200,1,0,50,32,32.7324,0.487805,48.8812
3829,KB1,HARQ,Default,200,1,0,50,32,32.733,0.487805,48.8803
3830,KB1,HARQ,Default,200,1,0,50,32,36.8794,0.487805,43.3847
3831,KB1,HARQ,Default,200,1,0,50,32,36.0749,0.487805,44.3522
3832,KB1,HARQ,Default,200,1,0,50,32,35.5047,0.487805,45.0645
3833,KB1,HARQ,Default,200,1,0,50,32,33.6074,0.487805,47.6086
3834,KB1,HARQ,Default,200,1,0,50,32,34.0149,0.487805,47.0382
3835,KB1,HARQ,Default,200,1,0,50,32,33.7445,0.487805,47.4151
3836,KB1,HARQ,Default,200,1,0,50,32,33.6554,0.487805,47.5407
3837,KB1,HARQ,Default,200,1,0,50,32,33.9765,0.487805,47.0914
3838,KB1,HARQ,Default,200,1,0,50,32,35.0994,0.487805,45.5848
3839,KB1,HARQ,Default,200,1,0,50,32,34.7338,0.487805,46.0646
3840,KB1,HARQ,Default,200,1,0,50,32,34.5626,0.487805,46.2928
3841,KB1,HARQ,Default,200,1,0,50,32,34.2112,0.487805,46.7683
3842,KB1,HARQ,Default,200,1,0,50,32,34.0043,0.487805,47.0529
3843,KB1,HARQ,Default,200,1,0,50,32,34.2956,0.487805,46.6532
3844,KB1,HARQ,Default,200,1,0,50,32,34.0502,0.487805,46.9894
3845,KB1,HARQ,Default,200,1,0,50,32,34.1916,0.487805,46.7951
3846,KB1,HARQ,Default,200,1,0,50,32,34.0003,0.487805,47.0584
3847,KB1,HARQ,Default,200,1,0,50,32,33.3468,0.487805,47.9806
3848,KB1,HARQ,Default,200,1,0,50,32,32.7439,0.487805,48.8641
3849,KB1,HARQ,Default,200,1,0,50,32,32.6754,0.487805,48.9665
3850,KB1,HARQ,Default,200,1,0,50,32,35.9079,0.487805,44.5584
3851,KB1,HARQ,Default,200,1,0,50,32,33.4374,0.487805,47.8506
3852,KB1,HARQ,Default,200,1,0,50,32,34.43,0.487805,46.4711
3853,KB1,HARQ,Default,200,1,0,50,32,33.2797,0.487805,48.0774
3854,KB1,HARQ,Default,200,1,0,50,32,32.9384,0.487805,48.5755
3855,KB1,HARQ,Default,200,1,0,50,32,32.8667,0.487805,48.6815
3856,KB1,HARQ,Default,200,1,0,50,32,33.1208,0.487805,48.308
3857,KB1,HARQ,Default,200,1,0,50,32,33.0764,0.487805,48.3729
3858,KB1,HARQ,Default,200,1,0,50,32,32.7855,0.487805,48.8021
3859,KB1,HARQ,Default,200,1,0,50,32,32.7451,0.487805,48.8623
3860,KB1,HARQ,Default,200,1,0,50,32,32.9147,0.487805,48.6105
3861,KB1,HARQ,Default,200,1,0,50,32,32.7778,0.487805,48.8135
3862,KB1,HARQ,Default,200,1,0,50,32,32.7519,0.487805,48.8521
3863,KB1,HARQ,Default,200,1,0,50,32,32.8262,0.487805,48.7416
3864,KB1,HARQ,Default,200,1,0,50,32,32.907,0.487805,48.6219
3865,KB1,HARQ,Default,200,1,0,50,32,32.7398,0.487805,48.8702
3866,KB1,HARQ,Default,200,1,0,50,32,32.4623,0.487805,49.2879
3867,KB1,HARQ,Default,200,1,0,50,32,33.0022,0.487805,48.4816
3868,KB1,HARQ,Default,200,1,0,50,32,34.2859,0.487805,46.6664
3869,KB1,HARQ,Default,200,1,0,50,32,34.6858,0.487805,46.1284
3870,KB1,HARQ,Default,200,1,0,50,32,32.4636,0.487805,49.286
3871,KB1,HARQ,Default,200,1,0,50,32,34.039,0.487805,47.0049
3872,KB1,HARQ,Default,200,1,0,50,32,33.8503,0.487805,47.2669
3873,KB1,HARQ,Default,200,1,0,50,32,32.9461,0.487805,48.5642
3874,KB1,HARQ,Default,200,1,0,50,32,32.873,0.487805,48.6722
3875,KB1,HARQ,Default,200,1,0,50,32,32.8216,0.487805,48.7484
3876,KB1,HARQ,Default,200,1,0,50,32,32.802,0.487805,48.7775
3877,KB1,HARQ,Default,200,1,0,50,32,32.8854,0.487805,48.6538
3878,KB1,HARQ,Default,200,1,0,50,32,32.4063,0.487805,49.3731
3879,KB1,HARQ,Default,200,1,0,50,32,32.1856,0.487805,49.7117
3880,KB1,HARQ,Default,200,1,0,50,32,32.3922,0.487805,49.3946
3881,KB1,HARQ,Default,200,1,0,50,32,32.2416,0.487805,49.6253
3882,KB1,HARQ,Default,200,1,0,50,32,32.5478,0.487805,49.1585
3883,KB1,HARQ,Default,200,1,0,50,32,32.8739,0.487805,48.6708
3884,KB1,HARQ,Default,200,1,0,50,32,32.4457,0.487805,49.3132
3885,KB1,HARQ,Default,200,1,0,50,32,36.4665,0.487805,43.8759
3886,KB1,HARQ,Default,200,1,0,50,32,35.8962,0.487805,44.573
3887,KB1,HARQ,Default,200,1,0,50,32,34.0235,0.487805,47.0263
3888,KB1,HARQ,Default,200,1,0,50,32,34.6209,0.487805,46.2149
3889,KB1,HARQ,Default,200,1,0,50,32,34.3576,0.487805,46.569
3890,KB1,HARQ,Default,200,1,0,50,32,35.2947,0.487805,45.3326
3891,KB1,HARQ,Default,200,1,0,50,32,38.0362,0.487805,42.0652
3892,KB1,HARQ,Default,200,1,0,50,32,34.454,0.487805,46.4387
3893,KB1,HARQ,Default,200,1,0,50,32,34.8502,0.487805,45.9108
3894,KB1,HARQ,Default,200,1,0,50,32,34.2444,0.487805,46.723
3895,KB1,HARQ,Default,200,1,0,50,32,34.6562,0.487805,46.1678
3896,KB1,HARQ,Default,200,1,0,50,32,35.2191,0.487805,45.4299
3897,KB1,HARQ,Default,200,1,0,50,32,35.2079,0.487805,45.4443
3898,KB1,HARQ,Default,200,1,0,50,32,34.2918,0.487805,46.6584
3899,KB1,HARQ,Default,200,1,0,50,32,34.3876,0.487805,46.5284
3900,KB1,HARQ,Default,200,1,0,50,32,35.0069,0.487805,45.7053
3901,KB1,HARQ,Default,200,1,0,50,32,34.8343,0.487805,45.9317
3902,KB1,HARQ,Default,200,1,0,50,32,34.4198,0.487805,46.4849
3903,KB1,HARQ,Default,200,1,0,50,32,34.3461,0.487805,46.5846
3904,KB1,HARQ,Default,200,1,0,50,32,34.248,0.487805,46.7181
3905,KB1,HARQ,Default,200,1,0,50,32,34.3166,0.487805,46.6247
3906,KB1,HARQ,Default,200,1,0,50,32,34.6094,0.487805,46.2302
3907,KB1,HARQ,Default,200,1,0,50,32,34.5963,0.487805,46.2477
3908,KB1,HARQ,Default,200,1,0,50,32,33.6653,0.487805,47.5267
3909,KB1,HARQ,Default,200,1,0,50,32,34.2249,0.487805,46.7496
3910,KB1,HARQ,Default,200,1,0,50,32,34.4405,0.487805,46.4569
3911,KB1,HARQ,Default,200,1,0,50,32,35.5469,0.487805,45.011
3912,KB1,HARQ,Default,200,1,0,50,32,34.3369,0.487805,46.5971
3913,KB1,HARQ,Default,200,1,0,50,32,34.9275,0.487805,45.8092
3914,KB1,HARQ,Default,200,1,0,50,32,36.1163,0.487805,44.3013
3915,KB1,HARQ,Default,200,1,0,50,32,34.7283,0.487805,46.0719
3916,KB1,HARQ,Default,200,1,0,50,32,34.5837,0.487805,46.2646
3917,KB1,HARQ,Default,200,1,0,50,32,34.4496,0.487805,46.4447
3918,KB1,HARQ,Default,200,1,0,50,32,34.3165,0.487805,46.6248
3919,KB1,HARQ,Default,200,1,0,50,32,35.5952,0.487805,44.9499
3920,KB1,HARQ,Default,200,1,0,50,32,34.5836,0.487805,46.2647
3921,KB1,HARQ,Default,200,1,0,50,32,34.4282,0.487805,46.4735
3922,KB1,HARQ,Default,200,1,0,50,32,34.817,0.487805,45.9546
3923,KB1,HARQ,Default,200,1,0,50,32,34.3661,0.487805,46.5575
3924,KB1,HARQ,Default,200,1,0,50,32,34.5628,0.487805,46.2925
3925,KB1,HARQ,Default,200,1,0,50,32,34.259,0.487805,46.7031
3926,KB1,HARQ,Default,200,1,0,50,32,34.9495,0.487805,45.7803
3927,KB1,HARQ,Default,200,1,0,50,32,34.1931,0.487805,46.7931
3928,KB1,HARQ,Default,200,1,0,50,32,34.3689,0.487805,46.5537
3929,KB1,HARQ,Default,200,1,0,50,32,36.4854,0.487805,43.8532
3930,KB1,HARQ,Default,200,1,0,50,32,35.6138,0.487805,44.9264
3931,KB1,HARQ,Default,200,1,0,50,32,34.2051,0.487805,46.7767
3932,KB1,HARQ,Default,200,1,0,50,32,34.1459,0.487805,46.8577
3933,KB1,HARQ,Default,200,1,0,50,32,34.4748,0.487805,46.4107
3934,KB1,HARQ,Default,200,1,0,50,32,34.5004,0.487805,46.3763
3935,KB1,HARQ,Default,200,1,0,50,32,35.3711,0.487805,45.2347
3936,KB1,HARQ,Default,200,1,0,50,32,34.6751,0.487805,46.1426
3937,KB1,HARQ,Default,200,1,0,50,32,34.5249,0.487805,46.3434
3938,KB1,HARQ,Default,200,1,0,50,32,34.3045,0.487805,46.6411
3939,KB1,HARQ,Default,200,1,0,50,32,34.3561,0.487805,46.5711
3940,KB1,HARQ,Default,200,1,0,50,32,34.2692,0.487805,46.6892
3941,KB1,HARQ,Default,200,1,0,50,32,33.6129,0.487805,47.6008
3942,KB1,HARQ,Default,200,1,0,50,32,34.8995,0.487805,45.8459
3943,KB1,HARQ,Default,200,1,0,50,32,35.4308,0.487805,45.1584
3944,KB1,HARQ,Default,200,1,0,50,32,34.3615,0.487805,46.5637
3945,KB1,HARQ,Default,200,1,0,50,32,34.3938,0.487805,46.52
3946,KB1,HARQ,Default,200,1,0,50,32,34.44,0.487805,46.4576
3947,KB1,HARQ,Default,200,1,0,50,32,33.6964,0.487805,47.4828
3948,KB1,HARQ,Default,200,1,0,50,32,35.0978,0.487805,45.5869
3949,KB1,HARQ,Default,200,1,0,50,32,34.0658,0.487805,46.9679
3950,KB1,HARQ,Default,200,1,0,50,32,34.455,0.487805,46.4374
3951,KB1,HARQ,Default,200,1,0,50,32,34.5211,0.487805,46.3485
3952,KB1,HARQ,Default,200,1,0,50,32,34.3487,0.487805,46.5811
3953,KB1,HARQ,Default,200,1,0,50,32,33.9169,0.487805,47.1741
3954,KB1,HARQ,Default,200,1,0,50,32,33.8702,0.487805,47.2392
3955,KB1,HARQ,Default,200,1,0,50,32,34.1864,0.487805,46.8022
3956,KB1,HARQ,Default,200,1,0,50,32,34.2891,0.487805,46.6621
3957,KB1,HARQ,Default,200,1,0,50,32,36.0857,0.487805,44.3389
3958,KB1,HARQ,Default,200,1,0,50,32,34.5302,0.487805,46.3363
3959,KB1,HARQ,Default,200,1,0,50,32,34.4031,0.487805,46.5074
3960,KB1,HARQ,Default,200,1,0,50,32,34.642,0.487805,46.1867
3961,KB1,HARQ,Default,200,1,0,50,32,33.7391,0.487805,47.4227
3962,KB1,HARQ,Default,200,1,0,50,32,34.2654,0.487805,46.6943
3963,KB1,HARQ,Default,200,1,0,50,32,33.8823,0.487805,47.2223
3964,KB1,HARQ,Default,200,1,0,50,32,33.9242,0.487805,47.164
3965,KB1,HARQ,Default,200,1,0,50,32,34.3835,0.487805,46.5339
3966,KB1,HARQ,Default,200,1,0,50,32,33.9889,0.487805,47.0742
3967,KB1,HARQ,Default,200,1,0,50,32,34.325,0.487805,46.6133
3968,KB1,HARQ,Default,200,1,0,50,32,34.3907,0.487805,46.5242
3969,KB1,HARQ,Default,200,1,0,50,32,35.1431,0.487805,45.5281
3970,KB1,HARQ,Default,200,1,0,50,32,34.7374,0.487805,46.0599
3971,KB1,HARQ,Default,200,1,0,50,32,34.3246,0.487805,46.6138
3972,KB1,HARQ,Default,200,1,0,50,32,35.0163,0.487805,45.693
3973,KB1,HARQ,Default,200,1,0,50,32,34.8997,0.487805,45.8457
3974,KB1,HARQ,Default,200,1,0,50,32,34.6809,0.487805,46.1349
3975,KB1,HARQ,Default,200,1,0,50,32,34.3507,0.487805,46.5784
3976,KB1,HARQ,Default,200,1,0,50,32,34.8518,0.487805,45.9087
3977,KB1,HARQ,Default,200,1,0,50,32,35.3802,0.487805,45.223
3978,KB1,HARQ,Default,200,1,0,50,32,35.2005,0.487805,45.4539
3979,KB1,HARQ,Default,200,1,0,50,32,34.6301,0.487805,46.2026
3980,KB1,HARQ,Default,200,1,0,50,32,34.6806,0.487805,46.1353
3981,KB1,HARQ,Default,200,1,0,50,32,34.6763,0.487805,46.141
3982,KB1,HARQ,Default,200,1,0,50,32,35.3919,0.487805,45.2081
3983,KB1,HARQ,Default,200,1,0,50,32,35.1676,0.487805,45.4964
3984,KB1,HARQ,Default,200,1,0,50,32,34.5493,0.487805,46.3106
3985,KB1,HARQ,Default,200,1,0,50,32,34.7583,0.487805,46.0322
3986,KB1,HARQ,Default,200,1,0,50,32,34.7814,0.487805,46.0016
3987,KB1,HARQ,Default,200,1,0,50,32,34.6647,0.487805,46.1565
3988,KB1,HARQ,Default,200,1,0,50,32,35.0705,0.487805,45.6224
3989,KB1,HARQ,Default,200,1,0,50,32,34.9122,0.487805,45.8293
3990,KB1,HARQ,Default,200,1,0,50,32,34.7241,0.487805,46.0775
3991,KB1,HARQ,Default,200,1,0,50,32,35.4417,0.487805,45.1446
3992,KB1,HARQ,Default,200,1,0,50,32,34.7079,0.487805,46.099
3993,KB1,HARQ,Default,200,1,0,50,32,33.2759,0.487805,48.0828
3994,KB1,HARQ,Default,200,1,0,50,32,33.5102,0.487805,47.7467
3995,KB1,HARQ,Default,200,1,0,50,32,33.0598,0.487805,48.3971
3996,KB1,HARQ,Default,200,1,0,50,32,33.7829,0.487805,47.3612
3997,KB1,HARQ,Default,200,1,0,50,32,32.8397,0.487805,48.7215
3998,KB1,HARQ,Default,200,1,0,50,32,34.2669,0.487805,46.6923
3999,KB1,HARQ,Default,200,1,0,50,32,34.46,0.487805,46.4306
4000,KB1,HARQ,Default,200,1,0,50,32,32.8946,0.487805,48.6402
