ID,scenario,scheme,message_label,msg_length,BER,state,total_frames,retransmission,time(ms),efficiency,throughput
1,KB2,ARQ,Default,200,0.05,0,50,82,1.3631,0.30303,1173.8
2,KB2,ARQ,Default,200,0.05,0,50,68,1.1133,0.338983,1437.17
3,KB2,ARQ,Default,200,0.05,0,50,16,0.9862,0.606061,1622.39
4,KB2,ARQ,Default,200,0.05,0,50,248,0.9169,0.134228,1745.01
5,KB2,ARQ,Default,200,0.05,0,50,25,1.0162,0.533333,1574.49
6,KB2,ARQ,Default,200,0.05,0,50,53,1.0776,0.38835,1484.78
7,KB2,ARQ,Default,200,0.05,0,50,101,1.208,0.264901,1324.5
8,KB2,ARQ,Default,200,0.05,0,50,87,1.1833,0.291971,1352.15
9,KB2,ARQ,Default,200,0.05,0,50,10,0.9529,0.666667,1679.08
10,KB2,ARQ,Default,200,0.05,0,50,239,0.9048,0.138408,1768.35
11,KB2,ARQ,Default,200,0.05,0,50,45,1.055,0.421053,1516.59
12,KB2,ARQ,Default,200,0.05,0,50,24,0.9995,0.540541,1600.8
13,KB2,ARQ,Default,200,0.05,0,50,47,1.0507,0.412371,1522.79
14,KB2,ARQ,Default,200,0.05,0,50,52,1.0678,0.392157,1498.41
15,KB2,ARQ,Default,200,0.05,0,50,142,1.3442,0.208333,1190.3
16,KB2,ARQ,Default,200,0.05,0,50,102,1.1935,0.263158,1340.59
17,KB2,ARQ,Default,200,0.05,0,50,66,1.1459,0.344828,1396.28
18,KB2,ARQ,Default,200,0.05,0,50,33,1.0285,0.481928,1555.66
19,KB2,ARQ,Default,200,0.05,0,50,40,1.2028,0.444444,1330.23
20,KB2,ARQ,Default,200,0.05,0,50,0,1.078,0.8,1484.23
21,KB2,ARQ,Default,200,0.05,0,50,85,1.1503,0.296296,1390.94
22,KB2,ARQ,Default,200,0.05,0,50,250,0.9127,0.133333,1753.04
23,KB2,ARQ,Default,200,0.05,0,50,11,0.9541,0.655738,1676.97
24,KB2,ARQ,Default,200,0.05,0,50,60,1.0876,0.363636,1471.13
25,KB2,ARQ,Default,200,0.05,0,50,52,1.0934,0.392157,1463.33
26,KB2,ARQ,Default,200,0.05,0,50,42,1.0489,0.434783,1525.41
27,KB2,ARQ,Default,200,0.05,0,50,70,1.1112,0.333333,1439.88
28,KB2,ARQ,Default,200,0.05,0,50,21,1.0182,0.56338,1571.4
29,KB2,ARQ,Default,200,0.05,0,50,14,0.9736,0.625,1643.39
30,KB2,ARQ,Default,200,0.05,0,50,9,1.0005,0.677966,1599.2
31,KB2,ARQ,Default,200,0.05,0,50,236,0.9067,0.13986,1764.64
32,KB2,ARQ,Default,200,0.05,0,50,22,1.3207,0.555556,1211.48
33,KB2,ARQ,Default,200,0.05,0,50,47,1.6549,0.412371,966.826
34,KB2,ARQ,Default,200,0.05,0,50,45,1.5386,0.421053,1039.91
35,KB2,ARQ,Default,200,0.05,0,50,46,1.5075,0.416667,1061.36
36,KB2,ARQ,Default,200,0.05,0,50,131,1.6458,0.220994,972.172
37,KB2,ARQ,Default,200,0.05,0,50,28,1.3484,0.512821,1186.59
38,KB2,ARQ,Default,200,0.05,0,50,52,1.426,0.392157,1122.02
39,KB2,ARQ,Default,200,0.05,0,50,46,1.412,0.416667,1133.14
40,KB2,ARQ,Default,200,0.05,0,50,11,1.3178,0.655738,1214.14
41,KB2,ARQ,Default,200,0.05,0,50,34,1.3906,0.47619,1150.58
42,KB2,ARQ,Default,200,0.05,0,50,80,1.6681,0.307692,959.175
43,KB2,ARQ,Default,200,0.05,0,50,99,1.6499,0.268456,969.756
44,KB2,ARQ,Default,200,0.05,0,50,63,1.4815,0.353982,1079.99
45,KB2,ARQ,Default,200,0.05,0,50,71,1.5095,0.330579,1059.95
46,KB2,ARQ,Default,200,0.05,0,50,52,1.4812,0.392157,1080.21
47,KB2,ARQ,Default,200,0.05,0,50,69,1.3036,0.336134,1227.37
48,KB2,ARQ,Default,200,0.05,0,50,249,0.9293,0.133779,1721.73
49,KB2,ARQ,Default,200,0.05,0,50,52,1.062,0.392157,1506.59
50,KB2,ARQ,Default,200,0.05,0,50,66,1.0931,0.344828,1463.73
51,KB2,ARQ,Default,200,0.05,0,50,51,1.0672,0.39604,1499.25
52,KB2,ARQ,Default,200,0.05,0,50,47,1.0531,0.412371,1519.32
53,KB2,ARQ,Default,200,0.05,0,50,12,0.9661,0.645161,1656.14
54,KB2,ARQ,Default,200,0.05,0,50,31,1.0335,0.493827,1548.14
55,KB2,ARQ,Default,200,0.05,0,50,94,1.2164,0.277778,1315.36
56,KB2,ARQ,Default,200,0.05,0,50,52,1.0667,0.392157,1499.95
57,KB2,ARQ,Default,200,0.05,0,50,35,1.0154,0.470588,1575.73
58,KB2,ARQ,Default,200,0.05,0,50,28,1.0122,0.512821,1580.72
59,KB2,ARQ,Default,200,0.05,0,50,51,1.0574,0.39604,1513.15
60,KB2,ARQ,Default,200,0.05,0,50,49,1.0611,0.40404,1507.87
61,KB2,ARQ,Default,200,0.05,0,50,4,0.9533,0.740741,1678.38
62,KB2,ARQ,Default,200,0.05,0,50,74,1.2181,0.322581,1313.52
63,KB2,ARQ,Default,200,0.05,0,50,33,1.2385,0.481928,1291.89
64,KB2,ARQ,Default,200,0.05,0,50,245,1.2812,0.135593,1248.83
65,KB2,ARQ,Default,200,0.05,0,50,234,0.9993,0.140845,1601.12
66,KB2,ARQ,Default,200,0.05,0,50,96,1.1853,0.273973,1349.87
67,KB2,ARQ,Default,200,0.05,0,50,30,1.0156,0.5,1575.42
68,KB2,ARQ,Default,200,0.05,0,50,32,1.0965,0.487805,1459.19
69,KB2,ARQ,Default,200,0.05,0,50,37,1.0856,0.45977,1473.84
70,KB2,ARQ,Default,200,0.05,0,50,15,0.9884,0.615385,1618.78
71,KB2,ARQ,Default,200,0.05,0,50,39,1.0441,0.449438,1532.42
72,KB2,ARQ,Default,200,0.05,0,50,43,1.0438,0.430108,1532.86
73,KB2,ARQ,Default,200,0.05,0,50,33,1.0488,0.481928,1525.55
74,KB2,ARQ,Default,200,0.05,0,50,65,1.1167,0.347826,1432.79
75,KB2,ARQ,Default,200,0.05,0,50,12,0.9908,0.645161,1614.86
76,KB2,ARQ,Default,200,0.05,0,50,50,1.0611,0.4,1507.87
77,KB2,ARQ,Default,200,0.05,0,50,38,1.0296,0.454545,1554
78,KB2,ARQ,Default,200,0.05,0,50,92,1.1861,0.28169,1348.96
79,KB2,ARQ,Default,200,0.05,0,50,28,1.0059,0.512821,1590.62
80,KB2,ARQ,Default,200,0.05,0,50,105,1.2117,0.258065,1320.46
81,KB2,ARQ,Default,200,0.05,1,50,241,0.9025,0.137457,1772.85
82,KB2,ARQ,Default,200,0.05,0,50,7,0.9434,0.701754,1695.99
83,KB2,ARQ,Default,200,0.05,0,50,41,1.0593,0.43956,1510.43
84,KB2,ARQ,Default,200,0.05,0,50,255,0.9465,0.131148,1690.44
85,KB2,ARQ,Default,200,0.05,0,50,43,1.0473,0.430108,1527.74
86,KB2,ARQ,Default,200,0.05,0,50,38,1.0305,0.454545,1552.64
87,KB2,ARQ,Default,200,0.05,0,50,112,1.2162,0.246914,1315.57
88,KB2,ARQ,Default,200,0.05,0,50,24,1.0069,0.540541,1589.04
89,KB2,ARQ,Default,200,0.05,0,50,62,1.1008,0.357143,1453.49
90,KB2,ARQ,Default,200,0.05,0,50,30,1.0115,0.5,1581.81
91,KB2,ARQ,Default,200,0.05,0,50,90,1.1635,0.285714,1375.16
92,KB2,ARQ,Default,200,0.05,0,50,46,1.0578,0.416667,1512.57
93,KB2,ARQ,Default,200,0.05,0,50,14,0.9682,0.625,1652.55
94,KB2,ARQ,Default,200,0.05,0,50,26,0.9979,0.526316,1603.37
95,KB2,ARQ,Default,200,0.05,0,50,49,1.0603,0.40404,1509.01
96,KB2,ARQ,Default,200,0.05,0,50,28,1.024,0.512821,1562.5
97,KB2,ARQ,Default,200,0.05,0,50,72,1.2277,0.327869,1303.25
98,KB2,ARQ,Default,200,0.05,0,50,100,1.1894,0.266667,1345.22
99,KB2,ARQ,Default,200,0.05,0,50,41,1.0509,0.43956,1522.5
100,KB2,ARQ,Default,200,0.05,0,50,16,0.9902,0.606061,1615.84
101,KB2,ARQ,Default,200,0.05,0,50,9,0.9536,0.677966,1677.85
102,KB2,ARQ,Default,200,0.05,0,50,85,1.2427,0.296296,1287.52
103,KB2,ARQ,Default,200,0.05,0,50,37,1.0291,0.45977,1554.76
104,KB2,ARQ,Default,200,0.05,0,50,22,0.9964,0.555556,1605.78
105,KB2,ARQ,Default,200,0.05,0,50,46,1.0524,0.416667,1520.33
106,KB2,ARQ,Default,200,0.05,0,50,50,1.0604,0.4,1508.86
107,KB2,ARQ,Default,200,0.05,0,50,42,1.0364,0.434783,1543.81
108,KB2,ARQ,Default,200,0.05,0,50,80,1.1428,0.307692,1400.07
109,KB2,ARQ,Default,200,0.05,0,50,83,1.147,0.300752,1394.94
110,KB2,ARQ,Default,200,0.05,0,50,47,1.0487,0.412371,1525.7
111,KB2,ARQ,Default,200,0.05,0,50,64,1.1713,0.350877,1366
112,KB2,ARQ,Default,200,0.05,0,50,80,1.2553,0.307692,1274.6
113,KB2,ARQ,Default,200,0.05,0,50,47,1.0674,0.412371,1498.97
114,KB2,ARQ,Default,200,0.05,0,50,59,1.0841,0.366972,1475.88
115,KB2,ARQ,Default,200,0.05,0,50,11,0.9658,0.655738,1656.66
116,KB2,ARQ,Default,200,0.05,0,50,33,1.0303,0.481928,1552.95
117,KB2,ARQ,Default,200,0.05,0,50,15,0.971,0.615385,1647.79
118,KB2,ARQ,Default,200,0.05,0,50,61,1.1092,0.36036,1442.48
119,KB2,ARQ,Default,200,0.05,0,50,78,1.1301,0.3125,1415.8
120,KB2,ARQ,Default,200,0.05,0,50,0,0.9336,0.8,1713.8
121,KB2,ARQ,Default,200,0.05,0,50,250,0.9227,0.133333,1734.04
122,KB2,ARQ,Default,200,0.05,0,50,37,1.0339,0.45977,1547.54
123,KB2,ARQ,Default,200,0.05,0,50,14,0.986,0.625,1622.72
124,KB2,ARQ,Default,200,0.05,0,50,55,1.0743,0.380952,1489.34
125,KB2,ARQ,Default,200,0.05,0,50,47,1.0492,0.412371,1524.97
126,KB2,ARQ,Default,200,0.05,0,50,40,1.1519,0.444444,1389.01
127,KB2,ARQ,Default,200,0.05,0,50,17,0.9817,0.597015,1629.83
128,KB2,ARQ,Default,200,0.05,0,50,232,0.8634,0.141844,1853.14
129,KB2,ARQ,Default,200,0.05,0,50,16,1.0397,0.606061,1538.91
130,KB2,ARQ,Default,200,0.05,0,50,28,1.0093,0.512821,1585.26
131,KB2,ARQ,Default,200,0.05,0,50,58,1.083,0.37037,1477.38
132,KB2,ARQ,Default,200,0.05,0,50,41,1.0398,0.43956,1538.76
133,KB2,ARQ,Default,200,0.05,0,50,74,1.1236,0.322581,1423.99
134,KB2,ARQ,Default,200,0.05,0,50,3,0.9431,0.754717,1696.53
135,KB2,ARQ,Default,200,0.05,0,50,80,1.1872,0.307692,1347.71
136,KB2,ARQ,Default,200,0.05,0,50,76,1.1326,0.31746,1412.68
137,KB2,ARQ,Default,200,0.05,0,50,57,1.088,0.373832,1470.59
138,KB2,ARQ,Default,200,0.05,0,50,40,1.0366,0.444444,1543.51
139,KB2,ARQ,Default,200,0.05,0,50,76,1.1338,0.31746,1411.18
140,KB2,ARQ,Default,200,0.05,0,50,74,1.1165,0.322581,1433.05
141,KB2,ARQ,Default,200,0.05,0,50,78,1.1372,0.3125,1406.96
142,KB2,ARQ,Default,200,0.05,0,50,25,1.2341,0.533333,1296.49
143,KB2,ARQ,Default,200,0.05,0,50,19,0.9919,0.57971,1613.07
144,KB2,ARQ,Default,200,0.05,0,50,28,1.0135,0.512821,1578.69
145,KB2,ARQ,Default,200,0.05,0,50,44,1.0531,0.425532,1519.32
146,KB2,ARQ,Default,200,0.05,0,50,12,0.9736,0.645161,1643.39
147,KB2,ARQ,Default,200,0.05,0,50,127,1.2667,0.225989,1263.12
148,KB2,ARQ,Default,200,0.05,0,50,41,1.0527,0.43956,1519.9
149,KB2,ARQ,Default,200,0.05,0,50,241,0.8937,0.137457,1790.31
150,KB2,ARQ,Default,200,0.05,0,50,81,1.1357,0.305344,1408.82
151,KB2,ARQ,Default,200,0.05,0,50,82,1.1426,0.30303,1400.32
152,KB2,ARQ,Default,200,0.05,0,50,253,0.9194,0.132013,1740.27
153,KB2,ARQ,Default,200,0.05,0,50,237,0.8863,0.139373,1805.26
154,KB2,ARQ,Default,200,0.05,0,50,92,1.172,0.28169,1365.19
155,KB2,ARQ,Default,200,0.05,0,50,48,1.0519,0.408163,1521.06
156,KB2,ARQ,Default,200,0.05,0,50,104,1.704,0.25974,938.967
157,KB2,ARQ,Default,200,0.05,0,50,62,1.0971,0.357143,1458.39
158,KB2,ARQ,Default,200,0.05,0,50,52,1.1156,0.392157,1434.21
159,KB2,ARQ,Default,200,0.05,0,50,37,1.0456,0.45977,1530.22
160,KB2,ARQ,Default,200,0.05,0,50,53,1.0778,0.38835,1484.51
161,KB2,ARQ,Default,200,0.05,0,50,72,1.1152,0.327869,1434.72
162,KB2,ARQ,Default,200,0.05,0,50,37,1.0235,0.45977,1563.26
163,KB2,ARQ,Default,200,0.05,0,50,52,1.0741,0.392157,1489.62
164,KB2,ARQ,Default,200,0.05,0,50,43,1.0524,0.430108,1520.33
165,KB2,ARQ,Default,200,0.05,0,50,40,1.0485,0.444444,1525.99
166,KB2,ARQ,Default,200,0.05,0,50,75,1.1307,0.32,1415.05
167,KB2,ARQ,Default,200,0.05,0,50,55,1.0764,0.380952,1486.44
168,KB2,ARQ,Default,200,0.05,0,50,44,1.05,0.425532,1523.81
169,KB2,ARQ,Default,200,0.05,0,50,49,1.2355,0.40404,1295.02
170,KB2,ARQ,Default,200,0.05,0,50,115,1.2176,0.242424,1314.06
171,KB2,ARQ,Default,200,0.05,0,50,48,1.0509,0.408163,1522.5
172,KB2,ARQ,Default,200,0.05,0,50,47,1.0556,0.412371,1515.73
173,KB2,ARQ,Default,200,0.05,0,50,54,1.0796,0.384615,1482.03
174,KB2,ARQ,Default,200,0.05,0,50,43,1.0479,0.430108,1526.86
175,KB2,ARQ,Default,200,0.05,0,50,240,0.8921,0.137931,1793.52
176,KB2,ARQ,Default,200,0.05,0,50,139,1.2996,0.21164,1231.15
177,KB2,ARQ,Default,200,0.05,0,50,57,1.0913,0.373832,1466.14
178,KB2,ARQ,Default,200,0.05,0,50,62,1.0839,0.357143,1476.15
179,KB2,ARQ,Default,200,0.05,0,50,30,1.0088,0.5,1586.04
180,KB2,ARQ,Default,200,0.05,0,50,16,0.9814,0.606061,1630.32
181,KB2,ARQ,Default,200,0.05,0,50,47,1.0622,0.412371,1506.31
182,KB2,ARQ,Default,200,0.05,0,50,66,1.0998,0.344828,1454.81
183,KB2,ARQ,Default,200,0.05,0,50,75,1.1206,0.32,1427.81
184,KB2,ARQ,Default,200,0.05,0,50,20,0.9807,0.571429,1631.49
185,KB2,ARQ,Default,200,0.05,0,50,0,0.9462,0.8,1690.97
186,KB2,ARQ,Default,200,0.05,0,50,21,0.9888,0.56338,1618.12
187,KB2,ARQ,Default,200,0.05,0,50,10,0.9579,0.666667,1670.32
188,KB2,ARQ,Default,200,0.05,0,50,23,0.9899,0.547945,1616.32
189,KB2,ARQ,Default,200,0.05,0,50,11,0.9727,0.655738,1644.91
190,KB2,ARQ,Default,200,0.05,0,50,252,0.9379,0.13245,1705.94
191,KB2,ARQ,Default,200,0.05,0,50,9,0.9678,0.677966,1653.23
192,KB2,ARQ,Default,200,0.05,0,50,14,0.9758,0.625,1639.68
193,KB2,ARQ,Default,200,0.05,0,50,54,1.0812,0.384615,1479.84
194,KB2,ARQ,Default,200,0.05,0,50,133,1.2912,0.218579,1239.16
195,KB2,ARQ,Default,200,0.05,0,50,32,1.019,0.487805,1570.17
196,KB2,ARQ,Default,200,0.05,0,50,34,1.4256,0.47619,1122.33
197,KB2,ARQ,Default,200,0.05,0,50,70,1.1878,0.333333,1347.03
198,KB2,ARQ,Default,200,0.05,0,50,74,1.6619,0.322581,962.753
199,KB2,ARQ,Default,200,0.05,0,50,91,1.2787,0.283688,1251.27
200,KB2,ARQ,Default,200,0.05,0,50,42,1.0642,0.434783,1503.48
201,KB2,ARQ,Default,200,0.05,0,50,4,0.9475,0.740741,1688.65
202,KB2,ARQ,Default,200,0.05,0,50,117,1.2501,0.239521,1279.9
203,KB2,ARQ,Default,200,0.05,0,50,35,1.0389,0.470588,1540.09
204,KB2,ARQ,Default,200,0.05,0,50,4,0.966,0.740741,1656.31
205,KB2,ARQ,Default,200,0.05,0,50,44,1.0384,0.425532,1540.83
206,KB2,ARQ,Default,200,0.05,0,50,74,1.1374,0.322581,1406.72
207,KB2,ARQ,Default,200,0.05,0,50,61,1.097,0.36036,1458.52
208,KB2,ARQ,Default,200,0.05,0,50,33,1.0221,0.481928,1565.4
209,KB2,ARQ,Default,200,0.05,0,50,109,1.2131,0.251572,1318.93
210,KB2,ARQ,Default,200,0.05,0,50,54,1.0806,0.384615,1480.66
211,KB2,ARQ,Default,200,0.05,0,50,169,1.8902,0.182648,846.471
212,KB2,ARQ,Default,200,0.05,0,50,38,1.3691,0.454545,1168.65
213,KB2,ARQ,Default,200,0.05,0,50,7,1.0127,0.701754,1579.93
214,KB2,ARQ,Default,200,0.05,0,50,65,1.1081,0.347826,1443.91
215,KB2,ARQ,Default,200,0.05,0,50,220,0.8401,0.148148,1904.54
216,KB2,ARQ,Default,200,0.05,0,50,74,1.1198,0.322581,1428.83
217,KB2,ARQ,Default,200,0.05,0,50,230,0.861,0.142857,1858.3
218,KB2,ARQ,Default,200,0.05,0,50,47,1.059,0.412371,1510.86
219,KB2,ARQ,Default,200,0.05,0,50,77,1.1172,0.314961,1432.15
220,KB2,ARQ,Default,200,0.05,0,50,42,1.0493,0.434783,1524.83
221,KB2,ARQ,Default,200,0.05,0,50,255,0.9416,0.131148,1699.24
222,KB2,ARQ,Default,200,0.05,0,50,14,0.9719,0.625,1646.26
223,KB2,ARQ,Default,200,0.05,0,50,13,0.9795,0.634921,1633.49
224,KB2,ARQ,Default,200,0.05,0,50,10,0.9635,0.666667,1660.61
225,KB2,ARQ,Default,200,0.05,0,50,217,0.8527,0.149813,1876.39
226,KB2,ARQ,Default,200,0.05,0,50,40,1.1068,0.444444,1445.61
227,KB2,ARQ,Default,200,0.05,0,50,34,1.0505,0.47619,1523.08
228,KB2,ARQ,Default,200,0.05,0,50,22,1.0759,0.555556,1487.13
229,KB2,ARQ,Default,200,0.05,0,50,73,1.3081,0.325203,1223.15
230,KB2,ARQ,Default,200,0.05,0,50,54,1.073,0.384615,1491.15
231,KB2,ARQ,Default,200,0.05,0,50,32,1.0258,0.487805,1559.76
232,KB2,ARQ,Default,200,0.05,0,50,4,0.9563,0.740741,1673.12
233,KB2,ARQ,Default,200,0.05,0,50,105,1.2349,0.258065,1295.65
234,KB2,ARQ,Default,200,0.05,0,50,83,1.1546,0.300752,1385.76
235,KB2,ARQ,Default,200,0.05,0,50,97,1.1813,0.272109,1354.44
236,KB2,ARQ,Default,200,0.05,0,50,48,1.0507,0.408163,1522.79
237,KB2,ARQ,Default,200,0.05,0,50,35,1.0306,0.470588,1552.49
238,KB2,ARQ,Default,200,0.05,0,50,47,1.0586,0.412371,1511.43
239,KB2,ARQ,Default,200,0.05,0,50,254,1.027,0.131579,1557.94
240,KB2,ARQ,Default,200,0.05,0,50,58,1.1913,0.37037,1343.07
241,KB2,ARQ,Default,200,0.05,0,50,127,1.2761,0.225989,1253.82
242,KB2,ARQ,Default,200,0.05,0,50,103,1.1988,0.261438,1334.67
243,KB2,ARQ,Default,200,0.05,0,50,70,1.1146,0.333333,1435.49
244,KB2,ARQ,Default,200,0.05,0,50,55,1.074,0.380952,1489.76
245,KB2,ARQ,Default,200,0.05,0,50,57,1.0991,0.373832,1455.74
246,KB2,ARQ,Default,200,0.05,0,50,37,1.0398,0.45977,1538.76
247,KB2,ARQ,Default,200,0.05,0,50,44,1.047,0.425532,1528.18
248,KB2,ARQ,Default,200,0.05,0,50,11,0.9952,0.655738,1607.72
249,KB2,ARQ,Default,200,0.05,0,50,7,1.0203,0.701754,1568.17
250,KB2,ARQ,Default,200,0.05,0,50,133,1.3108,0.218579,1220.63
251,KB2,ARQ,Default,200,0.05,0,50,110,1.4309,0.25,1118.18
252,KB2,ARQ,Default,200,0.05,0,50,62,1.1114,0.357143,1439.63
253,KB2,ARQ,Default,200,0.05,0,50,231,0.8802,0.142349,1817.77
254,KB2,ARQ,Default,200,0.05,0,50,45,1.0607,0.421053,1508.44
255,KB2,ARQ,Default,200,0.05,0,50,240,0.9202,0.137931,1738.75
256,KB2,ARQ,Default,200,0.05,0,50,75,1.1681,0.32,1369.75
257,KB2,ARQ,Default,200,0.05,0,50,45,1.0545,0.421053,1517.31
258,KB2,ARQ,Default,200,0.05,0,50,70,1.1101,0.333333,1441.31
259,KB2,ARQ,Default,200,0.05,0,50,42,1.0813,0.434783,1479.7
260,KB2,ARQ,Default,200,0.05,0,50,22,1.0026,0.555556,1595.85
261,KB2,ARQ,Default,200,0.05,0,50,44,1.0458,0.425532,1529.93
262,KB2,ARQ,Default,200,0.05,0,50,241,0.8933,0.137457,1791.11
263,KB2,ARQ,Default,200,0.05,0,50,37,1.0268,0.45977,1558.24
264,KB2,ARQ,Default,200,0.05,0,50,64,1.1067,0.350877,1445.74
265,KB2,ARQ,Default,200,0.05,0,50,87,1.1701,0.291971,1367.4
266,KB2,ARQ,Default,200,0.05,0,50,59,1.0864,0.366972,1472.75
267,KB2,ARQ,Default,200,0.05,0,50,95,1.1886,0.275862,1346.12
268,KB2,ARQ,Default,200,0.05,0,50,71,1.1038,0.330579,1449.54
269,KB2,ARQ,Default,200,0.05,0,50,4,0.9546,0.740741,1676.09
270,KB2,ARQ,Default,200,0.05,0,50,52,1.0807,0.392157,1480.52
271,KB2,ARQ,Default,200,0.05,0,50,50,1.0551,0.4,1516.44
272,KB2,ARQ,Default,200,0.05,0,50,25,0.9888,0.533333,1618.12
273,KB2,ARQ,Default,200,0.05,0,50,12,0.9651,0.645161,1657.86
274,KB2,ARQ,Default,200,0.05,0,50,121,1.2447,0.233918,1285.45
275,KB2,ARQ,Default,200,0.05,0,50,24,0.988,0.540541,1619.43
276,KB2,ARQ,Default,200,0.05,0,50,19,0.9799,0.57971,1632.82
277,KB2,ARQ,Default,200,0.05,0,50,252,0.9116,0.13245,1755.16
278,KB2,ARQ,Default,200,0.05,0,50,58,1.1034,0.37037,1450.06
279,KB2,ARQ,Default,200,0.05,0,50,33,1.0207,0.481928,1567.55
280,KB2,ARQ,Default,200,0.05,0,50,227,0.8622,0.144404,1855.72
281,KB2,ARQ,Default,200,0.05,0,50,13,0.9677,0.634921,1653.4
282,KB2,ARQ,Default,200,0.05,0,50,105,1.1962,0.258065,1337.57
283,KB2,ARQ,Default,200,0.05,0,50,43,1.1141,0.430108,1436.14
284,KB2,ARQ,Default,200,0.05,0,50,107,1.2082,0.254777,1324.28
285,KB2,ARQ,Default,200,0.05,0,50,255,0.9299,0.131148,1720.62
286,KB2,ARQ,Default,200,0.05,0,50,99,1.2187,0.268456,1312.87
287,KB2,ARQ,Default,200,0.05,0,50,6,1.0288,0.714286,1555.21
288,KB2,ARQ,Default,200,0.05,0,50,198,0.7917,0.16129,2020.97
289,KB2,ARQ,Default,200,0.05,0,50,76,1.1214,0.31746,1426.79
290,KB2,ARQ,Default,200,0.05,0,50,71,1.1281,0.330579,1418.31
291,KB2,ARQ,Default,200,0.05,0,50,17,0.9793,0.597015,1633.82
292,KB2,ARQ,Default,200,0.05,0,50,42,1.0559,0.434783,1515.3
293,KB2,ARQ,Default,200,0.05,0,50,57,1.0769,0.373832,1485.75
294,KB2,ARQ,Default,200,0.05,0,50,55,1.0767,0.380952,1486.02
295,KB2,ARQ,Default,200,0.05,0,50,52,1.0566,0.392157,1514.29
296,KB2,ARQ,Default,200,0.05,0,50,79,1.1392,0.310078,1404.49
297,KB2,ARQ,Default,200,0.05,0,50,25,0.9956,0.533333,1607.07
298,KB2,ARQ,Default,200,0.05,0,50,89,1.1613,0.28777,1377.77
299,KB2,ARQ,Default,200,0.05,0,50,253,0.9265,0.132013,1726.93
300,KB2,ARQ,Default,200,0.05,0,50,91,1.17,0.283688,1367.52
301,KB2,ARQ,Default,200,0.05,0,50,76,1.1282,0.31746,1418.19
302,KB2,ARQ,Default,200,0.05,0,50,68,1.1082,0.338983,1443.78
303,KB2,ARQ,Default,200,0.05,0,50,24,0.9861,0.540541,1622.55
304,KB2,ARQ,Default,200,0.05,0,50,74,1.1239,0.322581,1423.61
305,KB2,ARQ,Default,200,0.05,0,50,50,1.0461,0.4,1529.49
306,KB2,ARQ,Default,200,0.05,0,50,64,1.0988,0.350877,1456.13
307,KB2,ARQ,Default,200,0.05,0,50,61,1.0922,0.36036,1464.93
308,KB2,ARQ,Default,200,0.05,0,50,52,1.0955,0.392157,1460.52
309,KB2,ARQ,Default,200,0.05,0,50,36,1.0314,0.465116,1551.29
310,KB2,ARQ,Default,200,0.05,0,50,57,1.0742,0.373832,1489.48
311,KB2,ARQ,Default,200,0.05,0,50,55,1.1587,0.380952,1380.86
312,KB2,ARQ,Default,200,0.05,0,50,251,0.9858,0.13289,1623.05
313,KB2,ARQ,Default,200,0.05,0,50,53,1.0804,0.38835,1480.93
314,KB2,ARQ,Default,200,0.05,0,50,39,1.0267,0.449438,1558.39
315,KB2,ARQ,Default,200,0.05,0,50,75,1.128,0.32,1418.44
316,KB2,ARQ,Default,200,0.05,0,50,79,1.136,0.310078,1408.45
317,KB2,ARQ,Default,200,0.05,0,50,84,1.1308,0.298507,1414.93
318,KB2,ARQ,Default,200,0.05,0,50,95,1.1776,0.275862,1358.7
319,KB2,ARQ,Default,200,0.05,0,50,30,1.009,0.5,1585.73
320,KB2,ARQ,Default,200,0.05,0,50,73,1.1179,0.325203,1431.26
321,KB2,ARQ,Default,200,0.05,0,50,53,1.0771,0.38835,1485.47
322,KB2,ARQ,Default,200,0.05,0,50,7,0.9409,0.701754,1700.5
323,KB2,ARQ,Default,200,0.05,0,50,113,1.2146,0.245399,1317.31
324,KB2,ARQ,Default,200,0.05,0,50,41,1.0326,0.43956,1549.49
325,KB2,ARQ,Default,200,0.05,0,50,100,1.1956,0.266667,1338.24
326,KB2,ARQ,Default,200,0.05,0,50,28,1.0189,0.512821,1570.32
327,KB2,ARQ,Default,200,0.05,0,50,211,0.8232,0.153257,1943.63
328,KB2,ARQ,Default,200,0.05,0,50,41,1.0308,0.43956,1552.19
329,KB2,ARQ,Default,200,0.05,0,50,93,1.1737,0.27972,1363.21
330,KB2,ARQ,Default,200,0.05,0,50,71,1.1179,0.330579,1431.26
331,KB2,ARQ,Default,200,0.05,0,50,244,0.9062,0.136054,1765.61
332,KB2,ARQ,Default,200,0.05,0,50,21,0.9843,0.56338,1625.52
333,KB2,ARQ,Default,200,0.05,0,50,34,1.0149,0.47619,1576.51
334,KB2,ARQ,Default,200,0.05,0,50,79,1.1401,0.310078,1403.39
335,KB2,ARQ,Default,200,0.05,0,50,215,0.8288,0.150943,1930.5
336,KB2,ARQ,Default,200,0.05,0,50,28,1.0125,0.512821,1580.25
337,KB2,ARQ,Default,200,0.05,0,50,26,1.0119,0.526316,1581.18
338,KB2,ARQ,Default,200,0.05,0,50,49,1.0705,0.40404,1494.63
339,KB2,ARQ,Default,200,0.05,0,50,105,1.2148,0.258065,1317.09
340,KB2,ARQ,Default,200,0.05,0,50,89,1.3291,0.28777,1203.82
341,KB2,ARQ,Default,200,0.05,0,50,73,1.1225,0.325203,1425.39
342,KB2,ARQ,Default,200,0.05,0,50,0,0.932,0.8,1716.74
343,KB2,ARQ,Default,200,0.05,0,50,247,0.9126,0.13468,1753.23
344,KB2,ARQ,Default,200,0.05,0,50,112,1.2149,0.246914,1316.98
345,KB2,ARQ,Default,200,0.05,0,50,55,1.0751,0.380952,1488.23
346,KB2,ARQ,Default,200,0.05,0,50,247,0.9222,0.13468,1734.98
347,KB2,ARQ,Default,200,0.05,0,50,22,0.9941,0.555556,1609.5
348,KB2,ARQ,Default,200,0.05,0,50,27,1.0082,0.519481,1586.99
349,KB2,ARQ,Default,200,0.05,0,50,59,1.0854,0.366972,1474.11
350,KB2,ARQ,Default,200,0.05,0,50,27,0.9965,0.519481,1605.62
351,KB2,ARQ,Default,200,0.05,0,50,61,1.0855,0.36036,1473.98
352,KB2,ARQ,Default,200,0.05,0,50,74,1.1219,0.322581,1426.15
353,KB2,ARQ,Default,200,0.05,0,50,97,1.187,0.272109,1347.94
354,KB2,ARQ,Default,200,0.05,0,50,61,1.1836,0.36036,1351.81
355,KB2,ARQ,Default,200,0.05,0,50,58,1.0873,0.37037,1471.53
356,KB2,ARQ,Default,200,0.05,0,50,71,1.1205,0.330579,1427.93
357,KB2,ARQ,Default,200,0.05,0,50,35,1.0203,0.470588,1568.17
358,KB2,ARQ,Default,200,0.05,0,50,77,1.1301,0.314961,1415.8
359,KB2,ARQ,Default,200,0.05,0,50,97,1.1819,0.272109,1353.75
360,KB2,ARQ,Default,200,0.05,0,50,81,1.1381,0.305344,1405.85
361,KB2,ARQ,Default,200,0.05,0,50,54,1.0733,0.384615,1490.73
362,KB2,ARQ,Default,200,0.05,0,50,78,1.1393,0.3125,1404.37
363,KB2,ARQ,Default,200,0.05,0,50,30,1.0022,0.5,1596.49
364,KB2,ARQ,Default,200,0.05,0,50,32,1.0176,0.487805,1572.33
365,KB2,ARQ,Default,200,0.05,0,50,117,1.2327,0.239521,1297.96
366,KB2,ARQ,Default,200,0.05,1,50,248,0.9221,0.134228,1735.17
367,KB2,ARQ,Default,200,0.05,0,50,72,1.1561,0.327869,1383.96
368,KB2,ARQ,Default,200,0.05,0,50,86,1.1441,0.294118,1398.48
369,KB2,ARQ,Default,200,0.05,0,50,2,0.9449,0.769231,1693.3
370,KB2,ARQ,Default,200,0.05,0,50,243,0.9031,0.136519,1771.68
371,KB2,ARQ,Default,200,0.05,0,50,0,0.9364,0.8,1708.67
372,KB2,ARQ,Default,200,0.05,0,50,42,1.0444,0.434783,1531.98
373,KB2,ARQ,Default,200,0.05,0,50,19,0.9887,0.57971,1618.29
374,KB2,ARQ,Default,200,0.05,0,50,27,1.006,0.519481,1590.46
375,KB2,ARQ,Default,200,0.05,0,50,26,1.0131,0.526316,1579.31
376,KB2,ARQ,Default,200,0.05,0,50,33,1.0102,0.481928,1583.84
377,KB2,ARQ,Default,200,0.05,0,50,37,1.0217,0.45977,1566.02
378,KB2,ARQ,Default,200,0.05,0,50,43,1.0587,0.430108,1511.29
379,KB2,ARQ,Default,200,0.05,0,50,90,1.1714,0.285714,1365.89
380,KB2,ARQ,Default,200,0.05,0,50,75,1.1336,0.32,1411.43
381,KB2,ARQ,Default,200,0.05,0,50,56,1.1844,0.377358,1350.89
382,KB2,ARQ,Default,200,0.05,0,50,46,1.052,0.416667,1520.91
383,KB2,ARQ,Default,200,0.05,0,50,43,1.2601,0.430108,1269.74
384,KB2,ARQ,Default,200,0.05,0,50,73,1.1248,0.325203,1422.48
385,KB2,ARQ,Default,200,0.05,0,50,20,0.979,0.571429,1634.32
386,KB2,ARQ,Default,200,0.05,0,50,62,1.1008,0.357143,1453.49
387,KB2,ARQ,Default,200,0.05,0,50,30,1.0053,0.5,1591.56
388,KB2,ARQ,Default,200,0.05,0,50,0,0.9258,0.8,1728.24
389,KB2,ARQ,Default,200,0.05,0,50,102,1.1908,0.263158,1343.63
390,KB2,ARQ,Default,200,0.05,0,50,50,1.0604,0.4,1508.86
391,KB2,ARQ,Default,200,0.05,0,50,22,0.986,0.555556,1622.72
392,KB2,ARQ,Default,200,0.05,0,50,8,0.957,0.689655,1671.89
393,KB2,ARQ,Default,200,0.05,0,50,228,0.8695,0.143885,1840.14
394,KB2,ARQ,Default,200,0.05,0,50,11,1.1681,0.655738,1369.75
395,KB2,ARQ,Default,200,0.05,0,50,39,1.0866,0.449438,1472.48
396,KB2,ARQ,Default,200,0.05,0,50,5,1.0088,0.727273,1586.04
397,KB2,ARQ,Default,200,0.05,0,50,249,0.9348,0.133779,1711.6
398,KB2,ARQ,Default,200,0.05,0,50,9,1.1064,0.677966,1446.13
399,KB2,ARQ,Default,200,0.05,0,50,63,1.1123,0.353982,1438.46
400,KB2,ARQ,Default,200,0.05,0,50,110,1.229,0.25,1301.87
401,KB2,ARQ,Default,200,0.05,0,50,46,1.057,0.416667,1513.72
402,KB2,ARQ,Default,200,0.05,0,50,90,1.1724,0.285714,1364.72
403,KB2,ARQ,Default,200,0.05,0,50,40,1.0543,0.444444,1517.59
404,KB2,ARQ,Default,200,0.05,0,50,47,1.0714,0.412371,1493.37
405,KB2,ARQ,Default,200,0.05,0,50,29,1.0161,0.506329,1574.65
406,KB2,ARQ,Default,200,0.05,0,50,65,1.1061,0.347826,1446.52
407,KB2,ARQ,Default,200,0.05,0,50,3,1.1197,0.754717,1428.95
408,KB2,ARQ,Default,200,0.05,0,50,1,0.9598,0.784314,1667.01
409,KB2,ARQ,Default,200,0.05,0,50,11,0.9719,0.655738,1646.26
410,KB2,ARQ,Default,200,0.05,0,50,25,1.0122,0.533333,1580.72
411,KB2,ARQ,Default,200,0.05,0,50,48,1.0815,0.408163,1479.43
412,KB2,ARQ,Default,200,0.05,0,50,74,1.2927,0.322581,1237.72
413,KB2,ARQ,Default,200,0.05,0,50,33,1.0966,0.481928,1459.06
414,KB2,ARQ,Default,200,0.05,0,50,64,1.0955,0.350877,1460.52
415,KB2,ARQ,Default,200,0.05,0,50,9,0.9435,0.677966,1695.81
416,KB2,ARQ,Default,200,0.05,0,50,135,1.2829,0.216216,1247.17
417,KB2,ARQ,Default,200,0.05,0,50,45,1.0343,0.421053,1546.94
418,KB2,ARQ,Default,200,0.05,0,50,50,1.0569,0.4,1513.86
419,KB2,ARQ,Default,200,0.05,0,50,57,1.0779,0.373832,1484.37
420,KB2,ARQ,Default,200,0.05,0,50,0,0.95,0.8,1684.21
421,KB2,ARQ,Default,200,0.05,0,50,48,1.0528,0.408163,1519.76
422,KB2,ARQ,Default,200,0.05,0,50,34,1.0157,0.47619,1575.27
423,KB2,ARQ,Default,200,0.05,0,50,53,1.0706,0.38835,1494.49
424,KB2,ARQ,Default,200,0.05,0,50,0,0.9293,0.8,1721.73
425,KB2,ARQ,Default,200,0.05,0,50,47,1.0522,0.412371,1520.62
426,KB2,ARQ,Default,200,0.05,0,50,23,1.0009,0.547945,1598.56
427,KB2,ARQ,Default,200,0.05,0,50,8,0.9512,0.689655,1682.09
428,KB2,ARQ,Default,200,0.05,0,50,46,1.0544,0.416667,1517.45
429,KB2,ARQ,Default,200,0.05,0,50,13,0.9718,0.634921,1646.43
430,KB2,ARQ,Default,200,0.05,0,50,43,1.0646,0.430108,1502.91
431,KB2,ARQ,Default,200,0.05,0,50,24,0.9873,0.540541,1620.58
432,KB2,ARQ,Default,200,0.05,0,50,40,1.0318,0.444444,1550.69
433,KB2,ARQ,Default,200,0.05,0,50,5,0.9359,0.727273,1709.58
434,KB2,ARQ,Default,200,0.05,0,50,234,0.8699,0.140845,1839.29
435,KB2,ARQ,Default,200,0.05,0,50,172,0.7274,0.18018,2199.62
436,KB2,ARQ,Default,200,0.05,0,50,22,0.9974,0.555556,1604.17
437,KB2,ARQ,Default,200,0.05,0,50,166,1.3576,0.185185,1178.55
438,KB2,ARQ,Default,200,0.05,0,50,2,0.9475,0.769231,1688.65
439,KB2,ARQ,Default,200,0.05,0,50,83,1.2123,0.300752,1319.81
440,KB2,ARQ,Default,200,0.05,0,50,26,1.0101,0.526316,1584
441,KB2,ARQ,Default,200,0.05,0,50,67,1.1635,0.34188,1375.16
442,KB2,ARQ,Default,200,0.05,0,50,57,1.1166,0.373832,1432.92
443,KB2,ARQ,Default,200,0.05,0,50,8,0.9513,0.689655,1681.91
444,KB2,ARQ,Default,200,0.05,0,50,39,1.0267,0.449438,1558.39
445,KB2,ARQ,Default,200,0.05,0,50,73,1.1212,0.325203,1427.04
446,KB2,ARQ,Default,200,0.05,0,50,26,0.9957,0.526316,1606.91
447,KB2,ARQ,Default,200,0.05,0,50,247,0.9097,0.13468,1758.82
448,KB2,ARQ,Default,200,0.05,0,50,22,0.994,0.555556,1609.66
449,KB2,ARQ,Default,200,0.05,0,50,95,1.2251,0.275862,1306.02
450,KB2,ARQ,Default,200,0.05,0,50,8,0.9559,0.689655,1673.82
451,KB2,ARQ,Default,200,0.05,0,50,215,0.8308,0.150943,1925.85
452,KB2,ARQ,Default,200,0.05,0,50,115,1.22,0.242424,1311.48
453,KB2,ARQ,Default,200,0.05,0,50,82,1.1518,0.30303,1389.13
454,KB2,ARQ,Default,200,0.05,0,50,212,0.8287,0.152672,1930.73
455,KB2,ARQ,Default,200,0.05,0,50,40,1.032,0.444444,1550.39
456,KB2,ARQ,Default,200,0.05,0,50,86,1.1553,0.294118,1384.92
457,KB2,ARQ,Default,200,0.05,0,50,30,1.0126,0.5,1580.09
458,KB2,ARQ,Default,200,0.05,0,50,19,0.9923,0.57971,1612.42
459,KB2,ARQ,Default,200,0.05,0,50,16,0.9948,0.606061,1608.36
460,KB2,ARQ,Default,200,0.05,0,50,51,1.1076,0.39604,1444.56
461,KB2,ARQ,Default,200,0.05,0,50,1,0.9428,0.784314,1697.07
462,KB2,ARQ,Default,200,0.05,0,50,254,0.9434,0.131579,1695.99
463,KB2,ARQ,Default,200,0.05,0,50,23,1.0036,0.547945,1594.26
464,KB2,ARQ,Default,200,0.05,0,50,44,1.0508,0.425532,1522.65
465,KB2,ARQ,Default,200,0.05,0,50,57,1.0892,0.373832,1468.97
466,KB2,ARQ,Default,200,0.05,0,50,65,1.0969,0.347826,1458.66
467,KB2,ARQ,Default,200,0.05,0,50,19,0.9973,0.57971,1604.33
468,KB2,ARQ,Default,200,0.05,0,50,12,0.9735,0.645161,1643.55
469,KB2,ARQ,Default,200,0.05,0,50,54,1.0707,0.384615,1494.35
470,KB2,ARQ,Default,200,0.05,0,50,54,1.0746,0.384615,1488.93
471,KB2,ARQ,Default,200,0.05,0,50,4,0.9671,0.740741,1654.43
472,KB2,ARQ,Default,200,0.05,0,50,39,1.039,0.449438,1539.94
473,KB2,ARQ,Default,200,0.05,0,50,251,0.9431,0.13289,1696.53
474,KB2,ARQ,Default,200,0.05,0,50,104,1.1962,0.25974,1337.57
475,KB2,ARQ,Default,200,0.05,0,50,60,1.0963,0.363636,1459.45
476,KB2,ARQ,Default,200,0.05,0,50,62,1.0961,0.357143,1459.72
477,KB2,ARQ,Default,200,0.05,0,50,60,1.092,0.363636,1465.2
478,KB2,ARQ,Default,200,0.05,0,50,244,0.9116,0.136054,1755.16
479,KB2,ARQ,Default,200,0.05,0,50,63,1.1004,0.353982,1454.02
480,KB2,ARQ,Default,200,0.05,0,50,90,1.1539,0.285714,1386.6
481,KB2,ARQ,Default,200,0.05,0,50,20,0.9869,0.571429,1621.24
482,KB2,ARQ,Default,200,0.05,0,50,245,0.9104,0.135593,1757.47
483,KB2,ARQ,Default,200,0.05,0,50,47,1.0613,0.412371,1507.59
484,KB2,ARQ,Default,200,0.05,0,50,110,1.2114,0.25,1320.79
485,KB2,ARQ,Default,200,0.05,0,50,49,1.0554,0.40404,1516.01
486,KB2,ARQ,Default,200,0.05,0,50,14,0.9728,0.625,1644.74
487,KB2,ARQ,Default,200,0.05,0,50,25,1.009,0.533333,1585.73
488,KB2,ARQ,Default,200,0.05,0,50,93,1.1815,0.27972,1354.21
489,KB2,ARQ,Default,200,0.05,0,50,30,1.0074,0.5,1588.25
490,KB2,ARQ,Default,200,0.05,0,50,34,1.0192,0.47619,1569.86
491,KB2,ARQ,Default,200,0.05,0,50,40,1.0359,0.444444,1544.55
492,KB2,ARQ,Default,200,0.05,0,50,62,1.1032,0.357143,1450.33
493,KB2,ARQ,Default,200,0.05,0,50,130,1.2592,0.222222,1270.65
494,KB2,ARQ,Default,200,0.05,0,50,240,0.8907,0.137931,1796.34
495,KB2,ARQ,Default,200,0.05,0,50,56,1.0775,0.377358,1484.92
496,KB2,ARQ,Default,200,0.05,0,50,85,1.1427,0.296296,1400.19
497,KB2,ARQ,Default,200,0.05,0,50,251,0.9409,0.13289,1700.5
498,KB2,ARQ,Default,200,0.05,0,50,63,1.1165,0.353982,1433.05
499,KB2,ARQ,Default,200,0.05,0,50,40,1.0376,0.444444,1542.02
500,KB2,ARQ,Default,200,0.05,0,50,38,1.0503,0.454545,1523.37
501,KB2,ARQ,Default,200,0.05,0,50,28,1.0657,0.512821,1501.36
502,KB2,ARQ,Default,200,0.05,0,50,0,1.0195,0.8,1569.4
503,KB2,ARQ,Default,200,0.05,0,50,85,1.4908,0.296296,1073.25
504,KB2,ARQ,Default,200,0.05,0,50,82,1.1534,0.30303,1387.2
505,KB2,ARQ,Default,200,0.05,0,50,110,1.2159,0.25,1315.9
506,KB2,ARQ,Default,200,0.05,0,50,76,1.4337,0.31746,1115.99
507,KB2,ARQ,Default,200,0.05,0,50,73,1.1435,0.325203,1399.21
508,KB2,ARQ,Default,200,0.05,0,50,66,1.2806,0.344828,1249.41
509,KB2,ARQ,Default,200,0.05,0,50,22,1.0079,0.555556,1587.46
510,KB2,ARQ,Default,200,0.05,0,50,119,1.4317,0.236686,1117.55
511,KB2,ARQ,Default,200,0.05,0,50,46,1.2363,0.416667,1294.18
512,KB2,ARQ,Default,200,0.05,0,50,88,1.3054,0.289855,1225.68
513,KB2,ARQ,Default,200,0.05,0,50,4,1.2095,0.740741,1322.86
514,KB2,ARQ,Default,200,0.05,0,50,81,1.1972,0.305344,1336.45
515,KB2,ARQ,Default,200,0.05,0,50,57,1.1892,0.373832,1345.44
516,KB2,ARQ,Default,200,0.05,0,50,54,1.2296,0.384615,1301.24
517,KB2,ARQ,Default,200,0.05,0,50,105,1.5575,0.258065,1027.29
518,KB2,ARQ,Default,200,0.05,0,50,31,1.089,0.493827,1469.24
519,KB2,ARQ,Default,200,0.05,0,50,34,1.0711,0.47619,1493.79
520,KB2,ARQ,Default,200,0.05,0,50,37,1.0624,0.45977,1506.02
521,KB2,ARQ,Default,200,0.05,0,50,57,1.1149,0.373832,1435.11
522,KB2,ARQ,Default,200,0.05,0,50,41,1.0625,0.43956,1505.88
523,KB2,ARQ,Default,200,0.05,0,50,220,0.8503,0.148148,1881.69
524,KB2,ARQ,Default,200,0.05,0,50,99,1.2158,0.268456,1316.01
525,KB2,ARQ,Default,200,0.05,0,50,255,0.9291,0.131148,1722.1
526,KB2,ARQ,Default,200,0.05,0,50,251,1.0495,0.13289,1524.54
527,KB2,ARQ,Default,200,0.05,0,50,41,1.1978,0.43956,1335.78
528,KB2,ARQ,Default,200,0.05,0,50,55,1.5254,0.380952,1048.91
529,KB2,ARQ,Default,200,0.05,0,50,30,1.0592,0.5,1510.57
530,KB2,ARQ,Default,200,0.05,0,50,35,1.0375,0.470588,1542.17
531,KB2,ARQ,Default,200,0.05,0,50,22,0.9805,0.555556,1631.82
532,KB2,ARQ,Default,200,0.05,0,50,13,0.9811,0.634921,1630.82
533,KB2,ARQ,Default,200,0.05,0,50,91,1.1581,0.283688,1381.57
534,KB2,ARQ,Default,200,0.05,0,50,23,1.001,0.547945,1598.4
535,KB2,ARQ,Default,200,0.05,0,50,69,1.107,0.336134,1445.35
536,KB2,ARQ,Default,200,0.05,0,50,34,1.025,0.47619,1560.98
537,KB2,ARQ,Default,200,0.05,0,50,21,0.9858,0.56338,1623.05
538,KB2,ARQ,Default,200,0.05,0,50,52,1.0833,0.392157,1476.97
539,KB2,ARQ,Default,200,0.05,0,50,16,0.9821,0.606061,1629.16
540,KB2,ARQ,Default,200,0.05,0,50,16,0.9797,0.606061,1633.15
541,KB2,ARQ,Default,200,0.05,0,50,56,1.2844,0.377358,1245.72
542,KB2,ARQ,Default,200,0.05,0,50,80,1.134,0.307692,1410.93
543,KB2,ARQ,Default,200,0.05,0,50,3,0.949,0.754717,1685.99
544,KB2,ARQ,Default,200,0.05,0,50,8,0.9531,0.689655,1678.73
545,KB2,ARQ,Default,200,0.05,0,50,74,1.1195,0.322581,1429.21
546,KB2,ARQ,Default,200,0.05,0,50,40,1.0405,0.444444,1537.72
547,KB2,ARQ,Default,200,0.05,0,50,38,1.0251,0.454545,1560.82
548,KB2,ARQ,Default,200,0.05,0,50,24,1.0005,0.540541,1599.2
549,KB2,ARQ,Default,200,0.05,0,50,58,1.0823,0.37037,1478.33
550,KB2,ARQ,Default,200,0.05,0,50,215,0.8264,0.150943,1936.11
551,KB2,ARQ,Default,200,0.05,0,50,21,0.9932,0.56338,1610.95
552,KB2,ARQ,Default,200,0.05,0,50,65,1.1003,0.347826,1454.15
553,KB2,ARQ,Default,200,0.05,0,50,28,1.0093,0.512821,1585.26
554,KB2,ARQ,Default,200,0.05,0,50,70,1.1062,0.333333,1446.39
555,KB2,ARQ,Default,200,0.05,0,50,0,0.967,0.8,1654.6
556,KB2,ARQ,Default,200,0.05,0,50,28,1.0552,0.512821,1516.3
557,KB2,ARQ,Default,200,0.05,0,50,52,1.0719,0.392157,1492.68
558,KB2,ARQ,Default,200,0.05,0,50,66,1.1214,0.344828,1426.79
559,KB2,ARQ,Default,200,0.05,0,50,41,1.0389,0.43956,1540.09
560,KB2,ARQ,Default,200,0.05,0,50,45,1.0515,0.421053,1521.64
561,KB2,ARQ,Default,200,0.05,0,50,38,1.0395,0.454545,1539.2
562,KB2,ARQ,Default,200,0.05,0,50,245,0.9074,0.135593,1763.28
563,KB2,ARQ,Default,200,0.05,0,50,20,0.9822,0.571429,1629
564,KB2,ARQ,Default,200,0.05,0,50,48,1.0537,0.408163,1518.46
565,KB2,ARQ,Default,200,0.05,0,50,40,1.0392,0.444444,1539.65
566,KB2,ARQ,Default,200,0.05,0,50,0,0.9251,0.8,1729.54
567,KB2,ARQ,Default,200,0.05,0,50,105,1.2048,0.258065,1328.02
568,KB2,ARQ,Default,200,0.05,0,50,252,0.9305,0.13245,1719.51
569,KB2,ARQ,Default,200,0.05,0,50,13,1.0778,0.634921,1484.51
570,KB2,ARQ,Default,200,0.05,0,50,247,0.9359,0.13468,1709.58
571,KB2,ARQ,Default,200,0.05,0,50,250,1.0042,0.133333,1593.31
572,KB2,ARQ,Default,200,0.05,0,50,51,1.0879,0.39604,1470.72
573,KB2,ARQ,Default,200,0.05,0,50,39,1.0306,0.449438,1552.49
574,KB2,ARQ,Default,200,0.05,0,50,60,1.0841,0.363636,1475.88
575,KB2,ARQ,Default,200,0.05,0,50,95,1.1849,0.275862,1350.32
576,KB2,ARQ,Default,200,0.05,0,50,58,1.0816,0.37037,1479.29
577,KB2,ARQ,Default,200,0.05,0,50,68,1.1088,0.338983,1443
578,KB2,ARQ,Default,200,0.05,0,50,66,1.0919,0.344828,1465.34
579,KB2,ARQ,Default,200,0.05,0,50,109,1.214,0.251572,1317.96
580,KB2,ARQ,Default,200,0.05,0,50,28,1.0071,0.512821,1588.72
581,KB2,ARQ,Default,200,0.05,0,50,112,1.2257,0.246914,1305.38
582,KB2,ARQ,Default,200,0.05,0,50,66,1.1557,0.344828,1384.44
583,KB2,ARQ,Default,200,0.05,0,50,67,1.1142,0.34188,1436.01
584,KB2,ARQ,Default,200,0.05,0,50,33,1.0521,0.481928,1520.77
585,KB2,ARQ,Default,200,0.05,0,50,49,1.1219,0.40404,1426.15
586,KB2,ARQ,Default,200,0.05,0,50,84,1.1433,0.298507,1399.46
587,KB2,ARQ,Default,200,0.05,0,50,105,1.191,0.258065,1343.41
588,KB2,ARQ,Default,200,0.05,0,50,7,0.9534,0.701754,1678.2
589,KB2,ARQ,Default,200,0.05,0,50,58,1.0775,0.37037,1484.92
590,KB2,ARQ,Default,200,0.05,0,50,213,0.8216,0.152091,1947.42
591,KB2,ARQ,Default,200,0.05,0,50,218,0.835,0.149254,1916.17
592,KB2,ARQ,Default,200,0.05,0,50,16,0.9778,0.606061,1636.33
593,KB2,ARQ,Default,200,0.05,0,50,241,0.893,0.137457,1791.71
594,KB2,ARQ,Default,200,0.05,0,50,27,1.0041,0.519481,1593.47
595,KB2,ARQ,Default,200,0.05,0,50,49,1.055,0.40404,1516.59
596,KB2,ARQ,Default,200,0.05,0,50,91,1.1656,0.283688,1372.68
597,KB2,ARQ,Default,200,0.05,0,50,29,1.0097,0.506329,1584.63
598,KB2,ARQ,Default,200,0.05,0,50,240,0.8948,0.137931,1788.11
599,KB2,ARQ,Default,200,0.05,0,50,49,1.1083,0.40404,1443.65
600,KB2,ARQ,Default,200,0.05,0,50,21,1.0258,0.56338,1559.76
601,KB2,ARQ,Default,200,0.05,0,50,72,1.1189,0.327869,1429.98
602,KB2,ARQ,Default,200,0.05,0,50,64,1.104,0.350877,1449.28
603,KB2,ARQ,Default,200,0.05,0,50,57,1.0646,0.373832,1502.91
604,KB2,ARQ,Default,200,0.05,0,50,54,1.0865,0.384615,1472.62
605,KB2,ARQ,Default,200,0.05,0,50,238,0.8847,0.138889,1808.52
606,KB2,ARQ,Default,200,0.05,0,50,49,1.0544,0.40404,1517.45
607,KB2,ARQ,Default,200,0.05,0,50,50,1.0573,0.4,1513.29
608,KB2,ARQ,Default,200,0.05,0,50,94,1.172,0.277778,1365.19
609,KB2,ARQ,Default,200,0.05,0,50,63,1.1382,0.353982,1405.73
610,KB2,ARQ,Default,200,0.05,0,50,243,0.8982,0.136519,1781.34
611,KB2,ARQ,Default,200,0.05,0,50,122,1.2495,0.232558,1280.51
612,KB2,ARQ,Default,200,0.05,0,50,61,1.0852,0.36036,1474.38
613,KB2,ARQ,Default,200,0.05,0,50,45,1.0703,0.421053,1494.91
614,KB2,ARQ,Default,200,0.05,0,50,78,1.3429,0.3125,1191.45
615,KB2,ARQ,Default,200,0.05,0,50,101,1.192,0.264901,1342.28
616,KB2,ARQ,Default,200,0.05,0,50,51,1.0758,0.39604,1487.27
617,KB2,ARQ,Default,200,0.05,0,50,64,1.1,0.350877,1454.55
618,KB2,ARQ,Default,200,0.05,0,50,32,1.0171,0.487805,1573.1
619,KB2,ARQ,Default,200,0.05,0,50,6,0.9588,0.714286,1668.75
620,KB2,ARQ,Default,200,0.05,0,50,31,1.0036,0.493827,1594.26
621,KB2,ARQ,Default,200,0.05,0,50,20,0.9768,0.571429,1638
622,KB2,ARQ,Default,200,0.05,0,50,233,0.8845,0.141343,1808.93
623,KB2,ARQ,Default,200,0.05,0,50,54,1.1277,0.384615,1418.82
624,KB2,ARQ,Default,200,0.05,0,50,97,1.1798,0.272109,1356.16
625,KB2,ARQ,Default,200,0.05,0,50,75,1.1157,0.32,1434.08
626,KB2,ARQ,Default,200,0.05,0,50,56,1.0791,0.377358,1482.72
627,KB2,ARQ,Default,200,0.05,0,50,22,0.9884,0.555556,1618.78
628,KB2,ARQ,Default,200,0.05,0,50,89,1.201,0.28777,1332.22
629,KB2,ARQ,Default,200,0.05,0,50,22,0.9908,0.555556,1614.86
630,KB2,ARQ,Default,200,0.05,0,50,70,1.1123,0.333333,1438.46
631,KB2,ARQ,Default,200,0.05,0,50,6,0.9538,0.714286,1677.5
632,KB2,ARQ,Default,200,0.05,0,50,149,1.3111,0.201005,1220.35
633,KB2,ARQ,Default,200,0.05,0,50,42,1.0443,0.434783,1532.13
634,KB2,ARQ,Default,200,0.05,0,50,9,0.9505,0.677966,1683.32
635,KB2,ARQ,Default,200,0.05,0,50,87,1.1506,0.291971,1390.58
636,KB2,ARQ,Default,200,0.05,0,50,18,1.0318,0.588235,1550.69
637,KB2,ARQ,Default,200,0.05,0,50,90,1.1775,0.285714,1358.81
638,KB2,ARQ,Default,200,0.05,0,50,104,1.1963,0.25974,1337.46
639,KB2,ARQ,Default,200,0.05,0,50,50,1.0509,0.4,1522.5
640,KB2,ARQ,Default,200,0.05,0,50,251,0.916,0.13289,1746.72
641,KB2,ARQ,Default,200,0.05,0,50,56,1.0795,0.377358,1482.17
642,KB2,ARQ,Default,200,0.05,0,50,252,0.9632,0.13245,1661.13
643,KB2,ARQ,Default,200,0.05,0,50,20,1.0306,0.571429,1552.49
644,KB2,ARQ,Default,200,0.05,0,50,31,1.0151,0.493827,1576.2
645,KB2,ARQ,Default,200,0.05,0,50,64,1.1013,0.350877,1452.83
646,KB2,ARQ,Default,200,0.05,0,50,20,0.9868,0.571429,1621.4
647,KB2,ARQ,Default,200,0.05,0,50,239,0.8936,0.138408,1790.51
648,KB2,ARQ,Default,200,0.05,0,50,42,1.0481,0.434783,1526.57
649,KB2,ARQ,Default,200,0.05,0,50,12,1.003,0.645161,1595.21
650,KB2,ARQ,Default,200,0.05,0,50,90,1.3912,0.285714,1150.09
651,KB2,ARQ,Default,200,0.05,0,50,236,0.8818,0.13986,1814.47
652,KB2,ARQ,Default,200,0.05,0,50,113,1.2243,0.245399,1306.87
653,KB2,ARQ,Default,200,0.05,0,50,43,1.0474,0.430108,1527.59
654,KB2,ARQ,Default,200,0.05,0,50,238,0.8813,0.138889,1815.5
655,KB2,ARQ,Default,200,0.05,0,50,92,1.2842,0.28169,1245.91
656,KB2,ARQ,Default,200,0.05,0,50,92,1.1738,0.28169,1363.09
657,KB2,ARQ,Default,200,0.05,0,50,61,1.1982,0.36036,1335.34
658,KB2,ARQ,Default,200,0.05,0,50,48,1.2618,0.408163,1268.03
659,KB2,ARQ,Default,200,0.05,0,50,28,1.0077,0.512821,1587.77
660,KB2,ARQ,Default,200,0.05,0,50,223,0.8521,0.14652,1877.71
661,KB2,ARQ,Default,200,0.05,0,50,250,0.9109,0.133333,1756.5
662,KB2,ARQ,Default,200,0.05,0,50,11,0.98,0.655738,1632.65
663,KB2,ARQ,Default,200,0.05,0,50,52,1.205,0.392157,1327.8
664,KB2,ARQ,Default,200,0.05,0,50,1,0.9469,0.784314,1689.72
665,KB2,ARQ,Default,200,0.05,0,50,38,1.0272,0.454545,1557.63
666,KB2,ARQ,Default,200,0.05,0,50,242,0.9055,0.136986,1766.98
667,KB2,ARQ,Default,200,0.05,0,50,39,1.0331,0.449438,1548.74
668,KB2,ARQ,Default,200,0.05,0,50,25,1.004,0.533333,1593.63
669,KB2,ARQ,Default,200,0.05,0,50,44,1.0389,0.425532,1540.09
670,KB2,ARQ,Default,200,0.05,0,50,74,1.1258,0.322581,1421.21
671,KB2,ARQ,Default,200,0.05,0,50,91,1.1768,0.283688,1359.62
672,KB2,ARQ,Default,200,0.05,0,50,62,1.1192,0.357143,1429.59
673,KB2,ARQ,Default,200,0.05,0,50,75,1.1359,0.32,1408.57
674,KB2,ARQ,Default,200,0.05,0,50,65,1.0956,0.347826,1460.39
675,KB2,ARQ,Default,200,0.05,0,50,13,0.9672,0.634921,1654.26
676,KB2,ARQ,Default,200,0.05,0,50,104,1.2388,0.25974,1291.57
677,KB2,ARQ,Default,200,0.05,0,50,48,1.0508,0.408163,1522.65
678,KB2,ARQ,Default,200,0.05,0,50,37,1.074,0.45977,1489.76
679,KB2,ARQ,Default,200,0.05,0,50,18,1.0766,0.588235,1486.16
680,KB2,ARQ,Default,200,0.05,0,50,64,1.0989,0.350877,1456
681,KB2,ARQ,Default,200,0.05,0,50,49,1.0546,0.40404,1517.16
682,KB2,ARQ,Default,200,0.05,0,50,90,1.1639,0.285714,1374.69
683,KB2,ARQ,Default,200,0.05,0,50,75,1.1322,0.32,1413.18
684,KB2,ARQ,Default,200,0.05,0,50,254,0.9312,0.131579,1718.21
685,KB2,ARQ,Default,200,0.05,0,50,50,1.1751,0.4,1361.59
686,KB2,ARQ,Default,200,0.05,0,50,53,1.0903,0.38835,1467.49
687,KB2,ARQ,Default,200,0.05,0,50,33,1.061,0.481928,1508.01
688,KB2,ARQ,Default,200,0.05,0,50,11,0.9609,0.655738,1665.11
689,KB2,ARQ,Default,200,0.05,0,50,242,0.9139,0.136986,1750.74
690,KB2,ARQ,Default,200,0.05,0,50,10,1.0176,0.666667,1572.33
691,KB2,ARQ,Default,200,0.05,0,50,57,1.0849,0.373832,1474.79
692,KB2,ARQ,Default,200,0.05,0,50,79,1.1447,0.310078,1397.75
693,KB2,ARQ,Default,200,0.05,0,50,13,1.0086,0.634921,1586.36
694,KB2,ARQ,Default,200,0.05,0,50,243,0.9003,0.136519,1777.19
695,KB2,ARQ,Default,200,0.05,0,50,27,0.9959,0.519481,1606.59
696,KB2,ARQ,Default,200,0.05,0,50,18,0.9877,0.588235,1619.93
697,KB2,ARQ,Default,200,0.05,0,50,230,0.867,0.142857,1845.44
698,KB2,ARQ,Default,200,0.05,0,50,88,1.1597,0.289855,1379.67
699,KB2,ARQ,Default,200,0.05,0,50,38,1.0392,0.454545,1539.65
700,KB2,ARQ,Default,200,0.05,0,50,110,1.3314,0.25,1201.74
701,KB2,ARQ,Default,200,0.05,0,50,41,1.1202,0.43956,1428.32
702,KB2,ARQ,Default,200,0.05,0,50,45,1.0522,0.421053,1520.62
703,KB2,ARQ,Default,200,0.05,0,50,99,1.3973,0.268456,1145.07
704,KB2,ARQ,Default,200,0.05,0,50,49,1.0866,0.40404,1472.48
705,KB2,ARQ,Default,200,0.05,0,50,62,1.1078,0.357143,1444.3
706,KB2,ARQ,Default,200,0.05,0,50,61,1.0909,0.36036,1466.68
707,KB2,ARQ,Default,200,0.05,0,50,38,1.0293,0.454545,1554.45
708,KB2,ARQ,Default,200,0.05,0,50,69,1.1123,0.336134,1438.46
709,KB2,ARQ,Default,200,0.05,0,50,47,1.0658,0.412371,1501.22
710,KB2,ARQ,Default,200,0.05,0,50,70,1.1126,0.333333,1438.07
711,KB2,ARQ,Default,200,0.05,0,50,62,1.0913,0.357143,1466.14
712,KB2,ARQ,Default,200,0.05,0,50,52,1.0735,0.392157,1490.45
713,KB2,ARQ,Default,200,0.05,0,50,45,1.0471,0.421053,1528.03
714,KB2,ARQ,Default,200,0.05,0,50,253,0.9364,0.132013,1708.67
715,KB2,ARQ,Default,200,0.05,0,50,20,0.9996,0.571429,1600.64
716,KB2,ARQ,Default,200,0.05,0,50,20,1.0515,0.571429,1521.64
717,KB2,ARQ,Default,200,0.05,0,50,58,1.0859,0.37037,1473.43
718,KB2,ARQ,Default,200,0.05,0,50,58,1.1113,0.37037,1439.76
719,KB2,ARQ,Default,200,0.05,0,50,129,1.2622,0.223464,1267.63
720,KB2,ARQ,Default,200,0.05,0,50,7,0.9494,0.701754,1685.27
721,KB2,ARQ,Default,200,0.05,0,50,72,1.1269,0.327869,1419.82
722,KB2,ARQ,Default,200,0.05,0,50,22,0.9924,0.555556,1612.25
723,KB2,ARQ,Default,200,0.05,0,50,0,0.9428,0.8,1697.07
724,KB2,ARQ,Default,200,0.05,0,50,39,1.045,0.449438,1531.1
725,KB2,ARQ,Default,200,0.05,0,50,102,1.2526,0.263158,1277.34
726,KB2,ARQ,Default,200,0.05,0,50,30,1.056,0.5,1515.15
727,KB2,ARQ,Default,200,0.05,0,50,74,1.1264,0.322581,1420.45
728,KB2,ARQ,Default,200,0.05,0,50,32,1.0553,0.487805,1516.16
729,KB2,ARQ,Default,200,0.05,0,50,43,1.1544,0.430108,1386
730,KB2,ARQ,Default,200,0.05,0,50,47,1.3481,0.412371,1186.86
731,KB2,ARQ,Default,200,0.05,0,50,16,0.9916,0.606061,1613.55
732,KB2,ARQ,Default,200,0.05,0,50,28,1.0239,0.512821,1562.65
733,KB2,ARQ,Default,200,0.05,0,50,106,1.2054,0.25641,1327.36
734,KB2,ARQ,Default,200,0.05,0,50,77,1.1462,0.314961,1395.92
735,KB2,ARQ,Default,200,0.05,0,50,61,1.0992,0.36036,1455.6
736,KB2,ARQ,Default,200,0.05,0,50,67,1.101,0.34188,1453.22
737,KB2,ARQ,Default,200,0.05,0,50,57,1.1049,0.373832,1448.09
738,KB2,ARQ,Default,200,0.05,0,50,50,1.0683,0.4,1497.71
739,KB2,ARQ,Default,200,0.05,0,50,27,1.0209,0.519481,1567.24
740,KB2,ARQ,Default,200,0.05,0,50,73,1.1422,0.325203,1400.81
741,KB2,ARQ,Default,200,0.05,0,50,72,1.1314,0.327869,1414.18
742,KB2,ARQ,Default,200,0.05,0,50,23,1.3898,0.547945,1151.24
743,KB2,ARQ,Default,200,0.05,0,50,40,1.0812,0.444444,1479.84
744,KB2,ARQ,Default,200,0.05,0,50,10,0.9693,0.666667,1650.68
745,KB2,ARQ,Default,200,0.05,0,50,36,1.0275,0.465116,1557.18
746,KB2,ARQ,Default,200,0.05,0,50,250,0.9334,0.133333,1714.16
747,KB2,ARQ,Default,200,0.05,0,50,66,1.1006,0.344828,1453.75
748,KB2,ARQ,Default,200,0.05,0,50,248,0.9147,0.134228,1749.21
749,KB2,ARQ,Default,200,0.05,0,50,64,1.0987,0.350877,1456.27
750,KB2,ARQ,Default,200,0.05,0,50,58,1.0942,0.37037,1462.26
751,KB2,ARQ,Default,200,0.05,0,50,56,1.0839,0.377358,1476.15
752,KB2,ARQ,Default,200,0.05,0,50,7,0.9523,0.701754,1680.14
753,KB2,ARQ,Default,200,0.05,0,50,71,1.1198,0.330579,1428.83
754,KB2,ARQ,Default,200,0.05,0,50,231,0.8709,0.142349,1837.18
755,KB2,ARQ,Default,200,0.05,0,50,30,1.0146,0.5,1576.98
756,KB2,ARQ,Default,200,0.05,0,50,4,1.0269,0.740741,1558.09
757,KB2,ARQ,Default,200,0.05,0,50,226,0.9571,0.144928,1671.72
758,KB2,ARQ,Default,200,0.05,0,50,253,0.9315,0.132013,1717.66
759,KB2,ARQ,Default,200,0.05,0,50,66,1.1131,0.344828,1437.43
760,KB2,ARQ,Default,200,0.05,0,50,21,0.9887,0.56338,1618.29
761,KB2,ARQ,Default,200,0.05,0,50,243,0.9036,0.136519,1770.69
762,KB2,ARQ,Default,200,0.05,0,50,59,1.0902,0.366972,1467.62
763,KB2,ARQ,Default,200,0.05,0,50,53,1.0718,0.38835,1492.82
764,KB2,ARQ,Default,200,0.05,0,50,22,0.99,0.555556,1616.16
765,KB2,ARQ,Default,200,0.05,0,50,83,1.149,0.300752,1392.52
766,KB2,ARQ,Default,200,0.05,0,50,44,1.0583,0.425532,1511.86
767,KB2,ARQ,Default,200,0.05,0,50,72,1.1172,0.327869,1432.15
768,KB2,ARQ,Default,200,0.05,0,50,88,1.1506,0.289855,1390.58
769,KB2,ARQ,Default,200,0.05,0,50,60,1.0794,0.363636,1482.3
770,KB2,ARQ,Default,200,0.05,0,50,69,1.2083,0.336134,1324.17
771,KB2,ARQ,Default,200,0.05,0,50,5,0.9754,0.727273,1640.35
772,KB2,ARQ,Default,200,0.05,0,50,50,1.2504,0.4,1279.59
773,KB2,ARQ,Default,200,0.05,0,50,23,1.0095,0.547945,1584.94
774,KB2,ARQ,Default,200,0.05,0,50,63,1.0965,0.353982,1459.19
775,KB2,ARQ,Default,200,0.05,0,50,252,0.9101,0.13245,1758.05
776,KB2,ARQ,Default,200,0.05,0,50,53,1.0717,0.38835,1492.96
777,KB2,ARQ,Default,200,0.05,0,50,62,1.0899,0.357143,1468.02
778,KB2,ARQ,Default,200,0.05,0,50,94,1.1764,0.277778,1360.08
779,KB2,ARQ,Default,200,0.05,0,50,38,1.0229,0.454545,1564.18
780,KB2,ARQ,Default,200,0.05,0,50,49,1.0599,0.40404,1509.58
781,KB2,ARQ,Default,200,0.05,0,50,33,1.015,0.481928,1576.35
782,KB2,ARQ,Default,200,0.05,0,50,48,1.0561,0.408163,1515.01
783,KB2,ARQ,Default,200,0.05,0,50,53,1.1065,0.38835,1446
784,KB2,ARQ,Default,200,0.05,0,50,252,0.9198,0.13245,1739.51
785,KB2,ARQ,Default,200,0.05,0,50,67,1.108,0.34188,1444.04
786,KB2,ARQ,Default,200,0.05,0,50,65,1.1522,0.347826,1388.65
787,KB2,ARQ,Default,200,0.05,0,50,93,1.204,0.27972,1328.9
788,KB2,ARQ,Default,200,0.05,0,50,240,0.9075,0.137931,1763.09
789,KB2,ARQ,Default,200,0.05,0,50,85,1.1564,0.296296,1383.6
790,KB2,ARQ,Default,200,0.05,0,50,49,1.0831,0.40404,1477.24
791,KB2,ARQ,Default,200,0.05,0,50,78,1.1513,0.3125,1389.73
792,KB2,ARQ,Default,200,0.05,0,50,65,1.0969,0.347826,1458.66
793,KB2,ARQ,Default,200,0.05,0,50,225,0.8958,0.145455,1786.11
794,KB2,ARQ,Default,200,0.05,0,50,224,0.8778,0.145985,1822.74
795,KB2,ARQ,Default,200,0.05,0,50,66,1.1112,0.344828,1439.88
796,KB2,ARQ,Default,200,0.05,0,50,247,0.912,0.13468,1754.39
797,KB2,ARQ,Default,200,0.05,0,50,26,1.0473,0.526316,1527.74
798,KB2,ARQ,Default,200,0.05,0,50,65,1.0975,0.347826,1457.86
799,KB2,ARQ,Default,200,0.05,0,50,249,0.9136,0.133779,1751.31
800,KB2,ARQ,Default,200,0.05,0,50,64,1.0909,0.350877,1466.68
801,KB2,ARQ,Default,200,0.05,0,50,35,1.0828,0.470588,1477.65
802,KB2,ARQ,Default,200,0.05,0,50,127,1.2649,0.225989,1264.92
803,KB2,ARQ,Default,200,0.05,0,50,12,0.9687,0.645161,1651.7
804,KB2,ARQ,Default,200,0.05,0,50,236,0.8829,0.13986,1812.21
805,KB2,ARQ,Default,200,0.05,0,50,58,1.0865,0.37037,1472.62
806,KB2,ARQ,Default,200,0.05,0,50,74,1.1225,0.322581,1425.39
807,KB2,ARQ,Default,200,0.05,0,50,82,1.1506,0.30303,1390.58
808,KB2,ARQ,Default,200,0.05,0,50,137,1.2765,0.213904,1253.43
809,KB2,ARQ,Default,200,0.05,0,50,101,1.1867,0.264901,1348.28
810,KB2,ARQ,Default,200,0.05,0,50,62,1.176,0.357143,1360.54
811,KB2,ARQ,Default,200,0.05,0,50,51,1.054,0.39604,1518.03
812,KB2,ARQ,Default,200,0.05,0,50,30,1.0068,0.5,1589.19
813,KB2,ARQ,Default,200,0.05,0,50,80,1.1355,0.307692,1409.07
814,KB2,ARQ,Default,200,0.05,0,50,73,1.1254,0.325203,1421.72
815,KB2,ARQ,Default,200,0.05,0,50,81,1.2229,0.305344,1308.37
816,KB2,ARQ,Default,200,0.05,0,50,221,0.8416,0.147601,1901.14
817,KB2,ARQ,Default,200,0.05,0,50,52,1.0814,0.392157,1479.56
818,KB2,ARQ,Default,200,0.05,0,50,32,1.0175,0.487805,1572.48
819,KB2,ARQ,Default,200,0.05,0,50,52,1.0552,0.392157,1516.3
820,KB2,ARQ,Default,200,0.05,0,50,84,1.1456,0.298507,1396.65
821,KB2,ARQ,Default,200,0.05,0,50,97,1.183,0.272109,1352.49
822,KB2,ARQ,Default,200,0.05,0,50,41,1.047,0.43956,1528.18
823,KB2,ARQ,Default,200,0.05,0,50,42,1.0487,0.434783,1525.7
824,KB2,ARQ,Default,200,0.05,0,50,70,1.0963,0.333333,1459.45
825,KB2,ARQ,Default,200,0.05,0,50,253,0.9303,0.132013,1719.88
826,KB2,ARQ,Default,200,0.05,0,50,54,1.0806,0.384615,1480.66
827,KB2,ARQ,Default,200,0.05,0,50,137,1.2889,0.213904,1241.37
828,KB2,ARQ,Default,200,0.05,0,50,36,1.0233,0.465116,1563.57
829,KB2,ARQ,Default,200,0.05,0,50,76,1.2216,0.31746,1309.76
830,KB2,ARQ,Default,200,0.05,0,50,30,1.0833,0.5,1476.97
831,KB2,ARQ,Default,200,0.05,0,50,223,0.8535,0.14652,1874.63
832,KB2,ARQ,Default,200,0.05,0,50,29,1.012,0.506329,1581.03
833,KB2,ARQ,Default,200,0.05,0,50,80,1.1406,0.307692,1402.77
834,KB2,ARQ,Default,200,0.05,0,50,69,1.1074,0.336134,1444.83
835,KB2,ARQ,Default,200,0.05,0,50,87,1.1525,0.291971,1388.29
836,KB2,ARQ,Default,200,0.05,0,50,12,1.0205,0.645161,1567.86
837,KB2,ARQ,Default,200,0.05,0,50,39,1.0388,0.449438,1540.24
838,KB2,ARQ,Default,200,0.05,0,50,50,1.0525,0.4,1520.19
839,KB2,ARQ,Default,200,0.05,0,50,67,1.116,0.34188,1433.69
840,KB2,ARQ,Default,200,0.05,0,50,254,0.9298,0.131579,1720.8
841,KB2,ARQ,Default,200,0.05,0,50,81,1.1365,0.305344,1407.83
842,KB2,ARQ,Default,200,0.05,0,50,9,0.9563,0.677966,1673.12
843,KB2,ARQ,Default,200,0.05,0,50,199,0.7878,0.160643,2030.97
844,KB2,ARQ,Default,200,0.05,0,50,37,1.0752,0.45977,1488.1
845,KB2,ARQ,Default,200,0.05,0,50,15,1.0199,0.615385,1568.78
846,KB2,ARQ,Default,200,0.05,0,50,68,1.1153,0.338983,1434.59
847,KB2,ARQ,Default,200,0.05,0,50,75,1.1153,0.32,1434.59
848,KB2,ARQ,Default,200,0.05,0,50,251,0.9055,0.13289,1766.98
849,KB2,ARQ,Default,200,0.05,0,50,20,0.9901,0.571429,1616
850,KB2,ARQ,Default,200,0.05,0,50,84,1.1451,0.298507,1397.26
851,KB2,ARQ,Default,200,0.05,0,50,44,1.0726,0.425532,1491.7
852,KB2,ARQ,Default,200,0.05,0,50,232,0.8755,0.141844,1827.53
853,KB2,ARQ,Default,200,0.05,0,50,254,0.9328,0.131579,1715.27
854,KB2,ARQ,Default,200,0.05,0,50,75,1.1334,0.32,1411.68
855,KB2,ARQ,Default,200,0.05,0,50,32,1.0138,0.487805,1578.22
856,KB2,ARQ,Default,200,0.05,0,50,47,1.047,0.412371,1528.18
857,KB2,ARQ,Default,200,0.05,0,50,34,1.015,0.47619,1576.35
858,KB2,ARQ,Default,200,0.05,0,50,37,1.0351,0.45977,1545.74
859,KB2,ARQ,Default,200,0.05,0,50,9,1.2469,0.677966,1283.18
860,KB2,ARQ,Default,200,0.05,0,50,71,1.1226,0.330579,1425.26
861,KB2,ARQ,Default,200,0.05,0,50,51,1.0617,0.39604,1507.02
862,KB2,ARQ,Default,200,0.05,0,50,83,1.1593,0.300752,1380.14
863,KB2,ARQ,Default,200,0.05,0,50,12,1.042,0.645161,1535.51
864,KB2,ARQ,Default,200,0.05,0,50,28,1.4226,0.512821,1124.7
865,KB2,ARQ,Default,200,0.05,0,50,31,1.1038,0.493827,1449.54
866,KB2,ARQ,Default,200,0.05,0,50,55,1.0981,0.380952,1457.06
867,KB2,ARQ,Default,200,0.05,0,50,127,1.2778,0.225989,1252.15
868,KB2,ARQ,Default,200,0.05,0,50,24,1.0561,0.540541,1515.01
869,KB2,ARQ,Default,200,0.05,0,50,28,1.0653,0.512821,1501.92
870,KB2,ARQ,Default,200,0.05,0,50,40,1.1626,0.444444,1376.23
871,KB2,ARQ,Default,200,0.05,0,50,29,1.0346,0.506329,1546.49
872,KB2,ARQ,Default,200,0.05,0,50,4,1.3092,0.740741,1222.12
873,KB2,ARQ,Default,200,0.05,0,50,88,1.4991,0.289855,1067.31
874,KB2,ARQ,Default,200,0.05,0,50,79,1.224,0.310078,1307.19
875,KB2,ARQ,Default,200,0.05,0,50,15,0.9902,0.615385,1615.84
876,KB2,ARQ,Default,200,0.05,0,50,33,1.0539,0.481928,1518.17
877,KB2,ARQ,Default,200,0.05,0,50,47,1.0999,0.412371,1454.68
878,KB2,ARQ,Default,200,0.05,0,50,43,1.0685,0.430108,1497.43
879,KB2,ARQ,Default,200,0.05,0,50,34,1.0541,0.47619,1517.88
880,KB2,ARQ,Default,200,0.05,0,50,91,1.1709,0.283688,1366.47
881,KB2,ARQ,Default,200,0.05,0,50,61,1.0941,0.36036,1462.39
882,KB2,ARQ,Default,200,0.05,0,50,91,1.1734,0.283688,1363.56
883,KB2,ARQ,Default,200,0.05,0,50,53,1.0659,0.38835,1501.08
884,KB2,ARQ,Default,200,0.05,0,50,24,1.0047,0.540541,1592.52
885,KB2,ARQ,Default,200,0.05,0,50,17,0.9908,0.597015,1614.86
886,KB2,ARQ,Default,200,0.05,0,50,43,1.0956,0.430108,1460.39
887,KB2,ARQ,Default,200,0.05,0,50,30,1.0417,0.5,1535.95
888,KB2,ARQ,Default,200,0.05,0,50,5,0.9872,0.727273,1620.75
889,KB2,ARQ,Default,200,0.05,0,50,58,1.0931,0.37037,1463.73
890,KB2,ARQ,Default,200,0.05,0,50,41,1.0451,0.43956,1530.95
891,KB2,ARQ,Default,200,0.05,0,50,243,0.9138,0.136519,1750.93
892,KB2,ARQ,Default,200,0.05,0,50,82,1.1538,0.30303,1386.72
893,KB2,ARQ,Default,200,0.05,0,50,88,1.1829,0.289855,1352.61
894,KB2,ARQ,Default,200,0.05,0,50,69,1.1193,0.336134,1429.46
895,KB2,ARQ,Default,200,0.05,0,50,102,1.1999,0.263158,1333.44
896,KB2,ARQ,Default,200,0.05,0,50,2,0.9447,0.769231,1693.66
897,KB2,ARQ,Default,200,0.05,0,50,48,1.0577,0.408163,1512.72
898,KB2,ARQ,Default,200,0.05,0,50,37,1.0175,0.45977,1572.48
899,KB2,ARQ,Default,200,0.05,0,50,45,1.0492,0.421053,1524.97
900,KB2,ARQ,Default,200,0.05,0,50,103,1.4807,0.261438,1080.57
901,KB2,ARQ,Default,200,0.05,0,50,234,0.9758,0.140845,1639.68
902,KB2,ARQ,Default,200,0.05,0,50,60,1.0981,0.363636,1457.06
903,KB2,ARQ,Default,200,0.05,0,50,14,0.9677,0.625,1653.4
904,KB2,ARQ,Default,200,0.05,0,50,32,1.0247,0.487805,1561.43
905,KB2,ARQ,Default,200,0.05,0,50,246,0.9072,0.135135,1763.67
906,KB2,ARQ,Default,200,0.05,0,50,43,1.0443,0.430108,1532.13
907,KB2,ARQ,Default,200,0.05,0,50,17,0.9683,0.597015,1652.38
908,KB2,ARQ,Default,200,0.05,0,50,81,1.1596,0.305344,1379.79
909,KB2,ARQ,Default,200,0.05,0,50,213,0.833,0.152091,1920.77
910,KB2,ARQ,Default,200,0.05,0,50,37,1.0337,0.45977,1547.84
911,KB2,ARQ,Default,200,0.05,0,50,78,1.1264,0.3125,1420.45
912,KB2,ARQ,Default,200,0.05,0,50,77,1.1287,0.314961,1417.56
913,KB2,ARQ,Default,200,0.05,0,50,69,1.1196,0.336134,1429.08
914,KB2,ARQ,Default,200,0.05,0,50,39,1.0867,0.449438,1472.35
915,KB2,ARQ,Default,200,0.05,0,50,75,1.1445,0.32,1397.99
916,KB2,ARQ,Default,200,0.05,0,50,32,1.0138,0.487805,1578.22
917,KB2,ARQ,Default,200,0.05,0,50,88,1.1991,0.289855,1334.33
918,KB2,ARQ,Default,200,0.05,0,50,64,1.1043,0.350877,1448.88
919,KB2,ARQ,Default,200,0.05,0,50,32,1.0337,0.487805,1547.84
920,KB2,ARQ,Default,200,0.05,0,50,55,1.0747,0.380952,1488.79
921,KB2,ARQ,Default,200,0.05,0,50,74,1.1252,0.322581,1421.97
922,KB2,ARQ,Default,200,0.05,0,50,254,0.9223,0.131579,1734.79
923,KB2,ARQ,Default,200,0.05,0,50,23,1.0539,0.547945,1518.17
924,KB2,ARQ,Default,200,0.05,0,50,41,1.0469,0.43956,1528.32
925,KB2,ARQ,Default,200,0.05,0,50,67,1.0966,0.34188,1459.06
926,KB2,ARQ,Default,200,0.05,0,50,66,1.1077,0.344828,1444.43
927,KB2,ARQ,Default,200,0.05,0,50,68,1.0977,0.338983,1457.59
928,KB2,ARQ,Default,200,0.05,0,50,5,0.9561,0.727273,1673.47
929,KB2,ARQ,Default,200,0.05,0,50,52,1.1439,0.392157,1398.72
930,KB2,ARQ,Default,200,0.05,0,50,5,1.0232,0.727273,1563.72
931,KB2,ARQ,Default,200,0.05,0,50,73,1.1162,0.325203,1433.43
932,KB2,ARQ,Default,200,0.05,0,50,26,0.9913,0.526316,1614.04
933,KB2,ARQ,Default,200,0.05,0,50,40,1.0368,0.444444,1543.21
934,KB2,ARQ,Default,200,0.05,0,50,43,1.0425,0.430108,1534.77
935,KB2,ARQ,Default,200,0.05,0,50,18,0.9909,0.588235,1614.69
936,KB2,ARQ,Default,200,0.05,0,50,104,1.1912,0.25974,1343.18
937,KB2,ARQ,Default,200,0.05,0,50,85,1.1544,0.296296,1386
938,KB2,ARQ,Default,200,0.05,0,50,9,0.9468,0.677966,1689.9
939,KB2,ARQ,Default,200,0.05,0,50,76,1.1291,0.31746,1417.06
940,KB2,ARQ,Default,200,0.05,0,50,87,1.1558,0.291971,1384.32
941,KB2,ARQ,Default,200,0.05,0,50,251,0.9221,0.13289,1735.17
942,KB2,ARQ,Default,200,0.05,0,50,247,0.9148,0.13468,1749.02
943,KB2,ARQ,Default,200,0.05,0,50,33,1.0551,0.481928,1516.44
944,KB2,ARQ,Default,200,0.05,0,50,14,1.1034,0.625,1450.06
945,KB2,ARQ,Default,200,0.05,0,50,10,0.9753,0.666667,1640.52
946,KB2,ARQ,Default,200,0.05,0,50,71,1.1141,0.330579,1436.14
947,KB2,ARQ,Default,200,0.05,0,50,42,1.0361,0.434783,1544.25
948,KB2,ARQ,Default,200,0.05,0,50,65,1.0981,0.347826,1457.06
949,KB2,ARQ,Default,200,0.05,0,50,92,1.1629,0.28169,1375.87
950,KB2,ARQ,Default,200,0.05,0,50,47,1.0602,0.412371,1509.15
951,KB2,ARQ,Default,200,0.05,0,50,33,1.0098,0.481928,1584.47
952,KB2,ARQ,Default,200,0.05,0,50,48,1.0471,0.408163,1528.03
953,KB2,ARQ,Default,200,0.05,0,50,59,1.0882,0.366972,1470.32
954,KB2,ARQ,Default,200,0.05,0,50,48,1.0636,0.408163,1504.32
955,KB2,ARQ,Default,200,0.05,0,50,65,1.0988,0.347826,1456.13
956,KB2,ARQ,Default,200,0.05,0,50,41,1.0324,0.43956,1549.79
957,KB2,ARQ,Default,200,0.05,0,50,12,0.9769,0.645161,1637.83
958,KB2,ARQ,Default,200,0.05,0,50,87,1.3114,0.291971,1220.07
959,KB2,ARQ,Default,200,0.05,0,50,37,1.0624,0.45977,1506.02
960,KB2,ARQ,Default,200,0.05,0,50,229,0.865,0.143369,1849.71
961,KB2,ARQ,Default,200,0.05,0,50,44,1.043,0.425532,1534.04
962,KB2,ARQ,Default,200,0.05,0,50,42,1.0407,0.434783,1537.43
963,KB2,ARQ,Default,200,0.05,0,50,59,1.0839,0.366972,1476.15
964,KB2,ARQ,Default,200,0.05,0,50,28,1.0049,0.512821,1592.2
965,KB2,ARQ,Default,200,0.05,0,50,7,0.9475,0.701754,1688.65
966,KB2,ARQ,Default,200,0.05,0,50,59,1.0862,0.366972,1473.03
967,KB2,ARQ,Default,200,0.05,0,50,232,0.8711,0.141844,1836.76
968,KB2,ARQ,Default,200,0.05,0,50,214,0.8232,0.151515,1943.63
969,KB2,ARQ,Default,200,0.05,0,50,85,1.1424,0.296296,1400.56
970,KB2,ARQ,Default,200,0.05,0,50,68,1.1175,0.338983,1431.77
971,KB2,ARQ,Default,200,0.05,0,50,11,1.0178,0.655738,1572.02
972,KB2,ARQ,Default,200,0.05,0,50,95,1.2965,0.275862,1234.09
973,KB2,ARQ,Default,200,0.05,0,50,50,1.3325,0.4,1200.75
974,KB2,ARQ,Default,200,0.05,0,50,56,1.1454,0.377358,1396.89
975,KB2,ARQ,Default,200,0.05,0,50,97,1.1782,0.272109,1358
976,KB2,ARQ,Default,200,0.05,0,50,39,1.0348,0.449438,1546.19
977,KB2,ARQ,Default,200,0.05,0,50,29,1.0204,0.506329,1568.01
978,KB2,ARQ,Default,200,0.05,0,50,29,1.0133,0.506329,1579
979,KB2,ARQ,Default,200,0.05,0,50,74,1.1243,0.322581,1423.11
980,KB2,ARQ,Default,200,0.05,0,50,29,1.0132,0.506329,1579.16
981,KB2,ARQ,Default,200,0.05,0,50,51,1.066,0.39604,1500.94
982,KB2,ARQ,Default,200,0.05,0,50,43,1.0589,0.430108,1511
983,KB2,ARQ,Default,200,0.05,0,50,20,1.0002,0.571429,1599.68
984,KB2,ARQ,Default,200,0.05,0,50,8,0.9663,0.689655,1655.8
985,KB2,ARQ,Default,200,0.05,0,50,57,1.085,0.373832,1474.65
986,KB2,ARQ,Default,200,0.05,0,50,22,1.0038,0.555556,1593.94
987,KB2,ARQ,Default,200,0.05,0,50,45,1.3491,0.421053,1185.98
988,KB2,ARQ,Default,200,0.05,0,50,68,1.8166,0.338983,880.766
989,KB2,ARQ,Default,200,0.05,0,50,9,0.9725,0.677966,1645.24
990,KB2,ARQ,Default,200,0.05,0,50,241,0.899,0.137457,1779.76
991,KB2,ARQ,Default,200,0.05,0,50,40,1.0611,0.444444,1507.87
992,KB2,ARQ,Default,200,0.05,0,50,23,1.0283,0.547945,1555.97
993,KB2,ARQ,Default,200,0.05,0,50,34,1.0334,0.47619,1548.29
994,KB2,ARQ,Default,200,0.05,0,50,71,1.1192,0.330579,1429.59
995,KB2,ARQ,Default,200,0.05,0,50,65,1.1109,0.347826,1440.27
996,KB2,ARQ,Default,200,0.05,0,50,26,1.014,0.526316,1577.91
997,KB2,ARQ,Default,200,0.05,0,50,61,1.1344,0.36036,1410.44
998,KB2,ARQ,Default,200,0.05,0,50,128,1.2664,0.224719,1263.42
999,KB2,ARQ,Default,200,0.05,0,50,246,0.9108,0.135135,1756.7
1000,KB2,ARQ,Default,200,0.05,0,50,60,1.1108,0.363636,1440.4
1001,KB2,HARQ,Default,200,0.05,1,50,12,3.0335,0.645161,527.444
1002,KB2,HARQ,Default,200,0.05,1,50,12,2.7958,0.645161,572.287
1003,KB2,HARQ,Default,200,0.05,1,50,14,2.8525,0.625,560.911
1004,KB2,HARQ,Default,200,0.05,1,50,13,2.9166,0.634921,548.584
1005,KB2,HARQ,Default,200,0.05,1,50,10,2.7874,0.666667,574.012
1006,KB2,HARQ,Default,200,0.05,1,50,12,3.1352,0.645161,510.334
1007,KB2,HARQ,Default,200,0.05,1,50,9,2.6417,0.677966,605.671
1008,KB2,HARQ,Default,200,0.05,1,50,8,2.5984,0.689655,615.764
1009,KB2,HARQ,Default,200,0.05,1,50,17,3.0014,0.597015,533.085
1010,KB2,HARQ,Default,200,0.05,1,50,8,2.6146,0.689655,611.948
1011,KB2,HARQ,Default,200,0.05,1,50,13,2.8162,0.634921,568.141
1012,KB2,HARQ,Default,200,0.05,1,50,15,3.1466,0.615385,508.485
1013,KB2,HARQ,Default,200,0.05,1,50,15,2.8826,0.615385,555.054
1014,KB2,HARQ,Default,200,0.05,1,50,14,2.8603,0.625,559.382
1015,KB2,HARQ,Default,200,0.05,1,50,12,2.8541,0.645161,560.597
1016,KB2,HARQ,Default,200,0.05,1,50,6,2.5311,0.714286,632.136
1017,KB2,HARQ,Default,200,0.05,1,50,8,2.6121,0.689655,612.534
1018,KB2,HARQ,Default,200,0.05,1,50,13,2.9456,0.634921,543.183
1019,KB2,HARQ,Default,200,0.05,1,50,11,2.9267,0.655738,546.691
1020,KB2,HARQ,Default,200,0.05,1,50,11,2.7986,0.655738,571.714
1021,KB2,HARQ,Default,200,0.05,1,50,15,2.8736,0.615385,556.793
1022,KB2,HARQ,Default,200,0.05,1,50,4,2.4518,0.740741,652.582
1023,KB2,HARQ,Default,200,0.05,1,50,11,2.9252,0.655738,546.971
1024,KB2,HARQ,Default,200,0.05,1,50,9,2.8396,0.677966,563.46
1025,KB2,HARQ,Default,200,0.05,1,50,9,2.8924,0.677966,553.174
1026,KB2,HARQ,Default,200,0.05,1,50,8,2.6612,0.689655,601.233
1027,KB2,HARQ,Default,200,0.05,1,50,4,2.471,0.740741,647.511
1028,KB2,HARQ,Default,200,0.05,1,50,8,2.6308,0.689655,608.18
1029,KB2,HARQ,Default,200,0.05,1,50,18,3.3215,0.588235,481.71
1030,KB2,HARQ,Default,200,0.05,1,50,13,2.8977,0.634921,552.162
1031,KB2,HARQ,Default,200,0.05,1,50,12,2.764,0.645161,578.871
1032,KB2,HARQ,Default,200,0.05,1,50,18,3.0254,0.588235,528.856
1033,KB2,HARQ,Default,200,0.05,1,50,8,2.592,0.689655,617.284
1034,KB2,HARQ,Default,200,0.05,1,50,11,2.7214,0.655738,587.933
1035,KB2,HARQ,Default,200,0.05,1,50,18,3.2907,0.588235,486.219
1036,KB2,HARQ,Default,200,0.05,1,50,13,2.8246,0.634921,566.452
1037,KB2,HARQ,Default,200,0.05,1,50,13,2.8077,0.634921,569.861
1038,KB2,HARQ,Default,200,0.05,1,50,11,2.7847,0.655738,574.568
1039,KB2,HARQ,Default,200,0.05,1,50,13,2.8292,0.634921,565.531
1040,KB2,HARQ,Default,200,0.05,1,50,7,2.7353,0.701754,584.945
1041,KB2,HARQ,Default,200,0.05,1,50,9,2.7621,0.677966,579.269
1042,KB2,HARQ,Default,200,0.05,1,50,15,2.8997,0.615385,551.781
1043,KB2,HARQ,Default,200,0.05,1,50,10,2.7116,0.666667,590.058
1044,KB2,HARQ,Default,200,0.05,1,50,11,2.7184,0.655738,588.582
1045,KB2,HARQ,Default,200,0.05,1,50,17,2.9606,0.597015,540.431
1046,KB2,HARQ,Default,200,0.05,1,50,12,3.2336,0.645161,494.805
1047,KB2,HARQ,Default,200,0.05,1,50,8,2.6253,0.689655,609.454
1048,KB2,HARQ,Default,200,0.05,1,50,18,3.0164,0.588235,530.434
1049,KB2,HARQ,Default,200,0.05,1,50,12,2.7836,0.645161,574.795
1050,KB2,HARQ,Default,200,0.05,1,50,12,2.7851,0.645161,574.486
1051,KB2,HARQ,Default,200,0.05,1,50,12,2.8094,0.645161,569.517
1052,KB2,HARQ,Default,200,0.05,1,50,15,3.2988,0.615385,485.025
1053,KB2,HARQ,Default,200,0.05,1,50,13,2.8819,0.634921,555.189
1054,KB2,HARQ,Default,200,0.05,1,50,12,2.7745,0.645161,576.68
1055,KB2,HARQ,Default,200,0.05,1,50,19,3.0553,0.57971,523.68
1056,KB2,HARQ,Default,200,0.05,1,50,12,2.8321,0.645161,564.952
1057,KB2,HARQ,Default,200,0.05,1,50,7,2.6536,0.701754,602.954
1058,KB2,HARQ,Default,200,0.05,1,50,13,3.04,0.634921,526.316
1059,KB2,HARQ,Default,200,0.05,1,50,12,2.8102,0.645161,569.354
1060,KB2,HARQ,Default,200,0.05,1,50,12,2.7851,0.645161,574.486
1061,KB2,HARQ,Default,200,0.05,1,50,10,2.6924,0.666667,594.265
1062,KB2,HARQ,Default,200,0.05,1,50,16,2.9423,0.606061,543.792
1063,KB2,HARQ,Default,200,0.05,1,50,12,3.0375,0.645161,526.749
1064,KB2,HARQ,Default,200,0.05,1,50,8,2.6214,0.689655,610.361
1065,KB2,HARQ,Default,200,0.05,1,50,15,2.9,0.615385,551.724
1066,KB2,HARQ,Default,200,0.05,1,50,14,2.9191,0.625,548.114
1067,KB2,HARQ,Default,200,0.05,1,50,11,2.8114,0.655738,569.111
1068,KB2,HARQ,Default,200,0.05,1,50,17,3.3702,0.597015,474.749
1069,KB2,HARQ,Default,200,0.05,1,50,15,3.2295,0.615385,495.433
1070,KB2,HARQ,Default,200,0.05,1,50,12,2.8359,0.645161,564.195
1071,KB2,HARQ,Default,200,0.05,1,50,12,2.8871,0.645161,554.189
1072,KB2,HARQ,Default,200,0.05,1,50,11,2.9943,0.655738,534.349
1073,KB2,HARQ,Default,200,0.05,1,50,9,2.9419,0.677966,543.866
1074,KB2,HARQ,Default,200,0.05,1,50,7,2.9935,0.701754,534.491
1075,KB2,HARQ,Default,200,0.05,1,50,17,3.1558,0.597015,507.003
1076,KB2,HARQ,Default,200,0.05,1,50,13,2.8468,0.634921,562.035
1077,KB2,HARQ,Default,200,0.05,1,50,14,2.866,0.625,558.269
1078,KB2,HARQ,Default,200,0.05,1,50,15,2.8889,0.615385,553.844
1079,KB2,HARQ,Default,200,0.05,1,50,13,3.0264,0.634921,528.681
1080,KB2,HARQ,Default,200,0.05,1,50,12,2.9134,0.645161,549.187
1081,KB2,HARQ,Default,200,0.05,1,50,9,2.6505,0.677966,603.66
1082,KB2,HARQ,Default,200,0.05,1,50,8,2.7208,0.689655,588.062
1083,KB2,HARQ,Default,200,0.05,1,50,14,2.9184,0.625,548.246
1084,KB2,HARQ,Default,200,0.05,1,50,13,2.8586,0.634921,559.715
1085,KB2,HARQ,Default,200,0.05,1,50,13,3.4984,0.634921,457.352
1086,KB2,HARQ,Default,200,0.05,1,50,11,2.7752,0.655738,576.535
1087,KB2,HARQ,Default,200,0.05,1,50,14,3.0786,0.625,519.717
1088,KB2,HARQ,Default,200,0.05,1,50,11,2.7483,0.655738,582.178
1089,KB2,HARQ,Default,200,0.05,1,50,12,2.7882,0.645161,573.847
1090,KB2,HARQ,Default,200,0.05,1,50,16,3.0174,0.606061,530.258
1091,KB2,HARQ,Default,200,0.05,1,50,8,2.7484,0.689655,582.157
1092,KB2,HARQ,Default,200,0.05,1,50,9,2.6554,0.677966,602.546
1093,KB2,HARQ,Default,200,0.05,1,50,15,2.9433,0.615385,543.608
1094,KB2,HARQ,Default,200,0.05,1,50,10,2.6965,0.666667,593.362
1095,KB2,HARQ,Default,200,0.05,1,50,12,2.7699,0.645161,577.638
1096,KB2,HARQ,Default,200,0.05,1,50,10,2.8324,0.666667,564.892
1097,KB2,HARQ,Default,200,0.05,1,50,10,2.7557,0.666667,580.615
1098,KB2,HARQ,Default,200,0.05,1,50,6,2.5723,0.714286,622.011
1099,KB2,HARQ,Default,200,0.05,1,50,16,3.1757,0.606061,503.826
1100,KB2,HARQ,Default,200,0.05,1,50,5,2.6194,0.727273,610.827
1101,KB2,HARQ,Default,200,0.05,1,50,10,2.6923,0.666667,594.287
1102,KB2,HARQ,Default,200,0.05,1,50,15,3.0374,0.615385,526.766
1103,KB2,HARQ,Default,200,0.05,1,50,14,2.8751,0.625,556.502
1104,KB2,HARQ,Default,200,0.05,1,50,17,2.9893,0.597015,535.242
1105,KB2,HARQ,Default,200,0.05,1,50,14,2.8558,0.625,560.263
1106,KB2,HARQ,Default,200,0.05,1,50,10,2.7075,0.666667,590.951
1107,KB2,HARQ,Default,200,0.05,1,50,3,2.4194,0.754717,661.321
1108,KB2,HARQ,Default,200,0.05,1,50,6,2.7717,0.714286,577.263
1109,KB2,HARQ,Default,200,0.05,1,50,9,2.6932,0.677966,594.089
1110,KB2,HARQ,Default,200,0.05,1,50,6,2.6127,0.714286,612.393
1111,KB2,HARQ,Default,200,0.05,1,50,11,2.7389,0.655738,584.176
1112,KB2,HARQ,Default,200,0.05,1,50,12,2.7706,0.645161,577.492
1113,KB2,HARQ,Default,200,0.05,1,50,8,2.6054,0.689655,614.109
1114,KB2,HARQ,Default,200,0.05,1,50,9,2.8674,0.677966,557.997
1115,KB2,HARQ,Default,200,0.05,1,50,20,3.2029,0.571429,499.547
1116,KB2,HARQ,Default,200,0.05,1,50,13,3.2543,0.634921,491.657
1117,KB2,HARQ,Default,200,0.05,1,50,14,3.3633,0.625,475.723
1118,KB2,HARQ,Default,200,0.05,1,50,4,3.1799,0.740741,503.16
1119,KB2,HARQ,Default,200,0.05,1,50,6,3.1863,0.714286,502.15
1120,KB2,HARQ,Default,200,0.05,1,50,13,2.8269,0.634921,565.991
1121,KB2,HARQ,Default,200,0.05,1,50,8,2.6181,0.689655,611.13
1122,KB2,HARQ,Default,200,0.05,1,50,17,3.2129,0.597015,497.992
1123,KB2,HARQ,Default,200,0.05,1,50,14,2.9292,0.625,546.224
1124,KB2,HARQ,Default,200,0.05,1,50,14,2.9871,0.625,535.637
1125,KB2,HARQ,Default,200,0.05,1,50,16,3.2231,0.606061,496.416
1126,KB2,HARQ,Default,200,0.05,0,50,10,2.7202,0.666667,588.192
1127,KB2,HARQ,Default,200,0.05,1,50,11,2.7447,0.655738,582.942
1128,KB2,HARQ,Default,200,0.05,1,50,16,2.9408,0.606061,544.07
1129,KB2,HARQ,Default,200,0.05,1,50,15,2.8969,0.615385,552.315
1130,KB2,HARQ,Default,200,0.05,1,50,5,3.3078,0.727273,483.705
1131,KB2,HARQ,Default,200,0.05,1,50,9,2.6407,0.677966,605.9
1132,KB2,HARQ,Default,200,0.05,1,50,16,2.9264,0.606061,546.747
1133,KB2,HARQ,Default,200,0.05,1,50,16,2.9882,0.606061,535.439
1134,KB2,HARQ,Default,200,0.05,1,50,14,2.8554,0.625,560.342
1135,KB2,HARQ,Default,200,0.05,1,50,12,2.9483,0.645161,542.686
1136,KB2,HARQ,Default,200,0.05,1,50,21,3.3494,0.56338,477.697
1137,KB2,HARQ,Default,200,0.05,1,50,8,2.5952,0.689655,616.523
1138,KB2,HARQ,Default,200,0.05,1,50,17,2.9567,0.597015,541.144
1139,KB2,HARQ,Default,200,0.05,1,50,8,2.5994,0.689655,615.527
1140,KB2,HARQ,Default,200,0.05,1,50,12,2.8695,0.645161,557.588
1141,KB2,HARQ,Default,200,0.05,1,50,5,2.7068,0.727273,591.104
1142,KB2,HARQ,Default,200,0.05,1,50,13,3.1667,0.634921,505.258
1143,KB2,HARQ,Default,200,0.05,1,50,15,3.0023,0.615385,532.925
1144,KB2,HARQ,Default,200,0.05,1,50,20,3.3636,0.571429,475.681
1145,KB2,HARQ,Default,200,0.05,1,50,16,4.0141,0.606061,398.595
1146,KB2,HARQ,Default,200,0.05,1,50,13,3.227,0.634921,495.817
1147,KB2,HARQ,Default,200,0.05,1,50,7,2.6831,0.701754,596.325
1148,KB2,HARQ,Default,200,0.05,1,50,8,2.85,0.689655,561.404
1149,KB2,HARQ,Default,200,0.05,1,50,14,3.0367,0.625,526.888
1150,KB2,HARQ,Default,200,0.05,1,50,16,2.9976,0.606061,533.76
1151,KB2,HARQ,Default,200,0.05,1,50,18,3.0736,0.588235,520.562
1152,KB2,HARQ,Default,200,0.05,1,50,14,3.0835,0.625,518.891
1153,KB2,HARQ,Default,200,0.05,1,50,12,2.748,0.645161,582.242
1154,KB2,HARQ,Default,200,0.05,1,50,5,2.4705,0.727273,647.642
1155,KB2,HARQ,Default,200,0.05,1,50,10,2.7891,0.666667,573.662
1156,KB2,HARQ,Default,200,0.05,1,50,12,2.7997,0.645161,571.49
1157,KB2,HARQ,Default,200,0.05,1,50,13,2.9234,0.634921,547.308
1158,KB2,HARQ,Default,200,0.05,1,50,10,2.8368,0.666667,564.016
1159,KB2,HARQ,Default,200,0.05,1,50,11,2.7845,0.655738,574.609
1160,KB2,HARQ,Default,200,0.05,1,50,10,2.8048,0.666667,570.451
1161,KB2,HARQ,Default,200,0.05,1,50,11,2.7086,0.655738,590.711
1162,KB2,HARQ,Default,200,0.05,1,50,18,3.0123,0.588235,531.156
1163,KB2,HARQ,Default,200,0.05,1,50,12,2.8615,0.645161,559.147
1164,KB2,HARQ,Default,200,0.05,1,50,19,3.0285,0.57971,528.314
1165,KB2,HARQ,Default,200,0.05,1,50,7,2.5716,0.701754,622.181
1166,KB2,HARQ,Default,200,0.05,1,50,10,2.8125,0.666667,568.889
1167,KB2,HARQ,Default,200,0.05,1,50,11,2.7107,0.655738,590.253
1168,KB2,HARQ,Default,200,0.05,1,50,7,2.5671,0.701754,623.271
1169,KB2,HARQ,Default,200,0.05,1,50,14,2.9403,0.625,544.162
1170,KB2,HARQ,Default,200,0.05,1,50,13,2.8293,0.634921,565.511
1171,KB2,HARQ,Default,200,0.05,1,50,22,3.2136,0.555556,497.884
1172,KB2,HARQ,Default,200,0.05,1,50,14,2.8335,0.625,564.673
1173,KB2,HARQ,Default,200,0.05,1,50,9,2.6482,0.677966,604.184
1174,KB2,HARQ,Default,200,0.05,1,50,6,2.8604,0.714286,559.362
1175,KB2,HARQ,Default,200,0.05,1,50,12,2.8951,0.645161,552.658
1176,KB2,HARQ,Default,200,0.05,1,50,11,2.973,0.655738,538.177
1177,KB2,HARQ,Default,200,0.05,1,50,9,2.6676,0.677966,599.79
1178,KB2,HARQ,Default,200,0.05,1,50,10,2.7045,0.666667,591.607
1179,KB2,HARQ,Default,200,0.05,1,50,12,2.8286,0.645161,565.651
1180,KB2,HARQ,Default,200,0.05,1,50,9,2.8548,0.677966,560.46
1181,KB2,HARQ,Default,200,0.05,1,50,12,3.0795,0.645161,519.565
1182,KB2,HARQ,Default,200,0.05,1,50,15,2.9034,0.615385,551.078
1183,KB2,HARQ,Default,200,0.05,1,50,18,3.0723,0.588235,520.782
1184,KB2,HARQ,Default,200,0.05,1,50,11,2.7109,0.655738,590.21
1185,KB2,HARQ,Default,200,0.05,1,50,8,2.5858,0.689655,618.764
1186,KB2,HARQ,Default,200,0.05,1,50,13,3.0346,0.634921,527.252
1187,KB2,HARQ,Default,200,0.05,1,50,10,2.7421,0.666667,583.494
1188,KB2,HARQ,Default,200,0.05,1,50,14,2.9027,0.625,551.211
1189,KB2,HARQ,Default,200,0.05,1,50,10,2.6731,0.666667,598.556
1190,KB2,HARQ,Default,200,0.05,1,50,9,2.7976,0.677966,571.919
1191,KB2,HARQ,Default,200,0.05,1,50,12,2.8686,0.645161,557.763
1192,KB2,HARQ,Default,200,0.05,1,50,17,3.009,0.597015,531.738
1193,KB2,HARQ,Default,200,0.05,1,50,12,2.773,0.645161,576.992
1194,KB2,HARQ,Default,200,0.05,1,50,10,2.6743,0.666667,598.287
1195,KB2,HARQ,Default,200,0.05,1,50,12,2.7548,0.645161,580.804
1196,KB2,HARQ,Default,200,0.05,1,50,12,2.8103,0.645161,569.334
1197,KB2,HARQ,Default,200,0.05,1,50,16,2.9535,0.606061,541.73
1198,KB2,HARQ,Default,200,0.05,1,50,11,2.815,0.655738,568.384
1199,KB2,HARQ,Default,200,0.05,1,50,17,2.9613,0.597015,540.303
1200,KB2,HARQ,Default,200,0.05,1,50,16,2.9593,0.606061,540.668
1201,KB2,HARQ,Default,200,0.05,1,50,15,2.8792,0.615385,555.71
1202,KB2,HARQ,Default,200,0.05,1,50,22,3.1588,0.555556,506.521
1203,KB2,HARQ,Default,200,0.05,1,50,15,2.9711,0.615385,538.521
1204,KB2,HARQ,Default,200,0.05,1,50,16,2.9153,0.606061,548.829
1205,KB2,HARQ,Default,200,0.05,1,50,9,2.6441,0.677966,605.121
1206,KB2,HARQ,Default,200,0.05,1,50,7,2.5525,0.701754,626.836
1207,KB2,HARQ,Default,200,0.05,1,50,9,2.6618,0.677966,601.097
1208,KB2,HARQ,Default,200,0.05,1,50,18,3.0361,0.588235,526.992
1209,KB2,HARQ,Default,200,0.05,1,50,8,2.5892,0.689655,617.951
1210,KB2,HARQ,Default,200,0.05,1,50,13,2.8614,0.634921,559.167
1211,KB2,HARQ,Default,200,0.05,1,50,8,2.6428,0.689655,605.418
1212,KB2,HARQ,Default,200,0.05,1,50,11,2.7137,0.655738,589.601
1213,KB2,HARQ,Default,200,0.05,1,50,9,2.6298,0.677966,608.411
1214,KB2,HARQ,Default,200,0.05,1,50,11,3.2261,0.655738,495.955
1215,KB2,HARQ,Default,200,0.05,1,50,7,2.7049,0.701754,591.519
1216,KB2,HARQ,Default,200,0.05,1,50,16,2.9104,0.606061,549.753
1217,KB2,HARQ,Default,200,0.05,1,50,14,2.8835,0.625,554.881
1218,KB2,HARQ,Default,200,0.05,1,50,4,2.4369,0.740741,656.572
1219,KB2,HARQ,Default,200,0.05,1,50,14,2.9111,0.625,549.62
1220,KB2,HARQ,Default,200,0.05,1,50,9,2.6647,0.677966,600.443
1221,KB2,HARQ,Default,200,0.05,1,50,13,2.8595,0.634921,559.538
1222,KB2,HARQ,Default,200,0.05,1,50,12,2.7554,0.645161,580.678
1223,KB2,HARQ,Default,200,0.05,1,50,6,2.5096,0.714286,637.552
1224,KB2,HARQ,Default,200,0.05,1,50,17,3.0513,0.597015,524.367
1225,KB2,HARQ,Default,200,0.05,1,50,14,2.8568,0.625,560.067
1226,KB2,HARQ,Default,200,0.05,1,50,7,2.5585,0.701754,625.366
1227,KB2,HARQ,Default,200,0.05,1,50,17,3.0036,0.597015,532.694
1228,KB2,HARQ,Default,200,0.05,1,50,11,2.7033,0.655738,591.869
1229,KB2,HARQ,Default,200,0.05,1,50,13,2.7908,0.634921,573.312
1230,KB2,HARQ,Default,200,0.05,1,50,7,2.6391,0.701754,606.267
1231,KB2,HARQ,Default,200,0.05,1,50,25,3.3214,0.533333,481.725
1232,KB2,HARQ,Default,200,0.05,1,50,10,2.6765,0.666667,597.796
1233,KB2,HARQ,Default,200,0.05,1,50,9,2.6741,0.677966,598.332
1234,KB2,HARQ,Default,200,0.05,1,50,15,2.9315,0.615385,545.796
1235,KB2,HARQ,Default,200,0.05,1,50,17,3.1253,0.597015,511.951
1236,KB2,HARQ,Default,200,0.05,1,50,10,2.7482,0.666667,582.199
1237,KB2,HARQ,Default,200,0.05,1,50,8,3.2208,0.689655,496.771
1238,KB2,HARQ,Default,200,0.05,1,50,13,3.6107,0.634921,443.127
1239,KB2,HARQ,Default,200,0.05,1,50,14,3.0114,0.625,531.314
1240,KB2,HARQ,Default,200,0.05,1,50,11,2.9841,0.655738,536.175
1241,KB2,HARQ,Default,200,0.05,1,50,14,3.0592,0.625,523.013
1242,KB2,HARQ,Default,200,0.05,1,50,19,3.4197,0.57971,467.877
1243,KB2,HARQ,Default,200,0.05,1,50,14,3.1437,0.625,508.954
1244,KB2,HARQ,Default,200,0.05,1,50,18,3.6492,0.588235,438.452
1245,KB2,HARQ,Default,200,0.05,1,50,12,2.9551,0.645161,541.437
1246,KB2,HARQ,Default,200,0.05,1,50,8,2.8686,0.689655,557.763
1247,KB2,HARQ,Default,200,0.05,1,50,11,2.9779,0.655738,537.291
1248,KB2,HARQ,Default,200,0.05,1,50,8,3.4123,0.689655,468.892
1249,KB2,HARQ,Default,200,0.05,1,50,18,3.1809,0.588235,503.002
1250,KB2,HARQ,Default,200,0.05,1,50,14,3.004,0.625,532.623
1251,KB2,HARQ,Default,200,0.05,1,50,11,2.8667,0.655738,558.133
1252,KB2,HARQ,Default,200,0.05,1,50,8,2.7348,0.689655,585.052
1253,KB2,HARQ,Default,200,0.05,1,50,22,3.75,0.555556,426.667
1254,KB2,HARQ,Default,200,0.05,1,50,12,3.3783,0.645161,473.611
1255,KB2,HARQ,Default,200,0.05,1,50,11,2.8921,0.655738,553.231
1256,KB2,HARQ,Default,200,0.05,1,50,11,2.9645,0.655738,539.72
1257,KB2,HARQ,Default,200,0.05,1,50,15,3.0162,0.615385,530.469
1258,KB2,HARQ,Default,200,0.05,1,50,11,3.1465,0.655738,508.502
1259,KB2,HARQ,Default,200,0.05,1,50,15,3.3396,0.615385,479.099
1260,KB2,HARQ,Default,200,0.05,1,50,20,3.4064,0.571429,469.704
1261,KB2,HARQ,Default,200,0.05,1,50,12,2.9069,0.645161,550.415
1262,KB2,HARQ,Default,200,0.05,1,50,10,2.8484,0.666667,561.719
1263,KB2,HARQ,Default,200,0.05,1,50,16,3.2286,0.606061,495.571
1264,KB2,HARQ,Default,200,0.05,1,50,7,2.808,0.701754,569.801
1265,KB2,HARQ,Default,200,0.05,1,50,13,2.9893,0.634921,535.242
1266,KB2,HARQ,Default,200,0.05,1,50,15,3.0438,0.615385,525.659
1267,KB2,HARQ,Default,200,0.05,1,50,8,2.6854,0.689655,595.814
1268,KB2,HARQ,Default,200,0.05,1,50,14,3.0445,0.625,525.538
1269,KB2,HARQ,Default,200,0.05,1,50,18,3.3463,0.588235,478.14
1270,KB2,HARQ,Default,200,0.05,1,50,16,3.0993,0.606061,516.246
1271,KB2,HARQ,Default,200,0.05,1,50,7,2.8205,0.701754,567.275
1272,KB2,HARQ,Default,200,0.05,1,50,9,2.8708,0.677966,557.336
1273,KB2,HARQ,Default,200,0.05,1,50,9,2.7778,0.677966,575.995
1274,KB2,HARQ,Default,200,0.05,1,50,8,2.8246,0.689655,566.452
1275,KB2,HARQ,Default,200,0.05,1,50,8,2.7992,0.689655,571.592
1276,KB2,HARQ,Default,200,0.05,1,50,6,2.6984,0.714286,592.944
1277,KB2,HARQ,Default,200,0.05,1,50,17,3.1716,0.597015,504.477
1278,KB2,HARQ,Default,200,0.05,1,50,7,2.6855,0.701754,595.792
1279,KB2,HARQ,Default,200,0.05,1,50,9,2.8967,0.677966,552.353
1280,KB2,HARQ,Default,200,0.05,1,50,16,3.2384,0.606061,494.071
1281,KB2,HARQ,Default,200,0.05,1,50,9,2.7583,0.677966,580.067
1282,KB2,HARQ,Default,200,0.05,1,50,10,2.8527,0.666667,560.872
1283,KB2,HARQ,Default,200,0.05,1,50,9,2.7754,0.677966,576.493
1284,KB2,HARQ,Default,200,0.05,1,50,13,3.0921,0.634921,517.448
1285,KB2,HARQ,Default,200,0.05,1,50,10,2.866,0.666667,558.269
1286,KB2,HARQ,Default,200,0.05,1,50,10,2.8209,0.666667,567.195
1287,KB2,HARQ,Default,200,0.05,1,50,8,2.734,0.689655,585.223
1288,KB2,HARQ,Default,200,0.05,1,50,6,2.6431,0.714286,605.35
1289,KB2,HARQ,Default,200,0.05,1,50,12,2.8845,0.645161,554.689
1290,KB2,HARQ,Default,200,0.05,1,50,13,3.0277,0.634921,528.454
1291,KB2,HARQ,Default,200,0.05,1,50,8,2.75,0.689655,581.818
1292,KB2,HARQ,Default,200,0.05,1,50,7,2.7346,0.701754,585.095
1293,KB2,HARQ,Default,200,0.05,1,50,12,2.9083,0.645161,550.15
1294,KB2,HARQ,Default,200,0.05,1,50,11,2.8662,0.655738,558.23
1295,KB2,HARQ,Default,200,0.05,1,50,11,2.9636,0.655738,539.884
1296,KB2,HARQ,Default,200,0.05,1,50,15,3.3591,0.615385,476.318
1297,KB2,HARQ,Default,200,0.05,1,50,15,3.3325,0.615385,480.12
1298,KB2,HARQ,Default,200,0.05,1,50,18,3.2452,0.588235,493.036
1299,KB2,HARQ,Default,200,0.05,1,50,14,3.0561,0.625,523.543
1300,KB2,HARQ,Default,200,0.05,1,50,6,2.6679,0.714286,599.723
1301,KB2,HARQ,Default,200,0.05,1,50,8,2.8257,0.689655,566.231
1302,KB2,HARQ,Default,200,0.05,1,50,15,3.3389,0.615385,479.2
1303,KB2,HARQ,Default,200,0.05,1,50,8,2.9184,0.689655,548.246
1304,KB2,HARQ,Default,200,0.05,1,50,11,3.297,0.655738,485.29
1305,KB2,HARQ,Default,200,0.05,1,50,8,3.0413,0.689655,526.091
1306,KB2,HARQ,Default,200,0.05,1,50,7,2.8758,0.701754,556.367
1307,KB2,HARQ,Default,200,0.05,1,50,12,3.386,0.645161,472.534
1308,KB2,HARQ,Default,200,0.05,1,50,13,3.0036,0.634921,532.694
1309,KB2,HARQ,Default,200,0.05,1,50,9,2.9608,0.677966,540.394
1310,KB2,HARQ,Default,200,0.05,1,50,13,2.9278,0.634921,546.485
1311,KB2,HARQ,Default,200,0.05,1,50,2,2.5071,0.769231,638.188
1312,KB2,HARQ,Default,200,0.05,1,50,11,2.969,0.655738,538.902
1313,KB2,HARQ,Default,200,0.05,1,50,8,2.9038,0.689655,551.002
1314,KB2,HARQ,Default,200,0.05,1,50,13,3.0973,0.634921,516.579
1315,KB2,HARQ,Default,200,0.05,1,50,7,2.756,0.701754,580.552
1316,KB2,HARQ,Default,200,0.05,1,50,10,2.8662,0.666667,558.23
1317,KB2,HARQ,Default,200,0.05,1,50,12,2.928,0.645161,546.448
1318,KB2,HARQ,Default,200,0.05,1,50,5,2.7342,0.727273,585.18
1319,KB2,HARQ,Default,200,0.05,1,50,17,3.1427,0.597015,509.116
1320,KB2,HARQ,Default,200,0.05,1,50,11,2.8735,0.655738,556.812
1321,KB2,HARQ,Default,200,0.05,1,50,15,3.0725,0.615385,520.749
1322,KB2,HARQ,Default,200,0.05,1,50,12,2.9388,0.645161,544.44
1323,KB2,HARQ,Default,200,0.05,1,50,11,2.8841,0.655738,554.766
1324,KB2,HARQ,Default,200,0.05,1,50,12,3.2511,0.645161,492.141
1325,KB2,HARQ,Default,200,0.05,1,50,8,2.7031,0.689655,591.913
1326,KB2,HARQ,Default,200,0.05,1,50,15,3.0353,0.615385,527.131
1327,KB2,HARQ,Default,200,0.05,1,50,4,2.5919,0.740741,617.308
1328,KB2,HARQ,Default,200,0.05,1,50,8,2.7547,0.689655,580.825
1329,KB2,HARQ,Default,200,0.05,1,50,12,2.8932,0.645161,553.021
1330,KB2,HARQ,Default,200,0.05,1,50,8,3.2475,0.689655,492.687
1331,KB2,HARQ,Default,200,0.05,1,50,7,2.7754,0.701754,576.493
1332,KB2,HARQ,Default,200,0.05,1,50,10,2.8703,0.666667,557.433
1333,KB2,HARQ,Default,200,0.05,1,50,15,3.0238,0.615385,529.136
1334,KB2,HARQ,Default,200,0.05,1,50,17,3.2386,0.597015,494.041
1335,KB2,HARQ,Default,200,0.05,1,50,20,4.2123,0.571429,379.84
1336,KB2,HARQ,Default,200,0.05,1,50,6,2.6644,0.714286,600.51
1337,KB2,HARQ,Default,200,0.05,1,50,12,2.9181,0.645161,548.302
1338,KB2,HARQ,Default,200,0.05,1,50,8,2.6971,0.689655,593.23
1339,KB2,HARQ,Default,200,0.05,1,50,9,2.8588,0.677966,559.675
1340,KB2,HARQ,Default,200,0.05,1,50,11,3.0208,0.655738,529.661
1341,KB2,HARQ,Default,200,0.05,1,50,15,3.0691,0.615385,521.325
1342,KB2,HARQ,Default,200,0.05,1,50,7,2.7697,0.701754,577.68
1343,KB2,HARQ,Default,200,0.05,1,50,12,2.9023,0.645161,551.287
1344,KB2,HARQ,Default,200,0.05,1,50,6,2.6944,0.714286,593.824
1345,KB2,HARQ,Default,200,0.05,1,50,11,3.02,0.655738,529.801
1346,KB2,HARQ,Default,200,0.05,1,50,12,2.9572,0.645161,541.052
1347,KB2,HARQ,Default,200,0.05,1,50,13,2.961,0.634921,540.358
1348,KB2,HARQ,Default,200,0.05,1,50,11,2.8541,0.655738,560.597
1349,KB2,HARQ,Default,200,0.05,1,50,12,2.9079,0.645161,550.225
1350,KB2,HARQ,Default,200,0.05,1,50,9,2.8775,0.677966,556.038
1351,KB2,HARQ,Default,200,0.05,1,50,7,2.6792,0.701754,597.193
1352,KB2,HARQ,Default,200,0.05,1,50,5,2.6308,0.727273,608.18
1353,KB2,HARQ,Default,200,0.05,1,50,7,2.6922,0.701754,594.309
1354,KB2,HARQ,Default,200,0.05,1,50,11,2.8863,0.655738,554.343
1355,KB2,HARQ,Default,200,0.05,1,50,16,3.1317,0.606061,510.905
1356,KB2,HARQ,Default,200,0.05,1,50,11,2.8734,0.655738,556.832
1357,KB2,HARQ,Default,200,0.05,1,50,12,2.9243,0.645161,547.139
1358,KB2,HARQ,Default,200,0.05,1,50,11,2.8246,0.655738,566.452
1359,KB2,HARQ,Default,200,0.05,1,50,7,2.6878,0.701754,595.282
1360,KB2,HARQ,Default,200,0.05,1,50,12,3.1335,0.645161,510.611
1361,KB2,HARQ,Default,200,0.05,1,50,15,3.0571,0.615385,523.372
1362,KB2,HARQ,Default,200,0.05,1,50,13,2.9309,0.634921,545.907
1363,KB2,HARQ,Default,200,0.05,1,50,6,2.649,0.714286,604.002
1364,KB2,HARQ,Default,200,0.05,1,50,8,2.7312,0.689655,585.823
1365,KB2,HARQ,Default,200,0.05,1,50,14,3.1577,0.625,506.698
1366,KB2,HARQ,Default,200,0.05,1,50,11,2.8645,0.655738,558.562
1367,KB2,HARQ,Default,200,0.05,1,50,11,2.8957,0.655738,552.543
1368,KB2,HARQ,Default,200,0.05,1,50,16,3.0606,0.606061,522.773
1369,KB2,HARQ,Default,200,0.05,1,50,9,2.7805,0.677966,575.436
1370,KB2,HARQ,Default,200,0.05,1,50,14,3.0544,0.625,523.834
1371,KB2,HARQ,Default,200,0.05,1,50,3,2.5837,0.754717,619.267
1372,KB2,HARQ,Default,200,0.05,1,50,9,3.3075,0.677966,483.749
1373,KB2,HARQ,Default,200,0.05,1,50,10,3.0678,0.666667,521.546
1374,KB2,HARQ,Default,200,0.05,1,50,5,2.6619,0.727273,601.074
1375,KB2,HARQ,Default,200,0.05,1,50,6,2.7467,0.714286,582.517
1376,KB2,HARQ,Default,200,0.05,1,50,6,2.7,0.714286,592.593
1377,KB2,HARQ,Default,200,0.05,1,50,10,2.8438,0.666667,562.627
1378,KB2,HARQ,Default,200,0.05,1,50,11,2.8374,0.655738,563.897
1379,KB2,HARQ,Default,200,0.05,1,50,17,3.1241,0.597015,512.147
1380,KB2,HARQ,Default,200,0.05,1,50,16,3.1202,0.606061,512.788
1381,KB2,HARQ,Default,200,0.05,1,50,9,2.8244,0.677966,566.492
1382,KB2,HARQ,Default,200,0.05,1,50,12,2.9078,0.645161,550.244
1383,KB2,HARQ,Default,200,0.05,1,50,12,2.871,0.645161,557.297
1384,KB2,HARQ,Default,200,0.05,1,50,16,3.118,0.606061,513.149
1385,KB2,HARQ,Default,200,0.05,1,50,14,3.063,0.625,522.364
1386,KB2,HARQ,Default,200,0.05,1,50,6,2.6516,0.714286,603.409
1387,KB2,HARQ,Default,200,0.05,1,50,9,2.847,0.677966,561.995
1388,KB2,HARQ,Default,200,0.05,1,50,13,2.9103,0.634921,549.772
1389,KB2,HARQ,Default,200,0.05,1,50,9,2.7778,0.677966,575.995
1390,KB2,HARQ,Default,200,0.05,1,50,3,2.6106,0.754717,612.886
1391,KB2,HARQ,Default,200,0.05,1,50,11,2.9286,0.655738,546.336
1392,KB2,HARQ,Default,200,0.05,1,50,18,3.1659,0.588235,505.386
1393,KB2,HARQ,Default,200,0.05,1,50,17,3.0697,0.597015,521.224
1394,KB2,HARQ,Default,200,0.05,1,50,10,2.8334,0.666667,564.693
1395,KB2,HARQ,Default,200,0.05,1,50,17,3.126,0.597015,511.836
1396,KB2,HARQ,Default,200,0.05,1,50,10,3.2452,0.666667,493.036
1397,KB2,HARQ,Default,200,0.05,1,50,9,2.8245,0.677966,566.472
1398,KB2,HARQ,Default,200,0.05,1,50,12,2.9424,0.645161,543.774
1399,KB2,HARQ,Default,200,0.05,1,50,10,2.8761,0.666667,556.309
1400,KB2,HARQ,Default,200,0.05,1,50,14,3.0474,0.625,525.038
1401,KB2,HARQ,Default,200,0.05,1,50,7,2.9745,0.701754,537.906
1402,KB2,HARQ,Default,200,0.05,1,50,12,3.0793,0.645161,519.599
1403,KB2,HARQ,Default,200,0.05,1,50,7,2.6876,0.701754,595.327
1404,KB2,HARQ,Default,200,0.05,1,50,13,2.9785,0.634921,537.183
1405,KB2,HARQ,Default,200,0.05,1,50,9,2.7803,0.677966,575.477
1406,KB2,HARQ,Default,200,0.05,1,50,15,3.2749,0.615385,488.565
1407,KB2,HARQ,Default,200,0.05,1,50,6,2.8635,0.714286,558.757
1408,KB2,HARQ,Default,200,0.05,1,50,9,2.7393,0.677966,584.091
1409,KB2,HARQ,Default,200,0.05,1,50,9,2.7783,0.677966,575.892
1410,KB2,HARQ,Default,200,0.05,1,50,14,3.018,0.625,530.152
1411,KB2,HARQ,Default,200,0.05,1,50,15,3.237,0.615385,494.285
1412,KB2,HARQ,Default,200,0.05,1,50,10,3.06,0.666667,522.876
1413,KB2,HARQ,Default,200,0.05,1,50,4,2.4949,0.740741,641.308
1414,KB2,HARQ,Default,200,0.05,1,50,12,2.9326,0.645161,545.591
1415,KB2,HARQ,Default,200,0.05,1,50,18,3.1563,0.588235,506.923
1416,KB2,HARQ,Default,200,0.05,1,50,7,2.6992,0.701754,592.768
1417,KB2,HARQ,Default,200,0.05,1,50,15,3.0835,0.615385,518.891
1418,KB2,HARQ,Default,200,0.05,1,50,10,2.7799,0.666667,575.56
1419,KB2,HARQ,Default,200,0.05,1,50,11,2.8559,0.655738,560.244
1420,KB2,HARQ,Default,200,0.05,1,50,11,2.9692,0.655738,538.866
1421,KB2,HARQ,Default,200,0.05,1,50,12,2.9524,0.645161,541.932
1422,KB2,HARQ,Default,200,0.05,1,50,8,2.731,0.689655,585.866
1423,KB2,HARQ,Default,200,0.05,1,50,4,2.5848,0.740741,619.003
1424,KB2,HARQ,Default,200,0.05,1,50,8,2.7479,0.689655,582.263
1425,KB2,HARQ,Default,200,0.05,1,50,7,2.7636,0.701754,578.955
1426,KB2,HARQ,Default,200,0.05,1,50,9,2.9588,0.677966,540.76
1427,KB2,HARQ,Default,200,0.05,1,50,16,3.2108,0.606061,498.318
1428,KB2,HARQ,Default,200,0.05,1,50,8,2.7405,0.689655,583.835
1429,KB2,HARQ,Default,200,0.05,1,50,3,2.6635,0.754717,600.713
1430,KB2,HARQ,Default,200,0.05,1,50,14,3.064,0.625,522.193
1431,KB2,HARQ,Default,200,0.05,1,50,10,2.8759,0.666667,556.348
1432,KB2,HARQ,Default,200,0.05,1,50,4,2.608,0.740741,613.497
1433,KB2,HARQ,Default,200,0.05,1,50,10,2.815,0.666667,568.384
1434,KB2,HARQ,Default,200,0.05,1,50,14,3.1303,0.625,511.133
1435,KB2,HARQ,Default,200,0.05,1,50,8,2.8873,0.689655,554.151
1436,KB2,HARQ,Default,200,0.05,1,50,13,2.8988,0.634921,551.953
1437,KB2,HARQ,Default,200,0.05,1,50,9,2.9548,0.677966,541.492
1438,KB2,HARQ,Default,200,0.05,1,50,9,2.7428,0.677966,583.345
1439,KB2,HARQ,Default,200,0.05,1,50,16,3.0737,0.606061,520.545
1440,KB2,HARQ,Default,200,0.05,1,50,7,2.791,0.701754,573.271
1441,KB2,HARQ,Default,200,0.05,1,50,11,2.9212,0.655738,547.72
1442,KB2,HARQ,Default,200,0.05,1,50,11,3.1224,0.655738,512.426
1443,KB2,HARQ,Default,200,0.05,1,50,9,2.7911,0.677966,573.251
1444,KB2,HARQ,Default,200,0.05,1,50,8,2.9369,0.689655,544.792
1445,KB2,HARQ,Default,200,0.05,1,50,5,2.632,0.727273,607.903
1446,KB2,HARQ,Default,200,0.05,1,50,12,2.8737,0.645161,556.773
1447,KB2,HARQ,Default,200,0.05,1,50,8,2.7501,0.689655,581.797
1448,KB2,HARQ,Default,200,0.05,1,50,19,3.2638,0.57971,490.226
1449,KB2,HARQ,Default,200,0.05,1,50,15,3.0363,0.615385,526.957
1450,KB2,HARQ,Default,200,0.05,1,50,18,3.1804,0.588235,503.081
1451,KB2,HARQ,Default,200,0.05,1,50,9,2.8103,0.677966,569.334
1452,KB2,HARQ,Default,200,0.05,1,50,13,2.9687,0.634921,538.956
1453,KB2,HARQ,Default,200,0.05,1,50,9,2.7844,0.677966,574.63
1454,KB2,HARQ,Default,200,0.05,1,50,6,2.719,0.714286,588.452
1455,KB2,HARQ,Default,200,0.05,1,50,9,2.7822,0.677966,575.084
1456,KB2,HARQ,Default,200,0.05,1,50,12,2.9062,0.645161,550.547
1457,KB2,HARQ,Default,200,0.05,1,50,10,2.85,0.666667,561.404
1458,KB2,HARQ,Default,200,0.05,1,50,6,2.675,0.714286,598.131
1459,KB2,HARQ,Default,200,0.05,1,50,16,3.0798,0.606061,519.514
1460,KB2,HARQ,Default,200,0.05,1,50,14,2.9944,0.625,534.331
1461,KB2,HARQ,Default,200,0.05,1,50,10,2.8265,0.666667,566.071
1462,KB2,HARQ,Default,200,0.05,1,50,13,2.973,0.634921,538.177
1463,KB2,HARQ,Default,200,0.05,1,50,14,3.0826,0.625,519.042
1464,KB2,HARQ,Default,200,0.05,1,50,10,2.856,0.666667,560.224
1465,KB2,HARQ,Default,200,0.05,1,50,14,3.0032,0.625,532.765
1466,KB2,HARQ,Default,200,0.05,1,50,12,2.8931,0.645161,553.04
1467,KB2,HARQ,Default,200,0.05,1,50,12,2.9658,0.645161,539.483
1468,KB2,HARQ,Default,200,0.05,1,50,14,2.9829,0.625,536.391
1469,KB2,HARQ,Default,200,0.05,1,50,17,3.1201,0.597015,512.804
1470,KB2,HARQ,Default,200,0.05,1,50,13,2.983,0.634921,536.373
1471,KB2,HARQ,Default,200,0.05,1,50,13,2.9559,0.634921,541.29
1472,KB2,HARQ,Default,200,0.05,1,50,6,2.6476,0.714286,604.321
1473,KB2,HARQ,Default,200,0.05,1,50,18,3.323,0.588235,481.493
1474,KB2,HARQ,Default,200,0.05,1,50,15,3.0605,0.615385,522.79
1475,KB2,HARQ,Default,200,0.05,1,50,7,2.6838,0.701754,596.17
1476,KB2,HARQ,Default,200,0.05,1,50,7,2.7366,0.701754,584.667
1477,KB2,HARQ,Default,200,0.05,1,50,12,2.9097,0.645161,549.885
1478,KB2,HARQ,Default,200,0.05,1,50,22,3.3807,0.555556,473.275
1479,KB2,HARQ,Default,200,0.05,1,50,11,2.8307,0.655738,565.231
1480,KB2,HARQ,Default,200,0.05,1,50,14,3.008,0.625,531.915
1481,KB2,HARQ,Default,200,0.05,1,50,16,3.0637,0.606061,522.244
1482,KB2,HARQ,Default,200,0.05,1,50,11,2.8036,0.655738,570.695
1483,KB2,HARQ,Default,200,0.05,1,50,12,2.9429,0.645161,543.681
1484,KB2,HARQ,Default,200,0.05,1,50,8,2.6787,0.689655,597.305
1485,KB2,HARQ,Default,200,0.05,1,50,16,3.0607,0.606061,522.756
1486,KB2,HARQ,Default,200,0.05,1,50,6,2.6035,0.714286,614.557
1487,KB2,HARQ,Default,200,0.05,1,50,17,3.0819,0.597015,519.16
1488,KB2,HARQ,Default,200,0.05,1,50,7,2.6923,0.701754,594.287
1489,KB2,HARQ,Default,200,0.05,1,50,8,2.6806,0.689655,596.881
1490,KB2,HARQ,Default,200,0.05,1,50,10,2.7822,0.666667,575.084
1491,KB2,HARQ,Default,200,0.05,1,50,12,2.8539,0.645161,560.636
1492,KB2,HARQ,Default,200,0.05,1,50,12,3.3838,0.645161,472.841
1493,KB2,HARQ,Default,200,0.05,1,50,13,2.9428,0.634921,543.7
1494,KB2,HARQ,Default,200,0.05,1,50,8,2.8288,0.689655,565.611
1495,KB2,HARQ,Default,200,0.05,1,50,10,2.9069,0.666667,550.415
1496,KB2,HARQ,Default,200,0.05,1,50,7,2.6657,0.701754,600.218
1497,KB2,HARQ,Default,200,0.05,1,50,7,2.7831,0.701754,574.898
1498,KB2,HARQ,Default,200,0.05,1,50,9,3.1473,0.677966,508.372
1499,KB2,HARQ,Default,200,0.05,1,50,17,3.5708,0.597015,448.079
1500,KB2,HARQ,Default,200,0.05,1,50,15,3.3692,0.615385,474.89
1501,KB2,HARQ,Default,200,0.05,1,50,4,3.066,0.740741,521.853
1502,KB2,HARQ,Default,200,0.05,1,50,6,2.9661,0.714286,539.429
1503,KB2,HARQ,Default,200,0.05,1,50,10,3.0549,0.666667,523.749
1504,KB2,HARQ,Default,200,0.05,1,50,14,2.9348,0.625,545.182
1505,KB2,HARQ,Default,200,0.05,1,50,5,2.5543,0.727273,626.395
1506,KB2,HARQ,Default,200,0.05,1,50,5,3.0458,0.727273,525.314
1507,KB2,HARQ,Default,200,0.05,1,50,7,2.7087,0.701754,590.689
1508,KB2,HARQ,Default,200,0.05,1,50,11,2.8033,0.655738,570.756
1509,KB2,HARQ,Default,200,0.05,1,50,13,3.1161,0.634921,513.462
1510,KB2,HARQ,Default,200,0.05,1,50,11,2.8611,0.655738,559.225
1511,KB2,HARQ,Default,200,0.05,1,50,9,2.9066,0.677966,550.471
1512,KB2,HARQ,Default,200,0.05,1,50,8,2.7746,0.689655,576.66
1513,KB2,HARQ,Default,200,0.05,1,50,8,2.7394,0.689655,584.07
1514,KB2,HARQ,Default,200,0.05,1,50,10,2.8753,0.666667,556.464
1515,KB2,HARQ,Default,200,0.05,1,50,12,2.9109,0.645161,549.658
1516,KB2,HARQ,Default,200,0.05,1,50,18,3.131,0.588235,511.019
1517,KB2,HARQ,Default,200,0.05,1,50,12,2.9372,0.645161,544.736
1518,KB2,HARQ,Default,200,0.05,1,50,11,2.921,0.655738,547.758
1519,KB2,HARQ,Default,200,0.05,1,50,11,2.9879,0.655738,535.493
1520,KB2,HARQ,Default,200,0.05,1,50,9,2.7541,0.677966,580.952
1521,KB2,HARQ,Default,200,0.05,1,50,12,2.9132,0.645161,549.224
1522,KB2,HARQ,Default,200,0.05,1,50,12,2.9404,0.645161,544.144
1523,KB2,HARQ,Default,200,0.05,1,50,11,3.0613,0.655738,522.654
1524,KB2,HARQ,Default,200,0.05,1,50,6,2.6584,0.714286,601.866
1525,KB2,HARQ,Default,200,0.05,1,50,11,2.8859,0.655738,554.42
1526,KB2,HARQ,Default,200,0.05,0,50,12,2.9013,0.645161,551.477
1527,KB2,HARQ,Default,200,0.05,1,50,10,2.8132,0.666667,568.747
1528,KB2,HARQ,Default,200,0.05,1,50,15,3.1186,0.615385,513.051
1529,KB2,HARQ,Default,200,0.05,1,50,14,3.0677,0.625,521.563
1530,KB2,HARQ,Default,200,0.05,1,50,11,2.8952,0.655738,552.639
1531,KB2,HARQ,Default,200,0.05,1,50,7,2.7046,0.701754,591.585
1532,KB2,HARQ,Default,200,0.05,1,50,9,2.7837,0.677966,574.775
1533,KB2,HARQ,Default,200,0.05,1,50,11,2.8766,0.655738,556.212
1534,KB2,HARQ,Default,200,0.05,1,50,16,3.1006,0.606061,516.029
1535,KB2,HARQ,Default,200,0.05,1,50,13,2.9877,0.634921,535.529
1536,KB2,HARQ,Default,200,0.05,1,50,9,2.7982,0.677966,571.796
1537,KB2,HARQ,Default,200,0.05,1,50,13,2.9277,0.634921,546.504
1538,KB2,HARQ,Default,200,0.05,1,50,7,2.6913,0.701754,594.508
1539,KB2,HARQ,Default,200,0.05,1,50,14,3.0223,0.625,529.398
1540,KB2,HARQ,Default,200,0.05,1,50,14,3.0167,0.625,530.381
1541,KB2,HARQ,Default,200,0.05,1,50,7,2.6966,0.701754,593.34
1542,KB2,HARQ,Default,200,0.05,1,50,9,2.8186,0.677966,567.658
1543,KB2,HARQ,Default,200,0.05,1,50,15,3.0561,0.615385,523.543
1544,KB2,HARQ,Default,200,0.05,1,50,12,2.906,0.645161,550.585
1545,KB2,HARQ,Default,200,0.05,1,50,7,3.1179,0.701754,513.166
1546,KB2,HARQ,Default,200,0.05,1,50,13,3.0524,0.634921,524.178
1547,KB2,HARQ,Default,200,0.05,1,50,9,2.7563,0.677966,580.488
1548,KB2,HARQ,Default,200,0.05,1,50,14,2.9972,0.625,533.832
1549,KB2,HARQ,Default,200,0.05,1,50,9,2.7791,0.677966,575.726
1550,KB2,HARQ,Default,200,0.05,1,50,13,3.4887,0.634921,458.624
1551,KB2,HARQ,Default,200,0.05,1,50,14,3.1342,0.625,510.497
1552,KB2,HARQ,Default,200,0.05,1,50,13,2.9902,0.634921,535.081
1553,KB2,HARQ,Default,200,0.05,1,50,14,3.0463,0.625,525.227
1554,KB2,HARQ,Default,200,0.05,1,50,10,2.8988,0.666667,551.953
1555,KB2,HARQ,Default,200,0.05,1,50,7,2.8821,0.701754,555.151
1556,KB2,HARQ,Default,200,0.05,1,50,14,3.2672,0.625,489.716
1557,KB2,HARQ,Default,200,0.05,1,50,13,2.9409,0.634921,544.051
1558,KB2,HARQ,Default,200,0.05,1,50,11,2.8631,0.655738,558.835
1559,KB2,HARQ,Default,200,0.05,1,50,9,2.8169,0.677966,568
1560,KB2,HARQ,Default,200,0.05,1,50,10,2.9074,0.666667,550.32
1561,KB2,HARQ,Default,200,0.05,1,50,16,3.2373,0.606061,494.239
1562,KB2,HARQ,Default,200,0.05,1,50,13,2.976,0.634921,537.634
1563,KB2,HARQ,Default,200,0.05,1,50,12,2.9381,0.645161,544.57
1564,KB2,HARQ,Default,200,0.05,1,50,7,2.7576,0.701754,580.215
1565,KB2,HARQ,Default,200,0.05,1,50,11,2.9361,0.655738,544.941
1566,KB2,HARQ,Default,200,0.05,1,50,13,3.0355,0.634921,527.096
1567,KB2,HARQ,Default,200,0.05,1,50,18,3.1441,0.588235,508.89
1568,KB2,HARQ,Default,200,0.05,1,50,12,2.8976,0.645161,552.181
1569,KB2,HARQ,Default,200,0.05,1,50,10,2.8284,0.666667,565.691
1570,KB2,HARQ,Default,200,0.05,1,50,9,2.8363,0.677966,564.115
1571,KB2,HARQ,Default,200,0.05,1,50,14,2.9843,0.625,536.139
1572,KB2,HARQ,Default,200,0.05,1,50,4,2.6127,0.740741,612.393
1573,KB2,HARQ,Default,200,0.05,1,50,8,2.736,0.689655,584.795
1574,KB2,HARQ,Default,200,0.05,1,50,12,2.9142,0.645161,549.036
1575,KB2,HARQ,Default,200,0.05,1,50,11,2.9099,0.655738,549.847
1576,KB2,HARQ,Default,200,0.05,1,50,16,3.0779,0.606061,519.835
1577,KB2,HARQ,Default,200,0.05,1,50,6,2.6525,0.714286,603.205
1578,KB2,HARQ,Default,200,0.05,1,50,9,2.8021,0.677966,571
1579,KB2,HARQ,Default,200,0.05,1,50,11,2.8843,0.655738,554.727
1580,KB2,HARQ,Default,200,0.05,1,50,10,2.8941,0.666667,552.849
1581,KB2,HARQ,Default,200,0.05,1,50,14,2.9856,0.625,535.906
1582,KB2,HARQ,Default,200,0.05,1,50,12,2.9431,0.645161,543.644
1583,KB2,HARQ,Default,200,0.05,1,50,11,2.8973,0.655738,552.238
1584,KB2,HARQ,Default,200,0.05,1,50,12,2.8935,0.645161,552.964
1585,KB2,HARQ,Default,200,0.05,1,50,11,2.9027,0.655738,551.211
1586,KB2,HARQ,Default,200,0.05,1,50,14,2.9939,0.625,534.42
1587,KB2,HARQ,Default,200,0.05,1,50,9,2.7618,0.677966,579.332
1588,KB2,HARQ,Default,200,0.05,1,50,14,2.995,0.625,534.224
1589,KB2,HARQ,Default,200,0.05,1,50,13,2.9945,0.634921,534.313
1590,KB2,HARQ,Default,200,0.05,1,50,11,3.0249,0.655738,528.943
1591,KB2,HARQ,Default,200,0.05,1,50,16,3.1787,0.606061,503.35
1592,KB2,HARQ,Default,200,0.05,1,50,9,2.848,0.677966,561.798
1593,KB2,HARQ,Default,200,0.05,1,50,13,2.8993,0.634921,551.857
1594,KB2,HARQ,Default,200,0.05,1,50,8,2.7763,0.689655,576.307
1595,KB2,HARQ,Default,200,0.05,1,50,14,3.0763,0.625,520.105
1596,KB2,HARQ,Default,200,0.05,1,50,9,2.8285,0.677966,565.671
1597,KB2,HARQ,Default,200,0.05,1,50,6,2.6895,0.714286,594.906
1598,KB2,HARQ,Default,200,0.05,1,50,11,2.8587,0.655738,559.695
1599,KB2,HARQ,Default,200,0.05,1,50,15,3.0657,0.615385,521.904
1600,KB2,HARQ,Default,200,0.05,1,50,10,3.4817,0.666667,459.546
1601,KB2,HARQ,Default,200,0.05,1,50,11,2.8427,0.655738,562.845
1602,KB2,HARQ,Default,200,0.05,1,50,12,2.9593,0.645161,540.668
1603,KB2,HARQ,Default,200,0.05,1,50,8,2.7722,0.689655,577.159
1604,KB2,HARQ,Default,200,0.05,1,50,17,3.1833,0.597015,502.623
1605,KB2,HARQ,Default,200,0.05,1,50,12,3.0001,0.645161,533.316
1606,KB2,HARQ,Default,200,0.05,1,50,8,2.8543,0.689655,560.558
1607,KB2,HARQ,Default,200,0.05,1,50,12,2.9657,0.645161,539.502
1608,KB2,HARQ,Default,200,0.05,1,50,5,2.6165,0.727273,611.504
1609,KB2,HARQ,Default,200,0.05,1,50,13,2.9767,0.634921,537.508
1610,KB2,HARQ,Default,200,0.05,1,50,14,3.0219,0.625,529.468
1611,KB2,HARQ,Default,200,0.05,1,50,9,3.0094,0.677966,531.667
1612,KB2,HARQ,Default,200,0.05,1,50,8,2.8526,0.689655,560.892
1613,KB2,HARQ,Default,200,0.05,1,50,18,3.1845,0.588235,502.434
1614,KB2,HARQ,Default,200,0.05,1,50,13,2.9012,0.634921,551.496
1615,KB2,HARQ,Default,200,0.05,1,50,17,3.1506,0.597015,507.84
1616,KB2,HARQ,Default,200,0.05,1,50,14,3.3137,0.625,482.844
1617,KB2,HARQ,Default,200,0.05,1,50,15,3.0488,0.615385,524.797
1618,KB2,HARQ,Default,200,0.05,1,50,17,3.157,0.597015,506.81
1619,KB2,HARQ,Default,200,0.05,1,50,8,2.7425,0.689655,583.409
1620,KB2,HARQ,Default,200,0.05,1,50,11,2.8635,0.655738,558.757
1621,KB2,HARQ,Default,200,0.05,1,50,9,2.9045,0.677966,550.869
1622,KB2,HARQ,Default,200,0.05,1,50,11,2.8905,0.655738,553.537
1623,KB2,HARQ,Default,200,0.05,1,50,4,2.5993,0.740741,615.55
1624,KB2,HARQ,Default,200,0.05,1,50,6,2.6301,0.714286,608.342
1625,KB2,HARQ,Default,200,0.05,1,50,7,2.7543,0.701754,580.91
1626,KB2,HARQ,Default,200,0.05,1,50,15,3.0834,0.615385,518.908
1627,KB2,HARQ,Default,200,0.05,1,50,13,2.9765,0.634921,537.544
1628,KB2,HARQ,Default,200,0.05,1,50,12,2.9089,0.645161,550.036
1629,KB2,HARQ,Default,200,0.05,1,50,13,2.9864,0.634921,535.762
1630,KB2,HARQ,Default,200,0.05,1,50,7,2.6949,0.701754,593.714
1631,KB2,HARQ,Default,200,0.05,1,50,17,3.124,0.597015,512.164
1632,KB2,HARQ,Default,200,0.05,1,50,7,2.7896,0.701754,573.559
1633,KB2,HARQ,Default,200,0.05,1,50,10,2.8707,0.666667,557.355
1634,KB2,HARQ,Default,200,0.05,1,50,8,2.7297,0.689655,586.145
1635,KB2,HARQ,Default,200,0.05,1,50,13,2.9116,0.634921,549.526
1636,KB2,HARQ,Default,200,0.05,1,50,6,2.624,0.714286,609.756
1637,KB2,HARQ,Default,200,0.05,1,50,16,3.1407,0.606061,509.441
1638,KB2,HARQ,Default,200,0.05,1,50,15,3.0353,0.615385,527.131
1639,KB2,HARQ,Default,200,0.05,1,50,6,2.6787,0.714286,597.305
1640,KB2,HARQ,Default,200,0.05,1,50,7,2.7222,0.701754,587.76
1641,KB2,HARQ,Default,200,0.05,1,50,11,2.8625,0.655738,558.952
1642,KB2,HARQ,Default,200,0.05,1,50,5,2.9045,0.727273,550.869
1643,KB2,HARQ,Default,200,0.05,1,50,10,2.8534,0.666667,560.735
1644,KB2,HARQ,Default,200,0.05,1,50,10,2.8447,0.666667,562.449
1645,KB2,HARQ,Default,200,0.05,1,50,14,3.0387,0.625,526.541
1646,KB2,HARQ,Default,200,0.05,1,50,10,2.7745,0.666667,576.68
1647,KB2,HARQ,Default,200,0.05,1,50,9,2.8592,0.677966,559.597
1648,KB2,HARQ,Default,200,0.05,1,50,6,2.653,0.714286,603.091
1649,KB2,HARQ,Default,200,0.05,1,50,9,2.7852,0.677966,574.465
1650,KB2,HARQ,Default,200,0.05,1,50,14,3.0266,0.625,528.646
1651,KB2,HARQ,Default,200,0.05,1,50,9,2.7728,0.677966,577.034
1652,KB2,HARQ,Default,200,0.05,1,50,18,3.2591,0.588235,490.933
1653,KB2,HARQ,Default,200,0.05,1,50,10,2.8736,0.666667,556.793
1654,KB2,HARQ,Default,200,0.05,1,50,21,3.3231,0.56338,481.478
1655,KB2,HARQ,Default,200,0.05,1,50,16,3.095,0.606061,516.963
1656,KB2,HARQ,Default,200,0.05,1,50,11,2.8197,0.655738,567.436
1657,KB2,HARQ,Default,200,0.05,1,50,9,2.7806,0.677966,575.415
1658,KB2,HARQ,Default,200,0.05,1,50,10,2.8823,0.666667,555.112
1659,KB2,HARQ,Default,200,0.05,1,50,14,3.0199,0.625,529.819
1660,KB2,HARQ,Default,200,0.05,1,50,9,2.7802,0.677966,575.498
1661,KB2,HARQ,Default,200,0.05,1,50,12,2.9,0.645161,551.724
1662,KB2,HARQ,Default,200,0.05,1,50,13,2.9568,0.634921,541.126
1663,KB2,HARQ,Default,200,0.05,1,50,17,3.6192,0.597015,442.087
1664,KB2,HARQ,Default,200,0.05,1,50,14,2.9672,0.625,539.229
1665,KB2,HARQ,Default,200,0.05,1,50,10,2.8888,0.666667,553.863
1666,KB2,HARQ,Default,200,0.05,1,50,12,2.9631,0.645161,539.975
1667,KB2,HARQ,Default,200,0.05,1,50,15,3.0975,0.615385,516.546
1668,KB2,HARQ,Default,200,0.05,1,50,13,3.1592,0.634921,506.457
1669,KB2,HARQ,Default,200,0.05,1,50,13,2.9759,0.634921,537.652
1670,KB2,HARQ,Default,200,0.05,1,50,11,2.8683,0.655738,557.822
1671,KB2,HARQ,Default,200,0.05,1,50,6,2.7403,0.714286,583.878
1672,KB2,HARQ,Default,200,0.05,1,50,7,2.924,0.701754,547.196
1673,KB2,HARQ,Default,200,0.05,1,50,14,3.0025,0.625,532.889
1674,KB2,HARQ,Default,200,0.05,1,50,10,2.843,0.666667,562.786
1675,KB2,HARQ,Default,200,0.05,1,50,10,2.8572,0.666667,559.989
1676,KB2,HARQ,Default,200,0.05,1,50,9,2.7502,0.677966,581.776
1677,KB2,HARQ,Default,200,0.05,1,50,9,2.8619,0.677966,559.069
1678,KB2,HARQ,Default,200,0.05,1,50,11,3.0828,0.655738,519.009
1679,KB2,HARQ,Default,200,0.05,1,50,12,2.9167,0.645161,548.565
1680,KB2,HARQ,Default,200,0.05,1,50,12,2.9062,0.645161,550.547
1681,KB2,HARQ,Default,200,0.05,1,50,12,2.9292,0.645161,546.224
1682,KB2,HARQ,Default,200,0.05,1,50,8,2.7478,0.689655,582.284
1683,KB2,HARQ,Default,200,0.05,1,50,11,3.0129,0.655738,531.05
1684,KB2,HARQ,Default,200,0.05,1,50,9,2.7805,0.677966,575.436
1685,KB2,HARQ,Default,200,0.05,1,50,11,2.9128,0.655738,549.3
1686,KB2,HARQ,Default,200,0.05,1,50,15,2.9956,0.615385,534.117
1687,KB2,HARQ,Default,200,0.05,1,50,9,2.7796,0.677966,575.622
1688,KB2,HARQ,Default,200,0.05,1,50,7,2.7799,0.701754,575.56
1689,KB2,HARQ,Default,200,0.05,1,50,7,2.6827,0.701754,596.414
1690,KB2,HARQ,Default,200,0.05,1,50,8,2.7392,0.689655,584.112
1691,KB2,HARQ,Default,200,0.05,1,50,4,2.5705,0.740741,622.447
1692,KB2,HARQ,Default,200,0.05,1,50,19,3.2443,0.57971,493.173
1693,KB2,HARQ,Default,200,0.05,1,50,4,2.5627,0.740741,624.342
1694,KB2,HARQ,Default,200,0.05,1,50,4,2.6217,0.740741,610.291
1695,KB2,HARQ,Default,200,0.05,1,50,13,2.9761,0.634921,537.616
1696,KB2,HARQ,Default,200,0.05,1,50,10,2.7768,0.666667,576.203
1697,KB2,HARQ,Default,200,0.05,1,50,10,2.8185,0.666667,567.678
1698,KB2,HARQ,Default,200,0.05,1,50,4,2.5786,0.740741,620.492
1699,KB2,HARQ,Default,200,0.05,1,50,7,2.8388,0.701754,563.618
1700,KB2,HARQ,Default,200,0.05,1,50,22,3.3883,0.555556,472.213
1701,KB2,HARQ,Default,200,0.05,1,50,14,2.9936,0.625,534.474
1702,KB2,HARQ,Default,200,0.05,1,50,8,2.7611,0.689655,579.479
1703,KB2,HARQ,Default,200,0.05,1,50,12,2.9058,0.645161,550.623
1704,KB2,HARQ,Default,200,0.05,1,50,15,3.1047,0.615385,515.348
1705,KB2,HARQ,Default,200,0.05,1,50,13,3.0739,0.634921,520.511
1706,KB2,HARQ,Default,200,0.05,1,50,18,3.1281,0.588235,511.493
1707,KB2,HARQ,Default,200,0.05,1,50,9,2.7875,0.677966,573.991
1708,KB2,HARQ,Default,200,0.05,1,50,18,3.2065,0.588235,498.986
1709,KB2,HARQ,Default,200,0.05,1,50,7,2.7731,0.701754,576.972
1710,KB2,HARQ,Default,200,0.05,1,50,14,3.0296,0.625,528.123
1711,KB2,HARQ,Default,200,0.05,1,50,18,3.2321,0.588235,495.034
1712,KB2,HARQ,Default,200,0.05,1,50,16,3.0522,0.606061,524.212
1713,KB2,HARQ,Default,200,0.05,1,50,14,2.9453,0.625,543.238
1714,KB2,HARQ,Default,200,0.05,1,50,10,2.7906,0.666667,573.353
1715,KB2,HARQ,Default,200,0.05,1,50,18,3.0737,0.588235,520.545
1716,KB2,HARQ,Default,200,0.05,1,50,17,3.12,0.597015,512.821
1717,KB2,HARQ,Default,200,0.05,1,50,15,2.9675,0.615385,539.174
1718,KB2,HARQ,Default,200,0.05,1,50,6,2.6553,0.714286,602.568
1719,KB2,HARQ,Default,200,0.05,1,50,11,3.1958,0.655738,500.657
1720,KB2,HARQ,Default,200,0.05,1,50,11,2.9125,0.655738,549.356
1721,KB2,HARQ,Default,200,0.05,1,50,7,2.6405,0.701754,605.946
1722,KB2,HARQ,Default,200,0.05,1,50,8,2.6915,0.689655,594.464
1723,KB2,HARQ,Default,200,0.05,1,50,15,2.9712,0.615385,538.503
1724,KB2,HARQ,Default,200,0.05,1,50,11,2.818,0.655738,567.779
1725,KB2,HARQ,Default,200,0.05,1,50,22,3.8928,0.555556,411.015
1726,KB2,HARQ,Default,200,0.05,1,50,14,2.9435,0.625,543.571
1727,KB2,HARQ,Default,200,0.05,1,50,12,2.8445,0.645161,562.489
1728,KB2,HARQ,Default,200,0.05,1,50,10,2.7788,0.666667,575.788
1729,KB2,HARQ,Default,200,0.05,1,50,11,2.8,0.655738,571.429
1730,KB2,HARQ,Default,200,0.05,1,50,11,2.9325,0.655738,545.61
1731,KB2,HARQ,Default,200,0.05,1,50,10,2.7726,0.666667,577.076
1732,KB2,HARQ,Default,200,0.05,1,50,13,2.922,0.634921,547.57
1733,KB2,HARQ,Default,200,0.05,1,50,6,2.6989,0.714286,592.834
1734,KB2,HARQ,Default,200,0.05,1,50,13,2.8947,0.634921,552.734
1735,KB2,HARQ,Default,200,0.05,1,50,15,3.0812,0.615385,519.278
1736,KB2,HARQ,Default,200,0.05,1,50,14,2.9181,0.625,548.302
1737,KB2,HARQ,Default,200,0.05,1,50,11,2.7947,0.655738,572.512
1738,KB2,HARQ,Default,200,0.05,1,50,10,2.7928,0.666667,572.902
1739,KB2,HARQ,Default,200,0.05,1,50,7,2.6337,0.701754,607.51
1740,KB2,HARQ,Default,200,0.05,1,50,7,2.6956,0.701754,593.56
1741,KB2,HARQ,Default,200,0.05,1,50,8,3.6212,0.689655,441.842
1742,KB2,HARQ,Default,200,0.05,1,50,6,2.7666,0.714286,578.327
1743,KB2,HARQ,Default,200,0.05,1,50,15,3.184,0.615385,502.513
1744,KB2,HARQ,Default,200,0.05,1,50,14,2.9349,0.625,545.163
1745,KB2,HARQ,Default,200,0.05,1,50,11,2.9939,0.655738,534.42
1746,KB2,HARQ,Default,200,0.05,1,50,16,3.0929,0.606061,517.314
1747,KB2,HARQ,Default,200,0.05,1,50,8,2.7327,0.689655,585.502
1748,KB2,HARQ,Default,200,0.05,1,50,18,3.1777,0.588235,503.509
1749,KB2,HARQ,Default,200,0.05,1,50,4,2.5839,0.740741,619.219
1750,KB2,HARQ,Default,200,0.05,1,50,15,3.0957,0.615385,516.846
1751,KB2,HARQ,Default,200,0.05,1,50,9,2.7541,0.677966,580.952
1752,KB2,HARQ,Default,200,0.05,0,50,5,2.6088,0.727273,613.309
1753,KB2,HARQ,Default,200,0.05,1,50,7,2.6838,0.701754,596.17
1754,KB2,HARQ,Default,200,0.05,1,50,10,2.8335,0.666667,564.673
1755,KB2,HARQ,Default,200,0.05,1,50,11,2.8583,0.655738,559.773
1756,KB2,HARQ,Default,200,0.05,1,50,9,2.8196,0.677966,567.456
1757,KB2,HARQ,Default,200,0.05,1,50,4,2.5644,0.740741,623.928
1758,KB2,HARQ,Default,200,0.05,1,50,7,2.7652,0.701754,578.62
1759,KB2,HARQ,Default,200,0.05,1,50,6,2.7066,0.714286,591.148
1760,KB2,HARQ,Default,200,0.05,1,50,8,2.7912,0.689655,573.23
1761,KB2,HARQ,Default,200,0.05,1,50,13,2.9973,0.634921,533.814
1762,KB2,HARQ,Default,200,0.05,1,50,3,2.5828,0.754717,619.483
1763,KB2,HARQ,Default,200,0.05,1,50,11,3.1154,0.655738,513.578
1764,KB2,HARQ,Default,200,0.05,1,50,14,3.0415,0.625,526.056
1765,KB2,HARQ,Default,200,0.05,1,50,17,3.1663,0.597015,505.322
1766,KB2,HARQ,Default,200,0.05,1,50,14,3.0259,0.625,528.768
1767,KB2,HARQ,Default,200,0.05,1,50,11,2.8677,0.655738,557.938
1768,KB2,HARQ,Default,200,0.05,1,50,6,2.6763,0.714286,597.84
1769,KB2,HARQ,Default,200,0.05,1,50,13,2.9525,0.634921,541.914
1770,KB2,HARQ,Default,200,0.05,1,50,10,2.8332,0.666667,564.732
1771,KB2,HARQ,Default,200,0.05,1,50,6,2.6795,0.714286,597.126
1772,KB2,HARQ,Default,200,0.05,1,50,14,3.4001,0.625,470.574
1773,KB2,HARQ,Default,200,0.05,1,50,12,2.975,0.645161,537.815
1774,KB2,HARQ,Default,200,0.05,1,50,10,2.8911,0.666667,553.423
1775,KB2,HARQ,Default,200,0.05,0,50,14,2.9975,0.625,533.778
1776,KB2,HARQ,Default,200,0.05,1,50,9,2.7778,0.677966,575.995
1777,KB2,HARQ,Default,200,0.05,1,50,15,3.0904,0.615385,517.732
1778,KB2,HARQ,Default,200,0.05,1,50,16,3.0901,0.606061,517.783
1779,KB2,HARQ,Default,200,0.05,1,50,17,3.1274,0.597015,511.607
1780,KB2,HARQ,Default,200,0.05,1,50,16,3.0773,0.606061,519.936
1781,KB2,HARQ,Default,200,0.05,1,50,12,2.9318,0.645161,545.74
1782,KB2,HARQ,Default,200,0.05,1,50,12,2.9818,0.645161,536.589
1783,KB2,HARQ,Default,200,0.05,1,50,10,2.8314,0.666667,565.091
1784,KB2,HARQ,Default,200,0.05,1,50,8,2.7494,0.689655,581.945
1785,KB2,HARQ,Default,200,0.05,1,50,19,3.1815,0.57971,502.907
1786,KB2,HARQ,Default,200,0.05,1,50,6,2.6433,0.714286,605.304
1787,KB2,HARQ,Default,200,0.05,1,50,9,2.8149,0.677966,568.404
1788,KB2,HARQ,Default,200,0.05,1,50,12,2.9333,0.645161,545.461
1789,KB2,HARQ,Default,200,0.05,1,50,10,2.8133,0.666667,568.727
1790,KB2,HARQ,Default,200,0.05,1,50,13,2.9567,0.634921,541.144
1791,KB2,HARQ,Default,200,0.05,1,50,10,2.8536,0.666667,560.695
1792,KB2,HARQ,Default,200,0.05,1,50,4,2.6155,0.740741,611.738
1793,KB2,HARQ,Default,200,0.05,1,50,6,2.6466,0.714286,604.549
1794,KB2,HARQ,Default,200,0.05,1,50,14,2.9557,0.625,541.327
1795,KB2,HARQ,Default,200,0.05,1,50,16,3.0948,0.606061,516.996
1796,KB2,HARQ,Default,200,0.05,1,50,17,3.1198,0.597015,512.853
1797,KB2,HARQ,Default,200,0.05,1,50,10,2.8691,0.666667,557.666
1798,KB2,HARQ,Default,200,0.05,1,50,9,2.8013,0.677966,571.163
1799,KB2,HARQ,Default,200,0.05,1,50,8,2.7341,0.689655,585.202
1800,KB2,HARQ,Default,200,0.05,1,50,17,3.1191,0.597015,512.968
1801,KB2,HARQ,Default,200,0.05,1,50,10,2.8253,0.666667,566.312
1802,KB2,HARQ,Default,200,0.05,1,50,11,2.8781,0.655738,555.922
1803,KB2,HARQ,Default,200,0.05,1,50,10,2.8503,0.666667,561.344
1804,KB2,HARQ,Default,200,0.05,1,50,10,2.8959,0.666667,552.505
1805,KB2,HARQ,Default,200,0.05,1,50,8,2.7879,0.689655,573.909
1806,KB2,HARQ,Default,200,0.05,1,50,10,2.7846,0.666667,574.589
1807,KB2,HARQ,Default,200,0.05,1,50,12,2.8928,0.645161,553.097
1808,KB2,HARQ,Default,200,0.05,1,50,17,3.254,0.597015,491.703
1809,KB2,HARQ,Default,200,0.05,1,50,14,3.0005,0.625,533.244
1810,KB2,HARQ,Default,200,0.05,1,50,10,2.82,0.666667,567.376
1811,KB2,HARQ,Default,200,0.05,1,50,17,3.1337,0.597015,510.579
1812,KB2,HARQ,Default,200,0.05,1,50,16,3.1461,0.606061,508.566
1813,KB2,HARQ,Default,200,0.05,1,50,8,2.8812,0.689655,555.324
1814,KB2,HARQ,Default,200,0.05,1,50,16,3.0059,0.606061,532.287
1815,KB2,HARQ,Default,200,0.05,1,50,10,2.7463,0.666667,582.602
1816,KB2,HARQ,Default,200,0.05,1,50,5,2.5563,0.727273,625.905
1817,KB2,HARQ,Default,200,0.05,1,50,12,2.8364,0.645161,564.095
1818,KB2,HARQ,Default,200,0.05,1,50,9,2.8149,0.677966,568.404
1819,KB2,HARQ,Default,200,0.05,1,50,9,2.7181,0.677966,588.646
1820,KB2,HARQ,Default,200,0.05,1,50,8,2.6708,0.689655,599.071
1821,KB2,HARQ,Default,200,0.05,1,50,10,2.7609,0.666667,579.521
1822,KB2,HARQ,Default,200,0.05,1,50,14,2.9361,0.625,544.941
1823,KB2,HARQ,Default,200,0.05,1,50,10,2.8367,0.666667,564.036
1824,KB2,HARQ,Default,200,0.05,1,50,20,3.174,0.571429,504.096
1825,KB2,HARQ,Default,200,0.05,1,50,10,2.8394,0.666667,563.499
1826,KB2,HARQ,Default,200,0.05,1,50,21,3.2002,0.56338,499.969
1827,KB2,HARQ,Default,200,0.05,0,50,13,2.8817,0.634921,555.228
1828,KB2,HARQ,Default,200,0.05,1,50,11,2.8893,0.655738,553.767
1829,KB2,HARQ,Default,200,0.05,1,50,12,2.9068,0.645161,550.433
1830,KB2,HARQ,Default,200,0.05,1,50,9,2.7128,0.677966,589.797
1831,KB2,HARQ,Default,200,0.05,1,50,7,2.6293,0.701754,608.527
1832,KB2,HARQ,Default,200,0.05,1,50,20,3.2766,0.571429,488.311
1833,KB2,HARQ,Default,200,0.05,1,50,8,2.6708,0.689655,599.071
1834,KB2,HARQ,Default,200,0.05,1,50,10,3.0696,0.666667,521.241
1835,KB2,HARQ,Default,200,0.05,1,50,16,3.0148,0.606061,530.715
1836,KB2,HARQ,Default,200,0.05,1,50,19,3.1793,0.57971,503.255
1837,KB2,HARQ,Default,200,0.05,1,50,13,2.8852,0.634921,554.554
1838,KB2,HARQ,Default,200,0.05,1,50,4,2.6479,0.740741,604.252
1839,KB2,HARQ,Default,200,0.05,1,50,9,2.7848,0.677966,574.548
1840,KB2,HARQ,Default,200,0.05,1,50,11,2.7927,0.655738,572.922
1841,KB2,HARQ,Default,200,0.05,1,50,6,2.5892,0.714286,617.951
1842,KB2,HARQ,Default,200,0.05,1,50,9,2.7459,0.677966,582.687
1843,KB2,HARQ,Default,200,0.05,1,50,12,3.0001,0.645161,533.316
1844,KB2,HARQ,Default,200,0.05,1,50,18,3.4659,0.588235,461.641
1845,KB2,HARQ,Default,200,0.05,1,50,9,3.4456,0.677966,464.36
1846,KB2,HARQ,Default,200,0.05,1,50,10,2.9851,0.666667,535.995
1847,KB2,HARQ,Default,200,0.05,1,50,8,2.7002,0.689655,592.549
1848,KB2,HARQ,Default,200,0.05,1,50,12,2.9296,0.645161,546.15
1849,KB2,HARQ,Default,200,0.05,1,50,10,2.9096,0.666667,549.904
1850,KB2,HARQ,Default,200,0.05,1,50,9,3.1189,0.677966,513.001
1851,KB2,HARQ,Default,200,0.05,1,50,11,2.9073,0.655738,550.339
1852,KB2,HARQ,Default,200,0.05,1,50,5,2.6155,0.727273,611.738
1853,KB2,HARQ,Default,200,0.05,1,50,12,2.9049,0.645161,550.793
1854,KB2,HARQ,Default,200,0.05,1,50,9,2.8288,0.677966,565.611
1855,KB2,HARQ,Default,200,0.05,1,50,10,2.8213,0.666667,567.114
1856,KB2,HARQ,Default,200,0.05,1,50,9,2.7741,0.677966,576.764
1857,KB2,HARQ,Default,200,0.05,1,50,13,2.9003,0.634921,551.667
1858,KB2,HARQ,Default,200,0.05,1,50,13,3.0373,0.634921,526.784
1859,KB2,HARQ,Default,200,0.05,1,50,6,2.7615,0.714286,579.395
1860,KB2,HARQ,Default,200,0.05,1,50,9,2.8557,0.677966,560.283
1861,KB2,HARQ,Default,200,0.05,1,50,10,2.8499,0.666667,561.423
1862,KB2,HARQ,Default,200,0.05,1,50,11,2.8715,0.655738,557.2
1863,KB2,HARQ,Default,200,0.05,1,50,14,2.9884,0.625,535.404
1864,KB2,HARQ,Default,200,0.05,1,50,16,3.1057,0.606061,515.182
1865,KB2,HARQ,Default,200,0.05,1,50,9,2.7534,0.677966,581.1
1866,KB2,HARQ,Default,200,0.05,1,50,9,2.7907,0.677966,573.333
1867,KB2,HARQ,Default,200,0.05,1,50,9,2.7688,0.677966,577.868
1868,KB2,HARQ,Default,200,0.05,1,50,14,3.0306,0.625,527.948
1869,KB2,HARQ,Default,200,0.05,1,50,18,3.1829,0.588235,502.686
1870,KB2,HARQ,Default,200,0.05,1,50,19,3.2039,0.57971,499.391
1871,KB2,HARQ,Default,200,0.05,1,50,11,2.9477,0.655738,542.796
1872,KB2,HARQ,Default,200,0.05,1,50,16,3.0979,0.606061,516.479
1873,KB2,HARQ,Default,200,0.05,1,50,14,3.0283,0.625,528.349
1874,KB2,HARQ,Default,200,0.05,0,50,9,2.7943,0.677966,572.594
1875,KB2,HARQ,Default,200,0.05,1,50,8,2.7424,0.689655,583.431
1876,KB2,HARQ,Default,200,0.05,1,50,10,2.8194,0.666667,567.497
1877,KB2,HARQ,Default,200,0.05,1,50,10,2.8864,0.666667,554.324
1878,KB2,HARQ,Default,200,0.05,1,50,11,2.9022,0.655738,551.306
1879,KB2,HARQ,Default,200,0.05,1,50,15,3.0352,0.615385,527.148
1880,KB2,HARQ,Default,200,0.05,1,50,18,3.1908,0.588235,501.442
1881,KB2,HARQ,Default,200,0.05,1,50,8,2.7498,0.689655,581.86
1882,KB2,HARQ,Default,200,0.05,1,50,9,2.7881,0.677966,573.868
1883,KB2,HARQ,Default,200,0.05,1,50,12,2.9261,0.645161,546.803
1884,KB2,HARQ,Default,200,0.05,1,50,14,3.071,0.625,521.003
1885,KB2,HARQ,Default,200,0.05,1,50,18,3.2308,0.588235,495.233
1886,KB2,HARQ,Default,200,0.05,1,50,13,2.9499,0.634921,542.391
1887,KB2,HARQ,Default,200,0.05,1,50,15,3.0551,0.615385,523.714
1888,KB2,HARQ,Default,200,0.05,1,50,13,2.9657,0.634921,539.502
1889,KB2,HARQ,Default,200,0.05,1,50,8,2.7275,0.689655,586.618
1890,KB2,HARQ,Default,200,0.05,1,50,15,3.0386,0.615385,526.558
1891,KB2,HARQ,Default,200,0.05,1,50,13,2.9609,0.634921,540.376
1892,KB2,HARQ,Default,200,0.05,1,50,10,2.8385,0.666667,563.678
1893,KB2,HARQ,Default,200,0.05,1,50,9,2.8177,0.677966,567.839
1894,KB2,HARQ,Default,200,0.05,1,50,13,2.9818,0.634921,536.589
1895,KB2,HARQ,Default,200,0.05,1,50,11,2.9306,0.655738,545.963
1896,KB2,HARQ,Default,200,0.05,1,50,13,2.9541,0.634921,541.62
1897,KB2,HARQ,Default,200,0.05,1,50,17,3.1635,0.597015,505.769
1898,KB2,HARQ,Default,200,0.05,1,50,16,3.0795,0.606061,519.565
1899,KB2,HARQ,Default,200,0.05,1,50,13,2.9631,0.634921,539.975
1900,KB2,HARQ,Default,200,0.05,1,50,9,2.8801,0.677966,555.536
1901,KB2,HARQ,Default,200,0.05,1,50,12,2.9508,0.645161,542.226
1902,KB2,HARQ,Default,200,0.05,1,50,16,3.0754,0.606061,520.258
1903,KB2,HARQ,Default,200,0.05,1,50,4,2.5684,0.740741,622.956
1904,KB2,HARQ,Default,200,0.05,1,50,8,2.7712,0.689655,577.367
1905,KB2,HARQ,Default,200,0.05,1,50,10,2.7784,0.666667,575.871
1906,KB2,HARQ,Default,200,0.05,1,50,8,2.7508,0.689655,581.649
1907,KB2,HARQ,Default,200,0.05,1,50,7,2.7152,0.701754,589.275
1908,KB2,HARQ,Default,200,0.05,1,50,7,2.7026,0.701754,592.022
1909,KB2,HARQ,Default,200,0.05,1,50,23,3.377,0.547945,473.793
1910,KB2,HARQ,Default,200,0.05,1,50,13,2.9643,0.634921,539.756
1911,KB2,HARQ,Default,200,0.05,1,50,9,2.8914,0.677966,553.365
1912,KB2,HARQ,Default,200,0.05,1,50,10,2.7978,0.666667,571.878
1913,KB2,HARQ,Default,200,0.05,1,50,16,3.0009,0.606061,533.173
1914,KB2,HARQ,Default,200,0.05,1,50,14,2.9381,0.625,544.57
1915,KB2,HARQ,Default,200,0.05,1,50,6,2.5995,0.714286,615.503
1916,KB2,HARQ,Default,200,0.05,1,50,11,2.9184,0.655738,548.246
1917,KB2,HARQ,Default,200,0.05,1,50,9,2.729,0.677966,586.295
1918,KB2,HARQ,Default,200,0.05,1,50,11,2.8586,0.655738,559.715
1919,KB2,HARQ,Default,200,0.05,1,50,15,2.9722,0.615385,538.322
1920,KB2,HARQ,Default,200,0.05,1,50,13,2.8614,0.634921,559.167
1921,KB2,HARQ,Default,200,0.05,1,50,11,2.878,0.655738,555.942
1922,KB2,HARQ,Default,200,0.05,1,50,8,2.6673,0.689655,599.858
1923,KB2,HARQ,Default,200,0.05,1,50,10,2.7701,0.666667,577.596
1924,KB2,HARQ,Default,200,0.05,1,50,8,2.7348,0.689655,585.052
1925,KB2,HARQ,Default,200,0.05,1,50,19,3.1577,0.57971,506.698
1926,KB2,HARQ,Default,200,0.05,1,50,10,2.8148,0.666667,568.424
1927,KB2,HARQ,Default,200,0.05,1,50,16,3.085,0.606061,518.639
1928,KB2,HARQ,Default,200,0.05,1,50,12,3.1253,0.645161,511.951
1929,KB2,HARQ,Default,200,0.05,1,50,11,2.8258,0.655738,566.211
1930,KB2,HARQ,Default,200,0.05,1,50,12,2.9957,0.645161,534.099
1931,KB2,HARQ,Default,200,0.05,1,50,12,2.862,0.645161,559.05
1932,KB2,HARQ,Default,200,0.05,1,50,8,2.7799,0.689655,575.56
1933,KB2,HARQ,Default,200,0.05,1,50,8,2.6733,0.689655,598.511
1934,KB2,HARQ,Default,200,0.05,1,50,12,2.8909,0.645161,553.461
1935,KB2,HARQ,Default,200,0.05,1,50,11,2.8084,0.655738,569.719
1936,KB2,HARQ,Default,200,0.05,1,50,7,2.6362,0.701754,606.934
1937,KB2,HARQ,Default,200,0.05,1,50,10,2.7825,0.666667,575.022
1938,KB2,HARQ,Default,200,0.05,1,50,9,2.9102,0.677966,549.79
1939,KB2,HARQ,Default,200,0.05,1,50,12,2.8503,0.645161,561.344
1940,KB2,HARQ,Default,200,0.05,1,50,16,3.0078,0.606061,531.95
1941,KB2,HARQ,Default,200,0.05,1,50,15,2.9799,0.615385,536.931
1942,KB2,HARQ,Default,200,0.05,1,50,12,2.8901,0.645161,553.614
1943,KB2,HARQ,Default,200,0.05,1,50,20,3.3343,0.571429,479.861
1944,KB2,HARQ,Default,200,0.05,1,50,7,2.6544,0.701754,602.773
1945,KB2,HARQ,Default,200,0.05,1,50,7,2.6165,0.701754,611.504
1946,KB2,HARQ,Default,200,0.05,1,50,10,2.7605,0.666667,579.605
1947,KB2,HARQ,Default,200,0.05,1,50,14,2.9193,0.625,548.077
1948,KB2,HARQ,Default,200,0.05,1,50,11,3.1975,0.655738,500.391
1949,KB2,HARQ,Default,200,0.05,1,50,11,2.8106,0.655738,569.273
1950,KB2,HARQ,Default,200,0.05,1,50,13,2.9301,0.634921,546.056
1951,KB2,HARQ,Default,200,0.05,1,50,10,2.8821,0.666667,555.151
1952,KB2,HARQ,Default,200,0.05,1,50,16,2.9948,0.606061,534.259
1953,KB2,HARQ,Default,200,0.05,1,50,12,2.9383,0.645161,544.533
1954,KB2,HARQ,Default,200,0.05,1,50,5,2.563,0.727273,624.268
1955,KB2,HARQ,Default,200,0.05,1,50,7,2.6224,0.701754,610.128
1956,KB2,HARQ,Default,200,0.05,1,50,19,3.1377,0.57971,509.928
1957,KB2,HARQ,Default,200,0.05,1,50,6,2.5883,0.714286,618.166
1958,KB2,HARQ,Default,200,0.05,1,50,12,2.9522,0.645161,541.969
1959,KB2,HARQ,Default,200,0.05,1,50,20,3.1798,0.571429,503.176
1960,KB2,HARQ,Default,200,0.05,1,50,7,2.6377,0.701754,606.589
1961,KB2,HARQ,Default,200,0.05,1,50,9,2.7508,0.677966,581.649
1962,KB2,HARQ,Default,200,0.05,1,50,9,2.7914,0.677966,573.189
1963,KB2,HARQ,Default,200,0.05,1,50,22,3.3294,0.555556,480.567
1964,KB2,HARQ,Default,200,0.05,1,50,13,2.9054,0.634921,550.699
1965,KB2,HARQ,Default,200,0.05,1,50,12,2.8135,0.645161,568.687
1966,KB2,HARQ,Default,200,0.05,1,50,9,2.7239,0.677966,587.393
1967,KB2,HARQ,Default,200,0.05,1,50,13,2.8886,0.634921,553.902
1968,KB2,HARQ,Default,200,0.05,1,50,15,3.2935,0.615385,485.805
1969,KB2,HARQ,Default,200,0.05,1,50,14,2.9279,0.625,546.467
1970,KB2,HARQ,Default,200,0.05,1,50,7,2.6321,0.701754,607.88
1971,KB2,HARQ,Default,200,0.05,1,50,7,2.75,0.701754,581.818
1972,KB2,HARQ,Default,200,0.05,1,50,5,2.5669,0.727273,623.32
1973,KB2,HARQ,Default,200,0.05,1,50,9,2.722,0.677966,587.803
1974,KB2,HARQ,Default,200,0.05,1,50,16,3.0604,0.606061,522.807
1975,KB2,HARQ,Default,200,0.05,1,50,13,2.9041,0.634921,550.945
1976,KB2,HARQ,Default,200,0.05,1,50,14,2.9064,0.625,550.509
1977,KB2,HARQ,Default,200,0.05,1,50,8,2.6744,0.689655,598.265
1978,KB2,HARQ,Default,200,0.05,1,50,7,2.6875,0.701754,595.349
1979,KB2,HARQ,Default,200,0.05,1,50,15,3.061,0.615385,522.705
1980,KB2,HARQ,Default,200,0.05,1,50,11,3.0222,0.655738,529.416
1981,KB2,HARQ,Default,200,0.05,1,50,14,2.9304,0.625,546.001
1982,KB2,HARQ,Default,200,0.05,1,50,14,2.9456,0.625,543.183
1983,KB2,HARQ,Default,200,0.05,1,50,7,2.6357,0.701754,607.049
1984,KB2,HARQ,Default,200,0.05,1,50,17,3.113,0.597015,513.974
1985,KB2,HARQ,Default,200,0.05,1,50,12,2.9499,0.645161,542.391
1986,KB2,HARQ,Default,200,0.05,1,50,8,2.6755,0.689655,598.019
1987,KB2,HARQ,Default,200,0.05,1,50,12,2.8451,0.645161,562.37
1988,KB2,HARQ,Default,200,0.05,1,50,17,3.0747,0.597015,520.376
1989,KB2,HARQ,Default,200,0.05,1,50,8,2.6741,0.689655,598.332
1990,KB2,HARQ,Default,200,0.05,1,50,11,2.9,0.655738,551.724
1991,KB2,HARQ,Default,200,0.05,1,50,17,3.0512,0.597015,524.384
1992,KB2,HARQ,Default,200,0.05,1,50,4,2.5569,0.740741,625.758
1993,KB2,HARQ,Default,200,0.05,1,50,10,2.8149,0.666667,568.404
1994,KB2,HARQ,Default,200,0.05,1,50,14,2.9242,0.625,547.158
1995,KB2,HARQ,Default,200,0.05,1,50,10,3.7478,0.666667,426.917
1996,KB2,HARQ,Default,200,0.05,1,50,6,2.6187,0.714286,610.99
1997,KB2,HARQ,Default,200,0.05,1,50,17,3.0545,0.597015,523.817
1998,KB2,HARQ,Default,200,0.05,1,50,12,2.9085,0.645161,550.112
1999,KB2,HARQ,Default,200,0.05,1,50,8,2.6728,0.689655,598.623
2000,KB2,HARQ,Default,200,0.05,0,50,13,3.0102,0.634921,531.526
2001,KB2,ARQ,Default,200,0.1,0,50,220,2.1285,0.148148,751.703
2002,KB2,ARQ,Default,200,0.1,0,50,108,1.8427,0.253165,868.291
2003,KB2,ARQ,Default,200,0.1,0,50,126,1.9009,0.227273,841.707
2004,KB2,ARQ,Default,200,0.1,0,50,158,1.9615,0.192308,815.702
2005,KB2,ARQ,Default,200,0.1,0,50,162,1.9855,0.188679,805.842
2006,KB2,ARQ,Default,200,0.1,0,50,156,1.9603,0.194175,816.202
2007,KB2,ARQ,Default,200,0.1,0,50,165,2.1141,0.186047,756.823
2008,KB2,ARQ,Default,200,0.1,0,50,173,2.0128,0.179372,794.913
2009,KB2,ARQ,Default,200,0.1,0,50,242,2.1684,0.136986,737.871
2010,KB2,ARQ,Default,200,0.1,0,50,196,2.054,0.162602,778.968
2011,KB2,ARQ,Default,200,0.1,0,50,179,2.0265,0.174672,789.539
2012,KB2,ARQ,Default,200,0.1,0,50,194,2.0521,0.163934,779.689
2013,KB2,ARQ,Default,200,0.1,0,50,170,1.9855,0.181818,805.842
2014,KB2,ARQ,Default,200,0.1,0,50,138,1.9297,0.212766,829.144
2015,KB2,ARQ,Default,200,0.1,0,50,176,2.0412,0.176991,783.853
2016,KB2,ARQ,Default,200,0.1,0,50,212,2.1305,0.152672,750.997
2017,KB2,ARQ,Default,200,0.1,0,50,119,1.9424,0.236686,823.723
2018,KB2,ARQ,Default,200,0.1,0,50,211,2.148,0.153257,744.879
2019,KB2,ARQ,Default,200,0.1,0,50,193,2.0956,0.164609,763.504
2020,KB2,ARQ,Default,200,0.1,0,50,121,1.9169,0.233918,834.681
2021,KB2,ARQ,Default,200,0.1,0,50,191,2.1036,0.165975,760.601
2022,KB2,ARQ,Default,200,0.1,0,50,153,2.0521,0.197044,779.689
2023,KB2,ARQ,Default,200,0.1,0,50,181,2.068,0.17316,773.694
2024,KB2,ARQ,Default,200,0.1,0,50,172,2.0474,0.18018,781.479
2025,KB2,ARQ,Default,200,0.1,0,50,209,2.1318,0.15444,750.539
2026,KB2,ARQ,Default,200,0.1,0,50,203,2.1136,0.158103,757.002
2027,KB2,ARQ,Default,200,0.1,0,50,145,1.9764,0.205128,809.553
2028,KB2,ARQ,Default,200,0.1,0,50,188,2.0888,0.168067,765.99
2029,KB2,ARQ,Default,200,0.1,0,50,190,2.1773,0.166667,734.855
2030,KB2,ARQ,Default,200,0.1,0,50,162,2.0383,0.188679,784.968
2031,KB2,ARQ,Default,200,0.1,0,50,218,2.2044,0.149254,725.821
2032,KB2,ARQ,Default,200,0.1,0,50,209,2.1749,0.15444,735.666
2033,KB2,ARQ,Default,200,0.1,0,50,165,2.0244,0.186047,790.358
2034,KB2,ARQ,Default,200,0.1,0,50,224,2.1834,0.145985,732.802
2035,KB2,ARQ,Default,200,0.1,0,50,139,1.9683,0.21164,812.884
2036,KB2,ARQ,Default,200,0.1,0,50,204,2.1763,0.15748,735.193
2037,KB2,ARQ,Default,200,0.1,0,50,205,2.1265,0.156863,752.41
2038,KB2,ARQ,Default,200,0.1,0,50,181,2.0531,0.17316,779.309
2039,KB2,ARQ,Default,200,0.1,0,50,175,2.0681,0.177778,773.657
2040,KB2,ARQ,Default,200,0.1,0,50,206,2.1869,0.15625,731.629
2041,KB2,ARQ,Default,200,0.1,0,50,101,1.8818,0.264901,850.25
2042,KB2,ARQ,Default,200,0.1,0,50,207,2.1281,0.155642,751.844
2043,KB2,ARQ,Default,200,0.1,0,50,124,1.9345,0.229885,827.087
2044,KB2,ARQ,Default,200,0.1,0,50,128,1.9297,0.224719,829.144
2045,KB2,ARQ,Default,200,0.1,0,50,171,2.0456,0.180995,782.167
2046,KB2,ARQ,Default,200,0.1,0,50,178,2.0562,0.175439,778.134
2047,KB2,ARQ,Default,200,0.1,0,50,105,1.8828,0.258065,849.798
2048,KB2,ARQ,Default,200,0.1,0,50,195,2.1142,0.163265,756.787
2049,KB2,ARQ,Default,200,0.1,0,50,215,2.1547,0.150943,742.563
2050,KB2,ARQ,Default,200,0.1,0,50,212,2.2006,0.152672,727.074
2051,KB2,ARQ,Default,200,0.1,0,50,177,2.0758,0.176211,770.787
2052,KB2,ARQ,Default,200,0.1,0,50,220,2.1566,0.148148,741.909
2053,KB2,ARQ,Default,200,0.1,0,50,200,2.1116,0.16,757.719
2054,KB2,ARQ,Default,200,0.1,0,50,244,2.221,0.136054,720.396
2055,KB2,ARQ,Default,200,0.1,0,50,154,2.0059,0.196078,797.647
2056,KB2,ARQ,Default,200,0.1,0,50,167,2.0326,0.184332,787.169
2057,KB2,ARQ,Default,200,0.1,0,50,229,2.2673,0.143369,705.685
2058,KB2,ARQ,Default,200,0.1,0,50,199,2.1283,0.160643,751.774
2059,KB2,ARQ,Default,200,0.1,0,50,180,2.0681,0.173913,773.657
2060,KB2,ARQ,Default,200,0.1,0,50,244,2.2226,0.136054,719.878
2061,KB2,ARQ,Default,200,0.1,0,50,198,2.112,0.16129,757.576
2062,KB2,ARQ,Default,200,0.1,0,50,202,2.1299,0.15873,751.209
2063,KB2,ARQ,Default,200,0.1,0,50,193,2.0882,0.164609,766.21
2064,KB2,ARQ,Default,200,0.1,0,50,203,2.1551,0.158103,742.425
2065,KB2,ARQ,Default,200,0.1,0,50,166,2.0411,0.185185,783.891
2066,KB2,ARQ,Default,200,0.1,0,50,185,2.0739,0.170213,771.493
2067,KB2,ARQ,Default,200,0.1,0,50,175,2.0366,0.177778,785.623
2068,KB2,ARQ,Default,200,0.1,0,50,222,2.1694,0.147059,737.531
2069,KB2,ARQ,Default,200,0.1,0,50,254,2.2558,0.131579,709.283
2070,KB2,ARQ,Default,200,0.1,0,50,164,2.0326,0.186916,787.169
2071,KB2,ARQ,Default,200,0.1,0,50,185,2.1194,0.170213,754.931
2072,KB2,ARQ,Default,200,0.1,0,50,199,2.0958,0.160643,763.432
2073,KB2,ARQ,Default,200,0.1,0,50,161,2.0101,0.189573,795.98
2074,KB2,ARQ,Default,200,0.1,0,50,175,2.0523,0.177778,779.613
2075,KB2,ARQ,Default,200,0.1,0,50,150,1.9971,0.2,801.162
2076,KB2,ARQ,Default,200,0.1,0,50,174,2.0693,0.178571,773.208
2077,KB2,ARQ,Default,200,0.1,0,50,142,1.9624,0.208333,815.328
2078,KB2,ARQ,Default,200,0.1,0,50,181,2.0772,0.17316,770.268
2079,KB2,ARQ,Default,200,0.1,0,50,192,2.0934,0.165289,764.307
2080,KB2,ARQ,Default,200,0.1,0,50,134,1.9402,0.217391,824.657
2081,KB2,ARQ,Default,200,0.1,0,50,156,1.9926,0.194175,802.971
2082,KB2,ARQ,Default,200,0.1,0,50,220,2.1517,0.148148,743.598
2083,KB2,ARQ,Default,200,0.1,0,50,164,2.0333,0.186916,786.898
2084,KB2,ARQ,Default,200,0.1,0,50,136,1.9508,0.215054,820.176
2085,KB2,ARQ,Default,200,0.1,0,50,185,2.0637,0.170213,775.306
2086,KB2,ARQ,Default,200,0.1,0,50,193,2.2261,0.164609,718.746
2087,KB2,ARQ,Default,200,0.1,0,50,208,2.1356,0.155039,749.204
2088,KB2,ARQ,Default,200,0.1,0,50,158,2.0159,0.192308,793.69
2089,KB2,ARQ,Default,200,0.1,0,50,228,2.1954,0.143885,728.797
2090,KB2,ARQ,Default,200,0.1,0,50,165,2.0195,0.186047,792.275
2091,KB2,ARQ,Default,200,0.1,0,50,149,1.9957,0.201005,801.724
2092,KB2,ARQ,Default,200,0.1,0,50,135,1.9472,0.216216,821.693
2093,KB2,ARQ,Default,200,0.1,0,50,209,2.1751,0.15444,735.598
2094,KB2,ARQ,Default,200,0.1,0,50,209,2.1511,0.15444,743.805
2095,KB2,ARQ,Default,200,0.1,0,50,167,2.0371,0.184332,785.43
2096,KB2,ARQ,Default,200,0.1,0,50,179,2.0387,0.174672,784.814
2097,KB2,ARQ,Default,200,0.1,0,50,233,2.1978,0.141343,728.001
2098,KB2,ARQ,Default,200,0.1,0,50,147,1.9907,0.203046,803.737
2099,KB2,ARQ,Default,200,0.1,0,50,177,2.0765,0.176211,770.527
2100,KB2,ARQ,Default,200,0.1,0,50,206,2.1306,0.15625,750.962
2101,KB2,ARQ,Default,200,0.1,0,50,213,2.1424,0.152091,746.826
2102,KB2,ARQ,Default,200,0.1,0,50,189,2.0988,0.167364,762.34
2103,KB2,ARQ,Default,200,0.1,0,50,229,2.19,0.143369,730.594
2104,KB2,ARQ,Default,200,0.1,0,50,162,2.01,0.188679,796.02
2105,KB2,ARQ,Default,200,0.1,0,50,188,2.0829,0.168067,768.16
2106,KB2,ARQ,Default,200,0.1,0,50,156,2.0113,0.194175,795.505
2107,KB2,ARQ,Default,200,0.1,0,50,153,2.0956,0.197044,763.504
2108,KB2,ARQ,Default,200,0.1,0,50,171,2.0304,0.180995,788.022
2109,KB2,ARQ,Default,200,0.1,0,50,194,2.1126,0.163934,757.361
2110,KB2,ARQ,Default,200,0.1,0,50,198,2.061,0.16129,776.322
2111,KB2,ARQ,Default,200,0.1,0,50,188,2.0269,0.168067,789.383
2112,KB2,ARQ,Default,200,0.1,0,50,229,2.1355,0.143369,749.239
2113,KB2,ARQ,Default,200,0.1,0,50,192,2.0487,0.165289,780.983
2114,KB2,ARQ,Default,200,0.1,0,50,182,2.027,0.172414,789.344
2115,KB2,ARQ,Default,200,0.1,0,50,203,2.4031,0.158103,665.807
2116,KB2,ARQ,Default,200,0.1,0,50,180,2.0191,0.173913,792.432
2117,KB2,ARQ,Default,200,0.1,0,50,165,2.0167,0.186047,793.375
2118,KB2,ARQ,Default,200,0.1,0,50,220,2.1457,0.148148,745.677
2119,KB2,ARQ,Default,200,0.1,0,50,163,1.9813,0.187793,807.551
2120,KB2,ARQ,Default,200,0.1,0,50,131,1.9005,0.220994,841.884
2121,KB2,ARQ,Default,200,0.1,0,50,156,1.9715,0.194175,811.565
2122,KB2,ARQ,Default,200,0.1,0,50,227,2.227,0.144404,718.455
2123,KB2,ARQ,Default,200,0.1,0,50,215,2.1192,0.150943,755.002
2124,KB2,ARQ,Default,200,0.1,0,50,212,2.084,0.152672,767.754
2125,KB2,ARQ,Default,200,0.1,0,50,216,2.0824,0.150376,768.344
2126,KB2,ARQ,Default,200,0.1,0,50,182,2.0613,0.172414,776.209
2127,KB2,ARQ,Default,200,0.1,0,50,148,2.1383,0.20202,748.258
2128,KB2,ARQ,Default,200,0.1,0,50,132,2.0975,0.21978,762.813
2129,KB2,ARQ,Default,200,0.1,0,50,208,2.1418,0.155039,747.035
2130,KB2,ARQ,Default,200,0.1,0,50,124,1.9586,0.229885,816.91
2131,KB2,ARQ,Default,200,0.1,0,50,174,2.0925,0.178571,764.636
2132,KB2,ARQ,Default,200,0.1,0,50,145,2.0042,0.205128,798.324
2133,KB2,ARQ,Default,200,0.1,0,50,192,2.1183,0.165289,755.323
2134,KB2,ARQ,Default,200,0.1,0,50,243,2.259,0.136519,708.278
2135,KB2,ARQ,Default,200,0.1,0,50,246,2.8126,0.135135,568.869
2136,KB2,ARQ,Default,200,0.1,0,50,167,2.4449,0.184332,654.423
2137,KB2,ARQ,Default,200,0.1,0,50,159,2.2288,0.191388,717.875
2138,KB2,ARQ,Default,200,0.1,0,50,199,2.2312,0.160643,717.103
2139,KB2,ARQ,Default,200,0.1,0,50,108,1.8871,0.253165,847.862
2140,KB2,ARQ,Default,200,0.1,0,50,151,1.9521,0.199005,819.63
2141,KB2,ARQ,Default,200,0.1,0,50,211,2.0937,0.153257,764.197
2142,KB2,ARQ,Default,200,0.1,0,50,160,2.0739,0.190476,771.493
2143,KB2,ARQ,Default,200,0.1,0,50,207,2.0999,0.155642,761.941
2144,KB2,ARQ,Default,200,0.1,0,50,194,2.0937,0.163934,764.197
2145,KB2,ARQ,Default,200,0.1,0,50,219,2.1076,0.148699,759.157
2146,KB2,ARQ,Default,200,0.1,0,50,151,2.0293,0.199005,788.449
2147,KB2,ARQ,Default,200,0.1,0,50,176,2.0055,0.176991,797.806
2148,KB2,ARQ,Default,200,0.1,0,50,151,1.952,0.199005,819.672
2149,KB2,ARQ,Default,200,0.1,0,50,234,2.21,0.140845,723.982
2150,KB2,ARQ,Default,200,0.1,0,50,184,2.0774,0.17094,770.194
2151,KB2,ARQ,Default,200,0.1,0,50,166,1.9831,0.185185,806.818
2152,KB2,ARQ,Default,200,0.1,0,50,190,2.0514,0.166667,779.955
2153,KB2,ARQ,Default,200,0.1,0,50,147,1.9842,0.203046,806.37
2154,KB2,ARQ,Default,200,0.1,0,50,129,1.91,0.223464,837.696
2155,KB2,ARQ,Default,200,0.1,0,50,188,2.0897,0.168067,765.66
2156,KB2,ARQ,Default,200,0.1,0,50,181,2.0777,0.17316,770.082
2157,KB2,ARQ,Default,200,0.1,0,50,140,2.0658,0.210526,774.518
2158,KB2,ARQ,Default,200,0.1,0,50,174,2.0374,0.178571,785.315
2159,KB2,ARQ,Default,200,0.1,0,50,241,2.21,0.137457,723.982
2160,KB2,ARQ,Default,200,0.1,0,50,146,1.988,0.204082,804.829
2161,KB2,ARQ,Default,200,0.1,0,50,207,2.1279,0.155642,751.915
2162,KB2,ARQ,Default,200,0.1,0,50,182,2.0731,0.172414,771.791
2163,KB2,ARQ,Default,200,0.1,0,50,169,2.0394,0.182648,784.544
2164,KB2,ARQ,Default,200,0.1,0,50,156,2.0618,0.194175,776.021
2165,KB2,ARQ,Default,200,0.1,0,50,156,2.0188,0.194175,792.55
2166,KB2,ARQ,Default,200,0.1,0,50,192,2.0932,0.165289,764.38
2167,KB2,ARQ,Default,200,0.1,0,50,181,2.0642,0.17316,775.119
2168,KB2,ARQ,Default,200,0.1,0,50,178,2.0464,0.175439,781.861
2169,KB2,ARQ,Default,200,0.1,0,50,171,2.0494,0.180995,780.716
2170,KB2,ARQ,Default,200,0.1,0,50,233,2.1929,0.141343,729.627
2171,KB2,ARQ,Default,200,0.1,0,50,122,2.1198,0.232558,754.788
2172,KB2,ARQ,Default,200,0.1,0,50,175,2.0581,0.177778,777.416
2173,KB2,ARQ,Default,200,0.1,0,50,157,2.0007,0.193237,799.72
2174,KB2,ARQ,Default,200,0.1,0,50,218,2.1684,0.149254,737.871
2175,KB2,ARQ,Default,200,0.1,0,50,85,1.8365,0.296296,871.222
2176,KB2,ARQ,Default,200,0.1,0,50,182,2.0975,0.172414,762.813
2177,KB2,ARQ,Default,200,0.1,0,50,143,2.0151,0.207254,794.005
2178,KB2,ARQ,Default,200,0.1,0,50,217,2.2237,0.149813,719.522
2179,KB2,ARQ,Default,200,0.1,0,50,132,1.957,0.21978,817.578
2180,KB2,ARQ,Default,200,0.1,0,50,185,2.0861,0.170213,766.981
2181,KB2,ARQ,Default,200,0.1,0,50,205,2.1482,0.156863,744.81
2182,KB2,ARQ,Default,200,0.1,0,50,164,2.0399,0.186916,784.352
2183,KB2,ARQ,Default,200,0.1,0,50,202,2.1186,0.15873,755.216
2184,KB2,ARQ,Default,200,0.1,0,50,182,2.062,0.172414,775.946
2185,KB2,ARQ,Default,200,0.1,0,50,202,2.5333,0.15873,631.587
2186,KB2,ARQ,Default,200,0.1,0,50,205,2.1692,0.156863,737.599
2187,KB2,ARQ,Default,200,0.1,0,50,211,2.1392,0.153257,747.943
2188,KB2,ARQ,Default,200,0.1,0,50,165,2.0268,0.186047,789.422
2189,KB2,ARQ,Default,200,0.1,0,50,207,2.1487,0.155642,744.636
2190,KB2,ARQ,Default,200,0.1,0,50,144,2.0035,0.206186,798.602
2191,KB2,ARQ,Default,200,0.1,0,50,207,2.1358,0.155642,749.134
2192,KB2,ARQ,Default,200,0.1,0,50,130,1.9519,0.222222,819.714
2193,KB2,ARQ,Default,200,0.1,0,50,177,2.0771,0.176211,770.305
2194,KB2,ARQ,Default,200,0.1,0,50,179,2.0582,0.174672,777.378
2195,KB2,ARQ,Default,200,0.1,0,50,183,2.0742,0.171674,771.382
2196,KB2,ARQ,Default,200,0.1,0,50,215,2.1525,0.150943,743.322
2197,KB2,ARQ,Default,200,0.1,0,50,156,2.0026,0.194175,798.961
2198,KB2,ARQ,Default,200,0.1,0,50,165,2.0302,0.186047,788.1
2199,KB2,ARQ,Default,200,0.1,0,50,194,2.1005,0.163934,761.723
2200,KB2,ARQ,Default,200,0.1,0,50,160,2.056,0.190476,778.21
2201,KB2,ARQ,Default,200,0.1,0,50,157,2.0211,0.193237,791.648
2202,KB2,ARQ,Default,200,0.1,0,50,142,1.9781,0.208333,808.857
2203,KB2,ARQ,Default,200,0.1,0,50,233,2.1857,0.141343,732.031
2204,KB2,ARQ,Default,200,0.1,0,50,188,2.0828,0.168067,768.197
2205,KB2,ARQ,Default,200,0.1,0,50,150,1.9869,0.2,805.275
2206,KB2,ARQ,Default,200,0.1,0,50,168,2.0423,0.183486,783.43
2207,KB2,ARQ,Default,200,0.1,0,50,140,2.0172,0.210526,793.179
2208,KB2,ARQ,Default,200,0.1,0,50,169,2.0305,0.182648,787.983
2209,KB2,ARQ,Default,200,0.1,0,50,214,2.138,0.151515,748.363
2210,KB2,ARQ,Default,200,0.1,0,50,222,2.166,0.147059,738.689
2211,KB2,ARQ,Default,200,0.1,0,50,136,1.9619,0.215054,815.536
2212,KB2,ARQ,Default,200,0.1,0,50,180,2.0675,0.173913,773.881
2213,KB2,ARQ,Default,200,0.1,0,50,186,2.1001,0.169492,761.868
2214,KB2,ARQ,Default,200,0.1,0,50,199,2.1409,0.160643,747.349
2215,KB2,ARQ,Default,200,0.1,0,50,160,2.017,0.190476,793.257
2216,KB2,ARQ,Default,200,0.1,0,50,167,2.0318,0.184332,787.479
2217,KB2,ARQ,Default,200,0.1,0,50,178,2.0755,0.175439,770.899
2218,KB2,ARQ,Default,200,0.1,0,50,166,2.0481,0.185185,781.212
2219,KB2,ARQ,Default,200,0.1,0,50,166,2.5141,0.185185,636.411
2220,KB2,ARQ,Default,200,0.1,0,50,163,2.0378,0.187793,785.16
2221,KB2,ARQ,Default,200,0.1,0,50,198,2.1375,0.16129,748.538
2222,KB2,ARQ,Default,200,0.1,0,50,199,2.1199,0.160643,754.753
2223,KB2,ARQ,Default,200,0.1,0,50,176,2.0745,0.176991,771.27
2224,KB2,ARQ,Default,200,0.1,0,50,216,2.1724,0.150376,736.513
2225,KB2,ARQ,Default,200,0.1,0,50,153,2.0163,0.197044,793.533
2226,KB2,ARQ,Default,200,0.1,0,50,193,2.1465,0.164609,745.399
2227,KB2,ARQ,Default,200,0.1,0,50,192,2.1117,0.165289,757.683
2228,KB2,ARQ,Default,200,0.1,0,50,150,2.2556,0.2,709.346
2229,KB2,ARQ,Default,200,0.1,0,50,179,2.0618,0.174672,776.021
2230,KB2,ARQ,Default,200,0.1,0,50,209,2.1753,0.15444,735.531
2231,KB2,ARQ,Default,200,0.1,0,50,150,2.0426,0.2,783.315
2232,KB2,ARQ,Default,200,0.1,0,50,227,2.1748,0.144404,735.7
2233,KB2,ARQ,Default,200,0.1,0,50,201,2.1174,0.159363,755.644
2234,KB2,ARQ,Default,200,0.1,0,50,196,2.1149,0.162602,756.537
2235,KB2,ARQ,Default,200,0.1,0,50,187,2.0907,0.168776,765.294
2236,KB2,ARQ,Default,200,0.1,0,50,221,2.1801,0.147601,733.911
2237,KB2,ARQ,Default,200,0.1,0,50,164,2.0305,0.186916,787.983
2238,KB2,ARQ,Default,200,0.1,0,50,195,2.2224,0.163265,719.942
2239,KB2,ARQ,Default,200,0.1,0,50,180,2.1038,0.173913,760.529
2240,KB2,ARQ,Default,200,0.1,0,50,152,2.0135,0.19802,794.636
2241,KB2,ARQ,Default,200,0.1,0,50,140,1.9593,0.210526,816.618
2242,KB2,ARQ,Default,200,0.1,0,50,180,2.1485,0.173913,744.706
2243,KB2,ARQ,Default,200,0.1,0,50,214,2.2186,0.151515,721.176
2244,KB2,ARQ,Default,200,0.1,0,50,160,2.0902,0.190476,765.477
2245,KB2,ARQ,Default,200,0.1,0,50,114,1.9655,0.243902,814.042
2246,KB2,ARQ,Default,200,0.1,0,50,183,2.1022,0.171674,761.107
2247,KB2,ARQ,Default,200,0.1,0,50,212,2.1551,0.152672,742.425
2248,KB2,ARQ,Default,200,0.1,0,50,175,2.0654,0.177778,774.668
2249,KB2,ARQ,Default,200,0.1,0,50,140,2.2581,0.210526,708.56
2250,KB2,ARQ,Default,200,0.1,0,50,109,1.8914,0.251572,845.934
2251,KB2,ARQ,Default,200,0.1,0,50,200,2.1159,0.16,756.179
2252,KB2,ARQ,Default,200,0.1,0,50,216,2.1537,0.150376,742.908
2253,KB2,ARQ,Default,200,0.1,0,50,138,1.9648,0.212766,814.332
2254,KB2,ARQ,Default,200,0.1,0,50,205,2.1336,0.156863,749.906
2255,KB2,ARQ,Default,200,0.1,0,50,179,2.0618,0.174672,776.021
2256,KB2,ARQ,Default,200,0.1,0,50,232,2.2374,0.141844,715.116
2257,KB2,ARQ,Default,200,0.1,0,50,216,2.1625,0.150376,739.884
2258,KB2,ARQ,Default,200,0.1,0,50,190,2.097,0.166667,762.995
2259,KB2,ARQ,Default,200,0.1,0,50,193,2.1058,0.164609,759.806
2260,KB2,ARQ,Default,200,0.1,0,50,161,2.0307,0.189573,787.906
2261,KB2,ARQ,Default,200,0.1,0,50,185,2.0755,0.170213,770.899
2262,KB2,ARQ,Default,200,0.1,0,50,193,2.0992,0.164609,762.195
2263,KB2,ARQ,Default,200,0.1,0,50,173,2.0572,0.179372,777.756
2264,KB2,ARQ,Default,200,0.1,0,50,175,2.0766,0.177778,770.49
2265,KB2,ARQ,Default,200,0.1,0,50,210,2.1936,0.153846,729.395
2266,KB2,ARQ,Default,200,0.1,0,50,183,2.0796,0.171674,769.379
2267,KB2,ARQ,Default,200,0.1,0,50,172,2.0531,0.18018,779.309
2268,KB2,ARQ,Default,200,0.1,0,50,173,2.0337,0.179372,786.743
2269,KB2,ARQ,Default,200,0.1,0,50,210,2.1399,0.153846,747.698
2270,KB2,ARQ,Default,200,0.1,0,50,157,2.0515,0.193237,779.917
2271,KB2,ARQ,Default,200,0.1,0,50,200,2.1139,0.16,756.895
2272,KB2,ARQ,Default,200,0.1,0,50,210,2.1235,0.153846,753.473
2273,KB2,ARQ,Default,200,0.1,0,50,217,2.1623,0.149813,739.953
2274,KB2,ARQ,Default,200,0.1,0,50,140,1.966,0.210526,813.835
2275,KB2,ARQ,Default,200,0.1,0,50,131,1.9479,0.220994,821.397
2276,KB2,ARQ,Default,200,0.1,0,50,90,1.8592,0.285714,860.585
2277,KB2,ARQ,Default,200,0.1,0,50,158,2.0564,0.192308,778.059
2278,KB2,ARQ,Default,200,0.1,0,50,190,2.1125,0.166667,757.396
2279,KB2,ARQ,Default,200,0.1,0,50,208,2.1363,0.155039,748.958
2280,KB2,ARQ,Default,200,0.1,0,50,191,2.1009,0.165975,761.578
2281,KB2,ARQ,Default,200,0.1,0,50,200,2.1212,0.16,754.29
2282,KB2,ARQ,Default,200,0.1,0,50,184,2.0803,0.17094,769.12
2283,KB2,ARQ,Default,200,0.1,0,50,166,2.0332,0.185185,786.937
2284,KB2,ARQ,Default,200,0.1,0,50,172,2.091,0.18018,765.184
2285,KB2,ARQ,Default,200,0.1,0,50,66,1.7987,0.344828,889.531
2286,KB2,ARQ,Default,200,0.1,0,50,210,2.1395,0.153846,747.838
2287,KB2,ARQ,Default,200,0.1,0,50,130,1.9375,0.222222,825.806
2288,KB2,ARQ,Default,200,0.1,0,50,158,2.0127,0.192308,794.952
2289,KB2,ARQ,Default,200,0.1,0,50,230,2.1927,0.142857,729.694
2290,KB2,ARQ,Default,200,0.1,0,50,150,1.9846,0.2,806.208
2291,KB2,ARQ,Default,200,0.1,0,50,193,2.2508,0.164609,710.858
2292,KB2,ARQ,Default,200,0.1,0,50,182,2.0705,0.172414,772.76
2293,KB2,ARQ,Default,200,0.1,0,50,193,2.1108,0.164609,758.006
2294,KB2,ARQ,Default,200,0.1,0,50,211,2.1398,0.153257,747.733
2295,KB2,ARQ,Default,200,0.1,0,50,162,2.0489,0.188679,780.907
2296,KB2,ARQ,Default,200,0.1,0,50,132,1.9297,0.21978,829.144
2297,KB2,ARQ,Default,200,0.1,0,50,74,1.8075,0.322581,885.201
2298,KB2,ARQ,Default,200,0.1,0,50,157,2.0601,0.193237,776.661
2299,KB2,ARQ,Default,200,0.1,0,50,201,2.1031,0.159363,760.782
2300,KB2,ARQ,Default,200,0.1,0,50,217,2.1736,0.149813,736.106
2301,KB2,ARQ,Default,200,0.1,0,50,230,2.1925,0.142857,729.761
2302,KB2,ARQ,Default,200,0.1,0,50,238,2.2102,0.138889,723.916
2303,KB2,ARQ,Default,200,0.1,0,50,181,2.0649,0.17316,774.856
2304,KB2,ARQ,Default,200,0.1,0,50,180,2.0742,0.173913,771.382
2305,KB2,ARQ,Default,200,0.1,0,50,250,2.3579,0.133333,678.57
2306,KB2,ARQ,Default,200,0.1,0,50,174,2.0593,0.178571,776.963
2307,KB2,ARQ,Default,200,0.1,0,50,151,1.9873,0.199005,805.112
2308,KB2,ARQ,Default,200,0.1,0,50,179,2.0819,0.174672,768.529
2309,KB2,ARQ,Default,200,0.1,0,50,182,2.07,0.172414,772.947
2310,KB2,ARQ,Default,200,0.1,0,50,142,1.9697,0.208333,812.306
2311,KB2,ARQ,Default,200,0.1,0,50,187,2.0804,0.168776,769.083
2312,KB2,ARQ,Default,200,0.1,0,50,158,2.0196,0.192308,792.236
2313,KB2,ARQ,Default,200,0.1,0,50,158,2.0439,0.192308,782.817
2314,KB2,ARQ,Default,200,0.1,0,50,237,2.5342,0.139373,631.363
2315,KB2,ARQ,Default,200,0.1,0,50,169,2.0371,0.182648,785.43
2316,KB2,ARQ,Default,200,0.1,0,50,200,2.1207,0.16,754.468
2317,KB2,ARQ,Default,200,0.1,0,50,192,2.1072,0.165289,759.301
2318,KB2,ARQ,Default,200,0.1,0,50,129,1.9794,0.223464,808.326
2319,KB2,ARQ,Default,200,0.1,0,50,227,2.1992,0.144404,727.537
2320,KB2,ARQ,Default,200,0.1,0,50,142,2.0201,0.208333,792.04
2321,KB2,ARQ,Default,200,0.1,0,50,204,3.2575,0.15748,491.174
2322,KB2,ARQ,Default,200,0.1,0,50,146,2.4717,0.204082,647.328
2323,KB2,ARQ,Default,200,0.1,0,50,129,1.9413,0.223464,824.19
2324,KB2,ARQ,Default,200,0.1,0,50,168,2.0576,0.183486,777.605
2325,KB2,ARQ,Default,200,0.1,0,50,187,2.2454,0.168776,712.568
2326,KB2,ARQ,Default,200,0.1,0,50,187,2.4256,0.168776,659.631
2327,KB2,ARQ,Default,200,0.1,0,50,217,2.1481,0.149813,744.844
2328,KB2,ARQ,Default,200,0.1,0,50,195,2.0826,0.163265,768.27
2329,KB2,ARQ,Default,200,0.1,0,50,193,2.1741,0.164609,735.937
2330,KB2,ARQ,Default,200,0.1,0,50,171,2.0448,0.180995,782.473
2331,KB2,ARQ,Default,200,0.1,0,50,191,2.0667,0.165975,774.181
2332,KB2,ARQ,Default,200,0.1,0,50,238,2.1776,0.138889,734.754
2333,KB2,ARQ,Default,200,0.1,0,50,151,1.9605,0.199005,816.118
2334,KB2,ARQ,Default,200,0.1,0,50,167,1.9979,0.184332,800.841
2335,KB2,ARQ,Default,200,0.1,0,50,182,2.049,0.172414,780.869
2336,KB2,ARQ,Default,200,0.1,0,50,167,2.0722,0.184332,772.126
2337,KB2,ARQ,Default,200,0.1,0,50,177,2.0536,0.176211,779.12
2338,KB2,ARQ,Default,200,0.1,0,50,198,2.0805,0.16129,769.046
2339,KB2,ARQ,Default,200,0.1,0,50,194,2.0635,0.163934,775.382
2340,KB2,ARQ,Default,200,0.1,0,50,183,2.0328,0.171674,787.092
2341,KB2,ARQ,Default,200,0.1,0,50,123,1.8877,0.231214,847.592
2342,KB2,ARQ,Default,200,0.1,0,50,143,1.9437,0.207254,823.172
2343,KB2,ARQ,Default,200,0.1,0,50,206,2.0954,0.15625,763.577
2344,KB2,ARQ,Default,200,0.1,0,50,192,2.1113,0.165289,757.827
2345,KB2,ARQ,Default,200,0.1,0,50,174,2.0244,0.178571,790.358
2346,KB2,ARQ,Default,200,0.1,0,50,137,1.9152,0.213904,835.422
2347,KB2,ARQ,Default,200,0.1,0,50,235,2.159,0.140351,741.084
2348,KB2,ARQ,Default,200,0.1,0,50,222,2.1332,0.147059,750.047
2349,KB2,ARQ,Default,200,0.1,0,50,223,2.1413,0.14652,747.21
2350,KB2,ARQ,Default,200,0.1,0,50,212,2.0986,0.152672,762.413
2351,KB2,ARQ,Default,200,0.1,0,50,192,2.0869,0.165289,766.687
2352,KB2,ARQ,Default,200,0.1,0,50,155,2.012,0.195122,795.229
2353,KB2,ARQ,Default,200,0.1,0,50,196,2.0762,0.162602,770.639
2354,KB2,ARQ,Default,200,0.1,0,50,147,2.0096,0.203046,796.178
2355,KB2,ARQ,Default,200,0.1,0,50,177,2.0237,0.176211,790.631
2356,KB2,ARQ,Default,200,0.1,0,50,220,2.1302,0.148148,751.103
2357,KB2,ARQ,Default,200,0.1,0,50,241,2.1679,0.137457,738.041
2358,KB2,ARQ,Default,200,0.1,0,50,148,1.9572,0.20202,817.494
2359,KB2,ARQ,Default,200,0.1,0,50,177,2.013,0.176211,794.834
2360,KB2,ARQ,Default,200,0.1,0,50,114,1.8725,0.243902,854.473
2361,KB2,ARQ,Default,200,0.1,0,50,228,2.1408,0.143885,747.384
2362,KB2,ARQ,Default,200,0.1,0,50,193,2.0666,0.164609,774.219
2363,KB2,ARQ,Default,200,0.1,0,50,160,1.9823,0.190476,807.143
2364,KB2,ARQ,Default,200,0.1,0,50,161,1.9712,0.189573,811.688
2365,KB2,ARQ,Default,200,0.1,0,50,208,2.0977,0.155039,762.74
2366,KB2,ARQ,Default,200,0.1,0,50,227,2.1515,0.144404,743.667
2367,KB2,ARQ,Default,200,0.1,0,50,196,2.0651,0.162602,774.781
2368,KB2,ARQ,Default,200,0.1,0,50,212,2.1128,0.152672,757.289
2369,KB2,ARQ,Default,200,0.1,0,50,171,2.0655,0.180995,774.631
2370,KB2,ARQ,Default,200,0.1,0,50,149,1.9692,0.201005,812.513
2371,KB2,ARQ,Default,200,0.1,0,50,202,2.0903,0.15873,765.44
2372,KB2,ARQ,Default,200,0.1,0,50,201,2.0825,0.159363,768.307
2373,KB2,ARQ,Default,200,0.1,0,50,206,2.1007,0.15625,761.651
2374,KB2,ARQ,Default,200,0.1,0,50,179,2.0279,0.174672,788.994
2375,KB2,ARQ,Default,200,0.1,0,50,163,1.9897,0.187793,804.141
2376,KB2,ARQ,Default,200,0.1,0,50,219,2.201,0.148699,726.942
2377,KB2,ARQ,Default,200,0.1,0,50,201,2.0889,0.159363,765.953
2378,KB2,ARQ,Default,200,0.1,0,50,172,2.012,0.18018,795.229
2379,KB2,ARQ,Default,200,0.1,0,50,188,2.0596,0.168067,776.85
2380,KB2,ARQ,Default,200,0.1,0,50,190,2.0565,0.166667,778.021
2381,KB2,ARQ,Default,200,0.1,0,50,164,1.9893,0.186916,804.303
2382,KB2,ARQ,Default,200,0.1,0,50,114,1.8627,0.243902,858.968
2383,KB2,ARQ,Default,200,0.1,0,50,156,2.0483,0.194175,781.136
2384,KB2,ARQ,Default,200,0.1,0,50,139,1.9435,0.21164,823.257
2385,KB2,ARQ,Default,200,0.1,0,50,172,2.0806,0.18018,769.009
2386,KB2,ARQ,Default,200,0.1,0,50,192,2.0702,0.165289,772.872
2387,KB2,ARQ,Default,200,0.1,0,50,131,1.9103,0.220994,837.565
2388,KB2,ARQ,Default,200,0.1,0,50,167,2.0057,0.184332,797.726
2389,KB2,ARQ,Default,200,0.1,0,50,192,2.0746,0.165289,771.233
2390,KB2,ARQ,Default,200,0.1,0,50,178,2.1722,0.175439,736.58
2391,KB2,ARQ,Default,200,0.1,0,50,186,2.1665,0.169492,738.518
2392,KB2,ARQ,Default,200,0.1,0,50,134,1.9555,0.217391,818.205
2393,KB2,ARQ,Default,200,0.1,0,50,190,2.0704,0.166667,772.798
2394,KB2,ARQ,Default,200,0.1,0,50,132,1.9442,0.21978,822.961
2395,KB2,ARQ,Default,200,0.1,0,50,212,2.1072,0.152672,759.301
2396,KB2,ARQ,Default,200,0.1,0,50,192,2.0555,0.165289,778.399
2397,KB2,ARQ,Default,200,0.1,0,50,153,1.9714,0.197044,811.606
2398,KB2,ARQ,Default,200,0.1,0,50,168,2.0015,0.183486,799.4
2399,KB2,ARQ,Default,200,0.1,0,50,209,2.095,0.15444,763.723
2400,KB2,ARQ,Default,200,0.1,0,50,53,1.7215,0.38835,929.422
2401,KB2,ARQ,Default,200,0.1,0,50,187,2.0587,0.168776,777.189
2402,KB2,ARQ,Default,200,0.1,0,50,106,1.8559,0.25641,862.115
2403,KB2,ARQ,Default,200,0.1,0,50,172,2.0034,0.18018,798.642
2404,KB2,ARQ,Default,200,0.1,0,50,164,1.9799,0.186916,808.122
2405,KB2,ARQ,Default,200,0.1,0,50,143,1.985,0.207254,806.045
2406,KB2,ARQ,Default,200,0.1,0,50,158,1.984,0.192308,806.452
2407,KB2,ARQ,Default,200,0.1,0,50,158,1.9895,0.192308,804.222
2408,KB2,ARQ,Default,200,0.1,0,50,181,2.0314,0.17316,787.634
2409,KB2,ARQ,Default,200,0.1,0,50,148,1.9528,0.20202,819.336
2410,KB2,ARQ,Default,200,0.1,0,50,193,2.0454,0.164609,782.243
2411,KB2,ARQ,Default,200,0.1,0,50,155,1.9619,0.195122,815.536
2412,KB2,ARQ,Default,200,0.1,0,50,153,2.0565,0.197044,778.021
2413,KB2,ARQ,Default,200,0.1,0,50,170,2.008,0.181818,796.813
2414,KB2,ARQ,Default,200,0.1,0,50,142,1.9437,0.208333,823.172
2415,KB2,ARQ,Default,200,0.1,0,50,184,2.0615,0.17094,776.134
2416,KB2,ARQ,Default,200,0.1,0,50,184,2.0323,0.17094,787.285
2417,KB2,ARQ,Default,200,0.1,0,50,152,1.9479,0.19802,821.397
2418,KB2,ARQ,Default,200,0.1,0,50,200,2.0785,0.16,769.786
2419,KB2,ARQ,Default,200,0.1,0,50,188,2.0786,0.168067,769.749
2420,KB2,ARQ,Default,200,0.1,0,50,164,2.0025,0.186916,799.001
2421,KB2,ARQ,Default,200,0.1,0,50,147,1.9494,0.203046,820.765
2422,KB2,ARQ,Default,200,0.1,0,50,155,1.9781,0.195122,808.857
2423,KB2,ARQ,Default,200,0.1,0,50,132,1.9044,0.21978,840.16
2424,KB2,ARQ,Default,200,0.1,0,50,170,2.0046,0.181818,798.164
2425,KB2,ARQ,Default,200,0.1,0,50,125,1.8961,0.228571,843.837
2426,KB2,ARQ,Default,200,0.1,0,50,200,2.0768,0.16,770.416
2427,KB2,ARQ,Default,200,0.1,0,50,186,2.1014,0.169492,761.397
2428,KB2,ARQ,Default,200,0.1,0,50,165,1.9948,0.186047,802.085
2429,KB2,ARQ,Default,200,0.1,0,50,154,1.9778,0.196078,808.98
2430,KB2,ARQ,Default,200,0.1,0,50,162,1.9813,0.188679,807.551
2431,KB2,ARQ,Default,200,0.1,0,50,188,2.06,0.168067,776.699
2432,KB2,ARQ,Default,200,0.1,0,50,161,1.981,0.189573,807.673
2433,KB2,ARQ,Default,200,0.1,0,50,185,2.0845,0.170213,767.57
2434,KB2,ARQ,Default,200,0.1,0,50,135,1.9629,0.216216,815.12
2435,KB2,ARQ,Default,200,0.1,0,50,225,2.1407,0.145455,747.419
2436,KB2,ARQ,Default,200,0.1,0,50,195,2.076,0.163265,770.713
2437,KB2,ARQ,Default,200,0.1,0,50,206,2.0992,0.15625,762.195
2438,KB2,ARQ,Default,200,0.1,0,50,189,2.0623,0.167364,775.833
2439,KB2,ARQ,Default,200,0.1,0,50,126,1.8993,0.227273,842.416
2440,KB2,ARQ,Default,200,0.1,0,50,210,2.0991,0.153846,762.231
2441,KB2,ARQ,Default,200,0.1,0,50,116,1.9246,0.240964,831.342
2442,KB2,ARQ,Default,200,0.1,0,50,197,2.0871,0.161943,766.614
2443,KB2,ARQ,Default,200,0.1,0,50,195,2.0687,0.163265,773.433
2444,KB2,ARQ,Default,200,0.1,0,50,104,1.8426,0.25974,868.338
2445,KB2,ARQ,Default,200,0.1,0,50,96,1.8252,0.273973,876.616
2446,KB2,ARQ,Default,200,0.1,0,50,172,2.0203,0.18018,791.962
2447,KB2,ARQ,Default,200,0.1,0,50,186,2.034,0.169492,786.627
2448,KB2,ARQ,Default,200,0.1,0,50,133,1.922,0.218579,832.466
2449,KB2,ARQ,Default,200,0.1,0,50,170,2.0018,0.181818,799.281
2450,KB2,ARQ,Default,200,0.1,0,50,212,2.1029,0.152672,760.854
2451,KB2,ARQ,Default,200,0.1,0,50,220,2.1206,0.148148,754.503
2452,KB2,ARQ,Default,200,0.1,0,50,180,2.0241,0.173913,790.475
2453,KB2,ARQ,Default,200,0.1,0,50,138,1.9408,0.212766,824.402
2454,KB2,ARQ,Default,200,0.1,0,50,150,1.9533,0.2,819.127
2455,KB2,ARQ,Default,200,0.1,0,50,118,2.1796,0.238095,734.08
2456,KB2,ARQ,Default,200,0.1,0,50,196,2.0693,0.162602,773.208
2457,KB2,ARQ,Default,200,0.1,0,50,152,1.9532,0.19802,819.169
2458,KB2,ARQ,Default,200,0.1,0,50,186,2.0615,0.169492,776.134
2459,KB2,ARQ,Default,200,0.1,0,50,176,2.0208,0.176991,791.766
2460,KB2,ARQ,Default,200,0.1,0,50,211,2.0991,0.153257,762.231
2461,KB2,ARQ,Default,200,0.1,0,50,197,2.0822,0.161943,768.418
2462,KB2,ARQ,Default,200,0.1,0,50,138,1.9328,0.212766,827.815
2463,KB2,ARQ,Default,200,0.1,0,50,219,2.1309,0.148699,750.856
2464,KB2,ARQ,Default,200,0.1,0,50,160,1.982,0.190476,807.265
2465,KB2,ARQ,Default,200,0.1,0,50,146,1.9461,0.204082,822.157
2466,KB2,ARQ,Default,200,0.1,0,50,169,1.997,0.182648,801.202
2467,KB2,ARQ,Default,200,0.1,0,50,148,1.9483,0.20202,821.229
2468,KB2,ARQ,Default,200,0.1,0,50,234,2.1667,0.140845,738.45
2469,KB2,ARQ,Default,200,0.1,0,50,161,2.0001,0.189573,799.96
2470,KB2,ARQ,Default,200,0.1,0,50,217,2.2818,0.149813,701.201
2471,KB2,ARQ,Default,200,0.1,0,50,125,1.8865,0.228571,848.131
2472,KB2,ARQ,Default,200,0.1,0,50,128,1.9016,0.224719,841.397
2473,KB2,ARQ,Default,200,0.1,0,50,134,1.9156,0.217391,835.247
2474,KB2,ARQ,Default,200,0.1,0,50,173,2.0201,0.179372,792.04
2475,KB2,ARQ,Default,200,0.1,0,50,141,1.9335,0.209424,827.515
2476,KB2,ARQ,Default,200,0.1,0,50,184,2.0343,0.17094,786.511
2477,KB2,ARQ,Default,200,0.1,0,50,123,1.9464,0.231214,822.03
2478,KB2,ARQ,Default,200,0.1,0,50,164,1.9869,0.186916,805.275
2479,KB2,ARQ,Default,200,0.1,0,50,151,1.9665,0.199005,813.628
2480,KB2,ARQ,Default,200,0.1,0,50,200,2.0822,0.16,768.418
2481,KB2,ARQ,Default,200,0.1,0,50,189,2.0514,0.167364,779.955
2482,KB2,ARQ,Default,200,0.1,0,50,151,1.9577,0.199005,817.286
2483,KB2,ARQ,Default,200,0.1,0,50,160,1.9898,0.190476,804.101
2484,KB2,ARQ,Default,200,0.1,0,50,187,2.045,0.168776,782.396
2485,KB2,ARQ,Default,200,0.1,0,50,200,2.1281,0.16,751.844
2486,KB2,ARQ,Default,200,0.1,0,50,184,2.0535,0.17094,779.158
2487,KB2,ARQ,Default,200,0.1,0,50,180,2.0322,0.173913,787.324
2488,KB2,ARQ,Default,200,0.1,0,50,127,1.8977,0.225989,843.126
2489,KB2,ARQ,Default,200,0.1,0,50,171,2.0069,0.180995,797.249
2490,KB2,ARQ,Default,200,0.1,0,50,174,2.0225,0.178571,791.1
2491,KB2,ARQ,Default,200,0.1,0,50,142,1.934,0.208333,827.301
2492,KB2,ARQ,Default,200,0.1,0,50,155,2.0916,0.195122,764.965
2493,KB2,ARQ,Default,200,0.1,0,50,206,2.0983,0.15625,762.522
2494,KB2,ARQ,Default,200,0.1,0,50,191,2.0591,0.165975,777.039
2495,KB2,ARQ,Default,200,0.1,0,50,171,1.9982,0.180995,800.721
2496,KB2,ARQ,Default,200,0.1,0,50,210,2.0961,0.153846,763.322
2497,KB2,ARQ,Default,200,0.1,0,50,163,1.9975,0.187793,801.001
2498,KB2,ARQ,Default,200,0.1,0,50,144,1.9481,0.206186,821.313
2499,KB2,ARQ,Default,200,0.1,0,50,181,2.0225,0.17316,791.1
2500,KB2,ARQ,Default,200,0.1,0,50,237,2.1683,0.139373,737.905
2501,KB2,ARQ,Default,200,0.1,0,50,119,1.8813,0.236686,850.476
2502,KB2,ARQ,Default,200,0.1,0,50,141,1.9361,0.209424,826.404
2503,KB2,ARQ,Default,200,0.1,0,50,187,2.0376,0.168776,785.238
2504,KB2,ARQ,Default,200,0.1,0,50,189,2.0485,0.167364,781.059
2505,KB2,ARQ,Default,200,0.1,0,50,222,2.1418,0.147059,747.035
2506,KB2,ARQ,Default,200,0.1,0,50,227,2.138,0.144404,748.363
2507,KB2,ARQ,Default,200,0.1,0,50,187,2.0977,0.168776,762.74
2508,KB2,ARQ,Default,200,0.1,0,50,109,1.8594,0.251572,860.493
2509,KB2,ARQ,Default,200,0.1,0,50,212,2.112,0.152672,757.576
2510,KB2,ARQ,Default,200,0.1,0,50,171,2.0182,0.180995,792.786
2511,KB2,ARQ,Default,200,0.1,0,50,218,2.1126,0.149254,757.361
2512,KB2,ARQ,Default,200,0.1,0,50,127,1.8965,0.225989,843.659
2513,KB2,ARQ,Default,200,0.1,0,50,173,2.0191,0.179372,792.432
2514,KB2,ARQ,Default,200,0.1,0,50,203,2.1277,0.158103,751.986
2515,KB2,ARQ,Default,200,0.1,0,50,200,2.084,0.16,767.754
2516,KB2,ARQ,Default,200,0.1,0,50,200,2.074,0.16,771.456
2517,KB2,ARQ,Default,200,0.1,0,50,177,2.0135,0.176211,794.636
2518,KB2,ARQ,Default,200,0.1,0,50,196,2.0688,0.162602,773.395
2519,KB2,ARQ,Default,200,0.1,0,50,176,2.0237,0.176991,790.631
2520,KB2,ARQ,Default,200,0.1,0,50,192,2.0524,0.165289,779.575
2521,KB2,ARQ,Default,200,0.1,0,50,175,2.0161,0.177778,793.611
2522,KB2,ARQ,Default,200,0.1,0,50,173,2.0133,0.179372,794.715
2523,KB2,ARQ,Default,200,0.1,0,50,223,2.1312,0.14652,750.751
2524,KB2,ARQ,Default,200,0.1,0,50,135,1.9192,0.216216,833.681
2525,KB2,ARQ,Default,200,0.1,0,50,158,1.9679,0.192308,813.049
2526,KB2,ARQ,Default,200,0.1,0,50,200,2.0299,0.16,788.216
2527,KB2,ARQ,Default,200,0.1,0,50,153,1.9242,0.197044,831.514
2528,KB2,ARQ,Default,200,0.1,0,50,211,2.067,0.153257,774.069
2529,KB2,ARQ,Default,200,0.1,0,50,164,2.0192,0.186916,792.393
2530,KB2,ARQ,Default,200,0.1,0,50,129,1.8633,0.223464,858.692
2531,KB2,ARQ,Default,200,0.1,0,50,192,1.9989,0.165289,800.44
2532,KB2,ARQ,Default,200,0.1,0,50,187,2.0186,0.168776,792.629
2533,KB2,ARQ,Default,200,0.1,0,50,151,1.9515,0.199005,819.882
2534,KB2,ARQ,Default,200,0.1,0,50,232,2.1186,0.141844,755.216
2535,KB2,ARQ,Default,200,0.1,0,50,192,2.0057,0.165289,797.726
2536,KB2,ARQ,Default,200,0.1,0,50,128,1.8439,0.224719,867.726
2537,KB2,ARQ,Default,200,0.1,0,50,162,2.0738,0.188679,771.531
2538,KB2,ARQ,Default,200,0.1,0,50,140,1.8819,0.210526,850.205
2539,KB2,ARQ,Default,200,0.1,0,50,162,1.9354,0.188679,826.702
2540,KB2,ARQ,Default,200,0.1,0,50,208,2.047,0.155039,781.632
2541,KB2,ARQ,Default,200,0.1,0,50,150,1.9138,0.2,836.033
2542,KB2,ARQ,Default,200,0.1,0,50,200,2.0368,0.16,785.546
2543,KB2,ARQ,Default,200,0.1,0,50,172,2.0081,0.18018,796.773
2544,KB2,ARQ,Default,200,0.1,0,50,168,2.0245,0.183486,790.319
2545,KB2,ARQ,Default,200,0.1,0,50,111,1.8324,0.248447,873.172
2546,KB2,ARQ,Default,200,0.1,0,50,202,2.0304,0.15873,788.022
2547,KB2,ARQ,Default,200,0.1,0,50,235,2.1921,0.140351,729.894
2548,KB2,ARQ,Default,200,0.1,0,50,146,1.901,0.204082,841.662
2549,KB2,ARQ,Default,200,0.1,0,50,200,2.0278,0.16,789.032
2550,KB2,ARQ,Default,200,0.1,0,50,161,1.9383,0.189573,825.466
2551,KB2,ARQ,Default,200,0.1,0,50,173,2.0043,0.179372,798.284
2552,KB2,ARQ,Default,200,0.1,0,50,137,1.9096,0.213904,837.872
2553,KB2,ARQ,Default,200,0.1,0,50,243,2.1356,0.136519,749.204
2554,KB2,ARQ,Default,200,0.1,0,50,188,2.1069,0.168067,759.41
2555,KB2,ARQ,Default,200,0.1,0,50,147,1.8869,0.203046,847.952
2556,KB2,ARQ,Default,200,0.1,0,50,189,2.0005,0.167364,799.8
2557,KB2,ARQ,Default,200,0.1,0,50,187,2.0637,0.168776,775.306
2558,KB2,ARQ,Default,200,0.1,0,50,173,2.0311,0.179372,787.75
2559,KB2,ARQ,Default,200,0.1,0,50,201,2.0256,0.159363,789.889
2560,KB2,ARQ,Default,200,0.1,0,50,217,2.1101,0.149813,758.258
2561,KB2,ARQ,Default,200,0.1,0,50,204,2.06,0.15748,776.699
2562,KB2,ARQ,Default,200,0.1,0,50,160,1.9674,0.190476,813.256
2563,KB2,ARQ,Default,200,0.1,0,50,123,1.8431,0.231214,868.103
2564,KB2,ARQ,Default,200,0.1,0,50,206,2.0461,0.15625,781.975
2565,KB2,ARQ,Default,200,0.1,0,50,120,2.3532,0.235294,679.925
2566,KB2,ARQ,Default,200,0.1,0,50,184,2.7869,0.17094,574.115
2567,KB2,ARQ,Default,200,0.1,0,50,119,2.1864,0.236686,731.797
2568,KB2,ARQ,Default,200,0.1,0,50,105,2.3055,0.258065,693.993
2569,KB2,ARQ,Default,200,0.1,0,50,193,2.1521,0.164609,743.46
2570,KB2,ARQ,Default,200,0.1,0,50,174,2.0167,0.178571,793.375
2571,KB2,ARQ,Default,200,0.1,0,50,224,2.0903,0.145985,765.44
2572,KB2,ARQ,Default,200,0.1,0,50,236,2.3509,0.13986,680.59
2573,KB2,ARQ,Default,200,0.1,0,50,178,2.2356,0.175439,715.692
2574,KB2,ARQ,Default,200,0.1,0,50,202,2.0873,0.15873,766.541
2575,KB2,ARQ,Default,200,0.1,0,50,178,2.0362,0.175439,785.777
2576,KB2,ARQ,Default,200,0.1,0,50,176,2.0284,0.176991,788.799
2577,KB2,ARQ,Default,200,0.1,0,50,209,2.1133,0.15444,757.11
2578,KB2,ARQ,Default,200,0.1,0,50,142,1.9334,0.208333,827.558
2579,KB2,ARQ,Default,200,0.1,0,50,166,2.0551,0.185185,778.551
2580,KB2,ARQ,Default,200,0.1,0,50,231,2.1699,0.142349,737.361
2581,KB2,ARQ,Default,200,0.1,0,50,157,1.9767,0.193237,809.43
2582,KB2,ARQ,Default,200,0.1,0,50,125,1.907,0.228571,839.014
2583,KB2,ARQ,Default,200,0.1,0,50,172,2.007,0.18018,797.21
2584,KB2,ARQ,Default,200,0.1,0,50,199,2.0719,0.160643,772.238
2585,KB2,ARQ,Default,200,0.1,0,50,112,1.8625,0.246914,859.06
2586,KB2,ARQ,Default,200,0.1,0,50,249,2.2615,0.133779,707.495
2587,KB2,ARQ,Default,200,0.1,0,50,211,2.1084,0.153257,758.869
2588,KB2,ARQ,Default,200,0.1,0,50,181,2.0287,0.17316,788.682
2589,KB2,ARQ,Default,200,0.1,0,50,145,1.9489,0.205128,820.976
2590,KB2,ARQ,Default,200,0.1,0,50,149,1.9662,0.201005,813.752
2591,KB2,ARQ,Default,200,0.1,0,50,171,2.0016,0.180995,799.361
2592,KB2,ARQ,Default,200,0.1,0,50,189,2.0597,0.167364,776.812
2593,KB2,ARQ,Default,200,0.1,0,50,163,1.9956,0.187793,801.764
2594,KB2,ARQ,Default,200,0.1,0,50,197,2.0804,0.161943,769.083
2595,KB2,ARQ,Default,200,0.1,0,50,219,2.1317,0.148699,750.575
2596,KB2,ARQ,Default,200,0.1,0,50,128,1.9074,0.224719,838.838
2597,KB2,ARQ,Default,200,0.1,0,50,159,1.9812,0.191388,807.591
2598,KB2,ARQ,Default,200,0.1,0,50,219,2.1241,0.148699,753.26
2599,KB2,ARQ,Default,200,0.1,0,50,183,2.0358,0.171674,785.932
2600,KB2,ARQ,Default,200,0.1,0,50,202,2.0797,0.15873,769.342
2601,KB2,ARQ,Default,200,0.1,0,50,238,2.4321,0.138889,657.868
2602,KB2,ARQ,Default,200,0.1,0,50,162,1.9987,0.188679,800.52
2603,KB2,ARQ,Default,200,0.1,0,50,148,1.9489,0.20202,820.976
2604,KB2,ARQ,Default,200,0.1,0,50,163,1.9968,0.187793,801.282
2605,KB2,ARQ,Default,200,0.1,0,50,153,1.9693,0.197044,812.471
2606,KB2,ARQ,Default,200,0.1,0,50,216,2.1171,0.150376,755.751
2607,KB2,ARQ,Default,200,0.1,0,50,139,1.9289,0.21164,829.488
2608,KB2,ARQ,Default,200,0.1,0,50,205,2.1503,0.156863,744.082
2609,KB2,ARQ,Default,200,0.1,0,50,167,2.0791,0.184332,769.564
2610,KB2,ARQ,Default,200,0.1,0,50,163,1.9989,0.187793,800.44
2611,KB2,ARQ,Default,200,0.1,0,50,168,1.9974,0.183486,801.041
2612,KB2,ARQ,Default,200,0.1,0,50,204,2.082,0.15748,768.492
2613,KB2,ARQ,Default,200,0.1,0,50,243,2.1769,0.136519,734.99
2614,KB2,ARQ,Default,200,0.1,0,50,236,2.1593,0.13986,740.981
2615,KB2,ARQ,Default,200,0.1,0,50,155,1.9759,0.195122,809.758
2616,KB2,ARQ,Default,200,0.1,0,50,147,1.9656,0.203046,814.001
2617,KB2,ARQ,Default,200,0.1,0,50,198,2.1977,0.16129,728.034
2618,KB2,ARQ,Default,200,0.1,0,50,175,2.033,0.177778,787.014
2619,KB2,ARQ,Default,200,0.1,0,50,93,1.8255,0.27972,876.472
2620,KB2,ARQ,Default,200,0.1,0,50,154,1.9645,0.196078,814.457
2621,KB2,ARQ,Default,200,0.1,0,50,177,2.0238,0.176211,790.592
2622,KB2,ARQ,Default,200,0.1,0,50,212,2.1086,0.152672,758.797
2623,KB2,ARQ,Default,200,0.1,0,50,170,2.0147,0.181818,794.163
2624,KB2,ARQ,Default,200,0.1,0,50,167,1.9922,0.184332,803.132
2625,KB2,ARQ,Default,200,0.1,0,50,185,2.0516,0.170213,779.879
2626,KB2,ARQ,Default,200,0.1,0,50,178,2.048,0.175439,781.25
2627,KB2,ARQ,Default,200,0.1,0,50,181,2.0281,0.17316,788.916
2628,KB2,ARQ,Default,200,0.1,0,50,175,2.019,0.177778,792.472
2629,KB2,ARQ,Default,200,0.1,0,50,200,2.0817,0.16,768.603
2630,KB2,ARQ,Default,200,0.1,0,50,159,1.9945,0.191388,802.206
2631,KB2,ARQ,Default,200,0.1,0,50,197,2.1505,0.161943,744.013
2632,KB2,ARQ,Default,200,0.1,0,50,186,2.2703,0.169492,704.753
2633,KB2,ARQ,Default,200,0.1,0,50,177,2.041,0.176211,783.929
2634,KB2,ARQ,Default,200,0.1,0,50,123,1.9036,0.231214,840.513
2635,KB2,ARQ,Default,200,0.1,0,50,134,1.9199,0.217391,833.377
2636,KB2,ARQ,Default,200,0.1,0,50,225,2.1567,0.145455,741.874
2637,KB2,ARQ,Default,200,0.1,0,50,214,2.1225,0.151515,753.828
2638,KB2,ARQ,Default,200,0.1,0,50,207,2.3476,0.155642,681.547
2639,KB2,ARQ,Default,200,0.1,0,50,139,2.0492,0.21164,780.793
2640,KB2,ARQ,Default,200,0.1,0,50,173,2.0139,0.179372,794.478
2641,KB2,ARQ,Default,200,0.1,0,50,191,2.0613,0.165975,776.209
2642,KB2,ARQ,Default,200,0.1,0,50,154,1.9622,0.196078,815.411
2643,KB2,ARQ,Default,200,0.1,0,50,185,2.0809,0.170213,768.898
2644,KB2,ARQ,Default,200,0.1,0,50,144,1.9971,0.206186,801.162
2645,KB2,ARQ,Default,200,0.1,0,50,168,2.0862,0.183486,766.945
2646,KB2,ARQ,Default,200,0.1,0,50,187,2.0546,0.168776,778.74
2647,KB2,ARQ,Default,200,0.1,0,50,161,1.979,0.189573,808.489
2648,KB2,ARQ,Default,200,0.1,0,50,199,2.0699,0.160643,772.984
2649,KB2,ARQ,Default,200,0.1,0,50,133,1.9148,0.218579,835.596
2650,KB2,ARQ,Default,200,0.1,0,50,138,1.9353,0.212766,826.745
2651,KB2,ARQ,Default,200,0.1,0,50,9,2.2766,0.677966,702.802
2652,KB2,ARQ,Default,200,0.1,0,50,202,2.1389,0.15873,748.048
2653,KB2,ARQ,Default,200,0.1,0,50,173,2.0213,0.179372,791.57
2654,KB2,ARQ,Default,200,0.1,0,50,75,1.7765,0.32,900.647
2655,KB2,ARQ,Default,200,0.1,0,50,166,1.9875,0.185185,805.031
2656,KB2,ARQ,Default,200,0.1,0,50,212,2.106,0.152672,759.734
2657,KB2,ARQ,Default,200,0.1,0,50,204,2.0791,0.15748,769.564
2658,KB2,ARQ,Default,200,0.1,0,50,218,2.1258,0.149254,752.658
2659,KB2,ARQ,Default,200,0.1,0,50,210,2.1445,0.153846,746.095
2660,KB2,ARQ,Default,200,0.1,0,50,168,2.0109,0.183486,795.664
2661,KB2,ARQ,Default,200,0.1,0,50,142,1.9328,0.208333,827.815
2662,KB2,ARQ,Default,200,0.1,0,50,224,2.1408,0.145985,747.384
2663,KB2,ARQ,Default,200,0.1,0,50,156,1.9735,0.194175,810.742
2664,KB2,ARQ,Default,200,0.1,0,50,152,1.9536,0.19802,819.001
2665,KB2,ARQ,Default,200,0.1,0,50,179,2.0289,0.174672,788.605
2666,KB2,ARQ,Default,200,0.1,0,50,171,2.0432,0.180995,783.085
2667,KB2,ARQ,Default,200,0.1,0,50,177,2.0146,0.176211,794.202
2668,KB2,ARQ,Default,200,0.1,0,50,198,2.0773,0.16129,770.231
2669,KB2,ARQ,Default,200,0.1,0,50,226,2.1441,0.144928,746.234
2670,KB2,ARQ,Default,200,0.1,0,50,177,2.0265,0.176211,789.539
2671,KB2,ARQ,Default,200,0.1,0,50,124,1.8838,0.229885,849.347
2672,KB2,ARQ,Default,200,0.1,0,50,200,2.0686,0.16,773.47
2673,KB2,ARQ,Default,200,0.1,0,50,233,2.1929,0.141343,729.627
2674,KB2,ARQ,Default,200,0.1,0,50,226,2.1424,0.144928,746.826
2675,KB2,ARQ,Default,200,0.1,0,50,196,2.0601,0.162602,776.661
2676,KB2,ARQ,Default,200,0.1,0,50,164,1.9848,0.186916,806.127
2677,KB2,ARQ,Default,200,0.1,0,50,193,2.0681,0.164609,773.657
2678,KB2,ARQ,Default,200,0.1,0,50,180,2.0253,0.173913,790.006
2679,KB2,ARQ,Default,200,0.1,0,50,125,1.8853,0.228571,848.671
2680,KB2,ARQ,Default,200,0.1,0,50,194,2.0965,0.163934,763.177
2681,KB2,ARQ,Default,200,0.1,0,50,160,1.9821,0.190476,807.225
2682,KB2,ARQ,Default,200,0.1,0,50,179,2.036,0.174672,785.855
2683,KB2,ARQ,Default,200,0.1,0,50,209,2.1097,0.15444,758.402
2684,KB2,ARQ,Default,200,0.1,0,50,230,2.156,0.142857,742.115
2685,KB2,ARQ,Default,200,0.1,0,50,133,1.9063,0.218579,839.322
2686,KB2,ARQ,Default,200,0.1,0,50,187,2.0572,0.168776,777.756
2687,KB2,ARQ,Default,200,0.1,0,50,165,2.1466,0.186047,745.365
2688,KB2,ARQ,Default,200,0.1,0,50,212,2.1279,0.152672,751.915
2689,KB2,ARQ,Default,200,0.1,0,50,134,1.9153,0.217391,835.378
2690,KB2,ARQ,Default,200,0.1,0,50,183,2.0335,0.171674,786.821
2691,KB2,ARQ,Default,200,0.1,0,50,182,2.0323,0.172414,787.285
2692,KB2,ARQ,Default,200,0.1,0,50,166,1.9881,0.185185,804.788
2693,KB2,ARQ,Default,200,0.1,0,50,156,1.9793,0.194175,808.367
2694,KB2,ARQ,Default,200,0.1,0,50,184,2.0553,0.17094,778.475
2695,KB2,ARQ,Default,200,0.1,0,50,220,2.2354,0.148148,715.756
2696,KB2,ARQ,Default,200,0.1,0,50,196,2.0753,0.162602,770.973
2697,KB2,ARQ,Default,200,0.1,0,50,202,2.076,0.15873,770.713
2698,KB2,ARQ,Default,200,0.1,0,50,206,2.106,0.15625,759.734
2699,KB2,ARQ,Default,200,0.1,0,50,203,2.0948,0.158103,763.796
2700,KB2,ARQ,Default,200,0.1,0,50,184,2.0335,0.17094,786.821
2701,KB2,ARQ,Default,200,0.1,0,50,115,1.879,0.242424,851.517
2702,KB2,ARQ,Default,200,0.1,0,50,199,2.2899,0.160643,698.72
2703,KB2,ARQ,Default,200,0.1,0,50,186,2.0613,0.169492,776.209
2704,KB2,ARQ,Default,200,0.1,0,50,158,1.9837,0.192308,806.574
2705,KB2,ARQ,Default,200,0.1,0,50,187,2.0672,0.168776,773.994
2706,KB2,ARQ,Default,200,0.1,0,50,147,1.9624,0.203046,815.328
2707,KB2,ARQ,Default,200,0.1,0,50,197,2.0725,0.161943,772.014
2708,KB2,ARQ,Default,200,0.1,0,50,197,2.0641,0.161943,775.156
2709,KB2,ARQ,Default,200,0.1,0,50,164,1.9895,0.186916,804.222
2710,KB2,ARQ,Default,200,0.1,0,50,148,1.9563,0.20202,817.87
2711,KB2,ARQ,Default,200,0.1,0,50,205,2.0879,0.156863,766.32
2712,KB2,ARQ,Default,200,0.1,0,50,182,2.0499,0.172414,780.526
2713,KB2,ARQ,Default,200,0.1,0,50,237,2.173,0.139373,736.309
2714,KB2,ARQ,Default,200,0.1,0,50,152,1.9731,0.19802,810.907
2715,KB2,ARQ,Default,200,0.1,0,50,155,1.967,0.195122,813.421
2716,KB2,ARQ,Default,200,0.1,0,50,232,2.1656,0.141844,738.825
2717,KB2,ARQ,Default,200,0.1,0,50,140,1.9733,0.210526,810.825
2718,KB2,ARQ,Default,200,0.1,0,50,191,2.064,0.165975,775.194
2719,KB2,ARQ,Default,200,0.1,0,50,174,2.0071,0.178571,797.17
2720,KB2,ARQ,Default,200,0.1,0,50,238,2.1722,0.138889,736.58
2721,KB2,ARQ,Default,200,0.1,0,50,114,1.8707,0.243902,855.295
2722,KB2,ARQ,Default,200,0.1,0,50,171,2.0014,0.180995,799.44
2723,KB2,ARQ,Default,200,0.1,0,50,142,1.9298,0.208333,829.101
2724,KB2,ARQ,Default,200,0.1,0,50,169,2.0377,0.182648,785.199
2725,KB2,ARQ,Default,200,0.1,0,50,186,2.2301,0.169492,717.457
2726,KB2,ARQ,Default,200,0.1,0,50,232,2.1738,0.141844,736.038
2727,KB2,ARQ,Default,200,0.1,0,50,222,2.1537,0.147059,742.908
2728,KB2,ARQ,Default,200,0.1,0,50,216,2.1395,0.150376,747.838
2729,KB2,ARQ,Default,200,0.1,0,50,201,2.1084,0.159363,758.869
2730,KB2,ARQ,Default,200,0.1,0,50,137,1.9514,0.213904,819.924
2731,KB2,ARQ,Default,200,0.1,0,50,251,2.2292,0.13289,717.746
2732,KB2,ARQ,Default,200,0.1,0,50,178,2.0767,0.175439,770.453
2733,KB2,ARQ,Default,200,0.1,0,50,193,2.0862,0.164609,766.945
2734,KB2,ARQ,Default,200,0.1,0,50,168,1.9905,0.183486,803.818
2735,KB2,ARQ,Default,200,0.1,0,50,155,1.9609,0.195122,815.952
2736,KB2,ARQ,Default,200,0.1,0,50,122,1.8851,0.232558,848.761
2737,KB2,ARQ,Default,200,0.1,0,50,126,1.9337,0.227273,827.429
2738,KB2,ARQ,Default,200,0.1,0,50,174,2.0187,0.178571,792.589
2739,KB2,ARQ,Default,200,0.1,0,50,171,2.0469,0.180995,781.67
2740,KB2,ARQ,Default,200,0.1,0,50,165,2.1198,0.186047,754.788
2741,KB2,ARQ,Default,200,0.1,0,50,146,1.9449,0.204082,822.664
2742,KB2,ARQ,Default,200,0.1,0,50,182,2.0324,0.172414,787.247
2743,KB2,ARQ,Default,200,0.1,0,50,136,1.9316,0.215054,828.329
2744,KB2,ARQ,Default,200,0.1,0,50,207,2.1002,0.155642,761.832
2745,KB2,ARQ,Default,200,0.1,0,50,0,2.2442,0.8,712.949
2746,KB2,ARQ,Default,200,0.1,0,50,216,2.1194,0.150376,754.931
2747,KB2,ARQ,Default,200,0.1,0,50,176,2.0656,0.176991,774.593
2748,KB2,ARQ,Default,200,0.1,0,50,206,2.0952,0.15625,763.65
2749,KB2,ARQ,Default,200,0.1,0,50,200,2.0773,0.16,770.231
2750,KB2,ARQ,Default,200,0.1,0,50,201,2.1334,0.159363,749.977
2751,KB2,ARQ,Default,200,0.1,0,50,153,2.175,0.197044,735.632
2752,KB2,ARQ,Default,200,0.1,0,50,103,1.878,0.261438,851.97
2753,KB2,ARQ,Default,200,0.1,0,50,180,2.0633,0.173913,775.457
2754,KB2,ARQ,Default,200,0.1,0,50,141,2.0424,0.209424,783.392
2755,KB2,ARQ,Default,200,0.1,0,50,158,1.9883,0.192308,804.708
2756,KB2,ARQ,Default,200,0.1,0,50,170,2.0142,0.181818,794.36
2757,KB2,ARQ,Default,200,0.1,0,50,200,2.1247,0.16,753.047
2758,KB2,ARQ,Default,200,0.1,0,50,170,2.0208,0.181818,791.766
2759,KB2,ARQ,Default,200,0.1,0,50,165,2.0079,0.186047,796.852
2760,KB2,ARQ,Default,200,0.1,0,50,147,1.9778,0.203046,808.98
2761,KB2,ARQ,Default,200,0.1,0,50,159,2.184,0.191388,732.601
2762,KB2,ARQ,Default,200,0.1,0,50,190,2.0612,0.166667,776.247
2763,KB2,ARQ,Default,200,0.1,0,50,194,2.0696,0.163934,773.096
2764,KB2,ARQ,Default,200,0.1,0,50,132,1.9164,0.21978,834.899
2765,KB2,ARQ,Default,200,0.1,0,50,174,2.0116,0.178571,795.387
2766,KB2,ARQ,Default,200,0.1,0,50,175,2.0469,0.177778,781.67
2767,KB2,ARQ,Default,200,0.1,0,50,154,2.0246,0.196078,790.28
2768,KB2,ARQ,Default,200,0.1,0,50,222,2.5873,0.147059,618.405
2769,KB2,ARQ,Default,200,0.1,0,50,229,2.2835,0.143369,700.679
2770,KB2,ARQ,Default,200,0.1,0,50,150,1.9701,0.2,812.142
2771,KB2,ARQ,Default,200,0.1,0,50,189,2.0761,0.167364,770.676
2772,KB2,ARQ,Default,200,0.1,0,50,145,1.9743,0.205128,810.414
2773,KB2,ARQ,Default,200,0.1,0,50,217,2.1459,0.149813,745.608
2774,KB2,ARQ,Default,200,0.1,0,50,154,2.0382,0.196078,785.006
2775,KB2,ARQ,Default,200,0.1,0,50,209,2.2091,0.15444,724.277
2776,KB2,ARQ,Default,200,0.1,0,50,176,2.0471,0.176991,781.593
2777,KB2,ARQ,Default,200,0.1,0,50,227,2.1739,0.144404,736.004
2778,KB2,ARQ,Default,200,0.1,0,50,176,2.0326,0.176991,787.169
2779,KB2,ARQ,Default,200,0.1,0,50,175,2.0392,0.177778,784.621
2780,KB2,ARQ,Default,200,0.1,0,50,166,1.9874,0.185185,805.072
2781,KB2,ARQ,Default,200,0.1,0,50,170,2.0667,0.181818,774.181
2782,KB2,ARQ,Default,200,0.1,0,50,219,2.2036,0.148699,726.085
2783,KB2,ARQ,Default,200,0.1,0,50,192,2.0582,0.165289,777.378
2784,KB2,ARQ,Default,200,0.1,0,50,202,2.0771,0.15873,770.305
2785,KB2,ARQ,Default,200,0.1,0,50,211,2.1219,0.153257,754.041
2786,KB2,ARQ,Default,200,0.1,0,50,141,1.9407,0.209424,824.445
2787,KB2,ARQ,Default,200,0.1,0,50,204,2.0876,0.15748,766.43
2788,KB2,ARQ,Default,200,0.1,0,50,221,2.2161,0.147601,721.989
2789,KB2,ARQ,Default,200,0.1,0,50,146,1.9561,0.204082,817.954
2790,KB2,ARQ,Default,200,0.1,0,50,165,2.017,0.186047,793.257
2791,KB2,ARQ,Default,200,0.1,0,50,235,2.1706,0.140351,737.123
2792,KB2,ARQ,Default,200,0.1,0,50,179,2.0124,0.174672,795.071
2793,KB2,ARQ,Default,200,0.1,0,50,213,2.1095,0.152091,758.474
2794,KB2,ARQ,Default,200,0.1,0,50,212,2.1698,0.152672,737.395
2795,KB2,ARQ,Default,200,0.1,0,50,166,2.0607,0.185185,776.435
2796,KB2,ARQ,Default,200,0.1,0,50,200,2.0835,0.16,767.939
2797,KB2,ARQ,Default,200,0.1,0,50,204,2.0836,0.15748,767.902
2798,KB2,ARQ,Default,200,0.1,0,50,189,2.0563,0.167364,778.097
2799,KB2,ARQ,Default,200,0.1,0,50,192,2.0734,0.165289,771.679
2800,KB2,ARQ,Default,200,0.1,0,50,184,2.0298,0.17094,788.255
2801,KB2,ARQ,Default,200,0.1,0,50,208,2.1018,0.155039,761.252
2802,KB2,ARQ,Default,200,0.1,0,50,152,2.1021,0.19802,761.144
2803,KB2,ARQ,Default,200,0.1,0,50,173,2.0589,0.179372,777.114
2804,KB2,ARQ,Default,200,0.1,0,50,207,2.088,0.155642,766.284
2805,KB2,ARQ,Default,200,0.1,0,50,187,2.0443,0.168776,782.664
2806,KB2,ARQ,Default,200,0.1,0,50,210,2.0931,0.153846,764.416
2807,KB2,ARQ,Default,200,0.1,0,50,223,2.1365,0.14652,748.888
2808,KB2,ARQ,Default,200,0.1,0,50,160,1.9759,0.190476,809.758
2809,KB2,ARQ,Default,200,0.1,0,50,178,2.021,0.175439,791.687
2810,KB2,ARQ,Default,200,0.1,0,50,168,2.0001,0.183486,799.96
2811,KB2,ARQ,Default,200,0.1,0,50,218,2.1101,0.149254,758.258
2812,KB2,ARQ,Default,200,0.1,0,50,187,2.0775,0.168776,770.156
2813,KB2,ARQ,Default,200,0.1,0,50,179,2.0251,0.174672,790.084
2814,KB2,ARQ,Default,200,0.1,0,50,218,2.1158,0.149254,756.215
2815,KB2,ARQ,Default,200,0.1,0,50,203,2.0967,0.158103,763.104
2816,KB2,ARQ,Default,200,0.1,0,50,190,2.0623,0.166667,775.833
2817,KB2,ARQ,Default,200,0.1,0,50,187,2.1162,0.168776,756.072
2818,KB2,ARQ,Default,200,0.1,0,50,180,2.039,0.173913,784.698
2819,KB2,ARQ,Default,200,0.1,0,50,178,2.0239,0.175439,790.553
2820,KB2,ARQ,Default,200,0.1,0,50,211,2.1112,0.153257,757.863
2821,KB2,ARQ,Default,200,0.1,0,50,205,2.1022,0.156863,761.107
2822,KB2,ARQ,Default,200,0.1,0,50,247,2.2143,0.13468,722.576
2823,KB2,ARQ,Default,200,0.1,0,50,200,2.0914,0.16,765.038
2824,KB2,ARQ,Default,200,0.1,0,50,136,1.9308,0.215054,828.672
2825,KB2,ARQ,Default,200,0.1,0,50,105,1.8593,0.258065,860.539
2826,KB2,ARQ,Default,200,0.1,0,50,186,2.0582,0.169492,777.378
2827,KB2,ARQ,Default,200,0.1,0,50,220,2.1194,0.148148,754.931
2828,KB2,ARQ,Default,200,0.1,0,50,215,2.1084,0.150943,758.869
2829,KB2,ARQ,Default,200,0.1,0,50,175,2.0165,0.177778,793.454
2830,KB2,ARQ,Default,200,0.1,0,50,179,2.0253,0.174672,790.006
2831,KB2,ARQ,Default,200,0.1,0,50,162,2.0465,0.188679,781.823
2832,KB2,ARQ,Default,200,0.1,0,50,145,2.1524,0.205128,743.356
2833,KB2,ARQ,Default,200,0.1,0,50,166,2.0347,0.185185,786.357
2834,KB2,ARQ,Default,200,0.1,0,50,193,2.0659,0.164609,774.481
2835,KB2,ARQ,Default,200,0.1,0,50,188,2.0613,0.168067,776.209
2836,KB2,ARQ,Default,200,0.1,0,50,147,1.9484,0.203046,821.187
2837,KB2,ARQ,Default,200,0.1,0,50,136,1.928,0.215054,829.876
2838,KB2,ARQ,Default,200,0.1,0,50,183,2.0343,0.171674,786.511
2839,KB2,ARQ,Default,200,0.1,0,50,191,2.0863,0.165975,766.908
2840,KB2,ARQ,Default,200,0.1,0,50,213,2.1406,0.152091,747.454
2841,KB2,ARQ,Default,200,0.1,0,50,192,2.0675,0.165289,773.881
2842,KB2,ARQ,Default,200,0.1,0,50,202,2.0884,0.15873,766.137
2843,KB2,ARQ,Default,200,0.1,0,50,187,2.0376,0.168776,785.238
2844,KB2,ARQ,Default,200,0.1,0,50,226,2.1374,0.144928,748.573
2845,KB2,ARQ,Default,200,0.1,0,50,145,1.9624,0.205128,815.328
2846,KB2,ARQ,Default,200,0.1,0,50,172,2.0874,0.18018,766.504
2847,KB2,ARQ,Default,200,0.1,0,50,179,2.0255,0.174672,789.928
2848,KB2,ARQ,Default,200,0.1,0,50,161,1.996,0.189573,801.603
2849,KB2,ARQ,Default,200,0.1,0,50,201,2.0874,0.159363,766.504
2850,KB2,ARQ,Default,200,0.1,0,50,202,2.1023,0.15873,761.071
2851,KB2,ARQ,Default,200,0.1,0,50,169,2.0315,0.182648,787.595
2852,KB2,ARQ,Default,200,0.1,0,50,157,2.069,0.193237,773.32
2853,KB2,ARQ,Default,200,0.1,0,50,204,2.1581,0.15748,741.393
2854,KB2,ARQ,Default,200,0.1,0,50,172,2.0217,0.18018,791.413
2855,KB2,ARQ,Default,200,0.1,0,50,201,2.0883,0.159363,766.173
2856,KB2,ARQ,Default,200,0.1,0,50,166,1.9936,0.185185,802.568
2857,KB2,ARQ,Default,200,0.1,0,50,156,1.9657,0.194175,813.959
2858,KB2,ARQ,Default,200,0.1,0,50,149,1.9557,0.201005,818.121
2859,KB2,ARQ,Default,200,0.1,0,50,161,1.9835,0.189573,806.655
2860,KB2,ARQ,Default,200,0.1,0,50,114,1.8737,0.243902,853.925
2861,KB2,ARQ,Default,200,0.1,0,50,173,2.0723,0.179372,772.089
2862,KB2,ARQ,Default,200,0.1,0,50,168,2.0054,0.183486,797.846
2863,KB2,ARQ,Default,200,0.1,0,50,187,2.0548,0.168776,778.665
2864,KB2,ARQ,Default,200,0.1,0,50,231,2.1503,0.142349,744.082
2865,KB2,ARQ,Default,200,0.1,0,50,136,1.9335,0.215054,827.515
2866,KB2,ARQ,Default,200,0.1,0,50,138,1.9343,0.212766,827.173
2867,KB2,ARQ,Default,200,0.1,0,50,179,2.021,0.174672,791.687
2868,KB2,ARQ,Default,200,0.1,0,50,183,2.0612,0.171674,776.247
2869,KB2,ARQ,Default,200,0.1,0,50,199,2.1069,0.160643,759.41
2870,KB2,ARQ,Default,200,0.1,0,50,214,2.1027,0.151515,760.926
2871,KB2,ARQ,Default,200,0.1,0,50,224,2.1279,0.145985,751.915
2872,KB2,ARQ,Default,200,0.1,0,50,184,2.081,0.17094,768.861
2873,KB2,ARQ,Default,200,0.1,0,50,237,2.6609,0.139373,601.3
2874,KB2,ARQ,Default,200,0.1,0,50,94,1.8862,0.277778,848.266
2875,KB2,ARQ,Default,200,0.1,0,50,184,2.1253,0.17094,752.835
2876,KB2,ARQ,Default,200,0.1,0,50,146,1.9561,0.204082,817.954
2877,KB2,ARQ,Default,200,0.1,0,50,151,2.0243,0.199005,790.397
2878,KB2,ARQ,Default,200,0.1,0,50,107,1.8705,0.254777,855.386
2879,KB2,ARQ,Default,200,0.1,0,50,230,2.1809,0.142857,733.642
2880,KB2,ARQ,Default,200,0.1,0,50,181,2.0626,0.17316,775.72
2881,KB2,ARQ,Default,200,0.1,0,50,161,2.0619,0.189573,775.983
2882,KB2,ARQ,Default,200,0.1,0,50,195,2.1626,0.163265,739.85
2883,KB2,ARQ,Default,200,0.1,0,50,203,2.146,0.158103,745.573
2884,KB2,ARQ,Default,200,0.1,0,50,89,1.8652,0.28777,857.817
2885,KB2,ARQ,Default,200,0.1,0,50,196,2.0802,0.162602,769.157
2886,KB2,ARQ,Default,200,0.1,0,50,203,2.1242,0.158103,753.225
2887,KB2,ARQ,Default,200,0.1,0,50,183,2.0515,0.171674,779.917
2888,KB2,ARQ,Default,200,0.1,0,50,204,2.1037,0.15748,760.565
2889,KB2,ARQ,Default,200,0.1,0,50,189,2.2019,0.167364,726.645
2890,KB2,ARQ,Default,200,0.1,0,50,169,2.0236,0.182648,790.67
2891,KB2,ARQ,Default,200,0.1,0,50,188,2.1952,0.168067,728.863
2892,KB2,ARQ,Default,200,0.1,0,50,195,2.113,0.163265,757.217
2893,KB2,ARQ,Default,200,0.1,0,50,165,2.0232,0.186047,790.826
2894,KB2,ARQ,Default,200,0.1,0,50,211,2.1156,0.153257,756.287
2895,KB2,ARQ,Default,200,0.1,0,50,205,2.1004,0.156863,761.76
2896,KB2,ARQ,Default,200,0.1,0,50,149,2.0211,0.201005,791.648
2897,KB2,ARQ,Default,200,0.1,0,50,164,2.0829,0.186916,768.16
2898,KB2,ARQ,Default,200,0.1,0,50,174,2.1598,0.178571,740.809
2899,KB2,ARQ,Default,200,0.1,0,50,137,2.0273,0.213904,789.227
2900,KB2,ARQ,Default,200,0.1,0,50,167,2.014,0.184332,794.439
2901,KB2,ARQ,Default,200,0.1,0,50,234,2.181,0.140845,733.608
2902,KB2,ARQ,Default,200,0.1,0,50,150,1.9671,0.2,813.38
2903,KB2,ARQ,Default,200,0.1,0,50,157,1.9659,0.193237,813.877
2904,KB2,ARQ,Default,200,0.1,0,50,187,2.124,0.168776,753.296
2905,KB2,ARQ,Default,200,0.1,0,50,132,1.9084,0.21978,838.399
2906,KB2,ARQ,Default,200,0.1,0,50,103,1.9488,0.261438,821.018
2907,KB2,ARQ,Default,200,0.1,0,50,202,2.0869,0.15873,766.687
2908,KB2,ARQ,Default,200,0.1,0,50,196,2.0696,0.162602,773.096
2909,KB2,ARQ,Default,200,0.1,0,50,186,2.0429,0.169492,783.2
2910,KB2,ARQ,Default,200,0.1,0,50,173,2.0269,0.179372,789.383
2911,KB2,ARQ,Default,200,0.1,0,50,89,1.8025,0.28777,887.656
2912,KB2,ARQ,Default,200,0.1,0,50,175,2.0164,0.177778,793.493
2913,KB2,ARQ,Default,200,0.1,0,50,159,1.9728,0.191388,811.03
2914,KB2,ARQ,Default,200,0.1,0,50,188,2.057,0.168067,777.832
2915,KB2,ARQ,Default,200,0.1,0,50,180,2.0338,0.173913,786.705
2916,KB2,ARQ,Default,200,0.1,0,50,164,2.3179,0.186916,690.28
2917,KB2,ARQ,Default,200,0.1,0,50,155,2.0397,0.195122,784.429
2918,KB2,ARQ,Default,200,0.1,0,50,169,2.0458,0.182648,782.09
2919,KB2,ARQ,Default,200,0.1,0,50,185,2.0643,0.170213,775.081
2920,KB2,ARQ,Default,200,0.1,0,50,179,2.0333,0.174672,786.898
2921,KB2,ARQ,Default,200,0.1,0,50,167,1.9982,0.184332,800.721
2922,KB2,ARQ,Default,200,0.1,0,50,127,1.9113,0.225989,837.127
2923,KB2,ARQ,Default,200,0.1,0,50,195,2.0582,0.163265,777.378
2924,KB2,ARQ,Default,200,0.1,0,50,181,2.0424,0.17316,783.392
2925,KB2,ARQ,Default,200,0.1,0,50,187,2.0489,0.168776,780.907
2926,KB2,ARQ,Default,200,0.1,0,50,219,2.1623,0.148699,739.953
2927,KB2,ARQ,Default,200,0.1,0,50,223,2.1452,0.14652,745.851
2928,KB2,ARQ,Default,200,0.1,0,50,188,2.0574,0.168067,777.681
2929,KB2,ARQ,Default,200,0.1,0,50,208,2.0932,0.155039,764.38
2930,KB2,ARQ,Default,200,0.1,0,50,222,2.1211,0.147059,754.326
2931,KB2,ARQ,Default,200,0.1,0,50,118,1.8849,0.238095,848.851
2932,KB2,ARQ,Default,200,0.1,0,50,135,1.9293,0.216216,829.316
2933,KB2,ARQ,Default,200,0.1,0,50,215,2.1953,0.150943,728.83
2934,KB2,ARQ,Default,200,0.1,0,50,176,2.0157,0.176991,793.769
2935,KB2,ARQ,Default,200,0.1,0,50,177,2.0225,0.176211,791.1
2936,KB2,ARQ,Default,200,0.1,0,50,155,1.9645,0.195122,814.457
2937,KB2,ARQ,Default,200,0.1,0,50,193,2.0712,0.164609,772.499
2938,KB2,ARQ,Default,200,0.1,0,50,186,2.0474,0.169492,781.479
2939,KB2,ARQ,Default,200,0.1,0,50,201,2.0791,0.159363,769.564
2940,KB2,ARQ,Default,200,0.1,0,50,147,1.9793,0.203046,808.367
2941,KB2,ARQ,Default,200,0.1,0,50,144,1.9305,0.206186,828.801
2942,KB2,ARQ,Default,200,0.1,0,50,191,2.0571,0.165975,777.794
2943,KB2,ARQ,Default,200,0.1,0,50,180,2.0876,0.173913,766.43
2944,KB2,ARQ,Default,200,0.1,0,50,166,2.002,0.185185,799.201
2945,KB2,ARQ,Default,200,0.1,0,50,157,1.9774,0.193237,809.143
2946,KB2,ARQ,Default,200,0.1,0,50,179,2.0347,0.174672,786.357
2947,KB2,ARQ,Default,200,0.1,0,50,131,1.9122,0.220994,836.733
2948,KB2,ARQ,Default,200,0.1,0,50,215,2.1555,0.150943,742.287
2949,KB2,ARQ,Default,200,0.1,0,50,213,2.1003,0.152091,761.796
2950,KB2,ARQ,Default,200,0.1,0,50,219,2.1189,0.148699,755.109
2951,KB2,ARQ,Default,200,0.1,0,50,168,2.0059,0.183486,797.647
2952,KB2,ARQ,Default,200,0.1,0,50,177,2.028,0.176211,788.955
2953,KB2,ARQ,Default,200,0.1,0,50,203,2.0891,0.158103,765.88
2954,KB2,ARQ,Default,200,0.1,0,50,152,1.9648,0.19802,814.332
2955,KB2,ARQ,Default,200,0.1,0,50,165,1.9939,0.186047,802.447
2956,KB2,ARQ,Default,200,0.1,0,50,189,2.0519,0.167364,779.765
2957,KB2,ARQ,Default,200,0.1,0,50,170,2.0096,0.181818,796.178
2958,KB2,ARQ,Default,200,0.1,0,50,218,2.122,0.149254,754.006
2959,KB2,ARQ,Default,200,0.1,0,50,172,2.042,0.18018,783.546
2960,KB2,ARQ,Default,200,0.1,0,50,113,1.8893,0.245399,846.875
2961,KB2,ARQ,Default,200,0.1,0,50,188,2.0838,0.168067,767.828
2962,KB2,ARQ,Default,200,0.1,0,50,148,1.9551,0.20202,818.372
2963,KB2,ARQ,Default,200,0.1,0,50,184,2.1597,0.17094,740.844
2964,KB2,ARQ,Default,200,0.1,0,50,213,2.1298,0.152091,751.244
2965,KB2,ARQ,Default,200,0.1,0,50,193,2.0601,0.164609,776.661
2966,KB2,ARQ,Default,200,0.1,0,50,186,2.0571,0.169492,777.794
2967,KB2,ARQ,Default,200,0.1,0,50,182,2.0321,0.172414,787.363
2968,KB2,ARQ,Default,200,0.1,0,50,170,1.9902,0.181818,803.939
2969,KB2,ARQ,Default,200,0.1,0,50,165,2.0118,0.186047,795.308
2970,KB2,ARQ,Default,200,0.1,0,50,168,2.0585,0.183486,777.265
2971,KB2,ARQ,Default,200,0.1,0,50,208,2.1081,0.155039,758.977
2972,KB2,ARQ,Default,200,0.1,0,50,227,2.1621,0.144404,740.021
2973,KB2,ARQ,Default,200,0.1,0,50,155,1.9649,0.195122,814.291
2974,KB2,ARQ,Default,200,0.1,0,50,115,1.875,0.242424,853.333
2975,KB2,ARQ,Default,200,0.1,0,50,202,2.1113,0.15873,757.827
2976,KB2,ARQ,Default,200,0.1,0,50,185,2.0359,0.170213,785.893
2977,KB2,ARQ,Default,200,0.1,0,50,164,1.9951,0.186916,801.965
2978,KB2,ARQ,Default,200,0.1,0,50,139,1.9348,0.21164,826.959
2979,KB2,ARQ,Default,200,0.1,0,50,147,1.9442,0.203046,822.961
2980,KB2,ARQ,Default,200,0.1,0,50,176,2.0314,0.176991,787.634
2981,KB2,ARQ,Default,200,0.1,0,50,189,2.0562,0.167364,778.134
2982,KB2,ARQ,Default,200,0.1,0,50,166,2.006,0.185185,797.607
2983,KB2,ARQ,Default,200,0.1,0,50,177,2.024,0.176211,790.514
2984,KB2,ARQ,Default,200,0.1,0,50,181,2.0486,0.17316,781.021
2985,KB2,ARQ,Default,200,0.1,0,50,213,2.2024,0.152091,726.48
2986,KB2,ARQ,Default,200,0.1,0,50,184,2.0294,0.17094,788.41
2987,KB2,ARQ,Default,200,0.1,0,50,170,2.007,0.181818,797.21
2988,KB2,ARQ,Default,200,0.1,0,50,128,1.8983,0.224719,842.859
2989,KB2,ARQ,Default,200,0.1,0,50,170,2.0164,0.181818,793.493
2990,KB2,ARQ,Default,200,0.1,0,50,222,2.1334,0.147059,749.977
2991,KB2,ARQ,Default,200,0.1,0,50,212,2.0969,0.152672,763.031
2992,KB2,ARQ,Default,200,0.1,0,50,151,2.0441,0.199005,782.741
2993,KB2,ARQ,Default,200,0.1,0,50,162,1.9936,0.188679,802.568
2994,KB2,ARQ,Default,200,0.1,0,50,175,2.0342,0.177778,786.55
2995,KB2,ARQ,Default,200,0.1,0,50,164,1.9817,0.186916,807.388
2996,KB2,ARQ,Default,200,0.1,0,50,183,2.0345,0.171674,786.434
2997,KB2,ARQ,Default,200,0.1,0,50,146,1.9396,0.204082,824.912
2998,KB2,ARQ,Default,200,0.1,0,50,123,1.8944,0.231214,844.595
2999,KB2,ARQ,Default,200,0.1,0,50,197,2.0637,0.161943,775.306
3000,KB2,ARQ,Default,200,0.1,0,50,168,1.994,0.183486,802.407
3001,KB2,HARQ,Default,200,0.1,1,50,102,6.4864,0.263158,246.67
3002,KB2,HARQ,Default,200,0.1,0,50,49,4.2863,0.40404,373.282
3003,KB2,HARQ,Default,200,0.1,0,50,48,4.2834,0.408163,373.535
3004,KB2,HARQ,Default,200,0.1,1,50,92,6.0731,0.28169,263.457
3005,KB2,HARQ,Default,200,0.1,1,50,56,4.5932,0.377358,348.341
3006,KB2,HARQ,Default,200,0.1,1,50,116,7.1796,0.240964,222.854
3007,KB2,HARQ,Default,200,0.1,0,50,79,5.5617,0.310078,287.682
3008,KB2,HARQ,Default,200,0.1,1,50,63,4.8748,0.353982,328.219
3009,KB2,HARQ,Default,200,0.1,1,50,56,4.6755,0.377358,342.209
3010,KB2,HARQ,Default,200,0.1,1,50,78,5.4982,0.3125,291.004
3011,KB2,HARQ,Default,200,0.1,1,50,84,5.7665,0.298507,277.465
3012,KB2,HARQ,Default,200,0.1,1,50,89,6.1289,0.28777,261.058
3013,KB2,HARQ,Default,200,0.1,1,50,60,4.7322,0.363636,338.109
3014,KB2,HARQ,Default,200,0.1,0,50,93,6.1969,0.27972,258.194
3015,KB2,HARQ,Default,200,0.1,1,50,104,6.5477,0.25974,244.361
3016,KB2,HARQ,Default,200,0.1,1,50,71,5.2632,0.330579,303.998
3017,KB2,HARQ,Default,200,0.1,1,50,45,4.1714,0.421053,383.564
3018,KB2,HARQ,Default,200,0.1,1,50,84,5.797,0.298507,276.005
3019,KB2,HARQ,Default,200,0.1,1,50,72,5.2633,0.327869,303.992
3020,KB2,HARQ,Default,200,0.1,1,50,103,6.5319,0.261438,244.952
3021,KB2,HARQ,Default,200,0.1,1,50,72,5.2405,0.327869,305.314
3022,KB2,HARQ,Default,200,0.1,1,50,70,5.1404,0.333333,311.26
3023,KB2,HARQ,Default,200,0.1,1,50,97,6.3503,0.272109,251.957
3024,KB2,HARQ,Default,200,0.1,1,50,80,5.571,0.307692,287.202
3025,KB2,HARQ,Default,200,0.1,1,50,87,5.9182,0.291971,270.352
3026,KB2,HARQ,Default,200,0.1,1,50,81,5.6201,0.305344,284.692
3027,KB2,HARQ,Default,200,0.1,1,50,74,5.4112,0.322581,295.683
3028,KB2,HARQ,Default,200,0.1,1,50,68,5.2076,0.338983,307.243
3029,KB2,HARQ,Default,200,0.1,1,50,71,5.183,0.330579,308.702
3030,KB2,HARQ,Default,200,0.1,1,50,69,5.1449,0.336134,310.988
3031,KB2,HARQ,Default,200,0.1,1,50,75,5.4216,0.32,295.116
3032,KB2,HARQ,Default,200,0.1,1,50,95,6.1939,0.275862,258.319
3033,KB2,HARQ,Default,200,0.1,1,50,89,5.8716,0.28777,272.498
3034,KB2,HARQ,Default,200,0.1,1,50,82,5.5657,0.30303,287.475
3035,KB2,HARQ,Default,200,0.1,1,50,108,6.6488,0.253165,240.645
3036,KB2,HARQ,Default,200,0.1,1,50,80,6.2097,0.307692,257.661
3037,KB2,HARQ,Default,200,0.1,1,50,74,5.445,0.322581,293.848
3038,KB2,HARQ,Default,200,0.1,1,50,72,5.2755,0.327869,303.289
3039,KB2,HARQ,Default,200,0.1,0,50,83,5.6653,0.300752,282.421
3040,KB2,HARQ,Default,200,0.1,1,50,95,6.0885,0.275862,262.791
3041,KB2,HARQ,Default,200,0.1,1,50,68,5.7583,0.338983,277.86
3042,KB2,HARQ,Default,200,0.1,1,50,65,5.1832,0.347826,308.69
3043,KB2,HARQ,Default,200,0.1,1,50,101,6.3652,0.264901,251.367
3044,KB2,HARQ,Default,200,0.1,1,50,88,6.5109,0.289855,245.742
3045,KB2,HARQ,Default,200,0.1,1,50,84,6.2543,0.298507,255.824
3046,KB2,HARQ,Default,200,0.1,0,50,68,5.0109,0.338983,319.304
3047,KB2,HARQ,Default,200,0.1,1,50,81,5.6885,0.305344,281.269
3048,KB2,HARQ,Default,200,0.1,1,50,59,4.57,0.366972,350.109
3049,KB2,HARQ,Default,200,0.1,1,50,72,5.1941,0.327869,308.042
3050,KB2,HARQ,Default,200,0.1,1,50,75,5.4316,0.32,294.573
3051,KB2,HARQ,Default,200,0.1,1,50,73,5.3054,0.325203,301.58
3052,KB2,HARQ,Default,200,0.1,1,50,100,6.4616,0.266667,247.617
3053,KB2,HARQ,Default,200,0.1,1,50,71,5.1783,0.330579,308.982
3054,KB2,HARQ,Default,200,0.1,1,50,69,5.1213,0.336134,312.421
3055,KB2,HARQ,Default,200,0.1,0,50,55,4.5419,0.380952,352.275
3056,KB2,HARQ,Default,200,0.1,1,50,71,5.2534,0.330579,304.565
3057,KB2,HARQ,Default,200,0.1,1,50,66,4.9655,0.344828,322.223
3058,KB2,HARQ,Default,200,0.1,1,50,77,5.475,0.314961,292.237
3059,KB2,HARQ,Default,200,0.1,1,50,81,5.6439,0.305344,283.492
3060,KB2,HARQ,Default,200,0.1,1,50,80,5.6217,0.307692,284.611
3061,KB2,HARQ,Default,200,0.1,0,50,76,5.6169,0.31746,284.855
3062,KB2,HARQ,Default,200,0.1,1,50,104,6.6113,0.25974,242.01
3063,KB2,HARQ,Default,200,0.1,1,50,79,5.5421,0.310078,288.699
3064,KB2,HARQ,Default,200,0.1,1,50,83,5.7742,0.300752,277.095
3065,KB2,HARQ,Default,200,0.1,1,50,81,5.6173,0.305344,284.834
3066,KB2,HARQ,Default,200,0.1,1,50,76,5.4019,0.31746,296.192
3067,KB2,HARQ,Default,200,0.1,1,50,72,5.3296,0.327869,300.21
3068,KB2,HARQ,Default,200,0.1,1,50,70,5.1933,0.333333,308.089
3069,KB2,HARQ,Default,200,0.1,1,50,82,5.7771,0.30303,276.956
3070,KB2,HARQ,Default,200,0.1,0,50,53,4.457,0.38835,358.986
3071,KB2,HARQ,Default,200,0.1,0,50,88,6.1166,0.289855,261.583
3072,KB2,HARQ,Default,200,0.1,1,50,96,6.5682,0.273973,243.598
3073,KB2,HARQ,Default,200,0.1,1,50,91,6.0558,0.283688,264.21
3074,KB2,HARQ,Default,200,0.1,1,50,98,6.4609,0.27027,247.644
3075,KB2,HARQ,Default,200,0.1,1,50,63,4.8784,0.353982,327.976
3076,KB2,HARQ,Default,200,0.1,1,50,80,5.5658,0.307692,287.47
3077,KB2,HARQ,Default,200,0.1,1,50,93,6.1807,0.27972,258.87
3078,KB2,HARQ,Default,200,0.1,1,50,67,5.0876,0.34188,314.49
3079,KB2,HARQ,Default,200,0.1,1,50,106,6.6624,0.25641,240.154
3080,KB2,HARQ,Default,200,0.1,1,50,87,5.9176,0.291971,270.38
3081,KB2,HARQ,Default,200,0.1,1,50,56,4.6208,0.377358,346.26
3082,KB2,HARQ,Default,200,0.1,1,50,89,6.7455,0.28777,237.195
3083,KB2,HARQ,Default,200,0.1,1,50,69,5.447,0.336134,293.74
3084,KB2,HARQ,Default,200,0.1,1,50,58,4.8858,0.37037,327.48
3085,KB2,HARQ,Default,200,0.1,0,50,79,5.9734,0.310078,267.854
3086,KB2,HARQ,Default,200,0.1,1,50,97,6.4659,0.272109,247.452
3087,KB2,HARQ,Default,200,0.1,1,50,78,5.5394,0.3125,288.84
3088,KB2,HARQ,Default,200,0.1,1,50,61,4.865,0.36036,328.88
3089,KB2,HARQ,Default,200,0.1,0,50,97,6.299,0.272109,254.009
3090,KB2,HARQ,Default,200,0.1,1,50,93,6.2822,0.27972,254.688
3091,KB2,HARQ,Default,200,0.1,1,50,62,4.8581,0.357143,329.347
3092,KB2,HARQ,Default,200,0.1,1,50,59,4.7442,0.366972,337.254
3093,KB2,HARQ,Default,200,0.1,1,50,89,6.1789,0.28777,258.946
3094,KB2,HARQ,Default,200,0.1,0,50,88,5.9392,0.289855,269.397
3095,KB2,HARQ,Default,200,0.1,1,50,90,5.9775,0.285714,267.67
3096,KB2,HARQ,Default,200,0.1,1,50,69,5.1226,0.336134,312.341
3097,KB2,HARQ,Default,200,0.1,0,50,68,5.2112,0.338983,307.031
3098,KB2,HARQ,Default,200,0.1,1,50,73,5.3042,0.325203,301.648
3099,KB2,HARQ,Default,200,0.1,1,50,92,6.1414,0.28169,260.527
3100,KB2,HARQ,Default,200,0.1,0,50,68,5.1198,0.338983,312.512
3101,KB2,HARQ,Default,200,0.1,1,50,59,4.7056,0.366972,340.02
3102,KB2,HARQ,Default,200,0.1,0,50,86,5.8537,0.294118,273.331
3103,KB2,HARQ,Default,200,0.1,1,50,75,5.3877,0.32,296.973
3104,KB2,HARQ,Default,200,0.1,0,50,87,5.9367,0.291971,269.51
3105,KB2,HARQ,Default,200,0.1,1,50,81,5.678,0.305344,281.789
3106,KB2,HARQ,Default,200,0.1,1,50,95,6.3538,0.275862,251.818
3107,KB2,HARQ,Default,200,0.1,0,50,102,7.0499,0.263158,226.954
3108,KB2,HARQ,Default,200,0.1,1,50,101,6.7749,0.264901,236.166
3109,KB2,HARQ,Default,200,0.1,1,50,80,5.8376,0.307692,274.085
3110,KB2,HARQ,Default,200,0.1,1,50,72,5.3564,0.327869,298.708
3111,KB2,HARQ,Default,200,0.1,0,50,63,4.9526,0.353982,323.063
3112,KB2,HARQ,Default,200,0.1,1,50,69,5.577,0.336134,286.893
3113,KB2,HARQ,Default,200,0.1,1,50,78,5.516,0.3125,290.065
3114,KB2,HARQ,Default,200,0.1,1,50,84,5.824,0.298507,274.725
3115,KB2,HARQ,Default,200,0.1,0,50,76,5.688,0.31746,281.294
3116,KB2,HARQ,Default,200,0.1,1,50,88,5.906,0.289855,270.911
3117,KB2,HARQ,Default,200,0.1,1,50,91,6.3463,0.283688,252.115
3118,KB2,HARQ,Default,200,0.1,1,50,86,5.8362,0.294118,274.151
3119,KB2,HARQ,Default,200,0.1,1,50,92,6.0688,0.28169,263.644
3120,KB2,HARQ,Default,200,0.1,0,50,70,5.2656,0.333333,303.859
3121,KB2,HARQ,Default,200,0.1,1,50,114,7.1528,0.243902,223.689
3122,KB2,HARQ,Default,200,0.1,1,50,65,5.3213,0.347826,300.678
3123,KB2,HARQ,Default,200,0.1,1,50,69,5.1842,0.336134,308.63
3124,KB2,HARQ,Default,200,0.1,1,50,88,5.8841,0.289855,271.919
3125,KB2,HARQ,Default,200,0.1,0,50,80,5.6361,0.307692,283.884
3126,KB2,HARQ,Default,200,0.1,1,50,83,5.7041,0.300752,280.5
3127,KB2,HARQ,Default,200,0.1,1,50,95,6.2649,0.275862,255.391
3128,KB2,HARQ,Default,200,0.1,0,50,67,5.2148,0.34188,306.819
3129,KB2,HARQ,Default,200,0.1,1,50,51,4.6456,0.39604,344.412
3130,KB2,HARQ,Default,200,0.1,1,50,67,5.1681,0.34188,309.592
3131,KB2,HARQ,Default,200,0.1,1,50,87,6.0656,0.291971,263.783
3132,KB2,HARQ,Default,200,0.1,1,50,71,5.4897,0.330579,291.455
3133,KB2,HARQ,Default,200,0.1,1,50,106,6.6838,0.25641,239.385
3134,KB2,HARQ,Default,200,0.1,1,50,73,5.3361,0.325203,299.844
3135,KB2,HARQ,Default,200,0.1,1,50,62,4.9009,0.357143,326.471
3136,KB2,HARQ,Default,200,0.1,0,50,66,5.0935,0.344828,314.126
3137,KB2,HARQ,Default,200,0.1,1,50,109,6.7265,0.251572,237.865
3138,KB2,HARQ,Default,200,0.1,0,50,63,4.9416,0.353982,323.782
3139,KB2,HARQ,Default,200,0.1,1,50,86,5.9114,0.294118,270.663
3140,KB2,HARQ,Default,200,0.1,0,50,114,6.9522,0.243902,230.143
3141,KB2,HARQ,Default,200,0.1,1,50,77,5.6624,0.314961,282.566
3142,KB2,HARQ,Default,200,0.1,1,50,74,5.3512,0.322581,298.998
3143,KB2,HARQ,Default,200,0.1,1,50,98,6.4742,0.27027,247.135
3144,KB2,HARQ,Default,200,0.1,0,50,128,7.7237,0.224719,207.155
3145,KB2,HARQ,Default,200,0.1,1,50,88,5.9144,0.289855,270.526
3146,KB2,HARQ,Default,200,0.1,1,50,71,5.3167,0.330579,300.939
3147,KB2,HARQ,Default,200,0.1,1,50,56,4.5669,0.377358,350.347
3148,KB2,HARQ,Default,200,0.1,0,50,71,5.2352,0.330579,305.623
3149,KB2,HARQ,Default,200,0.1,1,50,80,5.7018,0.307692,280.613
3150,KB2,HARQ,Default,200,0.1,0,50,91,6.0173,0.283688,265.9
3151,KB2,HARQ,Default,200,0.1,0,50,124,7.6843,0.229885,208.217
3152,KB2,HARQ,Default,200,0.1,1,50,92,6.1367,0.28169,260.726
3153,KB2,HARQ,Default,200,0.1,1,50,76,5.3944,0.31746,296.604
3154,KB2,HARQ,Default,200,0.1,1,50,80,5.7338,0.307692,279.047
3155,KB2,HARQ,Default,200,0.1,0,50,75,5.3545,0.32,298.814
3156,KB2,HARQ,Default,200,0.1,1,50,77,6.0331,0.314961,265.204
3157,KB2,HARQ,Default,200,0.1,1,50,89,6.2804,0.28777,254.761
3158,KB2,HARQ,Default,200,0.1,1,50,67,5.0341,0.34188,317.832
3159,KB2,HARQ,Default,200,0.1,1,50,60,4.7582,0.363636,336.262
3160,KB2,HARQ,Default,200,0.1,0,50,102,6.4969,0.263158,246.271
3161,KB2,HARQ,Default,200,0.1,1,50,77,5.442,0.314961,294.01
3162,KB2,HARQ,Default,200,0.1,1,50,49,4.4571,0.40404,358.978
3163,KB2,HARQ,Default,200,0.1,1,50,98,6.3763,0.27027,250.929
3164,KB2,HARQ,Default,200,0.1,1,50,91,6.0166,0.283688,265.931
3165,KB2,HARQ,Default,200,0.1,1,50,65,5.0206,0.347826,318.687
3166,KB2,HARQ,Default,200,0.1,1,50,57,4.6853,0.373832,341.494
3167,KB2,HARQ,Default,200,0.1,1,50,79,5.6318,0.310078,284.101
3168,KB2,HARQ,Default,200,0.1,1,50,78,5.488,0.3125,291.545
3169,KB2,HARQ,Default,200,0.1,1,50,100,6.8936,0.266667,232.099
3170,KB2,HARQ,Default,200,0.1,1,50,73,5.403,0.325203,296.132
3171,KB2,HARQ,Default,200,0.1,1,50,72,5.2372,0.327869,305.507
3172,KB2,HARQ,Default,200,0.1,1,50,90,6.1759,0.285714,259.072
3173,KB2,HARQ,Default,200,0.1,1,50,93,6.3332,0.27972,252.637
3174,KB2,HARQ,Default,200,0.1,1,50,91,6.1627,0.283688,259.626
3175,KB2,HARQ,Default,200,0.1,0,50,63,5.2831,0.353982,302.852
3176,KB2,HARQ,Default,200,0.1,1,50,79,6.0302,0.310078,265.331
3177,KB2,HARQ,Default,200,0.1,1,50,83,5.8515,0.300752,273.434
3178,KB2,HARQ,Default,200,0.1,1,50,102,6.5974,0.263158,242.52
3179,KB2,HARQ,Default,200,0.1,1,50,82,5.6359,0.30303,283.894
3180,KB2,HARQ,Default,200,0.1,1,50,61,4.8831,0.36036,327.661
3181,KB2,HARQ,Default,200,0.1,1,50,84,5.9171,0.298507,270.403
3182,KB2,HARQ,Default,200,0.1,1,50,65,4.9689,0.347826,322.003
3183,KB2,HARQ,Default,200,0.1,1,50,77,5.475,0.314961,292.237
3184,KB2,HARQ,Default,200,0.1,1,50,61,4.8552,0.36036,329.544
3185,KB2,HARQ,Default,200,0.1,1,50,64,5.0896,0.350877,314.367
3186,KB2,HARQ,Default,200,0.1,1,50,89,6.2064,0.28777,257.798
3187,KB2,HARQ,Default,200,0.1,1,50,75,5.7465,0.32,278.43
3188,KB2,HARQ,Default,200,0.1,1,50,83,5.7514,0.300752,278.193
3189,KB2,HARQ,Default,200,0.1,1,50,99,6.4578,0.268456,247.762
3190,KB2,HARQ,Default,200,0.1,1,50,53,4.453,0.38835,359.308
3191,KB2,HARQ,Default,200,0.1,1,50,91,6.0692,0.283688,263.626
3192,KB2,HARQ,Default,200,0.1,0,50,90,6.0262,0.285714,265.507
3193,KB2,HARQ,Default,200,0.1,1,50,80,5.5666,0.307692,287.429
3194,KB2,HARQ,Default,200,0.1,1,50,104,6.5647,0.25974,243.728
3195,KB2,HARQ,Default,200,0.1,1,50,56,4.6058,0.377358,347.388
3196,KB2,HARQ,Default,200,0.1,1,50,104,6.6289,0.25974,241.367
3197,KB2,HARQ,Default,200,0.1,0,50,84,6.0621,0.298507,263.935
3198,KB2,HARQ,Default,200,0.1,0,50,92,6.1793,0.28169,258.929
3199,KB2,HARQ,Default,200,0.1,1,50,111,6.9945,0.248447,228.751
3200,KB2,HARQ,Default,200,0.1,1,50,63,5.0506,0.353982,316.794
3201,KB2,HARQ,Default,200,0.1,1,50,68,5.2419,0.338983,305.233
3202,KB2,HARQ,Default,200,0.1,1,50,89,5.9487,0.28777,268.966
3203,KB2,HARQ,Default,200,0.1,1,50,77,5.9989,0.314961,266.716
3204,KB2,HARQ,Default,200,0.1,1,50,78,5.7928,0.3125,276.205
3205,KB2,HARQ,Default,200,0.1,1,50,91,6.262,0.283688,255.509
3206,KB2,HARQ,Default,200,0.1,1,50,73,5.6033,0.325203,285.546
3207,KB2,HARQ,Default,200,0.1,1,50,67,5.3105,0.34188,301.29
3208,KB2,HARQ,Default,200,0.1,1,50,60,5.2918,0.363636,302.355
3209,KB2,HARQ,Default,200,0.1,1,50,93,6.1341,0.27972,260.837
3210,KB2,HARQ,Default,200,0.1,1,50,91,6.0881,0.283688,262.808
3211,KB2,HARQ,Default,200,0.1,1,50,84,5.7618,0.298507,277.691
3212,KB2,HARQ,Default,200,0.1,1,50,76,5.4243,0.31746,294.969
3213,KB2,HARQ,Default,200,0.1,1,50,67,5.1745,0.34188,309.209
3214,KB2,HARQ,Default,200,0.1,1,50,94,6.1894,0.277778,258.506
3215,KB2,HARQ,Default,200,0.1,1,50,77,5.4802,0.314961,291.96
3216,KB2,HARQ,Default,200,0.1,1,50,63,5.229,0.353982,305.986
3217,KB2,HARQ,Default,200,0.1,1,50,94,6.184,0.277778,258.732
3218,KB2,HARQ,Default,200,0.1,1,50,76,5.4064,0.31746,295.946
3219,KB2,HARQ,Default,200,0.1,1,50,78,6.2187,0.3125,257.289
3220,KB2,HARQ,Default,200,0.1,1,50,80,5.7163,0.307692,279.901
3221,KB2,HARQ,Default,200,0.1,1,50,66,5.1629,0.344828,309.903
3222,KB2,HARQ,Default,200,0.1,1,50,92,6.2728,0.28169,255.07
3223,KB2,HARQ,Default,200,0.1,1,50,81,5.7283,0.305344,279.315
3224,KB2,HARQ,Default,200,0.1,1,50,60,5.1219,0.363636,312.384
3225,KB2,HARQ,Default,200,0.1,1,50,86,5.8299,0.294118,274.447
3226,KB2,HARQ,Default,200,0.1,1,50,111,7.0587,0.248447,226.671
3227,KB2,HARQ,Default,200,0.1,1,50,91,6.0129,0.283688,266.095
3228,KB2,HARQ,Default,200,0.1,1,50,73,5.3032,0.325203,301.705
3229,KB2,HARQ,Default,200,0.1,1,50,82,5.8054,0.30303,275.605
3230,KB2,HARQ,Default,200,0.1,1,50,70,5.1826,0.333333,308.725
3231,KB2,HARQ,Default,200,0.1,1,50,69,5.2666,0.336134,303.801
3232,KB2,HARQ,Default,200,0.1,1,50,89,6.0126,0.28777,266.108
3233,KB2,HARQ,Default,200,0.1,1,50,102,6.5345,0.263158,244.854
3234,KB2,HARQ,Default,200,0.1,1,50,89,5.9591,0.28777,268.497
3235,KB2,HARQ,Default,200,0.1,0,50,78,5.474,0.3125,292.291
3236,KB2,HARQ,Default,200,0.1,1,50,73,5.2573,0.325203,304.339
3237,KB2,HARQ,Default,200,0.1,1,50,76,5.6332,0.31746,284.03
3238,KB2,HARQ,Default,200,0.1,1,50,62,4.8529,0.357143,329.7
3239,KB2,HARQ,Default,200,0.1,1,50,88,5.956,0.289855,268.637
3240,KB2,HARQ,Default,200,0.1,1,50,92,6.0872,0.28169,262.847
3241,KB2,HARQ,Default,200,0.1,1,50,60,4.8179,0.363636,332.095
3242,KB2,HARQ,Default,200,0.1,0,50,68,5.1369,0.338983,311.472
3243,KB2,HARQ,Default,200,0.1,1,50,51,4.6176,0.39604,346.5
3244,KB2,HARQ,Default,200,0.1,1,50,60,4.8331,0.363636,331.05
3245,KB2,HARQ,Default,200,0.1,1,50,65,4.9829,0.347826,321.098
3246,KB2,HARQ,Default,200,0.1,1,50,84,5.8213,0.298507,274.853
3247,KB2,HARQ,Default,200,0.1,1,50,67,5.0259,0.34188,318.351
3248,KB2,HARQ,Default,200,0.1,1,50,82,5.6873,0.30303,281.329
3249,KB2,HARQ,Default,200,0.1,1,50,63,4.9098,0.353982,325.879
3250,KB2,HARQ,Default,200,0.1,1,50,83,5.7372,0.300752,278.882
3251,KB2,HARQ,Default,200,0.1,1,50,72,5.24,0.327869,305.344
3252,KB2,HARQ,Default,200,0.1,1,50,84,5.7873,0.298507,276.467
3253,KB2,HARQ,Default,200,0.1,1,50,57,4.6503,0.373832,344.064
3254,KB2,HARQ,Default,200,0.1,1,50,64,4.9722,0.350877,321.789
3255,KB2,HARQ,Default,200,0.1,1,50,98,6.4047,0.27027,249.817
3256,KB2,HARQ,Default,200,0.1,1,50,71,5.2547,0.330579,304.489
3257,KB2,HARQ,Default,200,0.1,1,50,64,4.9505,0.350877,323.2
3258,KB2,HARQ,Default,200,0.1,1,50,80,5.5633,0.307692,287.599
3259,KB2,HARQ,Default,200,0.1,1,50,69,5.0924,0.336134,314.194
3260,KB2,HARQ,Default,200,0.1,1,50,95,6.0755,0.275862,263.353
3261,KB2,HARQ,Default,200,0.1,1,50,73,5.4546,0.325203,293.33
3262,KB2,HARQ,Default,200,0.1,1,50,68,4.9586,0.338983,322.672
3263,KB2,HARQ,Default,200,0.1,1,50,86,5.8233,0.294118,274.758
3264,KB2,HARQ,Default,200,0.1,1,50,108,7.0208,0.253165,227.894
3265,KB2,HARQ,Default,200,0.1,1,50,87,6.0572,0.291971,264.148
3266,KB2,HARQ,Default,200,0.1,1,50,91,6.0083,0.283688,266.298
3267,KB2,HARQ,Default,200,0.1,1,50,54,4.419,0.384615,362.073
3268,KB2,HARQ,Default,200,0.1,1,50,77,5.46,0.314961,293.04
3269,KB2,HARQ,Default,200,0.1,1,50,81,6.2846,0.305344,254.591
3270,KB2,HARQ,Default,200,0.1,1,50,65,4.9852,0.347826,320.95
3271,KB2,HARQ,Default,200,0.1,1,50,111,7.246,0.248447,220.811
3272,KB2,HARQ,Default,200,0.1,1,50,60,5.2369,0.363636,305.524
3273,KB2,HARQ,Default,200,0.1,1,50,105,6.667,0.258065,239.988
3274,KB2,HARQ,Default,200,0.1,1,50,70,5.3448,0.333333,299.356
3275,KB2,HARQ,Default,200,0.1,1,50,80,5.5468,0.307692,288.455
3276,KB2,HARQ,Default,200,0.1,1,50,86,5.8907,0.294118,271.615
3277,KB2,HARQ,Default,200,0.1,1,50,61,4.7799,0.36036,334.735
3278,KB2,HARQ,Default,200,0.1,1,50,67,5.0635,0.34188,315.987
3279,KB2,HARQ,Default,200,0.1,1,50,72,5.279,0.327869,303.088
3280,KB2,HARQ,Default,200,0.1,1,50,63,4.9064,0.353982,326.105
3281,KB2,HARQ,Default,200,0.1,1,50,80,5.6023,0.307692,285.597
3282,KB2,HARQ,Default,200,0.1,1,50,99,6.3518,0.268456,251.897
3283,KB2,HARQ,Default,200,0.1,1,50,68,5.4703,0.338983,292.489
3284,KB2,HARQ,Default,200,0.1,1,50,82,5.7286,0.30303,279.3
3285,KB2,HARQ,Default,200,0.1,1,50,95,6.2253,0.275862,257.016
3286,KB2,HARQ,Default,200,0.1,1,50,79,5.5724,0.310078,287.129
3287,KB2,HARQ,Default,200,0.1,1,50,71,5.564,0.330579,287.563
3288,KB2,HARQ,Default,200,0.1,1,50,54,4.5878,0.384615,348.751
3289,KB2,HARQ,Default,200,0.1,1,50,85,6.3151,0.296296,253.361
3290,KB2,HARQ,Default,200,0.1,1,50,60,4.9751,0.363636,321.602
3291,KB2,HARQ,Default,200,0.1,1,50,65,5.089,0.347826,314.404
3292,KB2,HARQ,Default,200,0.1,0,50,60,5.0401,0.363636,317.454
3293,KB2,HARQ,Default,200,0.1,0,50,76,5.406,0.31746,295.967
3294,KB2,HARQ,Default,200,0.1,1,50,73,5.3517,0.325203,298.97
3295,KB2,HARQ,Default,200,0.1,1,50,102,6.6281,0.263158,241.396
3296,KB2,HARQ,Default,200,0.1,1,50,103,6.5479,0.261438,244.353
3297,KB2,HARQ,Default,200,0.1,0,50,76,5.5107,0.31746,290.344
3298,KB2,HARQ,Default,200,0.1,0,50,83,6.6969,0.300752,238.917
3299,KB2,HARQ,Default,200,0.1,1,50,88,6.1168,0.289855,261.575
3300,KB2,HARQ,Default,200,0.1,1,50,83,6.2384,0.300752,256.476
3301,KB2,HARQ,Default,200,0.1,1,50,85,5.9403,0.296296,269.347
3302,KB2,HARQ,Default,200,0.1,1,50,67,5.5488,0.34188,288.351
3303,KB2,HARQ,Default,200,0.1,1,50,95,7.2792,0.275862,219.804
3304,KB2,HARQ,Default,200,0.1,1,50,63,4.9509,0.353982,323.174
3305,KB2,HARQ,Default,200,0.1,1,50,85,6.1465,0.296296,260.311
3306,KB2,HARQ,Default,200,0.1,0,50,80,5.8989,0.307692,271.237
3307,KB2,HARQ,Default,200,0.1,1,50,69,5.3759,0.336134,297.625
3308,KB2,HARQ,Default,200,0.1,1,50,82,6.0642,0.30303,263.844
3309,KB2,HARQ,Default,200,0.1,1,50,70,5.2475,0.333333,304.907
3310,KB2,HARQ,Default,200,0.1,0,50,78,5.4834,0.3125,291.79
3311,KB2,HARQ,Default,200,0.1,1,50,78,5.5517,0.3125,288.2
3312,KB2,HARQ,Default,200,0.1,1,50,78,5.5031,0.3125,290.745
3313,KB2,HARQ,Default,200,0.1,0,50,83,5.9705,0.300752,267.984
3314,KB2,HARQ,Default,200,0.1,1,50,76,5.4496,0.31746,293.6
3315,KB2,HARQ,Default,200,0.1,1,50,85,5.9709,0.296296,267.966
3316,KB2,HARQ,Default,200,0.1,1,50,75,5.4711,0.32,292.446
3317,KB2,HARQ,Default,200,0.1,1,50,62,4.8461,0.357143,330.162
3318,KB2,HARQ,Default,200,0.1,1,50,63,5.1344,0.353982,311.624
3319,KB2,HARQ,Default,200,0.1,1,50,87,5.9104,0.291971,270.709
3320,KB2,HARQ,Default,200,0.1,1,50,76,5.4162,0.31746,295.41
3321,KB2,HARQ,Default,200,0.1,1,50,86,5.8897,0.294118,271.661
3322,KB2,HARQ,Default,200,0.1,1,50,59,4.6913,0.366972,341.057
3323,KB2,HARQ,Default,200,0.1,1,50,81,5.7613,0.305344,277.715
3324,KB2,HARQ,Default,200,0.1,1,50,74,5.3461,0.322581,299.284
3325,KB2,HARQ,Default,200,0.1,1,50,79,5.5394,0.310078,288.84
3326,KB2,HARQ,Default,200,0.1,1,50,83,5.7093,0.300752,280.245
3327,KB2,HARQ,Default,200,0.1,0,50,106,6.6923,0.25641,239.081
3328,KB2,HARQ,Default,200,0.1,1,50,76,5.4372,0.31746,294.269
3329,KB2,HARQ,Default,200,0.1,1,50,50,4.4382,0.4,360.507
3330,KB2,HARQ,Default,200,0.1,1,50,83,5.7965,0.300752,276.029
3331,KB2,HARQ,Default,200,0.1,0,50,75,5.6365,0.32,283.864
3332,KB2,HARQ,Default,200,0.1,1,50,64,5.3313,0.350877,300.114
3333,KB2,HARQ,Default,200,0.1,1,50,68,5.1392,0.338983,311.333
3334,KB2,HARQ,Default,200,0.1,1,50,68,5.2329,0.338983,305.758
3335,KB2,HARQ,Default,200,0.1,1,50,74,5.9226,0.322581,270.152
3336,KB2,HARQ,Default,200,0.1,1,50,70,5.4111,0.333333,295.688
3337,KB2,HARQ,Default,200,0.1,1,50,81,6.1588,0.305344,259.791
3338,KB2,HARQ,Default,200,0.1,1,50,96,7.0147,0.273973,228.092
3339,KB2,HARQ,Default,200,0.1,1,50,90,6.1115,0.285714,261.802
3340,KB2,HARQ,Default,200,0.1,1,50,94,6.4436,0.277778,248.308
3341,KB2,HARQ,Default,200,0.1,1,50,73,5.7942,0.325203,276.138
3342,KB2,HARQ,Default,200,0.1,1,50,70,5.3197,0.333333,300.769
3343,KB2,HARQ,Default,200,0.1,0,50,58,4.8833,0.37037,327.647
3344,KB2,HARQ,Default,200,0.1,1,50,75,5.4735,0.32,292.318
3345,KB2,HARQ,Default,200,0.1,1,50,75,5.3504,0.32,299.043
3346,KB2,HARQ,Default,200,0.1,1,50,67,5.3107,0.34188,301.279
3347,KB2,HARQ,Default,200,0.1,1,50,107,7.0314,0.254777,227.551
3348,KB2,HARQ,Default,200,0.1,1,50,88,5.9322,0.289855,269.714
3349,KB2,HARQ,Default,200,0.1,1,50,96,6.4778,0.273973,246.997
3350,KB2,HARQ,Default,200,0.1,1,50,78,5.5045,0.3125,290.671
3351,KB2,HARQ,Default,200,0.1,1,50,72,5.2315,0.327869,305.84
3352,KB2,HARQ,Default,200,0.1,1,50,85,6.2077,0.296296,257.744
3353,KB2,HARQ,Default,200,0.1,1,50,48,4.346,0.408163,368.155
3354,KB2,HARQ,Default,200,0.1,1,50,88,5.8609,0.289855,272.996
3355,KB2,HARQ,Default,200,0.1,1,50,85,5.8231,0.296296,274.768
3356,KB2,HARQ,Default,200,0.1,1,50,111,7.0178,0.248447,227.992
3357,KB2,HARQ,Default,200,0.1,1,50,78,5.5422,0.3125,288.694
3358,KB2,HARQ,Default,200,0.1,1,50,102,6.7312,0.263158,237.699
3359,KB2,HARQ,Default,200,0.1,1,50,90,5.9649,0.285714,268.236
3360,KB2,HARQ,Default,200,0.1,1,50,78,5.4622,0.3125,292.922
3361,KB2,HARQ,Default,200,0.1,1,50,93,6.257,0.27972,255.714
3362,KB2,HARQ,Default,200,0.1,0,50,71,5.3091,0.330579,301.369
3363,KB2,HARQ,Default,200,0.1,1,50,68,5.12,0.338983,312.5
3364,KB2,HARQ,Default,200,0.1,1,50,106,6.6036,0.25641,242.292
3365,KB2,HARQ,Default,200,0.1,1,50,101,6.3901,0.264901,250.387
3366,KB2,HARQ,Default,200,0.1,0,50,64,5.0133,0.350877,319.151
3367,KB2,HARQ,Default,200,0.1,1,50,100,6.3652,0.266667,251.367
3368,KB2,HARQ,Default,200,0.1,1,50,87,5.8528,0.291971,273.373
3369,KB2,HARQ,Default,200,0.1,1,50,67,5.0355,0.34188,317.744
3370,KB2,HARQ,Default,200,0.1,1,50,71,5.1653,0.330579,309.759
3371,KB2,HARQ,Default,200,0.1,1,50,62,4.8111,0.357143,332.564
3372,KB2,HARQ,Default,200,0.1,1,50,48,4.3861,0.408163,364.789
3373,KB2,HARQ,Default,200,0.1,1,50,78,5.623,0.3125,284.546
3374,KB2,HARQ,Default,200,0.1,1,50,84,5.8584,0.298507,273.112
3375,KB2,HARQ,Default,200,0.1,1,50,73,5.4808,0.325203,291.928
3376,KB2,HARQ,Default,200,0.1,1,50,98,6.4828,0.27027,246.807
3377,KB2,HARQ,Default,200,0.1,1,50,71,5.3634,0.330579,298.318
3378,KB2,HARQ,Default,200,0.1,1,50,76,5.5272,0.31746,289.477
3379,KB2,HARQ,Default,200,0.1,1,50,75,5.4026,0.32,296.154
3380,KB2,HARQ,Default,200,0.1,1,50,98,6.3046,0.27027,253.783
3381,KB2,HARQ,Default,200,0.1,1,50,71,5.2385,0.330579,305.431
3382,KB2,HARQ,Default,200,0.1,1,50,94,6.1583,0.277778,259.812
3383,KB2,HARQ,Default,200,0.1,1,50,71,5.4004,0.330579,296.274
3384,KB2,HARQ,Default,200,0.1,1,50,90,6.0185,0.285714,265.847
3385,KB2,HARQ,Default,200,0.1,1,50,99,6.3282,0.268456,252.837
3386,KB2,HARQ,Default,200,0.1,0,50,114,6.8983,0.243902,231.941
3387,KB2,HARQ,Default,200,0.1,1,50,93,6.0619,0.27972,263.944
3388,KB2,HARQ,Default,200,0.1,1,50,76,5.3988,0.31746,296.362
3389,KB2,HARQ,Default,200,0.1,1,50,63,4.8407,0.353982,330.531
3390,KB2,HARQ,Default,200,0.1,0,50,99,6.2881,0.268456,254.449
3391,KB2,HARQ,Default,200,0.1,0,50,80,5.5699,0.307692,287.258
3392,KB2,HARQ,Default,200,0.1,1,50,77,5.4246,0.314961,294.953
3393,KB2,HARQ,Default,200,0.1,1,50,73,5.4528,0.325203,293.427
3394,KB2,HARQ,Default,200,0.1,1,50,89,5.9302,0.28777,269.805
3395,KB2,HARQ,Default,200,0.1,1,50,75,5.3368,0.32,299.805
3396,KB2,HARQ,Default,200,0.1,1,50,85,6.4419,0.296296,248.374
3397,KB2,HARQ,Default,200,0.1,1,50,97,6.3551,0.272109,251.766
3398,KB2,HARQ,Default,200,0.1,0,50,72,5.6658,0.327869,282.396
3399,KB2,HARQ,Default,200,0.1,1,50,88,6.1646,0.289855,259.546
3400,KB2,HARQ,Default,200,0.1,1,50,78,5.4818,0.3125,291.875
3401,KB2,HARQ,Default,200,0.1,1,50,63,5.1262,0.353982,312.122
3402,KB2,HARQ,Default,200,0.1,1,50,68,5.0594,0.338983,316.243
3403,KB2,HARQ,Default,200,0.1,1,50,59,4.6755,0.366972,342.209
3404,KB2,HARQ,Default,200,0.1,1,50,58,4.7862,0.37037,334.294
3405,KB2,HARQ,Default,200,0.1,1,50,69,5.0827,0.336134,314.793
3406,KB2,HARQ,Default,200,0.1,1,50,85,5.827,0.296296,274.584
3407,KB2,HARQ,Default,200,0.1,1,50,65,4.9585,0.347826,322.678
3408,KB2,HARQ,Default,200,0.1,1,50,84,5.7412,0.298507,278.687
3409,KB2,HARQ,Default,200,0.1,1,50,76,5.4759,0.31746,292.189
3410,KB2,HARQ,Default,200,0.1,1,50,87,5.8893,0.291971,271.679
3411,KB2,HARQ,Default,200,0.1,1,50,90,5.9521,0.285714,268.813
3412,KB2,HARQ,Default,200,0.1,1,50,98,6.336,0.27027,252.525
3413,KB2,HARQ,Default,200,0.1,1,50,117,7.1246,0.239521,224.574
3414,KB2,HARQ,Default,200,0.1,1,50,92,6.0861,0.28169,262.894
3415,KB2,HARQ,Default,200,0.1,1,50,84,5.7708,0.298507,277.258
3416,KB2,HARQ,Default,200,0.1,1,50,95,6.1995,0.275862,258.085
3417,KB2,HARQ,Default,200,0.1,1,50,72,5.2546,0.327869,304.495
3418,KB2,HARQ,Default,200,0.1,1,50,78,6.2918,0.3125,254.299
3419,KB2,HARQ,Default,200,0.1,1,50,60,4.8066,0.363636,332.876
3420,KB2,HARQ,Default,200,0.1,1,50,66,5.1602,0.344828,310.066
3421,KB2,HARQ,Default,200,0.1,1,50,81,5.9916,0.305344,267.041
3422,KB2,HARQ,Default,200,0.1,1,50,78,6.0381,0.3125,264.984
3423,KB2,HARQ,Default,200,0.1,1,50,84,5.9996,0.298507,266.684
3424,KB2,HARQ,Default,200,0.1,1,50,87,6.508,0.291971,245.851
3425,KB2,HARQ,Default,200,0.1,0,50,62,4.8916,0.357143,327.091
3426,KB2,HARQ,Default,200,0.1,0,50,99,6.3396,0.268456,252.382
3427,KB2,HARQ,Default,200,0.1,1,50,64,5.2337,0.350877,305.711
3428,KB2,HARQ,Default,200,0.1,0,50,89,6.2668,0.28777,255.314
3429,KB2,HARQ,Default,200,0.1,1,50,69,5.1855,0.336134,308.553
3430,KB2,HARQ,Default,200,0.1,0,50,65,5.3854,0.347826,297.1
3431,KB2,HARQ,Default,200,0.1,1,50,106,6.777,0.25641,236.093
3432,KB2,HARQ,Default,200,0.1,1,50,69,5.1273,0.336134,312.055
3433,KB2,HARQ,Default,200,0.1,1,50,98,6.3813,0.27027,250.733
3434,KB2,HARQ,Default,200,0.1,1,50,95,6.1426,0.275862,260.476
3435,KB2,HARQ,Default,200,0.1,1,50,96,6.2785,0.273973,254.838
3436,KB2,HARQ,Default,200,0.1,1,50,80,5.6055,0.307692,285.434
3437,KB2,HARQ,Default,200,0.1,1,50,77,5.4134,0.314961,295.563
3438,KB2,HARQ,Default,200,0.1,1,50,73,5.4881,0.325203,291.54
3439,KB2,HARQ,Default,200,0.1,1,50,92,6.0262,0.28169,265.507
3440,KB2,HARQ,Default,200,0.1,1,50,81,5.6187,0.305344,284.763
3441,KB2,HARQ,Default,200,0.1,1,50,110,6.9002,0.25,231.877
3442,KB2,HARQ,Default,200,0.1,1,50,79,5.5072,0.310078,290.529
3443,KB2,HARQ,Default,200,0.1,0,50,64,5.0071,0.350877,319.546
3444,KB2,HARQ,Default,200,0.1,1,50,106,6.6242,0.25641,241.539
3445,KB2,HARQ,Default,200,0.1,1,50,65,4.9527,0.347826,323.056
3446,KB2,HARQ,Default,200,0.1,1,50,77,5.684,0.314961,281.492
3447,KB2,HARQ,Default,200,0.1,1,50,52,5.0769,0.392157,315.153
3448,KB2,HARQ,Default,200,0.1,1,50,55,4.5696,0.380952,350.14
3449,KB2,HARQ,Default,200,0.1,1,50,71,6.06,0.330579,264.026
3450,KB2,HARQ,Default,200,0.1,1,50,72,8.4843,0.327869,188.584
3451,KB2,HARQ,Default,200,0.1,1,50,98,8.8677,0.27027,180.43
3452,KB2,HARQ,Default,200,0.1,0,50,71,5.8219,0.330579,274.824
3453,KB2,HARQ,Default,200,0.1,1,50,87,6.0691,0.291971,263.631
3454,KB2,HARQ,Default,200,0.1,1,50,77,5.5986,0.314961,285.786
3455,KB2,HARQ,Default,200,0.1,1,50,71,5.4993,0.330579,290.946
3456,KB2,HARQ,Default,200,0.1,1,50,99,6.4069,0.268456,249.731
3457,KB2,HARQ,Default,200,0.1,1,50,80,5.6969,0.307692,280.854
3458,KB2,HARQ,Default,200,0.1,1,50,90,6.0017,0.285714,266.591
3459,KB2,HARQ,Default,200,0.1,1,50,74,5.3504,0.322581,299.043
3460,KB2,HARQ,Default,200,0.1,1,50,83,5.7261,0.300752,279.422
3461,KB2,HARQ,Default,200,0.1,1,50,58,4.6812,0.37037,341.793
3462,KB2,HARQ,Default,200,0.1,1,50,76,5.5309,0.31746,289.284
3463,KB2,HARQ,Default,200,0.1,1,50,69,5.3596,0.336134,298.53
3464,KB2,HARQ,Default,200,0.1,1,50,69,5.1669,0.336134,309.663
3465,KB2,HARQ,Default,200,0.1,1,50,112,6.9005,0.246914,231.867
3466,KB2,HARQ,Default,200,0.1,1,50,71,5.1896,0.330579,308.309
3467,KB2,HARQ,Default,200,0.1,1,50,68,5.1189,0.338983,312.567
3468,KB2,HARQ,Default,200,0.1,1,50,62,4.8594,0.357143,329.259
3469,KB2,HARQ,Default,200,0.1,1,50,71,5.226,0.330579,306.162
3470,KB2,HARQ,Default,200,0.1,1,50,72,5.3908,0.327869,296.802
3471,KB2,HARQ,Default,200,0.1,1,50,107,6.7158,0.254777,238.244
3472,KB2,HARQ,Default,200,0.1,1,50,83,5.7486,0.300752,278.329
3473,KB2,HARQ,Default,200,0.1,1,50,76,5.4794,0.31746,292.003
3474,KB2,HARQ,Default,200,0.1,1,50,73,5.364,0.325203,298.285
3475,KB2,HARQ,Default,200,0.1,0,50,77,5.4737,0.314961,292.307
3476,KB2,HARQ,Default,200,0.1,1,50,76,5.4743,0.31746,292.275
3477,KB2,HARQ,Default,200,0.1,1,50,95,6.1989,0.275862,258.11
3478,KB2,HARQ,Default,200,0.1,1,50,91,6.0457,0.283688,264.651
3479,KB2,HARQ,Default,200,0.1,1,50,69,5.115,0.336134,312.805
3480,KB2,HARQ,Default,200,0.1,1,50,87,5.8508,0.291971,273.467
3481,KB2,HARQ,Default,200,0.1,1,50,66,5.0495,0.344828,316.863
3482,KB2,HARQ,Default,200,0.1,1,50,78,5.3559,0.3125,298.736
3483,KB2,HARQ,Default,200,0.1,1,50,79,5.3964,0.310078,296.494
3484,KB2,HARQ,Default,200,0.1,0,50,76,5.6778,0.31746,281.799
3485,KB2,HARQ,Default,200,0.1,1,50,69,5.0853,0.336134,314.632
3486,KB2,HARQ,Default,200,0.1,1,50,87,5.6937,0.291971,281.012
3487,KB2,HARQ,Default,200,0.1,1,50,103,6.5425,0.261438,244.555
3488,KB2,HARQ,Default,200,0.1,1,50,92,5.9861,0.28169,267.286
3489,KB2,HARQ,Default,200,0.1,1,50,62,5.2361,0.357143,305.571
3490,KB2,HARQ,Default,200,0.1,1,50,59,4.6757,0.366972,342.195
3491,KB2,HARQ,Default,200,0.1,1,50,82,5.495,0.30303,291.174
3492,KB2,HARQ,Default,200,0.1,1,50,80,5.4833,0.307692,291.795
3493,KB2,HARQ,Default,200,0.1,1,50,68,4.9901,0.338983,320.635
3494,KB2,HARQ,Default,200,0.1,1,50,103,6.3255,0.261438,252.944
3495,KB2,HARQ,Default,200,0.1,1,50,81,5.6216,0.305344,284.616
3496,KB2,HARQ,Default,200,0.1,0,50,77,5.3971,0.314961,296.456
3497,KB2,HARQ,Default,200,0.1,1,50,45,4.0541,0.421053,394.662
3498,KB2,HARQ,Default,200,0.1,0,50,79,5.8708,0.310078,272.535
3499,KB2,HARQ,Default,200,0.1,1,50,78,5.4313,0.3125,294.589
3500,KB2,HARQ,Default,200,0.1,1,50,78,5.4593,0.3125,293.078
3501,KB2,HARQ,Default,200,0.1,0,50,86,5.8074,0.294118,275.511
3502,KB2,HARQ,Default,200,0.1,1,50,79,5.5352,0.310078,289.059
3503,KB2,HARQ,Default,200,0.1,1,50,90,6.1008,0.285714,262.261
3504,KB2,HARQ,Default,200,0.1,1,50,70,5.1999,0.333333,307.698
3505,KB2,HARQ,Default,200,0.1,1,50,66,5.0232,0.344828,318.522
3506,KB2,HARQ,Default,200,0.1,0,50,61,4.9843,0.36036,321.008
3507,KB2,HARQ,Default,200,0.1,1,50,97,6.2615,0.272109,255.53
3508,KB2,HARQ,Default,200,0.1,1,50,96,6.3293,0.273973,252.793
3509,KB2,HARQ,Default,200,0.1,0,50,86,5.8399,0.294118,273.977
3510,KB2,HARQ,Default,200,0.1,1,50,71,5.1987,0.330579,307.769
3511,KB2,HARQ,Default,200,0.1,1,50,78,5.5593,0.3125,287.806
3512,KB2,HARQ,Default,200,0.1,1,50,88,5.9034,0.289855,271.03
3513,KB2,HARQ,Default,200,0.1,1,50,67,5.0712,0.34188,315.507
3514,KB2,HARQ,Default,200,0.1,0,50,70,5.3155,0.333333,301.006
3515,KB2,HARQ,Default,200,0.1,1,50,79,5.5675,0.310078,287.382
3516,KB2,HARQ,Default,200,0.1,1,50,73,5.407,0.325203,295.913
3517,KB2,HARQ,Default,200,0.1,1,50,49,4.3376,0.40404,368.868
3518,KB2,HARQ,Default,200,0.1,1,50,73,5.1516,0.325203,310.583
3519,KB2,HARQ,Default,200,0.1,1,50,76,5.3409,0.31746,299.575
3520,KB2,HARQ,Default,200,0.1,0,50,93,6.0528,0.27972,264.34
3521,KB2,HARQ,Default,200,0.1,0,50,104,6.3824,0.25974,250.689
3522,KB2,HARQ,Default,200,0.1,1,50,53,4.4227,0.38835,361.77
3523,KB2,HARQ,Default,200,0.1,1,50,72,5.3821,0.327869,297.282
3524,KB2,HARQ,Default,200,0.1,0,50,91,5.9356,0.283688,269.56
3525,KB2,HARQ,Default,200,0.1,1,50,121,7.3274,0.233918,218.358
3526,KB2,HARQ,Default,200,0.1,1,50,73,5.2536,0.325203,304.553
3527,KB2,HARQ,Default,200,0.1,1,50,92,6.0117,0.28169,266.148
3528,KB2,HARQ,Default,200,0.1,1,50,75,5.3435,0.32,299.429
3529,KB2,HARQ,Default,200,0.1,0,50,91,6.0619,0.283688,263.944
3530,KB2,HARQ,Default,200,0.1,1,50,67,5.2019,0.34188,307.58
3531,KB2,HARQ,Default,200,0.1,1,50,112,7.6778,0.246914,208.393
3532,KB2,HARQ,Default,200,0.1,1,50,93,5.9803,0.27972,267.545
3533,KB2,HARQ,Default,200,0.1,1,50,68,6.1575,0.338983,259.846
3534,KB2,HARQ,Default,200,0.1,1,50,58,4.8176,0.37037,332.116
3535,KB2,HARQ,Default,200,0.1,1,50,75,5.3855,0.32,297.094
3536,KB2,HARQ,Default,200,0.1,1,50,127,7.5854,0.225989,210.932
3537,KB2,HARQ,Default,200,0.1,1,50,62,4.8405,0.357143,330.544
3538,KB2,HARQ,Default,200,0.1,1,50,85,5.7815,0.296296,276.745
3539,KB2,HARQ,Default,200,0.1,1,50,79,5.539,0.310078,288.861
3540,KB2,HARQ,Default,200,0.1,0,50,86,5.8397,0.294118,273.987
3541,KB2,HARQ,Default,200,0.1,1,50,63,4.869,0.353982,328.61
3542,KB2,HARQ,Default,200,0.1,0,50,83,5.6877,0.300752,281.309
3543,KB2,HARQ,Default,200,0.1,0,50,87,5.8138,0.291971,275.207
3544,KB2,HARQ,Default,200,0.1,1,50,68,5.1083,0.338983,313.216
3545,KB2,HARQ,Default,200,0.1,1,50,87,5.8458,0.291971,273.701
3546,KB2,HARQ,Default,200,0.1,0,50,87,5.8607,0.291971,273.005
3547,KB2,HARQ,Default,200,0.1,1,50,66,5.0365,0.344828,317.681
3548,KB2,HARQ,Default,200,0.1,1,50,66,4.9987,0.344828,320.083
3549,KB2,HARQ,Default,200,0.1,0,50,75,5.3617,0.32,298.413
3550,KB2,HARQ,Default,200,0.1,0,50,101,6.491,0.264901,246.495
3551,KB2,HARQ,Default,200,0.1,1,50,75,5.9353,0.32,269.574
3552,KB2,HARQ,Default,200,0.1,1,50,65,5.0171,0.347826,318.909
3553,KB2,HARQ,Default,200,0.1,1,50,78,5.6025,0.3125,285.587
3554,KB2,HARQ,Default,200,0.1,0,50,81,5.9877,0.305344,267.214
3555,KB2,HARQ,Default,200,0.1,1,50,69,5.6706,0.336134,282.157
3556,KB2,HARQ,Default,200,0.1,1,50,71,5.3749,0.330579,297.68
3557,KB2,HARQ,Default,200,0.1,1,50,83,5.8116,0.300752,275.311
3558,KB2,HARQ,Default,200,0.1,0,50,89,6.068,0.28777,263.678
3559,KB2,HARQ,Default,200,0.1,1,50,93,6.2417,0.27972,256.34
3560,KB2,HARQ,Default,200,0.1,1,50,61,4.9978,0.36036,320.141
3561,KB2,HARQ,Default,200,0.1,0,50,86,6.0612,0.294118,263.974
3562,KB2,HARQ,Default,200,0.1,1,50,55,4.5354,0.380952,352.78
3563,KB2,HARQ,Default,200,0.1,1,50,90,6.4734,0.285714,247.165
3564,KB2,HARQ,Default,200,0.1,1,50,70,5.1557,0.333333,310.336
3565,KB2,HARQ,Default,200,0.1,1,50,71,5.3276,0.330579,300.323
3566,KB2,HARQ,Default,200,0.1,1,50,58,4.8722,0.37037,328.394
3567,KB2,HARQ,Default,200,0.1,0,50,74,5.353,0.322581,298.898
3568,KB2,HARQ,Default,200,0.1,1,50,94,6.1326,0.277778,260.901
3569,KB2,HARQ,Default,200,0.1,1,50,81,5.7192,0.305344,279.759
3570,KB2,HARQ,Default,200,0.1,0,50,64,4.9338,0.350877,324.294
3571,KB2,HARQ,Default,200,0.1,0,50,90,5.9838,0.285714,267.389
3572,KB2,HARQ,Default,200,0.1,1,50,88,5.9249,0.289855,270.047
3573,KB2,HARQ,Default,200,0.1,1,50,64,4.9057,0.350877,326.151
3574,KB2,HARQ,Default,200,0.1,1,50,83,5.7923,0.300752,276.229
3575,KB2,HARQ,Default,200,0.1,1,50,79,5.5303,0.310078,289.315
3576,KB2,HARQ,Default,200,0.1,1,50,87,5.9038,0.291971,271.012
3577,KB2,HARQ,Default,200,0.1,1,50,101,6.5863,0.264901,242.929
3578,KB2,HARQ,Default,200,0.1,1,50,95,6.194,0.275862,258.314
3579,KB2,HARQ,Default,200,0.1,1,50,71,5.2366,0.330579,305.542
3580,KB2,HARQ,Default,200,0.1,0,50,74,5.3086,0.322581,301.398
3581,KB2,HARQ,Default,200,0.1,1,50,88,6.0624,0.289855,263.922
3582,KB2,HARQ,Default,200,0.1,1,50,90,6.1403,0.285714,260.574
3583,KB2,HARQ,Default,200,0.1,1,50,80,5.6026,0.307692,285.582
3584,KB2,HARQ,Default,200,0.1,1,50,54,4.5141,0.384615,354.445
3585,KB2,HARQ,Default,200,0.1,1,50,92,6.1301,0.28169,261.007
3586,KB2,HARQ,Default,200,0.1,0,50,103,6.5624,0.261438,243.813
3587,KB2,HARQ,Default,200,0.1,1,50,62,4.8261,0.357143,331.531
3588,KB2,HARQ,Default,200,0.1,1,50,71,5.2403,0.330579,305.326
3589,KB2,HARQ,Default,200,0.1,1,50,92,6.1858,0.28169,258.657
3590,KB2,HARQ,Default,200,0.1,1,50,105,6.8412,0.258065,233.877
3591,KB2,HARQ,Default,200,0.1,1,50,77,5.917,0.314961,270.407
3592,KB2,HARQ,Default,200,0.1,1,50,91,6.1466,0.283688,260.307
3593,KB2,HARQ,Default,200,0.1,0,50,69,5.3484,0.336134,299.155
3594,KB2,HARQ,Default,200,0.1,1,50,94,6.3462,0.277778,252.119
3595,KB2,HARQ,Default,200,0.1,1,50,74,5.625,0.322581,284.444
3596,KB2,HARQ,Default,200,0.1,1,50,59,4.7557,0.366972,336.438
3597,KB2,HARQ,Default,200,0.1,1,50,84,5.7238,0.298507,279.535
3598,KB2,HARQ,Default,200,0.1,1,50,67,5.3505,0.34188,299.037
3599,KB2,HARQ,Default,200,0.1,0,50,92,6.1235,0.28169,261.288
3600,KB2,HARQ,Default,200,0.1,1,50,40,3.9816,0.444444,401.849
3601,KB2,HARQ,Default,200,0.1,1,50,91,6.1199,0.283688,261.442
3602,KB2,HARQ,Default,200,0.1,1,50,87,5.8644,0.291971,272.833
3603,KB2,HARQ,Default,200,0.1,1,50,106,6.8639,0.25641,233.104
3604,KB2,HARQ,Default,200,0.1,1,50,87,6.0007,0.291971,266.636
3605,KB2,HARQ,Default,200,0.1,1,50,94,6.2098,0.277778,257.657
3606,KB2,HARQ,Default,200,0.1,1,50,72,5.592,0.327869,286.123
3607,KB2,HARQ,Default,200,0.1,1,50,69,5.3496,0.336134,299.088
3608,KB2,HARQ,Default,200,0.1,1,50,101,6.5094,0.264901,245.798
3609,KB2,HARQ,Default,200,0.1,1,50,69,5.3838,0.336134,297.188
3610,KB2,HARQ,Default,200,0.1,0,50,76,5.8927,0.31746,271.522
3611,KB2,HARQ,Default,200,0.1,1,50,82,5.8432,0.30303,273.823
3612,KB2,HARQ,Default,200,0.1,1,50,85,6.2097,0.296296,257.661
3613,KB2,HARQ,Default,200,0.1,1,50,62,5.1524,0.357143,310.535
3614,KB2,HARQ,Default,200,0.1,0,50,67,5.2647,0.34188,303.911
3615,KB2,HARQ,Default,200,0.1,0,50,67,5.4151,0.34188,295.47
3616,KB2,HARQ,Default,200,0.1,1,50,86,5.8902,0.294118,271.638
3617,KB2,HARQ,Default,200,0.1,1,50,99,6.4171,0.268456,249.334
3618,KB2,HARQ,Default,200,0.1,1,50,85,5.8221,0.296296,274.815
3619,KB2,HARQ,Default,200,0.1,1,50,81,5.6264,0.305344,284.374
3620,KB2,HARQ,Default,200,0.1,1,50,61,4.7882,0.36036,334.155
3621,KB2,HARQ,Default,200,0.1,1,50,89,6.3078,0.28777,253.654
3622,KB2,HARQ,Default,200,0.1,1,50,68,5.3125,0.338983,301.176
3623,KB2,HARQ,Default,200,0.1,1,50,86,5.9144,0.294118,270.526
3624,KB2,HARQ,Default,200,0.1,1,50,66,5.4164,0.344828,295.399
3625,KB2,HARQ,Default,200,0.1,0,50,88,6.0768,0.289855,263.296
3626,KB2,HARQ,Default,200,0.1,1,50,79,5.6712,0.310078,282.127
3627,KB2,HARQ,Default,200,0.1,1,50,75,6.0068,0.32,266.365
3628,KB2,HARQ,Default,200,0.1,1,50,66,5.0099,0.344828,319.368
3629,KB2,HARQ,Default,200,0.1,1,50,75,5.4216,0.32,295.116
3630,KB2,HARQ,Default,200,0.1,1,50,97,6.2963,0.272109,254.117
3631,KB2,HARQ,Default,200,0.1,1,50,92,6.0744,0.28169,263.401
3632,KB2,HARQ,Default,200,0.1,1,50,63,4.8786,0.353982,327.963
3633,KB2,HARQ,Default,200,0.1,1,50,83,5.8249,0.300752,274.683
3634,KB2,HARQ,Default,200,0.1,1,50,90,5.9647,0.285714,268.245
3635,KB2,HARQ,Default,200,0.1,1,50,76,5.7582,0.31746,277.865
3636,KB2,HARQ,Default,200,0.1,1,50,74,5.8423,0.322581,273.865
3637,KB2,HARQ,Default,200,0.1,0,50,76,5.5189,0.31746,289.913
3638,KB2,HARQ,Default,200,0.1,1,50,93,6.6434,0.27972,240.841
3639,KB2,HARQ,Default,200,0.1,1,50,63,4.884,0.353982,327.6
3640,KB2,HARQ,Default,200,0.1,1,50,84,5.804,0.298507,275.672
3641,KB2,HARQ,Default,200,0.1,1,50,92,6.8043,0.28169,235.145
3642,KB2,HARQ,Default,200,0.1,1,50,73,5.6458,0.325203,283.397
3643,KB2,HARQ,Default,200,0.1,1,50,80,5.7876,0.307692,276.453
3644,KB2,HARQ,Default,200,0.1,1,50,101,6.7827,0.264901,235.894
3645,KB2,HARQ,Default,200,0.1,1,50,78,5.6991,0.3125,280.746
3646,KB2,HARQ,Default,200,0.1,1,50,89,6.3126,0.28777,253.461
3647,KB2,HARQ,Default,200,0.1,0,50,73,5.5837,0.325203,286.548
3648,KB2,HARQ,Default,200,0.1,1,50,86,6.0578,0.294118,264.122
3649,KB2,HARQ,Default,200,0.1,1,50,112,7.2513,0.246914,220.65
3650,KB2,HARQ,Default,200,0.1,1,50,79,5.7515,0.310078,278.188
3651,KB2,HARQ,Default,200,0.1,0,50,107,7.0886,0.254777,225.715
3652,KB2,HARQ,Default,200,0.1,1,50,85,6.0424,0.296296,264.795
3653,KB2,HARQ,Default,200,0.1,1,50,87,6.3492,0.291971,252
3654,KB2,HARQ,Default,200,0.1,1,50,77,5.7205,0.314961,279.696
3655,KB2,HARQ,Default,200,0.1,1,50,54,4.6639,0.384615,343.061
3656,KB2,HARQ,Default,200,0.1,1,50,66,5.2614,0.344828,304.102
3657,KB2,HARQ,Default,200,0.1,0,50,63,5.1304,0.353982,311.867
3658,KB2,HARQ,Default,200,0.1,1,50,78,5.7338,0.3125,279.047
3659,KB2,HARQ,Default,200,0.1,0,50,98,6.7586,0.27027,236.735
3660,KB2,HARQ,Default,200,0.1,1,50,80,5.8897,0.307692,271.661
3661,KB2,HARQ,Default,200,0.1,1,50,84,6.3314,0.298507,252.709
3662,KB2,HARQ,Default,200,0.1,1,50,88,6.5883,0.289855,242.855
3663,KB2,HARQ,Default,200,0.1,1,50,80,6.001,0.307692,266.622
3664,KB2,HARQ,Default,200,0.1,1,50,61,5.0629,0.36036,316.024
3665,KB2,HARQ,Default,200,0.1,0,50,76,5.7206,0.31746,279.691
3666,KB2,HARQ,Default,200,0.1,1,50,111,7.2359,0.248447,221.12
3667,KB2,HARQ,Default,200,0.1,1,50,73,5.5158,0.325203,290.076
3668,KB2,HARQ,Default,200,0.1,0,50,107,7.0557,0.254777,226.767
3669,KB2,HARQ,Default,200,0.1,1,50,57,4.875,0.373832,328.205
3670,KB2,HARQ,Default,200,0.1,1,50,64,5.1958,0.350877,307.941
3671,KB2,HARQ,Default,200,0.1,0,50,72,5.632,0.327869,284.091
3672,KB2,HARQ,Default,200,0.1,1,50,94,6.4905,0.277778,246.514
3673,KB2,HARQ,Default,200,0.1,1,50,88,6.1943,0.289855,258.302
3674,KB2,HARQ,Default,200,0.1,1,50,78,5.7761,0.3125,277.004
3675,KB2,HARQ,Default,200,0.1,1,50,114,7.3337,0.243902,218.171
3676,KB2,HARQ,Default,200,0.1,1,50,67,5.3582,0.34188,298.608
3677,KB2,HARQ,Default,200,0.1,1,50,42,4.1747,0.434783,383.261
3678,KB2,HARQ,Default,200,0.1,1,50,65,5.2136,0.347826,306.89
3679,KB2,HARQ,Default,200,0.1,0,50,74,5.7164,0.322581,279.896
3680,KB2,HARQ,Default,200,0.1,1,50,87,6.1564,0.291971,259.892
3681,KB2,HARQ,Default,200,0.1,1,50,71,5.4695,0.330579,292.531
3682,KB2,HARQ,Default,200,0.1,1,50,55,4.8742,0.380952,328.259
3683,KB2,HARQ,Default,200,0.1,0,50,52,4.6087,0.392157,347.169
3684,KB2,HARQ,Default,200,0.1,1,50,51,4.6221,0.39604,346.163
3685,KB2,HARQ,Default,200,0.1,1,50,70,5.4523,0.333333,293.454
3686,KB2,HARQ,Default,200,0.1,1,50,86,6.1001,0.294118,262.291
3687,KB2,HARQ,Default,200,0.1,1,50,82,6.0195,0.30303,265.803
3688,KB2,HARQ,Default,200,0.1,1,50,78,5.8176,0.3125,275.028
3689,KB2,HARQ,Default,200,0.1,1,50,105,6.9683,0.258065,229.611
3690,KB2,HARQ,Default,200,0.1,1,50,65,5.2322,0.347826,305.799
3691,KB2,HARQ,Default,200,0.1,1,50,88,6.1948,0.289855,258.281
3692,KB2,HARQ,Default,200,0.1,1,50,76,5.6805,0.31746,281.665
3693,KB2,HARQ,Default,200,0.1,1,50,81,5.9606,0.305344,268.429
3694,KB2,HARQ,Default,200,0.1,0,50,70,5.4839,0.333333,291.763
3695,KB2,HARQ,Default,200,0.1,1,50,101,6.8787,0.264901,232.602
3696,KB2,HARQ,Default,200,0.1,1,50,95,6.5094,0.275862,245.798
3697,KB2,HARQ,Default,200,0.1,1,50,66,5.2385,0.344828,305.431
3698,KB2,HARQ,Default,200,0.1,1,50,87,6.0877,0.291971,262.825
3699,KB2,HARQ,Default,200,0.1,1,50,78,5.758,0.3125,277.874
3700,KB2,HARQ,Default,200,0.1,1,50,55,4.8086,0.380952,332.737
3701,KB2,HARQ,Default,200,0.1,1,50,86,6.1567,0.294118,259.879
3702,KB2,HARQ,Default,200,0.1,1,50,92,6.3649,0.28169,251.379
3703,KB2,HARQ,Default,200,0.1,1,50,88,6.311,0.289855,253.526
3704,KB2,HARQ,Default,200,0.1,1,50,85,6.1072,0.296296,261.986
3705,KB2,HARQ,Default,200,0.1,1,50,72,5.5188,0.327869,289.918
3706,KB2,HARQ,Default,200,0.1,1,50,79,5.6813,0.310078,281.626
3707,KB2,HARQ,Default,200,0.1,1,50,73,5.6202,0.325203,284.687
3708,KB2,HARQ,Default,200,0.1,1,50,86,6.3234,0.294118,253.028
3709,KB2,HARQ,Default,200,0.1,1,50,77,5.5477,0.314961,288.408
3710,KB2,HARQ,Default,200,0.1,1,50,98,6.4633,0.27027,247.552
3711,KB2,HARQ,Default,200,0.1,1,50,77,5.8344,0.314961,274.236
3712,KB2,HARQ,Default,200,0.1,1,50,80,5.7251,0.307692,279.471
3713,KB2,HARQ,Default,200,0.1,1,50,89,6.1964,0.28777,258.214
3714,KB2,HARQ,Default,200,0.1,0,50,98,6.4374,0.27027,248.548
3715,KB2,HARQ,Default,200,0.1,1,50,75,6.2551,0.32,255.791
3716,KB2,HARQ,Default,200,0.1,1,50,68,5.6643,0.338983,282.471
3717,KB2,HARQ,Default,200,0.1,1,50,61,4.9864,0.36036,320.873
3718,KB2,HARQ,Default,200,0.1,1,50,81,6.5287,0.305344,245.072
3719,KB2,HARQ,Default,200,0.1,1,50,83,6.1707,0.300752,259.29
3720,KB2,HARQ,Default,200,0.1,0,50,86,5.9487,0.294118,268.966
3721,KB2,HARQ,Default,200,0.1,1,50,77,5.7661,0.314961,277.484
3722,KB2,HARQ,Default,200,0.1,1,50,66,5.2638,0.344828,303.963
3723,KB2,HARQ,Default,200,0.1,1,50,71,5.4213,0.330579,295.132
3724,KB2,HARQ,Default,200,0.1,1,50,73,5.6223,0.325203,284.581
3725,KB2,HARQ,Default,200,0.1,1,50,75,5.6054,0.32,285.439
3726,KB2,HARQ,Default,200,0.1,1,50,96,6.6772,0.273973,239.621
3727,KB2,HARQ,Default,200,0.1,0,50,113,7.2819,0.245399,219.723
3728,KB2,HARQ,Default,200,0.1,1,50,89,6.1624,0.28777,259.639
3729,KB2,HARQ,Default,200,0.1,1,50,77,5.8186,0.314961,274.98
3730,KB2,HARQ,Default,200,0.1,1,50,54,4.6743,0.384615,342.297
3731,KB2,HARQ,Default,200,0.1,1,50,83,6.1864,0.300752,258.632
3732,KB2,HARQ,Default,200,0.1,1,50,73,5.5328,0.325203,289.184
3733,KB2,HARQ,Default,200,0.1,1,50,73,5.5229,0.325203,289.703
3734,KB2,HARQ,Default,200,0.1,1,50,83,6.0902,0.300752,262.717
3735,KB2,HARQ,Default,200,0.1,1,50,69,5.3689,0.336134,298.013
3736,KB2,HARQ,Default,200,0.1,1,50,54,4.7446,0.384615,337.225
3737,KB2,HARQ,Default,200,0.1,0,50,102,6.7579,0.263158,236.76
3738,KB2,HARQ,Default,200,0.1,1,50,81,5.8433,0.305344,273.818
3739,KB2,HARQ,Default,200,0.1,1,50,58,4.8905,0.37037,327.165
3740,KB2,HARQ,Default,200,0.1,1,50,81,5.908,0.305344,270.819
3741,KB2,HARQ,Default,200,0.1,1,50,103,6.8199,0.261438,234.608
3742,KB2,HARQ,Default,200,0.1,0,50,89,6.388,0.28777,250.47
3743,KB2,HARQ,Default,200,0.1,1,50,78,5.6942,0.3125,280.988
3744,KB2,HARQ,Default,200,0.1,1,50,100,6.7246,0.266667,237.932
3745,KB2,HARQ,Default,200,0.1,1,50,81,6.0944,0.305344,262.536
3746,KB2,HARQ,Default,200,0.1,1,50,89,6.2446,0.28777,256.221
3747,KB2,HARQ,Default,200,0.1,1,50,69,5.5031,0.336134,290.745
3748,KB2,HARQ,Default,200,0.1,1,50,72,5.4574,0.327869,293.18
3749,KB2,HARQ,Default,200,0.1,1,50,88,6.2708,0.289855,255.151
3750,KB2,HARQ,Default,200,0.1,1,50,82,5.9515,0.30303,268.84
3751,KB2,HARQ,Default,200,0.1,1,50,57,4.7923,0.373832,333.869
3752,KB2,HARQ,Default,200,0.1,1,50,76,5.6833,0.31746,281.527
3753,KB2,HARQ,Default,200,0.1,1,50,92,6.3914,0.28169,250.336
3754,KB2,HARQ,Default,200,0.1,0,50,79,5.8009,0.310078,275.819
3755,KB2,HARQ,Default,200,0.1,1,50,105,6.9021,0.258065,231.814
3756,KB2,HARQ,Default,200,0.1,1,50,118,7.3978,0.238095,216.281
3757,KB2,HARQ,Default,200,0.1,1,50,73,5.5343,0.325203,289.106
3758,KB2,HARQ,Default,200,0.1,0,50,79,5.6442,0.310078,283.477
3759,KB2,HARQ,Default,200,0.1,1,50,95,6.3422,0.275862,252.278
3760,KB2,HARQ,Default,200,0.1,1,50,66,5.3289,0.344828,300.25
3761,KB2,HARQ,Default,200,0.1,1,50,63,5.0765,0.353982,315.178
3762,KB2,HARQ,Default,200,0.1,1,50,80,5.698,0.307692,280.8
3763,KB2,HARQ,Default,200,0.1,1,50,79,5.7227,0.310078,279.588
3764,KB2,HARQ,Default,200,0.1,0,50,112,7.1827,0.246914,222.757
3765,KB2,HARQ,Default,200,0.1,1,50,69,5.3493,0.336134,299.105
3766,KB2,HARQ,Default,200,0.1,0,50,65,6.1222,0.347826,261.344
3767,KB2,HARQ,Default,200,0.1,1,50,82,5.9393,0.30303,269.392
3768,KB2,HARQ,Default,200,0.1,1,50,80,6.8861,0.307692,232.352
3769,KB2,HARQ,Default,200,0.1,1,50,93,7.5094,0.27972,213.066
3770,KB2,HARQ,Default,200,0.1,1,50,57,5.3309,0.373832,300.137
3771,KB2,HARQ,Default,200,0.1,1,50,70,5.7463,0.333333,278.44
3772,KB2,HARQ,Default,200,0.1,1,50,85,6.4207,0.296296,249.194
3773,KB2,HARQ,Default,200,0.1,0,50,72,5.524,0.327869,289.645
3774,KB2,HARQ,Default,200,0.1,1,50,81,6.3518,0.305344,251.897
3775,KB2,HARQ,Default,200,0.1,1,50,97,6.957,0.272109,229.984
3776,KB2,HARQ,Default,200,0.1,1,50,87,6.2179,0.291971,257.322
3777,KB2,HARQ,Default,200,0.1,1,50,72,5.8653,0.327869,272.791
3778,KB2,HARQ,Default,200,0.1,1,50,107,7.0749,0.254777,226.152
3779,KB2,HARQ,Default,200,0.1,0,50,80,6.1621,0.307692,259.652
3780,KB2,HARQ,Default,200,0.1,0,50,110,7.1333,0.25,224.3
3781,KB2,HARQ,Default,200,0.1,1,50,64,5.1708,0.350877,309.43
3782,KB2,HARQ,Default,200,0.1,1,50,74,6.1657,0.322581,259.5
3783,KB2,HARQ,Default,200,0.1,1,50,76,5.7084,0.31746,280.289
3784,KB2,HARQ,Default,200,0.1,1,50,95,6.5182,0.275862,245.467
3785,KB2,HARQ,Default,200,0.1,1,50,81,6.0692,0.305344,263.626
3786,KB2,HARQ,Default,200,0.1,1,50,89,6.6061,0.28777,242.2
3787,KB2,HARQ,Default,200,0.1,1,50,76,5.6462,0.31746,283.376
3788,KB2,HARQ,Default,200,0.1,1,50,55,4.7454,0.380952,337.169
3789,KB2,HARQ,Default,200,0.1,1,50,61,5.0306,0.36036,318.054
3790,KB2,HARQ,Default,200,0.1,0,50,79,5.8743,0.310078,272.373
3791,KB2,HARQ,Default,200,0.1,1,50,71,5.4691,0.330579,292.553
3792,KB2,HARQ,Default,200,0.1,1,50,69,5.3448,0.336134,299.356
3793,KB2,HARQ,Default,200,0.1,0,50,98,6.7367,0.27027,237.505
3794,KB2,HARQ,Default,200,0.1,1,50,76,5.8616,0.31746,272.963
3795,KB2,HARQ,Default,200,0.1,1,50,63,5.1473,0.353982,310.843
3796,KB2,HARQ,Default,200,0.1,1,50,82,5.921,0.30303,270.225
3797,KB2,HARQ,Default,200,0.1,1,50,78,5.7094,0.3125,280.24
3798,KB2,HARQ,Default,200,0.1,0,50,96,6.4936,0.273973,246.396
3799,KB2,HARQ,Default,200,0.1,1,50,94,6.5901,0.277778,242.788
3800,KB2,HARQ,Default,200,0.1,1,50,68,5.6295,0.338983,284.217
3801,KB2,HARQ,Default,200,0.1,1,50,83,5.9722,0.300752,267.908
3802,KB2,HARQ,Default,200,0.1,1,50,71,5.4827,0.330579,291.827
3803,KB2,HARQ,Default,200,0.1,1,50,92,6.4229,0.28169,249.109
3804,KB2,HARQ,Default,200,0.1,1,50,67,5.2859,0.34188,302.692
3805,KB2,HARQ,Default,200,0.1,0,50,94,6.467,0.277778,247.41
3806,KB2,HARQ,Default,200,0.1,1,50,54,4.7404,0.384615,337.524
3807,KB2,HARQ,Default,200,0.1,1,50,80,5.8467,0.307692,273.659
3808,KB2,HARQ,Default,200,0.1,1,50,60,5.0351,0.363636,317.769
3809,KB2,HARQ,Default,200,0.1,1,50,56,4.8073,0.377358,332.827
3810,KB2,HARQ,Default,200,0.1,1,50,87,6.6788,0.291971,239.564
3811,KB2,HARQ,Default,200,0.1,1,50,115,7.3761,0.242424,216.917
3812,KB2,HARQ,Default,200,0.1,1,50,72,5.4737,0.327869,292.307
3813,KB2,HARQ,Default,200,0.1,1,50,78,5.8327,0.3125,274.315
3814,KB2,HARQ,Default,200,0.1,1,50,69,5.4759,0.336134,292.189
3815,KB2,HARQ,Default,200,0.1,1,50,84,6.0977,0.298507,262.394
3816,KB2,HARQ,Default,200,0.1,1,50,86,6.1952,0.294118,258.264
3817,KB2,HARQ,Default,200,0.1,1,50,73,5.5113,0.325203,290.313
3818,KB2,HARQ,Default,200,0.1,1,50,80,6.0133,0.307692,266.077
3819,KB2,HARQ,Default,200,0.1,0,50,96,6.4546,0.273973,247.885
3820,KB2,HARQ,Default,200,0.1,1,50,60,5.0643,0.363636,315.937
3821,KB2,HARQ,Default,200,0.1,1,50,79,5.8713,0.310078,272.512
3822,KB2,HARQ,Default,200,0.1,1,50,81,5.8417,0.305344,273.893
3823,KB2,HARQ,Default,200,0.1,1,50,105,6.9853,0.258065,229.052
3824,KB2,HARQ,Default,200,0.1,1,50,66,5.2276,0.344828,306.068
3825,KB2,HARQ,Default,200,0.1,1,50,62,5.12,0.357143,312.5
3826,KB2,HARQ,Default,200,0.1,1,50,80,6.1032,0.307692,262.158
3827,KB2,HARQ,Default,200,0.1,1,50,73,5.7068,0.325203,280.367
3828,KB2,HARQ,Default,200,0.1,0,50,77,5.7172,0.314961,279.857
3829,KB2,HARQ,Default,200,0.1,1,50,66,5.5561,0.344828,287.972
3830,KB2,HARQ,Default,200,0.1,1,50,97,6.5971,0.272109,242.531
3831,KB2,HARQ,Default,200,0.1,1,50,110,7.2159,0.25,221.733
3832,KB2,HARQ,Default,200,0.1,1,50,84,5.9868,0.298507,267.255
3833,KB2,HARQ,Default,200,0.1,1,50,74,5.6464,0.322581,283.366
3834,KB2,HARQ,Default,200,0.1,1,50,85,6.0792,0.296296,263.193
3835,KB2,HARQ,Default,200,0.1,1,50,70,5.9961,0.333333,266.84
3836,KB2,HARQ,Default,200,0.1,1,50,77,5.9103,0.314961,270.714
3837,KB2,HARQ,Default,200,0.1,1,50,82,5.8849,0.30303,271.882
3838,KB2,HARQ,Default,200,0.1,1,50,89,6.2684,0.28777,255.249
3839,KB2,HARQ,Default,200,0.1,1,50,73,5.5584,0.325203,287.853
3840,KB2,HARQ,Default,200,0.1,1,50,83,5.933,0.300752,269.678
3841,KB2,HARQ,Default,200,0.1,1,50,76,5.7084,0.31746,280.289
3842,KB2,HARQ,Default,200,0.1,1,50,66,5.2467,0.344828,304.954
3843,KB2,HARQ,Default,200,0.1,1,50,78,5.7573,0.3125,277.908
3844,KB2,HARQ,Default,200,0.1,1,50,94,6.4829,0.277778,246.803
3845,KB2,HARQ,Default,200,0.1,1,50,78,5.7626,0.3125,277.652
3846,KB2,HARQ,Default,200,0.1,1,50,83,6.2887,0.300752,254.425
3847,KB2,HARQ,Default,200,0.1,1,50,50,4.7644,0.4,335.824
3848,KB2,HARQ,Default,200,0.1,0,50,85,6.0155,0.296296,265.98
3849,KB2,HARQ,Default,200,0.1,1,50,69,5.4538,0.336134,293.373
3850,KB2,HARQ,Default,200,0.1,1,50,65,5.2265,0.347826,306.132
3851,KB2,HARQ,Default,200,0.1,1,50,76,5.6671,0.31746,282.331
3852,KB2,HARQ,Default,200,0.1,1,50,94,8.4065,0.277778,190.329
3853,KB2,HARQ,Default,200,0.1,1,50,72,5.617,0.327869,284.85
3854,KB2,HARQ,Default,200,0.1,1,50,76,5.6665,0.31746,282.361
3855,KB2,HARQ,Default,200,0.1,1,50,85,6.0843,0.296296,262.972
3856,KB2,HARQ,Default,200,0.1,1,50,97,6.5434,0.272109,244.521
3857,KB2,HARQ,Default,200,0.1,1,50,69,5.3845,0.336134,297.149
3858,KB2,HARQ,Default,200,0.1,1,50,49,4.5116,0.40404,354.641
3859,KB2,HARQ,Default,200,0.1,1,50,84,6.6837,0.298507,239.388
3860,KB2,HARQ,Default,200,0.1,1,50,111,8.411,0.248447,190.227
3861,KB2,HARQ,Default,200,0.1,1,50,79,5.8044,0.310078,275.653
3862,KB2,HARQ,Default,200,0.1,1,50,80,5.7788,0.307692,276.874
3863,KB2,HARQ,Default,200,0.1,1,50,77,5.723,0.314961,279.574
3864,KB2,HARQ,Default,200,0.1,1,50,78,5.8728,0.3125,272.442
3865,KB2,HARQ,Default,200,0.1,1,50,82,5.9382,0.30303,269.442
3866,KB2,HARQ,Default,200,0.1,1,50,71,5.4757,0.330579,292.2
3867,KB2,HARQ,Default,200,0.1,1,50,59,5.051,0.366972,316.769
3868,KB2,HARQ,Default,200,0.1,1,50,70,5.4112,0.333333,295.683
3869,KB2,HARQ,Default,200,0.1,1,50,82,5.987,0.30303,267.246
3870,KB2,HARQ,Default,200,0.1,1,50,90,6.3052,0.285714,253.759
3871,KB2,HARQ,Default,200,0.1,1,50,50,4.5008,0.4,355.492
3872,KB2,HARQ,Default,200,0.1,1,50,79,5.9995,0.310078,266.689
3873,KB2,HARQ,Default,200,0.1,1,50,75,5.9119,0.32,270.641
3874,KB2,HARQ,Default,200,0.1,1,50,64,5.167,0.350877,309.657
3875,KB2,HARQ,Default,200,0.1,0,50,82,5.9287,0.30303,269.874
3876,KB2,HARQ,Default,200,0.1,1,50,103,6.8135,0.261438,234.828
3877,KB2,HARQ,Default,200,0.1,1,50,95,6.7616,0.275862,236.63
3878,KB2,HARQ,Default,200,0.1,1,50,68,5.343,0.338983,299.457
3879,KB2,HARQ,Default,200,0.1,1,50,79,5.8126,0.310078,275.264
3880,KB2,HARQ,Default,200,0.1,0,50,57,4.9186,0.373832,325.296
3881,KB2,HARQ,Default,200,0.1,1,50,76,5.7384,0.31746,278.823
3882,KB2,HARQ,Default,200,0.1,1,50,74,5.6524,0.322581,283.066
3883,KB2,HARQ,Default,200,0.1,1,50,69,5.6174,0.336134,284.829
3884,KB2,HARQ,Default,200,0.1,1,50,74,5.6593,0.322581,282.72
3885,KB2,HARQ,Default,200,0.1,1,50,78,5.9625,0.3125,268.344
3886,KB2,HARQ,Default,200,0.1,1,50,69,5.5112,0.336134,290.318
3887,KB2,HARQ,Default,200,0.1,1,50,98,6.5848,0.27027,242.984
3888,KB2,HARQ,Default,200,0.1,1,50,79,6.073,0.310078,263.461
3889,KB2,HARQ,Default,200,0.1,1,50,102,7.0432,0.263158,227.169
3890,KB2,HARQ,Default,200,0.1,1,50,99,6.6285,0.268456,241.382
3891,KB2,HARQ,Default,200,0.1,1,50,67,5.3657,0.34188,298.19
3892,KB2,HARQ,Default,200,0.1,1,50,66,5.1985,0.344828,307.781
3893,KB2,HARQ,Default,200,0.1,1,50,68,5.3451,0.338983,299.34
3894,KB2,HARQ,Default,200,0.1,1,50,78,5.7888,0.3125,276.396
3895,KB2,HARQ,Default,200,0.1,1,50,79,6.3129,0.310078,253.449
3896,KB2,HARQ,Default,200,0.1,1,50,85,6.052,0.296296,264.375
3897,KB2,HARQ,Default,200,0.1,1,50,79,5.8135,0.310078,275.221
3898,KB2,HARQ,Default,200,0.1,1,50,84,6.0869,0.298507,262.86
3899,KB2,HARQ,Default,200,0.1,1,50,71,5.4087,0.330579,295.82
3900,KB2,HARQ,Default,200,0.1,1,50,73,5.7044,0.325203,280.485
3901,KB2,HARQ,Default,200,0.1,0,50,82,5.9315,0.30303,269.746
3902,KB2,HARQ,Default,200,0.1,1,50,97,6.5301,0.272109,245.019
3903,KB2,HARQ,Default,200,0.1,1,50,79,6.0541,0.310078,264.284
3904,KB2,HARQ,Default,200,0.1,1,50,127,7.8205,0.225989,204.59
3905,KB2,HARQ,Default,200,0.1,1,50,74,5.636,0.322581,283.889
3906,KB2,HARQ,Default,200,0.1,1,50,78,6.1888,0.3125,258.532
3907,KB2,HARQ,Default,200,0.1,1,50,76,5.6291,0.31746,284.237
3908,KB2,HARQ,Default,200,0.1,0,50,69,5.5234,0.336134,289.677
3909,KB2,HARQ,Default,200,0.1,1,50,63,5.0759,0.353982,315.215
3910,KB2,HARQ,Default,200,0.1,1,50,97,6.6474,0.272109,240.696
3911,KB2,HARQ,Default,200,0.1,1,50,87,6.2226,0.291971,257.127
3912,KB2,HARQ,Default,200,0.1,0,50,68,5.3172,0.338983,300.91
3913,KB2,HARQ,Default,200,0.1,1,50,63,5.2216,0.353982,306.419
3914,KB2,HARQ,Default,200,0.1,1,50,101,6.7268,0.264901,237.855
3915,KB2,HARQ,Default,200,0.1,0,50,60,4.9566,0.363636,322.802
3916,KB2,HARQ,Default,200,0.1,1,50,65,5.6721,0.347826,282.082
3917,KB2,HARQ,Default,200,0.1,0,50,89,6.3514,0.28777,251.913
3918,KB2,HARQ,Default,200,0.1,1,50,99,6.7595,0.268456,236.704
3919,KB2,HARQ,Default,200,0.1,0,50,71,5.4005,0.330579,296.269
3920,KB2,HARQ,Default,200,0.1,1,50,58,4.8987,0.37037,326.617
3921,KB2,HARQ,Default,200,0.1,1,50,106,6.9867,0.25641,229.007
3922,KB2,HARQ,Default,200,0.1,1,50,80,5.9027,0.307692,271.062
3923,KB2,HARQ,Default,200,0.1,0,50,55,4.7575,0.380952,336.311
3924,KB2,HARQ,Default,200,0.1,1,50,86,6.2327,0.294118,256.711
3925,KB2,HARQ,Default,200,0.1,1,50,72,5.505,0.327869,290.645
3926,KB2,HARQ,Default,200,0.1,0,50,87,6.3859,0.291971,250.552
3927,KB2,HARQ,Default,200,0.1,1,50,66,5.4856,0.344828,291.673
3928,KB2,HARQ,Default,200,0.1,1,50,72,5.5036,0.327869,290.719
3929,KB2,HARQ,Default,200,0.1,1,50,90,6.2966,0.285714,254.105
3930,KB2,HARQ,Default,200,0.1,1,50,89,6.2641,0.28777,255.424
3931,KB2,HARQ,Default,200,0.1,0,50,61,4.9612,0.36036,322.503
3932,KB2,HARQ,Default,200,0.1,1,50,64,5.1579,0.350877,310.204
3933,KB2,HARQ,Default,200,0.1,1,50,111,7.2594,0.248447,220.404
3934,KB2,HARQ,Default,200,0.1,1,50,79,6.0655,0.310078,263.787
3935,KB2,HARQ,Default,200,0.1,0,50,47,4.3964,0.412371,363.934
3936,KB2,HARQ,Default,200,0.1,1,50,81,5.8841,0.305344,271.919
3937,KB2,HARQ,Default,200,0.1,1,50,88,6.1983,0.289855,258.135
3938,KB2,HARQ,Default,200,0.1,1,50,70,5.3917,0.333333,296.752
3939,KB2,HARQ,Default,200,0.1,1,50,83,6.0177,0.300752,265.882
3940,KB2,HARQ,Default,200,0.1,1,50,101,6.7854,0.264901,235.8
3941,KB2,HARQ,Default,200,0.1,1,50,87,6.1507,0.291971,260.133
3942,KB2,HARQ,Default,200,0.1,1,50,52,4.7359,0.392157,337.845
3943,KB2,HARQ,Default,200,0.1,1,50,86,6.1278,0.294118,261.105
3944,KB2,HARQ,Default,200,0.1,0,50,107,6.9879,0.254777,228.967
3945,KB2,HARQ,Default,200,0.1,1,50,80,5.8912,0.307692,271.592
3946,KB2,HARQ,Default,200,0.1,1,50,69,5.5083,0.336134,290.471
3947,KB2,HARQ,Default,200,0.1,1,50,81,5.8427,0.305344,273.846
3948,KB2,HARQ,Default,200,0.1,1,50,69,5.3546,0.336134,298.809
3949,KB2,HARQ,Default,200,0.1,1,50,78,5.8365,0.3125,274.137
3950,KB2,HARQ,Default,200,0.1,1,50,66,6.023,0.344828,265.648
3951,KB2,HARQ,Default,200,0.1,1,50,86,6.1776,0.294118,259
3952,KB2,HARQ,Default,200,0.1,1,50,59,5.1631,0.366972,309.891
3953,KB2,HARQ,Default,200,0.1,1,50,76,6.4468,0.31746,248.185
3954,KB2,HARQ,Default,200,0.1,1,50,87,6.5918,0.291971,242.726
3955,KB2,HARQ,Default,200,0.1,0,50,61,5.1248,0.36036,312.207
3956,KB2,HARQ,Default,200,0.1,1,50,45,4.9635,0.421053,322.353
3957,KB2,HARQ,Default,200,0.1,1,50,70,5.3893,0.333333,296.885
3958,KB2,HARQ,Default,200,0.1,1,50,63,5.0741,0.353982,315.327
3959,KB2,HARQ,Default,200,0.1,1,50,78,5.7876,0.3125,276.453
3960,KB2,HARQ,Default,200,0.1,1,50,68,5.3365,0.338983,299.822
3961,KB2,HARQ,Default,200,0.1,1,50,62,5.0944,0.357143,314.07
3962,KB2,HARQ,Default,200,0.1,1,50,78,5.7936,0.3125,276.167
3963,KB2,HARQ,Default,200,0.1,1,50,81,5.9255,0.305344,270.019
3964,KB2,HARQ,Default,200,0.1,1,50,71,5.5397,0.330579,288.824
3965,KB2,HARQ,Default,200,0.1,1,50,84,6.0056,0.298507,266.418
3966,KB2,HARQ,Default,200,0.1,1,50,43,4.2736,0.430108,374.392
3967,KB2,HARQ,Default,200,0.1,1,50,58,4.8733,0.37037,328.32
3968,KB2,HARQ,Default,200,0.1,1,50,98,6.5825,0.27027,243.069
3969,KB2,HARQ,Default,200,0.1,1,50,53,4.6832,0.38835,341.647
3970,KB2,HARQ,Default,200,0.1,1,50,58,4.9276,0.37037,324.702
3971,KB2,HARQ,Default,200,0.1,1,50,62,5.1649,0.357143,309.783
3972,KB2,HARQ,Default,200,0.1,1,50,76,6.6866,0.31746,239.285
3973,KB2,HARQ,Default,200,0.1,1,50,62,7.5995,0.357143,210.54
3974,KB2,HARQ,Default,200,0.1,1,50,58,5.6699,0.37037,282.192
3975,KB2,HARQ,Default,200,0.1,0,50,64,5.3573,0.350877,298.658
3976,KB2,HARQ,Default,200,0.1,1,50,89,6.2014,0.28777,258.006
3977,KB2,HARQ,Default,200,0.1,1,50,85,5.8635,0.296296,272.875
3978,KB2,HARQ,Default,200,0.1,1,50,75,5.4122,0.32,295.628
3979,KB2,HARQ,Default,200,0.1,1,50,80,5.6907,0.307692,281.16
3980,KB2,HARQ,Default,200,0.1,1,50,103,6.5845,0.261438,242.995
3981,KB2,HARQ,Default,200,0.1,1,50,61,4.7581,0.36036,336.269
3982,KB2,HARQ,Default,200,0.1,1,50,65,4.9905,0.347826,320.609
3983,KB2,HARQ,Default,200,0.1,1,50,101,6.459,0.264901,247.716
3984,KB2,HARQ,Default,200,0.1,1,50,69,5.2527,0.336134,304.605
3985,KB2,HARQ,Default,200,0.1,1,50,104,6.6066,0.25974,242.182
3986,KB2,HARQ,Default,200,0.1,1,50,77,5.4081,0.314961,295.853
3987,KB2,HARQ,Default,200,0.1,1,50,50,4.3733,0.4,365.856
3988,KB2,HARQ,Default,200,0.1,1,50,76,5.4535,0.31746,293.39
3989,KB2,HARQ,Default,200,0.1,1,50,88,5.8963,0.289855,271.357
3990,KB2,HARQ,Default,200,0.1,1,50,77,5.4063,0.314961,295.951
3991,KB2,HARQ,Default,200,0.1,1,50,88,5.9235,0.289855,270.111
3992,KB2,HARQ,Default,200,0.1,1,50,79,5.5232,0.310078,289.687
3993,KB2,HARQ,Default,200,0.1,1,50,90,5.9545,0.285714,268.704
3994,KB2,HARQ,Default,200,0.1,1,50,74,5.3447,0.322581,299.362
3995,KB2,HARQ,Default,200,0.1,1,50,124,7.3534,0.229885,217.586
3996,KB2,HARQ,Default,200,0.1,1,50,88,6.3447,0.289855,252.179
3997,KB2,HARQ,Default,200,0.1,1,50,73,5.3015,0.325203,301.801
3998,KB2,HARQ,Default,200,0.1,0,50,90,5.9503,0.285714,268.894
3999,KB2,HARQ,Default,200,0.1,1,50,62,5.2169,0.357143,306.696
4000,KB2,HARQ,Default,200,0.1,1,50,76,5.3827,0.31746,297.249
4001,KB2,ARQ,Default,200,0.15,0,50,15,2.2879,0.615385,699.331
4002,KB2,ARQ,Default,200,0.15,0,50,242,2.1952,0.136986,728.863
4003,KB2,ARQ,Default,200,0.15,0,50,6,2.2437,0.714286,713.108
4004,KB2,ARQ,Default,200,0.15,0,50,209,2.1585,0.15444,741.256
4005,KB2,ARQ,Default,200,0.15,0,50,244,2.2146,0.136054,722.478
4006,KB2,ARQ,Default,200,0.15,0,50,247,2.2111,0.13468,723.622
4007,KB2,ARQ,Default,200,0.15,0,50,247,2.2117,0.13468,723.425
4008,KB2,ARQ,Default,200,0.15,0,50,9,2.2531,0.677966,710.133
4009,KB2,ARQ,Default,200,0.15,0,50,26,2.3104,0.526316,692.521
4010,KB2,ARQ,Default,200,0.15,0,50,244,2.2202,0.136054,720.656
4011,KB2,ARQ,Default,200,0.15,0,50,7,2.2939,0.701754,697.502
4012,KB2,ARQ,Default,200,0.15,0,50,221,2.2886,0.147601,699.117
4013,KB2,ARQ,Default,200,0.15,0,50,204,2.1249,0.15748,752.977
4014,KB2,ARQ,Default,200,0.15,0,50,8,2.279,0.689655,702.062
4015,KB2,ARQ,Default,200,0.15,0,50,7,2.2775,0.701754,702.525
4016,KB2,ARQ,Default,200,0.15,0,50,12,2.2728,0.645161,703.977
4017,KB2,ARQ,Default,200,0.15,0,50,250,2.3333,0.133333,685.724
4018,KB2,ARQ,Default,200,0.15,0,50,232,2.2076,0.141844,724.769
4019,KB2,ARQ,Default,200,0.15,0,50,217,2.1905,0.149813,730.427
4020,KB2,ARQ,Default,200,0.15,0,50,3,2.2443,0.754717,712.917
4021,KB2,ARQ,Default,200,0.15,0,50,32,2.3167,0.487805,690.638
4022,KB2,ARQ,Default,200,0.15,0,50,30,2.3061,0.5,693.812
4023,KB2,ARQ,Default,200,0.15,0,50,233,2.1858,0.141343,731.997
4024,KB2,ARQ,Default,200,0.15,0,50,16,2.3305,0.606061,686.548
4025,KB2,ARQ,Default,200,0.15,0,50,250,2.231,0.133333,717.167
4026,KB2,ARQ,Default,200,0.15,0,50,252,2.3083,0.13245,693.151
4027,KB2,ARQ,Default,200,0.15,0,50,251,2.2195,0.13289,720.883
4028,KB2,ARQ,Default,200,0.15,0,50,238,2.1882,0.138889,731.195
4029,KB2,ARQ,Default,200,0.15,0,50,13,2.2665,0.634921,705.934
4030,KB2,ARQ,Default,200,0.15,0,50,28,2.3603,0.512821,677.88
4031,KB2,ARQ,Default,200,0.15,0,50,20,2.2875,0.571429,699.454
4032,KB2,ARQ,Default,200,0.15,0,50,234,2.1737,0.140845,736.072
4033,KB2,ARQ,Default,200,0.15,0,50,254,2.2296,0.131579,717.618
4034,KB2,ARQ,Default,200,0.15,0,50,239,2.1888,0.138408,730.994
4035,KB2,ARQ,Default,200,0.15,0,50,242,2.2028,0.136986,726.348
4036,KB2,ARQ,Default,200,0.15,0,50,0,2.2398,0.8,714.349
4037,KB2,ARQ,Default,200,0.15,0,50,4,2.2585,0.740741,708.435
4038,KB2,ARQ,Default,200,0.15,0,50,16,2.2683,0.606061,705.374
4039,KB2,ARQ,Default,200,0.15,0,50,239,2.1994,0.138408,727.471
4040,KB2,ARQ,Default,200,0.15,0,50,243,2.2126,0.136519,723.131
4041,KB2,ARQ,Default,200,0.15,0,50,242,2.2039,0.136986,725.986
4042,KB2,ARQ,Default,200,0.15,0,50,23,2.2893,0.547945,698.904
4043,KB2,ARQ,Default,200,0.15,0,50,30,2.3863,0.5,670.494
4044,KB2,ARQ,Default,200,0.15,0,50,238,2.278,0.138889,702.371
4045,KB2,ARQ,Default,200,0.15,0,50,255,2.2361,0.131148,715.532
4046,KB2,ARQ,Default,200,0.15,0,50,237,2.1888,0.139373,730.994
4047,KB2,ARQ,Default,200,0.15,0,50,222,2.1403,0.147059,747.559
4048,KB2,ARQ,Default,200,0.15,0,50,242,2.2052,0.136986,725.558
4049,KB2,ARQ,Default,200,0.15,0,50,12,2.2818,0.645161,701.201
4050,KB2,ARQ,Default,200,0.15,0,50,247,2.2667,0.13468,705.872
4051,KB2,ARQ,Default,200,0.15,0,50,13,2.2776,0.634921,702.494
4052,KB2,ARQ,Default,200,0.15,0,50,212,2.1291,0.152672,751.491
4053,KB2,ARQ,Default,200,0.15,0,50,10,2.2564,0.666667,709.094
4054,KB2,ARQ,Default,200,0.15,0,50,3,2.2457,0.754717,712.473
4055,KB2,ARQ,Default,200,0.15,0,50,232,2.1775,0.141844,734.788
4056,KB2,ARQ,Default,200,0.15,0,50,17,2.3692,0.597015,675.333
4057,KB2,ARQ,Default,200,0.15,0,50,8,2.4423,0.689655,655.12
4058,KB2,ARQ,Default,200,0.15,0,50,209,2.2484,0.15444,711.617
4059,KB2,ARQ,Default,200,0.15,0,50,10,2.2801,0.666667,701.724
4060,KB2,ARQ,Default,200,0.15,0,50,13,2.2644,0.634921,706.589
4061,KB2,ARQ,Default,200,0.15,0,50,250,2.2339,0.133333,716.236
4062,KB2,ARQ,Default,200,0.15,0,50,18,2.2772,0.588235,702.617
4063,KB2,ARQ,Default,200,0.15,0,50,15,2.2625,0.615385,707.182
4064,KB2,ARQ,Default,200,0.15,0,50,14,2.2865,0.625,699.759
4065,KB2,ARQ,Default,200,0.15,0,50,32,2.3085,0.487805,693.091
4066,KB2,ARQ,Default,200,0.15,0,50,246,2.211,0.135135,723.654
4067,KB2,ARQ,Default,200,0.15,0,50,20,2.2927,0.571429,697.867
4068,KB2,ARQ,Default,200,0.15,0,50,253,2.2282,0.132013,718.068
4069,KB2,ARQ,Default,200,0.15,0,50,222,2.1834,0.147059,732.802
4070,KB2,ARQ,Default,200,0.15,0,50,252,2.2937,0.13245,697.563
4071,KB2,ARQ,Default,200,0.15,0,50,220,2.1494,0.148148,744.394
4072,KB2,ARQ,Default,200,0.15,0,50,239,2.1839,0.138408,732.634
4073,KB2,ARQ,Default,200,0.15,0,50,251,2.2248,0.13289,719.166
4074,KB2,ARQ,Default,200,0.15,0,50,17,2.2921,0.597015,698.05
4075,KB2,ARQ,Default,200,0.15,0,50,3,2.2442,0.754717,712.949
4076,KB2,ARQ,Default,200,0.15,0,50,17,2.3183,0.597015,690.161
4077,KB2,ARQ,Default,200,0.15,0,50,7,2.2558,0.701754,709.283
4078,KB2,ARQ,Default,200,0.15,0,50,9,2.2568,0.677966,708.968
4079,KB2,ARQ,Default,200,0.15,0,50,20,2.2883,0.571429,699.209
4080,KB2,ARQ,Default,200,0.15,0,50,9,2.2505,0.677966,710.953
4081,KB2,ARQ,Default,200,0.15,0,50,15,2.2725,0.615385,704.07
4082,KB2,ARQ,Default,200,0.15,0,50,1,2.2561,0.784314,709.188
4083,KB2,ARQ,Default,200,0.15,0,50,234,2.1812,0.140845,733.541
4084,KB2,ARQ,Default,200,0.15,0,50,21,2.2838,0.56338,700.587
4085,KB2,ARQ,Default,200,0.15,0,50,22,2.2883,0.555556,699.209
4086,KB2,ARQ,Default,200,0.15,0,50,3,2.2985,0.754717,696.106
4087,KB2,ARQ,Default,200,0.15,0,50,19,2.3014,0.57971,695.229
4088,KB2,ARQ,Default,200,0.15,0,50,219,2.1398,0.148699,747.733
4089,KB2,ARQ,Default,200,0.15,0,50,24,2.4172,0.540541,661.923
4090,KB2,ARQ,Default,200,0.15,0,50,243,2.2308,0.136519,717.231
4091,KB2,ARQ,Default,200,0.15,0,50,5,2.2555,0.727273,709.377
4092,KB2,ARQ,Default,200,0.15,0,50,19,2.2775,0.57971,702.525
4093,KB2,ARQ,Default,200,0.15,0,50,228,2.1713,0.143885,736.886
4094,KB2,ARQ,Default,200,0.15,0,50,6,2.2463,0.714286,712.282
4095,KB2,ARQ,Default,200,0.15,0,50,1,2.2348,0.784314,715.948
4096,KB2,ARQ,Default,200,0.15,0,50,24,2.3549,0.540541,679.434
4097,KB2,ARQ,Default,200,0.15,0,50,255,2.2434,0.131148,713.203
4098,KB2,ARQ,Default,200,0.15,0,50,254,2.2272,0.131579,718.391
4099,KB2,ARQ,Default,200,0.15,0,50,7,2.2543,0.701754,709.755
4100,KB2,ARQ,Default,200,0.15,0,50,220,2.1527,0.148148,743.253
4101,KB2,ARQ,Default,200,0.15,0,50,236,2.1949,0.13986,728.963
4102,KB2,ARQ,Default,200,0.15,0,50,222,2.1485,0.147059,744.706
4103,KB2,ARQ,Default,200,0.15,0,50,249,2.5376,0.133779,630.517
4104,KB2,ARQ,Default,200,0.15,0,50,235,2.1885,0.140351,731.094
4105,KB2,ARQ,Default,200,0.15,0,50,226,2.1697,0.144928,737.429
4106,KB2,ARQ,Default,200,0.15,0,50,7,2.2568,0.701754,708.968
4107,KB2,ARQ,Default,200,0.15,0,50,11,2.266,0.655738,706.09
4108,KB2,ARQ,Default,200,0.15,0,50,7,2.2561,0.701754,709.188
4109,KB2,ARQ,Default,200,0.15,0,50,227,2.1666,0.144404,738.484
4110,KB2,ARQ,Default,200,0.15,0,50,212,2.1234,0.152672,753.509
4111,KB2,ARQ,Default,200,0.15,0,50,17,2.2781,0.597015,702.34
4112,KB2,ARQ,Default,200,0.15,0,50,244,2.2144,0.136054,722.543
4113,KB2,ARQ,Default,200,0.15,0,50,213,2.1286,0.152091,751.668
4114,KB2,ARQ,Default,200,0.15,0,50,235,2.1782,0.140351,734.551
4115,KB2,ARQ,Default,200,0.15,0,50,15,2.2709,0.615385,704.566
4116,KB2,ARQ,Default,200,0.15,0,50,10,2.2551,0.666667,709.503
4117,KB2,ARQ,Default,200,0.15,0,50,232,2.1801,0.141844,733.911
4118,KB2,ARQ,Default,200,0.15,0,50,0,2.2258,0.8,718.843
4119,KB2,ARQ,Default,200,0.15,0,50,25,2.298,0.533333,696.258
4120,KB2,ARQ,Default,200,0.15,0,50,6,2.2503,0.714286,711.016
4121,KB2,ARQ,Default,200,0.15,0,50,6,2.2391,0.714286,714.573
4122,KB2,ARQ,Default,200,0.15,0,50,7,2.2632,0.701754,706.964
4123,KB2,ARQ,Default,200,0.15,0,50,9,2.2538,0.677966,709.912
4124,KB2,ARQ,Default,200,0.15,0,50,235,2.1827,0.140351,733.037
4125,KB2,ARQ,Default,200,0.15,0,50,4,2.2592,0.740741,708.215
4126,KB2,ARQ,Default,200,0.15,0,50,3,2.2406,0.754717,714.094
4127,KB2,ARQ,Default,200,0.15,0,50,252,2.2292,0.13245,717.746
4128,KB2,ARQ,Default,200,0.15,0,50,224,2.1604,0.145985,740.604
4129,KB2,ARQ,Default,200,0.15,0,50,201,2.1949,0.159363,728.963
4130,KB2,ARQ,Default,200,0.15,0,50,248,2.2206,0.134228,720.526
4131,KB2,ARQ,Default,200,0.15,0,50,254,2.2371,0.131579,715.212
4132,KB2,ARQ,Default,200,0.15,0,50,5,2.2454,0.727273,712.568
4133,KB2,ARQ,Default,200,0.15,0,50,236,2.1935,0.13986,729.428
4134,KB2,ARQ,Default,200,0.15,0,50,22,2.2803,0.555556,701.662
4135,KB2,ARQ,Default,200,0.15,0,50,193,2.0833,0.164609,768.012
4136,KB2,ARQ,Default,200,0.15,0,50,4,2.2703,0.740741,704.753
4137,KB2,ARQ,Default,200,0.15,0,50,3,2.2653,0.754717,706.308
4138,KB2,ARQ,Default,200,0.15,0,50,223,2.1456,0.14652,745.712
4139,KB2,ARQ,Default,200,0.15,0,50,230,2.1836,0.142857,732.735
4140,KB2,ARQ,Default,200,0.15,0,50,8,2.2546,0.689655,709.66
4141,KB2,ARQ,Default,200,0.15,0,50,19,2.2746,0.57971,703.42
4142,KB2,ARQ,Default,200,0.15,0,50,245,2.2023,0.135593,726.513
4143,KB2,ARQ,Default,200,0.15,0,50,225,2.1685,0.145455,737.837
4144,KB2,ARQ,Default,200,0.15,0,50,3,2.2415,0.754717,713.808
4145,KB2,ARQ,Default,200,0.15,0,50,240,2.2011,0.137931,726.909
4146,KB2,ARQ,Default,200,0.15,0,50,255,2.223,0.131148,719.748
4147,KB2,ARQ,Default,200,0.15,0,50,229,2.1682,0.143369,737.939
4148,KB2,ARQ,Default,200,0.15,0,50,240,2.2016,0.137931,726.744
4149,KB2,ARQ,Default,200,0.15,0,50,235,2.1949,0.140351,728.963
4150,KB2,ARQ,Default,200,0.15,0,50,243,2.2129,0.136519,723.033
4151,KB2,ARQ,Default,200,0.15,0,50,21,2.2939,0.56338,697.502
4152,KB2,ARQ,Default,200,0.15,0,50,18,2.2781,0.588235,702.34
4153,KB2,ARQ,Default,200,0.15,0,50,247,2.2212,0.13468,720.331
4154,KB2,ARQ,Default,200,0.15,0,50,21,2.2787,0.56338,702.155
4155,KB2,ARQ,Default,200,0.15,0,50,4,2.2366,0.740741,715.372
4156,KB2,ARQ,Default,200,0.15,0,50,197,2.0942,0.161943,764.015
4157,KB2,ARQ,Default,200,0.15,0,50,24,2.3128,0.540541,691.802
4158,KB2,ARQ,Default,200,0.15,0,50,21,2.2843,0.56338,700.433
4159,KB2,ARQ,Default,200,0.15,0,50,252,2.2357,0.13245,715.66
4160,KB2,ARQ,Default,200,0.15,0,50,18,2.2754,0.588235,703.173
4161,KB2,ARQ,Default,200,0.15,0,50,32,2.3111,0.487805,692.311
4162,KB2,ARQ,Default,200,0.15,0,50,227,2.1641,0.144404,739.337
4163,KB2,ARQ,Default,200,0.15,0,50,6,2.2517,0.714286,710.574
4164,KB2,ARQ,Default,200,0.15,0,50,237,2.2236,0.139373,719.554
4165,KB2,ARQ,Default,200,0.15,0,50,250,2.2369,0.133333,715.276
4166,KB2,ARQ,Default,200,0.15,0,50,9,2.2457,0.677966,712.473
4167,KB2,ARQ,Default,200,0.15,0,50,253,2.2323,0.132013,716.75
4168,KB2,ARQ,Default,200,0.15,0,50,254,2.422,0.131579,660.611
4169,KB2,ARQ,Default,200,0.15,0,50,248,2.2233,0.134228,719.651
4170,KB2,ARQ,Default,200,0.15,0,50,24,2.3122,0.540541,691.982
4171,KB2,ARQ,Default,200,0.15,0,50,0,2.2435,0.8,713.171
4172,KB2,ARQ,Default,200,0.15,0,50,214,2.1596,0.151515,740.878
4173,KB2,ARQ,Default,200,0.15,0,50,0,2.2477,0.8,711.839
4174,KB2,ARQ,Default,200,0.15,0,50,247,2.2134,0.13468,722.87
4175,KB2,ARQ,Default,200,0.15,0,50,250,2.252,0.133333,710.48
4176,KB2,ARQ,Default,200,0.15,0,50,20,2.2875,0.571429,699.454
4177,KB2,ARQ,Default,200,0.15,0,50,244,2.2229,0.136054,719.78
4178,KB2,ARQ,Default,200,0.15,0,50,6,2.2423,0.714286,713.553
4179,KB2,ARQ,Default,200,0.15,0,50,237,2.1898,0.139373,730.66
4180,KB2,ARQ,Default,200,0.15,0,50,22,2.2879,0.555556,699.331
4181,KB2,ARQ,Default,200,0.15,0,50,247,2.2059,0.13468,725.328
4182,KB2,ARQ,Default,200,0.15,0,50,253,2.2185,0.132013,721.208
4183,KB2,ARQ,Default,200,0.15,0,50,184,2.0555,0.17094,778.399
4184,KB2,ARQ,Default,200,0.15,0,50,10,2.2591,0.666667,708.247
4185,KB2,ARQ,Default,200,0.15,0,50,232,2.1826,0.141844,733.071
4186,KB2,ARQ,Default,200,0.15,0,50,253,2.227,0.132013,718.455
4187,KB2,ARQ,Default,200,0.15,0,50,17,2.267,0.597015,705.779
4188,KB2,ARQ,Default,200,0.15,0,50,219,2.1456,0.148699,745.712
4189,KB2,ARQ,Default,200,0.15,0,50,252,2.2281,0.13245,718.101
4190,KB2,ARQ,Default,200,0.15,0,50,229,2.2351,0.143369,715.852
4191,KB2,ARQ,Default,200,0.15,0,50,23,2.2855,0.547945,700.066
4192,KB2,ARQ,Default,200,0.15,0,50,31,2.3117,0.493827,692.131
4193,KB2,ARQ,Default,200,0.15,0,50,3,2.2513,0.754717,710.7
4194,KB2,ARQ,Default,200,0.15,0,50,242,2.1945,0.136986,729.095
4195,KB2,ARQ,Default,200,0.15,0,50,225,2.1602,0.145455,740.672
4196,KB2,ARQ,Default,200,0.15,0,50,239,2.1975,0.138408,728.1
4197,KB2,ARQ,Default,200,0.15,0,50,205,2.1497,0.156863,744.29
4198,KB2,ARQ,Default,200,0.15,0,50,0,2.2357,0.8,715.66
4199,KB2,ARQ,Default,200,0.15,0,50,236,2.1773,0.13986,734.855
4200,KB2,ARQ,Default,200,0.15,0,50,193,2.0791,0.164609,769.564
4201,KB2,ARQ,Default,200,0.15,0,50,248,2.2208,0.134228,720.461
4202,KB2,ARQ,Default,200,0.15,0,50,0,2.2277,0.8,718.23
4203,KB2,ARQ,Default,200,0.15,0,50,9,2.253,0.677966,710.164
4204,KB2,ARQ,Default,200,0.15,0,50,233,2.2201,0.141343,720.688
4205,KB2,ARQ,Default,200,0.15,0,50,4,2.2609,0.740741,707.683
4206,KB2,ARQ,Default,200,0.15,0,50,245,2.1989,0.135593,727.637
4207,KB2,ARQ,Default,200,0.15,0,50,29,2.3113,0.506329,692.251
4208,KB2,ARQ,Default,200,0.15,0,50,245,2.2022,0.135593,726.546
4209,KB2,ARQ,Default,200,0.15,0,50,13,2.2711,0.634921,704.504
4210,KB2,ARQ,Default,200,0.15,0,50,241,2.2347,0.137457,715.98
4211,KB2,ARQ,Default,200,0.15,0,50,13,2.2715,0.634921,704.38
4212,KB2,ARQ,Default,200,0.15,0,50,19,2.2936,0.57971,697.593
4213,KB2,ARQ,Default,200,0.15,0,50,236,2.185,0.13986,732.265
4214,KB2,ARQ,Default,200,0.15,0,50,9,2.259,0.677966,708.278
4215,KB2,ARQ,Default,200,0.15,0,50,232,2.1806,0.141844,733.743
4216,KB2,ARQ,Default,200,0.15,0,50,6,2.2615,0.714286,707.495
4217,KB2,ARQ,Default,200,0.15,0,50,9,2.3007,0.677966,695.441
4218,KB2,ARQ,Default,200,0.15,0,50,248,2.2888,0.134228,699.056
4219,KB2,ARQ,Default,200,0.15,0,50,19,2.2945,0.57971,697.32
4220,KB2,ARQ,Default,200,0.15,0,50,226,2.1684,0.144928,737.871
4221,KB2,ARQ,Default,200,0.15,0,50,252,2.2191,0.13245,721.013
4222,KB2,ARQ,Default,200,0.15,0,50,241,2.1944,0.137457,729.129
4223,KB2,ARQ,Default,200,0.15,0,50,227,2.1652,0.144404,738.962
4224,KB2,ARQ,Default,200,0.15,0,50,213,2.43,0.152091,658.436
4225,KB2,ARQ,Default,200,0.15,0,50,28,3.3618,0.512821,475.936
4226,KB2,ARQ,Default,200,0.15,0,50,1,3.1067,0.784314,515.016
4227,KB2,ARQ,Default,200,0.15,0,50,3,3.1866,0.754717,502.103
4228,KB2,ARQ,Default,200,0.15,0,50,4,3.2043,0.740741,499.329
4229,KB2,ARQ,Default,200,0.15,0,50,243,3.0952,0.136519,516.929
4230,KB2,ARQ,Default,200,0.15,0,50,255,3.0664,0.131148,521.785
4231,KB2,ARQ,Default,200,0.15,0,50,252,3.1062,0.13245,515.099
4232,KB2,ARQ,Default,200,0.15,0,50,19,2.4755,0.57971,646.334
4233,KB2,ARQ,Default,200,0.15,0,50,19,3.0688,0.57971,521.376
4234,KB2,ARQ,Default,200,0.15,0,50,242,2.5707,0.136986,622.399
4235,KB2,ARQ,Default,200,0.15,0,50,245,2.2065,0.135593,725.13
4236,KB2,ARQ,Default,200,0.15,0,50,232,2.2034,0.141844,726.15
4237,KB2,ARQ,Default,200,0.15,0,50,19,3.391,0.57971,471.837
4238,KB2,ARQ,Default,200,0.15,0,50,11,2.3358,0.655738,684.99
4239,KB2,ARQ,Default,200,0.15,0,50,249,2.2355,0.133779,715.724
4240,KB2,ARQ,Default,200,0.15,0,50,19,3.2414,0.57971,493.614
4241,KB2,ARQ,Default,200,0.15,0,50,10,2.4082,0.666667,664.397
4242,KB2,ARQ,Default,200,0.15,0,50,20,2.3035,0.571429,694.595
4243,KB2,ARQ,Default,200,0.15,0,50,11,2.3601,0.655738,677.937
4244,KB2,ARQ,Default,200,0.15,0,50,243,2.3134,0.136519,691.623
4245,KB2,ARQ,Default,200,0.15,0,50,188,2.0838,0.168067,767.828
4246,KB2,ARQ,Default,200,0.15,0,50,201,2.0443,0.159363,782.664
4247,KB2,ARQ,Default,200,0.15,0,50,7,2.1986,0.701754,727.736
4248,KB2,ARQ,Default,200,0.15,0,50,32,2.2662,0.487805,706.028
4249,KB2,ARQ,Default,200,0.15,0,50,25,2.2735,0.533333,703.761
4250,KB2,ARQ,Default,200,0.15,0,50,236,2.2403,0.13986,714.19
4251,KB2,ARQ,Default,200,0.15,0,50,250,2.1771,0.133333,734.923
4252,KB2,ARQ,Default,200,0.15,0,50,1,2.2247,0.784314,719.198
4253,KB2,ARQ,Default,200,0.15,0,50,234,2.1277,0.140845,751.986
4254,KB2,ARQ,Default,200,0.15,0,50,217,2.0909,0.149813,765.221
4255,KB2,ARQ,Default,200,0.15,0,50,240,2.2342,0.137931,716.14
4256,KB2,ARQ,Default,200,0.15,0,50,215,2.0883,0.150943,766.173
4257,KB2,ARQ,Default,200,0.15,0,50,217,2.0927,0.149813,764.563
4258,KB2,ARQ,Default,200,0.15,0,50,3,2.2573,0.754717,708.811
4259,KB2,ARQ,Default,200,0.15,0,50,0,2.2243,0.8,719.327
4260,KB2,ARQ,Default,200,0.15,0,50,4,2.1886,0.740741,731.061
4261,KB2,ARQ,Default,200,0.15,0,50,6,2.199,0.714286,727.603
4262,KB2,ARQ,Default,200,0.15,0,50,232,2.1231,0.141844,753.615
4263,KB2,ARQ,Default,200,0.15,0,50,239,2.1605,0.138408,740.569
4264,KB2,ARQ,Default,200,0.15,0,50,4,2.1876,0.740741,731.395
4265,KB2,ARQ,Default,200,0.15,0,50,29,2.2551,0.506329,709.503
4266,KB2,ARQ,Default,200,0.15,0,50,18,2.3364,0.588235,684.814
4267,KB2,ARQ,Default,200,0.15,0,50,22,2.2777,0.555556,702.463
4268,KB2,ARQ,Default,200,0.15,0,50,238,2.1819,0.138889,733.306
4269,KB2,ARQ,Default,200,0.15,0,50,2,2.2396,0.769231,714.413
4270,KB2,ARQ,Default,200,0.15,0,50,3,2.2341,0.754717,716.172
4271,KB2,ARQ,Default,200,0.15,0,50,24,2.2932,0.540541,697.715
4272,KB2,ARQ,Default,200,0.15,0,50,18,2.2843,0.588235,700.433
4273,KB2,ARQ,Default,200,0.15,0,50,240,2.2032,0.137931,726.216
4274,KB2,ARQ,Default,200,0.15,0,50,21,2.2807,0.56338,701.539
4275,KB2,ARQ,Default,200,0.15,0,50,235,2.1932,0.140351,729.528
4276,KB2,ARQ,Default,200,0.15,0,50,6,2.2614,0.714286,707.526
4277,KB2,ARQ,Default,200,0.15,0,50,12,2.2785,0.645161,702.216
4278,KB2,ARQ,Default,200,0.15,0,50,4,2.2384,0.740741,714.796
4279,KB2,ARQ,Default,200,0.15,0,50,15,2.4646,0.615385,649.193
4280,KB2,ARQ,Default,200,0.15,0,50,5,2.2863,0.727273,699.821
4281,KB2,ARQ,Default,200,0.15,0,50,252,2.2461,0.13245,712.346
4282,KB2,ARQ,Default,200,0.15,0,50,227,2.1642,0.144404,739.303
4283,KB2,ARQ,Default,200,0.15,0,50,32,2.3105,0.487805,692.491
4284,KB2,ARQ,Default,200,0.15,0,50,21,2.2855,0.56338,700.066
4285,KB2,ARQ,Default,200,0.15,0,50,6,2.2484,0.714286,711.617
4286,KB2,ARQ,Default,200,0.15,0,50,189,2.072,0.167364,772.201
4287,KB2,ARQ,Default,200,0.15,0,50,253,2.2286,0.132013,717.94
4288,KB2,ARQ,Default,200,0.15,0,50,17,2.2905,0.597015,698.537
4289,KB2,ARQ,Default,200,0.15,0,50,10,2.2495,0.666667,711.269
4290,KB2,ARQ,Default,200,0.15,0,50,239,2.1836,0.138408,732.735
4291,KB2,ARQ,Default,200,0.15,0,50,32,2.3122,0.487805,691.982
4292,KB2,ARQ,Default,200,0.15,0,50,8,2.2966,0.689655,696.682
4293,KB2,ARQ,Default,200,0.15,0,50,27,2.3013,0.519481,695.259
4294,KB2,ARQ,Default,200,0.15,0,50,249,2.2302,0.133779,717.424
4295,KB2,ARQ,Default,200,0.15,0,50,5,2.2515,0.727273,710.637
4296,KB2,ARQ,Default,200,0.15,0,50,240,2.2073,0.137931,724.867
4297,KB2,ARQ,Default,200,0.15,0,50,12,2.2732,0.645161,703.854
4298,KB2,ARQ,Default,200,0.15,0,50,21,2.2775,0.56338,702.525
4299,KB2,ARQ,Default,200,0.15,0,50,254,2.2735,0.131579,703.761
4300,KB2,ARQ,Default,200,0.15,0,50,220,2.1402,0.148148,747.594
4301,KB2,ARQ,Default,200,0.15,0,50,243,2.2167,0.136519,721.794
4302,KB2,ARQ,Default,200,0.15,0,50,16,2.2683,0.606061,705.374
4303,KB2,ARQ,Default,200,0.15,0,50,250,2.2195,0.133333,720.883
4304,KB2,ARQ,Default,200,0.15,0,50,2,2.2384,0.769231,714.796
4305,KB2,ARQ,Default,200,0.15,0,50,17,2.3652,0.597015,676.476
4306,KB2,ARQ,Default,200,0.15,0,50,24,2.2924,0.540541,697.958
4307,KB2,ARQ,Default,200,0.15,0,50,11,2.2659,0.655738,706.121
4308,KB2,ARQ,Default,200,0.15,0,50,252,2.2455,0.13245,712.536
4309,KB2,ARQ,Default,200,0.15,0,50,12,2.2677,0.645161,705.561
4310,KB2,ARQ,Default,200,0.15,0,50,222,2.1551,0.147059,742.425
4311,KB2,ARQ,Default,200,0.15,0,50,16,2.2684,0.606061,705.343
4312,KB2,ARQ,Default,200,0.15,0,50,250,2.2249,0.133333,719.133
4313,KB2,ARQ,Default,200,0.15,0,50,253,2.2447,0.132013,712.79
4314,KB2,ARQ,Default,200,0.15,0,50,11,2.2781,0.655738,702.34
4315,KB2,ARQ,Default,200,0.15,0,50,11,2.2692,0.655738,705.094
4316,KB2,ARQ,Default,200,0.15,0,50,3,2.2471,0.754717,712.029
4317,KB2,ARQ,Default,200,0.15,0,50,252,2.2358,0.13245,715.628
4318,KB2,ARQ,Default,200,0.15,0,50,249,2.3925,0.133779,668.757
4319,KB2,ARQ,Default,200,0.15,0,50,247,2.228,0.13468,718.133
4320,KB2,ARQ,Default,200,0.15,0,50,224,2.173,0.145985,736.309
4321,KB2,ARQ,Default,200,0.15,0,50,10,2.2529,0.666667,710.196
4322,KB2,ARQ,Default,200,0.15,0,50,250,2.219,0.133333,721.046
4323,KB2,ARQ,Default,200,0.15,0,50,249,2.2341,0.133779,716.172
4324,KB2,ARQ,Default,200,0.15,0,50,248,2.208,0.134228,724.638
4325,KB2,ARQ,Default,200,0.15,0,50,0,2.2444,0.8,712.885
4326,KB2,ARQ,Default,200,0.15,0,50,241,2.1988,0.137457,727.67
4327,KB2,ARQ,Default,200,0.15,0,50,255,2.2498,0.131148,711.174
4328,KB2,ARQ,Default,200,0.15,0,50,14,2.2736,0.625,703.73
4329,KB2,ARQ,Default,200,0.15,0,50,239,2.2095,0.138408,724.146
4330,KB2,ARQ,Default,200,0.15,0,50,0,2.231,0.8,717.167
4331,KB2,ARQ,Default,200,0.15,0,50,13,2.2706,0.634921,704.66
4332,KB2,ARQ,Default,200,0.15,0,50,245,2.2602,0.135593,707.902
4333,KB2,ARQ,Default,200,0.15,0,50,247,2.2122,0.13468,723.262
4334,KB2,ARQ,Default,200,0.15,0,50,22,2.2901,0.555556,698.659
4335,KB2,ARQ,Default,200,0.15,0,50,252,2.2282,0.13245,718.068
4336,KB2,ARQ,Default,200,0.15,0,50,252,2.2363,0.13245,715.468
4337,KB2,ARQ,Default,200,0.15,0,50,11,2.2637,0.655738,706.807
4338,KB2,ARQ,Default,200,0.15,0,50,31,2.3066,0.493827,693.662
4339,KB2,ARQ,Default,200,0.15,0,50,238,2.3059,0.138889,693.872
4340,KB2,ARQ,Default,200,0.15,0,50,11,2.2655,0.655738,706.246
4341,KB2,ARQ,Default,200,0.15,0,50,13,2.2763,0.634921,702.895
4342,KB2,ARQ,Default,200,0.15,0,50,227,2.1613,0.144404,740.295
4343,KB2,ARQ,Default,200,0.15,0,50,31,2.3187,0.493827,690.042
4344,KB2,ARQ,Default,200,0.15,0,50,32,2.3134,0.487805,691.623
4345,KB2,ARQ,Default,200,0.15,0,50,237,2.2067,0.139373,725.065
4346,KB2,ARQ,Default,200,0.15,0,50,7,2.267,0.701754,705.779
4347,KB2,ARQ,Default,200,0.15,0,50,240,2.2115,0.137931,723.491
4348,KB2,ARQ,Default,200,0.15,0,50,252,2.2487,0.13245,711.522
4349,KB2,ARQ,Default,200,0.15,0,50,245,2.2215,0.135593,720.234
4350,KB2,ARQ,Default,200,0.15,0,50,19,2.2842,0.57971,700.464
4351,KB2,ARQ,Default,200,0.15,0,50,250,2.2207,0.133333,720.494
4352,KB2,ARQ,Default,200,0.15,0,50,251,2.2327,0.13289,716.621
4353,KB2,ARQ,Default,200,0.15,0,50,23,2.3079,0.547945,693.271
4354,KB2,ARQ,Default,200,0.15,0,50,16,2.267,0.606061,705.779
4355,KB2,ARQ,Default,200,0.15,0,50,12,2.2612,0.645161,707.589
4356,KB2,ARQ,Default,200,0.15,0,50,8,2.2537,0.689655,709.944
4357,KB2,ARQ,Default,200,0.15,0,50,249,2.2226,0.133779,719.878
4358,KB2,ARQ,Default,200,0.15,0,50,20,2.2723,0.571429,704.132
4359,KB2,ARQ,Default,200,0.15,0,50,25,2.3015,0.533333,695.199
4360,KB2,ARQ,Default,200,0.15,0,50,11,2.3096,0.655738,692.761
4361,KB2,ARQ,Default,200,0.15,0,50,12,2.2664,0.645161,705.965
4362,KB2,ARQ,Default,200,0.15,0,50,32,2.3008,0.487805,695.41
4363,KB2,ARQ,Default,200,0.15,0,50,239,2.1847,0.138408,732.366
4364,KB2,ARQ,Default,200,0.15,0,50,18,2.28,0.588235,701.754
4365,KB2,ARQ,Default,200,0.15,0,50,31,2.3212,0.493827,689.299
4366,KB2,ARQ,Default,200,0.15,0,50,248,2.2081,0.134228,724.605
4367,KB2,ARQ,Default,200,0.15,0,50,244,2.2039,0.136054,725.986
4368,KB2,ARQ,Default,200,0.15,0,50,246,2.211,0.135135,723.654
4369,KB2,ARQ,Default,200,0.15,0,50,17,2.2821,0.597015,701.109
4370,KB2,ARQ,Default,200,0.15,0,50,16,2.2673,0.606061,705.685
4371,KB2,ARQ,Default,200,0.15,0,50,255,2.312,0.131148,692.042
4372,KB2,ARQ,Default,200,0.15,0,50,31,2.3086,0.493827,693.061
4373,KB2,ARQ,Default,200,0.15,0,50,5,2.2478,0.727273,711.807
4374,KB2,ARQ,Default,200,0.15,0,50,9,2.2421,0.677966,713.617
4375,KB2,ARQ,Default,200,0.15,0,50,246,2.2112,0.135135,723.589
4376,KB2,ARQ,Default,200,0.15,0,50,1,2.2398,0.784314,714.349
4377,KB2,ARQ,Default,200,0.15,0,50,15,2.2732,0.615385,703.854
4378,KB2,ARQ,Default,200,0.15,0,50,5,2.3068,0.727273,693.602
4379,KB2,ARQ,Default,200,0.15,0,50,21,2.2854,0.56338,700.096
4380,KB2,ARQ,Default,200,0.15,0,50,13,2.2701,0.634921,704.815
4381,KB2,ARQ,Default,200,0.15,0,50,250,2.2305,0.133333,717.328
4382,KB2,ARQ,Default,200,0.15,0,50,32,2.299,0.487805,695.955
4383,KB2,ARQ,Default,200,0.15,0,50,6,2.2505,0.714286,710.953
4384,KB2,ARQ,Default,200,0.15,0,50,246,2.2479,0.135135,711.775
4385,KB2,ARQ,Default,200,0.15,0,50,0,2.2366,0.8,715.372
4386,KB2,ARQ,Default,200,0.15,0,50,27,2.3101,0.519481,692.611
4387,KB2,ARQ,Default,200,0.15,0,50,238,2.1899,0.138889,730.627
4388,KB2,ARQ,Default,200,0.15,0,50,32,2.3117,0.487805,692.131
4389,KB2,ARQ,Default,200,0.15,0,50,2,2.2517,0.769231,710.574
4390,KB2,ARQ,Default,200,0.15,0,50,235,2.1734,0.140351,736.174
4391,KB2,ARQ,Default,200,0.15,0,50,2,2.2737,0.769231,703.699
4392,KB2,ARQ,Default,200,0.15,0,50,248,2.2075,0.134228,724.802
4393,KB2,ARQ,Default,200,0.15,0,50,19,2.2805,0.57971,701.601
4394,KB2,ARQ,Default,200,0.15,0,50,199,2.098,0.160643,762.631
4395,KB2,ARQ,Default,200,0.15,0,50,23,2.2995,0.547945,695.803
4396,KB2,ARQ,Default,200,0.15,0,50,236,2.1919,0.13986,729.96
4397,KB2,ARQ,Default,200,0.15,0,50,226,2.1656,0.144928,738.825
4398,KB2,ARQ,Default,200,0.15,0,50,255,2.3164,0.131148,690.727
4399,KB2,ARQ,Default,200,0.15,0,50,17,2.339,0.597015,684.053
4400,KB2,ARQ,Default,200,0.15,0,50,1,2.2464,0.784314,712.251
4401,KB2,ARQ,Default,200,0.15,0,50,0,2.2357,0.8,715.66
4402,KB2,ARQ,Default,200,0.15,0,50,252,2.2211,0.13245,720.364
4403,KB2,ARQ,Default,200,0.15,0,50,0,2.2611,0.8,707.62
4404,KB2,ARQ,Default,200,0.15,0,50,250,2.2227,0.133333,719.845
4405,KB2,ARQ,Default,200,0.15,0,50,19,2.3293,0.57971,686.902
4406,KB2,ARQ,Default,200,0.15,0,50,20,2.2841,0.571429,700.495
4407,KB2,ARQ,Default,200,0.15,0,50,235,2.1852,0.140351,732.198
4408,KB2,ARQ,Default,200,0.15,0,50,219,2.1516,0.148699,743.633
4409,KB2,ARQ,Default,200,0.15,0,50,10,2.2618,0.666667,707.401
4410,KB2,ARQ,Default,200,0.15,0,50,9,2.2455,0.677966,712.536
4411,KB2,ARQ,Default,200,0.15,0,50,243,2.3127,0.136519,691.832
4412,KB2,ARQ,Default,200,0.15,0,50,225,2.1604,0.145455,740.604
4413,KB2,ARQ,Default,200,0.15,0,50,5,2.2487,0.727273,711.522
4414,KB2,ARQ,Default,200,0.15,0,50,25,2.2955,0.533333,697.016
4415,KB2,ARQ,Default,200,0.15,0,50,3,2.2526,0.754717,710.29
4416,KB2,ARQ,Default,200,0.15,0,50,6,2.2671,0.714286,705.747
4417,KB2,ARQ,Default,200,0.15,0,50,252,2.2277,0.13245,718.23
4418,KB2,ARQ,Default,200,0.15,0,50,249,2.5413,0.133779,629.599
4419,KB2,ARQ,Default,200,0.15,0,50,5,2.2466,0.727273,712.187
4420,KB2,ARQ,Default,200,0.15,0,50,253,2.2277,0.132013,718.23
4421,KB2,ARQ,Default,200,0.15,0,50,255,2.2242,0.131148,719.36
4422,KB2,ARQ,Default,200,0.15,0,50,13,2.258,0.634921,708.592
4423,KB2,ARQ,Default,200,0.15,0,50,12,2.2591,0.645161,708.247
4424,KB2,ARQ,Default,200,0.15,0,50,212,2.1272,0.152672,752.162
4425,KB2,ARQ,Default,200,0.15,0,50,3,2.2363,0.754717,715.468
4426,KB2,ARQ,Default,200,0.15,0,50,238,2.1874,0.138889,731.462
4427,KB2,ARQ,Default,200,0.15,0,50,250,2.2286,0.133333,717.94
4428,KB2,ARQ,Default,200,0.15,0,50,14,2.2655,0.625,706.246
4429,KB2,ARQ,Default,200,0.15,0,50,18,2.2883,0.588235,699.209
4430,KB2,ARQ,Default,200,0.15,0,50,30,2.3103,0.5,692.551
4431,KB2,ARQ,Default,200,0.15,0,50,249,2.2173,0.133779,721.598
4432,KB2,ARQ,Default,200,0.15,0,50,246,2.216,0.135135,722.022
4433,KB2,ARQ,Default,200,0.15,0,50,250,2.2218,0.133333,720.137
4434,KB2,ARQ,Default,200,0.15,0,50,1,2.2295,0.784314,717.65
4435,KB2,ARQ,Default,200,0.15,0,50,250,2.2217,0.133333,720.169
4436,KB2,ARQ,Default,200,0.15,0,50,11,2.2585,0.655738,708.435
4437,KB2,ARQ,Default,200,0.15,0,50,12,2.2625,0.645161,707.182
4438,KB2,ARQ,Default,200,0.15,0,50,21,2.3162,0.56338,690.787
4439,KB2,ARQ,Default,200,0.15,0,50,12,2.264,0.645161,706.714
4440,KB2,ARQ,Default,200,0.15,0,50,2,2.2439,0.769231,713.044
4441,KB2,ARQ,Default,200,0.15,0,50,252,2.2178,0.13245,721.436
4442,KB2,ARQ,Default,200,0.15,0,50,222,2.1525,0.147059,743.322
4443,KB2,ARQ,Default,200,0.15,0,50,10,2.2698,0.666667,704.908
4444,KB2,ARQ,Default,200,0.15,0,50,254,2.2377,0.131579,715.02
4445,KB2,ARQ,Default,200,0.15,0,50,14,2.2762,0.625,702.926
4446,KB2,ARQ,Default,200,0.15,0,50,245,2.1933,0.135593,729.494
4447,KB2,ARQ,Default,200,0.15,0,50,255,2.24,0.131148,714.286
4448,KB2,ARQ,Default,200,0.15,0,50,17,2.2802,0.597015,701.693
4449,KB2,ARQ,Default,200,0.15,0,50,218,2.1405,0.149254,747.489
4450,KB2,ARQ,Default,200,0.15,0,50,206,2.1549,0.15625,742.494
4451,KB2,ARQ,Default,200,0.15,0,50,21,2.2842,0.56338,700.464
4452,KB2,ARQ,Default,200,0.15,0,50,25,2.3362,0.533333,684.873
4453,KB2,ARQ,Default,200,0.15,0,50,229,2.1676,0.143369,738.144
4454,KB2,ARQ,Default,200,0.15,0,50,207,2.118,0.155642,755.43
4455,KB2,ARQ,Default,200,0.15,0,50,6,2.2532,0.714286,710.101
4456,KB2,ARQ,Default,200,0.15,0,50,247,2.218,0.13468,721.371
4457,KB2,ARQ,Default,200,0.15,0,50,24,2.2893,0.540541,698.904
4458,KB2,ARQ,Default,200,0.15,0,50,10,2.255,0.666667,709.534
4459,KB2,ARQ,Default,200,0.15,0,50,5,2.2543,0.727273,709.755
4460,KB2,ARQ,Default,200,0.15,0,50,254,2.2305,0.131579,717.328
4461,KB2,ARQ,Default,200,0.15,0,50,245,2.2032,0.135593,726.216
4462,KB2,ARQ,Default,200,0.15,0,50,6,2.2499,0.714286,711.143
4463,KB2,ARQ,Default,200,0.15,0,50,164,2.017,0.186916,793.257
4464,KB2,ARQ,Default,200,0.15,0,50,8,2.2546,0.689655,709.66
4465,KB2,ARQ,Default,200,0.15,0,50,243,2.2665,0.136519,705.934
4466,KB2,ARQ,Default,200,0.15,0,50,244,2.2015,0.136054,726.777
4467,KB2,ARQ,Default,200,0.15,0,50,23,2.2904,0.547945,698.568
4468,KB2,ARQ,Default,200,0.15,0,50,2,2.2606,0.769231,707.777
4469,KB2,ARQ,Default,200,0.15,0,50,4,2.2526,0.740741,710.29
4470,KB2,ARQ,Default,200,0.15,0,50,235,2.173,0.140351,736.309
4471,KB2,ARQ,Default,200,0.15,0,50,244,2.3282,0.136054,687.226
4472,KB2,ARQ,Default,200,0.15,0,50,240,2.1978,0.137931,728.001
4473,KB2,ARQ,Default,200,0.15,0,50,32,2.3113,0.487805,692.251
4474,KB2,ARQ,Default,200,0.15,0,50,244,2.2036,0.136054,726.085
4475,KB2,ARQ,Default,200,0.15,0,50,11,2.2648,0.655738,706.464
4476,KB2,ARQ,Default,200,0.15,0,50,236,2.1926,0.13986,729.727
4477,KB2,ARQ,Default,200,0.15,0,50,235,2.1874,0.140351,731.462
4478,KB2,ARQ,Default,200,0.15,0,50,8,2.3104,0.689655,692.521
4479,KB2,ARQ,Default,200,0.15,0,50,15,2.2689,0.615385,705.188
4480,KB2,ARQ,Default,200,0.15,0,50,11,2.2638,0.655738,706.776
4481,KB2,ARQ,Default,200,0.15,0,50,218,2.1609,0.149254,740.432
4482,KB2,ARQ,Default,200,0.15,0,50,250,2.2639,0.133333,706.745
4483,KB2,ARQ,Default,200,0.15,0,50,255,2.2005,0.131148,727.107
4484,KB2,ARQ,Default,200,0.15,0,50,254,2.2766,0.131579,702.802
4485,KB2,ARQ,Default,200,0.15,0,50,255,2.183,0.131148,732.936
4486,KB2,ARQ,Default,200,0.15,0,50,241,2.1424,0.137457,746.826
4487,KB2,ARQ,Default,200,0.15,0,50,248,2.1717,0.134228,736.75
4488,KB2,ARQ,Default,200,0.15,0,50,6,2.1929,0.714286,729.627
4489,KB2,ARQ,Default,200,0.15,0,50,227,2.1888,0.144404,730.994
4490,KB2,ARQ,Default,200,0.15,0,50,249,2.1591,0.133779,741.05
4491,KB2,ARQ,Default,200,0.15,0,50,18,2.3379,0.588235,684.375
4492,KB2,ARQ,Default,200,0.15,0,50,15,2.7383,0.615385,584.304
4493,KB2,ARQ,Default,200,0.15,0,50,245,2.4206,0.135593,660.993
4494,KB2,ARQ,Default,200,0.15,0,50,244,2.197,0.136054,728.266
4495,KB2,ARQ,Default,200,0.15,0,50,238,2.1383,0.138889,748.258
4496,KB2,ARQ,Default,200,0.15,0,50,4,2.1972,0.740741,728.2
4497,KB2,ARQ,Default,200,0.15,0,50,24,2.3886,0.540541,669.848
4498,KB2,ARQ,Default,200,0.15,0,50,252,2.1773,0.13245,734.855
4499,KB2,ARQ,Default,200,0.15,0,50,229,2.1303,0.143369,751.068
4500,KB2,ARQ,Default,200,0.15,0,50,254,2.1767,0.131579,735.058
4501,KB2,ARQ,Default,200,0.15,0,50,245,2.3082,0.135593,693.181
4502,KB2,ARQ,Default,200,0.15,0,50,16,2.243,0.606061,713.33
4503,KB2,ARQ,Default,200,0.15,0,50,10,2.2077,0.666667,724.736
4504,KB2,ARQ,Default,200,0.15,0,50,248,2.2427,0.134228,713.426
4505,KB2,ARQ,Default,200,0.15,0,50,239,2.1468,0.138408,745.295
4506,KB2,ARQ,Default,200,0.15,0,50,217,2.1305,0.149813,750.997
4507,KB2,ARQ,Default,200,0.15,0,50,250,2.2872,0.133333,699.545
4508,KB2,ARQ,Default,200,0.15,0,50,246,2.2927,0.135135,697.867
4509,KB2,ARQ,Default,200,0.15,0,50,253,2.1774,0.132013,734.821
4510,KB2,ARQ,Default,200,0.15,0,50,227,2.1148,0.144404,756.573
4511,KB2,ARQ,Default,200,0.15,0,50,6,2.7828,0.714286,574.96
4512,KB2,ARQ,Default,200,0.15,0,50,240,2.1794,0.137931,734.147
4513,KB2,ARQ,Default,200,0.15,0,50,9,2.2079,0.677966,724.671
4514,KB2,ARQ,Default,200,0.15,0,50,14,2.244,0.625,713.012
4515,KB2,ARQ,Default,200,0.15,0,50,6,2.1993,0.714286,727.504
4516,KB2,ARQ,Default,200,0.15,0,50,6,2.1893,0.714286,730.827
4517,KB2,ARQ,Default,200,0.15,0,50,8,2.2504,0.689655,710.985
4518,KB2,ARQ,Default,200,0.15,0,50,10,2.2392,0.666667,714.541
4519,KB2,ARQ,Default,200,0.15,0,50,32,2.2671,0.487805,705.747
4520,KB2,ARQ,Default,200,0.15,0,50,206,2.0637,0.15625,775.306
4521,KB2,ARQ,Default,200,0.15,0,50,5,2.198,0.727273,727.934
4522,KB2,ARQ,Default,200,0.15,0,50,5,2.2022,0.727273,726.546
4523,KB2,ARQ,Default,200,0.15,0,50,9,2.2358,0.677966,715.628
4524,KB2,ARQ,Default,200,0.15,0,50,4,2.2468,0.740741,712.124
4525,KB2,ARQ,Default,200,0.15,0,50,238,2.2227,0.138889,719.845
4526,KB2,ARQ,Default,200,0.15,0,50,2,2.3325,0.769231,685.959
4527,KB2,ARQ,Default,200,0.15,0,50,16,2.3578,0.606061,678.599
4528,KB2,ARQ,Default,200,0.15,0,50,252,2.2382,0.13245,714.86
4529,KB2,ARQ,Default,200,0.15,0,50,11,2.2667,0.655738,705.872
4530,KB2,ARQ,Default,200,0.15,0,50,216,2.1315,0.150376,750.645
4531,KB2,ARQ,Default,200,0.15,0,50,219,2.1872,0.148699,731.529
4532,KB2,ARQ,Default,200,0.15,0,50,253,2.2386,0.132013,714.732
4533,KB2,ARQ,Default,200,0.15,0,50,0,2.2284,0.8,718.004
4534,KB2,ARQ,Default,200,0.15,0,50,31,2.3114,0.493827,692.221
4535,KB2,ARQ,Default,200,0.15,0,50,241,2.1969,0.137457,728.299
4536,KB2,ARQ,Default,200,0.15,0,50,2,2.2418,0.769231,713.712
4537,KB2,ARQ,Default,200,0.15,0,50,20,2.3135,0.571429,691.593
4538,KB2,ARQ,Default,200,0.15,0,50,238,2.1916,0.138889,730.06
4539,KB2,ARQ,Default,200,0.15,0,50,240,2.2024,0.137931,726.48
4540,KB2,ARQ,Default,200,0.15,0,50,23,2.2829,0.547945,700.863
4541,KB2,ARQ,Default,200,0.15,0,50,32,2.3112,0.487805,692.281
4542,KB2,ARQ,Default,200,0.15,0,50,6,2.2651,0.714286,706.371
4543,KB2,ARQ,Default,200,0.15,0,50,4,2.2421,0.740741,713.617
4544,KB2,ARQ,Default,200,0.15,0,50,13,2.2604,0.634921,707.839
4545,KB2,ARQ,Default,200,0.15,0,50,16,2.2775,0.606061,702.525
4546,KB2,ARQ,Default,200,0.15,0,50,5,2.2399,0.727273,714.318
4547,KB2,ARQ,Default,200,0.15,0,50,10,2.2486,0.666667,711.554
4548,KB2,ARQ,Default,200,0.15,0,50,225,2.1566,0.145455,741.909
4549,KB2,ARQ,Default,200,0.15,0,50,249,2.2152,0.133779,722.282
4550,KB2,ARQ,Default,200,0.15,0,50,26,2.2872,0.526316,699.545
4551,KB2,ARQ,Default,200,0.15,0,50,248,2.2706,0.134228,704.66
4552,KB2,ARQ,Default,200,0.15,0,50,32,2.3056,0.487805,693.963
4553,KB2,ARQ,Default,200,0.15,0,50,246,2.2024,0.135135,726.48
4554,KB2,ARQ,Default,200,0.15,0,50,229,2.1664,0.143369,738.552
4555,KB2,ARQ,Default,200,0.15,0,50,246,2.2049,0.135135,725.656
4556,KB2,ARQ,Default,200,0.15,0,50,234,2.1749,0.140845,735.666
4557,KB2,ARQ,Default,200,0.15,0,50,23,2.2878,0.547945,699.362
4558,KB2,ARQ,Default,200,0.15,0,50,6,2.2604,0.714286,707.839
4559,KB2,ARQ,Default,200,0.15,0,50,9,2.2596,0.677966,708.09
4560,KB2,ARQ,Default,200,0.15,0,50,11,2.2613,0.655738,707.558
4561,KB2,ARQ,Default,200,0.15,0,50,23,2.2888,0.547945,699.056
4562,KB2,ARQ,Default,200,0.15,0,50,245,2.195,0.135593,728.929
4563,KB2,ARQ,Default,200,0.15,0,50,242,2.2028,0.136986,726.348
4564,KB2,ARQ,Default,200,0.15,0,50,235,2.1829,0.140351,732.97
4565,KB2,ARQ,Default,200,0.15,0,50,244,2.8531,0.136054,560.794
4566,KB2,ARQ,Default,200,0.15,0,50,243,2.231,0.136519,717.167
4567,KB2,ARQ,Default,200,0.15,0,50,21,2.3225,0.56338,688.913
4568,KB2,ARQ,Default,200,0.15,0,50,232,2.2137,0.141844,722.772
4569,KB2,ARQ,Default,200,0.15,0,50,28,2.3331,0.512821,685.783
4570,KB2,ARQ,Default,200,0.15,0,50,21,2.3254,0.56338,688.054
4571,KB2,ARQ,Default,200,0.15,0,50,252,2.2669,0.13245,705.81
4572,KB2,ARQ,Default,200,0.15,0,50,250,2.2408,0.133333,714.031
4573,KB2,ARQ,Default,200,0.15,0,50,18,2.2844,0.588235,700.403
4574,KB2,ARQ,Default,200,0.15,0,50,239,2.1967,0.138408,728.365
4575,KB2,ARQ,Default,200,0.15,0,50,244,2.2107,0.136054,723.753
4576,KB2,ARQ,Default,200,0.15,0,50,240,2.189,0.137931,730.927
4577,KB2,ARQ,Default,200,0.15,0,50,21,2.3034,0.56338,694.625
4578,KB2,ARQ,Default,200,0.15,0,50,0,2.2321,0.8,716.814
4579,KB2,ARQ,Default,200,0.15,0,50,9,2.2634,0.677966,706.901
4580,KB2,ARQ,Default,200,0.15,0,50,227,2.1593,0.144404,740.981
4581,KB2,ARQ,Default,200,0.15,0,50,5,2.2406,0.727273,714.094
4582,KB2,ARQ,Default,200,0.15,0,50,251,2.2297,0.13289,717.585
4583,KB2,ARQ,Default,200,0.15,0,50,25,2.2997,0.533333,695.743
4584,KB2,ARQ,Default,200,0.15,0,50,240,2.2409,0.137931,713.999
4585,KB2,ARQ,Default,200,0.15,0,50,184,2.0556,0.17094,778.362
4586,KB2,ARQ,Default,200,0.15,0,50,251,2.2246,0.13289,719.23
4587,KB2,ARQ,Default,200,0.15,0,50,250,2.2176,0.133333,721.501
4588,KB2,ARQ,Default,200,0.15,0,50,235,2.1765,0.140351,735.125
4589,KB2,ARQ,Default,200,0.15,0,50,255,2.2323,0.131148,716.75
4590,KB2,ARQ,Default,200,0.15,0,50,4,2.2435,0.740741,713.171
4591,KB2,ARQ,Default,200,0.15,0,50,252,2.2246,0.13245,719.23
4592,KB2,ARQ,Default,200,0.15,0,50,254,2.2276,0.131579,718.262
4593,KB2,ARQ,Default,200,0.15,0,50,6,2.2501,0.714286,711.08
4594,KB2,ARQ,Default,200,0.15,0,50,253,2.2252,0.132013,719.036
4595,KB2,ARQ,Default,200,0.15,0,50,1,2.243,0.784314,713.33
4596,KB2,ARQ,Default,200,0.15,0,50,17,2.2785,0.597015,702.216
4597,KB2,ARQ,Default,200,0.15,0,50,255,2.2827,0.131148,700.924
4598,KB2,ARQ,Default,200,0.15,0,50,20,2.288,0.571429,699.301
4599,KB2,ARQ,Default,200,0.15,0,50,16,2.2723,0.606061,704.132
4600,KB2,ARQ,Default,200,0.15,0,50,3,2.2579,0.754717,708.623
4601,KB2,ARQ,Default,200,0.15,0,50,11,2.2698,0.655738,704.908
4602,KB2,ARQ,Default,200,0.15,0,50,232,2.1725,0.141844,736.479
4603,KB2,ARQ,Default,200,0.15,0,50,6,2.2824,0.714286,701.016
4604,KB2,ARQ,Default,200,0.15,0,50,28,2.2996,0.512821,695.773
4605,KB2,ARQ,Default,200,0.15,0,50,18,2.2722,0.588235,704.163
4606,KB2,ARQ,Default,200,0.15,0,50,17,2.263,0.597015,707.026
4607,KB2,ARQ,Default,200,0.15,0,50,13,2.2676,0.634921,705.592
4608,KB2,ARQ,Default,200,0.15,0,50,23,2.3008,0.547945,695.41
4609,KB2,ARQ,Default,200,0.15,0,50,8,2.2672,0.689655,705.716
4610,KB2,ARQ,Default,200,0.15,0,50,243,2.2382,0.136519,714.86
4611,KB2,ARQ,Default,200,0.15,0,50,219,2.1457,0.148699,745.677
4612,KB2,ARQ,Default,200,0.15,0,50,243,2.2032,0.136519,726.216
4613,KB2,ARQ,Default,200,0.15,0,50,243,2.2071,0.136519,724.933
4614,KB2,ARQ,Default,200,0.15,0,50,227,2.1551,0.144404,742.425
4615,KB2,ARQ,Default,200,0.15,0,50,253,2.2208,0.132013,720.461
4616,KB2,ARQ,Default,200,0.15,0,50,252,2.217,0.13245,721.696
4617,KB2,ARQ,Default,200,0.15,0,50,18,2.3119,0.588235,692.071
4618,KB2,ARQ,Default,200,0.15,0,50,254,2.2322,0.131579,716.782
4619,KB2,ARQ,Default,200,0.15,0,50,242,2.1991,0.136986,727.57
4620,KB2,ARQ,Default,200,0.15,0,50,244,2.2028,0.136054,726.348
4621,KB2,ARQ,Default,200,0.15,0,50,253,2.2263,0.132013,718.681
4622,KB2,ARQ,Default,200,0.15,0,50,240,2.1937,0.137931,729.361
4623,KB2,ARQ,Default,200,0.15,0,50,253,2.23,0.132013,717.489
4624,KB2,ARQ,Default,200,0.15,0,50,7,2.2443,0.701754,712.917
4625,KB2,ARQ,Default,200,0.15,0,50,235,2.1902,0.140351,730.527
4626,KB2,ARQ,Default,200,0.15,0,50,28,2.3001,0.512821,695.622
4627,KB2,ARQ,Default,200,0.15,0,50,0,2.2401,0.8,714.254
4628,KB2,ARQ,Default,200,0.15,0,50,12,2.2569,0.645161,708.937
4629,KB2,ARQ,Default,200,0.15,0,50,243,2.2071,0.136519,724.933
4630,KB2,ARQ,Default,200,0.15,0,50,15,2.315,0.615385,691.145
4631,KB2,ARQ,Default,200,0.15,0,50,235,2.2163,0.140351,721.924
4632,KB2,ARQ,Default,200,0.15,0,50,247,2.2155,0.13468,722.185
4633,KB2,ARQ,Default,200,0.15,0,50,235,2.1986,0.140351,727.736
4634,KB2,ARQ,Default,200,0.15,0,50,241,2.2192,0.137457,720.981
4635,KB2,ARQ,Default,200,0.15,0,50,18,2.2793,0.588235,701.97
4636,KB2,ARQ,Default,200,0.15,0,50,235,2.1897,0.140351,730.694
4637,KB2,ARQ,Default,200,0.15,0,50,253,2.3033,0.132013,694.655
4638,KB2,ARQ,Default,200,0.15,0,50,237,2.1896,0.139373,730.727
4639,KB2,ARQ,Default,200,0.15,0,50,254,2.2276,0.131579,718.262
4640,KB2,ARQ,Default,200,0.15,0,50,254,2.225,0.131579,719.101
4641,KB2,ARQ,Default,200,0.15,0,50,17,2.2727,0.597015,704.008
4642,KB2,ARQ,Default,200,0.15,0,50,18,2.2716,0.588235,704.349
4643,KB2,ARQ,Default,200,0.15,0,50,16,2.3316,0.606061,686.224
4644,KB2,ARQ,Default,200,0.15,0,50,2,2.5181,0.769231,635.4
4645,KB2,ARQ,Default,200,0.15,0,50,12,2.2808,0.645161,701.508
4646,KB2,ARQ,Default,200,0.15,0,50,228,2.1901,0.143885,730.56
4647,KB2,ARQ,Default,200,0.15,0,50,247,2.2353,0.13468,715.788
4648,KB2,ARQ,Default,200,0.15,0,50,20,2.2941,0.571429,697.441
4649,KB2,ARQ,Default,200,0.15,0,50,11,2.3525,0.655738,680.128
4650,KB2,ARQ,Default,200,0.15,0,50,217,2.1458,0.149813,745.643
4651,KB2,ARQ,Default,200,0.15,0,50,225,2.1942,0.145455,729.195
4652,KB2,ARQ,Default,200,0.15,0,50,206,2.1964,0.15625,728.465
4653,KB2,ARQ,Default,200,0.15,0,50,246,2.326,0.135135,687.876
4654,KB2,ARQ,Default,200,0.15,0,50,254,2.2274,0.131579,718.326
4655,KB2,ARQ,Default,200,0.15,0,50,11,2.2649,0.655738,706.433
4656,KB2,ARQ,Default,200,0.15,0,50,213,2.1875,0.152091,731.429
4657,KB2,ARQ,Default,200,0.15,0,50,243,2.2099,0.136519,724.015
4658,KB2,ARQ,Default,200,0.15,0,50,230,2.2479,0.142857,711.775
4659,KB2,ARQ,Default,200,0.15,0,50,4,2.2479,0.740741,711.775
4660,KB2,ARQ,Default,200,0.15,0,50,204,2.1224,0.15748,753.864
4661,KB2,ARQ,Default,200,0.15,0,50,247,2.2158,0.13468,722.087
4662,KB2,ARQ,Default,200,0.15,0,50,246,2.2034,0.135135,726.15
4663,KB2,ARQ,Default,200,0.15,0,50,8,2.3136,0.689655,691.563
4664,KB2,ARQ,Default,200,0.15,0,50,32,2.3172,0.487805,690.489
4665,KB2,ARQ,Default,200,0.15,0,50,19,2.2948,0.57971,697.229
4666,KB2,ARQ,Default,200,0.15,0,50,254,2.2441,0.131579,712.981
4667,KB2,ARQ,Default,200,0.15,0,50,5,2.2925,0.727273,697.928
4668,KB2,ARQ,Default,200,0.15,0,50,21,2.2842,0.56338,700.464
4669,KB2,ARQ,Default,200,0.15,0,50,238,2.2408,0.138889,714.031
4670,KB2,ARQ,Default,200,0.15,0,50,10,2.2543,0.666667,709.755
4671,KB2,ARQ,Default,200,0.15,0,50,238,2.2084,0.138889,724.506
4672,KB2,ARQ,Default,200,0.15,0,50,232,2.1764,0.141844,735.159
4673,KB2,ARQ,Default,200,0.15,0,50,10,2.2807,0.666667,701.539
4674,KB2,ARQ,Default,200,0.15,0,50,20,2.2773,0.571429,702.586
4675,KB2,ARQ,Default,200,0.15,0,50,5,2.2808,0.727273,701.508
4676,KB2,ARQ,Default,200,0.15,0,50,1,2.2339,0.784314,716.236
4677,KB2,ARQ,Default,200,0.15,0,50,253,2.2308,0.132013,717.231
4678,KB2,ARQ,Default,200,0.15,0,50,203,2.1037,0.158103,760.565
4679,KB2,ARQ,Default,200,0.15,0,50,2,2.2453,0.769231,712.6
4680,KB2,ARQ,Default,200,0.15,0,50,17,2.282,0.597015,701.139
4681,KB2,ARQ,Default,200,0.15,0,50,9,2.2881,0.677966,699.27
4682,KB2,ARQ,Default,200,0.15,0,50,19,2.3224,0.57971,688.942
4683,KB2,ARQ,Default,200,0.15,0,50,9,2.2573,0.677966,708.811
4684,KB2,ARQ,Default,200,0.15,0,50,230,2.1647,0.142857,739.132
4685,KB2,ARQ,Default,200,0.15,0,50,251,2.2248,0.13289,719.166
4686,KB2,ARQ,Default,200,0.15,0,50,15,2.2828,0.615385,700.894
4687,KB2,ARQ,Default,200,0.15,0,50,4,2.245,0.740741,712.695
4688,KB2,ARQ,Default,200,0.15,0,50,236,2.1853,0.13986,732.165
4689,KB2,ARQ,Default,200,0.15,0,50,236,2.297,0.13986,696.561
4690,KB2,ARQ,Default,200,0.15,0,50,16,2.2685,0.606061,705.312
4691,KB2,ARQ,Default,200,0.15,0,50,25,2.3064,0.533333,693.722
4692,KB2,ARQ,Default,200,0.15,0,50,252,2.2237,0.13245,719.522
4693,KB2,ARQ,Default,200,0.15,0,50,213,2.1302,0.152091,751.103
4694,KB2,ARQ,Default,200,0.15,0,50,16,2.2786,0.606061,702.186
4695,KB2,ARQ,Default,200,0.15,0,50,3,2.2417,0.754717,713.744
4696,KB2,ARQ,Default,200,0.15,0,50,248,2.2174,0.134228,721.566
4697,KB2,ARQ,Default,200,0.15,0,50,220,2.1497,0.148148,744.29
4698,KB2,ARQ,Default,200,0.15,0,50,244,2.196,0.136054,728.597
4699,KB2,ARQ,Default,200,0.15,0,50,24,2.3105,0.540541,692.491
4700,KB2,ARQ,Default,200,0.15,0,50,254,2.2376,0.131579,715.052
4701,KB2,ARQ,Default,200,0.15,0,50,26,2.3017,0.526316,695.138
4702,KB2,ARQ,Default,200,0.15,0,50,5,2.2485,0.727273,711.586
4703,KB2,ARQ,Default,200,0.15,0,50,22,2.2928,0.555556,697.837
4704,KB2,ARQ,Default,200,0.15,0,50,246,2.2218,0.135135,720.137
4705,KB2,ARQ,Default,200,0.15,0,50,3,2.2465,0.754717,712.219
4706,KB2,ARQ,Default,200,0.15,0,50,19,2.2727,0.57971,704.008
4707,KB2,ARQ,Default,200,0.15,0,50,14,2.2688,0.625,705.219
4708,KB2,ARQ,Default,200,0.15,0,50,248,2.2117,0.134228,723.425
4709,KB2,ARQ,Default,200,0.15,0,50,30,2.3561,0.5,679.088
4710,KB2,ARQ,Default,200,0.15,0,50,18,2.2774,0.588235,702.556
4711,KB2,ARQ,Default,200,0.15,0,50,248,2.2319,0.134228,716.878
4712,KB2,ARQ,Default,200,0.15,0,50,8,2.2639,0.689655,706.745
4713,KB2,ARQ,Default,200,0.15,0,50,29,2.3116,0.506329,692.161
4714,KB2,ARQ,Default,200,0.15,0,50,17,2.2791,0.597015,702.032
4715,KB2,ARQ,Default,200,0.15,0,50,1,2.3489,0.784314,681.17
4716,KB2,ARQ,Default,200,0.15,0,50,226,2.1595,0.144928,740.912
4717,KB2,ARQ,Default,200,0.15,0,50,1,2.251,0.784314,710.795
4718,KB2,ARQ,Default,200,0.15,0,50,210,2.1112,0.153846,757.863
4719,KB2,ARQ,Default,200,0.15,0,50,22,2.3032,0.555556,694.686
4720,KB2,ARQ,Default,200,0.15,0,50,251,2.2225,0.13289,719.91
4721,KB2,ARQ,Default,200,0.15,0,50,253,2.2318,0.132013,716.91
4722,KB2,ARQ,Default,200,0.15,0,50,235,2.1976,0.140351,728.067
4723,KB2,ARQ,Default,200,0.15,0,50,245,2.2076,0.135593,724.769
4724,KB2,ARQ,Default,200,0.15,0,50,232,2.2014,0.141844,726.81
4725,KB2,ARQ,Default,200,0.15,0,50,22,2.2931,0.555556,697.745
4726,KB2,ARQ,Default,200,0.15,0,50,1,2.2396,0.784314,714.413
4727,KB2,ARQ,Default,200,0.15,0,50,238,2.1942,0.138889,729.195
4728,KB2,ARQ,Default,200,0.15,0,50,12,2.2626,0.645161,707.151
4729,KB2,ARQ,Default,200,0.15,0,50,225,2.2086,0.145455,724.441
4730,KB2,ARQ,Default,200,0.15,0,50,240,2.1885,0.137931,731.094
4731,KB2,ARQ,Default,200,0.15,0,50,14,2.2706,0.625,704.66
4732,KB2,ARQ,Default,200,0.15,0,50,17,2.2774,0.597015,702.556
4733,KB2,ARQ,Default,200,0.15,0,50,234,2.1813,0.140845,733.508
4734,KB2,ARQ,Default,200,0.15,0,50,6,2.2497,0.714286,711.206
4735,KB2,ARQ,Default,200,0.15,0,50,31,2.7059,0.493827,591.3
4736,KB2,ARQ,Default,200,0.15,0,50,252,2.4148,0.13245,662.581
4737,KB2,ARQ,Default,200,0.15,0,50,7,2.2613,0.701754,707.558
4738,KB2,ARQ,Default,200,0.15,0,50,22,2.3329,0.555556,685.842
4739,KB2,ARQ,Default,200,0.15,0,50,254,2.2399,0.131579,714.318
4740,KB2,ARQ,Default,200,0.15,0,50,24,2.3027,0.540541,694.836
4741,KB2,ARQ,Default,200,0.15,0,50,20,2.2843,0.571429,700.433
4742,KB2,ARQ,Default,200,0.15,0,50,0,2.3211,0.8,689.328
4743,KB2,ARQ,Default,200,0.15,0,50,237,2.1867,0.139373,731.696
4744,KB2,ARQ,Default,200,0.15,0,50,19,2.3002,0.57971,695.592
4745,KB2,ARQ,Default,200,0.15,0,50,4,2.383,0.740741,671.423
4746,KB2,ARQ,Default,200,0.15,0,50,1,2.2941,0.784314,697.441
4747,KB2,ARQ,Default,200,0.15,0,50,3,2.2914,0.754717,698.263
4748,KB2,ARQ,Default,200,0.15,0,50,242,2.3935,0.136986,668.477
4749,KB2,ARQ,Default,200,0.15,0,50,18,2.5471,0.588235,628.165
4750,KB2,ARQ,Default,200,0.15,0,50,22,2.2933,0.555556,697.685
4751,KB2,ARQ,Default,200,0.15,0,50,5,2.276,0.727273,702.988
4752,KB2,ARQ,Default,200,0.15,0,50,227,2.2823,0.144404,701.047
4753,KB2,ARQ,Default,200,0.15,0,50,4,2.4441,0.740741,654.638
4754,KB2,ARQ,Default,200,0.15,0,50,16,2.2687,0.606061,705.25
4755,KB2,ARQ,Default,200,0.15,0,50,17,2.4462,0.597015,654.076
4756,KB2,ARQ,Default,200,0.15,0,50,2,2.2567,0.769231,709
4757,KB2,ARQ,Default,200,0.15,0,50,250,2.3034,0.133333,694.625
4758,KB2,ARQ,Default,200,0.15,0,50,15,2.2642,0.615385,706.651
4759,KB2,ARQ,Default,200,0.15,0,50,3,2.2395,0.754717,714.445
4760,KB2,ARQ,Default,200,0.15,0,50,227,2.16,0.144404,740.741
4761,KB2,ARQ,Default,200,0.15,0,50,252,2.2267,0.13245,718.552
4762,KB2,ARQ,Default,200,0.15,0,50,8,2.3622,0.689655,677.335
4763,KB2,ARQ,Default,200,0.15,0,50,4,2.251,0.740741,710.795
4764,KB2,ARQ,Default,200,0.15,0,50,201,2.1082,0.159363,758.941
4765,KB2,ARQ,Default,200,0.15,0,50,249,2.2222,0.133779,720.007
4766,KB2,ARQ,Default,200,0.15,0,50,22,2.281,0.555556,701.447
4767,KB2,ARQ,Default,200,0.15,0,50,2,2.2443,0.769231,712.917
4768,KB2,ARQ,Default,200,0.15,0,50,15,2.3911,0.615385,669.148
4769,KB2,ARQ,Default,200,0.15,0,50,0,2.2387,0.8,714.7
4770,KB2,ARQ,Default,200,0.15,0,50,254,2.2288,0.131579,717.875
4771,KB2,ARQ,Default,200,0.15,0,50,251,2.2216,0.13289,720.202
4772,KB2,ARQ,Default,200,0.15,0,50,18,2.2735,0.588235,703.761
4773,KB2,ARQ,Default,200,0.15,0,50,20,2.2923,0.571429,697.989
4774,KB2,ARQ,Default,200,0.15,0,50,9,2.2679,0.677966,705.498
4775,KB2,ARQ,Default,200,0.15,0,50,24,2.3411,0.540541,683.439
4776,KB2,ARQ,Default,200,0.15,0,50,239,2.2009,0.138408,726.975
4777,KB2,ARQ,Default,200,0.15,0,50,255,2.2358,0.131148,715.628
4778,KB2,ARQ,Default,200,0.15,0,50,224,2.1609,0.145985,740.432
4779,KB2,ARQ,Default,200,0.15,0,50,21,2.2916,0.56338,698.202
4780,KB2,ARQ,Default,200,0.15,0,50,15,2.2708,0.615385,704.597
4781,KB2,ARQ,Default,200,0.15,0,50,249,2.22,0.133779,720.721
4782,KB2,ARQ,Default,200,0.15,0,50,7,2.2442,0.701754,712.949
4783,KB2,ARQ,Default,200,0.15,0,50,250,2.219,0.133333,721.046
4784,KB2,ARQ,Default,200,0.15,0,50,221,2.1511,0.147601,743.805
4785,KB2,ARQ,Default,200,0.15,0,50,240,2.1987,0.137931,727.703
4786,KB2,ARQ,Default,200,0.15,0,50,227,2.1782,0.144404,734.551
4787,KB2,ARQ,Default,200,0.15,0,50,217,2.1516,0.149813,743.633
4788,KB2,ARQ,Default,200,0.15,0,50,217,2.216,0.149813,722.022
4789,KB2,ARQ,Default,200,0.15,0,50,6,2.3165,0.714286,690.697
4790,KB2,ARQ,Default,200,0.15,0,50,254,2.2235,0.131579,719.586
4791,KB2,ARQ,Default,200,0.15,0,50,23,2.2922,0.547945,698.019
4792,KB2,ARQ,Default,200,0.15,0,50,236,2.1944,0.13986,729.129
4793,KB2,ARQ,Default,200,0.15,0,50,245,2.2183,0.135593,721.273
4794,KB2,ARQ,Default,200,0.15,0,50,234,2.1828,0.140845,733.003
4795,KB2,ARQ,Default,200,0.15,0,50,222,2.1866,0.147059,731.73
4796,KB2,ARQ,Default,200,0.15,0,50,0,2.2334,0.8,716.397
4797,KB2,ARQ,Default,200,0.15,0,50,230,2.1809,0.142857,733.642
4798,KB2,ARQ,Default,200,0.15,0,50,9,2.2523,0.677966,710.385
4799,KB2,ARQ,Default,200,0.15,0,50,14,2.2646,0.625,706.527
4800,KB2,ARQ,Default,200,0.15,0,50,18,2.2938,0.588235,697.532
4801,KB2,ARQ,Default,200,0.15,0,50,14,2.317,0.625,690.548
4802,KB2,ARQ,Default,200,0.15,0,50,26,2.2968,0.526316,696.621
4803,KB2,ARQ,Default,200,0.15,0,50,11,2.2596,0.655738,708.09
4804,KB2,ARQ,Default,200,0.15,0,50,249,2.2168,0.133779,721.761
4805,KB2,ARQ,Default,200,0.15,0,50,0,2.2332,0.8,716.461
4806,KB2,ARQ,Default,200,0.15,0,50,249,2.216,0.133779,722.022
4807,KB2,ARQ,Default,200,0.15,0,50,240,2.1931,0.137931,729.561
4808,KB2,ARQ,Default,200,0.15,0,50,17,2.3191,0.597015,689.923
4809,KB2,ARQ,Default,200,0.15,0,50,7,2.306,0.701754,693.842
4810,KB2,ARQ,Default,200,0.15,0,50,14,2.38,0.625,672.269
4811,KB2,ARQ,Default,200,0.15,0,50,14,2.2831,0.625,700.802
4812,KB2,ARQ,Default,200,0.15,0,50,227,2.1834,0.144404,732.802
4813,KB2,ARQ,Default,200,0.15,0,50,192,2.1054,0.165289,759.951
4814,KB2,ARQ,Default,200,0.15,0,50,245,2.218,0.135593,721.371
4815,KB2,ARQ,Default,200,0.15,0,50,242,2.2695,0.136986,705.001
4816,KB2,ARQ,Default,200,0.15,0,50,6,2.2772,0.714286,702.617
4817,KB2,ARQ,Default,200,0.15,0,50,242,2.2172,0.136986,721.631
4818,KB2,ARQ,Default,200,0.15,0,50,243,2.2257,0.136519,718.875
4819,KB2,ARQ,Default,200,0.15,0,50,241,2.1992,0.137457,727.537
4820,KB2,ARQ,Default,200,0.15,0,50,27,2.3004,0.519481,695.531
4821,KB2,ARQ,Default,200,0.15,0,50,5,2.2982,0.727273,696.197
4822,KB2,ARQ,Default,200,0.15,0,50,12,2.2749,0.645161,703.328
4823,KB2,ARQ,Default,200,0.15,0,50,250,2.2211,0.133333,720.364
4824,KB2,ARQ,Default,200,0.15,0,50,220,2.1525,0.148148,743.322
4825,KB2,ARQ,Default,200,0.15,0,50,244,2.2044,0.136054,725.821
4826,KB2,ARQ,Default,200,0.15,0,50,18,2.2916,0.588235,698.202
4827,KB2,ARQ,Default,200,0.15,0,50,254,2.2342,0.131579,716.14
4828,KB2,ARQ,Default,200,0.15,0,50,229,2.2227,0.143369,719.845
4829,KB2,ARQ,Default,200,0.15,0,50,14,2.2794,0.625,701.939
4830,KB2,ARQ,Default,200,0.15,0,50,214,2.1376,0.151515,748.503
4831,KB2,ARQ,Default,200,0.15,0,50,23,2.2897,0.547945,698.781
4832,KB2,ARQ,Default,200,0.15,0,50,26,2.3084,0.526316,693.121
4833,KB2,ARQ,Default,200,0.15,0,50,13,2.268,0.634921,705.467
4834,KB2,ARQ,Default,200,0.15,0,50,25,2.2881,0.533333,699.27
4835,KB2,ARQ,Default,200,0.15,0,50,221,2.3049,0.147601,694.173
4836,KB2,ARQ,Default,200,0.15,0,50,13,2.2667,0.634921,705.872
4837,KB2,ARQ,Default,200,0.15,0,50,18,2.2784,0.588235,702.247
4838,KB2,ARQ,Default,200,0.15,0,50,249,2.24,0.133779,714.286
4839,KB2,ARQ,Default,200,0.15,0,50,249,2.2149,0.133779,722.38
4840,KB2,ARQ,Default,200,0.15,0,50,5,2.2389,0.727273,714.637
4841,KB2,ARQ,Default,200,0.15,0,50,27,2.3124,0.519481,691.922
4842,KB2,ARQ,Default,200,0.15,0,50,11,2.5879,0.655738,618.262
4843,KB2,ARQ,Default,200,0.15,0,50,15,2.2657,0.615385,706.184
4844,KB2,ARQ,Default,200,0.15,0,50,9,2.2503,0.677966,711.016
4845,KB2,ARQ,Default,200,0.15,0,50,26,2.3015,0.526316,695.199
4846,KB2,ARQ,Default,200,0.15,0,50,252,2.2226,0.13245,719.878
4847,KB2,ARQ,Default,200,0.15,0,50,232,2.1705,0.141844,737.157
4848,KB2,ARQ,Default,200,0.15,0,50,245,2.2446,0.135593,712.822
4849,KB2,ARQ,Default,200,0.15,0,50,255,2.2293,0.131148,717.714
4850,KB2,ARQ,Default,200,0.15,0,50,240,2.197,0.137931,728.266
4851,KB2,ARQ,Default,200,0.15,0,50,254,2.2301,0.131579,717.457
4852,KB2,ARQ,Default,200,0.15,0,50,9,2.2652,0.677966,706.339
4853,KB2,ARQ,Default,200,0.15,0,50,22,2.2873,0.555556,699.515
4854,KB2,ARQ,Default,200,0.15,0,50,21,2.2799,0.56338,701.785
4855,KB2,ARQ,Default,200,0.15,0,50,23,2.341,0.547945,683.469
4856,KB2,ARQ,Default,200,0.15,0,50,15,2.2706,0.615385,704.66
4857,KB2,ARQ,Default,200,0.15,0,50,244,2.2044,0.136054,725.821
4858,KB2,ARQ,Default,200,0.15,0,50,255,2.2328,0.131148,716.589
4859,KB2,ARQ,Default,200,0.15,0,50,2,2.2476,0.769231,711.87
4860,KB2,ARQ,Default,200,0.15,0,50,1,2.2333,0.784314,716.429
4861,KB2,ARQ,Default,200,0.15,0,50,7,2.3298,0.701754,686.754
4862,KB2,ARQ,Default,200,0.15,0,50,226,2.1657,0.144928,738.791
4863,KB2,ARQ,Default,200,0.15,0,50,14,2.2682,0.625,705.405
4864,KB2,ARQ,Default,200,0.15,0,50,3,2.2544,0.754717,709.723
4865,KB2,ARQ,Default,200,0.15,0,50,246,2.1801,0.135135,733.911
4866,KB2,ARQ,Default,200,0.15,0,50,222,2.0906,0.147059,765.331
4867,KB2,ARQ,Default,200,0.15,0,50,28,2.3687,0.512821,675.476
4868,KB2,ARQ,Default,200,0.15,0,50,18,2.4886,0.588235,642.932
4869,KB2,ARQ,Default,200,0.15,0,50,6,2.325,0.714286,688.172
4870,KB2,ARQ,Default,200,0.15,0,50,15,2.2194,0.615385,720.916
4871,KB2,ARQ,Default,200,0.15,0,50,245,2.2446,0.135593,712.822
4872,KB2,ARQ,Default,200,0.15,0,50,19,2.2319,0.57971,716.878
4873,KB2,ARQ,Default,200,0.15,0,50,235,2.1333,0.140351,750.012
4874,KB2,ARQ,Default,200,0.15,0,50,251,2.4485,0.13289,653.461
4875,KB2,ARQ,Default,200,0.15,0,50,211,2.0734,0.153257,771.679
4876,KB2,ARQ,Default,200,0.15,0,50,2,2.2125,0.769231,723.164
4877,KB2,ARQ,Default,200,0.15,0,50,245,2.1619,0.135593,740.09
4878,KB2,ARQ,Default,200,0.15,0,50,254,2.1761,0.131579,735.26
4879,KB2,ARQ,Default,200,0.15,0,50,3,2.3041,0.754717,694.414
4880,KB2,ARQ,Default,200,0.15,0,50,22,2.268,0.555556,705.467
4881,KB2,ARQ,Default,200,0.15,0,50,246,2.2586,0.135135,708.403
4882,KB2,ARQ,Default,200,0.15,0,50,236,2.1328,0.13986,750.188
4883,KB2,ARQ,Default,200,0.15,0,50,11,2.2105,0.655738,723.818
4884,KB2,ARQ,Default,200,0.15,0,50,249,2.1713,0.133779,736.886
4885,KB2,ARQ,Default,200,0.15,0,50,198,2.0321,0.16129,787.363
4886,KB2,ARQ,Default,200,0.15,0,50,223,2.0985,0.14652,762.449
4887,KB2,ARQ,Default,200,0.15,0,50,10,2.2118,0.666667,723.393
4888,KB2,ARQ,Default,200,0.15,0,50,21,2.3016,0.56338,695.169
4889,KB2,ARQ,Default,200,0.15,0,50,6,2.2075,0.714286,724.802
4890,KB2,ARQ,Default,200,0.15,0,50,23,2.2473,0.547945,711.965
4891,KB2,ARQ,Default,200,0.15,0,50,234,2.132,0.140845,750.469
4892,KB2,ARQ,Default,200,0.15,0,50,3,2.188,0.754717,731.261
4893,KB2,ARQ,Default,200,0.15,0,50,222,2.1071,0.147059,759.337
4894,KB2,ARQ,Default,200,0.15,0,50,8,2.1971,0.689655,728.233
4895,KB2,ARQ,Default,200,0.15,0,50,226,2.3217,0.144928,689.15
4896,KB2,ARQ,Default,200,0.15,0,50,248,2.2406,0.134228,714.094
4897,KB2,ARQ,Default,200,0.15,0,50,212,2.0804,0.152672,769.083
4898,KB2,ARQ,Default,200,0.15,0,50,18,2.2314,0.588235,717.039
4899,KB2,ARQ,Default,200,0.15,0,50,8,2.1974,0.689655,728.133
4900,KB2,ARQ,Default,200,0.15,0,50,5,2.2922,0.727273,698.019
4901,KB2,ARQ,Default,200,0.15,0,50,250,2.172,0.133333,736.648
4902,KB2,ARQ,Default,200,0.15,0,50,20,2.3897,0.571429,669.54
4903,KB2,ARQ,Default,200,0.15,0,50,247,2.1955,0.13468,728.763
4904,KB2,ARQ,Default,200,0.15,0,50,246,2.1572,0.135135,741.702
4905,KB2,ARQ,Default,200,0.15,0,50,9,2.2007,0.677966,727.041
4906,KB2,ARQ,Default,200,0.15,0,50,245,2.1443,0.135593,746.164
4907,KB2,ARQ,Default,200,0.15,0,50,243,2.2152,0.136519,722.282
4908,KB2,ARQ,Default,200,0.15,0,50,250,2.2734,0.133333,703.792
4909,KB2,ARQ,Default,200,0.15,0,50,241,2.4748,0.137457,646.517
4910,KB2,ARQ,Default,200,0.15,0,50,246,2.2188,0.135135,721.111
4911,KB2,ARQ,Default,200,0.15,0,50,234,2.1803,0.140845,733.844
4912,KB2,ARQ,Default,200,0.15,0,50,26,2.2956,0.526316,696.986
4913,KB2,ARQ,Default,200,0.15,0,50,18,2.2722,0.588235,704.163
4914,KB2,ARQ,Default,200,0.15,0,50,11,2.2526,0.655738,710.29
4915,KB2,ARQ,Default,200,0.15,0,50,10,2.3664,0.666667,676.133
4916,KB2,ARQ,Default,200,0.15,0,50,11,2.2623,0.655738,707.245
4917,KB2,ARQ,Default,200,0.15,0,50,233,2.1772,0.141343,734.889
4918,KB2,ARQ,Default,200,0.15,0,50,31,2.3026,0.493827,694.867
4919,KB2,ARQ,Default,200,0.15,0,50,239,2.1913,0.138408,730.16
4920,KB2,ARQ,Default,200,0.15,0,50,248,2.2122,0.134228,723.262
4921,KB2,ARQ,Default,200,0.15,0,50,4,2.3347,0.740741,685.313
4922,KB2,ARQ,Default,200,0.15,0,50,222,2.1596,0.147059,740.878
4923,KB2,ARQ,Default,200,0.15,0,50,25,2.3012,0.533333,695.289
4924,KB2,ARQ,Default,200,0.15,0,50,240,2.2044,0.137931,725.821
4925,KB2,ARQ,Default,200,0.15,0,50,16,2.2811,0.606061,701.416
4926,KB2,ARQ,Default,200,0.15,0,50,245,2.1984,0.135593,727.802
4927,KB2,ARQ,Default,200,0.15,0,50,1,2.2398,0.784314,714.349
4928,KB2,ARQ,Default,200,0.15,0,50,244,2.3042,0.136054,694.384
4929,KB2,ARQ,Default,200,0.15,0,50,16,2.2752,0.606061,703.235
4930,KB2,ARQ,Default,200,0.15,0,50,233,2.1779,0.141343,734.653
4931,KB2,ARQ,Default,200,0.15,0,50,254,2.2241,0.131579,719.392
4932,KB2,ARQ,Default,200,0.15,0,50,8,2.2622,0.689655,707.276
4933,KB2,ARQ,Default,200,0.15,0,50,17,2.2785,0.597015,702.216
4934,KB2,ARQ,Default,200,0.15,0,50,5,2.2414,0.727273,713.84
4935,KB2,ARQ,Default,200,0.15,0,50,224,2.1455,0.145985,745.747
4936,KB2,ARQ,Default,200,0.15,0,50,235,2.1888,0.140351,730.994
4937,KB2,ARQ,Default,200,0.15,0,50,228,2.1783,0.143885,734.518
4938,KB2,ARQ,Default,200,0.15,0,50,229,2.1581,0.143369,741.393
4939,KB2,ARQ,Default,200,0.15,0,50,203,2.1111,0.158103,757.899
4940,KB2,ARQ,Default,200,0.15,0,50,231,2.1734,0.142349,736.174
4941,KB2,ARQ,Default,200,0.15,0,50,18,2.2897,0.588235,698.781
4942,KB2,ARQ,Default,200,0.15,0,50,252,2.2712,0.13245,704.473
4943,KB2,ARQ,Default,200,0.15,0,50,249,2.2097,0.133779,724.08
4944,KB2,ARQ,Default,200,0.15,0,50,243,2.2031,0.136519,726.249
4945,KB2,ARQ,Default,200,0.15,0,50,250,2.2233,0.133333,719.651
4946,KB2,ARQ,Default,200,0.15,0,50,20,2.2835,0.571429,700.679
4947,KB2,ARQ,Default,200,0.15,0,50,2,2.2418,0.769231,713.712
4948,KB2,ARQ,Default,200,0.15,0,50,13,2.2717,0.634921,704.318
4949,KB2,ARQ,Default,200,0.15,0,50,22,2.2915,0.555556,698.233
4950,KB2,ARQ,Default,200,0.15,0,50,12,2.2561,0.645161,709.188
4951,KB2,ARQ,Default,200,0.15,0,50,245,2.2104,0.135593,723.851
4952,KB2,ARQ,Default,200,0.15,0,50,251,2.2337,0.13289,716.3
4953,KB2,ARQ,Default,200,0.15,0,50,249,2.2213,0.133779,720.299
4954,KB2,ARQ,Default,200,0.15,0,50,9,2.2537,0.677966,709.944
4955,KB2,ARQ,Default,200,0.15,0,50,227,2.1625,0.144404,739.884
4956,KB2,ARQ,Default,200,0.15,0,50,21,2.3384,0.56338,684.229
4957,KB2,ARQ,Default,200,0.15,0,50,0,2.2339,0.8,716.236
4958,KB2,ARQ,Default,200,0.15,0,50,252,2.2211,0.13245,720.364
4959,KB2,ARQ,Default,200,0.15,0,50,32,2.3063,0.487805,693.752
4960,KB2,ARQ,Default,200,0.15,0,50,255,2.2362,0.131148,715.5
4961,KB2,ARQ,Default,200,0.15,0,50,235,2.1985,0.140351,727.769
4962,KB2,ARQ,Default,200,0.15,0,50,18,2.2615,0.588235,707.495
4963,KB2,ARQ,Default,200,0.15,0,50,228,2.1658,0.143885,738.757
4964,KB2,ARQ,Default,200,0.15,0,50,8,2.2484,0.689655,711.617
4965,KB2,ARQ,Default,200,0.15,0,50,236,2.1839,0.13986,732.634
4966,KB2,ARQ,Default,200,0.15,0,50,252,2.2192,0.13245,720.981
4967,KB2,ARQ,Default,200,0.15,0,50,235,2.1915,0.140351,730.094
4968,KB2,ARQ,Default,200,0.15,0,50,224,2.1575,0.145985,741.599
4969,KB2,ARQ,Default,200,0.15,0,50,249,2.3054,0.133779,694.023
4970,KB2,ARQ,Default,200,0.15,0,50,238,2.1883,0.138889,731.161
4971,KB2,ARQ,Default,200,0.15,0,50,229,2.1709,0.143369,737.022
4972,KB2,ARQ,Default,200,0.15,0,50,245,2.2158,0.135593,722.087
4973,KB2,ARQ,Default,200,0.15,0,50,0,2.2414,0.8,713.84
4974,KB2,ARQ,Default,200,0.15,0,50,12,2.255,0.645161,709.534
4975,KB2,ARQ,Default,200,0.15,0,50,242,2.2106,0.136986,723.785
4976,KB2,ARQ,Default,200,0.15,0,50,220,2.1874,0.148148,731.462
4977,KB2,ARQ,Default,200,0.15,0,50,13,2.2787,0.634921,702.155
4978,KB2,ARQ,Default,200,0.15,0,50,17,2.2725,0.597015,704.07
4979,KB2,ARQ,Default,200,0.15,0,50,247,2.2113,0.13468,723.556
4980,KB2,ARQ,Default,200,0.15,0,50,19,2.2947,0.57971,697.259
4981,KB2,ARQ,Default,200,0.15,0,50,8,2.2472,0.689655,711.997
4982,KB2,ARQ,Default,200,0.15,0,50,242,2.1944,0.136986,729.129
4983,KB2,ARQ,Default,200,0.15,0,50,190,2.121,0.166667,754.361
4984,KB2,ARQ,Default,200,0.15,0,50,237,2.1998,0.139373,727.339
4985,KB2,ARQ,Default,200,0.15,0,50,247,2.2133,0.13468,722.902
4986,KB2,ARQ,Default,200,0.15,0,50,0,2.2257,0.8,718.875
4987,KB2,ARQ,Default,200,0.15,0,50,233,2.1741,0.141343,735.937
4988,KB2,ARQ,Default,200,0.15,0,50,18,2.2804,0.588235,701.631
4989,KB2,ARQ,Default,200,0.15,0,50,19,2.2767,0.57971,702.772
4990,KB2,ARQ,Default,200,0.15,0,50,3,2.3154,0.754717,691.025
4991,KB2,ARQ,Default,200,0.15,0,50,223,2.148,0.14652,744.879
4992,KB2,ARQ,Default,200,0.15,0,50,228,2.164,0.143885,739.372
4993,KB2,ARQ,Default,200,0.15,0,50,248,2.2202,0.134228,720.656
4994,KB2,ARQ,Default,200,0.15,0,50,254,2.2123,0.131579,723.229
4995,KB2,ARQ,Default,200,0.15,0,50,247,2.162,0.13468,740.056
4996,KB2,ARQ,Default,200,0.15,0,50,252,2.1688,0.13245,737.735
4997,KB2,ARQ,Default,200,0.15,0,50,242,2.1922,0.136986,729.86
4998,KB2,ARQ,Default,200,0.15,0,50,7,2.2637,0.701754,706.807
4999,KB2,ARQ,Default,200,0.15,0,50,0,2.1789,0.8,734.315
5000,KB2,ARQ,Default,200,0.15,0,50,18,2.2195,0.588235,720.883
5001,KB2,HARQ,Default,200,0.15,0,50,132,18.0799,0.21978,88.4961
5002,KB2,HARQ,Default,200,0.15,0,50,111,16.5861,0.248447,96.4663
5003,KB2,HARQ,Default,200,0.15,0,50,103,16.3901,0.261438,97.6199
5004,KB2,HARQ,Default,200,0.15,0,50,46,14.478,0.416667,110.513
5005,KB2,HARQ,Default,200,0.15,0,50,96,16.2959,0.273973,98.1842
5006,KB2,HARQ,Default,200,0.15,0,50,65,15.5136,0.347826,103.135
5007,KB2,HARQ,Default,200,0.15,0,50,156,19.3315,0.194175,82.7665
5008,KB2,HARQ,Default,200,0.15,0,50,83,16.2275,0.300752,98.5981
5009,KB2,HARQ,Default,200,0.15,0,50,91,16.0835,0.283688,99.4808
5010,KB2,HARQ,Default,200,0.15,0,50,97,16.3149,0.272109,98.0699
5011,KB2,HARQ,Default,200,0.15,0,50,154,18.5631,0.196078,86.1925
5012,KB2,HARQ,Default,200,0.15,0,50,136,18.1468,0.215054,88.1698
5013,KB2,HARQ,Default,200,0.15,0,50,118,17.4112,0.238095,91.8949
5014,KB2,HARQ,Default,200,0.15,0,50,131,18.0795,0.220994,88.498
5015,KB2,HARQ,Default,200,0.15,0,50,81,15.936,0.305344,100.402
5016,KB2,HARQ,Default,200,0.15,0,50,112,17.2384,0.246914,92.816
5017,KB2,HARQ,Default,200,0.15,0,50,96,16.584,0.273973,96.4785
5018,KB2,HARQ,Default,200,0.15,0,50,81,16.1183,0.305344,99.2661
5019,KB2,HARQ,Default,200,0.15,0,50,93,17.129,0.27972,93.4088
5020,KB2,HARQ,Default,200,0.15,0,50,109,18.0842,0.251572,88.475
5021,KB2,HARQ,Default,200,0.15,0,50,104,17.9732,0.25974,89.0214
5022,KB2,HARQ,Default,200,0.15,0,50,103,16.8911,0.261438,94.7244
5023,KB2,HARQ,Default,200,0.15,0,50,169,19.66,0.182648,81.3835
5024,KB2,HARQ,Default,200,0.15,0,50,110,17.0963,0.25,93.5875
5025,KB2,HARQ,Default,200,0.15,0,50,53,14.7324,0.38835,108.604
5026,KB2,HARQ,Default,200,0.15,0,50,93,16.3105,0.27972,98.0963
5027,KB2,HARQ,Default,200,0.15,0,50,148,18.4259,0.20202,86.8343
5028,KB2,HARQ,Default,200,0.15,0,50,71,16.0542,0.330579,99.6624
5029,KB2,HARQ,Default,200,0.15,0,50,174,20.5989,0.178571,77.6741
5030,KB2,HARQ,Default,200,0.15,0,50,155,19.593,0.195122,81.6618
5031,KB2,HARQ,Default,200,0.15,0,50,122,17.7102,0.232558,90.3434
5032,KB2,HARQ,Default,200,0.15,0,50,146,18.5544,0.204082,86.2329
5033,KB2,HARQ,Default,200,0.15,0,50,49,14.6865,0.40404,108.944
5034,KB2,HARQ,Default,200,0.15,0,50,156,18.9841,0.194175,84.2811
5035,KB2,HARQ,Default,200,0.15,0,50,68,15.5296,0.338983,103.029
5036,KB2,HARQ,Default,200,0.15,0,50,100,16.5965,0.266667,96.4059
5037,KB2,HARQ,Default,200,0.15,0,50,108,17.3544,0.253165,92.1956
5038,KB2,HARQ,Default,200,0.15,0,50,12,13.3243,0.645161,120.081
5039,KB2,HARQ,Default,200,0.15,0,50,151,18.8409,0.199005,84.9216
5040,KB2,HARQ,Default,200,0.15,0,50,67,15.9214,0.34188,100.494
5041,KB2,HARQ,Default,200,0.15,0,50,81,16.2455,0.305344,98.4888
5042,KB2,HARQ,Default,200,0.15,0,50,188,20.9363,0.168067,76.4223
5043,KB2,HARQ,Default,200,0.15,0,50,138,18.6016,0.212766,86.0141
5044,KB2,HARQ,Default,200,0.15,0,50,104,17.3626,0.25974,92.1521
5045,KB2,HARQ,Default,200,0.15,0,50,55,15.2458,0.380952,104.947
5046,KB2,HARQ,Default,200,0.15,0,50,44,14.8649,0.425532,107.636
5047,KB2,HARQ,Default,200,0.15,0,50,72,15.4485,0.327869,103.57
5048,KB2,HARQ,Default,200,0.15,0,50,154,18.8271,0.196078,84.9839
5049,KB2,HARQ,Default,200,0.15,0,50,143,18.4351,0.207254,86.791
5050,KB2,HARQ,Default,200,0.15,0,50,102,16.8768,0.263158,94.8047
5051,KB2,HARQ,Default,200,0.15,0,50,252,22.465,0.13245,71.2219
5052,KB2,HARQ,Default,200,0.15,0,50,131,18.2787,0.220994,87.5336
5053,KB2,HARQ,Default,200,0.15,0,50,115,17.3577,0.242424,92.1781
5054,KB2,HARQ,Default,200,0.15,0,50,166,19.0202,0.185185,84.1211
5055,KB2,HARQ,Default,200,0.15,0,50,202,20.6225,0.15873,77.5852
5056,KB2,HARQ,Default,200,0.15,0,50,122,17.8397,0.232558,89.6876
5057,KB2,HARQ,Default,200,0.15,0,50,146,18.8265,0.204082,84.9866
5058,KB2,HARQ,Default,200,0.15,0,50,111,17.646,0.248447,90.6721
5059,KB2,HARQ,Default,200,0.15,0,50,160,19.0995,0.190476,83.7718
5060,KB2,HARQ,Default,200,0.15,0,50,68,15.6105,0.338983,102.495
5061,KB2,HARQ,Default,200,0.15,0,50,181,19.7882,0.17316,80.8563
5062,KB2,HARQ,Default,200,0.15,0,50,85,15.9883,0.296296,100.073
5063,KB2,HARQ,Default,200,0.15,0,50,129,17.7713,0.223464,90.0328
5064,KB2,HARQ,Default,200,0.15,0,50,70,15.5676,0.333333,102.778
5065,KB2,HARQ,Default,200,0.15,0,50,168,19.39,0.183486,82.5168
5066,KB2,HARQ,Default,200,0.15,0,50,72,15.6321,0.327869,102.353
5067,KB2,HARQ,Default,200,0.15,0,50,153,18.7364,0.197044,85.3953
5068,KB2,HARQ,Default,200,0.15,0,50,116,17.1678,0.240964,93.1977
5069,KB2,HARQ,Default,200,0.15,0,50,98,16.5485,0.27027,96.6855
5070,KB2,HARQ,Default,200,0.15,0,50,85,16.1187,0.296296,99.2636
5071,KB2,HARQ,Default,200,0.15,0,50,75,15.2788,0.32,104.72
5072,KB2,HARQ,Default,200,0.15,0,50,188,19.7902,0.168067,80.8481
5073,KB2,HARQ,Default,200,0.15,0,50,112,16.8395,0.246914,95.0147
5074,KB2,HARQ,Default,200,0.15,0,50,99,16.4767,0.268456,97.1068
5075,KB2,HARQ,Default,200,0.15,0,50,95,16.5205,0.275862,96.8494
5076,KB2,HARQ,Default,200,0.15,0,50,146,18.5901,0.204082,86.0673
5077,KB2,HARQ,Default,200,0.15,0,50,171,19.4135,0.180995,82.4169
5078,KB2,HARQ,Default,200,0.15,0,50,121,17.4125,0.233918,91.888
5079,KB2,HARQ,Default,200,0.15,0,50,145,18.4105,0.205128,86.9069
5080,KB2,HARQ,Default,200,0.15,0,50,116,19.083,0.240964,83.8443
5081,KB2,HARQ,Default,200,0.15,0,50,88,17.6228,0.289855,90.7915
5082,KB2,HARQ,Default,200,0.15,0,50,136,19.2721,0.215054,83.0216
5083,KB2,HARQ,Default,200,0.15,0,50,81,17.5846,0.305344,90.9887
5084,KB2,HARQ,Default,200,0.15,0,50,93,17.6103,0.27972,90.8559
5085,KB2,HARQ,Default,200,0.15,0,50,119,18.3992,0.236686,86.9603
5086,KB2,HARQ,Default,200,0.15,0,50,109,17.8589,0.251572,89.5912
5087,KB2,HARQ,Default,200,0.15,0,50,88,17.4274,0.289855,91.8094
5088,KB2,HARQ,Default,200,0.15,0,50,87,16.7695,0.291971,95.4113
5089,KB2,HARQ,Default,200,0.15,0,50,127,18.4724,0.225989,86.6157
5090,KB2,HARQ,Default,200,0.15,0,50,119,18.1403,0.236686,88.2014
5091,KB2,HARQ,Default,200,0.15,0,50,171,20.1565,0.180995,79.3789
5092,KB2,HARQ,Default,200,0.15,0,50,51,15.4051,0.39604,103.862
5093,KB2,HARQ,Default,200,0.15,0,50,87,17.7613,0.291971,90.0835
5094,KB2,HARQ,Default,200,0.15,0,50,126,20.4976,0.227273,78.0579
5095,KB2,HARQ,Default,200,0.15,0,50,137,20.7167,0.213904,77.2324
5096,KB2,HARQ,Default,200,0.15,0,50,119,18.829,0.236686,84.9753
5097,KB2,HARQ,Default,200,0.15,0,50,83,17.5977,0.300752,90.921
5098,KB2,HARQ,Default,200,0.15,0,50,60,15.4951,0.363636,103.258
5099,KB2,HARQ,Default,200,0.15,0,50,75,16.3948,0.32,97.5919
5100,KB2,HARQ,Default,200,0.15,0,50,105,17.0574,0.258065,93.8009
5101,KB2,HARQ,Default,200,0.15,0,50,152,19.1752,0.19802,83.4411
5102,KB2,HARQ,Default,200,0.15,0,50,101,18.1297,0.264901,88.253
5103,KB2,HARQ,Default,200,0.15,0,50,59,15.7802,0.366972,101.393
5104,KB2,HARQ,Default,200,0.15,0,50,81,16.1065,0.305344,99.3388
5105,KB2,HARQ,Default,200,0.15,0,50,101,17.4735,0.264901,91.5672
5106,KB2,HARQ,Default,200,0.15,0,50,58,15.5669,0.37037,102.782
5107,KB2,HARQ,Default,200,0.15,0,50,114,17.6259,0.243902,90.7755
5108,KB2,HARQ,Default,200,0.15,0,50,85,16.2701,0.296296,98.3399
5109,KB2,HARQ,Default,200,0.15,0,50,62,16.8185,0.357143,95.1333
5110,KB2,HARQ,Default,200,0.15,0,50,174,21.8932,0.178571,73.0821
5111,KB2,HARQ,Default,200,0.15,0,50,148,19.5214,0.20202,81.9613
5112,KB2,HARQ,Default,200,0.15,0,50,56,15.6301,0.377358,102.367
5113,KB2,HARQ,Default,200,0.15,0,50,197,21.0883,0.161943,75.8715
5114,KB2,HARQ,Default,200,0.15,0,50,74,16.0745,0.322581,99.5365
5115,KB2,HARQ,Default,200,0.15,0,50,46,15.0347,0.416667,106.42
5116,KB2,HARQ,Default,200,0.15,0,50,197,20.5343,0.161943,77.9184
5117,KB2,HARQ,Default,200,0.15,0,50,80,16.6096,0.307692,96.3298
5118,KB2,HARQ,Default,200,0.15,0,50,53,15.3989,0.38835,103.904
5119,KB2,HARQ,Default,200,0.15,0,50,56,15.3468,0.377358,104.256
5120,KB2,HARQ,Default,200,0.15,0,50,78,16.2618,0.3125,98.3901
5121,KB2,HARQ,Default,200,0.15,0,50,111,17.6606,0.248447,90.5971
5122,KB2,HARQ,Default,200,0.15,0,50,12,13.4841,0.645161,118.658
5123,KB2,HARQ,Default,200,0.15,0,50,152,19.4517,0.19802,82.255
5124,KB2,HARQ,Default,200,0.15,0,50,129,18.5932,0.223464,86.053
5125,KB2,HARQ,Default,200,0.15,0,50,60,15.6234,0.363636,102.41
5126,KB2,HARQ,Default,200,0.15,0,50,157,19.7145,0.193237,81.1585
5127,KB2,HARQ,Default,200,0.15,0,50,111,18.1304,0.248447,88.2496
5128,KB2,HARQ,Default,200,0.15,0,50,132,18.9694,0.21978,84.3464
5129,KB2,HARQ,Default,200,0.15,0,50,106,17.5224,0.25641,91.3117
5130,KB2,HARQ,Default,200,0.15,0,50,67,15.8877,0.34188,100.707
5131,KB2,HARQ,Default,200,0.15,0,50,142,19.2616,0.208333,83.0668
5132,KB2,HARQ,Default,200,0.15,0,50,139,19.2325,0.21164,83.1925
5133,KB2,HARQ,Default,200,0.15,0,50,86,16.7278,0.294118,95.6492
5134,KB2,HARQ,Default,200,0.15,0,50,94,16.8881,0.277778,94.7413
5135,KB2,HARQ,Default,200,0.15,0,50,230,11.9285,0.142857,134.133
5136,KB2,HARQ,Default,200,0.15,0,50,82,16.4763,0.30303,97.1092
5137,KB2,HARQ,Default,200,0.15,0,50,186,20.3448,0.169492,78.6442
5138,KB2,HARQ,Default,200,0.15,0,50,96,17.6353,0.273973,90.7271
5139,KB2,HARQ,Default,200,0.15,0,50,143,18.651,0.207254,85.7863
5140,KB2,HARQ,Default,200,0.15,0,50,83,16.2158,0.300752,98.6692
5141,KB2,HARQ,Default,200,0.15,0,50,104,17.4445,0.25974,91.7195
5142,KB2,HARQ,Default,200,0.15,0,50,215,21.446,0.150943,74.606
5143,KB2,HARQ,Default,200,0.15,0,50,129,18.8484,0.223464,84.8878
5144,KB2,HARQ,Default,200,0.15,0,50,134,18.4371,0.217391,86.7815
5145,KB2,HARQ,Default,200,0.15,0,50,130,17.9015,0.222222,89.378
5146,KB2,HARQ,Default,200,0.15,0,50,203,21.8813,0.158103,73.1218
5147,KB2,HARQ,Default,200,0.15,0,50,99,16.9674,0.268456,94.2985
5148,KB2,HARQ,Default,200,0.15,0,50,101,16.9821,0.264901,94.2169
5149,KB2,HARQ,Default,200,0.15,0,50,61,15.7941,0.36036,101.304
5150,KB2,HARQ,Default,200,0.15,0,50,108,17.3804,0.253165,92.0577
5151,KB2,HARQ,Default,200,0.15,0,50,68,15.8721,0.338983,100.806
5152,KB2,HARQ,Default,200,0.15,0,50,82,16.324,0.30303,98.0152
5153,KB2,HARQ,Default,200,0.15,0,50,172,19.949,0.18018,80.2045
5154,KB2,HARQ,Default,200,0.15,0,50,169,19.606,0.182648,81.6077
5155,KB2,HARQ,Default,200,0.15,0,50,84,16.6817,0.298507,95.9135
5156,KB2,HARQ,Default,200,0.15,0,50,67,16.0645,0.34188,99.5985
5157,KB2,HARQ,Default,200,0.15,0,50,105,17.8645,0.258065,89.5631
5158,KB2,HARQ,Default,200,0.15,0,50,114,17.6231,0.243902,90.7899
5159,KB2,HARQ,Default,200,0.15,0,50,144,19.67,0.206186,81.3421
5160,KB2,HARQ,Default,200,0.15,0,50,206,21.5697,0.15625,74.1781
5161,KB2,HARQ,Default,200,0.15,0,50,119,19.0814,0.236686,83.8513
5162,KB2,HARQ,Default,200,0.15,0,50,152,19.5873,0.19802,81.6856
5163,KB2,HARQ,Default,200,0.15,0,50,46,15.7194,0.416667,101.785
5164,KB2,HARQ,Default,200,0.15,0,50,82,17.19,0.30303,93.0774
5165,KB2,HARQ,Default,200,0.15,0,50,57,15.5929,0.373832,102.611
5166,KB2,HARQ,Default,200,0.15,0,50,114,18.223,0.243902,87.8011
5167,KB2,HARQ,Default,200,0.15,0,50,92,17.104,0.28169,93.5454
5168,KB2,HARQ,Default,200,0.15,0,50,33,15.1418,0.481928,105.668
5169,KB2,HARQ,Default,200,0.15,0,50,170,21.2415,0.181818,75.3242
5170,KB2,HARQ,Default,200,0.15,0,50,112,18.2677,0.246914,87.5863
5171,KB2,HARQ,Default,200,0.15,0,50,164,20.2456,0.186916,79.0295
5172,KB2,HARQ,Default,200,0.15,0,50,124,18.7166,0.229885,85.4856
5173,KB2,HARQ,Default,200,0.15,0,50,73,16.7197,0.325203,95.6955
5174,KB2,HARQ,Default,200,0.15,0,50,117,18.7062,0.239521,85.5331
5175,KB2,HARQ,Default,200,0.15,0,50,129,19.4417,0.223464,82.2973
5176,KB2,HARQ,Default,200,0.15,0,50,121,18.5293,0.233918,86.3497
5177,KB2,HARQ,Default,200,0.15,0,50,96,17.4675,0.273973,91.5987
5178,KB2,HARQ,Default,200,0.15,0,50,54,16.0276,0.384615,99.8278
5179,KB2,HARQ,Default,200,0.15,0,50,170,20.7927,0.181818,76.9501
5180,KB2,HARQ,Default,200,0.15,0,50,109,18.2634,0.251572,87.6069
5181,KB2,HARQ,Default,200,0.15,0,50,156,20.4483,0.194175,78.2461
5182,KB2,HARQ,Default,200,0.15,0,50,42,15.1972,0.434783,105.283
5183,KB2,HARQ,Default,200,0.15,0,50,48,15.6069,0.408163,102.519
5184,KB2,HARQ,Default,200,0.15,0,50,130,19.6038,0.222222,81.6168
5185,KB2,HARQ,Default,200,0.15,0,50,115,18.805,0.242424,85.0838
5186,KB2,HARQ,Default,200,0.15,0,50,108,18.3414,0.253165,87.2343
5187,KB2,HARQ,Default,200,0.15,0,50,177,20.9357,0.176211,76.4245
5188,KB2,HARQ,Default,200,0.15,0,50,128,18.9333,0.224719,84.5072
5189,KB2,HARQ,Default,200,0.15,0,50,89,17.2132,0.28777,92.9519
5190,KB2,HARQ,Default,200,0.15,0,50,152,20.0639,0.19802,79.7452
5191,KB2,HARQ,Default,200,0.15,0,50,145,19.8548,0.205128,80.585
5192,KB2,HARQ,Default,200,0.15,0,50,81,17.0186,0.305344,94.0148
5193,KB2,HARQ,Default,200,0.15,0,50,104,17.9586,0.25974,89.0938
5194,KB2,HARQ,Default,200,0.15,0,50,185,21.6947,0.170213,73.7507
5195,KB2,HARQ,Default,200,0.15,0,50,134,19.0039,0.217391,84.1932
5196,KB2,HARQ,Default,200,0.15,0,50,125,18.6521,0.228571,85.7812
5197,KB2,HARQ,Default,200,0.15,0,50,39,15.2522,0.449438,104.903
5198,KB2,HARQ,Default,200,0.15,0,50,178,21.026,0.175439,76.0963
5199,KB2,HARQ,Default,200,0.15,0,50,101,17.9006,0.264901,89.3825
5200,KB2,HARQ,Default,200,0.15,0,50,92,17.4824,0.28169,91.5206
5201,KB2,HARQ,Default,200,0.15,0,50,119,18.5469,0.236686,86.2678
5202,KB2,HARQ,Default,200,0.15,0,50,161,20.3903,0.189573,78.4687
5203,KB2,HARQ,Default,200,0.15,0,50,21,14.2714,0.56338,112.112
5204,KB2,HARQ,Default,200,0.15,0,50,104,18.1416,0.25974,88.1951
5205,KB2,HARQ,Default,200,0.15,0,50,57,16.0122,0.373832,99.9238
5206,KB2,HARQ,Default,200,0.15,0,50,160,20.1664,0.190476,79.3399
5207,KB2,HARQ,Default,200,0.15,0,50,116,18.5758,0.240964,86.1336
5208,KB2,HARQ,Default,200,0.15,0,50,110,18.2358,0.25,87.7395
5209,KB2,HARQ,Default,200,0.15,0,50,82,17.0926,0.30303,93.6078
5210,KB2,HARQ,Default,200,0.15,0,50,139,19.2146,0.21164,83.27
5211,KB2,HARQ,Default,200,0.15,0,50,190,22.1189,0.166667,72.3363
5212,KB2,HARQ,Default,200,0.15,0,50,125,19.2294,0.228571,83.2059
5213,KB2,HARQ,Default,200,0.15,0,50,162,20.5672,0.188679,77.7938
5214,KB2,HARQ,Default,200,0.15,0,50,87,17.3219,0.291971,92.3686
5215,KB2,HARQ,Default,200,0.15,0,50,130,19.4403,0.222222,82.3033
5216,KB2,HARQ,Default,200,0.15,0,50,89,17.2865,0.28777,92.5578
5217,KB2,HARQ,Default,200,0.15,0,50,110,18.4859,0.25,86.5525
5218,KB2,HARQ,Default,200,0.15,0,50,99,17.9655,0.268456,89.0596
5219,KB2,HARQ,Default,200,0.15,0,50,151,19.4804,0.199005,82.1338
5220,KB2,HARQ,Default,200,0.15,0,50,181,21.8201,0.17316,73.3269
5221,KB2,HARQ,Default,200,0.15,0,50,116,18.3874,0.240964,87.0161
5222,KB2,HARQ,Default,200,0.15,0,50,134,19.1478,0.217391,83.5605
5223,KB2,HARQ,Default,200,0.15,0,50,79,17.0665,0.310078,93.7509
5224,KB2,HARQ,Default,200,0.15,0,50,162,21.0114,0.188679,76.1491
5225,KB2,HARQ,Default,200,0.15,0,50,147,21.2505,0.203046,75.2923
5226,KB2,HARQ,Default,200,0.15,0,50,137,20.3889,0.213904,78.4741
5227,KB2,HARQ,Default,200,0.15,0,50,91,17.8868,0.283688,89.4514
5228,KB2,HARQ,Default,200,0.15,0,50,153,20.1586,0.197044,79.3706
5229,KB2,HARQ,Default,200,0.15,0,50,145,20.2281,0.205128,79.0979
5230,KB2,HARQ,Default,200,0.15,0,50,189,21.9908,0.167364,72.7577
5231,KB2,HARQ,Default,200,0.15,0,50,67,16.2096,0.34188,98.7069
5232,KB2,HARQ,Default,200,0.15,0,50,74,16.7465,0.322581,95.5424
5233,KB2,HARQ,Default,200,0.15,0,50,148,19.835,0.20202,80.6655
5234,KB2,HARQ,Default,200,0.15,0,50,138,20.7907,0.212766,76.9575
5235,KB2,HARQ,Default,200,0.15,0,50,135,19.3178,0.216216,82.8252
5236,KB2,HARQ,Default,200,0.15,0,50,153,20.0039,0.197044,79.9844
5237,KB2,HARQ,Default,200,0.15,0,50,166,20.6568,0.185185,77.4563
5238,KB2,HARQ,Default,200,0.15,0,50,79,16.8042,0.310078,95.2143
5239,KB2,HARQ,Default,200,0.15,0,50,88,17.1894,0.289855,93.0806
5240,KB2,HARQ,Default,200,0.15,0,50,131,18.9712,0.220994,84.3384
5241,KB2,HARQ,Default,200,0.15,0,50,62,16.34,0.357143,97.9192
5242,KB2,HARQ,Default,200,0.15,0,50,92,17.8062,0.28169,89.8563
5243,KB2,HARQ,Default,200,0.15,0,50,53,15.8363,0.38835,101.034
5244,KB2,HARQ,Default,200,0.15,0,50,164,20.7356,0.186916,77.162
5245,KB2,HARQ,Default,200,0.15,0,50,133,18.9932,0.218579,84.2407
5246,KB2,HARQ,Default,200,0.15,0,50,31,14.7925,0.493827,108.163
5247,KB2,HARQ,Default,200,0.15,0,50,143,19.6689,0.207254,81.3467
5248,KB2,HARQ,Default,200,0.15,0,50,195,21.5245,0.163265,74.3339
5249,KB2,HARQ,Default,200,0.15,0,50,194,21.434,0.163934,74.6478
5250,KB2,HARQ,Default,200,0.15,0,50,125,19.2688,0.228571,83.0358
5251,KB2,HARQ,Default,200,0.15,0,50,151,20.6201,0.199005,77.5942
5252,KB2,HARQ,Default,200,0.15,0,50,116,18.1961,0.240964,87.9309
5253,KB2,HARQ,Default,200,0.15,0,50,192,21.5521,0.165289,74.2387
5254,KB2,HARQ,Default,200,0.15,0,50,136,19.3535,0.215054,82.6724
5255,KB2,HARQ,Default,200,0.15,0,50,128,18.7916,0.224719,85.1444
5256,KB2,HARQ,Default,200,0.15,0,50,170,21.2384,0.181818,75.3352
5257,KB2,HARQ,Default,200,0.15,0,50,143,19.3158,0.207254,82.8337
5258,KB2,HARQ,Default,200,0.15,0,50,77,16.7095,0.314961,95.7539
5259,KB2,HARQ,Default,200,0.15,0,50,156,19.877,0.194175,80.495
5260,KB2,HARQ,Default,200,0.15,0,50,113,18.3032,0.245399,87.4164
5261,KB2,HARQ,Default,200,0.15,0,50,91,17.0612,0.283688,93.78
5262,KB2,HARQ,Default,200,0.15,0,50,108,18.0757,0.253165,88.5166
5263,KB2,HARQ,Default,200,0.15,0,50,59,15.9156,0.366972,100.53
5264,KB2,HARQ,Default,200,0.15,0,50,123,18.8549,0.231214,84.8586
5265,KB2,HARQ,Default,200,0.15,0,50,117,18.2657,0.239521,87.5959
5266,KB2,HARQ,Default,200,0.15,0,50,82,17.4554,0.30303,91.6622
5267,KB2,HARQ,Default,200,0.15,0,50,165,20.2986,0.186047,78.8232
5268,KB2,HARQ,Default,200,0.15,0,50,165,20.2658,0.186047,78.9507
5269,KB2,HARQ,Default,200,0.15,0,50,111,18.1701,0.248447,88.0568
5270,KB2,HARQ,Default,200,0.15,0,50,147,20.0427,0.203046,79.8296
5271,KB2,HARQ,Default,200,0.15,0,50,105,18.5046,0.258065,86.465
5272,KB2,HARQ,Default,200,0.15,0,50,118,18.9119,0.238095,84.6028
5273,KB2,HARQ,Default,200,0.15,0,50,125,18.8593,0.228571,84.8388
5274,KB2,HARQ,Default,200,0.15,0,50,124,19.2174,0.229885,83.2579
5275,KB2,HARQ,Default,200,0.15,0,50,102,18.4486,0.263158,86.7274
5276,KB2,HARQ,Default,200,0.15,0,50,71,17.0853,0.330579,93.6478
5277,KB2,HARQ,Default,200,0.15,0,50,61,17.0802,0.36036,93.6757
5278,KB2,HARQ,Default,200,0.15,0,50,143,20.027,0.207254,79.8921
5279,KB2,HARQ,Default,200,0.15,0,50,110,18.3413,0.25,87.2348
5280,KB2,HARQ,Default,200,0.15,0,50,60,16.2445,0.363636,98.4949
5281,KB2,HARQ,Default,200,0.15,0,50,87,17.1619,0.291971,93.2298
5282,KB2,HARQ,Default,200,0.15,0,50,110,18.1672,0.25,88.0708
5283,KB2,HARQ,Default,200,0.15,0,50,109,17.9322,0.251572,89.225
5284,KB2,HARQ,Default,200,0.15,0,50,165,20.5807,0.186047,77.7427
5285,KB2,HARQ,Default,200,0.15,0,50,61,16.3681,0.36036,97.7511
5286,KB2,HARQ,Default,200,0.15,0,50,69,16.1551,0.336134,99.0399
5287,KB2,HARQ,Default,200,0.15,0,50,150,20.2522,0.2,79.0038
5288,KB2,HARQ,Default,200,0.15,0,50,101,18.5327,0.264901,86.3339
5289,KB2,HARQ,Default,200,0.15,0,50,105,17.9644,0.258065,89.065
5290,KB2,HARQ,Default,200,0.15,0,50,165,20.0997,0.186047,79.6032
5291,KB2,HARQ,Default,200,0.15,0,50,92,17.6543,0.28169,90.6295
5292,KB2,HARQ,Default,200,0.15,0,50,86,17.0535,0.294118,93.8224
5293,KB2,HARQ,Default,200,0.15,0,50,174,21.3698,0.178571,74.872
5294,KB2,HARQ,Default,200,0.15,0,50,62,15.7745,0.357143,101.43
5295,KB2,HARQ,Default,200,0.15,0,50,110,18.3893,0.25,87.0071
5296,KB2,HARQ,Default,200,0.15,0,50,152,20.093,0.19802,79.6297
5297,KB2,HARQ,Default,200,0.15,0,50,137,19.0678,0.213904,83.9111
5298,KB2,HARQ,Default,200,0.15,0,50,84,17.1061,0.298507,93.5339
5299,KB2,HARQ,Default,200,0.15,0,50,205,22.0095,0.156863,72.6959
5300,KB2,HARQ,Default,200,0.15,0,50,105,18.3134,0.258065,87.3677
5301,KB2,HARQ,Default,200,0.15,0,50,136,19.8596,0.215054,80.5656
5302,KB2,HARQ,Default,200,0.15,0,50,164,20.7348,0.186916,77.165
5303,KB2,HARQ,Default,200,0.15,0,50,129,18.8766,0.223464,84.761
5304,KB2,HARQ,Default,200,0.15,0,50,138,19.692,0.212766,81.2513
5305,KB2,HARQ,Default,200,0.15,0,50,126,19.0045,0.227273,84.1906
5306,KB2,HARQ,Default,200,0.15,0,50,89,17.0419,0.28777,93.8862
5307,KB2,HARQ,Default,200,0.15,0,50,163,21.0895,0.187793,75.8671
5308,KB2,HARQ,Default,200,0.15,0,50,47,15.2858,0.412371,104.672
5309,KB2,HARQ,Default,200,0.15,0,50,157,20.3037,0.193237,78.8034
5310,KB2,HARQ,Default,200,0.15,0,50,133,19.1706,0.218579,83.4611
5311,KB2,HARQ,Default,200,0.15,0,50,90,17.1158,0.285714,93.4809
5312,KB2,HARQ,Default,200,0.15,0,50,93,17.6606,0.27972,90.5971
5313,KB2,HARQ,Default,200,0.15,0,50,74,16.8674,0.322581,94.8575
5314,KB2,HARQ,Default,200,0.15,0,50,182,21.2459,0.172414,75.3086
5315,KB2,HARQ,Default,200,0.15,0,50,120,18.4272,0.235294,86.8282
5316,KB2,HARQ,Default,200,0.15,0,50,151,19.7942,0.199005,80.8318
5317,KB2,HARQ,Default,200,0.15,0,50,151,19.7641,0.199005,80.9549
5318,KB2,HARQ,Default,200,0.15,0,50,84,17.103,0.298507,93.5508
5319,KB2,HARQ,Default,200,0.15,0,50,137,19.2907,0.213904,82.9415
5320,KB2,HARQ,Default,200,0.15,0,50,102,18.1835,0.263158,87.9919
5321,KB2,HARQ,Default,200,0.15,0,50,53,16.0198,0.38835,99.8764
5322,KB2,HARQ,Default,200,0.15,0,50,178,21.3479,0.175439,74.9488
5323,KB2,HARQ,Default,200,0.15,0,50,93,17.8688,0.27972,89.5415
5324,KB2,HARQ,Default,200,0.15,0,50,174,20.7564,0.178571,77.0847
5325,KB2,HARQ,Default,200,0.15,0,50,58,15.935,0.37037,100.408
5326,KB2,HARQ,Default,200,0.15,0,50,79,17.0534,0.310078,93.8229
5327,KB2,HARQ,Default,200,0.15,0,50,120,18.5826,0.235294,86.1021
5328,KB2,HARQ,Default,200,0.15,0,50,170,20.9089,0.181818,76.5224
5329,KB2,HARQ,Default,200,0.15,0,50,167,20.7632,0.184332,77.0594
5330,KB2,HARQ,Default,200,0.15,0,50,105,18.1803,0.258065,88.0073
5331,KB2,HARQ,Default,200,0.15,0,50,125,19.0448,0.228571,84.0124
5332,KB2,HARQ,Default,200,0.15,0,50,133,20.7914,0.218579,76.9549
5333,KB2,HARQ,Default,200,0.15,0,50,166,21.4495,0.185185,74.5938
5334,KB2,HARQ,Default,200,0.15,0,50,126,19.0894,0.227273,83.8161
5335,KB2,HARQ,Default,200,0.15,0,50,113,20.7447,0.245399,77.1281
5336,KB2,HARQ,Default,200,0.15,0,50,96,18.5298,0.273973,86.3474
5337,KB2,HARQ,Default,200,0.15,0,50,92,18.2696,0.28169,87.5772
5338,KB2,HARQ,Default,200,0.15,0,50,127,18.5223,0.225989,86.3824
5339,KB2,HARQ,Default,200,0.15,0,50,116,18.1611,0.240964,88.1004
5340,KB2,HARQ,Default,200,0.15,0,50,153,20.5711,0.197044,77.779
5341,KB2,HARQ,Default,200,0.15,0,50,177,21.1206,0.176211,75.7554
5342,KB2,HARQ,Default,200,0.15,0,50,174,21.0674,0.178571,75.9467
5343,KB2,HARQ,Default,200,0.15,0,50,140,20.1826,0.210526,79.2762
5344,KB2,HARQ,Default,200,0.15,0,50,113,18.3824,0.245399,87.0398
5345,KB2,HARQ,Default,200,0.15,0,50,127,18.8228,0.225989,85.0033
5346,KB2,HARQ,Default,200,0.15,0,50,131,19.5857,0.220994,81.6923
5347,KB2,HARQ,Default,200,0.15,0,50,50,15.8353,0.4,101.04
5348,KB2,HARQ,Default,200,0.15,0,50,183,21.5543,0.171674,74.2311
5349,KB2,HARQ,Default,200,0.15,0,50,80,17.029,0.307692,93.9574
5350,KB2,HARQ,Default,200,0.15,0,50,137,19.5561,0.213904,81.8159
5351,KB2,HARQ,Default,200,0.15,0,50,91,17.6315,0.283688,90.7467
5352,KB2,HARQ,Default,200,0.15,0,50,136,20.1065,0.215054,79.5763
5353,KB2,HARQ,Default,200,0.15,0,50,111,19.2833,0.248447,82.9733
5354,KB2,HARQ,Default,200,0.15,0,50,59,16.8962,0.366972,94.6958
5355,KB2,HARQ,Default,200,0.15,0,50,144,19.4648,0.206186,82.1997
5356,KB2,HARQ,Default,200,0.15,0,50,115,18.2546,0.242424,87.6491
5357,KB2,HARQ,Default,200,0.15,0,50,67,17.203,0.34188,93.007
5358,KB2,HARQ,Default,200,0.15,0,50,116,18.9689,0.240964,84.3486
5359,KB2,HARQ,Default,200,0.15,0,50,87,18.0869,0.291971,88.4618
5360,KB2,HARQ,Default,200,0.15,0,50,171,21.0728,0.180995,75.9273
5361,KB2,HARQ,Default,200,0.15,0,50,178,20.1229,0.175439,79.5114
5362,KB2,HARQ,Default,200,0.15,0,50,104,18.1425,0.25974,88.1907
5363,KB2,HARQ,Default,200,0.15,0,50,174,19.8074,0.178571,80.7779
5364,KB2,HARQ,Default,200,0.15,0,50,116,18.3793,0.240964,87.0545
5365,KB2,HARQ,Default,200,0.15,0,50,188,20.5838,0.168067,77.731
5366,KB2,HARQ,Default,200,0.15,0,50,208,21.4797,0.155039,74.4889
5367,KB2,HARQ,Default,200,0.15,0,50,133,18.9721,0.218579,84.3344
5368,KB2,HARQ,Default,200,0.15,0,50,222,21.7282,0.147059,73.637
5369,KB2,HARQ,Default,200,0.15,0,50,128,19.1059,0.224719,83.7438
5370,KB2,HARQ,Default,200,0.15,0,50,143,18.4982,0.207254,86.4949
5371,KB2,HARQ,Default,200,0.15,0,50,11,13.5129,0.655738,118.405
5372,KB2,HARQ,Default,200,0.15,0,50,84,17.3137,0.298507,92.4124
5373,KB2,HARQ,Default,200,0.15,0,50,151,19.838,0.199005,80.6533
5374,KB2,HARQ,Default,200,0.15,0,50,88,16.5821,0.289855,96.4896
5375,KB2,HARQ,Default,200,0.15,0,50,128,17.8761,0.224719,89.505
5376,KB2,HARQ,Default,200,0.15,0,50,144,19.3675,0.206186,82.6126
5377,KB2,HARQ,Default,200,0.15,0,50,109,17.2929,0.251572,92.5235
5378,KB2,HARQ,Default,200,0.15,0,50,116,17.5221,0.240964,91.3133
5379,KB2,HARQ,Default,200,0.15,0,50,84,16.4946,0.298507,97.0014
5380,KB2,HARQ,Default,200,0.15,0,50,185,20.1512,0.170213,79.3997
5381,KB2,HARQ,Default,200,0.15,0,50,62,15.4627,0.357143,103.475
5382,KB2,HARQ,Default,200,0.15,0,50,51,15.4936,0.39604,103.268
5383,KB2,HARQ,Default,200,0.15,0,50,175,20.6629,0.177778,77.4335
5384,KB2,HARQ,Default,200,0.15,0,50,117,17.7506,0.239521,90.1378
5385,KB2,HARQ,Default,200,0.15,0,50,107,17.2632,0.254777,92.6827
5386,KB2,HARQ,Default,200,0.15,0,50,101,16.9477,0.264901,94.4081
5387,KB2,HARQ,Default,200,0.15,0,50,119,17.8086,0.236686,89.8442
5388,KB2,HARQ,Default,200,0.15,0,50,95,16.7316,0.275862,95.6274
5389,KB2,HARQ,Default,200,0.15,0,50,139,19.772,0.21164,80.9225
5390,KB2,HARQ,Default,200,0.15,0,50,148,18.8645,0.20202,84.8154
5391,KB2,HARQ,Default,200,0.15,0,50,118,17.8056,0.238095,89.8594
5392,KB2,HARQ,Default,200,0.15,0,50,71,15.7799,0.330579,101.395
5393,KB2,HARQ,Default,200,0.15,0,50,39,14.567,0.449438,109.837
5394,KB2,HARQ,Default,200,0.15,0,50,48,14.8399,0.408163,107.817
5395,KB2,HARQ,Default,200,0.15,0,50,121,17.6421,0.233918,90.6922
5396,KB2,HARQ,Default,200,0.15,0,50,86,16.5721,0.294118,96.5478
5397,KB2,HARQ,Default,200,0.15,0,50,119,17.6499,0.236686,90.6521
5398,KB2,HARQ,Default,200,0.15,0,50,67,15.6932,0.34188,101.955
5399,KB2,HARQ,Default,200,0.15,0,50,88,16.4196,0.289855,97.4445
5400,KB2,HARQ,Default,200,0.15,0,50,153,18.9001,0.197044,84.6556
5401,KB2,HARQ,Default,200,0.15,0,50,188,20.7655,0.168067,77.0509
5402,KB2,HARQ,Default,200,0.15,0,50,92,17.1823,0.28169,93.1191
5403,KB2,HARQ,Default,200,0.15,0,50,188,20.6049,0.168067,77.6514
5404,KB2,HARQ,Default,200,0.15,0,50,67,15.5699,0.34188,102.762
5405,KB2,HARQ,Default,200,0.15,0,50,93,16.6738,0.27972,95.9589
5406,KB2,HARQ,Default,200,0.15,0,50,99,16.9643,0.268456,94.3157
5407,KB2,HARQ,Default,200,0.15,0,50,50,15.084,0.4,106.073
5408,KB2,HARQ,Default,200,0.15,0,50,109,17.5537,0.251572,91.1489
5409,KB2,HARQ,Default,200,0.15,0,50,154,19.1248,0.196078,83.661
5410,KB2,HARQ,Default,200,0.15,0,50,104,17.0436,0.25974,93.8769
5411,KB2,HARQ,Default,200,0.15,0,50,114,17.5863,0.243902,90.9799
5412,KB2,HARQ,Default,200,0.15,0,50,82,16.2171,0.30303,98.6613
5413,KB2,HARQ,Default,200,0.15,0,50,115,17.261,0.242424,92.6945
5414,KB2,HARQ,Default,200,0.15,0,50,151,18.8709,0.199005,84.7866
5415,KB2,HARQ,Default,200,0.15,0,50,41,14.6215,0.43956,109.428
5416,KB2,HARQ,Default,200,0.15,0,50,123,17.7757,0.231214,90.0105
5417,KB2,HARQ,Default,200,0.15,0,50,50,15.2003,0.4,105.261
5418,KB2,HARQ,Default,200,0.15,0,50,71,16.3007,0.330579,98.1553
5419,KB2,HARQ,Default,200,0.15,0,50,70,15.5776,0.333333,102.712
5420,KB2,HARQ,Default,200,0.15,0,50,120,17.7293,0.235294,90.2461
5421,KB2,HARQ,Default,200,0.15,0,50,175,20.588,0.177778,77.7152
5422,KB2,HARQ,Default,200,0.15,0,50,108,17.4368,0.253165,91.76
5423,KB2,HARQ,Default,200,0.15,0,50,93,16.6027,0.27972,96.3699
5424,KB2,HARQ,Default,200,0.15,0,50,93,16.6824,0.27972,95.9095
5425,KB2,HARQ,Default,200,0.15,0,50,182,19.8786,0.172414,80.4886
5426,KB2,HARQ,Default,200,0.15,0,50,153,18.8554,0.197044,84.8563
5427,KB2,HARQ,Default,200,0.15,0,50,79,16.2954,0.310078,98.1872
5428,KB2,HARQ,Default,200,0.15,0,50,129,18.5709,0.223464,86.1563
5429,KB2,HARQ,Default,200,0.15,0,50,141,18.6128,0.209424,85.9623
5430,KB2,HARQ,Default,200,0.15,0,50,79,16.4459,0.310078,97.2887
5431,KB2,HARQ,Default,200,0.15,0,50,129,18.2153,0.223464,87.8382
5432,KB2,HARQ,Default,200,0.15,0,50,131,18.5237,0.220994,86.3758
5433,KB2,HARQ,Default,200,0.15,0,50,83,16.3621,0.300752,97.787
5434,KB2,HARQ,Default,200,0.15,0,50,252,23.2266,0.13245,68.8865
5435,KB2,HARQ,Default,200,0.15,0,50,135,18.1634,0.216216,88.0892
5436,KB2,HARQ,Default,200,0.15,0,50,205,29.6827,0.156863,53.9035
5437,KB2,HARQ,Default,200,0.15,0,50,107,25.8866,0.254777,61.808
5438,KB2,HARQ,Default,200,0.15,0,50,69,20.5903,0.336134,77.7065
5439,KB2,HARQ,Default,200,0.15,0,50,109,19.121,0.251572,83.6776
5440,KB2,HARQ,Default,200,0.15,0,50,60,15.5864,0.363636,102.654
5441,KB2,HARQ,Default,200,0.15,0,50,63,15.8146,0.353982,101.172
5442,KB2,HARQ,Default,200,0.15,0,50,151,19.1998,0.199005,83.3342
5443,KB2,HARQ,Default,200,0.15,0,50,135,18.9699,0.216216,84.3441
5444,KB2,HARQ,Default,200,0.15,0,50,128,21.676,0.224719,73.8144
5445,KB2,HARQ,Default,200,0.15,0,50,55,14.8433,0.380952,107.793
5446,KB2,HARQ,Default,200,0.15,0,50,65,15.275,0.347826,104.746
5447,KB2,HARQ,Default,200,0.15,0,50,99,16.685,0.268456,95.8945
5448,KB2,HARQ,Default,200,0.15,0,50,158,19.2828,0.192308,82.9755
5449,KB2,HARQ,Default,200,0.15,0,50,156,19.1272,0.194175,83.6505
5450,KB2,HARQ,Default,200,0.15,0,50,97,17.466,0.272109,91.6065
5451,KB2,HARQ,Default,200,0.15,0,50,57,15.5641,0.373832,102.801
5452,KB2,HARQ,Default,200,0.15,0,50,62,15.687,0.357143,101.995
5453,KB2,HARQ,Default,200,0.15,0,50,84,16.5052,0.298507,96.9391
5454,KB2,HARQ,Default,200,0.15,0,50,53,15.8276,0.38835,101.089
5455,KB2,HARQ,Default,200,0.15,0,50,99,18.114,0.268456,88.3295
5456,KB2,HARQ,Default,200,0.15,0,50,105,19.3138,0.258065,82.8423
5457,KB2,HARQ,Default,200,0.15,0,50,134,18.5459,0.217391,86.2724
5458,KB2,HARQ,Default,200,0.15,0,50,132,18.0164,0.21978,88.808
5459,KB2,HARQ,Default,200,0.15,0,50,144,19.7438,0.206186,81.0381
5460,KB2,HARQ,Default,200,0.15,0,50,159,20.4834,0.191388,78.112
5461,KB2,HARQ,Default,200,0.15,0,50,37,15.1896,0.45977,105.335
5462,KB2,HARQ,Default,200,0.15,0,50,34,16.8475,0.47619,94.9696
5463,KB2,HARQ,Default,200,0.15,0,50,109,18.0038,0.251572,88.8701
5464,KB2,HARQ,Default,200,0.15,0,50,73,16.3168,0.325203,98.0584
5465,KB2,HARQ,Default,200,0.15,0,50,100,17.2469,0.266667,92.7703
5466,KB2,HARQ,Default,200,0.15,0,50,177,23.777,0.176211,67.2919
5467,KB2,HARQ,Default,200,0.15,0,50,76,16.3791,0.31746,97.6855
5468,KB2,HARQ,Default,200,0.15,0,50,78,16.8566,0.3125,94.9183
5469,KB2,HARQ,Default,200,0.15,0,50,106,18.5718,0.25641,86.1521
5470,KB2,HARQ,Default,200,0.15,0,50,114,18.0073,0.243902,88.8529
5471,KB2,HARQ,Default,200,0.15,0,50,100,17.8664,0.266667,89.5536
5472,KB2,HARQ,Default,200,0.15,0,50,45,15.3311,0.421053,104.363
5473,KB2,HARQ,Default,200,0.15,0,50,43,14.9067,0.430108,107.334
5474,KB2,HARQ,Default,200,0.15,0,50,77,16.299,0.314961,98.1655
5475,KB2,HARQ,Default,200,0.15,0,50,146,18.9537,0.204082,84.4162
5476,KB2,HARQ,Default,200,0.15,0,50,50,15.3871,0.4,103.983
5477,KB2,HARQ,Default,200,0.15,0,50,105,18.5383,0.258065,86.3078
5478,KB2,HARQ,Default,200,0.15,0,50,192,21.2868,0.165289,75.164
5479,KB2,HARQ,Default,200,0.15,0,50,146,21.1522,0.204082,75.6422
5480,KB2,HARQ,Default,200,0.15,0,50,167,20.9819,0.184332,76.2562
5481,KB2,HARQ,Default,200,0.15,0,50,95,17.1123,0.275862,93.5
5482,KB2,HARQ,Default,200,0.15,0,50,99,17.2478,0.268456,92.7655
5483,KB2,HARQ,Default,200,0.15,0,50,76,16.5253,0.31746,96.8212
5484,KB2,HARQ,Default,200,0.15,0,50,32,15.1935,0.487805,105.308
5485,KB2,HARQ,Default,200,0.15,0,50,101,17.3217,0.264901,92.3697
5486,KB2,HARQ,Default,200,0.15,0,50,90,16.7792,0.285714,95.3562
5487,KB2,HARQ,Default,200,0.15,0,50,125,19.2332,0.228571,83.1895
5488,KB2,HARQ,Default,200,0.15,0,50,134,18.2676,0.217391,87.5868
5489,KB2,HARQ,Default,200,0.15,0,50,76,16.1047,0.31746,99.3499
5490,KB2,HARQ,Default,200,0.15,0,50,81,16.1064,0.305344,99.3394
5491,KB2,HARQ,Default,200,0.15,0,50,63,16.2618,0.353982,98.3901
5492,KB2,HARQ,Default,200,0.15,0,50,35,14.4807,0.470588,110.492
5493,KB2,HARQ,Default,200,0.15,0,50,152,20.3383,0.19802,78.6693
5494,KB2,HARQ,Default,200,0.15,0,50,123,17.8657,0.231214,89.5571
5495,KB2,HARQ,Default,200,0.15,0,50,112,17.2383,0.246914,92.8166
5496,KB2,HARQ,Default,200,0.15,0,50,158,19.3351,0.192308,82.7511
5497,KB2,HARQ,Default,200,0.15,0,50,139,18.6873,0.21164,85.6196
5498,KB2,HARQ,Default,200,0.15,0,50,154,19.2467,0.196078,83.1311
5499,KB2,HARQ,Default,200,0.15,0,50,88,16.9488,0.289855,94.402
5500,KB2,HARQ,Default,200,0.15,0,50,175,20.1453,0.177778,79.423
5501,KB2,HARQ,Default,200,0.15,0,50,53,15.312,0.38835,104.493
5502,KB2,HARQ,Default,200,0.15,0,50,151,18.912,0.199005,84.6024
5503,KB2,HARQ,Default,200,0.15,0,50,25,13.9005,0.533333,115.104
5504,KB2,HARQ,Default,200,0.15,0,50,42,14.9929,0.434783,106.717
5505,KB2,HARQ,Default,200,0.15,0,50,104,17.4715,0.25974,91.5777
5506,KB2,HARQ,Default,200,0.15,0,50,74,16.0973,0.322581,99.3956
5507,KB2,HARQ,Default,200,0.15,0,50,95,16.8401,0.275862,95.0113
5508,KB2,HARQ,Default,200,0.15,0,50,139,18.7431,0.21164,85.3647
5509,KB2,HARQ,Default,200,0.15,0,50,153,19.0878,0.197044,83.8232
5510,KB2,HARQ,Default,200,0.15,0,50,154,19.4657,0.196078,82.1959
5511,KB2,HARQ,Default,200,0.15,0,50,106,17.1588,0.25641,93.2466
5512,KB2,HARQ,Default,200,0.15,0,50,111,17.2091,0.248447,92.9741
5513,KB2,HARQ,Default,200,0.15,0,50,110,17.6506,0.25,90.6485
5514,KB2,HARQ,Default,200,0.15,0,50,119,17.9469,0.236686,89.1519
5515,KB2,HARQ,Default,200,0.15,0,50,112,17.3372,0.246914,92.2871
5516,KB2,HARQ,Default,200,0.15,0,50,95,18.6108,0.275862,85.9716
5517,KB2,HARQ,Default,200,0.15,0,50,125,19.2717,0.228571,83.0233
5518,KB2,HARQ,Default,200,0.15,0,50,70,15.6087,0.333333,102.507
5519,KB2,HARQ,Default,200,0.15,0,50,148,18.877,0.20202,84.7592
5520,KB2,HARQ,Default,200,0.15,0,50,165,19.4438,0.186047,82.2884
5521,KB2,HARQ,Default,200,0.15,0,50,145,18.8587,0.205128,84.8415
5522,KB2,HARQ,Default,200,0.15,0,50,159,19.4543,0.191388,82.244
5523,KB2,HARQ,Default,200,0.15,0,50,157,19.3522,0.193237,82.6779
5524,KB2,HARQ,Default,200,0.15,0,50,98,16.5159,0.27027,96.8763
5525,KB2,HARQ,Default,200,0.15,0,50,160,19.0412,0.190476,84.0283
5526,KB2,HARQ,Default,200,0.15,0,50,108,17.5895,0.253165,90.9634
5527,KB2,HARQ,Default,200,0.15,0,50,137,18.843,0.213904,84.9122
5528,KB2,HARQ,Default,200,0.15,0,50,119,17.8861,0.236686,89.4549
5529,KB2,HARQ,Default,200,0.15,0,50,16,13.7205,0.606061,116.614
5530,KB2,HARQ,Default,200,0.15,0,50,124,17.9821,0.229885,88.9774
5531,KB2,HARQ,Default,200,0.15,0,50,56,15.2467,0.377358,104.941
5532,KB2,HARQ,Default,200,0.15,0,50,138,18.5508,0.212766,86.2496
5533,KB2,HARQ,Default,200,0.15,0,50,100,16.9905,0.266667,94.1703
5534,KB2,HARQ,Default,200,0.15,0,50,122,17.7057,0.232558,90.3664
5535,KB2,HARQ,Default,200,0.15,0,50,147,18.9319,0.203046,84.5134
5536,KB2,HARQ,Default,200,0.15,0,50,183,20.2198,0.171674,79.1304
5537,KB2,HARQ,Default,200,0.15,0,50,106,17.6883,0.25641,90.4553
5538,KB2,HARQ,Default,200,0.15,0,50,163,19.4457,0.187793,82.2804
5539,KB2,HARQ,Default,200,0.15,0,50,101,17.0278,0.264901,93.964
5540,KB2,HARQ,Default,200,0.15,0,50,12,13.2482,0.645161,120.771
5541,KB2,HARQ,Default,200,0.15,0,50,52,15.385,0.392157,103.997
5542,KB2,HARQ,Default,200,0.15,0,50,100,17.1339,0.266667,93.3821
5543,KB2,HARQ,Default,200,0.15,0,50,110,17.586,0.25,90.9815
5544,KB2,HARQ,Default,200,0.15,0,50,98,17.1354,0.27027,93.374
5545,KB2,HARQ,Default,200,0.15,0,50,167,20.13,0.184332,79.4834
5546,KB2,HARQ,Default,200,0.15,0,50,166,19.667,0.185185,81.3546
5547,KB2,HARQ,Default,200,0.15,0,50,99,16.6832,0.268456,95.9049
5548,KB2,HARQ,Default,200,0.15,0,50,115,17.8664,0.242424,89.5536
5549,KB2,HARQ,Default,200,0.15,0,50,96,16.8935,0.273973,94.711
5550,KB2,HARQ,Default,200,0.15,0,50,138,18.5322,0.212766,86.3362
5551,KB2,HARQ,Default,200,0.15,0,50,118,20.2251,0.238095,79.1096
5552,KB2,HARQ,Default,200,0.15,0,50,120,19.7992,0.235294,80.8113
5553,KB2,HARQ,Default,200,0.15,0,50,101,18.5254,0.264901,86.3679
5554,KB2,HARQ,Default,200,0.15,0,50,119,18.4339,0.236686,86.7966
5555,KB2,HARQ,Default,200,0.15,0,50,29,13.9075,0.506329,115.046
5556,KB2,HARQ,Default,200,0.15,0,50,67,15.7701,0.34188,101.458
5557,KB2,HARQ,Default,200,0.15,0,50,157,18.9574,0.193237,84.3998
5558,KB2,HARQ,Default,200,0.15,0,50,105,17.2214,0.258065,92.9077
5559,KB2,HARQ,Default,200,0.15,0,50,115,17.5084,0.242424,91.3847
5560,KB2,HARQ,Default,200,0.15,0,50,135,18.1338,0.216216,88.233
5561,KB2,HARQ,Default,200,0.15,0,50,156,19.2359,0.194175,83.1778
5562,KB2,HARQ,Default,200,0.15,0,50,42,14.7352,0.434783,108.584
5563,KB2,HARQ,Default,200,0.15,0,50,102,16.9385,0.263158,94.4594
5564,KB2,HARQ,Default,200,0.15,0,50,164,19.4861,0.186916,82.1098
5565,KB2,HARQ,Default,200,0.15,0,50,130,18.0485,0.222222,88.65
5566,KB2,HARQ,Default,200,0.15,0,50,126,18.6886,0.227273,85.6137
5567,KB2,HARQ,Default,200,0.15,0,50,103,17.1909,0.261438,93.0725
5568,KB2,HARQ,Default,200,0.15,0,50,79,16.4125,0.310078,97.4867
5569,KB2,HARQ,Default,200,0.15,0,50,86,17.2629,0.294118,92.6843
5570,KB2,HARQ,Default,200,0.15,0,50,182,20.5854,0.172414,77.725
5571,KB2,HARQ,Default,200,0.15,0,50,77,17.1272,0.314961,93.4187
5572,KB2,HARQ,Default,200,0.15,0,50,160,19.2835,0.190476,82.9725
5573,KB2,HARQ,Default,200,0.15,0,50,170,19.716,0.181818,81.1524
5574,KB2,HARQ,Default,200,0.15,0,50,71,15.3405,0.330579,104.299
5575,KB2,HARQ,Default,200,0.15,0,50,72,15.6598,0.327869,102.172
5576,KB2,HARQ,Default,200,0.15,0,50,162,20.1066,0.188679,79.5759
5577,KB2,HARQ,Default,200,0.15,0,50,141,18.2825,0.209424,87.5154
5578,KB2,HARQ,Default,200,0.15,0,50,79,16.2175,0.310078,98.6589
5579,KB2,HARQ,Default,200,0.15,0,50,75,16.1544,0.32,99.0442
5580,KB2,HARQ,Default,200,0.15,0,50,112,18.9983,0.246914,84.2181
5581,KB2,HARQ,Default,200,0.15,0,50,148,19.5117,0.20202,82.0021
5582,KB2,HARQ,Default,200,0.15,0,50,133,18.21,0.218579,87.8638
5583,KB2,HARQ,Default,200,0.15,0,50,143,18.7751,0.207254,85.2193
5584,KB2,HARQ,Default,200,0.15,0,50,134,18.3464,0.217391,87.2106
5585,KB2,HARQ,Default,200,0.15,0,50,122,18.0207,0.232558,88.7868
5586,KB2,HARQ,Default,200,0.15,0,50,117,18.1979,0.239521,87.9222
5587,KB2,HARQ,Default,200,0.15,0,50,76,16.3475,0.31746,97.8743
5588,KB2,HARQ,Default,200,0.15,0,50,137,18.8459,0.213904,84.8991
5589,KB2,HARQ,Default,200,0.15,0,50,121,18.53,0.233918,86.3465
5590,KB2,HARQ,Default,200,0.15,0,50,135,18.3336,0.216216,87.2715
5591,KB2,HARQ,Default,200,0.15,0,50,157,19.3883,0.193237,82.524
5592,KB2,HARQ,Default,200,0.15,0,50,122,17.6829,0.232558,90.4829
5593,KB2,HARQ,Default,200,0.15,0,50,87,16.2726,0.291971,98.3248
5594,KB2,HARQ,Default,200,0.15,0,50,82,16.343,0.30303,97.9012
5595,KB2,HARQ,Default,200,0.15,0,50,110,17.695,0.25,90.421
5596,KB2,HARQ,Default,200,0.15,0,50,68,15.4917,0.338983,103.281
5597,KB2,HARQ,Default,200,0.15,0,50,81,16.0778,0.305344,99.5161
5598,KB2,HARQ,Default,200,0.15,0,50,10,13.2422,0.666667,120.826
5599,KB2,HARQ,Default,200,0.15,0,50,72,15.5044,0.327869,103.197
5600,KB2,HARQ,Default,200,0.15,0,50,67,16.0393,0.34188,99.755
5601,KB2,HARQ,Default,200,0.15,0,50,147,18.919,0.203046,84.5711
5602,KB2,HARQ,Default,200,0.15,0,50,97,16.6149,0.272109,96.2991
5603,KB2,HARQ,Default,200,0.15,0,50,148,18.9708,0.20202,84.3401
5604,KB2,HARQ,Default,200,0.15,0,50,141,18.5867,0.209424,86.0831
5605,KB2,HARQ,Default,200,0.15,0,50,81,16.0504,0.305344,99.686
5606,KB2,HARQ,Default,200,0.15,0,50,187,20.4956,0.168776,78.0655
5607,KB2,HARQ,Default,200,0.15,0,50,96,17.2511,0.273973,92.7477
5608,KB2,HARQ,Default,200,0.15,0,50,55,14.9776,0.380952,106.826
5609,KB2,HARQ,Default,200,0.15,0,50,115,17.4936,0.242424,91.462
5610,KB2,HARQ,Default,200,0.15,0,50,99,16.578,0.268456,96.5135
5611,KB2,HARQ,Default,200,0.15,0,50,124,18.3582,0.229885,87.1545
5612,KB2,HARQ,Default,200,0.15,0,50,95,16.5244,0.275862,96.8265
5613,KB2,HARQ,Default,200,0.15,0,50,201,20.7864,0.159363,76.9734
5614,KB2,HARQ,Default,200,0.15,0,50,140,18.1905,0.210526,87.958
5615,KB2,HARQ,Default,200,0.15,0,50,135,18.1678,0.216216,88.0679
5616,KB2,HARQ,Default,200,0.15,0,50,161,19.4671,0.189573,82.19
5617,KB2,HARQ,Default,200,0.15,0,50,49,15.1632,0.40404,105.519
5618,KB2,HARQ,Default,200,0.15,0,50,105,16.7902,0.258065,95.2937
5619,KB2,HARQ,Default,200,0.15,0,50,103,17.296,0.261438,92.5069
5620,KB2,HARQ,Default,200,0.15,0,50,72,15.8439,0.327869,100.985
5621,KB2,HARQ,Default,200,0.15,0,50,107,17.0282,0.254777,93.9618
5622,KB2,HARQ,Default,200,0.15,0,50,55,15.1174,0.380952,105.838
5623,KB2,HARQ,Default,200,0.15,0,50,103,17.1986,0.261438,93.0308
5624,KB2,HARQ,Default,200,0.15,0,50,143,18.5878,0.207254,86.078
5625,KB2,HARQ,Default,200,0.15,0,50,125,17.6681,0.228571,90.5587
5626,KB2,HARQ,Default,200,0.15,0,50,145,18.6336,0.205128,85.8664
5627,KB2,HARQ,Default,200,0.15,0,50,143,19.2994,0.207254,82.9041
5628,KB2,HARQ,Default,200,0.15,0,50,84,17.3197,0.298507,92.3804
5629,KB2,HARQ,Default,200,0.15,0,50,110,17.9289,0.25,89.2414
5630,KB2,HARQ,Default,200,0.15,0,50,138,19.3337,0.212766,82.7571
5631,KB2,HARQ,Default,200,0.15,0,50,127,18.1989,0.225989,87.9174
5632,KB2,HARQ,Default,200,0.15,0,50,128,18.0826,0.224719,88.4829
5633,KB2,HARQ,Default,200,0.15,0,50,100,16.8734,0.266667,94.8238
5634,KB2,HARQ,Default,200,0.15,0,50,76,15.7803,0.31746,101.392
5635,KB2,HARQ,Default,200,0.15,0,50,78,15.9008,0.3125,100.624
5636,KB2,HARQ,Default,200,0.15,0,50,101,16.8237,0.264901,95.1039
5637,KB2,HARQ,Default,200,0.15,0,50,119,17.5532,0.236686,91.1515
5638,KB2,HARQ,Default,200,0.15,0,50,91,16.4334,0.283688,97.3627
5639,KB2,HARQ,Default,200,0.15,0,50,58,15.4383,0.37037,103.638
5640,KB2,HARQ,Default,200,0.15,0,50,142,18.651,0.208333,85.7863
5641,KB2,HARQ,Default,200,0.15,0,50,138,18.8102,0.212766,85.0602
5642,KB2,HARQ,Default,200,0.15,0,50,169,20.055,0.182648,79.7806
5643,KB2,HARQ,Default,200,0.15,0,50,124,18.5385,0.229885,86.3069
5644,KB2,HARQ,Default,200,0.15,0,50,6,13.4608,0.714286,118.864
5645,KB2,HARQ,Default,200,0.15,0,50,160,19.3092,0.190476,82.8621
5646,KB2,HARQ,Default,200,0.15,0,50,135,18.5038,0.216216,86.4687
5647,KB2,HARQ,Default,200,0.15,0,50,102,17.2977,0.263158,92.4978
5648,KB2,HARQ,Default,200,0.15,0,50,104,16.9,0.25974,94.6746
5649,KB2,HARQ,Default,200,0.15,0,50,84,16.0458,0.298507,99.7146
5650,KB2,HARQ,Default,200,0.15,0,50,144,19.0591,0.206186,83.9494
5651,KB2,HARQ,Default,200,0.15,0,50,81,16.7079,0.305344,95.7631
5652,KB2,HARQ,Default,200,0.15,0,50,77,15.8162,0.314961,101.162
5653,KB2,HARQ,Default,200,0.15,0,50,138,18.3807,0.212766,87.0478
5654,KB2,HARQ,Default,200,0.15,0,50,77,16.2011,0.314961,98.7587
5655,KB2,HARQ,Default,200,0.15,0,50,105,17.3424,0.258065,92.2594
5656,KB2,HARQ,Default,200,0.15,0,50,126,18.6725,0.227273,85.6875
5657,KB2,HARQ,Default,200,0.15,0,50,112,17.8266,0.246914,89.7535
5658,KB2,HARQ,Default,200,0.15,0,50,110,18.2515,0.25,87.664
5659,KB2,HARQ,Default,200,0.15,0,50,76,16.5871,0.31746,96.4605
5660,KB2,HARQ,Default,200,0.15,0,50,80,16.6189,0.307692,96.2759
5661,KB2,HARQ,Default,200,0.15,0,50,81,17.0618,0.305344,93.7767
5662,KB2,HARQ,Default,200,0.15,0,50,210,22.2622,0.153846,71.8707
5663,KB2,HARQ,Default,200,0.15,0,50,146,20.3959,0.204082,78.4471
5664,KB2,HARQ,Default,200,0.15,0,50,63,15.7758,0.353982,101.421
5665,KB2,HARQ,Default,200,0.15,0,50,102,17.2111,0.263158,92.9633
5666,KB2,HARQ,Default,200,0.15,0,50,80,16.4613,0.307692,97.1977
5667,KB2,HARQ,Default,200,0.15,0,50,99,17.9381,0.268456,89.1956
5668,KB2,HARQ,Default,200,0.15,0,50,121,18.4945,0.233918,86.5122
5669,KB2,HARQ,Default,200,0.15,0,50,95,18.4065,0.275862,86.9258
5670,KB2,HARQ,Default,200,0.15,0,50,57,15.9477,0.373832,100.328
5671,KB2,HARQ,Default,200,0.15,0,50,98,17.1162,0.27027,93.4787
5672,KB2,HARQ,Default,200,0.15,0,50,150,18.6458,0.2,85.8102
5673,KB2,HARQ,Default,200,0.15,0,50,91,17.1949,0.283688,93.0508
5674,KB2,HARQ,Default,200,0.15,0,50,105,17.7434,0.258065,90.1744
5675,KB2,HARQ,Default,200,0.15,0,50,77,16.3385,0.314961,97.9282
5676,KB2,HARQ,Default,200,0.15,0,50,167,20.1963,0.184332,79.2224
5677,KB2,HARQ,Default,200,0.15,0,50,104,17.3976,0.25974,91.9667
5678,KB2,HARQ,Default,200,0.15,0,50,86,16.3538,0.294118,97.8366
5679,KB2,HARQ,Default,200,0.15,0,50,100,17.2191,0.266667,92.9201
5680,KB2,HARQ,Default,200,0.15,0,50,118,18.4606,0.238095,86.6711
5681,KB2,HARQ,Default,200,0.15,0,50,93,17.1766,0.27972,93.15
5682,KB2,HARQ,Default,200,0.15,0,50,39,14.5358,0.449438,110.073
5683,KB2,HARQ,Default,200,0.15,0,50,55,15.0649,0.380952,106.207
5684,KB2,HARQ,Default,200,0.15,0,50,125,17.9082,0.228571,89.3445
5685,KB2,HARQ,Default,200,0.15,0,50,101,16.94,0.264901,94.451
5686,KB2,HARQ,Default,200,0.15,0,50,145,18.7898,0.205128,85.1526
5687,KB2,HARQ,Default,200,0.15,0,50,167,19.372,0.184332,82.5934
5688,KB2,HARQ,Default,200,0.15,0,50,168,19.5818,0.183486,81.7085
5689,KB2,HARQ,Default,200,0.15,0,50,78,15.9393,0.3125,100.381
5690,KB2,HARQ,Default,200,0.15,0,50,123,17.8824,0.231214,89.4734
5691,KB2,HARQ,Default,200,0.15,0,50,76,16.5322,0.31746,96.7808
5692,KB2,HARQ,Default,200,0.15,0,50,203,21.6345,0.158103,73.9559
5693,KB2,HARQ,Default,200,0.15,0,50,133,18.8779,0.218579,84.7552
5694,KB2,HARQ,Default,200,0.15,0,50,109,17.2189,0.251572,92.9212
5695,KB2,HARQ,Default,200,0.15,0,50,99,17.1699,0.268456,93.1863
5696,KB2,HARQ,Default,200,0.15,0,50,196,20.6152,0.162602,77.6126
5697,KB2,HARQ,Default,200,0.15,0,50,76,16.2443,0.31746,98.4961
5698,KB2,HARQ,Default,200,0.15,0,50,121,17.9794,0.233918,88.9907
5699,KB2,HARQ,Default,200,0.15,0,50,136,18.4799,0.215054,86.5806
5700,KB2,HARQ,Default,200,0.15,0,50,38,14.3072,0.454545,111.832
5701,KB2,HARQ,Default,200,0.15,0,50,85,16.439,0.296296,97.3295
5702,KB2,HARQ,Default,200,0.15,0,50,75,15.963,0.32,100.232
5703,KB2,HARQ,Default,200,0.15,0,50,135,18.3171,0.216216,87.3501
5704,KB2,HARQ,Default,200,0.15,0,50,61,15.6758,0.36036,102.068
5705,KB2,HARQ,Default,200,0.15,0,50,108,17.4158,0.253165,91.8706
5706,KB2,HARQ,Default,200,0.15,0,50,62,15.7686,0.357143,101.467
5707,KB2,HARQ,Default,200,0.15,0,50,117,17.6057,0.239521,90.8797
5708,KB2,HARQ,Default,200,0.15,0,50,174,19.7632,0.178571,80.9585
5709,KB2,HARQ,Default,200,0.15,0,50,40,14.5867,0.444444,109.689
5710,KB2,HARQ,Default,200,0.15,0,50,82,16.9899,0.30303,94.1736
5711,KB2,HARQ,Default,200,0.15,0,50,123,17.9516,0.231214,89.1285
5712,KB2,HARQ,Default,200,0.15,0,50,127,18.1386,0.225989,88.2097
5713,KB2,HARQ,Default,200,0.15,0,50,95,16.8501,0.275862,94.9549
5714,KB2,HARQ,Default,200,0.15,0,50,63,15.2129,0.353982,105.174
5715,KB2,HARQ,Default,200,0.15,0,50,132,17.9715,0.21978,89.0299
5716,KB2,HARQ,Default,200,0.15,0,50,76,15.9551,0.31746,100.281
5717,KB2,HARQ,Default,200,0.15,0,50,85,16.4225,0.296296,97.4273
5718,KB2,HARQ,Default,200,0.15,0,50,106,17.0709,0.25641,93.7268
5719,KB2,HARQ,Default,200,0.15,0,50,135,18.7662,0.216216,85.2597
5720,KB2,HARQ,Default,200,0.15,0,50,113,17.2444,0.245399,92.7837
5721,KB2,HARQ,Default,200,0.15,0,50,115,17.5738,0.242424,91.0446
5722,KB2,HARQ,Default,200,0.15,0,50,130,18.9911,0.222222,84.25
5723,KB2,HARQ,Default,200,0.15,0,50,161,19.2323,0.189573,83.1934
5724,KB2,HARQ,Default,200,0.15,0,50,144,18.2775,0.206186,87.5393
5725,KB2,HARQ,Default,200,0.15,0,50,152,19.1665,0.19802,83.479
5726,KB2,HARQ,Default,200,0.15,0,50,129,18.3856,0.223464,87.0246
5727,KB2,HARQ,Default,200,0.15,0,50,98,16.7258,0.27027,95.6606
5728,KB2,HARQ,Default,200,0.15,0,50,24,13.9287,0.540541,114.871
5729,KB2,HARQ,Default,200,0.15,0,50,109,17.3126,0.251572,92.4182
5730,KB2,HARQ,Default,200,0.15,0,50,187,20.6574,0.168776,77.4541
5731,KB2,HARQ,Default,200,0.15,0,50,99,16.8771,0.268456,94.803
5732,KB2,HARQ,Default,200,0.15,0,50,52,14.9021,0.392157,107.367
5733,KB2,HARQ,Default,200,0.15,0,50,154,19.2772,0.196078,82.9996
5734,KB2,HARQ,Default,200,0.15,0,50,142,19.2638,0.208333,83.0573
5735,KB2,HARQ,Default,200,0.15,0,50,113,17.7127,0.245399,90.3307
5736,KB2,HARQ,Default,200,0.15,0,50,6,13.2359,0.714286,120.883
5737,KB2,HARQ,Default,200,0.15,0,50,66,15.7458,0.344828,101.614
5738,KB2,HARQ,Default,200,0.15,0,50,154,18.9402,0.196078,84.4764
5739,KB2,HARQ,Default,200,0.15,0,50,110,17.5802,0.25,91.0115
5740,KB2,HARQ,Default,200,0.15,0,50,108,17.4104,0.253165,91.8991
5741,KB2,HARQ,Default,200,0.15,0,50,165,19.4971,0.186047,82.0635
5742,KB2,HARQ,Default,200,0.15,0,50,127,18.1771,0.225989,88.0228
5743,KB2,HARQ,Default,200,0.15,0,50,55,15.1735,0.380952,105.447
5744,KB2,HARQ,Default,200,0.15,0,50,197,21.3614,0.161943,74.9015
5745,KB2,HARQ,Default,200,0.15,0,50,61,15.7443,0.36036,101.624
5746,KB2,HARQ,Default,200,0.15,0,50,127,17.8605,0.225989,89.5832
5747,KB2,HARQ,Default,200,0.15,0,50,134,18.293,0.217391,87.4652
5748,KB2,HARQ,Default,200,0.15,0,50,156,19.3191,0.194175,82.8196
5749,KB2,HARQ,Default,200,0.15,0,50,90,16.8562,0.285714,94.9206
5750,KB2,HARQ,Default,200,0.15,0,50,103,17.298,0.261438,92.4962
5751,KB2,HARQ,Default,200,0.15,0,50,112,17.4743,0.246914,91.563
5752,KB2,HARQ,Default,200,0.15,0,50,184,20.6647,0.17094,77.4267
5753,KB2,HARQ,Default,200,0.15,0,50,80,16.187,0.307692,98.8448
5754,KB2,HARQ,Default,200,0.15,0,50,69,15.7786,0.336134,101.403
5755,KB2,HARQ,Default,200,0.15,0,50,93,16.7121,0.27972,95.739
5756,KB2,HARQ,Default,200,0.15,0,50,74,16.8607,0.322581,94.8952
5757,KB2,HARQ,Default,200,0.15,0,50,80,16.1653,0.307692,98.9774
5758,KB2,HARQ,Default,200,0.15,0,50,120,17.7383,0.235294,90.2003
5759,KB2,HARQ,Default,200,0.15,0,50,90,16.6318,0.285714,96.2013
5760,KB2,HARQ,Default,200,0.15,0,50,155,19.3513,0.195122,82.6818
5761,KB2,HARQ,Default,200,0.15,0,50,132,18.4212,0.21978,86.8564
5762,KB2,HARQ,Default,200,0.15,0,50,115,19.0026,0.242424,84.199
5763,KB2,HARQ,Default,200,0.15,0,50,58,16.4331,0.37037,97.3645
5764,KB2,HARQ,Default,200,0.15,0,50,67,16.6992,0.34188,95.813
5765,KB2,HARQ,Default,200,0.15,0,50,95,16.739,0.275862,95.5852
5766,KB2,HARQ,Default,200,0.15,0,50,88,16.6886,0.289855,95.8738
5767,KB2,HARQ,Default,200,0.15,0,50,154,19.1216,0.196078,83.675
5768,KB2,HARQ,Default,200,0.15,0,50,109,17.7209,0.251572,90.2889
5769,KB2,HARQ,Default,200,0.15,0,50,118,17.8189,0.238095,89.7923
5770,KB2,HARQ,Default,200,0.15,0,50,176,20.0637,0.176991,79.746
5771,KB2,HARQ,Default,200,0.15,0,50,41,14.3537,0.43956,111.47
5772,KB2,HARQ,Default,200,0.15,0,50,106,17.023,0.25641,93.9905
5773,KB2,HARQ,Default,200,0.15,0,50,121,17.674,0.233918,90.5285
5774,KB2,HARQ,Default,200,0.15,0,50,116,18.1562,0.240964,88.1242
5775,KB2,HARQ,Default,200,0.15,0,50,97,17.3715,0.272109,92.1049
5776,KB2,HARQ,Default,200,0.15,0,50,159,20.7487,0.191388,77.1133
5777,KB2,HARQ,Default,200,0.15,0,50,127,18.2144,0.225989,87.8426
5778,KB2,HARQ,Default,200,0.15,0,50,111,17.26,0.248447,92.6999
5779,KB2,HARQ,Default,200,0.15,0,50,132,18.8657,0.21978,84.81
5780,KB2,HARQ,Default,200,0.15,0,50,147,19.5323,0.203046,81.9156
5781,KB2,HARQ,Default,200,0.15,0,50,119,17.9172,0.236686,89.2997
5782,KB2,HARQ,Default,200,0.15,0,50,44,14.9276,0.425532,107.184
5783,KB2,HARQ,Default,200,0.15,0,50,58,15.4159,0.37037,103.789
5784,KB2,HARQ,Default,200,0.15,0,50,87,16.1798,0.291971,98.8887
5785,KB2,HARQ,Default,200,0.15,0,50,51,15.3201,0.39604,104.438
5786,KB2,HARQ,Default,200,0.15,0,50,108,18.0899,0.253165,88.4471
5787,KB2,HARQ,Default,200,0.15,0,50,100,17.3581,0.266667,92.176
5788,KB2,HARQ,Default,200,0.15,0,50,169,19.71,0.182648,81.1771
5789,KB2,HARQ,Default,200,0.15,0,50,118,17.7537,0.238095,90.1221
5790,KB2,HARQ,Default,200,0.15,0,50,126,17.9024,0.227273,89.3735
5791,KB2,HARQ,Default,200,0.15,0,50,77,16.2231,0.314961,98.6248
5792,KB2,HARQ,Default,200,0.15,0,50,103,16.9562,0.261438,94.3608
5793,KB2,HARQ,Default,200,0.15,0,50,93,16.8054,0.27972,95.2075
5794,KB2,HARQ,Default,200,0.15,0,50,103,17.5373,0.261438,91.2341
5795,KB2,HARQ,Default,200,0.15,0,50,213,21.768,0.152091,73.5024
5796,KB2,HARQ,Default,200,0.15,0,50,45,15.2304,0.421053,105.053
5797,KB2,HARQ,Default,200,0.15,0,50,145,18.758,0.205128,85.2969
5798,KB2,HARQ,Default,200,0.15,0,50,142,18.6065,0.208333,85.9915
5799,KB2,HARQ,Default,200,0.15,0,50,131,18.2525,0.220994,87.6592
5800,KB2,HARQ,Default,200,0.15,0,50,85,16.5418,0.296296,96.7247
5801,KB2,HARQ,Default,200,0.15,0,50,181,19.7711,0.17316,80.9262
5802,KB2,HARQ,Default,200,0.15,0,50,93,17.1066,0.27972,93.5312
5803,KB2,HARQ,Default,200,0.15,0,50,153,21.0752,0.197044,75.9186
5804,KB2,HARQ,Default,200,0.15,0,50,158,19.7115,0.192308,81.1709
5805,KB2,HARQ,Default,200,0.15,0,50,97,16.6838,0.272109,95.9014
5806,KB2,HARQ,Default,200,0.15,0,50,168,19.8011,0.183486,80.8036
5807,KB2,HARQ,Default,200,0.15,0,50,194,21.129,0.163934,75.7253
5808,KB2,HARQ,Default,200,0.15,0,50,95,17.0778,0.275862,93.6889
5809,KB2,HARQ,Default,200,0.15,0,50,84,16.1334,0.298507,99.1731
5810,KB2,HARQ,Default,200,0.15,0,50,197,20.9798,0.161943,76.2638
5811,KB2,HARQ,Default,200,0.15,0,50,133,22.3463,0.218579,71.6002
5812,KB2,HARQ,Default,200,0.15,0,50,81,18.4532,0.305344,86.7058
5813,KB2,HARQ,Default,200,0.15,0,50,166,19.8879,0.185185,80.4509
5814,KB2,HARQ,Default,200,0.15,0,50,178,20.3751,0.175439,78.5272
5815,KB2,HARQ,Default,200,0.15,0,50,169,20.1433,0.182648,79.4309
5816,KB2,HARQ,Default,200,0.15,0,50,102,17.2635,0.263158,92.6811
5817,KB2,HARQ,Default,200,0.15,0,50,158,19.2779,0.192308,82.9966
5818,KB2,HARQ,Default,200,0.15,0,50,134,18.1956,0.217391,87.9333
5819,KB2,HARQ,Default,200,0.15,0,50,182,20.5976,0.172414,77.679
5820,KB2,HARQ,Default,200,0.15,0,50,160,19.4748,0.190476,82.1575
5821,KB2,HARQ,Default,200,0.15,0,50,155,20.1287,0.195122,79.4885
5822,KB2,HARQ,Default,200,0.15,0,50,126,18.0108,0.227273,88.8356
5823,KB2,HARQ,Default,200,0.15,0,50,120,18.6438,0.235294,85.8194
5824,KB2,HARQ,Default,200,0.15,0,50,135,19.5754,0.216216,81.7352
5825,KB2,HARQ,Default,200,0.15,0,50,125,18.2387,0.228571,87.7256
5826,KB2,HARQ,Default,200,0.15,0,50,198,20.8305,0.16129,76.8104
5827,KB2,HARQ,Default,200,0.15,0,50,11,13.4791,0.655738,118.702
5828,KB2,HARQ,Default,200,0.15,0,50,125,17.83,0.228571,89.7364
5829,KB2,HARQ,Default,200,0.15,0,50,129,19.527,0.223464,81.9378
5830,KB2,HARQ,Default,200,0.15,0,50,146,21.6322,0.204082,73.9638
5831,KB2,HARQ,Default,200,0.15,0,50,10,13.7407,0.666667,116.442
5832,KB2,HARQ,Default,200,0.15,0,50,170,19.9245,0.181818,80.3031
5833,KB2,HARQ,Default,200,0.15,0,50,83,16.133,0.300752,99.1756
5834,KB2,HARQ,Default,200,0.15,0,50,66,15.5546,0.344828,102.863
5835,KB2,HARQ,Default,200,0.15,0,50,165,20.0104,0.186047,79.9584
5836,KB2,HARQ,Default,200,0.15,0,50,78,17.3608,0.3125,92.1617
5837,KB2,HARQ,Default,200,0.15,0,50,186,21.0967,0.169492,75.8412
5838,KB2,HARQ,Default,200,0.15,0,50,76,15.861,0.31746,100.876
5839,KB2,HARQ,Default,200,0.15,0,50,131,18.1027,0.220994,88.3846
5840,KB2,HARQ,Default,200,0.15,0,50,79,15.8543,0.310078,100.919
5841,KB2,HARQ,Default,200,0.15,0,50,127,17.8389,0.225989,89.6916
5842,KB2,HARQ,Default,200,0.15,0,50,126,17.8257,0.227273,89.758
5843,KB2,HARQ,Default,200,0.15,0,50,159,19.4205,0.191388,82.3872
5844,KB2,HARQ,Default,200,0.15,0,50,86,16.5955,0.294118,96.4117
5845,KB2,HARQ,Default,200,0.15,0,50,119,17.7301,0.236686,90.242
5846,KB2,HARQ,Default,200,0.15,0,50,140,18.7981,0.210526,85.115
5847,KB2,HARQ,Default,200,0.15,0,50,182,20.8593,0.172414,76.7044
5848,KB2,HARQ,Default,200,0.15,0,50,77,16.5063,0.314961,96.9327
5849,KB2,HARQ,Default,200,0.15,0,50,111,17.4693,0.248447,91.5892
5850,KB2,HARQ,Default,200,0.15,0,50,123,17.8101,0.231214,89.8367
5851,KB2,HARQ,Default,200,0.15,0,50,115,17.4021,0.242424,91.9429
5852,KB2,HARQ,Default,200,0.15,0,50,101,16.6705,0.264901,95.9779
5853,KB2,HARQ,Default,200,0.15,0,50,105,17.4243,0.258065,91.8258
5854,KB2,HARQ,Default,200,0.15,0,50,108,17.3409,0.253165,92.2674
5855,KB2,HARQ,Default,200,0.15,0,50,13,13.3239,0.634921,120.085
5856,KB2,HARQ,Default,200,0.15,0,50,156,19.6696,0.194175,81.3438
5857,KB2,HARQ,Default,200,0.15,0,50,95,17.5837,0.275862,90.9934
5858,KB2,HARQ,Default,200,0.15,0,50,129,18.2597,0.223464,87.6247
5859,KB2,HARQ,Default,200,0.15,0,50,151,19.0676,0.199005,83.912
5860,KB2,HARQ,Default,200,0.15,0,50,169,19.5277,0.182648,81.9349
5861,KB2,HARQ,Default,200,0.15,0,50,98,17.8267,0.27027,89.753
5862,KB2,HARQ,Default,200,0.15,0,50,34,14.0276,0.47619,114.061
5863,KB2,HARQ,Default,200,0.15,0,50,78,16.2432,0.3125,98.5028
5864,KB2,HARQ,Default,200,0.15,0,50,165,19.6504,0.186047,81.4233
5865,KB2,HARQ,Default,200,0.15,0,50,164,19.1646,0.186916,83.4873
5866,KB2,HARQ,Default,200,0.15,0,50,95,16.6453,0.275862,96.1232
5867,KB2,HARQ,Default,200,0.15,0,50,120,17.6537,0.235294,90.6326
5868,KB2,HARQ,Default,200,0.15,0,50,134,17.9708,0.217391,89.0333
5869,KB2,HARQ,Default,200,0.15,0,50,126,17.8855,0.227273,89.4579
5870,KB2,HARQ,Default,200,0.15,0,50,52,14.8226,0.392157,107.943
5871,KB2,HARQ,Default,200,0.15,0,50,85,16.2844,0.296296,98.2535
5872,KB2,HARQ,Default,200,0.15,0,50,152,18.9918,0.19802,84.2469
5873,KB2,HARQ,Default,200,0.15,0,50,114,17.5615,0.243902,91.1084
5874,KB2,HARQ,Default,200,0.15,0,50,89,16.4702,0.28777,97.1451
5875,KB2,HARQ,Default,200,0.15,0,50,106,17.0374,0.25641,93.911
5876,KB2,HARQ,Default,200,0.15,0,50,71,15.6848,0.330579,102.01
5877,KB2,HARQ,Default,200,0.15,0,50,71,15.7944,0.330579,101.302
5878,KB2,HARQ,Default,200,0.15,0,50,98,16.4854,0.27027,97.0556
5879,KB2,HARQ,Default,200,0.15,0,50,74,15.8683,0.322581,100.83
5880,KB2,HARQ,Default,200,0.15,0,50,138,18.5475,0.212766,86.265
5881,KB2,HARQ,Default,200,0.15,0,50,139,18.5539,0.21164,86.2352
5882,KB2,HARQ,Default,200,0.15,0,50,65,15.2254,0.347826,105.088
5883,KB2,HARQ,Default,200,0.15,0,50,147,18.7117,0.203046,85.508
5884,KB2,HARQ,Default,200,0.15,0,50,117,17.4252,0.239521,91.821
5885,KB2,HARQ,Default,200,0.15,0,50,112,17.4844,0.246914,91.5101
5886,KB2,HARQ,Default,200,0.15,0,50,135,17.9546,0.216216,89.1137
5887,KB2,HARQ,Default,200,0.15,0,50,139,18.3469,0.21164,87.2082
5888,KB2,HARQ,Default,200,0.15,0,50,126,17.755,0.227273,90.1155
5889,KB2,HARQ,Default,200,0.15,0,50,130,18.1955,0.222222,87.9338
5890,KB2,HARQ,Default,200,0.15,0,50,127,18.0662,0.225989,88.5632
5891,KB2,HARQ,Default,200,0.15,0,50,94,16.6436,0.277778,96.133
5892,KB2,HARQ,Default,200,0.15,0,50,77,15.9401,0.314961,100.376
5893,KB2,HARQ,Default,200,0.15,0,50,77,15.7795,0.314961,101.397
5894,KB2,HARQ,Default,200,0.15,0,50,127,17.9404,0.225989,89.1842
5895,KB2,HARQ,Default,200,0.15,0,50,131,17.9971,0.220994,88.9032
5896,KB2,HARQ,Default,200,0.15,0,50,65,15.3298,0.347826,104.372
5897,KB2,HARQ,Default,200,0.15,0,50,125,17.9743,0.228571,89.016
5898,KB2,HARQ,Default,200,0.15,0,50,88,16.5037,0.289855,96.948
5899,KB2,HARQ,Default,200,0.15,0,50,131,17.8602,0.220994,89.5847
5900,KB2,HARQ,Default,200,0.15,0,50,102,16.9514,0.263158,94.3875
5901,KB2,HARQ,Default,200,0.15,0,50,126,17.8403,0.227273,89.6846
5902,KB2,HARQ,Default,200,0.15,0,50,98,16.7304,0.27027,95.6343
5903,KB2,HARQ,Default,200,0.15,0,50,149,19.1796,0.201005,83.422
5904,KB2,HARQ,Default,200,0.15,0,50,101,16.869,0.264901,94.8485
5905,KB2,HARQ,Default,200,0.15,0,50,45,14.5478,0.421053,109.982
5906,KB2,HARQ,Default,200,0.15,0,50,116,17.7774,0.240964,90.0019
5907,KB2,HARQ,Default,200,0.15,0,50,80,16.3422,0.307692,97.906
5908,KB2,HARQ,Default,200,0.15,0,50,82,16.2846,0.30303,98.2523
5909,KB2,HARQ,Default,200,0.15,0,50,159,19.7819,0.191388,80.882
5910,KB2,HARQ,Default,200,0.15,0,50,63,15.8921,0.353982,100.679
5911,KB2,HARQ,Default,200,0.15,0,50,83,16.5951,0.300752,96.414
5912,KB2,HARQ,Default,200,0.15,0,50,135,19.65,0.216216,81.4249
5913,KB2,HARQ,Default,200,0.15,0,50,165,20.5665,0.186047,77.7964
5914,KB2,HARQ,Default,200,0.15,0,50,167,20.5167,0.184332,77.9853
5915,KB2,HARQ,Default,200,0.15,0,50,87,17.1571,0.291971,93.2559
5916,KB2,HARQ,Default,200,0.15,0,50,174,20.0375,0.178571,79.8503
5917,KB2,HARQ,Default,200,0.15,0,50,115,18.335,0.242424,87.2648
5918,KB2,HARQ,Default,200,0.15,0,50,80,16.363,0.307692,97.7816
5919,KB2,HARQ,Default,200,0.15,0,50,128,19.3235,0.224719,82.8007
5920,KB2,HARQ,Default,200,0.15,0,50,51,15.6851,0.39604,102.008
5921,KB2,HARQ,Default,200,0.15,0,50,192,20.952,0.165289,76.365
5922,KB2,HARQ,Default,200,0.15,0,50,117,18.7214,0.239521,85.4637
5923,KB2,HARQ,Default,200,0.15,0,50,141,18.3668,0.209424,87.1137
5924,KB2,HARQ,Default,200,0.15,0,50,34,14.4006,0.47619,111.106
5925,KB2,HARQ,Default,200,0.15,0,50,154,19.0817,0.196078,83.85
5926,KB2,HARQ,Default,200,0.15,0,50,145,18.7693,0.205128,85.2456
5927,KB2,HARQ,Default,200,0.15,0,50,149,18.705,0.201005,85.5386
5928,KB2,HARQ,Default,200,0.15,0,50,94,16.6393,0.277778,96.1579
5929,KB2,HARQ,Default,200,0.15,0,50,100,16.776,0.266667,95.3743
5930,KB2,HARQ,Default,200,0.15,0,50,4,13.0196,0.740741,122.892
5931,KB2,HARQ,Default,200,0.15,0,50,124,17.9586,0.229885,89.0938
5932,KB2,HARQ,Default,200,0.15,0,50,106,17.3181,0.25641,92.3889
5933,KB2,HARQ,Default,200,0.15,0,50,83,16.0384,0.300752,99.7606
5934,KB2,HARQ,Default,200,0.15,0,50,94,16.9775,0.277778,94.2424
5935,KB2,HARQ,Default,200,0.15,0,50,107,17.5753,0.254777,91.0369
5936,KB2,HARQ,Default,200,0.15,0,50,128,18.3084,0.224719,87.3916
5937,KB2,HARQ,Default,200,0.15,0,50,58,15.1679,0.37037,105.486
5938,KB2,HARQ,Default,200,0.15,0,50,100,17.9177,0.266667,89.2972
5939,KB2,HARQ,Default,200,0.15,0,50,50,14.7523,0.4,108.458
5940,KB2,HARQ,Default,200,0.15,0,50,164,21.9221,0.186916,72.9857
5941,KB2,HARQ,Default,200,0.15,0,50,63,15.7084,0.353982,101.856
5942,KB2,HARQ,Default,200,0.15,0,50,129,18.2708,0.223464,87.5714
5943,KB2,HARQ,Default,200,0.15,0,50,155,20.0745,0.195122,79.7031
5944,KB2,HARQ,Default,200,0.15,0,50,109,17.3747,0.251572,92.0879
5945,KB2,HARQ,Default,200,0.15,0,50,143,18.773,0.207254,85.2288
5946,KB2,HARQ,Default,200,0.15,0,50,55,15.8606,0.380952,100.879
5947,KB2,HARQ,Default,200,0.15,0,50,103,17.661,0.261438,90.5951
5948,KB2,HARQ,Default,200,0.15,0,50,199,21.5848,0.160643,74.1262
5949,KB2,HARQ,Default,200,0.15,0,50,129,17.7799,0.223464,89.9893
5950,KB2,HARQ,Default,200,0.15,0,50,93,16.5029,0.27972,96.9527
5951,KB2,HARQ,Default,200,0.15,0,50,104,16.7716,0.25974,95.3994
5952,KB2,HARQ,Default,200,0.15,0,50,91,16.2551,0.283688,98.4306
5953,KB2,HARQ,Default,200,0.15,0,50,148,18.5711,0.20202,86.1554
5954,KB2,HARQ,Default,200,0.15,0,50,115,17.409,0.242424,91.9065
5955,KB2,HARQ,Default,200,0.15,0,50,73,15.6765,0.325203,102.064
5956,KB2,HARQ,Default,200,0.15,0,50,0,12.6724,0.8,126.259
5957,KB2,HARQ,Default,200,0.15,0,50,59,15.1667,0.366972,105.494
5958,KB2,HARQ,Default,200,0.15,0,50,127,17.8518,0.225989,89.6268
5959,KB2,HARQ,Default,200,0.15,0,50,122,17.3289,0.232558,92.3313
5960,KB2,HARQ,Default,200,0.15,0,50,127,18.1615,0.225989,88.0985
5961,KB2,HARQ,Default,200,0.15,0,50,91,16.2495,0.283688,98.4646
5962,KB2,HARQ,Default,200,0.15,0,50,99,16.5726,0.268456,96.5449
5963,KB2,HARQ,Default,200,0.15,0,50,140,18.0973,0.210526,88.411
5964,KB2,HARQ,Default,200,0.15,0,50,173,19.4984,0.179372,82.058
5965,KB2,HARQ,Default,200,0.15,0,50,119,17.3278,0.236686,92.3372
5966,KB2,HARQ,Default,200,0.15,0,50,166,19.2044,0.185185,83.3142
5967,KB2,HARQ,Default,200,0.15,0,50,139,17.8944,0.21164,89.4134
5968,KB2,HARQ,Default,200,0.15,0,50,115,17.356,0.242424,92.1871
5969,KB2,HARQ,Default,200,0.15,0,50,83,15.9771,0.300752,100.143
5970,KB2,HARQ,Default,200,0.15,0,50,123,18.7576,0.231214,85.2988
5971,KB2,HARQ,Default,200,0.15,0,50,151,18.6107,0.199005,85.972
5972,KB2,HARQ,Default,200,0.15,0,50,146,18.373,0.204082,87.0843
5973,KB2,HARQ,Default,200,0.15,0,50,105,16.7298,0.258065,95.6377
5974,KB2,HARQ,Default,200,0.15,0,50,68,15.1687,0.338983,105.48
5975,KB2,HARQ,Default,200,0.15,0,50,81,15.9659,0.305344,100.214
5976,KB2,HARQ,Default,200,0.15,0,50,110,16.9107,0.25,94.6147
5977,KB2,HARQ,Default,200,0.15,0,50,69,15.3204,0.336134,104.436
5978,KB2,HARQ,Default,200,0.15,0,50,118,17.7638,0.238095,90.0708
5979,KB2,HARQ,Default,200,0.15,0,50,117,16.9867,0.239521,94.1913
5980,KB2,HARQ,Default,200,0.15,0,50,55,14.9084,0.380952,107.322
5981,KB2,HARQ,Default,200,0.15,0,50,155,18.4111,0.195122,86.9041
5982,KB2,HARQ,Default,200,0.15,0,50,110,16.8499,0.25,94.9561
5983,KB2,HARQ,Default,200,0.15,0,50,130,17.3442,0.222222,92.2499
5984,KB2,HARQ,Default,200,0.15,0,50,93,16.3351,0.27972,97.9486
5985,KB2,HARQ,Default,200,0.15,0,50,87,16.0023,0.291971,99.9856
5986,KB2,HARQ,Default,200,0.15,0,50,56,14.8162,0.377358,107.99
5987,KB2,HARQ,Default,200,0.15,0,50,63,15.1121,0.353982,105.875
5988,KB2,HARQ,Default,200,0.15,0,50,189,20.0309,0.167364,79.8766
5989,KB2,HARQ,Default,200,0.15,0,50,104,16.6492,0.25974,96.1007
5990,KB2,HARQ,Default,200,0.15,0,50,89,16.5251,0.28777,96.8224
5991,KB2,HARQ,Default,200,0.15,0,50,77,15.5932,0.314961,102.609
5992,KB2,HARQ,Default,200,0.15,0,50,121,17.6971,0.233918,90.4103
5993,KB2,HARQ,Default,200,0.15,0,50,138,19.6723,0.212766,81.3326
5994,KB2,HARQ,Default,200,0.15,0,50,93,17.255,0.27972,92.7267
5995,KB2,HARQ,Default,200,0.15,0,50,123,17.6568,0.231214,90.6166
5996,KB2,HARQ,Default,200,0.15,0,50,93,16.8252,0.27972,95.0955
5997,KB2,HARQ,Default,200,0.15,0,50,95,17.4105,0.275862,91.8986
5998,KB2,HARQ,Default,200,0.15,0,50,76,16.0939,0.31746,99.4165
5999,KB2,HARQ,Default,200,0.15,0,50,215,21.9324,0.150943,72.9514
6000,KB2,HARQ,Default,200,0.15,0,50,102,16.8223,0.263158,95.1118
6001,KB2,ARQ,Default,200,0.2,0,50,5,2.3361,0.727273,684.902
6002,KB2,ARQ,Default,200,0.2,0,50,15,2.3809,0.615385,672.015
6003,KB2,ARQ,Default,200,0.2,0,50,249,2.2402,0.133779,714.222
6004,KB2,ARQ,Default,200,0.2,0,50,4,2.2622,0.740741,707.276
6005,KB2,ARQ,Default,200,0.2,0,50,18,2.2866,0.588235,699.729
6006,KB2,ARQ,Default,200,0.2,0,50,13,2.2739,0.634921,703.637
6007,KB2,ARQ,Default,200,0.2,0,50,21,2.3654,0.56338,676.418
6008,KB2,ARQ,Default,200,0.2,0,50,6,2.4274,0.714286,659.141
6009,KB2,ARQ,Default,200,0.2,0,50,15,2.2932,0.615385,697.715
6010,KB2,ARQ,Default,200,0.2,0,50,222,2.1655,0.147059,738.859
6011,KB2,ARQ,Default,200,0.2,0,50,18,2.2901,0.588235,698.659
6012,KB2,ARQ,Default,200,0.2,0,50,30,2.327,0.5,687.581
6013,KB2,ARQ,Default,200,0.2,0,50,238,2.2175,0.138889,721.533
6014,KB2,ARQ,Default,200,0.2,0,50,25,2.3456,0.533333,682.128
6015,KB2,ARQ,Default,200,0.2,0,50,224,2.1948,0.145985,728.996
6016,KB2,ARQ,Default,200,0.2,0,50,246,2.2188,0.135135,721.111
6017,KB2,ARQ,Default,200,0.2,0,50,249,2.2358,0.133779,715.628
6018,KB2,ARQ,Default,200,0.2,0,50,246,2.2357,0.135135,715.66
6019,KB2,ARQ,Default,200,0.2,0,50,16,2.2869,0.606061,699.637
6020,KB2,ARQ,Default,200,0.2,0,50,19,2.2936,0.57971,697.593
6021,KB2,ARQ,Default,200,0.2,0,50,234,2.2494,0.140845,711.301
6022,KB2,ARQ,Default,200,0.2,0,50,231,2.1868,0.142349,731.663
6023,KB2,ARQ,Default,200,0.2,0,50,17,2.2949,0.597015,697.198
6024,KB2,ARQ,Default,200,0.2,0,50,11,2.281,0.655738,701.447
6025,KB2,ARQ,Default,200,0.2,0,50,0,2.246,0.8,712.378
6026,KB2,ARQ,Default,200,0.2,0,50,17,2.2996,0.597015,695.773
6027,KB2,ARQ,Default,200,0.2,0,50,235,2.2011,0.140351,726.909
6028,KB2,ARQ,Default,200,0.2,0,50,18,2.3091,0.588235,692.911
6029,KB2,ARQ,Default,200,0.2,0,50,32,2.3278,0.487805,687.344
6030,KB2,ARQ,Default,200,0.2,0,50,15,2.2988,0.615385,696.015
6031,KB2,ARQ,Default,200,0.2,0,50,230,2.1777,0.142857,734.72
6032,KB2,ARQ,Default,200,0.2,0,50,21,2.2987,0.56338,696.046
6033,KB2,ARQ,Default,200,0.2,0,50,18,2.2953,0.588235,697.077
6034,KB2,ARQ,Default,200,0.2,0,50,17,2.2877,0.597015,699.392
6035,KB2,ARQ,Default,200,0.2,0,50,17,2.3826,0.597015,671.535
6036,KB2,ARQ,Default,200,0.2,0,50,19,2.302,0.57971,695.048
6037,KB2,ARQ,Default,200,0.2,0,50,17,2.2914,0.597015,698.263
6038,KB2,ARQ,Default,200,0.2,0,50,236,2.2078,0.13986,724.703
6039,KB2,ARQ,Default,200,0.2,0,50,27,2.3348,0.519481,685.284
6040,KB2,ARQ,Default,200,0.2,0,50,231,2.1849,0.142349,732.299
6041,KB2,ARQ,Default,200,0.2,0,50,22,2.3526,0.555556,680.099
6042,KB2,ARQ,Default,200,0.2,0,50,32,2.3295,0.487805,686.843
6043,KB2,ARQ,Default,200,0.2,0,50,0,2.2383,0.8,714.828
6044,KB2,ARQ,Default,200,0.2,0,50,247,2.2238,0.13468,719.489
6045,KB2,ARQ,Default,200,0.2,0,50,246,2.2242,0.135135,719.36
6046,KB2,ARQ,Default,200,0.2,0,50,221,2.1618,0.147601,740.124
6047,KB2,ARQ,Default,200,0.2,0,50,228,2.1834,0.143885,732.802
6048,KB2,ARQ,Default,200,0.2,0,50,246,2.2309,0.135135,717.199
6049,KB2,ARQ,Default,200,0.2,0,50,19,2.288,0.57971,699.301
6050,KB2,ARQ,Default,200,0.2,0,50,14,2.2907,0.625,698.476
6051,KB2,ARQ,Default,200,0.2,0,50,29,2.3302,0.506329,686.636
6052,KB2,ARQ,Default,200,0.2,0,50,18,2.2963,0.588235,696.773
6053,KB2,ARQ,Default,200,0.2,0,50,254,2.2444,0.131579,712.885
6054,KB2,ARQ,Default,200,0.2,0,50,245,2.2715,0.135593,704.38
6055,KB2,ARQ,Default,200,0.2,0,50,10,2.2862,0.666667,699.851
6056,KB2,ARQ,Default,200,0.2,0,50,1,2.2708,0.784314,704.597
6057,KB2,ARQ,Default,200,0.2,0,50,21,2.2985,0.56338,696.106
6058,KB2,ARQ,Default,200,0.2,0,50,0,2.2503,0.8,711.016
6059,KB2,ARQ,Default,200,0.2,0,50,6,2.2688,0.714286,705.219
6060,KB2,ARQ,Default,200,0.2,0,50,8,2.2871,0.689655,699.576
6061,KB2,ARQ,Default,200,0.2,0,50,19,2.3389,0.57971,684.082
6062,KB2,ARQ,Default,200,0.2,0,50,19,2.3109,0.57971,692.371
6063,KB2,ARQ,Default,200,0.2,0,50,8,2.2703,0.689655,704.753
6064,KB2,ARQ,Default,200,0.2,0,50,240,2.2181,0.137931,721.338
6065,KB2,ARQ,Default,200,0.2,0,50,248,2.2189,0.134228,721.078
6066,KB2,ARQ,Default,200,0.2,0,50,253,2.2462,0.132013,712.314
6067,KB2,ARQ,Default,200,0.2,0,50,243,2.2157,0.136519,722.119
6068,KB2,ARQ,Default,200,0.2,0,50,252,2.2619,0.13245,707.37
6069,KB2,ARQ,Default,200,0.2,0,50,32,2.3291,0.487805,686.961
6070,KB2,ARQ,Default,200,0.2,0,50,244,2.2237,0.136054,719.522
6071,KB2,ARQ,Default,200,0.2,0,50,21,2.3162,0.56338,690.787
6072,KB2,ARQ,Default,200,0.2,0,50,16,2.2839,0.606061,700.556
6073,KB2,ARQ,Default,200,0.2,0,50,250,2.2339,0.133333,716.236
6074,KB2,ARQ,Default,200,0.2,0,50,240,2.2069,0.137931,724.999
6075,KB2,ARQ,Default,200,0.2,0,50,25,2.3065,0.533333,693.692
6076,KB2,ARQ,Default,200,0.2,0,50,17,2.2915,0.597015,698.233
6077,KB2,ARQ,Default,200,0.2,0,50,19,2.2973,0.57971,696.47
6078,KB2,ARQ,Default,200,0.2,0,50,255,2.2554,0.131148,709.409
6079,KB2,ARQ,Default,200,0.2,0,50,4,2.2615,0.740741,707.495
6080,KB2,ARQ,Default,200,0.2,0,50,6,2.2695,0.714286,705.001
6081,KB2,ARQ,Default,200,0.2,0,50,29,2.3632,0.506329,677.048
6082,KB2,ARQ,Default,200,0.2,0,50,23,2.3078,0.547945,693.301
6083,KB2,ARQ,Default,200,0.2,0,50,17,2.2822,0.597015,701.078
6084,KB2,ARQ,Default,200,0.2,0,50,16,2.2873,0.606061,699.515
6085,KB2,ARQ,Default,200,0.2,0,50,31,2.3417,0.493827,683.264
6086,KB2,ARQ,Default,200,0.2,0,50,23,2.3021,0.547945,695.018
6087,KB2,ARQ,Default,200,0.2,0,50,30,2.3444,0.5,682.477
6088,KB2,ARQ,Default,200,0.2,0,50,13,2.2825,0.634921,700.986
6089,KB2,ARQ,Default,200,0.2,0,50,21,2.3017,0.56338,695.138
6090,KB2,ARQ,Default,200,0.2,0,50,21,2.3048,0.56338,694.203
6091,KB2,ARQ,Default,200,0.2,0,50,19,2.3,0.57971,695.652
6092,KB2,ARQ,Default,200,0.2,0,50,16,2.3112,0.606061,692.281
6093,KB2,ARQ,Default,200,0.2,0,50,30,2.3773,0.5,673.032
6094,KB2,ARQ,Default,200,0.2,0,50,24,2.3176,0.540541,690.369
6095,KB2,ARQ,Default,200,0.2,0,50,231,2.2018,0.142349,726.678
6096,KB2,ARQ,Default,200,0.2,0,50,5,2.2672,0.727273,705.716
6097,KB2,ARQ,Default,200,0.2,0,50,249,2.2334,0.133779,716.397
6098,KB2,ARQ,Default,200,0.2,0,50,232,2.1887,0.141844,731.028
6099,KB2,ARQ,Default,200,0.2,0,50,239,2.2076,0.138408,724.769
6100,KB2,ARQ,Default,200,0.2,0,50,8,2.3169,0.689655,690.578
6101,KB2,ARQ,Default,200,0.2,0,50,1,2.2542,0.784314,709.786
6102,KB2,ARQ,Default,200,0.2,0,50,240,2.2235,0.137931,719.586
6103,KB2,ARQ,Default,200,0.2,0,50,252,2.2413,0.13245,713.871
6104,KB2,ARQ,Default,200,0.2,0,50,12,2.2758,0.645161,703.049
6105,KB2,ARQ,Default,200,0.2,0,50,12,2.2846,0.645161,700.341
6106,KB2,ARQ,Default,200,0.2,0,50,255,2.2539,0.131148,709.881
6107,KB2,ARQ,Default,200,0.2,0,50,8,2.3146,0.689655,691.264
6108,KB2,ARQ,Default,200,0.2,0,50,7,2.261,0.701754,707.651
6109,KB2,ARQ,Default,200,0.2,0,50,11,2.2853,0.655738,700.127
6110,KB2,ARQ,Default,200,0.2,0,50,249,2.4478,0.133779,653.648
6111,KB2,ARQ,Default,200,0.2,0,50,24,2.3158,0.540541,690.906
6112,KB2,ARQ,Default,200,0.2,0,50,21,2.3074,0.56338,693.421
6113,KB2,ARQ,Default,200,0.2,0,50,249,2.3997,0.133779,666.75
6114,KB2,ARQ,Default,200,0.2,0,50,15,2.3274,0.615385,687.462
6115,KB2,ARQ,Default,200,0.2,0,50,14,2.2917,0.625,698.172
6116,KB2,ARQ,Default,200,0.2,0,50,16,2.2913,0.606061,698.294
6117,KB2,ARQ,Default,200,0.2,0,50,9,2.3451,0.677966,682.274
6118,KB2,ARQ,Default,200,0.2,0,50,244,2.2369,0.136054,715.276
6119,KB2,ARQ,Default,200,0.2,0,50,31,2.3339,0.493827,685.548
6120,KB2,ARQ,Default,200,0.2,0,50,247,2.5531,0.13468,626.689
6121,KB2,ARQ,Default,200,0.2,0,50,1,2.3092,0.784314,692.881
6122,KB2,ARQ,Default,200,0.2,0,50,0,2.2618,0.8,707.401
6123,KB2,ARQ,Default,200,0.2,0,50,27,2.3242,0.519481,688.409
6124,KB2,ARQ,Default,200,0.2,0,50,16,2.2865,0.606061,699.759
6125,KB2,ARQ,Default,200,0.2,0,50,245,2.2604,0.135593,707.839
6126,KB2,ARQ,Default,200,0.2,0,50,0,2.2898,0.8,698.751
6127,KB2,ARQ,Default,200,0.2,0,50,19,2.3394,0.57971,683.936
6128,KB2,ARQ,Default,200,0.2,0,50,14,2.3682,0.625,675.619
6129,KB2,ARQ,Default,200,0.2,0,50,27,2.3548,0.519481,679.463
6130,KB2,ARQ,Default,200,0.2,0,50,13,2.2864,0.634921,699.79
6131,KB2,ARQ,Default,200,0.2,0,50,3,2.2662,0.754717,706.028
6132,KB2,ARQ,Default,200,0.2,0,50,232,2.186,0.141844,731.93
6133,KB2,ARQ,Default,200,0.2,0,50,25,2.329,0.533333,686.99
6134,KB2,ARQ,Default,200,0.2,0,50,12,2.3585,0.645161,678.397
6135,KB2,ARQ,Default,200,0.2,0,50,10,2.2798,0.666667,701.816
6136,KB2,ARQ,Default,200,0.2,0,50,15,2.2983,0.615385,696.167
6137,KB2,ARQ,Default,200,0.2,0,50,27,2.3145,0.519481,691.294
6138,KB2,ARQ,Default,200,0.2,0,50,13,2.2809,0.634921,701.477
6139,KB2,ARQ,Default,200,0.2,0,50,30,2.3891,0.5,669.708
6140,KB2,ARQ,Default,200,0.2,0,50,2,2.2622,0.769231,707.276
6141,KB2,ARQ,Default,200,0.2,0,50,9,2.2917,0.677966,698.172
6142,KB2,ARQ,Default,200,0.2,0,50,25,2.3907,0.533333,669.26
6143,KB2,ARQ,Default,200,0.2,0,50,16,2.2933,0.606061,697.685
6144,KB2,ARQ,Default,200,0.2,0,50,16,2.2922,0.606061,698.019
6145,KB2,ARQ,Default,200,0.2,0,50,249,2.2332,0.133779,716.461
6146,KB2,ARQ,Default,200,0.2,0,50,247,2.3212,0.13468,689.299
6147,KB2,ARQ,Default,200,0.2,0,50,4,2.2891,0.740741,698.965
6148,KB2,ARQ,Default,200,0.2,0,50,1,2.629,0.784314,608.596
6149,KB2,ARQ,Default,200,0.2,0,50,11,2.29,0.655738,698.69
6150,KB2,ARQ,Default,200,0.2,0,50,243,2.2242,0.136519,719.36
6151,KB2,ARQ,Default,200,0.2,0,50,7,2.2675,0.701754,705.623
6152,KB2,ARQ,Default,200,0.2,0,50,251,2.3693,0.13289,675.305
6153,KB2,ARQ,Default,200,0.2,0,50,255,2.2445,0.131148,712.854
6154,KB2,ARQ,Default,200,0.2,0,50,11,2.3558,0.655738,679.175
6155,KB2,ARQ,Default,200,0.2,0,50,3,2.2792,0.754717,702.001
6156,KB2,ARQ,Default,200,0.2,0,50,9,2.2684,0.677966,705.343
6157,KB2,ARQ,Default,200,0.2,0,50,252,2.2521,0.13245,710.448
6158,KB2,ARQ,Default,200,0.2,0,50,20,2.2949,0.571429,697.198
6159,KB2,ARQ,Default,200,0.2,0,50,17,2.2987,0.597015,696.046
6160,KB2,ARQ,Default,200,0.2,0,50,26,2.3076,0.526316,693.361
6161,KB2,ARQ,Default,200,0.2,0,50,9,2.3467,0.677966,681.808
6162,KB2,ARQ,Default,200,0.2,0,50,234,2.2216,0.140845,720.202
6163,KB2,ARQ,Default,200,0.2,0,50,239,2.2341,0.138408,716.172
6164,KB2,ARQ,Default,200,0.2,0,50,253,2.2671,0.132013,705.747
6165,KB2,ARQ,Default,200,0.2,0,50,14,2.3381,0.625,684.316
6166,KB2,ARQ,Default,200,0.2,0,50,20,2.3028,0.571429,694.806
6167,KB2,ARQ,Default,200,0.2,0,50,10,2.2703,0.666667,704.753
6168,KB2,ARQ,Default,200,0.2,0,50,31,2.3366,0.493827,684.756
6169,KB2,ARQ,Default,200,0.2,0,50,253,2.3188,0.132013,690.012
6170,KB2,ARQ,Default,200,0.2,0,50,3,2.2539,0.754717,709.881
6171,KB2,ARQ,Default,200,0.2,0,50,3,2.2736,0.754717,703.73
6172,KB2,ARQ,Default,200,0.2,0,50,19,2.2945,0.57971,697.32
6173,KB2,ARQ,Default,200,0.2,0,50,32,2.3257,0.487805,687.965
6174,KB2,ARQ,Default,200,0.2,0,50,19,2.3048,0.57971,694.203
6175,KB2,ARQ,Default,200,0.2,0,50,20,2.3137,0.571429,691.533
6176,KB2,ARQ,Default,200,0.2,0,50,6,2.2821,0.714286,701.109
6177,KB2,ARQ,Default,200,0.2,0,50,247,2.2446,0.13468,712.822
6178,KB2,ARQ,Default,200,0.2,0,50,239,2.2131,0.138408,722.968
6179,KB2,ARQ,Default,200,0.2,0,50,253,2.2414,0.132013,713.84
6180,KB2,ARQ,Default,200,0.2,0,50,16,2.2803,0.606061,701.662
6181,KB2,ARQ,Default,200,0.2,0,50,4,2.2598,0.740741,708.027
6182,KB2,ARQ,Default,200,0.2,0,50,11,2.2841,0.655738,700.495
6183,KB2,ARQ,Default,200,0.2,0,50,10,2.2798,0.666667,701.816
6184,KB2,ARQ,Default,200,0.2,0,50,11,2.3307,0.655738,686.489
6185,KB2,ARQ,Default,200,0.2,0,50,11,2.3044,0.655738,694.324
6186,KB2,ARQ,Default,200,0.2,0,50,246,2.2292,0.135135,717.746
6187,KB2,ARQ,Default,200,0.2,0,50,10,2.2658,0.666667,706.152
6188,KB2,ARQ,Default,200,0.2,0,50,4,2.2687,0.740741,705.25
6189,KB2,ARQ,Default,200,0.2,0,50,5,2.2644,0.727273,706.589
6190,KB2,ARQ,Default,200,0.2,0,50,9,2.2802,0.677966,701.693
6191,KB2,ARQ,Default,200,0.2,0,50,5,2.3487,0.727273,681.228
6192,KB2,ARQ,Default,200,0.2,0,50,238,2.1986,0.138889,727.736
6193,KB2,ARQ,Default,200,0.2,0,50,6,2.2612,0.714286,707.589
6194,KB2,ARQ,Default,200,0.2,0,50,1,2.2502,0.784314,711.048
6195,KB2,ARQ,Default,200,0.2,0,50,16,2.2888,0.606061,699.056
6196,KB2,ARQ,Default,200,0.2,0,50,252,2.236,0.13245,715.564
6197,KB2,ARQ,Default,200,0.2,0,50,22,2.3414,0.555556,683.352
6198,KB2,ARQ,Default,200,0.2,0,50,25,2.3148,0.533333,691.204
6199,KB2,ARQ,Default,200,0.2,0,50,9,2.2769,0.677966,702.71
6200,KB2,ARQ,Default,200,0.2,0,50,9,2.267,0.677966,705.779
6201,KB2,ARQ,Default,200,0.2,0,50,16,2.3048,0.606061,694.203
6202,KB2,ARQ,Default,200,0.2,0,50,244,2.2388,0.136054,714.669
6203,KB2,ARQ,Default,200,0.2,0,50,14,2.2893,0.625,698.904
6204,KB2,ARQ,Default,200,0.2,0,50,15,2.3467,0.615385,681.808
6205,KB2,ARQ,Default,200,0.2,0,50,229,2.1949,0.143369,728.963
6206,KB2,ARQ,Default,200,0.2,0,50,25,2.3243,0.533333,688.379
6207,KB2,ARQ,Default,200,0.2,0,50,32,2.3213,0.487805,689.269
6208,KB2,ARQ,Default,200,0.2,0,50,27,2.322,0.519481,689.061
6209,KB2,ARQ,Default,200,0.2,0,50,2,2.2414,0.769231,713.84
6210,KB2,ARQ,Default,200,0.2,0,50,5,2.2584,0.727273,708.466
6211,KB2,ARQ,Default,200,0.2,0,50,17,2.3376,0.597015,684.463
6212,KB2,ARQ,Default,200,0.2,0,50,3,2.2622,0.754717,707.276
6213,KB2,ARQ,Default,200,0.2,0,50,2,2.251,0.769231,710.795
6214,KB2,ARQ,Default,200,0.2,0,50,2,2.2646,0.769231,706.527
6215,KB2,ARQ,Default,200,0.2,0,50,9,2.2744,0.677966,703.482
6216,KB2,ARQ,Default,200,0.2,0,50,206,2.1336,0.15625,749.906
6217,KB2,ARQ,Default,200,0.2,0,50,253,2.2487,0.132013,711.522
6218,KB2,ARQ,Default,200,0.2,0,50,251,2.2313,0.13289,717.071
6219,KB2,ARQ,Default,200,0.2,0,50,0,2.2624,0.8,707.214
6220,KB2,ARQ,Default,200,0.2,0,50,2,2.2509,0.769231,710.827
6221,KB2,ARQ,Default,200,0.2,0,50,4,2.2566,0.740741,709.031
6222,KB2,ARQ,Default,200,0.2,0,50,251,2.2475,0.13289,711.902
6223,KB2,ARQ,Default,200,0.2,0,50,7,2.276,0.701754,702.988
6224,KB2,ARQ,Default,200,0.2,0,50,32,2.3672,0.487805,675.904
6225,KB2,ARQ,Default,200,0.2,0,50,17,2.2876,0.597015,699.423
6226,KB2,ARQ,Default,200,0.2,0,50,240,2.2028,0.137931,726.348
6227,KB2,ARQ,Default,200,0.2,0,50,12,2.2848,0.645161,700.28
6228,KB2,ARQ,Default,200,0.2,0,50,22,2.3012,0.555556,695.289
6229,KB2,ARQ,Default,200,0.2,0,50,242,2.2172,0.136986,721.631
6230,KB2,ARQ,Default,200,0.2,0,50,17,2.2912,0.597015,698.324
6231,KB2,ARQ,Default,200,0.2,0,50,253,2.2876,0.132013,699.423
6232,KB2,ARQ,Default,200,0.2,0,50,225,2.1691,0.145455,737.633
6233,KB2,ARQ,Default,200,0.2,0,50,16,2.3018,0.606061,695.108
6234,KB2,ARQ,Default,200,0.2,0,50,249,2.2269,0.133779,718.488
6235,KB2,ARQ,Default,200,0.2,0,50,13,2.2792,0.634921,702.001
6236,KB2,ARQ,Default,200,0.2,0,50,19,2.2938,0.57971,697.532
6237,KB2,ARQ,Default,200,0.2,0,50,251,2.2502,0.13289,711.048
6238,KB2,ARQ,Default,200,0.2,0,50,252,2.2362,0.13245,715.5
6239,KB2,ARQ,Default,200,0.2,0,50,252,2.2413,0.13245,713.871
6240,KB2,ARQ,Default,200,0.2,0,50,12,2.2911,0.645161,698.355
6241,KB2,ARQ,Default,200,0.2,0,50,32,2.4856,0.487805,643.708
6242,KB2,ARQ,Default,200,0.2,0,50,255,2.2686,0.131148,705.281
6243,KB2,ARQ,Default,200,0.2,0,50,20,2.3103,0.571429,692.551
6244,KB2,ARQ,Default,200,0.2,0,50,9,2.2795,0.677966,701.908
6245,KB2,ARQ,Default,200,0.2,0,50,18,2.2939,0.588235,697.502
6246,KB2,ARQ,Default,200,0.2,0,50,1,2.2869,0.784314,699.637
6247,KB2,ARQ,Default,200,0.2,0,50,29,2.4067,0.506329,664.811
6248,KB2,ARQ,Default,200,0.2,0,50,236,2.1975,0.13986,728.1
6249,KB2,ARQ,Default,200,0.2,0,50,4,2.2619,0.740741,707.37
6250,KB2,ARQ,Default,200,0.2,0,50,0,2.315,0.8,691.145
6251,KB2,ARQ,Default,200,0.2,0,50,252,2.2459,0.13245,712.409
6252,KB2,ARQ,Default,200,0.2,0,50,20,2.3026,0.571429,694.867
6253,KB2,ARQ,Default,200,0.2,0,50,246,2.3331,0.135135,685.783
6254,KB2,ARQ,Default,200,0.2,0,50,243,2.3636,0.136519,676.933
6255,KB2,ARQ,Default,200,0.2,0,50,14,2.3099,0.625,692.671
6256,KB2,ARQ,Default,200,0.2,0,50,13,2.2767,0.634921,702.772
6257,KB2,ARQ,Default,200,0.2,0,50,32,2.3897,0.487805,669.54
6258,KB2,ARQ,Default,200,0.2,0,50,18,2.3164,0.588235,690.727
6259,KB2,ARQ,Default,200,0.2,0,50,18,2.296,0.588235,696.864
6260,KB2,ARQ,Default,200,0.2,0,50,4,2.4419,0.740741,655.227
6261,KB2,ARQ,Default,200,0.2,0,50,17,2.5357,0.597015,630.989
6262,KB2,ARQ,Default,200,0.2,0,50,24,2.3441,0.540541,682.565
6263,KB2,ARQ,Default,200,0.2,0,50,244,2.2732,0.136054,703.854
6264,KB2,ARQ,Default,200,0.2,0,50,9,2.3054,0.677966,694.023
6265,KB2,ARQ,Default,200,0.2,0,50,240,2.2352,0.137931,715.82
6266,KB2,ARQ,Default,200,0.2,0,50,19,2.3001,0.57971,695.622
6267,KB2,ARQ,Default,200,0.2,0,50,0,2.4506,0.8,652.901
6268,KB2,ARQ,Default,200,0.2,0,50,0,3.0972,0.8,516.596
6269,KB2,ARQ,Default,200,0.2,0,50,7,3.3441,0.701754,478.455
6270,KB2,ARQ,Default,200,0.2,0,50,27,2.3698,0.519481,675.162
6271,KB2,ARQ,Default,200,0.2,0,50,12,2.311,0.645161,692.341
6272,KB2,ARQ,Default,200,0.2,0,50,254,2.2888,0.131579,699.056
6273,KB2,ARQ,Default,200,0.2,0,50,23,2.4014,0.547945,666.278
6274,KB2,ARQ,Default,200,0.2,0,50,25,2.4025,0.533333,665.973
6275,KB2,ARQ,Default,200,0.2,0,50,252,2.3044,0.13245,694.324
6276,KB2,ARQ,Default,200,0.2,0,50,13,2.3326,0.634921,685.93
6277,KB2,ARQ,Default,200,0.2,0,50,239,2.2896,0.138408,698.812
6278,KB2,ARQ,Default,200,0.2,0,50,9,2.3357,0.677966,685.019
6279,KB2,ARQ,Default,200,0.2,0,50,248,2.2766,0.134228,702.802
6280,KB2,ARQ,Default,200,0.2,0,50,10,2.7949,0.666667,572.471
6281,KB2,ARQ,Default,200,0.2,0,50,215,2.5513,0.150943,627.131
6282,KB2,ARQ,Default,200,0.2,0,50,240,2.3222,0.137931,689.002
6283,KB2,ARQ,Default,200,0.2,0,50,11,2.3292,0.655738,686.931
6284,KB2,ARQ,Default,200,0.2,0,50,22,2.3719,0.555556,674.565
6285,KB2,ARQ,Default,200,0.2,0,50,251,2.3006,0.13289,695.471
6286,KB2,ARQ,Default,200,0.2,0,50,239,2.2999,0.138408,695.682
6287,KB2,ARQ,Default,200,0.2,0,50,7,2.5998,0.701754,615.432
6288,KB2,ARQ,Default,200,0.2,0,50,3,2.3664,0.754717,676.133
6289,KB2,ARQ,Default,200,0.2,0,50,21,2.334,0.56338,685.518
6290,KB2,ARQ,Default,200,0.2,0,50,18,2.3269,0.588235,687.61
6291,KB2,ARQ,Default,200,0.2,0,50,9,2.3194,0.677966,689.834
6292,KB2,ARQ,Default,200,0.2,0,50,32,2.3626,0.487805,677.22
6293,KB2,ARQ,Default,200,0.2,0,50,20,2.3636,0.571429,676.933
6294,KB2,ARQ,Default,200,0.2,0,50,16,2.3088,0.606061,693.001
6295,KB2,ARQ,Default,200,0.2,0,50,23,2.35,0.547945,680.851
6296,KB2,ARQ,Default,200,0.2,0,50,16,2.325,0.606061,688.172
6297,KB2,ARQ,Default,200,0.2,0,50,32,2.3605,0.487805,677.822
6298,KB2,ARQ,Default,200,0.2,0,50,251,2.2743,0.13289,703.513
6299,KB2,ARQ,Default,200,0.2,0,50,14,2.3282,0.625,687.226
6300,KB2,ARQ,Default,200,0.2,0,50,29,2.3628,0.506329,677.163
6301,KB2,ARQ,Default,200,0.2,0,50,8,2.2983,0.689655,696.167
6302,KB2,ARQ,Default,200,0.2,0,50,246,2.2588,0.135135,708.341
6303,KB2,ARQ,Default,200,0.2,0,50,247,2.262,0.13468,707.339
6304,KB2,ARQ,Default,200,0.2,0,50,9,2.3176,0.677966,690.369
6305,KB2,ARQ,Default,200,0.2,0,50,16,2.327,0.606061,687.581
6306,KB2,ARQ,Default,200,0.2,0,50,4,2.2983,0.740741,696.167
6307,KB2,ARQ,Default,200,0.2,0,50,252,2.2783,0.13245,702.278
6308,KB2,ARQ,Default,200,0.2,0,50,3,2.3103,0.754717,692.551
6309,KB2,ARQ,Default,200,0.2,0,50,15,2.3316,0.615385,686.224
6310,KB2,ARQ,Default,200,0.2,0,50,248,2.2741,0.134228,703.575
6311,KB2,ARQ,Default,200,0.2,0,50,25,2.3524,0.533333,680.156
6312,KB2,ARQ,Default,200,0.2,0,50,29,2.3684,0.506329,675.562
6313,KB2,ARQ,Default,200,0.2,0,50,244,2.3053,0.136054,694.053
6314,KB2,ARQ,Default,200,0.2,0,50,18,2.3276,0.588235,687.403
6315,KB2,ARQ,Default,200,0.2,0,50,23,2.3446,0.547945,682.419
6316,KB2,ARQ,Default,200,0.2,0,50,250,2.2787,0.133333,702.155
6317,KB2,ARQ,Default,200,0.2,0,50,8,2.3111,0.689655,692.311
6318,KB2,ARQ,Default,200,0.2,0,50,16,2.3286,0.606061,687.108
6319,KB2,ARQ,Default,200,0.2,0,50,21,2.3924,0.56338,668.784
6320,KB2,ARQ,Default,200,0.2,0,50,32,2.3625,0.487805,677.249
6321,KB2,ARQ,Default,200,0.2,0,50,251,2.285,0.13289,700.219
6322,KB2,ARQ,Default,200,0.2,0,50,6,2.2931,0.714286,697.745
6323,KB2,ARQ,Default,200,0.2,0,50,12,2.3192,0.645161,689.893
6324,KB2,ARQ,Default,200,0.2,0,50,254,2.2858,0.131579,699.974
6325,KB2,ARQ,Default,200,0.2,0,50,235,2.3185,0.140351,690.101
6326,KB2,ARQ,Default,200,0.2,0,50,251,2.2733,0.13289,703.823
6327,KB2,ARQ,Default,200,0.2,0,50,15,2.3131,0.615385,691.712
6328,KB2,ARQ,Default,200,0.2,0,50,248,2.2678,0.134228,705.53
6329,KB2,ARQ,Default,200,0.2,0,50,20,2.3413,0.571429,683.381
6330,KB2,ARQ,Default,200,0.2,0,50,16,2.3289,0.606061,687.02
6331,KB2,ARQ,Default,200,0.2,0,50,250,2.2772,0.133333,702.617
6332,KB2,ARQ,Default,200,0.2,0,50,23,2.3436,0.547945,682.71
6333,KB2,ARQ,Default,200,0.2,0,50,252,2.2794,0.13245,701.939
6334,KB2,ARQ,Default,200,0.2,0,50,20,2.3361,0.571429,684.902
6335,KB2,ARQ,Default,200,0.2,0,50,8,2.2919,0.689655,698.111
6336,KB2,ARQ,Default,200,0.2,0,50,229,2.1723,0.143369,736.547
6337,KB2,ARQ,Default,200,0.2,0,50,20,2.3659,0.571429,676.275
6338,KB2,ARQ,Default,200,0.2,0,50,32,2.3091,0.487805,692.911
6339,KB2,ARQ,Default,200,0.2,0,50,226,2.2945,0.144928,697.32
6340,KB2,ARQ,Default,200,0.2,0,50,26,2.2989,0.526316,695.985
6341,KB2,ARQ,Default,200,0.2,0,50,3,2.2701,0.754717,704.815
6342,KB2,ARQ,Default,200,0.2,0,50,9,2.2937,0.677966,697.563
6343,KB2,ARQ,Default,200,0.2,0,50,11,2.2716,0.655738,704.349
6344,KB2,ARQ,Default,200,0.2,0,50,10,2.2712,0.666667,704.473
6345,KB2,ARQ,Default,200,0.2,0,50,254,2.609,0.131579,613.262
6346,KB2,ARQ,Default,200,0.2,0,50,4,2.3234,0.740741,688.646
6347,KB2,ARQ,Default,200,0.2,0,50,213,2.1471,0.152091,745.191
6348,KB2,ARQ,Default,200,0.2,0,50,223,2.1619,0.14652,740.09
6349,KB2,ARQ,Default,200,0.2,0,50,20,2.2903,0.571429,698.598
6350,KB2,ARQ,Default,200,0.2,0,50,8,2.3511,0.689655,680.533
6351,KB2,ARQ,Default,200,0.2,0,50,6,2.6104,0.714286,612.933
6352,KB2,ARQ,Default,200,0.2,0,50,19,2.2858,0.57971,699.974
6353,KB2,ARQ,Default,200,0.2,0,50,8,2.2572,0.689655,708.843
6354,KB2,ARQ,Default,200,0.2,0,50,14,2.3015,0.625,695.199
6355,KB2,ARQ,Default,200,0.2,0,50,13,2.3302,0.634921,686.636
6356,KB2,ARQ,Default,200,0.2,0,50,20,2.2858,0.571429,699.974
6357,KB2,ARQ,Default,200,0.2,0,50,25,2.3726,0.533333,674.366
6358,KB2,ARQ,Default,200,0.2,0,50,13,2.7186,0.634921,588.538
6359,KB2,ARQ,Default,200,0.2,0,50,20,2.2845,0.571429,700.372
6360,KB2,ARQ,Default,200,0.2,0,50,226,2.2059,0.144928,725.328
6361,KB2,ARQ,Default,200,0.2,0,50,236,2.2742,0.13986,703.544
6362,KB2,ARQ,Default,200,0.2,0,50,218,2.1962,0.149254,728.531
6363,KB2,ARQ,Default,200,0.2,0,50,5,2.25,0.727273,711.111
6364,KB2,ARQ,Default,200,0.2,0,50,1,2.4753,0.784314,646.386
6365,KB2,ARQ,Default,200,0.2,0,50,19,2.8612,0.57971,559.206
6366,KB2,ARQ,Default,200,0.2,0,50,250,2.6575,0.133333,602.07
6367,KB2,ARQ,Default,200,0.2,0,50,230,2.1958,0.142857,728.664
6368,KB2,ARQ,Default,200,0.2,0,50,11,2.3642,0.655738,676.762
6369,KB2,ARQ,Default,200,0.2,0,50,15,2.2699,0.615385,704.877
6370,KB2,ARQ,Default,200,0.2,0,50,216,2.2433,0.150376,713.235
6371,KB2,ARQ,Default,200,0.2,0,50,243,2.2045,0.136519,725.788
6372,KB2,ARQ,Default,200,0.2,0,50,17,2.2779,0.597015,702.401
6373,KB2,ARQ,Default,200,0.2,0,50,255,2.2321,0.131148,716.814
6374,KB2,ARQ,Default,200,0.2,0,50,1,2.2516,0.784314,710.606
6375,KB2,ARQ,Default,200,0.2,0,50,7,2.2964,0.701754,696.743
6376,KB2,ARQ,Default,200,0.2,0,50,253,2.2407,0.132013,714.063
6377,KB2,ARQ,Default,200,0.2,0,50,245,2.381,0.135593,671.987
6378,KB2,ARQ,Default,200,0.2,0,50,252,2.285,0.13245,700.219
6379,KB2,ARQ,Default,200,0.2,0,50,0,2.2875,0.8,699.454
6380,KB2,ARQ,Default,200,0.2,0,50,8,2.3032,0.689655,694.686
6381,KB2,ARQ,Default,200,0.2,0,50,9,2.3063,0.677966,693.752
6382,KB2,ARQ,Default,200,0.2,0,50,239,2.2558,0.138408,709.283
6383,KB2,ARQ,Default,200,0.2,0,50,251,2.2777,0.13289,702.463
6384,KB2,ARQ,Default,200,0.2,0,50,253,2.2754,0.132013,703.173
6385,KB2,ARQ,Default,200,0.2,0,50,15,2.3242,0.615385,688.409
6386,KB2,ARQ,Default,200,0.2,0,50,27,2.3486,0.519481,681.257
6387,KB2,ARQ,Default,200,0.2,0,50,22,2.3549,0.555556,679.434
6388,KB2,ARQ,Default,200,0.2,0,50,246,2.2949,0.135135,697.198
6389,KB2,ARQ,Default,200,0.2,0,50,10,2.3164,0.666667,690.727
6390,KB2,ARQ,Default,200,0.2,0,50,7,2.3076,0.701754,693.361
6391,KB2,ARQ,Default,200,0.2,0,50,17,2.3331,0.597015,685.783
6392,KB2,ARQ,Default,200,0.2,0,50,30,2.3604,0.5,677.851
6393,KB2,ARQ,Default,200,0.2,0,50,15,2.3244,0.615385,688.35
6394,KB2,ARQ,Default,200,0.2,0,50,228,2.2231,0.143885,719.716
6395,KB2,ARQ,Default,200,0.2,0,50,16,2.3261,0.606061,687.847
6396,KB2,ARQ,Default,200,0.2,0,50,15,2.3283,0.615385,687.197
6397,KB2,ARQ,Default,200,0.2,0,50,0,2.2867,0.8,699.698
6398,KB2,ARQ,Default,200,0.2,0,50,19,2.3276,0.57971,687.403
6399,KB2,ARQ,Default,200,0.2,0,50,236,2.2369,0.13986,715.276
6400,KB2,ARQ,Default,200,0.2,0,50,13,2.3289,0.634921,687.02
6401,KB2,ARQ,Default,200,0.2,0,50,253,2.2837,0.132013,700.617
6402,KB2,ARQ,Default,200,0.2,0,50,13,2.3205,0.634921,689.507
6403,KB2,ARQ,Default,200,0.2,0,50,4,2.2929,0.740741,697.806
6404,KB2,ARQ,Default,200,0.2,0,50,15,2.3934,0.615385,668.505
6405,KB2,ARQ,Default,200,0.2,0,50,1,2.303,0.784314,694.746
6406,KB2,ARQ,Default,200,0.2,0,50,2,2.3089,0.769231,692.971
6407,KB2,ARQ,Default,200,0.2,0,50,16,2.3581,0.606061,678.512
6408,KB2,ARQ,Default,200,0.2,0,50,10,2.3956,0.666667,667.891
6409,KB2,ARQ,Default,200,0.2,0,50,13,2.328,0.634921,687.285
6410,KB2,ARQ,Default,200,0.2,0,50,7,2.3027,0.701754,694.836
6411,KB2,ARQ,Default,200,0.2,0,50,26,2.3588,0.526316,678.311
6412,KB2,ARQ,Default,200,0.2,0,50,220,2.2025,0.148148,726.447
6413,KB2,ARQ,Default,200,0.2,0,50,11,2.312,0.655738,692.042
6414,KB2,ARQ,Default,200,0.2,0,50,25,2.3511,0.533333,680.533
6415,KB2,ARQ,Default,200,0.2,0,50,17,2.3238,0.597015,688.527
6416,KB2,ARQ,Default,200,0.2,0,50,20,2.364,0.571429,676.819
6417,KB2,ARQ,Default,200,0.2,0,50,247,2.2765,0.13468,702.833
6418,KB2,ARQ,Default,200,0.2,0,50,251,2.282,0.13289,701.139
6419,KB2,ARQ,Default,200,0.2,0,50,247,2.2631,0.13468,706.995
6420,KB2,ARQ,Default,200,0.2,0,50,247,2.2685,0.13468,705.312
6421,KB2,ARQ,Default,200,0.2,0,50,5,2.3049,0.727273,694.173
6422,KB2,ARQ,Default,200,0.2,0,50,15,2.3231,0.615385,688.735
6423,KB2,ARQ,Default,200,0.2,0,50,10,2.3635,0.666667,676.962
6424,KB2,ARQ,Default,200,0.2,0,50,32,2.3697,0.487805,675.191
6425,KB2,ARQ,Default,200,0.2,0,50,20,2.3558,0.571429,679.175
6426,KB2,ARQ,Default,200,0.2,0,50,32,2.3475,0.487805,681.576
6427,KB2,ARQ,Default,200,0.2,0,50,7,2.3121,0.701754,692.012
6428,KB2,ARQ,Default,200,0.2,0,50,19,2.3368,0.57971,684.697
6429,KB2,ARQ,Default,200,0.2,0,50,7,2.3485,0.701754,681.286
6430,KB2,ARQ,Default,200,0.2,0,50,5,2.3045,0.727273,694.294
6431,KB2,ARQ,Default,200,0.2,0,50,14,2.3169,0.625,690.578
6432,KB2,ARQ,Default,200,0.2,0,50,247,2.265,0.13468,706.402
6433,KB2,ARQ,Default,200,0.2,0,50,17,2.3289,0.597015,687.02
6434,KB2,ARQ,Default,200,0.2,0,50,28,2.3562,0.512821,679.06
6435,KB2,ARQ,Default,200,0.2,0,50,223,2.2146,0.14652,722.478
6436,KB2,ARQ,Default,200,0.2,0,50,237,2.254,0.139373,709.849
6437,KB2,ARQ,Default,200,0.2,0,50,0,2.2969,0.8,696.591
6438,KB2,ARQ,Default,200,0.2,0,50,244,2.2571,0.136054,708.874
6439,KB2,ARQ,Default,200,0.2,0,50,6,2.2956,0.714286,696.986
6440,KB2,ARQ,Default,200,0.2,0,50,22,2.341,0.555556,683.469
6441,KB2,ARQ,Default,200,0.2,0,50,1,2.2924,0.784314,697.958
6442,KB2,ARQ,Default,200,0.2,0,50,11,2.416,0.655738,662.252
6443,KB2,ARQ,Default,200,0.2,0,50,23,2.3412,0.547945,683.41
6444,KB2,ARQ,Default,200,0.2,0,50,253,2.2827,0.132013,700.924
6445,KB2,ARQ,Default,200,0.2,0,50,9,2.3061,0.677966,693.812
6446,KB2,ARQ,Default,200,0.2,0,50,5,2.2939,0.727273,697.502
6447,KB2,ARQ,Default,200,0.2,0,50,17,2.3288,0.597015,687.049
6448,KB2,ARQ,Default,200,0.2,0,50,249,2.3602,0.133779,677.909
6449,KB2,ARQ,Default,200,0.2,0,50,20,2.3454,0.571429,682.186
6450,KB2,ARQ,Default,200,0.2,0,50,0,2.2873,0.8,699.515
6451,KB2,ARQ,Default,200,0.2,0,50,228,2.2208,0.143885,720.461
6452,KB2,ARQ,Default,200,0.2,0,50,4,2.299,0.740741,695.955
6453,KB2,ARQ,Default,200,0.2,0,50,3,2.2989,0.754717,695.985
6454,KB2,ARQ,Default,200,0.2,0,50,15,2.3282,0.615385,687.226
6455,KB2,ARQ,Default,200,0.2,0,50,22,2.4069,0.555556,664.755
6456,KB2,ARQ,Default,200,0.2,0,50,8,2.3023,0.689655,694.957
6457,KB2,ARQ,Default,200,0.2,0,50,242,2.261,0.136986,707.651
6458,KB2,ARQ,Default,200,0.2,0,50,239,2.3684,0.138408,675.562
6459,KB2,ARQ,Default,200,0.2,0,50,26,2.3507,0.526316,680.648
6460,KB2,ARQ,Default,200,0.2,0,50,24,2.3581,0.540541,678.512
6461,KB2,ARQ,Default,200,0.2,0,50,19,2.4869,0.57971,643.371
6462,KB2,ARQ,Default,200,0.2,0,50,253,2.5276,0.132013,633.012
6463,KB2,ARQ,Default,200,0.2,0,50,22,2.3253,0.555556,688.083
6464,KB2,ARQ,Default,200,0.2,0,50,30,2.3102,0.5,692.581
6465,KB2,ARQ,Default,200,0.2,0,50,5,2.2456,0.727273,712.504
6466,KB2,ARQ,Default,200,0.2,0,50,0,2.2809,0.8,701.477
6467,KB2,ARQ,Default,200,0.2,0,50,239,2.1967,0.138408,728.365
6468,KB2,ARQ,Default,200,0.2,0,50,11,2.309,0.655738,692.941
6469,KB2,ARQ,Default,200,0.2,0,50,2,2.234,0.769231,716.204
6470,KB2,ARQ,Default,200,0.2,0,50,18,2.2727,0.588235,704.008
6471,KB2,ARQ,Default,200,0.2,0,50,6,2.2575,0.714286,708.749
6472,KB2,ARQ,Default,200,0.2,0,50,16,2.2707,0.606061,704.629
6473,KB2,ARQ,Default,200,0.2,0,50,10,2.298,0.666667,696.258
6474,KB2,ARQ,Default,200,0.2,0,50,1,2.3066,0.784314,693.662
6475,KB2,ARQ,Default,200,0.2,0,50,232,2.2026,0.141844,726.414
6476,KB2,ARQ,Default,200,0.2,0,50,247,2.2503,0.13468,711.016
6477,KB2,ARQ,Default,200,0.2,0,50,243,2.2079,0.136519,724.671
6478,KB2,ARQ,Default,200,0.2,0,50,26,2.2967,0.526316,696.652
6479,KB2,ARQ,Default,200,0.2,0,50,29,2.3145,0.506329,691.294
6480,KB2,ARQ,Default,200,0.2,0,50,18,2.2831,0.588235,700.802
6481,KB2,ARQ,Default,200,0.2,0,50,229,2.2419,0.143369,713.68
6482,KB2,ARQ,Default,200,0.2,0,50,4,2.2494,0.740741,711.301
6483,KB2,ARQ,Default,200,0.2,0,50,31,2.3527,0.493827,680.07
6484,KB2,ARQ,Default,200,0.2,0,50,0,2.2365,0.8,715.404
6485,KB2,ARQ,Default,200,0.2,0,50,235,2.1911,0.140351,730.227
6486,KB2,ARQ,Default,200,0.2,0,50,21,2.2795,0.56338,701.908
6487,KB2,ARQ,Default,200,0.2,0,50,1,2.2323,0.784314,716.75
6488,KB2,ARQ,Default,200,0.2,0,50,1,2.3726,0.784314,674.366
6489,KB2,ARQ,Default,200,0.2,0,50,12,2.2624,0.645161,707.214
6490,KB2,ARQ,Default,200,0.2,0,50,17,2.2729,0.597015,703.947
6491,KB2,ARQ,Default,200,0.2,0,50,17,2.3144,0.597015,691.324
6492,KB2,ARQ,Default,200,0.2,0,50,250,2.2225,0.133333,719.91
6493,KB2,ARQ,Default,200,0.2,0,50,10,2.2779,0.666667,702.401
6494,KB2,ARQ,Default,200,0.2,0,50,5,2.3131,0.727273,691.712
6495,KB2,ARQ,Default,200,0.2,0,50,16,2.2758,0.606061,703.049
6496,KB2,ARQ,Default,200,0.2,0,50,24,2.2968,0.540541,696.621
6497,KB2,ARQ,Default,200,0.2,0,50,10,2.259,0.666667,708.278
6498,KB2,ARQ,Default,200,0.2,0,50,5,2.2431,0.727273,713.299
6499,KB2,ARQ,Default,200,0.2,0,50,4,2.2896,0.740741,698.812
6500,KB2,ARQ,Default,200,0.2,0,50,229,2.5372,0.143369,630.616
6501,KB2,ARQ,Default,200,0.2,0,50,23,2.9294,0.547945,546.187
6502,KB2,ARQ,Default,200,0.2,0,50,244,2.7946,0.136054,572.533
6503,KB2,ARQ,Default,200,0.2,0,50,10,2.2758,0.666667,703.049
6504,KB2,ARQ,Default,200,0.2,0,50,24,2.2978,0.540541,696.318
6505,KB2,ARQ,Default,200,0.2,0,50,2,2.244,0.769231,713.012
6506,KB2,ARQ,Default,200,0.2,0,50,28,2.4972,0.512821,640.718
6507,KB2,ARQ,Default,200,0.2,0,50,249,2.2143,0.133779,722.576
6508,KB2,ARQ,Default,200,0.2,0,50,17,2.3248,0.597015,688.231
6509,KB2,ARQ,Default,200,0.2,0,50,255,2.2391,0.131148,714.573
6510,KB2,ARQ,Default,200,0.2,0,50,12,2.2617,0.645161,707.432
6511,KB2,ARQ,Default,200,0.2,0,50,21,2.4512,0.56338,652.742
6512,KB2,ARQ,Default,200,0.2,0,50,29,2.3592,0.506329,678.196
6513,KB2,ARQ,Default,200,0.2,0,50,252,2.2912,0.13245,698.324
6514,KB2,ARQ,Default,200,0.2,0,50,12,2.2792,0.645161,702.001
6515,KB2,ARQ,Default,200,0.2,0,50,29,2.3586,0.506329,678.369
6516,KB2,ARQ,Default,200,0.2,0,50,243,2.5594,0.136519,625.147
6517,KB2,ARQ,Default,200,0.2,0,50,27,2.3132,0.519481,691.683
6518,KB2,ARQ,Default,200,0.2,0,50,248,2.2558,0.134228,709.283
6519,KB2,ARQ,Default,200,0.2,0,50,11,2.3676,0.655738,675.79
6520,KB2,ARQ,Default,200,0.2,0,50,20,2.2892,0.571429,698.934
6521,KB2,ARQ,Default,200,0.2,0,50,244,2.2095,0.136054,724.146
6522,KB2,ARQ,Default,200,0.2,0,50,3,2.2482,0.754717,711.68
6523,KB2,ARQ,Default,200,0.2,0,50,26,2.2923,0.526316,697.989
6524,KB2,ARQ,Default,200,0.2,0,50,252,2.2254,0.13245,718.972
6525,KB2,ARQ,Default,200,0.2,0,50,16,2.3358,0.606061,684.99
6526,KB2,ARQ,Default,200,0.2,0,50,21,2.2885,0.56338,699.148
6527,KB2,ARQ,Default,200,0.2,0,50,240,2.2019,0.137931,726.645
6528,KB2,ARQ,Default,200,0.2,0,50,32,2.3058,0.487805,693.902
6529,KB2,ARQ,Default,200,0.2,0,50,32,2.3492,0.487805,681.083
6530,KB2,ARQ,Default,200,0.2,0,50,237,2.1998,0.139373,727.339
6531,KB2,ARQ,Default,200,0.2,0,50,241,2.2085,0.137457,724.474
6532,KB2,ARQ,Default,200,0.2,0,50,12,2.3022,0.645161,694.987
6533,KB2,ARQ,Default,200,0.2,0,50,9,2.2607,0.677966,707.745
6534,KB2,ARQ,Default,200,0.2,0,50,29,2.3103,0.506329,692.551
6535,KB2,ARQ,Default,200,0.2,0,50,6,2.2519,0.714286,710.511
6536,KB2,ARQ,Default,200,0.2,0,50,21,2.2821,0.56338,701.109
6537,KB2,ARQ,Default,200,0.2,0,50,23,2.2919,0.547945,698.111
6538,KB2,ARQ,Default,200,0.2,0,50,10,2.328,0.666667,687.285
6539,KB2,ARQ,Default,200,0.2,0,50,8,2.2403,0.689655,714.19
6540,KB2,ARQ,Default,200,0.2,0,50,247,2.2506,0.13468,710.922
6541,KB2,ARQ,Default,200,0.2,0,50,1,2.2428,0.784314,713.394
6542,KB2,ARQ,Default,200,0.2,0,50,252,2.2426,0.13245,713.458
6543,KB2,ARQ,Default,200,0.2,0,50,3,2.2969,0.754717,696.591
6544,KB2,ARQ,Default,200,0.2,0,50,255,2.2815,0.131148,701.293
6545,KB2,ARQ,Default,200,0.2,0,50,13,2.591,0.634921,617.522
6546,KB2,ARQ,Default,200,0.2,0,50,23,2.3484,0.547945,681.315
6547,KB2,ARQ,Default,200,0.2,0,50,232,2.2302,0.141844,717.424
6548,KB2,ARQ,Default,200,0.2,0,50,7,2.3012,0.701754,695.289
6549,KB2,ARQ,Default,200,0.2,0,50,235,2.2332,0.140351,716.461
6550,KB2,ARQ,Default,200,0.2,0,50,11,2.31,0.655738,692.641
6551,KB2,ARQ,Default,200,0.2,0,50,10,2.4139,0.666667,662.828
6552,KB2,ARQ,Default,200,0.2,0,50,30,2.362,0.5,677.392
6553,KB2,ARQ,Default,200,0.2,0,50,248,2.2732,0.134228,703.854
6554,KB2,ARQ,Default,200,0.2,0,50,240,2.2579,0.137931,708.623
6555,KB2,ARQ,Default,200,0.2,0,50,6,2.3052,0.714286,694.083
6556,KB2,ARQ,Default,200,0.2,0,50,29,2.3668,0.506329,676.018
6557,KB2,ARQ,Default,200,0.2,0,50,7,2.343,0.701754,682.885
6558,KB2,ARQ,Default,200,0.2,0,50,18,2.3336,0.588235,685.636
6559,KB2,ARQ,Default,200,0.2,0,50,14,2.3301,0.625,686.666
6560,KB2,ARQ,Default,200,0.2,0,50,27,2.3616,0.519481,677.507
6561,KB2,ARQ,Default,200,0.2,0,50,8,2.3112,0.689655,692.281
6562,KB2,ARQ,Default,200,0.2,0,50,229,2.2234,0.143369,719.619
6563,KB2,ARQ,Default,200,0.2,0,50,13,2.3064,0.634921,693.722
6564,KB2,ARQ,Default,200,0.2,0,50,247,2.3108,0.13468,692.401
6565,KB2,ARQ,Default,200,0.2,0,50,255,2.2698,0.131148,704.908
6566,KB2,ARQ,Default,200,0.2,0,50,227,2.227,0.144404,718.455
6567,KB2,ARQ,Default,200,0.2,0,50,228,2.2127,0.143885,723.098
6568,KB2,ARQ,Default,200,0.2,0,50,12,2.313,0.645161,691.742
6569,KB2,ARQ,Default,200,0.2,0,50,251,2.2779,0.13289,702.401
6570,KB2,ARQ,Default,200,0.2,0,50,248,2.3061,0.134228,693.812
6571,KB2,ARQ,Default,200,0.2,0,50,32,2.3637,0.487805,676.905
6572,KB2,ARQ,Default,200,0.2,0,50,248,2.2654,0.134228,706.277
6573,KB2,ARQ,Default,200,0.2,0,50,12,2.3315,0.645161,686.253
6574,KB2,ARQ,Default,200,0.2,0,50,255,2.2816,0.131148,701.262
6575,KB2,ARQ,Default,200,0.2,0,50,16,2.3278,0.606061,687.344
6576,KB2,ARQ,Default,200,0.2,0,50,14,2.3204,0.625,689.536
6577,KB2,ARQ,Default,200,0.2,0,50,249,2.2776,0.133779,702.494
6578,KB2,ARQ,Default,200,0.2,0,50,7,2.3079,0.701754,693.271
6579,KB2,ARQ,Default,200,0.2,0,50,11,2.3192,0.655738,689.893
6580,KB2,ARQ,Default,200,0.2,0,50,248,2.2854,0.134228,700.096
6581,KB2,ARQ,Default,200,0.2,0,50,24,2.3466,0.540541,681.838
6582,KB2,ARQ,Default,200,0.2,0,50,28,2.3571,0.512821,678.8
6583,KB2,ARQ,Default,200,0.2,0,50,21,2.3418,0.56338,683.235
6584,KB2,ARQ,Default,200,0.2,0,50,9,2.3341,0.677966,685.489
6585,KB2,ARQ,Default,200,0.2,0,50,20,2.2865,0.571429,699.759
6586,KB2,ARQ,Default,200,0.2,0,50,13,2.2761,0.634921,702.957
6587,KB2,ARQ,Default,200,0.2,0,50,9,2.2631,0.677966,706.995
6588,KB2,ARQ,Default,200,0.2,0,50,15,2.2543,0.615385,709.755
6589,KB2,ARQ,Default,200,0.2,0,50,16,2.2623,0.606061,707.245
6590,KB2,ARQ,Default,200,0.2,0,50,253,2.3831,0.132013,671.394
6591,KB2,ARQ,Default,200,0.2,0,50,239,2.2326,0.138408,716.653
6592,KB2,ARQ,Default,200,0.2,0,50,5,2.2584,0.727273,708.466
6593,KB2,ARQ,Default,200,0.2,0,50,238,2.1948,0.138889,728.996
6594,KB2,ARQ,Default,200,0.2,0,50,253,2.23,0.132013,717.489
6595,KB2,ARQ,Default,200,0.2,0,50,251,2.233,0.13289,716.525
6596,KB2,ARQ,Default,200,0.2,0,50,221,2.1452,0.147601,745.851
6597,KB2,ARQ,Default,200,0.2,0,50,12,2.3285,0.645161,687.138
6598,KB2,ARQ,Default,200,0.2,0,50,13,2.2742,0.634921,703.544
6599,KB2,ARQ,Default,200,0.2,0,50,252,2.3844,0.13245,671.028
6600,KB2,ARQ,Default,200,0.2,0,50,23,2.2899,0.547945,698.72
6601,KB2,ARQ,Default,200,0.2,0,50,223,2.1582,0.14652,741.359
6602,KB2,ARQ,Default,200,0.2,0,50,27,2.2972,0.519481,696.5
6603,KB2,ARQ,Default,200,0.2,0,50,6,2.2435,0.714286,713.171
6604,KB2,ARQ,Default,200,0.2,0,50,19,2.3154,0.57971,691.025
6605,KB2,ARQ,Default,200,0.2,0,50,20,2.2815,0.571429,701.293
6606,KB2,ARQ,Default,200,0.2,0,50,22,2.278,0.555556,702.371
6607,KB2,ARQ,Default,200,0.2,0,50,18,2.2812,0.588235,701.385
6608,KB2,ARQ,Default,200,0.2,0,50,235,2.2162,0.140351,721.957
6609,KB2,ARQ,Default,200,0.2,0,50,4,2.2469,0.740741,712.092
6610,KB2,ARQ,Default,200,0.2,0,50,23,2.6705,0.547945,599.139
6611,KB2,ARQ,Default,200,0.2,0,50,30,2.412,0.5,663.35
6612,KB2,ARQ,Default,200,0.2,0,50,248,2.2934,0.134228,697.654
6613,KB2,ARQ,Default,200,0.2,0,50,11,2.2442,0.655738,712.949
6614,KB2,ARQ,Default,200,0.2,0,50,18,2.2794,0.588235,701.939
6615,KB2,ARQ,Default,200,0.2,0,50,17,2.28,0.597015,701.754
6616,KB2,ARQ,Default,200,0.2,0,50,252,2.4274,0.13245,659.141
6617,KB2,ARQ,Default,200,0.2,0,50,25,2.4759,0.533333,646.23
6618,KB2,ARQ,Default,200,0.2,0,50,12,2.2678,0.645161,705.53
6619,KB2,ARQ,Default,200,0.2,0,50,28,2.2949,0.512821,697.198
6620,KB2,ARQ,Default,200,0.2,0,50,6,2.2541,0.714286,709.818
6621,KB2,ARQ,Default,200,0.2,0,50,17,2.275,0.597015,703.297
6622,KB2,ARQ,Default,200,0.2,0,50,242,2.3381,0.136986,684.316
6623,KB2,ARQ,Default,200,0.2,0,50,20,2.2966,0.571429,696.682
6624,KB2,ARQ,Default,200,0.2,0,50,254,2.2677,0.131579,705.561
6625,KB2,ARQ,Default,200,0.2,0,50,17,2.2808,0.597015,701.508
6626,KB2,ARQ,Default,200,0.2,0,50,6,2.3062,0.714286,693.782
6627,KB2,ARQ,Default,200,0.2,0,50,244,2.2686,0.136054,705.281
6628,KB2,ARQ,Default,200,0.2,0,50,248,2.2754,0.134228,703.173
6629,KB2,ARQ,Default,200,0.2,0,50,29,2.3964,0.506329,667.668
6630,KB2,ARQ,Default,200,0.2,0,50,19,2.3403,0.57971,683.673
6631,KB2,ARQ,Default,200,0.2,0,50,22,2.3432,0.555556,682.827
6632,KB2,ARQ,Default,200,0.2,0,50,17,2.3301,0.597015,686.666
6633,KB2,ARQ,Default,200,0.2,0,50,19,2.339,0.57971,684.053
6634,KB2,ARQ,Default,200,0.2,0,50,240,2.2477,0.137931,711.839
6635,KB2,ARQ,Default,200,0.2,0,50,24,2.4015,0.540541,666.25
6636,KB2,ARQ,Default,200,0.2,0,50,31,2.3771,0.493827,673.089
6637,KB2,ARQ,Default,200,0.2,0,50,252,2.2937,0.13245,697.563
6638,KB2,ARQ,Default,200,0.2,0,50,13,2.3086,0.634921,693.061
6639,KB2,ARQ,Default,200,0.2,0,50,2,2.3004,0.769231,695.531
6640,KB2,ARQ,Default,200,0.2,0,50,21,2.3526,0.56338,680.099
6641,KB2,ARQ,Default,200,0.2,0,50,235,2.2527,0.140351,710.259
6642,KB2,ARQ,Default,200,0.2,0,50,19,2.3489,0.57971,681.17
6643,KB2,ARQ,Default,200,0.2,0,50,10,2.3195,0.666667,689.804
6644,KB2,ARQ,Default,200,0.2,0,50,11,2.3174,0.655738,690.429
6645,KB2,ARQ,Default,200,0.2,0,50,251,2.2791,0.13289,702.032
6646,KB2,ARQ,Default,200,0.2,0,50,17,2.3369,0.597015,684.668
6647,KB2,ARQ,Default,200,0.2,0,50,13,2.3245,0.634921,688.32
6648,KB2,ARQ,Default,200,0.2,0,50,1,2.2952,0.784314,697.107
6649,KB2,ARQ,Default,200,0.2,0,50,5,2.296,0.727273,696.864
6650,KB2,ARQ,Default,200,0.2,0,50,248,2.2708,0.134228,704.597
6651,KB2,ARQ,Default,200,0.2,0,50,253,2.2798,0.132013,701.816
6652,KB2,ARQ,Default,200,0.2,0,50,11,2.321,0.655738,689.358
6653,KB2,ARQ,Default,200,0.2,0,50,246,2.2613,0.135135,707.558
6654,KB2,ARQ,Default,200,0.2,0,50,254,2.289,0.131579,698.995
6655,KB2,ARQ,Default,200,0.2,0,50,0,2.3481,0.8,681.402
6656,KB2,ARQ,Default,200,0.2,0,50,14,2.3229,0.625,688.794
6657,KB2,ARQ,Default,200,0.2,0,50,17,2.3254,0.597015,688.054
6658,KB2,ARQ,Default,200,0.2,0,50,27,2.3673,0.519481,675.875
6659,KB2,ARQ,Default,200,0.2,0,50,7,2.2983,0.701754,696.167
6660,KB2,ARQ,Default,200,0.2,0,50,5,2.2995,0.727273,695.803
6661,KB2,ARQ,Default,200,0.2,0,50,7,2.3593,0.701754,678.167
6662,KB2,ARQ,Default,200,0.2,0,50,7,2.3322,0.701754,686.048
6663,KB2,ARQ,Default,200,0.2,0,50,7,2.2917,0.701754,698.172
6664,KB2,ARQ,Default,200,0.2,0,50,254,2.2864,0.131579,699.79
6665,KB2,ARQ,Default,200,0.2,0,50,248,2.263,0.134228,707.026
6666,KB2,ARQ,Default,200,0.2,0,50,18,2.3374,0.588235,684.521
6667,KB2,ARQ,Default,200,0.2,0,50,6,2.3391,0.714286,684.024
6668,KB2,ARQ,Default,200,0.2,0,50,32,2.3116,0.487805,692.161
6669,KB2,ARQ,Default,200,0.2,0,50,235,2.1833,0.140351,732.836
6670,KB2,ARQ,Default,200,0.2,0,50,24,2.3004,0.540541,695.531
6671,KB2,ARQ,Default,200,0.2,0,50,1,2.2308,0.784314,717.231
6672,KB2,ARQ,Default,200,0.2,0,50,255,2.2324,0.131148,716.717
6673,KB2,ARQ,Default,200,0.2,0,50,250,2.2182,0.133333,721.306
6674,KB2,ARQ,Default,200,0.2,0,50,223,2.3692,0.14652,675.333
6675,KB2,ARQ,Default,200,0.2,0,50,254,2.2334,0.131579,716.397
6676,KB2,ARQ,Default,200,0.2,0,50,1,2.3086,0.784314,693.061
6677,KB2,ARQ,Default,200,0.2,0,50,236,2.1896,0.13986,730.727
6678,KB2,ARQ,Default,200,0.2,0,50,21,2.2862,0.56338,699.851
6679,KB2,ARQ,Default,200,0.2,0,50,25,2.2946,0.533333,697.289
6680,KB2,ARQ,Default,200,0.2,0,50,246,2.2083,0.135135,724.539
6681,KB2,ARQ,Default,200,0.2,0,50,10,2.3837,0.666667,671.225
6682,KB2,ARQ,Default,200,0.2,0,50,24,2.2897,0.540541,698.781
6683,KB2,ARQ,Default,200,0.2,0,50,247,2.2972,0.13468,696.5
6684,KB2,ARQ,Default,200,0.2,0,50,246,2.211,0.135135,723.654
6685,KB2,ARQ,Default,200,0.2,0,50,13,2.2507,0.634921,710.89
6686,KB2,ARQ,Default,200,0.2,0,50,8,2.2469,0.689655,712.092
6687,KB2,ARQ,Default,200,0.2,0,50,241,2.2071,0.137457,724.933
6688,KB2,ARQ,Default,200,0.2,0,50,13,2.692,0.634921,594.354
6689,KB2,ARQ,Default,200,0.2,0,50,248,2.207,0.134228,724.966
6690,KB2,ARQ,Default,200,0.2,0,50,23,2.2946,0.547945,697.289
6691,KB2,ARQ,Default,200,0.2,0,50,210,2.1572,0.153846,741.702
6692,KB2,ARQ,Default,200,0.2,0,50,8,2.2533,0.689655,710.07
6693,KB2,ARQ,Default,200,0.2,0,50,13,2.2698,0.634921,704.908
6694,KB2,ARQ,Default,200,0.2,0,50,1,2.2756,0.784314,703.111
6695,KB2,ARQ,Default,200,0.2,0,50,2,2.2392,0.769231,714.541
6696,KB2,ARQ,Default,200,0.2,0,50,11,2.2631,0.655738,706.995
6697,KB2,ARQ,Default,200,0.2,0,50,252,2.2273,0.13245,718.359
6698,KB2,ARQ,Default,200,0.2,0,50,18,2.279,0.588235,702.062
6699,KB2,ARQ,Default,200,0.2,0,50,242,2.3828,0.136986,671.479
6700,KB2,ARQ,Default,200,0.2,0,50,20,2.2908,0.571429,698.446
6701,KB2,ARQ,Default,200,0.2,0,50,252,2.3193,0.13245,689.863
6702,KB2,ARQ,Default,200,0.2,0,50,24,2.2892,0.540541,698.934
6703,KB2,ARQ,Default,200,0.2,0,50,13,2.2662,0.634921,706.028
6704,KB2,ARQ,Default,200,0.2,0,50,0,2.2597,0.8,708.059
6705,KB2,ARQ,Default,200,0.2,0,50,4,2.2489,0.740741,711.459
6706,KB2,ARQ,Default,200,0.2,0,50,17,2.2778,0.597015,702.432
6707,KB2,ARQ,Default,200,0.2,0,50,18,2.5883,0.588235,618.166
6708,KB2,ARQ,Default,200,0.2,0,50,32,2.5613,0.487805,624.683
6709,KB2,ARQ,Default,200,0.2,0,50,242,2.2122,0.136986,723.262
6710,KB2,ARQ,Default,200,0.2,0,50,6,2.2643,0.714286,706.62
6711,KB2,ARQ,Default,200,0.2,0,50,243,2.4337,0.136519,657.435
6712,KB2,ARQ,Default,200,0.2,0,50,12,2.2618,0.645161,707.401
6713,KB2,ARQ,Default,200,0.2,0,50,24,2.5919,0.540541,617.308
6714,KB2,ARQ,Default,200,0.2,0,50,255,2.2399,0.131148,714.318
6715,KB2,ARQ,Default,200,0.2,0,50,3,2.2425,0.754717,713.489
6716,KB2,ARQ,Default,200,0.2,0,50,16,2.3503,0.606061,680.764
6717,KB2,ARQ,Default,200,0.2,0,50,252,2.2403,0.13245,714.19
6718,KB2,ARQ,Default,200,0.2,0,50,8,2.2445,0.689655,712.854
6719,KB2,ARQ,Default,200,0.2,0,50,17,2.3371,0.597015,684.609
6720,KB2,ARQ,Default,200,0.2,0,50,4,2.3476,0.740741,681.547
6721,KB2,ARQ,Default,200,0.2,0,50,252,2.2283,0.13245,718.036
6722,KB2,ARQ,Default,200,0.2,0,50,14,2.2693,0.625,705.063
6723,KB2,ARQ,Default,200,0.2,0,50,236,2.1866,0.13986,731.73
6724,KB2,ARQ,Default,200,0.2,0,50,235,2.1857,0.140351,732.031
6725,KB2,ARQ,Default,200,0.2,0,50,28,2.3278,0.512821,687.344
6726,KB2,ARQ,Default,200,0.2,0,50,241,2.3103,0.137457,692.551
6727,KB2,ARQ,Default,200,0.2,0,50,13,2.2674,0.634921,705.654
6728,KB2,ARQ,Default,200,0.2,0,50,14,2.2715,0.625,704.38
6729,KB2,ARQ,Default,200,0.2,0,50,251,2.2266,0.13289,718.584
6730,KB2,ARQ,Default,200,0.2,0,50,3,2.2388,0.754717,714.669
6731,KB2,ARQ,Default,200,0.2,0,50,31,2.3051,0.493827,694.113
6732,KB2,ARQ,Default,200,0.2,0,50,255,2.2949,0.131148,697.198
6733,KB2,ARQ,Default,200,0.2,0,50,31,2.3517,0.493827,680.359
6734,KB2,ARQ,Default,200,0.2,0,50,10,2.2588,0.666667,708.341
6735,KB2,ARQ,Default,200,0.2,0,50,26,2.2994,0.526316,695.834
6736,KB2,ARQ,Default,200,0.2,0,50,249,2.2274,0.133779,718.326
6737,KB2,ARQ,Default,200,0.2,0,50,254,2.2317,0.131579,716.942
6738,KB2,ARQ,Default,200,0.2,0,50,21,2.2801,0.56338,701.724
6739,KB2,ARQ,Default,200,0.2,0,50,254,2.2958,0.131579,696.925
6740,KB2,ARQ,Default,200,0.2,0,50,255,2.2313,0.131148,717.071
6741,KB2,ARQ,Default,200,0.2,0,50,17,2.3165,0.597015,690.697
6742,KB2,ARQ,Default,200,0.2,0,50,6,2.244,0.714286,713.012
6743,KB2,ARQ,Default,200,0.2,0,50,233,2.1823,0.141343,733.171
6744,KB2,ARQ,Default,200,0.2,0,50,246,2.3556,0.135135,679.232
6745,KB2,ARQ,Default,200,0.2,0,50,3,2.2424,0.754717,713.521
6746,KB2,ARQ,Default,200,0.2,0,50,248,2.327,0.134228,687.581
6747,KB2,ARQ,Default,200,0.2,0,50,243,2.2096,0.136519,724.113
6748,KB2,ARQ,Default,200,0.2,0,50,15,2.2738,0.615385,703.668
6749,KB2,ARQ,Default,200,0.2,0,50,12,2.2622,0.645161,707.276
6750,KB2,ARQ,Default,200,0.2,0,50,7,2.2794,0.701754,701.939
6751,KB2,ARQ,Default,200,0.2,0,50,7,2.2369,0.701754,715.276
6752,KB2,ARQ,Default,200,0.2,0,50,0,2.3092,0.8,692.881
6753,KB2,ARQ,Default,200,0.2,0,50,12,2.2617,0.645161,707.432
6754,KB2,ARQ,Default,200,0.2,0,50,234,2.385,0.140845,670.86
6755,KB2,ARQ,Default,200,0.2,0,50,7,2.255,0.701754,709.534
6756,KB2,ARQ,Default,200,0.2,0,50,252,2.2126,0.13245,723.131
6757,KB2,ARQ,Default,200,0.2,0,50,203,2.1068,0.158103,759.446
6758,KB2,ARQ,Default,200,0.2,0,50,32,2.3518,0.487805,680.33
6759,KB2,ARQ,Default,200,0.2,0,50,249,2.2599,0.133779,707.996
6760,KB2,ARQ,Default,200,0.2,0,50,32,2.3493,0.487805,681.054
6761,KB2,ARQ,Default,200,0.2,0,50,224,2.146,0.145985,745.573
6762,KB2,ARQ,Default,200,0.2,0,50,17,2.2718,0.597015,704.287
6763,KB2,ARQ,Default,200,0.2,0,50,236,2.1841,0.13986,732.567
6764,KB2,ARQ,Default,200,0.2,0,50,242,2.2033,0.136986,726.183
6765,KB2,ARQ,Default,200,0.2,0,50,24,2.2868,0.540541,699.668
6766,KB2,ARQ,Default,200,0.2,0,50,32,2.5066,0.487805,638.315
6767,KB2,ARQ,Default,200,0.2,0,50,244,2.1993,0.136054,727.504
6768,KB2,ARQ,Default,200,0.2,0,50,4,2.246,0.740741,712.378
6769,KB2,ARQ,Default,200,0.2,0,50,31,2.3079,0.493827,693.271
6770,KB2,ARQ,Default,200,0.2,0,50,8,2.2484,0.689655,711.617
6771,KB2,ARQ,Default,200,0.2,0,50,30,2.3211,0.5,689.328
6772,KB2,ARQ,Default,200,0.2,0,50,18,2.3743,0.588235,673.883
6773,KB2,ARQ,Default,200,0.2,0,50,27,2.3026,0.519481,694.867
6774,KB2,ARQ,Default,200,0.2,0,50,6,2.2886,0.714286,699.117
6775,KB2,ARQ,Default,200,0.2,0,50,32,2.354,0.487805,679.694
6776,KB2,ARQ,Default,200,0.2,0,50,21,2.2769,0.56338,702.71
6777,KB2,ARQ,Default,200,0.2,0,50,243,2.2346,0.136519,716.012
6778,KB2,ARQ,Default,200,0.2,0,50,243,2.2046,0.136519,725.755
6779,KB2,ARQ,Default,200,0.2,0,50,3,2.3934,0.754717,668.505
6780,KB2,ARQ,Default,200,0.2,0,50,252,2.2304,0.13245,717.36
6781,KB2,ARQ,Default,200,0.2,0,50,248,2.2236,0.134228,719.554
6782,KB2,ARQ,Default,200,0.2,0,50,252,2.269,0.13245,705.156
6783,KB2,ARQ,Default,200,0.2,0,50,240,2.1978,0.137931,728.001
6784,KB2,ARQ,Default,200,0.2,0,50,26,2.3388,0.526316,684.112
6785,KB2,ARQ,Default,200,0.2,0,50,10,2.3199,0.666667,689.685
6786,KB2,ARQ,Default,200,0.2,0,50,14,2.3523,0.625,680.185
6787,KB2,ARQ,Default,200,0.2,0,50,247,2.2096,0.13468,724.113
6788,KB2,ARQ,Default,200,0.2,0,50,22,2.2935,0.555556,697.624
6789,KB2,ARQ,Default,200,0.2,0,50,6,2.2378,0.714286,714.988
6790,KB2,ARQ,Default,200,0.2,0,50,13,2.2718,0.634921,704.287
6791,KB2,ARQ,Default,200,0.2,0,50,6,2.2495,0.714286,711.269
6792,KB2,ARQ,Default,200,0.2,0,50,1,2.3408,0.784314,683.527
6793,KB2,ARQ,Default,200,0.2,0,50,7,2.2552,0.701754,709.471
6794,KB2,ARQ,Default,200,0.2,0,50,254,2.2213,0.131579,720.299
6795,KB2,ARQ,Default,200,0.2,0,50,0,2.2319,0.8,716.878
6796,KB2,ARQ,Default,200,0.2,0,50,251,2.2314,0.13289,717.039
6797,KB2,ARQ,Default,200,0.2,0,50,32,2.3988,0.487805,667
6798,KB2,ARQ,Default,200,0.2,0,50,252,2.6296,0.13245,608.458
6799,KB2,ARQ,Default,200,0.2,0,50,245,2.1996,0.135593,727.405
6800,KB2,ARQ,Default,200,0.2,0,50,240,2.3152,0.137931,691.085
6801,KB2,ARQ,Default,200,0.2,0,50,19,2.2909,0.57971,698.415
6802,KB2,ARQ,Default,200,0.2,0,50,9,2.2552,0.677966,709.471
6803,KB2,ARQ,Default,200,0.2,0,50,13,2.2771,0.634921,702.648
6804,KB2,ARQ,Default,200,0.2,0,50,248,2.2133,0.134228,722.902
6805,KB2,ARQ,Default,200,0.2,0,50,15,2.3269,0.615385,687.61
6806,KB2,ARQ,Default,200,0.2,0,50,28,2.2973,0.512821,696.47
6807,KB2,ARQ,Default,200,0.2,0,50,8,2.2527,0.689655,710.259
6808,KB2,ARQ,Default,200,0.2,0,50,10,2.2504,0.666667,710.985
6809,KB2,ARQ,Default,200,0.2,0,50,254,2.3079,0.131579,693.271
6810,KB2,ARQ,Default,200,0.2,0,50,12,2.2699,0.645161,704.877
6811,KB2,ARQ,Default,200,0.2,0,50,233,2.179,0.141343,734.282
6812,KB2,ARQ,Default,200,0.2,0,50,220,2.196,0.148148,728.597
6813,KB2,ARQ,Default,200,0.2,0,50,252,2.237,0.13245,715.244
6814,KB2,ARQ,Default,200,0.2,0,50,21,2.2739,0.56338,703.637
6815,KB2,ARQ,Default,200,0.2,0,50,32,2.3063,0.487805,693.752
6816,KB2,ARQ,Default,200,0.2,0,50,233,2.1902,0.141343,730.527
6817,KB2,ARQ,Default,200,0.2,0,50,233,2.211,0.141343,723.654
6818,KB2,ARQ,Default,200,0.2,0,50,26,2.3331,0.526316,685.783
6819,KB2,ARQ,Default,200,0.2,0,50,26,2.2974,0.526316,696.439
6820,KB2,ARQ,Default,200,0.2,0,50,0,2.2282,0.8,718.068
6821,KB2,ARQ,Default,200,0.2,0,50,13,2.3874,0.634921,670.185
6822,KB2,ARQ,Default,200,0.2,0,50,12,2.2595,0.645161,708.121
6823,KB2,ARQ,Default,200,0.2,0,50,243,2.7991,0.136519,571.612
6824,KB2,ARQ,Default,200,0.2,0,50,3,2.832,0.754717,564.972
6825,KB2,ARQ,Default,200,0.2,0,50,255,2.6556,0.131148,602.5
6826,KB2,ARQ,Default,200,0.2,0,50,16,2.3097,0.606061,692.731
6827,KB2,ARQ,Default,200,0.2,0,50,15,2.2705,0.615385,704.691
6828,KB2,ARQ,Default,200,0.2,0,50,8,2.25,0.689655,711.111
6829,KB2,ARQ,Default,200,0.2,0,50,1,2.4263,0.784314,659.44
6830,KB2,ARQ,Default,200,0.2,0,50,9,2.3287,0.677966,687.079
6831,KB2,ARQ,Default,200,0.2,0,50,7,2.3518,0.701754,680.33
6832,KB2,ARQ,Default,200,0.2,0,50,20,2.2875,0.571429,699.454
6833,KB2,ARQ,Default,200,0.2,0,50,25,2.3272,0.533333,687.521
6834,KB2,ARQ,Default,200,0.2,0,50,242,2.2062,0.136986,725.229
6835,KB2,ARQ,Default,200,0.2,0,50,11,2.3164,0.655738,690.727
6836,KB2,ARQ,Default,200,0.2,0,50,5,2.3077,0.727273,693.331
6837,KB2,ARQ,Default,200,0.2,0,50,25,2.5277,0.533333,632.987
6838,KB2,ARQ,Default,200,0.2,0,50,13,2.3238,0.634921,688.527
6839,KB2,ARQ,Default,200,0.2,0,50,21,2.333,0.56338,685.812
6840,KB2,ARQ,Default,200,0.2,0,50,10,2.3187,0.666667,690.042
6841,KB2,ARQ,Default,200,0.2,0,50,238,2.2435,0.138889,713.171
6842,KB2,ARQ,Default,200,0.2,0,50,13,2.3268,0.634921,687.64
6843,KB2,ARQ,Default,200,0.2,0,50,251,2.2704,0.13289,704.722
6844,KB2,ARQ,Default,200,0.2,0,50,5,2.338,0.727273,684.346
6845,KB2,ARQ,Default,200,0.2,0,50,19,2.3185,0.57971,690.101
6846,KB2,ARQ,Default,200,0.2,0,50,6,2.3193,0.714286,689.863
6847,KB2,ARQ,Default,200,0.2,0,50,27,2.3624,0.519481,677.277
6848,KB2,ARQ,Default,200,0.2,0,50,9,2.3061,0.677966,693.812
6849,KB2,ARQ,Default,200,0.2,0,50,27,2.3564,0.519481,679.002
6850,KB2,ARQ,Default,200,0.2,0,50,245,2.3095,0.135593,692.791
6851,KB2,ARQ,Default,200,0.2,0,50,9,2.3119,0.677966,692.071
6852,KB2,ARQ,Default,200,0.2,0,50,239,2.2406,0.138408,714.094
6853,KB2,ARQ,Default,200,0.2,0,50,243,2.2521,0.136519,710.448
6854,KB2,ARQ,Default,200,0.2,0,50,241,2.2576,0.137457,708.717
6855,KB2,ARQ,Default,200,0.2,0,50,13,2.3243,0.634921,688.379
6856,KB2,ARQ,Default,200,0.2,0,50,2,2.2954,0.769231,697.046
6857,KB2,ARQ,Default,200,0.2,0,50,14,2.3325,0.625,685.959
6858,KB2,ARQ,Default,200,0.2,0,50,27,2.3818,0.519481,671.761
6859,KB2,ARQ,Default,200,0.2,0,50,32,2.3653,0.487805,676.447
6860,KB2,ARQ,Default,200,0.2,0,50,31,2.3692,0.493827,675.333
6861,KB2,ARQ,Default,200,0.2,0,50,28,2.3548,0.512821,679.463
6862,KB2,ARQ,Default,200,0.2,0,50,16,2.3199,0.606061,689.685
6863,KB2,ARQ,Default,200,0.2,0,50,252,2.334,0.13245,685.518
6864,KB2,ARQ,Default,200,0.2,0,50,5,2.4179,0.727273,661.731
6865,KB2,ARQ,Default,200,0.2,0,50,32,2.3649,0.487805,676.561
6866,KB2,ARQ,Default,200,0.2,0,50,1,2.3001,0.784314,695.622
6867,KB2,ARQ,Default,200,0.2,0,50,248,2.2876,0.134228,699.423
6868,KB2,ARQ,Default,200,0.2,0,50,234,2.2281,0.140845,718.101
6869,KB2,ARQ,Default,200,0.2,0,50,245,2.2585,0.135593,708.435
6870,KB2,ARQ,Default,200,0.2,0,50,16,2.4301,0.606061,658.409
6871,KB2,ARQ,Default,200,0.2,0,50,255,2.3036,0.131148,694.565
6872,KB2,ARQ,Default,200,0.2,0,50,16,2.361,0.606061,677.679
6873,KB2,ARQ,Default,200,0.2,0,50,3,2.3132,0.754717,691.683
6874,KB2,ARQ,Default,200,0.2,0,50,22,2.3502,0.555556,680.793
6875,KB2,ARQ,Default,200,0.2,0,50,255,2.3007,0.131148,695.441
6876,KB2,ARQ,Default,200,0.2,0,50,242,2.2493,0.136986,711.332
6877,KB2,ARQ,Default,200,0.2,0,50,23,2.4021,0.547945,666.084
6878,KB2,ARQ,Default,200,0.2,0,50,22,2.3884,0.555556,669.905
6879,KB2,ARQ,Default,200,0.2,0,50,248,2.2797,0.134228,701.847
6880,KB2,ARQ,Default,200,0.2,0,50,16,2.4018,0.606061,666.167
6881,KB2,ARQ,Default,200,0.2,0,50,4,2.3182,0.740741,690.191
6882,KB2,ARQ,Default,200,0.2,0,50,6,2.3005,0.714286,695.501
6883,KB2,ARQ,Default,200,0.2,0,50,16,2.3718,0.606061,674.593
6884,KB2,ARQ,Default,200,0.2,0,50,19,2.4515,0.57971,652.662
6885,KB2,ARQ,Default,200,0.2,0,50,0,2.2888,0.8,699.056
6886,KB2,ARQ,Default,200,0.2,0,50,6,2.2978,0.714286,696.318
6887,KB2,ARQ,Default,200,0.2,0,50,23,2.37,0.547945,675.105
6888,KB2,ARQ,Default,200,0.2,0,50,254,2.2681,0.131579,705.436
6889,KB2,ARQ,Default,200,0.2,0,50,24,2.3899,0.540541,669.484
6890,KB2,ARQ,Default,200,0.2,0,50,17,2.325,0.597015,688.172
6891,KB2,ARQ,Default,200,0.2,0,50,252,2.4004,0.13245,666.556
6892,KB2,ARQ,Default,200,0.2,0,50,22,2.3423,0.555556,683.089
6893,KB2,ARQ,Default,200,0.2,0,50,22,2.3706,0.555556,674.935
6894,KB2,ARQ,Default,200,0.2,0,50,14,2.3284,0.625,687.167
6895,KB2,ARQ,Default,200,0.2,0,50,245,2.3394,0.135593,683.936
6896,KB2,ARQ,Default,200,0.2,0,50,28,2.3588,0.512821,678.311
6897,KB2,ARQ,Default,200,0.2,0,50,245,2.2392,0.135593,714.541
6898,KB2,ARQ,Default,200,0.2,0,50,6,2.3397,0.714286,683.848
6899,KB2,ARQ,Default,200,0.2,0,50,6,2.3383,0.714286,684.258
6900,KB2,ARQ,Default,200,0.2,0,50,255,2.2864,0.131148,699.79
6901,KB2,ARQ,Default,200,0.2,0,50,32,2.3781,0.487805,672.806
6902,KB2,ARQ,Default,200,0.2,0,50,11,2.3108,0.655738,692.401
6903,KB2,ARQ,Default,200,0.2,0,50,12,2.3216,0.645161,689.18
6904,KB2,ARQ,Default,200,0.2,0,50,21,2.3373,0.56338,684.551
6905,KB2,ARQ,Default,200,0.2,0,50,241,2.2515,0.137457,710.637
6906,KB2,ARQ,Default,200,0.2,0,50,4,2.2967,0.740741,696.652
6907,KB2,ARQ,Default,200,0.2,0,50,0,2.2851,0.8,700.188
6908,KB2,ARQ,Default,200,0.2,0,50,27,2.4215,0.519481,660.747
6909,KB2,ARQ,Default,200,0.2,0,50,254,2.2898,0.131579,698.751
6910,KB2,ARQ,Default,200,0.2,0,50,236,2.2271,0.13986,718.423
6911,KB2,ARQ,Default,200,0.2,0,50,244,2.2648,0.136054,706.464
6912,KB2,ARQ,Default,200,0.2,0,50,217,2.1993,0.149813,727.504
6913,KB2,ARQ,Default,200,0.2,0,50,249,2.2649,0.133779,706.433
6914,KB2,ARQ,Default,200,0.2,0,50,0,2.3276,0.8,687.403
6915,KB2,ARQ,Default,200,0.2,0,50,19,2.3346,0.57971,685.342
6916,KB2,ARQ,Default,200,0.2,0,50,1,2.3121,0.784314,692.012
6917,KB2,ARQ,Default,200,0.2,0,50,236,2.2438,0.13986,713.076
6918,KB2,ARQ,Default,200,0.2,0,50,237,2.2434,0.139373,713.203
6919,KB2,ARQ,Default,200,0.2,0,50,4,2.2942,0.740741,697.411
6920,KB2,ARQ,Default,200,0.2,0,50,242,2.2691,0.136986,705.125
6921,KB2,ARQ,Default,200,0.2,0,50,1,2.2962,0.784314,696.803
6922,KB2,ARQ,Default,200,0.2,0,50,14,2.322,0.625,689.061
6923,KB2,ARQ,Default,200,0.2,0,50,18,2.3336,0.588235,685.636
6924,KB2,ARQ,Default,200,0.2,0,50,4,2.2976,0.740741,696.379
6925,KB2,ARQ,Default,200,0.2,0,50,246,2.2621,0.135135,707.307
6926,KB2,ARQ,Default,200,0.2,0,50,25,2.3498,0.533333,680.909
6927,KB2,ARQ,Default,200,0.2,0,50,244,2.2638,0.136054,706.776
6928,KB2,ARQ,Default,200,0.2,0,50,16,2.3765,0.606061,673.259
6929,KB2,ARQ,Default,200,0.2,0,50,22,2.3512,0.555556,680.504
6930,KB2,ARQ,Default,200,0.2,0,50,5,2.3044,0.727273,694.324
6931,KB2,ARQ,Default,200,0.2,0,50,32,2.3658,0.487805,676.304
6932,KB2,ARQ,Default,200,0.2,0,50,5,2.2974,0.727273,696.439
6933,KB2,ARQ,Default,200,0.2,0,50,26,2.3701,0.526316,675.077
6934,KB2,ARQ,Default,200,0.2,0,50,229,2.2149,0.143369,722.38
6935,KB2,ARQ,Default,200,0.2,0,50,250,2.2714,0.133333,704.411
6936,KB2,ARQ,Default,200,0.2,0,50,32,2.3709,0.487805,674.849
6937,KB2,ARQ,Default,200,0.2,0,50,32,2.3772,0.487805,673.061
6938,KB2,ARQ,Default,200,0.2,0,50,28,2.3558,0.512821,679.175
6939,KB2,ARQ,Default,200,0.2,0,50,252,2.276,0.13245,702.988
6940,KB2,ARQ,Default,200,0.2,0,50,231,2.2292,0.142349,717.746
6941,KB2,ARQ,Default,200,0.2,0,50,25,2.4403,0.533333,655.657
6942,KB2,ARQ,Default,200,0.2,0,50,240,2.2433,0.137931,713.235
6943,KB2,ARQ,Default,200,0.2,0,50,25,2.3547,0.533333,679.492
6944,KB2,ARQ,Default,200,0.2,0,50,7,2.3055,0.701754,693.993
6945,KB2,ARQ,Default,200,0.2,0,50,6,2.3173,0.714286,690.459
6946,KB2,ARQ,Default,200,0.2,0,50,250,2.2824,0.133333,701.016
6947,KB2,ARQ,Default,200,0.2,0,50,0,2.286,0.8,699.913
6948,KB2,ARQ,Default,200,0.2,0,50,221,2.2116,0.147601,723.458
6949,KB2,ARQ,Default,200,0.2,0,50,17,2.3198,0.597015,689.715
6950,KB2,ARQ,Default,200,0.2,0,50,251,2.2766,0.13289,702.802
6951,KB2,ARQ,Default,200,0.2,0,50,32,2.3683,0.487805,675.59
6952,KB2,ARQ,Default,200,0.2,0,50,246,2.2552,0.135135,709.471
6953,KB2,ARQ,Default,200,0.2,0,50,15,2.3396,0.615385,683.878
6954,KB2,ARQ,Default,200,0.2,0,50,32,2.412,0.487805,663.35
6955,KB2,ARQ,Default,200,0.2,0,50,6,2.2924,0.714286,697.958
6956,KB2,ARQ,Default,200,0.2,0,50,246,2.2648,0.135135,706.464
6957,KB2,ARQ,Default,200,0.2,0,50,244,2.2605,0.136054,707.808
6958,KB2,ARQ,Default,200,0.2,0,50,245,2.2695,0.135593,705.001
6959,KB2,ARQ,Default,200,0.2,0,50,22,2.3449,0.555556,682.332
6960,KB2,ARQ,Default,200,0.2,0,50,32,2.3982,0.487805,667.167
6961,KB2,ARQ,Default,200,0.2,0,50,2,2.2883,0.769231,699.209
6962,KB2,ARQ,Default,200,0.2,0,50,205,2.1604,0.156863,740.604
6963,KB2,ARQ,Default,200,0.2,0,50,21,2.3483,0.56338,681.344
6964,KB2,ARQ,Default,200,0.2,0,50,13,2.3233,0.634921,688.676
6965,KB2,ARQ,Default,200,0.2,0,50,250,2.2821,0.133333,701.109
6966,KB2,ARQ,Default,200,0.2,0,50,4,2.3104,0.740741,692.521
6967,KB2,ARQ,Default,200,0.2,0,50,0,2.2811,0.8,701.416
6968,KB2,ARQ,Default,200,0.2,0,50,246,2.271,0.135135,704.535
6969,KB2,ARQ,Default,200,0.2,0,50,211,2.1662,0.153257,738.621
6970,KB2,ARQ,Default,200,0.2,0,50,11,2.3114,0.655738,692.221
6971,KB2,ARQ,Default,200,0.2,0,50,32,2.3576,0.487805,678.656
6972,KB2,ARQ,Default,200,0.2,0,50,252,2.2792,0.13245,702.001
6973,KB2,ARQ,Default,200,0.2,0,50,1,2.2915,0.784314,698.233
6974,KB2,ARQ,Default,200,0.2,0,50,1,2.283,0.784314,700.832
6975,KB2,ARQ,Default,200,0.2,0,50,13,2.338,0.634921,684.346
6976,KB2,ARQ,Default,200,0.2,0,50,29,2.3643,0.506329,676.733
6977,KB2,ARQ,Default,200,0.2,0,50,248,2.2526,0.134228,710.29
6978,KB2,ARQ,Default,200,0.2,0,50,20,2.3444,0.571429,682.477
6979,KB2,ARQ,Default,200,0.2,0,50,32,2.3674,0.487805,675.847
6980,KB2,ARQ,Default,200,0.2,0,50,30,2.4099,0.5,663.928
6981,KB2,ARQ,Default,200,0.2,0,50,32,2.3673,0.487805,675.875
6982,KB2,ARQ,Default,200,0.2,0,50,3,2.3071,0.754717,693.511
6983,KB2,ARQ,Default,200,0.2,0,50,0,2.2912,0.8,698.324
6984,KB2,ARQ,Default,200,0.2,0,50,246,2.2638,0.135135,706.776
6985,KB2,ARQ,Default,200,0.2,0,50,254,2.2853,0.131579,700.127
6986,KB2,ARQ,Default,200,0.2,0,50,9,2.3619,0.677966,677.421
6987,KB2,ARQ,Default,200,0.2,0,50,12,2.5764,0.645161,621.022
6988,KB2,ARQ,Default,200,0.2,0,50,248,2.2996,0.134228,695.773
6989,KB2,ARQ,Default,200,0.2,0,50,16,2.3517,0.606061,680.359
6990,KB2,ARQ,Default,200,0.2,0,50,243,2.3472,0.136519,681.663
6991,KB2,ARQ,Default,200,0.2,0,50,241,2.27,0.137457,704.846
6992,KB2,ARQ,Default,200,0.2,0,50,9,2.3566,0.677966,678.944
6993,KB2,ARQ,Default,200,0.2,0,50,249,2.3225,0.133779,688.913
6994,KB2,ARQ,Default,200,0.2,0,50,255,2.2835,0.131148,700.679
6995,KB2,ARQ,Default,200,0.2,0,50,242,2.259,0.136986,708.278
6996,KB2,ARQ,Default,200,0.2,0,50,255,2.287,0.131148,699.606
6997,KB2,ARQ,Default,200,0.2,0,50,252,2.2853,0.13245,700.127
6998,KB2,ARQ,Default,200,0.2,0,50,254,2.2809,0.131579,701.477
6999,KB2,ARQ,Default,200,0.2,0,50,5,2.3497,0.727273,680.938
7000,KB2,ARQ,Default,200,0.2,0,50,250,2.2771,0.133333,702.648
7001,KB2,HARQ,Default,200,0.2,0,50,191,31.2779,0.165975,51.1543
7002,KB2,HARQ,Default,200,0.2,0,50,157,29.7178,0.193237,53.8398
7003,KB2,HARQ,Default,200,0.2,0,50,149,29.2826,0.201005,54.64
7004,KB2,HARQ,Default,200,0.2,0,50,158,29.7226,0.192308,53.8311
7005,KB2,HARQ,Default,200,0.2,0,50,161,30.1368,0.189573,53.0912
7006,KB2,HARQ,Default,200,0.2,0,50,148,31.4854,0.20202,50.8172
7007,KB2,HARQ,Default,200,0.2,0,50,172,30.8213,0.18018,51.9122
7008,KB2,HARQ,Default,200,0.2,0,50,205,32.3385,0.156863,49.4766
7009,KB2,HARQ,Default,200,0.2,0,50,196,31.9733,0.162602,50.0418
7010,KB2,HARQ,Default,200,0.2,0,50,160,29.8393,0.190476,53.6206
7011,KB2,HARQ,Default,200,0.2,0,50,212,32.4187,0.152672,49.3542
7012,KB2,HARQ,Default,200,0.2,0,50,198,31.9209,0.16129,50.1239
7013,KB2,HARQ,Default,200,0.2,0,50,188,30.9235,0.168067,51.7406
7014,KB2,HARQ,Default,200,0.2,0,50,194,31.1605,0.163934,51.3471
7015,KB2,HARQ,Default,200,0.2,0,50,162,30.3281,0.188679,52.7564
7016,KB2,HARQ,Default,200,0.2,0,50,211,31.8603,0.153257,50.2192
7017,KB2,HARQ,Default,200,0.2,0,50,235,33.7752,0.140351,47.372
7018,KB2,HARQ,Default,200,0.2,0,50,180,30.0785,0.173913,53.1941
7019,KB2,HARQ,Default,200,0.2,0,50,15,33.6079,0.615385,47.6079
7020,KB2,HARQ,Default,200,0.2,0,50,232,33.4284,0.141844,47.8635
7021,KB2,HARQ,Default,200,0.2,0,50,160,29.8157,0.190476,53.663
7022,KB2,HARQ,Default,200,0.2,0,50,208,31.8708,0.155039,50.2027
7023,KB2,HARQ,Default,200,0.2,0,50,156,29.5814,0.194175,54.088
7024,KB2,HARQ,Default,200,0.2,0,50,182,30.7103,0.172414,52.0998
7025,KB2,HARQ,Default,200,0.2,0,50,203,31.5992,0.158103,50.6342
7026,KB2,HARQ,Default,200,0.2,0,50,246,32.9781,0.135135,48.517
7027,KB2,HARQ,Default,200,0.2,0,50,170,29.5685,0.181818,54.1116
7028,KB2,HARQ,Default,200,0.2,0,50,149,29.1123,0.201005,54.9596
7029,KB2,HARQ,Default,200,0.2,0,50,222,31.8322,0.147059,50.2636
7030,KB2,HARQ,Default,200,0.2,0,50,153,29.0818,0.197044,55.0172
7031,KB2,HARQ,Default,200,0.2,0,50,190,30.765,0.166667,52.0072
7032,KB2,HARQ,Default,200,0.2,0,50,178,30.7352,0.175439,52.0576
7033,KB2,HARQ,Default,200,0.2,0,50,0,33.5729,0.8,47.6575
7034,KB2,HARQ,Default,200,0.2,0,50,190,32.4266,0.166667,49.3422
7035,KB2,HARQ,Default,200,0.2,0,50,173,29.5368,0.179372,54.1697
7036,KB2,HARQ,Default,200,0.2,0,50,192,29.6355,0.165289,53.9893
7037,KB2,HARQ,Default,200,0.2,0,50,201,30.5488,0.159363,52.3752
7038,KB2,HARQ,Default,200,0.2,0,50,202,30.6274,0.15873,52.2408
7039,KB2,HARQ,Default,200,0.2,0,50,115,27.7156,0.242424,57.7292
7040,KB2,HARQ,Default,200,0.2,0,50,182,30.151,0.172414,53.0662
7041,KB2,HARQ,Default,200,0.2,0,50,255,32.2218,0.131148,49.6558
7042,KB2,HARQ,Default,200,0.2,0,50,201,30.1303,0.159363,53.1027
7043,KB2,HARQ,Default,200,0.2,0,50,149,28.5795,0.201005,55.9842
7044,KB2,HARQ,Default,200,0.2,0,50,196,29.7235,0.162602,53.8295
7045,KB2,HARQ,Default,200,0.2,0,50,198,30.2458,0.16129,52.8999
7046,KB2,HARQ,Default,200,0.2,0,50,206,30.1457,0.15625,53.0756
7047,KB2,HARQ,Default,200,0.2,0,50,207,30.3511,0.155642,52.7164
7048,KB2,HARQ,Default,200,0.2,0,50,196,30.6161,0.162602,52.2601
7049,KB2,HARQ,Default,200,0.2,0,50,198,30.0617,0.16129,53.2239
7050,KB2,HARQ,Default,200,0.2,0,50,136,27.6539,0.215054,57.858
7051,KB2,HARQ,Default,200,0.2,0,50,153,28.1955,0.197044,56.7466
7052,KB2,HARQ,Default,200,0.2,0,50,232,31.3122,0.141844,51.0983
7053,KB2,HARQ,Default,200,0.2,0,50,188,29.523,0.168067,54.195
7054,KB2,HARQ,Default,200,0.2,0,50,202,30.1437,0.15873,53.0791
7055,KB2,HARQ,Default,200,0.2,0,50,201,30.2182,0.159363,52.9482
7056,KB2,HARQ,Default,200,0.2,0,50,188,29.6916,0.168067,53.8873
7057,KB2,HARQ,Default,200,0.2,0,50,185,29.4461,0.170213,54.3366
7058,KB2,HARQ,Default,200,0.2,0,50,189,29.5327,0.167364,54.1772
7059,KB2,HARQ,Default,200,0.2,0,50,210,30.3028,0.153846,52.8004
7060,KB2,HARQ,Default,200,0.2,0,50,198,29.4102,0.16129,54.4029
7061,KB2,HARQ,Default,200,0.2,0,50,125,26.9916,0.228571,59.2777
7062,KB2,HARQ,Default,200,0.2,0,50,216,31.7227,0.150376,50.4371
7063,KB2,HARQ,Default,200,0.2,0,50,183,29.3482,0.171674,54.5178
7064,KB2,HARQ,Default,200,0.2,0,50,188,29.7375,0.168067,53.8041
7065,KB2,HARQ,Default,200,0.2,0,50,203,30.4233,0.158103,52.5913
7066,KB2,HARQ,Default,200,0.2,0,50,152,28.0409,0.19802,57.0595
7067,KB2,HARQ,Default,200,0.2,0,50,174,29.0511,0.178571,55.0754
7068,KB2,HARQ,Default,200,0.2,0,50,207,30.0386,0.155642,53.2648
7069,KB2,HARQ,Default,200,0.2,0,50,207,29.9484,0.155642,53.4252
7070,KB2,HARQ,Default,200,0.2,0,50,162,28.7637,0.188679,55.6257
7071,KB2,HARQ,Default,200,0.2,0,50,147,27.3129,0.203046,58.5804
7072,KB2,HARQ,Default,200,0.2,0,50,158,27.7573,0.192308,57.6425
7073,KB2,HARQ,Default,200,0.2,0,50,157,27.6423,0.193237,57.8823
7074,KB2,HARQ,Default,200,0.2,0,50,199,29.4055,0.160643,54.4116
7075,KB2,HARQ,Default,200,0.2,0,50,212,30.777,0.152672,51.9869
7076,KB2,HARQ,Default,200,0.2,0,50,173,28.7951,0.179372,55.565
7077,KB2,HARQ,Default,200,0.2,0,50,156,28.3222,0.194175,56.4928
7078,KB2,HARQ,Default,200,0.2,0,50,185,29.4433,0.170213,54.3417
7079,KB2,HARQ,Default,200,0.2,0,50,136,27.611,0.215054,57.9479
7080,KB2,HARQ,Default,200,0.2,0,50,197,29.4273,0.161943,54.3713
7081,KB2,HARQ,Default,200,0.2,0,50,237,30.801,0.139373,51.9464
7082,KB2,HARQ,Default,200,0.2,0,50,170,29.358,0.181818,54.4996
7083,KB2,HARQ,Default,200,0.2,0,50,186,29.8818,0.169492,53.5443
7084,KB2,HARQ,Default,200,0.2,0,50,143,27.8339,0.207254,57.4839
7085,KB2,HARQ,Default,200,0.2,0,50,183,29.2747,0.171674,54.6547
7086,KB2,HARQ,Default,200,0.2,0,50,160,28.9343,0.190476,55.2977
7087,KB2,HARQ,Default,200,0.2,0,50,160,28.5379,0.190476,56.0658
7088,KB2,HARQ,Default,200,0.2,0,50,200,30.0593,0.16,53.2281
7089,KB2,HARQ,Default,200,0.2,0,50,206,30.2703,0.15625,52.8571
7090,KB2,HARQ,Default,200,0.2,0,50,217,30.4671,0.149813,52.5157
7091,KB2,HARQ,Default,200,0.2,0,50,120,26.9711,0.235294,59.3228
7092,KB2,HARQ,Default,200,0.2,0,50,183,29.2927,0.171674,54.6211
7093,KB2,HARQ,Default,200,0.2,0,50,191,29.3713,0.165975,54.4749
7094,KB2,HARQ,Default,200,0.2,0,50,213,30.1061,0.152091,53.1454
7095,KB2,HARQ,Default,200,0.2,0,50,148,28.5072,0.20202,56.1262
7096,KB2,HARQ,Default,200,0.2,0,50,217,30.5232,0.149813,52.4191
7097,KB2,HARQ,Default,200,0.2,0,50,197,29.8143,0.161943,53.6655
7098,KB2,HARQ,Default,200,0.2,0,50,219,30.8554,0.148699,51.8548
7099,KB2,HARQ,Default,200,0.2,0,50,174,28.9221,0.178571,55.321
7100,KB2,HARQ,Default,200,0.2,0,50,204,29.8871,0.15748,53.5348
7101,KB2,HARQ,Default,200,0.2,0,50,170,28.1583,0.181818,56.8216
7102,KB2,HARQ,Default,200,0.2,0,50,180,29.0147,0.173913,55.1445
7103,KB2,HARQ,Default,200,0.2,0,50,214,30.3814,0.151515,52.6638
7104,KB2,HARQ,Default,200,0.2,0,50,159,29.7775,0.191388,53.7318
7105,KB2,HARQ,Default,200,0.2,0,50,173,29.1229,0.179372,54.9396
7106,KB2,HARQ,Default,200,0.2,0,50,186,29.9464,0.169492,53.4288
7107,KB2,HARQ,Default,200,0.2,0,50,226,32.1923,0.144928,49.7013
7108,KB2,HARQ,Default,200,0.2,0,50,177,29.1701,0.176211,54.8507
7109,KB2,HARQ,Default,200,0.2,0,50,227,31.2076,0.144404,51.2696
7110,KB2,HARQ,Default,200,0.2,0,50,202,30.0152,0.15873,53.3063
7111,KB2,HARQ,Default,200,0.2,0,50,182,29.4143,0.172414,54.3953
7112,KB2,HARQ,Default,200,0.2,0,50,207,30.3351,0.155642,52.7442
7113,KB2,HARQ,Default,200,0.2,0,50,171,29.0924,0.180995,54.9972
7114,KB2,HARQ,Default,200,0.2,0,50,161,28.4623,0.189573,56.2147
7115,KB2,HARQ,Default,200,0.2,0,50,180,29.4666,0.173913,54.2988
7116,KB2,HARQ,Default,200,0.2,0,50,176,29.2534,0.176991,54.6945
7117,KB2,HARQ,Default,200,0.2,0,50,199,30.0477,0.160643,53.2487
7118,KB2,HARQ,Default,200,0.2,0,50,212,30.3889,0.152672,52.6508
7119,KB2,HARQ,Default,200,0.2,0,50,166,28.5621,0.185185,56.0183
7120,KB2,HARQ,Default,200,0.2,0,50,195,29.6762,0.163265,53.9153
7121,KB2,HARQ,Default,200,0.2,0,50,212,29.7351,0.152672,53.8085
7122,KB2,HARQ,Default,200,0.2,0,50,190,29.1057,0.166667,54.9721
7123,KB2,HARQ,Default,200,0.2,0,50,170,28.696,0.181818,55.7569
7124,KB2,HARQ,Default,200,0.2,0,50,142,27.1004,0.208333,59.0397
7125,KB2,HARQ,Default,200,0.2,0,50,140,27.058,0.210526,59.1322
7126,KB2,HARQ,Default,200,0.2,0,50,219,30.3418,0.148699,52.7325
7127,KB2,HARQ,Default,200,0.2,0,50,208,29.7114,0.155039,53.8514
7128,KB2,HARQ,Default,200,0.2,0,50,175,28.9177,0.177778,55.3294
7129,KB2,HARQ,Default,200,0.2,0,50,220,31.3443,0.148148,51.046
7130,KB2,HARQ,Default,200,0.2,0,50,211,29.9089,0.153257,53.4958
7131,KB2,HARQ,Default,200,0.2,0,50,153,28.2704,0.197044,56.5963
7132,KB2,HARQ,Default,200,0.2,0,50,211,30.2946,0.153257,52.8147
7133,KB2,HARQ,Default,200,0.2,0,50,194,29.6318,0.163934,53.996
7134,KB2,HARQ,Default,200,0.2,0,50,181,28.7256,0.17316,55.6994
7135,KB2,HARQ,Default,200,0.2,0,50,127,27.5447,0.225989,58.0874
7136,KB2,HARQ,Default,200,0.2,0,50,179,28.7608,0.174672,55.6313
7137,KB2,HARQ,Default,200,0.2,0,50,229,30.9871,0.143369,51.6344
7138,KB2,HARQ,Default,200,0.2,0,50,140,28.1233,0.210526,56.8923
7139,KB2,HARQ,Default,200,0.2,0,50,161,28.6162,0.189573,55.9124
7140,KB2,HARQ,Default,200,0.2,0,50,169,28.8147,0.182648,55.5272
7141,KB2,HARQ,Default,200,0.2,0,50,154,28.2444,0.196078,56.6484
7142,KB2,HARQ,Default,200,0.2,0,50,211,30.7061,0.153257,52.1069
7143,KB2,HARQ,Default,200,0.2,0,50,175,29.2034,0.177778,54.7881
7144,KB2,HARQ,Default,200,0.2,0,50,223,30.6555,0.14652,52.1929
7145,KB2,HARQ,Default,200,0.2,0,50,213,30.3407,0.152091,52.7344
7146,KB2,HARQ,Default,200,0.2,0,50,167,28.6363,0.184332,55.8731
7147,KB2,HARQ,Default,200,0.2,0,50,160,28.4588,0.190476,56.2216
7148,KB2,HARQ,Default,200,0.2,0,50,179,29.3439,0.174672,54.5258
7149,KB2,HARQ,Default,200,0.2,0,50,156,28.3154,0.194175,56.5064
7150,KB2,HARQ,Default,200,0.2,0,50,200,30.4052,0.16,52.6226
7151,KB2,HARQ,Default,200,0.2,0,50,170,29.4693,0.181818,54.2938
7152,KB2,HARQ,Default,200,0.2,0,50,160,28.7882,0.190476,55.5783
7153,KB2,HARQ,Default,200,0.2,0,50,179,29.4042,0.174672,54.414
7154,KB2,HARQ,Default,200,0.2,0,50,159,29.5691,0.191388,54.1105
7155,KB2,HARQ,Default,200,0.2,0,50,209,30.4822,0.15444,52.4896
7156,KB2,HARQ,Default,200,0.2,0,50,167,28.7261,0.184332,55.6985
7157,KB2,HARQ,Default,200,0.2,0,50,188,29.8156,0.168067,53.6632
7158,KB2,HARQ,Default,200,0.2,0,50,210,30.3237,0.153846,52.764
7159,KB2,HARQ,Default,200,0.2,0,50,184,29.3555,0.17094,54.5043
7160,KB2,HARQ,Default,200,0.2,0,50,208,30.4002,0.155039,52.6312
7161,KB2,HARQ,Default,200,0.2,0,50,200,29.8433,0.16,53.6134
7162,KB2,HARQ,Default,200,0.2,0,50,198,29.3941,0.16129,54.4327
7163,KB2,HARQ,Default,200,0.2,0,50,149,27.8518,0.201005,57.4469
7164,KB2,HARQ,Default,200,0.2,0,50,214,29.8412,0.151515,53.6171
7165,KB2,HARQ,Default,200,0.2,0,50,81,25.2587,0.305344,63.3445
7166,KB2,HARQ,Default,200,0.2,0,50,204,29.6761,0.15748,53.9154
7167,KB2,HARQ,Default,200,0.2,0,50,179,29.1242,0.174672,54.9371
7168,KB2,HARQ,Default,200,0.2,0,50,149,27.8354,0.201005,57.4808
7169,KB2,HARQ,Default,200,0.2,0,50,153,27.4553,0.197044,58.2765
7170,KB2,HARQ,Default,200,0.2,0,50,129,28.2233,0.223464,56.6907
7171,KB2,HARQ,Default,200,0.2,0,50,222,32.6195,0.147059,49.0504
7172,KB2,HARQ,Default,200,0.2,0,50,205,32.2565,0.156863,49.6024
7173,KB2,HARQ,Default,200,0.2,0,50,196,33.837,0.162602,47.2855
7174,KB2,HARQ,Default,200,0.2,0,50,132,29.1985,0.21978,54.7973
7175,KB2,HARQ,Default,200,0.2,0,50,193,30.95,0.164609,51.6963
7176,KB2,HARQ,Default,200,0.2,0,50,187,31.1736,0.168776,51.3255
7177,KB2,HARQ,Default,200,0.2,0,50,195,30.0074,0.163265,53.3202
7178,KB2,HARQ,Default,200,0.2,0,50,159,28.6718,0.191388,55.804
7179,KB2,HARQ,Default,200,0.2,0,50,230,31.3689,0.142857,51.0059
7180,KB2,HARQ,Default,200,0.2,0,50,189,30.3366,0.167364,52.7416
7181,KB2,HARQ,Default,200,0.2,0,50,200,30.7723,0.16,51.9948
7182,KB2,HARQ,Default,200,0.2,0,50,241,32.2073,0.137457,49.6782
7183,KB2,HARQ,Default,200,0.2,0,50,181,30.1804,0.17316,53.0145
7184,KB2,HARQ,Default,200,0.2,0,50,185,29.6855,0.170213,53.8984
7185,KB2,HARQ,Default,200,0.2,0,50,193,30.1805,0.164609,53.0144
7186,KB2,HARQ,Default,200,0.2,0,50,145,27.8903,0.205128,57.3676
7187,KB2,HARQ,Default,200,0.2,0,50,173,29.0354,0.179372,55.1051
7188,KB2,HARQ,Default,200,0.2,0,50,109,26.511,0.251572,60.3523
7189,KB2,HARQ,Default,200,0.2,0,50,205,30.1866,0.156863,53.0037
7190,KB2,HARQ,Default,200,0.2,0,50,186,29.5723,0.169492,54.1047
7191,KB2,HARQ,Default,200,0.2,0,50,178,28.9525,0.175439,55.2629
7192,KB2,HARQ,Default,200,0.2,0,50,200,29.4143,0.16,54.3953
7193,KB2,HARQ,Default,200,0.2,0,50,189,28.9921,0.167364,55.1874
7194,KB2,HARQ,Default,200,0.2,0,50,178,28.8106,0.175439,55.5351
7195,KB2,HARQ,Default,200,0.2,0,50,235,30.856,0.140351,51.8538
7196,KB2,HARQ,Default,200,0.2,0,50,214,30.2428,0.151515,52.9052
7197,KB2,HARQ,Default,200,0.2,0,50,217,30.311,0.149813,52.7861
7198,KB2,HARQ,Default,200,0.2,0,50,161,28.3355,0.189573,56.4663
7199,KB2,HARQ,Default,200,0.2,0,50,166,28.3453,0.185185,56.4467
7200,KB2,HARQ,Default,200,0.2,0,50,158,27.9331,0.192308,57.2797
7201,KB2,HARQ,Default,200,0.2,0,50,206,29.4687,0.15625,54.2949
7202,KB2,HARQ,Default,200,0.2,0,50,125,26.5606,0.228571,60.2396
7203,KB2,HARQ,Default,200,0.2,0,50,168,28.4399,0.183486,56.259
7204,KB2,HARQ,Default,200,0.2,0,50,195,29.3042,0.163265,54.5997
7205,KB2,HARQ,Default,200,0.2,0,50,215,30.2508,0.150943,52.8912
7206,KB2,HARQ,Default,200,0.2,0,50,161,28.0366,0.189573,57.0683
7207,KB2,HARQ,Default,200,0.2,0,50,208,29.8468,0.155039,53.6071
7208,KB2,HARQ,Default,200,0.2,0,50,204,29.4447,0.15748,54.3392
7209,KB2,HARQ,Default,200,0.2,0,50,186,28.8202,0.169492,55.5166
7210,KB2,HARQ,Default,200,0.2,0,50,230,30.9626,0.142857,51.6752
7211,KB2,HARQ,Default,200,0.2,0,50,186,28.7331,0.169492,55.6849
7212,KB2,HARQ,Default,200,0.2,0,50,174,28.4229,0.178571,56.2926
7213,KB2,HARQ,Default,200,0.2,0,50,171,28.6327,0.180995,55.8802
7214,KB2,HARQ,Default,200,0.2,0,50,184,29.1455,0.17094,54.897
7215,KB2,HARQ,Default,200,0.2,0,50,205,30.3941,0.156863,52.6418
7216,KB2,HARQ,Default,200,0.2,0,50,145,28.0256,0.205128,57.0907
7217,KB2,HARQ,Default,200,0.2,0,50,175,29.0656,0.177778,55.0479
7218,KB2,HARQ,Default,200,0.2,0,50,227,32.0113,0.144404,49.9823
7219,KB2,HARQ,Default,200,0.2,0,50,201,30.0203,0.159363,53.2973
7220,KB2,HARQ,Default,200,0.2,0,50,202,30.3277,0.15873,52.7571
7221,KB2,HARQ,Default,200,0.2,0,50,248,31.9436,0.134228,50.0883
7222,KB2,HARQ,Default,200,0.2,0,50,161,29.0879,0.189573,55.0057
7223,KB2,HARQ,Default,200,0.2,0,50,124,27.0628,0.229885,59.1217
7224,KB2,HARQ,Default,200,0.2,0,50,150,28.1205,0.2,56.898
7225,KB2,HARQ,Default,200,0.2,0,50,194,29.8439,0.163934,53.6123
7226,KB2,HARQ,Default,200,0.2,0,50,108,26.5011,0.253165,60.3749
7227,KB2,HARQ,Default,200,0.2,0,50,173,28.9683,0.179372,55.2328
7228,KB2,HARQ,Default,200,0.2,0,50,209,30.3914,0.15444,52.6465
7229,KB2,HARQ,Default,200,0.2,0,50,220,30.5488,0.148148,52.3752
7230,KB2,HARQ,Default,200,0.2,0,50,200,29.5906,0.16,54.0712
7231,KB2,HARQ,Default,200,0.2,0,50,188,28.9801,0.168067,55.2103
7232,KB2,HARQ,Default,200,0.2,0,50,184,28.8255,0.17094,55.5064
7233,KB2,HARQ,Default,200,0.2,0,50,149,28.0445,0.201005,57.0522
7234,KB2,HARQ,Default,200,0.2,0,50,160,28.1123,0.190476,56.9146
7235,KB2,HARQ,Default,200,0.2,0,50,118,26.6281,0.238095,60.0869
7236,KB2,HARQ,Default,200,0.2,0,50,165,28.839,0.186047,55.4804
7237,KB2,HARQ,Default,200,0.2,0,50,212,30.3624,0.152672,52.6968
7238,KB2,HARQ,Default,200,0.2,0,50,225,30.5251,0.145455,52.4159
7239,KB2,HARQ,Default,200,0.2,0,50,141,27.9757,0.209424,57.1925
7240,KB2,HARQ,Default,200,0.2,0,50,216,30.7416,0.150376,52.0467
7241,KB2,HARQ,Default,200,0.2,0,50,128,27.2802,0.224719,58.6506
7242,KB2,HARQ,Default,200,0.2,0,50,209,30.4027,0.15444,52.6269
7243,KB2,HARQ,Default,200,0.2,0,50,196,29.2256,0.162602,54.7465
7244,KB2,HARQ,Default,200,0.2,0,50,144,27.9625,0.206186,57.2195
7245,KB2,HARQ,Default,200,0.2,0,50,119,28.2393,0.236686,56.6586
7246,KB2,HARQ,Default,200,0.2,0,50,205,30.1508,0.156863,53.0666
7247,KB2,HARQ,Default,200,0.2,0,50,159,28.5196,0.191388,56.1018
7248,KB2,HARQ,Default,200,0.2,0,50,149,28.0751,0.201005,56.99
7249,KB2,HARQ,Default,200,0.2,0,50,211,30.8857,0.153257,51.8039
7250,KB2,HARQ,Default,200,0.2,0,50,171,29.0355,0.180995,55.105
7251,KB2,HARQ,Default,200,0.2,0,50,183,29.5882,0.171674,54.0756
7252,KB2,HARQ,Default,200,0.2,0,50,159,29.2056,0.191388,54.784
7253,KB2,HARQ,Default,200,0.2,0,50,220,31.7562,0.148148,50.3839
7254,KB2,HARQ,Default,200,0.2,0,50,178,29.4667,0.175439,54.2986
7255,KB2,HARQ,Default,200,0.2,0,50,165,28.9645,0.186047,55.24
7256,KB2,HARQ,Default,200,0.2,0,50,172,29.1862,0.18018,54.8204
7257,KB2,HARQ,Default,200,0.2,0,50,123,27.1081,0.231214,59.0229
7258,KB2,HARQ,Default,200,0.2,0,50,121,27.3865,0.233918,58.4229
7259,KB2,HARQ,Default,200,0.2,0,50,196,30.0789,0.162602,53.1934
7260,KB2,HARQ,Default,200,0.2,0,50,221,30.8309,0.147601,51.896
7261,KB2,HARQ,Default,200,0.2,0,50,238,31.3308,0.138889,51.068
7262,KB2,HARQ,Default,200,0.2,0,50,112,26.6772,0.246914,59.9763
7263,KB2,HARQ,Default,200,0.2,0,50,145,27.7957,0.205128,57.5629
7264,KB2,HARQ,Default,200,0.2,0,50,184,29.2373,0.17094,54.7246
7265,KB2,HARQ,Default,200,0.2,0,50,229,30.5992,0.143369,52.2889
7266,KB2,HARQ,Default,200,0.2,0,50,162,28.3185,0.188679,56.5002
7267,KB2,HARQ,Default,200,0.2,0,50,147,27.4267,0.203046,58.3373
7268,KB2,HARQ,Default,200,0.2,0,50,168,28.3531,0.183486,56.4312
7269,KB2,HARQ,Default,200,0.2,0,50,207,29.7425,0.155642,53.7951
7270,KB2,HARQ,Default,200,0.2,0,50,180,28.9544,0.173913,55.2593
7271,KB2,HARQ,Default,200,0.2,0,50,145,27.4276,0.205128,58.3354
7272,KB2,HARQ,Default,200,0.2,0,50,168,28.3263,0.183486,56.4846
7273,KB2,HARQ,Default,200,0.2,0,50,193,29.0171,0.164609,55.1399
7274,KB2,HARQ,Default,200,0.2,0,50,190,29.7398,0.166667,53.8
7275,KB2,HARQ,Default,200,0.2,0,50,191,29.1841,0.165975,54.8244
7276,KB2,HARQ,Default,200,0.2,0,50,185,28.7111,0.170213,55.7276
7277,KB2,HARQ,Default,200,0.2,0,50,200,31.0618,0.16,51.5102
7278,KB2,HARQ,Default,200,0.2,0,50,236,31.8111,0.13986,50.2969
7279,KB2,HARQ,Default,200,0.2,0,50,145,28.0798,0.205128,56.9805
7280,KB2,HARQ,Default,200,0.2,0,50,138,27.9619,0.212766,57.2207
7281,KB2,HARQ,Default,200,0.2,0,50,192,29.8194,0.165289,53.6563
7282,KB2,HARQ,Default,200,0.2,0,50,181,29.3503,0.17316,54.5139
7283,KB2,HARQ,Default,200,0.2,0,50,148,28.4605,0.20202,56.2183
7284,KB2,HARQ,Default,200,0.2,0,50,185,29.5929,0.170213,54.067
7285,KB2,HARQ,Default,200,0.2,0,50,141,28.0544,0.209424,57.0321
7286,KB2,HARQ,Default,200,0.2,0,50,227,31.1823,0.144404,51.3112
7287,KB2,HARQ,Default,200,0.2,0,50,153,28.9071,0.197044,55.3497
7288,KB2,HARQ,Default,200,0.2,0,50,157,28.6468,0.193237,55.8527
7289,KB2,HARQ,Default,200,0.2,0,50,203,30.2638,0.158103,52.8684
7290,KB2,HARQ,Default,200,0.2,0,50,98,27.2963,0.27027,58.616
7291,KB2,HARQ,Default,200,0.2,0,50,155,28.4739,0.195122,56.1918
7292,KB2,HARQ,Default,200,0.2,0,50,193,29.7822,0.164609,53.7234
7293,KB2,HARQ,Default,200,0.2,0,50,205,30.2523,0.156863,52.8885
7294,KB2,HARQ,Default,200,0.2,0,50,157,28.4552,0.193237,56.2287
7295,KB2,HARQ,Default,200,0.2,0,50,164,28.684,0.186916,55.7802
7296,KB2,HARQ,Default,200,0.2,0,50,180,29.3044,0.173913,54.5993
7297,KB2,HARQ,Default,200,0.2,0,50,183,29.1351,0.171674,54.9166
7298,KB2,HARQ,Default,200,0.2,0,50,150,27.7801,0.2,57.5952
7299,KB2,HARQ,Default,200,0.2,0,50,140,27.2511,0.210526,58.7132
7300,KB2,HARQ,Default,200,0.2,0,50,181,29.7688,0.17316,53.7475
7301,KB2,HARQ,Default,200,0.2,0,50,160,28.5571,0.190476,56.0281
7302,KB2,HARQ,Default,200,0.2,0,50,168,28.8306,0.183486,55.4966
7303,KB2,HARQ,Default,200,0.2,0,50,3,32.3184,0.754717,49.5074
7304,KB2,HARQ,Default,200,0.2,0,50,206,29.9332,0.15625,53.4524
7305,KB2,HARQ,Default,200,0.2,0,50,238,31.208,0.138889,51.2689
7306,KB2,HARQ,Default,200,0.2,0,50,189,29.308,0.167364,54.5926
7307,KB2,HARQ,Default,200,0.2,0,50,129,27.2293,0.223464,58.7602
7308,KB2,HARQ,Default,200,0.2,0,50,191,29.63,0.165975,53.9993
7309,KB2,HARQ,Default,200,0.2,0,50,188,29.5479,0.168067,54.1494
7310,KB2,HARQ,Default,200,0.2,0,50,209,30.3373,0.15444,52.7404
7311,KB2,HARQ,Default,200,0.2,0,50,214,30.1476,0.151515,53.0722
7312,KB2,HARQ,Default,200,0.2,0,50,208,30.012,0.155039,53.312
7313,KB2,HARQ,Default,200,0.2,0,50,196,29.2416,0.162602,54.7166
7314,KB2,HARQ,Default,200,0.2,0,50,186,28.9598,0.169492,55.249
7315,KB2,HARQ,Default,200,0.2,0,50,182,29.0652,0.172414,55.0486
7316,KB2,HARQ,Default,200,0.2,0,50,160,27.9563,0.190476,57.2322
7317,KB2,HARQ,Default,200,0.2,0,50,215,30.5434,0.150943,52.3845
7318,KB2,HARQ,Default,200,0.2,0,50,164,28.4714,0.186916,56.1967
7319,KB2,HARQ,Default,200,0.2,0,50,105,26.7779,0.258065,59.7508
7320,KB2,HARQ,Default,200,0.2,0,50,141,28.3032,0.209424,56.5307
7321,KB2,HARQ,Default,200,0.2,0,50,152,28.1331,0.19802,56.8725
7322,KB2,HARQ,Default,200,0.2,0,50,160,28.5774,0.190476,55.9883
7323,KB2,HARQ,Default,200,0.2,0,50,156,28.3929,0.194175,56.3521
7324,KB2,HARQ,Default,200,0.2,0,50,130,27.2324,0.222222,58.7535
7325,KB2,HARQ,Default,200,0.2,0,50,125,26.8087,0.228571,59.6821
7326,KB2,HARQ,Default,200,0.2,0,50,183,29.0865,0.171674,55.0083
7327,KB2,HARQ,Default,200,0.2,0,50,183,29.1076,0.171674,54.9685
7328,KB2,HARQ,Default,200,0.2,0,50,154,27.7856,0.196078,57.5838
7329,KB2,HARQ,Default,200,0.2,0,50,161,28.1135,0.189573,56.9122
7330,KB2,HARQ,Default,200,0.2,0,50,205,29.5557,0.156863,54.1351
7331,KB2,HARQ,Default,200,0.2,0,50,168,28.3141,0.183486,56.5089
7332,KB2,HARQ,Default,200,0.2,0,50,155,27.9839,0.195122,57.1757
7333,KB2,HARQ,Default,200,0.2,0,50,189,31.5991,0.167364,50.6344
7334,KB2,HARQ,Default,200,0.2,0,50,181,31.5079,0.17316,50.7809
7335,KB2,HARQ,Default,200,0.2,0,50,184,30.6041,0.17094,52.2806
7336,KB2,HARQ,Default,200,0.2,0,50,200,30.2313,0.16,52.9253
7337,KB2,HARQ,Default,200,0.2,0,50,180,30.5838,0.173913,52.3153
7338,KB2,HARQ,Default,200,0.2,0,50,179,29.8753,0.174672,53.5559
7339,KB2,HARQ,Default,200,0.2,0,50,167,28.7469,0.184332,55.6582
7340,KB2,HARQ,Default,200,0.2,0,50,232,31.0429,0.141844,51.5416
7341,KB2,HARQ,Default,200,0.2,0,50,238,31.464,0.138889,50.8518
7342,KB2,HARQ,Default,200,0.2,0,50,176,28.6556,0.176991,55.8355
7343,KB2,HARQ,Default,200,0.2,0,50,159,27.8581,0.191388,57.4339
7344,KB2,HARQ,Default,200,0.2,0,50,123,26.465,0.231214,60.4572
7345,KB2,HARQ,Default,200,0.2,0,50,205,30.2607,0.156863,52.8739
7346,KB2,HARQ,Default,200,0.2,0,50,216,31.2197,0.150376,51.2497
7347,KB2,HARQ,Default,200,0.2,0,50,170,31.5703,0.181818,50.6805
7348,KB2,HARQ,Default,200,0.2,0,50,215,30.444,0.150943,52.5555
7349,KB2,HARQ,Default,200,0.2,0,50,18,32.9579,0.588235,48.5468
7350,KB2,HARQ,Default,200,0.2,0,50,187,29.455,0.168776,54.3201
7351,KB2,HARQ,Default,200,0.2,0,50,153,28.6065,0.197044,55.9313
7352,KB2,HARQ,Default,200,0.2,0,50,131,27.3578,0.220994,58.4842
7353,KB2,HARQ,Default,200,0.2,0,50,213,30.7623,0.152091,52.0117
7354,KB2,HARQ,Default,200,0.2,0,50,183,29.5253,0.171674,54.1908
7355,KB2,HARQ,Default,200,0.2,0,50,162,29.2334,0.188679,54.7319
7356,KB2,HARQ,Default,200,0.2,0,50,149,28.0313,0.201005,57.0791
7357,KB2,HARQ,Default,200,0.2,0,50,166,28.9349,0.185185,55.2965
7358,KB2,HARQ,Default,200,0.2,0,50,181,29.7687,0.17316,53.7477
7359,KB2,HARQ,Default,200,0.2,0,50,184,29.3463,0.17094,54.5214
7360,KB2,HARQ,Default,200,0.2,0,50,200,29.9107,0.16,53.4926
7361,KB2,HARQ,Default,200,0.2,0,50,192,29.7172,0.165289,53.8409
7362,KB2,HARQ,Default,200,0.2,0,50,177,28.9217,0.176211,55.3218
7363,KB2,HARQ,Default,200,0.2,0,50,195,29.3538,0.163265,54.5074
7364,KB2,HARQ,Default,200,0.2,0,50,212,30.5528,0.152672,52.3684
7365,KB2,HARQ,Default,200,0.2,0,50,177,28.8978,0.176211,55.3675
7366,KB2,HARQ,Default,200,0.2,0,50,158,27.9298,0.192308,57.2865
7367,KB2,HARQ,Default,200,0.2,0,50,152,27.6452,0.19802,57.8762
7368,KB2,HARQ,Default,200,0.2,0,50,143,27.5386,0.207254,58.1003
7369,KB2,HARQ,Default,200,0.2,0,50,160,28.0682,0.190476,57.004
7370,KB2,HARQ,Default,200,0.2,0,50,175,28.9445,0.177778,55.2782
7371,KB2,HARQ,Default,200,0.2,0,50,169,28.6486,0.182648,55.8492
7372,KB2,HARQ,Default,200,0.2,0,50,146,27.5628,0.204082,58.0493
7373,KB2,HARQ,Default,200,0.2,0,50,193,31.0412,0.164609,51.5444
7374,KB2,HARQ,Default,200,0.2,0,50,225,32.0574,0.145455,49.9105
7375,KB2,HARQ,Default,200,0.2,0,50,217,29.9945,0.149813,53.3431
7376,KB2,HARQ,Default,200,0.2,0,50,123,54.0343,0.231214,29.6108
7377,KB2,HARQ,Default,200,0.2,0,50,220,62.6055,0.148148,25.5569
7378,KB2,HARQ,Default,200,0.2,0,50,167,61.6881,0.184332,25.9369
7379,KB2,HARQ,Default,200,0.2,0,50,163,60.8435,0.187793,26.297
7380,KB2,HARQ,Default,200,0.2,0,50,165,46.113,0.186047,34.6974
7381,KB2,HARQ,Default,200,0.2,0,50,215,36.0464,0.150943,44.3872
7382,KB2,HARQ,Default,200,0.2,0,50,167,31.3895,0.184332,50.9725
7383,KB2,HARQ,Default,200,0.2,0,50,253,33.594,0.132013,47.6276
7384,KB2,HARQ,Default,200,0.2,0,50,172,30.9025,0.18018,51.7757
7385,KB2,HARQ,Default,200,0.2,0,50,191,30.6824,0.165975,52.1472
7386,KB2,HARQ,Default,200,0.2,0,50,181,30.62,0.17316,52.2534
7387,KB2,HARQ,Default,200,0.2,0,50,220,32.9709,0.148148,48.5276
7388,KB2,HARQ,Default,200,0.2,0,50,151,33.0721,0.199005,48.3791
7389,KB2,HARQ,Default,200,0.2,0,50,154,28.8086,0.196078,55.539
7390,KB2,HARQ,Default,200,0.2,0,50,131,27.7852,0.220994,57.5846
7391,KB2,HARQ,Default,200,0.2,0,50,180,29.6119,0.173913,54.0323
7392,KB2,HARQ,Default,200,0.2,0,50,136,28.7386,0.215054,55.6742
7393,KB2,HARQ,Default,200,0.2,0,50,180,35.0894,0.173913,45.5978
7394,KB2,HARQ,Default,200,0.2,0,50,253,36.7198,0.132013,43.5732
7395,KB2,HARQ,Default,200,0.2,0,50,194,38.5133,0.163934,41.5441
7396,KB2,HARQ,Default,200,0.2,0,50,128,29.3679,0.224719,54.4813
7397,KB2,HARQ,Default,200,0.2,0,50,172,30.8931,0.18018,51.7915
7398,KB2,HARQ,Default,200,0.2,0,50,217,31.026,0.149813,51.5697
7399,KB2,HARQ,Default,200,0.2,0,50,220,30.9588,0.148148,51.6816
7400,KB2,HARQ,Default,200,0.2,0,50,182,29.4915,0.172414,54.2529
7401,KB2,HARQ,Default,200,0.2,0,50,187,29.4675,0.168776,54.2971
7402,KB2,HARQ,Default,200,0.2,0,50,197,29.8116,0.161943,53.6704
7403,KB2,HARQ,Default,200,0.2,0,50,173,29.0678,0.179372,55.0437
7404,KB2,HARQ,Default,200,0.2,0,50,219,34.097,0.148699,46.9249
7405,KB2,HARQ,Default,200,0.2,0,50,226,31.1298,0.144928,51.3977
7406,KB2,HARQ,Default,200,0.2,0,50,220,30.6751,0.148148,52.1596
7407,KB2,HARQ,Default,200,0.2,0,50,177,29.0835,0.176211,55.014
7408,KB2,HARQ,Default,200,0.2,0,50,175,29.6883,0.177778,53.8933
7409,KB2,HARQ,Default,200,0.2,0,50,173,30.6697,0.179372,52.1688
7410,KB2,HARQ,Default,200,0.2,0,50,187,29.6875,0.168776,53.8947
7411,KB2,HARQ,Default,200,0.2,0,50,201,29.8447,0.159363,53.6109
7412,KB2,HARQ,Default,200,0.2,0,50,149,31.7058,0.201005,50.464
7413,KB2,HARQ,Default,200,0.2,0,50,92,26.3851,0.28169,60.6403
7414,KB2,HARQ,Default,200,0.2,0,50,180,32.6155,0.173913,49.0564
7415,KB2,HARQ,Default,200,0.2,0,50,206,34.8662,0.15625,45.8897
7416,KB2,HARQ,Default,200,0.2,0,50,173,32.0281,0.179372,49.9561
7417,KB2,HARQ,Default,200,0.2,0,50,174,28.9898,0.178571,55.1918
7418,KB2,HARQ,Default,200,0.2,0,50,197,30.6302,0.161943,52.236
7419,KB2,HARQ,Default,200,0.2,0,50,196,30.6622,0.162602,52.1815
7420,KB2,HARQ,Default,200,0.2,0,50,195,33.2142,0.163265,48.1722
7421,KB2,HARQ,Default,200,0.2,0,50,194,30.0844,0.163934,53.1837
7422,KB2,HARQ,Default,200,0.2,0,50,145,27.9554,0.205128,57.234
7423,KB2,HARQ,Default,200,0.2,0,50,198,30.5037,0.16129,52.4527
7424,KB2,HARQ,Default,200,0.2,0,50,212,30.9707,0.152672,51.6617
7425,KB2,HARQ,Default,200,0.2,0,50,186,29.6703,0.169492,53.926
7426,KB2,HARQ,Default,200,0.2,0,50,226,31.7327,0.144928,50.4212
7427,KB2,HARQ,Default,200,0.2,0,50,221,30.7965,0.147601,51.954
7428,KB2,HARQ,Default,200,0.2,0,50,206,34.9047,0.15625,45.8391
7429,KB2,HARQ,Default,200,0.2,0,50,90,25.9502,0.285714,61.6566
7430,KB2,HARQ,Default,200,0.2,0,50,135,27.5519,0.216216,58.0722
7431,KB2,HARQ,Default,200,0.2,0,50,188,29.747,0.168067,53.7869
7432,KB2,HARQ,Default,200,0.2,0,50,193,29.8386,0.164609,53.6218
7433,KB2,HARQ,Default,200,0.2,0,50,201,30.0766,0.159363,53.1975
7434,KB2,HARQ,Default,200,0.2,0,50,186,29.6058,0.169492,54.0435
7435,KB2,HARQ,Default,200,0.2,0,50,160,28.3234,0.190476,56.4904
7436,KB2,HARQ,Default,200,0.2,0,50,152,28.2366,0.19802,56.664
7437,KB2,HARQ,Default,200,0.2,0,50,217,34.1573,0.149813,46.8421
7438,KB2,HARQ,Default,200,0.2,0,50,195,30.5096,0.163265,52.4425
7439,KB2,HARQ,Default,200,0.2,0,50,179,29.5108,0.174672,54.2174
7440,KB2,HARQ,Default,200,0.2,0,50,146,28.5394,0.204082,56.0628
7441,KB2,HARQ,Default,200,0.2,0,50,173,29.2156,0.179372,54.7653
7442,KB2,HARQ,Default,200,0.2,0,50,107,26.652,0.254777,60.033
7443,KB2,HARQ,Default,200,0.2,0,50,181,29.7004,0.17316,53.8713
7444,KB2,HARQ,Default,200,0.2,0,50,137,27.7441,0.213904,57.6699
7445,KB2,HARQ,Default,200,0.2,0,50,183,32.8077,0.171674,48.769
7446,KB2,HARQ,Default,200,0.2,0,50,222,31.1936,0.147059,51.2926
7447,KB2,HARQ,Default,200,0.2,0,50,162,28.8112,0.188679,55.534
7448,KB2,HARQ,Default,200,0.2,0,50,181,29.5064,0.17316,54.2255
7449,KB2,HARQ,Default,200,0.2,0,50,214,30.9744,0.151515,51.6556
7450,KB2,HARQ,Default,200,0.2,0,50,176,29.2383,0.176991,54.7227
7451,KB2,HARQ,Default,200,0.2,0,50,227,30.5691,0.144404,52.3404
7452,KB2,HARQ,Default,200,0.2,0,50,213,30.6724,0.152091,52.1642
7453,KB2,HARQ,Default,200,0.2,0,50,197,32.2154,0.161943,49.6657
7454,KB2,HARQ,Default,200,0.2,0,50,166,30.7453,0.185185,52.0405
7455,KB2,HARQ,Default,200,0.2,0,50,222,31.1948,0.147059,51.2906
7456,KB2,HARQ,Default,200,0.2,0,50,206,30.1425,0.15625,53.0812
7457,KB2,HARQ,Default,200,0.2,0,50,198,30.2106,0.16129,52.9615
7458,KB2,HARQ,Default,200,0.2,0,50,206,30.5083,0.15625,52.4447
7459,KB2,HARQ,Default,200,0.2,0,50,217,30.7346,0.149813,52.0586
7460,KB2,HARQ,Default,200,0.2,0,50,128,27.6078,0.224719,57.9546
7461,KB2,HARQ,Default,200,0.2,0,50,187,29.6634,0.168776,53.9385
7462,KB2,HARQ,Default,200,0.2,0,50,166,34.7899,0.185185,45.9904
7463,KB2,HARQ,Default,200,0.2,0,50,181,30.2799,0.17316,52.8403
7464,KB2,HARQ,Default,200,0.2,0,50,158,31.6679,0.192308,50.5243
7465,KB2,HARQ,Default,200,0.2,0,50,160,29.5907,0.190476,54.071
7466,KB2,HARQ,Default,200,0.2,0,50,168,29.9191,0.183486,53.4775
7467,KB2,HARQ,Default,200,0.2,0,50,187,30.9285,0.168776,51.7322
7468,KB2,HARQ,Default,200,0.2,0,50,174,29.3836,0.178571,54.4521
7469,KB2,HARQ,Default,200,0.2,0,50,195,30.6645,0.163265,52.1776
7470,KB2,HARQ,Default,200,0.2,0,50,175,32.7026,0.177778,48.9258
7471,KB2,HARQ,Default,200,0.2,0,50,182,29.459,0.172414,54.3128
7472,KB2,HARQ,Default,200,0.2,0,50,155,28.3293,0.195122,56.4786
7473,KB2,HARQ,Default,200,0.2,0,50,186,30.574,0.169492,52.332
7474,KB2,HARQ,Default,200,0.2,0,50,205,31.8568,0.156863,50.2248
7475,KB2,HARQ,Default,200,0.2,0,50,174,31.5282,0.178571,50.7482
7476,KB2,HARQ,Default,200,0.2,0,50,152,29.1171,0.19802,54.9505
7477,KB2,HARQ,Default,200,0.2,0,50,188,29.5219,0.168067,54.1971
7478,KB2,HARQ,Default,200,0.2,0,50,197,34.3167,0.161943,46.6245
7479,KB2,HARQ,Default,200,0.2,0,50,232,31.489,0.141844,50.8114
7480,KB2,HARQ,Default,200,0.2,0,50,203,30.5648,0.158103,52.3478
7481,KB2,HARQ,Default,200,0.2,0,50,159,30.2024,0.191388,52.9759
7482,KB2,HARQ,Default,200,0.2,0,50,204,35.9424,0.15748,44.5157
7483,KB2,HARQ,Default,200,0.2,0,50,161,30.2394,0.189573,52.9111
7484,KB2,HARQ,Default,200,0.2,0,50,196,30.6095,0.162602,52.2714
7485,KB2,HARQ,Default,200,0.2,0,50,219,31.2847,0.148699,51.1432
7486,KB2,HARQ,Default,200,0.2,0,50,168,32.4387,0.183486,49.3238
7487,KB2,HARQ,Default,200,0.2,0,50,196,30.5162,0.162602,52.4312
7488,KB2,HARQ,Default,200,0.2,0,50,207,30.8855,0.155642,51.8042
7489,KB2,HARQ,Default,200,0.2,0,50,160,31.0981,0.190476,51.4501
7490,KB2,HARQ,Default,200,0.2,0,50,141,30.2637,0.209424,52.8686
7491,KB2,HARQ,Default,200,0.2,0,50,223,32.2224,0.14652,49.6549
7492,KB2,HARQ,Default,200,0.2,0,50,174,29.4949,0.178571,54.2467
7493,KB2,HARQ,Default,200,0.2,0,50,131,27.7294,0.220994,57.7005
7494,KB2,HARQ,Default,200,0.2,0,50,181,32.4789,0.17316,49.2628
7495,KB2,HARQ,Default,200,0.2,0,50,161,28.4173,0.189573,56.3037
7496,KB2,HARQ,Default,200,0.2,0,50,158,29.5751,0.192308,54.0996
7497,KB2,HARQ,Default,200,0.2,0,50,133,29.329,0.218579,54.5535
7498,KB2,HARQ,Default,200,0.2,0,50,226,34.0292,0.144928,47.0184
7499,KB2,HARQ,Default,200,0.2,0,50,153,29.8234,0.197044,53.6491
7500,KB2,HARQ,Default,200,0.2,0,50,136,28.9197,0.215054,55.3256
7501,KB2,HARQ,Default,200,0.2,0,50,206,30.3374,0.15625,52.7402
7502,KB2,HARQ,Default,200,0.2,0,50,198,33.7199,0.16129,47.4497
7503,KB2,HARQ,Default,200,0.2,0,50,209,30.4872,0.15444,52.481
7504,KB2,HARQ,Default,200,0.2,0,50,182,30.5749,0.172414,52.3305
7505,KB2,HARQ,Default,200,0.2,0,50,164,29.4215,0.186916,54.382
7506,KB2,HARQ,Default,200,0.2,0,50,201,32.6018,0.159363,49.077
7507,KB2,HARQ,Default,200,0.2,0,50,194,32.9695,0.163934,48.5297
7508,KB2,HARQ,Default,200,0.2,0,50,208,31.6432,0.155039,50.5638
7509,KB2,HARQ,Default,200,0.2,0,50,180,29.417,0.173913,54.3903
7510,KB2,HARQ,Default,200,0.2,0,50,160,32.1257,0.190476,49.8044
7511,KB2,HARQ,Default,200,0.2,0,50,108,26.5817,0.253165,60.1918
7512,KB2,HARQ,Default,200,0.2,0,50,224,31.007,0.145985,51.6013
7513,KB2,HARQ,Default,200,0.2,0,50,182,31.2207,0.172414,51.2481
7514,KB2,HARQ,Default,200,0.2,0,50,178,32.0272,0.175439,49.9575
7515,KB2,HARQ,Default,200,0.2,0,50,196,31.6797,0.162602,50.5055
7516,KB2,HARQ,Default,200,0.2,0,50,16,32.9848,0.606061,48.5072
7517,KB2,HARQ,Default,200,0.2,0,50,123,27.2528,0.231214,58.7096
7518,KB2,HARQ,Default,200,0.2,0,50,154,31.9851,0.196078,50.0233
7519,KB2,HARQ,Default,200,0.2,0,50,157,29.8776,0.193237,53.5518
7520,KB2,HARQ,Default,200,0.2,0,50,195,29.7231,0.163265,53.8302
7521,KB2,HARQ,Default,200,0.2,0,50,211,30.4127,0.153257,52.6096
7522,KB2,HARQ,Default,200,0.2,0,50,156,28.6286,0.194175,55.8882
7523,KB2,HARQ,Default,200,0.2,0,50,113,26.9525,0.245399,59.3637
7524,KB2,HARQ,Default,200,0.2,0,50,175,31.6518,0.177778,50.55
7525,KB2,HARQ,Default,200,0.2,0,50,211,33.1261,0.153257,48.3003
7526,KB2,HARQ,Default,200,0.2,0,50,229,35.528,0.143369,45.0349
7527,KB2,HARQ,Default,200,0.2,0,50,183,34.1581,0.171674,46.841
7528,KB2,HARQ,Default,200,0.2,0,50,203,30.2782,0.158103,52.8433
7529,KB2,HARQ,Default,200,0.2,0,50,161,28.5888,0.189573,55.966
7530,KB2,HARQ,Default,200,0.2,0,50,177,29.3802,0.176211,54.4584
7531,KB2,HARQ,Default,200,0.2,0,50,198,30.2368,0.16129,52.9157
7532,KB2,HARQ,Default,200,0.2,0,50,146,28.1961,0.204082,56.7454
7533,KB2,HARQ,Default,200,0.2,0,50,174,29.7996,0.178571,53.692
7534,KB2,HARQ,Default,200,0.2,0,50,224,34.2421,0.145985,46.7261
7535,KB2,HARQ,Default,200,0.2,0,50,159,37.3427,0.191388,42.8464
7536,KB2,HARQ,Default,200,0.2,0,50,153,29.2705,0.197044,54.6625
7537,KB2,HARQ,Default,200,0.2,0,50,190,29.8303,0.166667,53.6367
7538,KB2,HARQ,Default,200,0.2,0,50,135,27.9466,0.216216,57.252
7539,KB2,HARQ,Default,200,0.2,0,50,228,31.0553,0.143885,51.521
7540,KB2,HARQ,Default,200,0.2,0,50,207,31.0947,0.155642,51.4557
7541,KB2,HARQ,Default,200,0.2,0,50,211,30.3801,0.153257,52.6661
7542,KB2,HARQ,Default,200,0.2,0,50,218,31.7177,0.149254,50.445
7543,KB2,HARQ,Default,200,0.2,0,50,160,31.7963,0.190476,50.3203
7544,KB2,HARQ,Default,200,0.2,0,50,147,28.8874,0.203046,55.3875
7545,KB2,HARQ,Default,200,0.2,0,50,252,33.5803,0.13245,47.647
7546,KB2,HARQ,Default,200,0.2,0,50,220,33.1598,0.148148,48.2512
7547,KB2,HARQ,Default,200,0.2,0,50,202,33.0842,0.15873,48.3615
7548,KB2,HARQ,Default,200,0.2,0,50,192,30.0319,0.165289,53.2767
7549,KB2,HARQ,Default,200,0.2,0,50,159,28.9016,0.191388,55.3603
7550,KB2,HARQ,Default,200,0.2,0,50,221,33.3291,0.147601,48.0061
7551,KB2,HARQ,Default,200,0.2,0,50,166,30.3896,0.185185,52.6496
7552,KB2,HARQ,Default,200,0.2,0,50,207,30.4876,0.155642,52.4804
7553,KB2,HARQ,Default,200,0.2,0,50,197,29.9313,0.161943,53.4557
7554,KB2,HARQ,Default,200,0.2,0,50,170,30.1405,0.181818,53.0847
7555,KB2,HARQ,Default,200,0.2,0,50,115,29.246,0.242424,54.7083
7556,KB2,HARQ,Default,200,0.2,0,50,180,31.6878,0.173913,50.4926
7557,KB2,HARQ,Default,200,0.2,0,50,207,32.3171,0.155642,49.5094
7558,KB2,HARQ,Default,200,0.2,0,50,178,29.7589,0.175439,53.7654
7559,KB2,HARQ,Default,200,0.2,0,50,183,33.9469,0.171674,47.1324
7560,KB2,HARQ,Default,200,0.2,0,50,223,30.959,0.14652,51.6813
7561,KB2,HARQ,Default,200,0.2,0,50,142,27.7458,0.208333,57.6664
7562,KB2,HARQ,Default,200,0.2,0,50,231,30.9029,0.142349,51.7751
7563,KB2,HARQ,Default,200,0.2,0,50,184,30.8335,0.17094,51.8916
7564,KB2,HARQ,Default,200,0.2,0,50,142,30.0194,0.208333,53.2989
7565,KB2,HARQ,Default,200,0.2,0,50,149,32.5175,0.201005,49.2043
7566,KB2,HARQ,Default,200,0.2,0,50,124,27.9177,0.229885,57.3113
7567,KB2,HARQ,Default,200,0.2,0,50,146,31.2439,0.204082,51.21
7568,KB2,HARQ,Default,200,0.2,0,50,193,29.7498,0.164609,53.7819
7569,KB2,HARQ,Default,200,0.2,0,50,189,30.0096,0.167364,53.3163
7570,KB2,HARQ,Default,200,0.2,0,50,216,31.0574,0.150376,51.5175
7571,KB2,HARQ,Default,200,0.2,0,50,185,30.4471,0.170213,52.5502
7572,KB2,HARQ,Default,200,0.2,0,50,191,30.773,0.165975,51.9936
7573,KB2,HARQ,Default,200,0.2,0,50,222,33.7905,0.147059,47.3506
7574,KB2,HARQ,Default,200,0.2,0,50,179,31.7649,0.174672,50.3701
7575,KB2,HARQ,Default,200,0.2,0,50,196,34.6567,0.162602,46.1671
7576,KB2,HARQ,Default,200,0.2,0,50,168,28.9842,0.183486,55.2025
7577,KB2,HARQ,Default,200,0.2,0,50,174,29.2422,0.178571,54.7154
7578,KB2,HARQ,Default,200,0.2,0,50,170,29.0524,0.181818,55.0729
7579,KB2,HARQ,Default,200,0.2,0,50,157,28.9267,0.193237,55.3122
7580,KB2,HARQ,Default,200,0.2,0,50,175,30.738,0.177778,52.0528
7581,KB2,HARQ,Default,200,0.2,0,50,187,32.0709,0.168776,49.8895
7582,KB2,HARQ,Default,200,0.2,0,50,194,31.9149,0.163934,50.1333
7583,KB2,HARQ,Default,200,0.2,0,50,136,31.8413,0.215054,50.2492
7584,KB2,HARQ,Default,200,0.2,0,50,194,29.9455,0.163934,53.4304
7585,KB2,HARQ,Default,200,0.2,0,50,124,27.0872,0.229885,59.0685
7586,KB2,HARQ,Default,200,0.2,0,50,181,39.817,0.17316,40.1838
7587,KB2,HARQ,Default,200,0.2,0,50,231,38.013,0.142349,42.0909
7588,KB2,HARQ,Default,200,0.2,0,50,158,28.8482,0.192308,55.4627
7589,KB2,HARQ,Default,200,0.2,0,50,155,31.0576,0.195122,51.5172
7590,KB2,HARQ,Default,200,0.2,0,50,213,33.6866,0.152091,47.4966
7591,KB2,HARQ,Default,200,0.2,0,50,153,39.1299,0.197044,40.8894
7592,KB2,HARQ,Default,200,0.2,0,50,171,29.2353,0.180995,54.7284
7593,KB2,HARQ,Default,200,0.2,0,50,153,28.1935,0.197044,56.7507
7594,KB2,HARQ,Default,200,0.2,0,50,214,30.8289,0.151515,51.8994
7595,KB2,HARQ,Default,200,0.2,0,50,224,31.0234,0.145985,51.574
7596,KB2,HARQ,Default,200,0.2,0,50,155,28.2956,0.195122,56.5459
7597,KB2,HARQ,Default,200,0.2,0,50,194,29.7549,0.163934,53.7727
7598,KB2,HARQ,Default,200,0.2,0,50,146,29.5964,0.204082,54.0606
7599,KB2,HARQ,Default,200,0.2,0,50,156,41.6238,0.194175,38.4395
7600,KB2,HARQ,Default,200,0.2,0,50,218,32.6732,0.149254,48.9698
7601,KB2,HARQ,Default,200,0.2,0,50,149,29.4079,0.201005,54.4071
7602,KB2,HARQ,Default,200,0.2,0,50,196,30.3339,0.162602,52.7463
7603,KB2,HARQ,Default,200,0.2,0,50,154,28.3857,0.196078,56.3664
7604,KB2,HARQ,Default,200,0.2,0,50,148,28.2304,0.20202,56.6765
7605,KB2,HARQ,Default,200,0.2,0,50,198,30.114,0.16129,53.1314
7606,KB2,HARQ,Default,200,0.2,0,50,200,30.1014,0.16,53.1537
7607,KB2,HARQ,Default,200,0.2,0,50,177,36.1871,0.176211,44.2147
7608,KB2,HARQ,Default,200,0.2,0,50,132,28.6677,0.21978,55.8119
7609,KB2,HARQ,Default,200,0.2,0,50,213,32.8965,0.152091,48.6374
7610,KB2,HARQ,Default,200,0.2,0,50,212,32.2216,0.152672,49.6561
7611,KB2,HARQ,Default,200,0.2,0,50,162,28.6382,0.188679,55.8694
7612,KB2,HARQ,Default,200,0.2,0,50,159,28.4563,0.191388,56.2266
7613,KB2,HARQ,Default,200,0.2,0,50,225,31.9866,0.145455,50.0209
7614,KB2,HARQ,Default,200,0.2,0,50,203,30.3712,0.158103,52.6815
7615,KB2,HARQ,Default,200,0.2,0,50,188,32.8185,0.168067,48.753
7616,KB2,HARQ,Default,200,0.2,0,50,183,30.6394,0.171674,52.2203
7617,KB2,HARQ,Default,200,0.2,0,50,161,31.7004,0.189573,50.4725
7618,KB2,HARQ,Default,200,0.2,0,50,129,30.4256,0.223464,52.5873
7619,KB2,HARQ,Default,200,0.2,0,50,175,30.3388,0.177778,52.7377
7620,KB2,HARQ,Default,200,0.2,0,50,178,29.2763,0.175439,54.6517
7621,KB2,HARQ,Default,200,0.2,0,50,210,30.573,0.153846,52.3338
7622,KB2,HARQ,Default,200,0.2,0,50,207,30.2414,0.155642,52.9076
7623,KB2,HARQ,Default,200,0.2,0,50,219,35.4844,0.148699,45.0902
7624,KB2,HARQ,Default,200,0.2,0,50,140,27.6895,0.210526,57.7836
7625,KB2,HARQ,Default,200,0.2,0,50,184,29.4343,0.17094,54.3584
7626,KB2,HARQ,Default,200,0.2,0,50,247,34.4706,0.13468,46.4164
7627,KB2,HARQ,Default,200,0.2,0,50,205,32.6974,0.156863,48.9336
7628,KB2,HARQ,Default,200,0.2,0,50,185,32.2275,0.170213,49.647
7629,KB2,HARQ,Default,200,0.2,0,50,172,29.1633,0.18018,54.8635
7630,KB2,HARQ,Default,200,0.2,0,50,251,31.8831,0.13289,50.1833
7631,KB2,HARQ,Default,200,0.2,0,50,210,34.6611,0.153846,46.1613
7632,KB2,HARQ,Default,200,0.2,0,50,170,29.1305,0.181818,54.9253
7633,KB2,HARQ,Default,200,0.2,0,50,184,29.6468,0.17094,53.9687
7634,KB2,HARQ,Default,200,0.2,0,50,255,32.2821,0.131148,49.5631
7635,KB2,HARQ,Default,200,0.2,0,50,190,29.6071,0.166667,54.0411
7636,KB2,HARQ,Default,200,0.2,0,50,135,27.5804,0.216216,58.0122
7637,KB2,HARQ,Default,200,0.2,0,50,132,27.4233,0.21978,58.3445
7638,KB2,HARQ,Default,200,0.2,0,50,190,29.6964,0.166667,53.8786
7639,KB2,HARQ,Default,200,0.2,0,50,217,34.7548,0.149813,46.0368
7640,KB2,HARQ,Default,200,0.2,0,50,179,29.6644,0.174672,53.9367
7641,KB2,HARQ,Default,200,0.2,0,50,152,28.543,0.19802,56.0558
7642,KB2,HARQ,Default,200,0.2,0,50,233,31.5911,0.141343,50.6472
7643,KB2,HARQ,Default,200,0.2,0,50,204,30.0971,0.15748,53.1613
7644,KB2,HARQ,Default,200,0.2,0,50,175,30.3616,0.177778,52.6981
7645,KB2,HARQ,Default,200,0.2,0,50,144,29.1393,0.206186,54.9087
7646,KB2,HARQ,Default,200,0.2,0,50,215,30.9616,0.150943,51.6769
7647,KB2,HARQ,Default,200,0.2,0,50,219,34.946,0.148699,45.7849
7648,KB2,HARQ,Default,200,0.2,0,50,203,30.0865,0.158103,53.18
7649,KB2,HARQ,Default,200,0.2,0,50,165,30.0675,0.186047,53.2136
7650,KB2,HARQ,Default,200,0.2,0,50,192,30.9019,0.165289,51.7768
7651,KB2,HARQ,Default,200,0.2,0,50,170,28.9834,0.181818,55.204
7652,KB2,HARQ,Default,200,0.2,0,50,171,30.3416,0.180995,52.7329
7653,KB2,HARQ,Default,200,0.2,0,50,174,29.3763,0.178571,54.4657
7654,KB2,HARQ,Default,200,0.2,0,50,184,29.2791,0.17094,54.6465
7655,KB2,HARQ,Default,200,0.2,0,50,178,32.1427,0.175439,49.778
7656,KB2,HARQ,Default,200,0.2,0,50,190,32.7635,0.166667,48.8348
7657,KB2,HARQ,Default,200,0.2,0,50,196,30.3327,0.162602,52.7484
7658,KB2,HARQ,Default,200,0.2,0,50,127,27.2957,0.225989,58.6173
7659,KB2,HARQ,Default,200,0.2,0,50,191,29.8347,0.165975,53.6288
7660,KB2,HARQ,Default,200,0.2,0,50,209,30.3891,0.15444,52.6505
7661,KB2,HARQ,Default,200,0.2,0,50,132,27.5051,0.21978,58.171
7662,KB2,HARQ,Default,200,0.2,0,50,159,28.6135,0.191388,55.9177
7663,KB2,HARQ,Default,200,0.2,0,50,216,30.5624,0.150376,52.3519
7664,KB2,HARQ,Default,200,0.2,0,50,160,32.3156,0.190476,49.5117
7665,KB2,HARQ,Default,200,0.2,0,50,230,33.5962,0.142857,47.6244
7666,KB2,HARQ,Default,200,0.2,0,50,125,28.5721,0.228571,55.9987
7667,KB2,HARQ,Default,200,0.2,0,50,211,30.8487,0.153257,51.866
7668,KB2,HARQ,Default,200,0.2,0,50,203,30.2546,0.158103,52.8845
7669,KB2,HARQ,Default,200,0.2,0,50,92,25.9733,0.28169,61.6017
7670,KB2,HARQ,Default,200,0.2,0,50,207,30.8926,0.155642,51.7923
7671,KB2,HARQ,Default,200,0.2,0,50,232,31.4152,0.141844,50.9308
7672,KB2,HARQ,Default,200,0.2,0,50,181,33.9286,0.17316,47.1579
7673,KB2,HARQ,Default,200,0.2,0,50,175,29.5847,0.177778,54.082
7674,KB2,HARQ,Default,200,0.2,0,50,182,30.6707,0.172414,52.1671
7675,KB2,HARQ,Default,200,0.2,0,50,144,30.9226,0.206186,51.7421
7676,KB2,HARQ,Default,200,0.2,0,50,219,33.4049,0.148699,47.8972
7677,KB2,HARQ,Default,200,0.2,0,50,144,29.8769,0.206186,53.5531
7678,KB2,HARQ,Default,200,0.2,0,50,222,31.7332,0.147059,50.4204
7679,KB2,HARQ,Default,200,0.2,0,50,212,31.0386,0.152672,51.5487
7680,KB2,HARQ,Default,200,0.2,0,50,217,34.2728,0.149813,46.6843
7681,KB2,HARQ,Default,200,0.2,0,50,177,29.1924,0.176211,54.8088
7682,KB2,HARQ,Default,200,0.2,0,50,167,28.8837,0.184332,55.3946
7683,KB2,HARQ,Default,200,0.2,0,50,249,32.0368,0.133779,49.9426
7684,KB2,HARQ,Default,200,0.2,0,50,131,28.7658,0.220994,55.6216
7685,KB2,HARQ,Default,200,0.2,0,50,202,32.0688,0.15873,49.8927
7686,KB2,HARQ,Default,200,0.2,0,50,221,33.5512,0.147601,47.6883
7687,KB2,HARQ,Default,200,0.2,0,50,185,30.6403,0.170213,52.2188
7688,KB2,HARQ,Default,200,0.2,0,50,211,35.5083,0.153257,45.0599
7689,KB2,HARQ,Default,200,0.2,0,50,200,30.0258,0.16,53.2875
7690,KB2,HARQ,Default,200,0.2,0,50,222,31.0444,0.147059,51.5391
7691,KB2,HARQ,Default,200,0.2,0,50,187,29.4857,0.168776,54.2636
7692,KB2,HARQ,Default,200,0.2,0,50,128,27.4864,0.224719,58.2106
7693,KB2,HARQ,Default,200,0.2,0,50,149,27.9913,0.201005,57.1606
7694,KB2,HARQ,Default,200,0.2,0,50,132,29.8355,0.21978,53.6274
7695,KB2,HARQ,Default,200,0.2,0,50,218,32.9893,0.149254,48.5006
7696,KB2,HARQ,Default,200,0.2,0,50,146,32.5518,0.204082,49.1524
7697,KB2,HARQ,Default,200,0.2,0,50,197,29.8382,0.161943,53.6225
7698,KB2,HARQ,Default,200,0.2,0,50,223,30.7993,0.14652,51.9492
7699,KB2,HARQ,Default,200,0.2,0,50,226,30.9431,0.144928,51.7078
7700,KB2,HARQ,Default,200,0.2,0,50,151,28.1998,0.199005,56.738
7701,KB2,HARQ,Default,200,0.2,0,50,129,28.2364,0.223464,56.6644
7702,KB2,HARQ,Default,200,0.2,0,50,194,31.8218,0.163934,50.28
7703,KB2,HARQ,Default,200,0.2,0,50,159,30.2552,0.191388,52.8835
7704,KB2,HARQ,Default,200,0.2,0,50,177,30.9927,0.176211,51.6251
7705,KB2,HARQ,Default,200,0.2,0,50,166,30.0037,0.185185,53.3268
7706,KB2,HARQ,Default,200,0.2,0,50,208,30.8374,0.155039,51.885
7707,KB2,HARQ,Default,200,0.2,0,50,105,26.3783,0.258065,60.6559
7708,KB2,HARQ,Default,200,0.2,0,50,225,31.2769,0.145455,51.156
7709,KB2,HARQ,Default,200,0.2,0,50,119,27.1839,0.236686,58.8584
7710,KB2,HARQ,Default,200,0.2,0,50,219,31.0233,0.148699,51.5741
7711,KB2,HARQ,Default,200,0.2,0,50,226,31.0989,0.144928,51.4488
7712,KB2,HARQ,Default,200,0.2,0,50,193,29.9114,0.164609,53.4913
7713,KB2,HARQ,Default,200,0.2,0,50,191,29.7946,0.165975,53.701
7714,KB2,HARQ,Default,200,0.2,0,50,149,28.3821,0.201005,56.3736
7715,KB2,HARQ,Default,200,0.2,0,50,170,28.9531,0.181818,55.2618
7716,KB2,HARQ,Default,200,0.2,0,50,191,29.7486,0.165975,53.784
7717,KB2,HARQ,Default,200,0.2,0,50,223,30.8255,0.14652,51.9051
7718,KB2,HARQ,Default,200,0.2,0,50,157,27.8954,0.193237,57.3571
7719,KB2,HARQ,Default,200,0.2,0,50,203,29.7004,0.158103,53.8713
7720,KB2,HARQ,Default,200,0.2,0,50,164,28.5709,0.186916,56.001
7721,KB2,HARQ,Default,200,0.2,0,50,179,28.8394,0.174672,55.4797
7722,KB2,HARQ,Default,200,0.2,0,50,232,31.0742,0.141844,51.4897
7723,KB2,HARQ,Default,200,0.2,0,50,204,29.6481,0.15748,53.9664
7724,KB2,HARQ,Default,200,0.2,0,50,193,29.3583,0.164609,54.4991
7725,KB2,HARQ,Default,200,0.2,0,50,190,29.0681,0.166667,55.0432
7726,KB2,HARQ,Default,200,0.2,0,50,186,29.0626,0.169492,55.0536
7727,KB2,HARQ,Default,200,0.2,0,50,179,28.6349,0.174672,55.8759
7728,KB2,HARQ,Default,200,0.2,0,50,213,32.2259,0.152091,49.6495
7729,KB2,HARQ,Default,200,0.2,0,50,207,31.137,0.155642,51.3858
7730,KB2,HARQ,Default,200,0.2,0,50,222,30.5502,0.147059,52.3728
7731,KB2,HARQ,Default,200,0.2,0,50,228,30.7054,0.143885,52.1081
7732,KB2,HARQ,Default,200,0.2,0,50,169,28.74,0.182648,55.6715
7733,KB2,HARQ,Default,200,0.2,0,50,175,29.107,0.177778,54.9696
7734,KB2,HARQ,Default,200,0.2,0,50,187,29.6767,0.168776,53.9144
7735,KB2,HARQ,Default,200,0.2,0,50,207,30.0704,0.155642,53.2085
7736,KB2,HARQ,Default,200,0.2,0,50,163,28.2677,0.187793,56.6017
7737,KB2,HARQ,Default,200,0.2,0,50,171,28.3793,0.180995,56.3791
7738,KB2,HARQ,Default,200,0.2,0,50,199,29.7195,0.160643,53.8367
7739,KB2,HARQ,Default,200,0.2,0,50,199,29.7637,0.160643,53.7568
7740,KB2,HARQ,Default,200,0.2,0,50,107,26.528,0.254777,60.3136
7741,KB2,HARQ,Default,200,0.2,0,50,166,28.74,0.185185,55.6715
7742,KB2,HARQ,Default,200,0.2,0,50,207,31.0505,0.155642,51.529
7743,KB2,HARQ,Default,200,0.2,0,50,130,27.9696,0.222222,57.205
7744,KB2,HARQ,Default,200,0.2,0,50,155,28.8462,0.195122,55.4666
7745,KB2,HARQ,Default,200,0.2,0,50,188,29.676,0.168067,53.9156
7746,KB2,HARQ,Default,200,0.2,0,50,138,27.9722,0.212766,57.1996
7747,KB2,HARQ,Default,200,0.2,0,50,184,29.6536,0.17094,53.9563
7748,KB2,HARQ,Default,200,0.2,0,50,175,29.3998,0.177778,54.4221
7749,KB2,HARQ,Default,200,0.2,0,50,140,27.7334,0.210526,57.6922
7750,KB2,HARQ,Default,200,0.2,0,50,214,30.749,0.151515,52.0342
7751,KB2,HARQ,Default,200,0.2,0,50,183,29.4129,0.171674,54.3979
7752,KB2,HARQ,Default,200,0.2,0,50,119,26.9701,0.236686,59.325
7753,KB2,HARQ,Default,200,0.2,0,50,197,29.8971,0.161943,53.5169
7754,KB2,HARQ,Default,200,0.2,0,50,172,29.2367,0.18018,54.7257
7755,KB2,HARQ,Default,200,0.2,0,50,156,28.2096,0.194175,56.7183
7756,KB2,HARQ,Default,200,0.2,0,50,197,29.8424,0.161943,53.615
7757,KB2,HARQ,Default,200,0.2,0,50,147,28.4176,0.203046,56.3031
7758,KB2,HARQ,Default,200,0.2,0,50,179,29.1465,0.174672,54.8951
7759,KB2,HARQ,Default,200,0.2,0,50,1,31.5879,0.784314,50.6523
7760,KB2,HARQ,Default,200,0.2,0,50,179,30.1187,0.174672,53.1231
7761,KB2,HARQ,Default,200,0.2,0,50,133,26.9751,0.218579,59.314
7762,KB2,HARQ,Default,200,0.2,0,50,159,28.2894,0.191388,56.5583
7763,KB2,HARQ,Default,200,0.2,0,50,214,30.7156,0.151515,52.0908
7764,KB2,HARQ,Default,200,0.2,0,50,200,29.9302,0.16,53.4577
7765,KB2,HARQ,Default,200,0.2,0,50,170,28.9272,0.181818,55.3113
7766,KB2,HARQ,Default,200,0.2,0,50,234,31.3625,0.140845,51.0163
7767,KB2,HARQ,Default,200,0.2,0,50,179,29.4659,0.174672,54.3001
7768,KB2,HARQ,Default,200,0.2,0,50,235,31.2533,0.140351,51.1946
7769,KB2,HARQ,Default,200,0.2,0,50,227,30.3797,0.144404,52.6667
7770,KB2,HARQ,Default,200,0.2,0,50,175,29.3153,0.177778,54.579
7771,KB2,HARQ,Default,200,0.2,0,50,167,28.1171,0.184332,56.9049
7772,KB2,HARQ,Default,200,0.2,0,50,125,26.8725,0.228571,59.5404
7773,KB2,HARQ,Default,200,0.2,0,50,168,28.9161,0.183486,55.3325
7774,KB2,HARQ,Default,200,0.2,0,50,192,29.8293,0.165289,53.6385
7775,KB2,HARQ,Default,200,0.2,0,50,182,29.358,0.172414,54.4996
7776,KB2,HARQ,Default,200,0.2,0,50,197,30.0664,0.161943,53.2155
7777,KB2,HARQ,Default,200,0.2,0,50,200,30.5953,0.16,52.2956
7778,KB2,HARQ,Default,200,0.2,0,50,158,28.583,0.192308,55.9773
7779,KB2,HARQ,Default,200,0.2,0,50,196,29.9512,0.162602,53.4202
7780,KB2,HARQ,Default,200,0.2,0,50,214,30.8016,0.151515,51.9454
7781,KB2,HARQ,Default,200,0.2,0,50,191,31.4398,0.165975,50.8909
7782,KB2,HARQ,Default,200,0.2,0,50,186,29.8699,0.169492,53.5656
7783,KB2,HARQ,Default,200,0.2,0,50,228,31.149,0.143885,51.366
7784,KB2,HARQ,Default,200,0.2,0,50,165,28.8928,0.186047,55.3771
7785,KB2,HARQ,Default,200,0.2,0,50,171,29.2801,0.180995,54.6446
7786,KB2,HARQ,Default,200,0.2,0,50,202,30.1555,0.15873,53.0583
7787,KB2,HARQ,Default,200,0.2,0,50,189,28.9402,0.167364,55.2864
7788,KB2,HARQ,Default,200,0.2,0,50,216,32.574,0.150376,49.1189
7789,KB2,HARQ,Default,200,0.2,0,50,143,28.0428,0.207254,57.0556
7790,KB2,HARQ,Default,200,0.2,0,50,183,29.4482,0.171674,54.3327
7791,KB2,HARQ,Default,200,0.2,0,50,212,30.5989,0.152672,52.2895
7792,KB2,HARQ,Default,200,0.2,0,50,190,29.4552,0.166667,54.3198
7793,KB2,HARQ,Default,200,0.2,0,50,198,30.593,0.16129,52.2995
7794,KB2,HARQ,Default,200,0.2,0,50,242,31.0234,0.136986,51.574
7795,KB2,HARQ,Default,200,0.2,0,50,183,34.406,0.171674,46.5035
7796,KB2,HARQ,Default,200,0.2,0,50,191,30.0701,0.165975,53.209
7797,KB2,HARQ,Default,200,0.2,0,50,197,29.7812,0.161943,53.7252
7798,KB2,HARQ,Default,200,0.2,0,50,200,29.9665,0.16,53.393
7799,KB2,HARQ,Default,200,0.2,0,50,192,29.6957,0.165289,53.8799
7800,KB2,HARQ,Default,200,0.2,0,50,175,29.3699,0.177778,54.4775
7801,KB2,HARQ,Default,200,0.2,0,50,204,30.8322,0.15748,51.8938
7802,KB2,HARQ,Default,200,0.2,0,50,174,29.1529,0.178571,54.883
7803,KB2,HARQ,Default,200,0.2,0,50,160,28.3879,0.190476,56.362
7804,KB2,HARQ,Default,200,0.2,0,50,181,29.4148,0.17316,54.3944
7805,KB2,HARQ,Default,200,0.2,0,50,248,31.6945,0.134228,50.4819
7806,KB2,HARQ,Default,200,0.2,0,50,178,28.762,0.175439,55.629
7807,KB2,HARQ,Default,200,0.2,0,50,178,28.8138,0.175439,55.5289
7808,KB2,HARQ,Default,200,0.2,0,50,155,28.6869,0.195122,55.7746
7809,KB2,HARQ,Default,200,0.2,0,50,181,29.7873,0.17316,53.7142
7810,KB2,HARQ,Default,200,0.2,0,50,217,30.8847,0.149813,51.8056
7811,KB2,HARQ,Default,200,0.2,0,50,207,31.1631,0.155642,51.3428
7812,KB2,HARQ,Default,200,0.2,0,50,223,30.8187,0.14652,51.9165
7813,KB2,HARQ,Default,200,0.2,0,50,226,31.2009,0.144928,51.2806
7814,KB2,HARQ,Default,200,0.2,0,50,207,30.945,0.155642,51.7046
7815,KB2,HARQ,Default,200,0.2,0,50,144,27.96,0.206186,57.2246
7816,KB2,HARQ,Default,200,0.2,0,50,205,30.082,0.156863,53.188
7817,KB2,HARQ,Default,200,0.2,0,50,162,28.9553,0.188679,55.2576
7818,KB2,HARQ,Default,200,0.2,0,50,212,30.345,0.152672,52.727
7819,KB2,HARQ,Default,200,0.2,0,50,197,29.7779,0.161943,53.7311
7820,KB2,HARQ,Default,200,0.2,0,50,164,28.5784,0.186916,55.9863
7821,KB2,HARQ,Default,200,0.2,0,50,173,28.9504,0.179372,55.2669
7822,KB2,HARQ,Default,200,0.2,0,50,157,28.0522,0.193237,57.0365
7823,KB2,HARQ,Default,200,0.2,0,50,204,31.1005,0.15748,51.4461
7824,KB2,HARQ,Default,200,0.2,0,50,195,29.6988,0.163265,53.8742
7825,KB2,HARQ,Default,200,0.2,0,50,158,27.937,0.192308,57.2717
7826,KB2,HARQ,Default,200,0.2,0,50,179,29.1134,0.174672,54.9575
7827,KB2,HARQ,Default,200,0.2,0,50,144,28.3144,0.206186,56.5083
7828,KB2,HARQ,Default,200,0.2,0,50,221,30.5502,0.147601,52.3728
7829,KB2,HARQ,Default,200,0.2,0,50,193,29.9495,0.164609,53.4233
7830,KB2,HARQ,Default,200,0.2,0,50,199,29.8622,0.160643,53.5794
7831,KB2,HARQ,Default,200,0.2,0,50,182,29.1906,0.172414,54.8122
7832,KB2,HARQ,Default,200,0.2,0,50,233,31.1177,0.141343,51.4177
7833,KB2,HARQ,Default,200,0.2,0,50,165,28.9555,0.186047,55.2572
7834,KB2,HARQ,Default,200,0.2,0,50,191,29.7787,0.165975,53.7297
7835,KB2,HARQ,Default,200,0.2,0,50,158,28.182,0.192308,56.7738
7836,KB2,HARQ,Default,200,0.2,0,50,167,28.6892,0.184332,55.7701
7837,KB2,HARQ,Default,200,0.2,0,50,116,26.6302,0.240964,60.0822
7838,KB2,HARQ,Default,200,0.2,0,50,208,30.1832,0.155039,53.0096
7839,KB2,HARQ,Default,200,0.2,0,50,148,27.7045,0.20202,57.7524
7840,KB2,HARQ,Default,200,0.2,0,50,144,28.347,0.206186,56.4434
7841,KB2,HARQ,Default,200,0.2,0,50,163,28.0301,0.187793,57.0815
7842,KB2,HARQ,Default,200,0.2,0,50,162,27.8815,0.188679,57.3857
7843,KB2,HARQ,Default,200,0.2,0,50,186,29.3702,0.169492,54.477
7844,KB2,HARQ,Default,200,0.2,0,50,156,28.2885,0.194175,56.5601
7845,KB2,HARQ,Default,200,0.2,0,50,222,30.9098,0.147059,51.7635
7846,KB2,HARQ,Default,200,0.2,0,50,174,29.2145,0.178571,54.7673
7847,KB2,HARQ,Default,200,0.2,0,50,214,30.4205,0.151515,52.5961
7848,KB2,HARQ,Default,200,0.2,0,50,185,29.5244,0.170213,54.1925
7849,KB2,HARQ,Default,200,0.2,0,50,161,28.9925,0.189573,55.1867
7850,KB2,HARQ,Default,200,0.2,0,50,176,28.9443,0.176991,55.2786
7851,KB2,HARQ,Default,200,0.2,0,50,150,28.1731,0.2,56.7918
7852,KB2,HARQ,Default,200,0.2,0,50,187,29.5413,0.168776,54.1615
7853,KB2,HARQ,Default,200,0.2,0,50,182,28.9225,0.172414,55.3203
7854,KB2,HARQ,Default,200,0.2,0,50,169,28.3005,0.182648,56.5361
7855,KB2,HARQ,Default,200,0.2,0,50,180,29.3561,0.173913,54.5032
7856,KB2,HARQ,Default,200,0.2,0,50,172,28.719,0.18018,55.7122
7857,KB2,HARQ,Default,200,0.2,0,50,241,33.6538,0.137457,47.5429
7858,KB2,HARQ,Default,200,0.2,0,50,239,32.0095,0.138408,49.9852
7859,KB2,HARQ,Default,200,0.2,0,50,174,29.3682,0.178571,54.4807
7860,KB2,HARQ,Default,200,0.2,0,50,144,28.0015,0.206186,57.1398
7861,KB2,HARQ,Default,200,0.2,0,50,217,30.5034,0.149813,52.4532
7862,KB2,HARQ,Default,200,0.2,0,50,183,29.5082,0.171674,54.2222
7863,KB2,HARQ,Default,200,0.2,0,50,193,30.1577,0.164609,53.0544
7864,KB2,HARQ,Default,200,0.2,0,50,216,30.6213,0.150376,52.2512
7865,KB2,HARQ,Default,200,0.2,0,50,186,29.5852,0.169492,54.0811
7866,KB2,HARQ,Default,200,0.2,0,50,152,28.3069,0.19802,56.5233
7867,KB2,HARQ,Default,200,0.2,0,50,180,29.115,0.173913,54.9545
7868,KB2,HARQ,Default,200,0.2,0,50,189,29.7707,0.167364,53.7441
7869,KB2,HARQ,Default,200,0.2,0,50,217,30.7326,0.149813,52.062
7870,KB2,HARQ,Default,200,0.2,0,50,203,30.0138,0.158103,53.3088
7871,KB2,HARQ,Default,200,0.2,0,50,181,29.1601,0.17316,54.8695
7872,KB2,HARQ,Default,200,0.2,0,50,193,29.7112,0.164609,53.8517
7873,KB2,HARQ,Default,200,0.2,0,50,202,30.0349,0.15873,53.2714
7874,KB2,HARQ,Default,200,0.2,0,50,195,33.0904,0.163265,48.3524
7875,KB2,HARQ,Default,200,0.2,0,50,224,31.3679,0.145985,51.0076
7876,KB2,HARQ,Default,200,0.2,0,50,148,28.2659,0.20202,56.6053
7877,KB2,HARQ,Default,200,0.2,0,50,128,27.3062,0.224719,58.5948
7878,KB2,HARQ,Default,200,0.2,0,50,208,30.7586,0.155039,52.018
7879,KB2,HARQ,Default,200,0.2,0,50,110,27.8725,0.25,57.4043
7880,KB2,HARQ,Default,200,0.2,0,50,206,30.2218,0.15625,52.9419
7881,KB2,HARQ,Default,200,0.2,0,50,181,29.4839,0.17316,54.2669
7882,KB2,HARQ,Default,200,0.2,0,50,245,32.4509,0.135593,49.3053
7883,KB2,HARQ,Default,200,0.2,0,50,167,29.0968,0.184332,54.9889
7884,KB2,HARQ,Default,200,0.2,0,50,208,30.3435,0.155039,52.7296
7885,KB2,HARQ,Default,200,0.2,0,50,227,31.6479,0.144404,50.5563
7886,KB2,HARQ,Default,200,0.2,0,50,219,30.7602,0.148699,52.0153
7887,KB2,HARQ,Default,200,0.2,0,50,127,27.1891,0.225989,58.8471
7888,KB2,HARQ,Default,200,0.2,0,50,214,30.4975,0.151515,52.4633
7889,KB2,HARQ,Default,200,0.2,0,50,154,28.4018,0.196078,56.3345
7890,KB2,HARQ,Default,200,0.2,0,50,165,28.1915,0.186047,56.7547
7891,KB2,HARQ,Default,200,0.2,0,50,214,31.0634,0.151515,51.5076
7892,KB2,HARQ,Default,200,0.2,0,50,177,28.8518,0.176211,55.4558
7893,KB2,HARQ,Default,200,0.2,0,50,170,30.0996,0.181818,53.1569
7894,KB2,HARQ,Default,200,0.2,0,50,239,31.608,0.138408,50.6201
7895,KB2,HARQ,Default,200,0.2,0,50,206,30.6357,0.15625,52.2267
7896,KB2,HARQ,Default,200,0.2,0,50,223,30.8651,0.14652,51.8385
7897,KB2,HARQ,Default,200,0.2,0,50,119,26.3285,0.236686,60.7706
7898,KB2,HARQ,Default,200,0.2,0,50,240,32.1294,0.137931,49.7986
7899,KB2,HARQ,Default,200,0.2,0,50,169,29.504,0.182648,54.2299
7900,KB2,HARQ,Default,200,0.2,0,50,189,29.9679,0.167364,53.3905
7901,KB2,HARQ,Default,200,0.2,0,50,172,29.2265,0.18018,54.7448
7902,KB2,HARQ,Default,200,0.2,0,50,210,30.2994,0.153846,52.8063
7903,KB2,HARQ,Default,200,0.2,0,50,138,27.1713,0.212766,58.8857
7904,KB2,HARQ,Default,200,0.2,0,50,168,28.1533,0.183486,56.8317
7905,KB2,HARQ,Default,200,0.2,0,50,169,28.9179,0.182648,55.3291
7906,KB2,HARQ,Default,200,0.2,0,50,143,27.5171,0.207254,58.1457
7907,KB2,HARQ,Default,200,0.2,0,50,156,28.447,0.194175,56.2449
7908,KB2,HARQ,Default,200,0.2,0,50,170,29.2397,0.181818,54.7201
7909,KB2,HARQ,Default,200,0.2,0,50,220,30.561,0.148148,52.3543
7910,KB2,HARQ,Default,200,0.2,0,50,195,29.4433,0.163265,54.3417
7911,KB2,HARQ,Default,200,0.2,0,50,165,29.0282,0.186047,55.1188
7912,KB2,HARQ,Default,200,0.2,0,50,240,31.5218,0.137931,50.7585
7913,KB2,HARQ,Default,200,0.2,0,50,202,30.2942,0.15873,52.8154
7914,KB2,HARQ,Default,200,0.2,0,50,187,29.659,0.168776,53.9465
7915,KB2,HARQ,Default,200,0.2,0,50,172,28.9141,0.18018,55.3363
7916,KB2,HARQ,Default,200,0.2,0,50,229,31.6659,0.143369,50.5275
7917,KB2,HARQ,Default,200,0.2,0,50,131,27.3546,0.220994,58.4911
7918,KB2,HARQ,Default,200,0.2,0,50,161,28.6103,0.189573,55.9239
7919,KB2,HARQ,Default,200,0.2,0,50,171,28.8313,0.180995,55.4952
7920,KB2,HARQ,Default,200,0.2,0,50,79,25.3355,0.310078,63.1525
7921,KB2,HARQ,Default,200,0.2,0,50,141,27.6835,0.209424,57.7962
7922,KB2,HARQ,Default,200,0.2,0,50,161,27.91,0.189573,57.3271
7923,KB2,HARQ,Default,200,0.2,0,50,174,28.8185,0.178571,55.5199
7924,KB2,HARQ,Default,200,0.2,0,50,216,30.5977,0.150376,52.2915
7925,KB2,HARQ,Default,200,0.2,0,50,208,30.559,0.155039,52.3577
7926,KB2,HARQ,Default,200,0.2,0,50,241,31.4991,0.137457,50.7951
7927,KB2,HARQ,Default,200,0.2,0,50,156,28.2775,0.194175,56.5821
7928,KB2,HARQ,Default,200,0.2,0,50,132,27.3389,0.21978,58.5247
7929,KB2,HARQ,Default,200,0.2,0,50,199,30.1558,0.160643,53.0578
7930,KB2,HARQ,Default,200,0.2,0,50,145,27.8768,0.205128,57.3954
7931,KB2,HARQ,Default,200,0.2,0,50,163,29.7841,0.187793,53.7199
7932,KB2,HARQ,Default,200,0.2,0,50,208,29.6497,0.155039,53.9634
7933,KB2,HARQ,Default,200,0.2,0,50,134,27.1139,0.217391,59.0103
7934,KB2,HARQ,Default,200,0.2,0,50,167,28.5867,0.184332,55.9701
7935,KB2,HARQ,Default,200,0.2,0,50,149,28.0588,0.201005,57.0231
7936,KB2,HARQ,Default,200,0.2,0,50,199,30.2429,0.160643,52.905
7937,KB2,HARQ,Default,200,0.2,0,50,204,30.0579,0.15748,53.2306
7938,KB2,HARQ,Default,200,0.2,0,50,146,27.8489,0.204082,57.4529
7939,KB2,HARQ,Default,200,0.2,0,50,187,29.4977,0.168776,54.2415
7940,KB2,HARQ,Default,200,0.2,0,50,192,29.7182,0.165289,53.8391
7941,KB2,HARQ,Default,200,0.2,0,50,165,28.4287,0.186047,56.2812
7942,KB2,HARQ,Default,200,0.2,0,50,177,28.8518,0.176211,55.4558
7943,KB2,HARQ,Default,200,0.2,0,50,137,27.3419,0.213904,58.5182
7944,KB2,HARQ,Default,200,0.2,0,50,160,28.0995,0.190476,56.9405
7945,KB2,HARQ,Default,200,0.2,0,50,156,28.6404,0.194175,55.8651
7946,KB2,HARQ,Default,200,0.2,0,50,190,29.0486,0.166667,55.0801
7947,KB2,HARQ,Default,200,0.2,0,50,131,27.1583,0.220994,58.9138
7948,KB2,HARQ,Default,200,0.2,0,50,186,30.2273,0.169492,52.9323
7949,KB2,HARQ,Default,200,0.2,0,50,198,30.0911,0.16129,53.1719
7950,KB2,HARQ,Default,200,0.2,0,50,187,29.5918,0.168776,54.069
7951,KB2,HARQ,Default,200,0.2,0,50,160,28.9431,0.190476,55.2809
7952,KB2,HARQ,Default,200,0.2,0,50,227,31.0247,0.144404,51.5718
7953,KB2,HARQ,Default,200,0.2,0,50,211,30.6815,0.153257,52.1487
7954,KB2,HARQ,Default,200,0.2,0,50,168,29.864,0.183486,53.5762
7955,KB2,HARQ,Default,200,0.2,0,50,195,30.0536,0.163265,53.2382
7956,KB2,HARQ,Default,200,0.2,0,50,156,28.8694,0.194175,55.422
7957,KB2,HARQ,Default,200,0.2,0,50,217,79.4001,0.149813,20.1511
7958,KB2,HARQ,Default,200,0.2,0,50,117,45.9489,0.239521,34.8213
7959,KB2,HARQ,Default,200,0.2,0,50,192,42.7704,0.165289,37.409
7960,KB2,HARQ,Default,200,0.2,0,50,187,36.1038,0.168776,44.3167
7961,KB2,HARQ,Default,200,0.2,0,50,196,33.2947,0.162602,48.0557
7962,KB2,HARQ,Default,200,0.2,0,50,229,36.948,0.143369,43.3041
7963,KB2,HARQ,Default,200,0.2,0,50,250,37.7694,0.133333,42.3623
7964,KB2,HARQ,Default,200,0.2,0,50,253,38.5847,0.132013,41.4672
7965,KB2,HARQ,Default,200,0.2,0,50,161,36.8835,0.189573,43.3798
7966,KB2,HARQ,Default,200,0.2,0,50,170,35.2456,0.181818,45.3957
7967,KB2,HARQ,Default,200,0.2,0,50,152,32.1358,0.19802,49.7887
7968,KB2,HARQ,Default,200,0.2,0,50,121,32.3701,0.233918,49.4283
7969,KB2,HARQ,Default,200,0.2,0,50,164,33.0592,0.186916,48.398
7970,KB2,HARQ,Default,200,0.2,0,50,178,36.6316,0.175439,43.6781
7971,KB2,HARQ,Default,200,0.2,0,50,234,36.1258,0.140845,44.2897
7972,KB2,HARQ,Default,200,0.2,0,50,172,34.0925,0.18018,46.9311
7973,KB2,HARQ,Default,200,0.2,0,50,235,39.1666,0.140351,40.8511
7974,KB2,HARQ,Default,200,0.2,0,50,199,36.754,0.160643,43.5327
7975,KB2,HARQ,Default,200,0.2,0,50,136,36.2403,0.215054,44.1497
7976,KB2,HARQ,Default,200,0.2,0,50,149,32.77,0.201005,48.8251
7977,KB2,HARQ,Default,200,0.2,0,50,188,35.1826,0.168067,45.477
7978,KB2,HARQ,Default,200,0.2,0,50,160,34.3965,0.190476,46.5164
7979,KB2,HARQ,Default,200,0.2,0,50,157,32.8832,0.193237,48.6571
7980,KB2,HARQ,Default,200,0.2,0,50,138,32.0438,0.212766,49.9317
7981,KB2,HARQ,Default,200,0.2,0,50,197,39.4219,0.161943,40.5866
7982,KB2,HARQ,Default,200,0.2,0,50,172,31.5291,0.18018,50.7468
7983,KB2,HARQ,Default,200,0.2,0,50,228,35.7543,0.143885,44.7499
7984,KB2,HARQ,Default,200,0.2,0,50,159,31.2812,0.191388,51.1489
7985,KB2,HARQ,Default,200,0.2,0,50,186,39.6091,0.169492,40.3948
7986,KB2,HARQ,Default,200,0.2,0,50,178,35.6945,0.175439,44.8248
7987,KB2,HARQ,Default,200,0.2,0,50,184,36.3165,0.17094,44.0571
7988,KB2,HARQ,Default,200,0.2,0,50,192,34.1658,0.165289,46.8305
7989,KB2,HARQ,Default,200,0.2,0,50,192,37.3845,0.165289,42.7985
7990,KB2,HARQ,Default,200,0.2,0,50,173,35.919,0.179372,44.5447
7991,KB2,HARQ,Default,200,0.2,0,50,184,33.5331,0.17094,47.714
7992,KB2,HARQ,Default,200,0.2,0,50,183,35.1495,0.171674,45.5199
7993,KB2,HARQ,Default,200,0.2,0,50,168,37.7149,0.183486,42.4236
7994,KB2,HARQ,Default,200,0.2,0,50,223,42.8507,0.14652,37.3389
7995,KB2,HARQ,Default,200,0.2,0,50,173,31.4901,0.179372,50.8096
7996,KB2,HARQ,Default,200,0.2,0,50,185,45.3036,0.170213,35.3173
7997,KB2,HARQ,Default,200,0.2,0,50,206,44.6625,0.15625,35.8242
7998,KB2,HARQ,Default,200,0.2,0,50,142,30.6368,0.208333,52.2248
7999,KB2,HARQ,Default,200,0.2,0,50,159,29.4847,0.191388,54.2654
8000,KB2,HARQ,Default,200,0.2,0,50,210,32.5615,0.153846,49.1378
8001,KB2,ARQ,Default,200,0.3,0,50,254,2.2828,0.131579,700.894
8002,KB2,ARQ,Default,200,0.3,0,50,14,2.4998,0.625,640.051
8003,KB2,ARQ,Default,200,0.3,0,50,248,2.2534,0.134228,710.038
8004,KB2,ARQ,Default,200,0.3,0,50,29,2.3476,0.506329,681.547
8005,KB2,ARQ,Default,200,0.3,0,50,233,2.2266,0.141343,718.584
8006,KB2,ARQ,Default,200,0.3,0,50,5,2.2742,0.727273,703.544
8007,KB2,ARQ,Default,200,0.3,0,50,16,2.9105,0.606061,549.734
8008,KB2,ARQ,Default,200,0.3,0,50,32,3.2696,0.487805,489.356
8009,KB2,ARQ,Default,200,0.3,0,50,11,2.9685,0.655738,538.993
8010,KB2,ARQ,Default,200,0.3,0,50,25,2.873,0.533333,556.909
8011,KB2,ARQ,Default,200,0.3,0,50,16,2.9985,0.606061,533.6
8012,KB2,ARQ,Default,200,0.3,0,50,2,3.0447,0.769231,525.503
8013,KB2,ARQ,Default,200,0.3,0,50,233,2.7293,0.141343,586.231
8014,KB2,ARQ,Default,200,0.3,0,50,15,2.8398,0.615385,563.42
8015,KB2,ARQ,Default,200,0.3,0,50,245,2.8611,0.135593,559.225
8016,KB2,ARQ,Default,200,0.3,0,50,10,2.6276,0.666667,608.921
8017,KB2,ARQ,Default,200,0.3,0,50,7,2.6653,0.701754,600.308
8018,KB2,ARQ,Default,200,0.3,0,50,2,2.5746,0.769231,621.456
8019,KB2,ARQ,Default,200,0.3,0,50,1,2.9292,0.784314,546.224
8020,KB2,ARQ,Default,200,0.3,0,50,246,2.5633,0.135135,624.195
8021,KB2,ARQ,Default,200,0.3,0,50,20,2.6495,0.571429,603.888
8022,KB2,ARQ,Default,200,0.3,0,50,25,2.6072,0.533333,613.685
8023,KB2,ARQ,Default,200,0.3,0,50,16,3.3196,0.606061,481.986
8024,KB2,ARQ,Default,200,0.3,0,50,248,3.1672,0.134228,505.178
8025,KB2,ARQ,Default,200,0.3,0,50,7,2.863,0.701754,558.854
8026,KB2,ARQ,Default,200,0.3,0,50,2,2.4025,0.769231,665.973
8027,KB2,ARQ,Default,200,0.3,0,50,8,3.0595,0.689655,522.961
8028,KB2,ARQ,Default,200,0.3,0,50,253,3.6798,0.132013,434.806
8029,KB2,ARQ,Default,200,0.3,0,50,244,3.0282,0.136054,528.367
8030,KB2,ARQ,Default,200,0.3,0,50,4,2.7204,0.740741,588.149
8031,KB2,ARQ,Default,200,0.3,0,50,3,2.2791,0.754717,702.032
8032,KB2,ARQ,Default,200,0.3,0,50,23,2.3252,0.547945,688.113
8033,KB2,ARQ,Default,200,0.3,0,50,244,2.3092,0.136054,692.881
8034,KB2,ARQ,Default,200,0.3,0,50,29,2.3531,0.506329,679.954
8035,KB2,ARQ,Default,200,0.3,0,50,11,2.574,0.655738,621.601
8036,KB2,ARQ,Default,200,0.3,0,50,19,2.3426,0.57971,683.002
8037,KB2,ARQ,Default,200,0.3,0,50,0,2.4166,0.8,662.087
8038,KB2,ARQ,Default,200,0.3,0,50,12,2.3014,0.645161,695.229
8039,KB2,ARQ,Default,200,0.3,0,50,32,2.3561,0.487805,679.088
8040,KB2,ARQ,Default,200,0.3,0,50,22,2.3268,0.555556,687.64
8041,KB2,ARQ,Default,200,0.3,0,50,246,2.2472,0.135135,711.997
8042,KB2,ARQ,Default,200,0.3,0,50,255,2.3192,0.131148,689.893
8043,KB2,ARQ,Default,200,0.3,0,50,20,2.3237,0.571429,688.557
8044,KB2,ARQ,Default,200,0.3,0,50,18,2.3289,0.588235,687.02
8045,KB2,ARQ,Default,200,0.3,0,50,1,2.2779,0.784314,702.401
8046,KB2,ARQ,Default,200,0.3,0,50,226,2.2028,0.144928,726.348
8047,KB2,ARQ,Default,200,0.3,0,50,4,2.2741,0.740741,703.575
8048,KB2,ARQ,Default,200,0.3,0,50,3,2.275,0.754717,703.297
8049,KB2,ARQ,Default,200,0.3,0,50,32,2.3746,0.487805,673.798
8050,KB2,ARQ,Default,200,0.3,0,50,228,2.1976,0.143885,728.067
8051,KB2,ARQ,Default,200,0.3,0,50,22,2.3188,0.555556,690.012
8052,KB2,ARQ,Default,200,0.3,0,50,0,2.3445,0.8,682.448
8053,KB2,ARQ,Default,200,0.3,0,50,253,2.2582,0.132013,708.529
8054,KB2,ARQ,Default,200,0.3,0,50,13,2.3075,0.634921,693.391
8055,KB2,ARQ,Default,200,0.3,0,50,254,2.266,0.131579,706.09
8056,KB2,ARQ,Default,200,0.3,0,50,18,2.3577,0.588235,678.627
8057,KB2,ARQ,Default,200,0.3,0,50,20,2.3323,0.571429,686.018
8058,KB2,ARQ,Default,200,0.3,0,50,28,2.3391,0.512821,684.024
8059,KB2,ARQ,Default,200,0.3,0,50,1,2.2871,0.784314,699.576
8060,KB2,ARQ,Default,200,0.3,0,50,248,2.2582,0.134228,708.529
8061,KB2,ARQ,Default,200,0.3,0,50,25,2.3319,0.533333,686.136
8062,KB2,ARQ,Default,200,0.3,0,50,12,2.3114,0.645161,692.221
8063,KB2,ARQ,Default,200,0.3,0,50,24,2.3695,0.540541,675.248
8064,KB2,ARQ,Default,200,0.3,0,50,10,2.3443,0.666667,682.507
8065,KB2,ARQ,Default,200,0.3,0,50,21,2.3997,0.56338,666.75
8066,KB2,ARQ,Default,200,0.3,0,50,5,3.0174,0.727273,530.258
8067,KB2,ARQ,Default,200,0.3,0,50,245,2.8042,0.135593,570.573
8068,KB2,ARQ,Default,200,0.3,0,50,238,2.6584,0.138889,601.866
8069,KB2,ARQ,Default,200,0.3,0,50,5,2.5602,0.727273,624.951
8070,KB2,ARQ,Default,200,0.3,0,50,10,2.2981,0.666667,696.227
8071,KB2,ARQ,Default,200,0.3,0,50,243,2.2465,0.136519,712.219
8072,KB2,ARQ,Default,200,0.3,0,50,3,2.2808,0.754717,701.508
8073,KB2,ARQ,Default,200,0.3,0,50,6,2.3027,0.714286,694.836
8074,KB2,ARQ,Default,200,0.3,0,50,15,2.3308,0.615385,686.46
8075,KB2,ARQ,Default,200,0.3,0,50,31,2.3417,0.493827,683.264
8076,KB2,ARQ,Default,200,0.3,0,50,20,2.3176,0.571429,690.369
8077,KB2,ARQ,Default,200,0.3,0,50,16,2.3003,0.606061,695.561
8078,KB2,ARQ,Default,200,0.3,0,50,9,2.3074,0.677966,693.421
8079,KB2,ARQ,Default,200,0.3,0,50,12,2.2883,0.645161,699.209
8080,KB2,ARQ,Default,200,0.3,0,50,23,2.3203,0.547945,689.566
8081,KB2,ARQ,Default,200,0.3,0,50,10,2.2832,0.666667,700.771
8082,KB2,ARQ,Default,200,0.3,0,50,254,2.2577,0.131579,708.686
8083,KB2,ARQ,Default,200,0.3,0,50,3,2.288,0.754717,699.301
8084,KB2,ARQ,Default,200,0.3,0,50,14,2.3623,0.625,677.306
8085,KB2,ARQ,Default,200,0.3,0,50,231,2.2243,0.142349,719.327
8086,KB2,ARQ,Default,200,0.3,0,50,26,2.8992,0.526316,551.876
8087,KB2,ARQ,Default,200,0.3,0,50,252,2.2924,0.13245,697.958
8088,KB2,ARQ,Default,200,0.3,0,50,22,2.3235,0.555556,688.616
8089,KB2,ARQ,Default,200,0.3,0,50,21,2.3164,0.56338,690.727
8090,KB2,ARQ,Default,200,0.3,0,50,2,2.3315,0.769231,686.253
8091,KB2,ARQ,Default,200,0.3,0,50,245,2.2925,0.135593,697.928
8092,KB2,ARQ,Default,200,0.3,0,50,233,2.2323,0.141343,716.75
8093,KB2,ARQ,Default,200,0.3,0,50,7,2.7266,0.701754,586.811
8094,KB2,ARQ,Default,200,0.3,0,50,214,2.4288,0.151515,658.762
8095,KB2,ARQ,Default,200,0.3,0,50,25,2.3473,0.533333,681.634
8096,KB2,ARQ,Default,200,0.3,0,50,7,2.759,0.701754,579.92
8097,KB2,ARQ,Default,200,0.3,0,50,24,2.3724,0.540541,674.423
8098,KB2,ARQ,Default,200,0.3,0,50,15,2.3312,0.615385,686.342
8099,KB2,ARQ,Default,200,0.3,0,50,217,2.1824,0.149813,733.138
8100,KB2,ARQ,Default,200,0.3,0,50,237,2.3596,0.139373,678.081
8101,KB2,ARQ,Default,200,0.3,0,50,10,2.3161,0.666667,690.816
8102,KB2,ARQ,Default,200,0.3,0,50,13,2.483,0.634921,644.382
8103,KB2,ARQ,Default,200,0.3,0,50,21,2.9322,0.56338,545.665
8104,KB2,ARQ,Default,200,0.3,0,50,6,3.3395,0.714286,479.114
8105,KB2,ARQ,Default,200,0.3,0,50,10,3.2197,0.666667,496.941
8106,KB2,ARQ,Default,200,0.3,0,50,236,3.1496,0.13986,508.001
8107,KB2,ARQ,Default,200,0.3,0,50,6,3.6184,0.714286,442.184
8108,KB2,ARQ,Default,200,0.3,0,50,19,3.9429,0.57971,405.793
8109,KB2,ARQ,Default,200,0.3,0,50,5,3.1686,0.727273,504.955
8110,KB2,ARQ,Default,200,0.3,0,50,240,3.032,0.137931,527.704
8111,KB2,ARQ,Default,200,0.3,0,50,12,3.1724,0.645161,504.35
8112,KB2,ARQ,Default,200,0.3,0,50,6,2.9744,0.714286,537.924
8113,KB2,ARQ,Default,200,0.3,0,50,32,2.348,0.487805,681.431
8114,KB2,ARQ,Default,200,0.3,0,50,1,2.2569,0.784314,708.937
8115,KB2,ARQ,Default,200,0.3,0,50,12,2.2921,0.645161,698.05
8116,KB2,ARQ,Default,200,0.3,0,50,10,2.314,0.666667,691.443
8117,KB2,ARQ,Default,200,0.3,0,50,5,2.2982,0.727273,696.197
8118,KB2,ARQ,Default,200,0.3,0,50,244,2.4993,0.136054,640.179
8119,KB2,ARQ,Default,200,0.3,0,50,32,2.361,0.487805,677.679
8120,KB2,ARQ,Default,200,0.3,0,50,11,2.3102,0.655738,692.581
8121,KB2,ARQ,Default,200,0.3,0,50,249,2.2759,0.133779,703.019
8122,KB2,ARQ,Default,200,0.3,0,50,19,2.3296,0.57971,686.813
8123,KB2,ARQ,Default,200,0.3,0,50,9,2.2946,0.677966,697.289
8124,KB2,ARQ,Default,200,0.3,0,50,225,2.1932,0.145455,729.528
8125,KB2,ARQ,Default,200,0.3,0,50,21,2.3183,0.56338,690.161
8126,KB2,ARQ,Default,200,0.3,0,50,22,2.311,0.555556,692.341
8127,KB2,ARQ,Default,200,0.3,0,50,10,2.2772,0.666667,702.617
8128,KB2,ARQ,Default,200,0.3,0,50,14,2.2917,0.625,698.172
8129,KB2,ARQ,Default,200,0.3,0,50,18,2.3185,0.588235,690.101
8130,KB2,ARQ,Default,200,0.3,0,50,0,2.2555,0.8,709.377
8131,KB2,ARQ,Default,200,0.3,0,50,15,2.3089,0.615385,692.971
8132,KB2,ARQ,Default,200,0.3,0,50,8,2.3577,0.689655,678.627
8133,KB2,ARQ,Default,200,0.3,0,50,233,2.4131,0.141343,663.048
8134,KB2,ARQ,Default,200,0.3,0,50,1,2.2764,0.784314,702.864
8135,KB2,ARQ,Default,200,0.3,0,50,254,2.2536,0.131579,709.975
8136,KB2,ARQ,Default,200,0.3,0,50,16,2.3232,0.606061,688.705
8137,KB2,ARQ,Default,200,0.3,0,50,24,2.3672,0.540541,675.904
8138,KB2,ARQ,Default,200,0.3,0,50,30,2.5023,0.5,639.412
8139,KB2,ARQ,Default,200,0.3,0,50,13,2.4227,0.634921,660.42
8140,KB2,ARQ,Default,200,0.3,0,50,246,2.3485,0.135135,681.286
8141,KB2,ARQ,Default,200,0.3,0,50,15,2.3289,0.615385,687.02
8142,KB2,ARQ,Default,200,0.3,0,50,223,2.1908,0.14652,730.327
8143,KB2,ARQ,Default,200,0.3,0,50,23,2.3068,0.547945,693.602
8144,KB2,ARQ,Default,200,0.3,0,50,234,2.2023,0.140845,726.513
8145,KB2,ARQ,Default,200,0.3,0,50,16,2.2916,0.606061,698.202
8146,KB2,ARQ,Default,200,0.3,0,50,21,2.3137,0.56338,691.533
8147,KB2,ARQ,Default,200,0.3,0,50,4,2.4362,0.740741,656.761
8148,KB2,ARQ,Default,200,0.3,0,50,8,2.2872,0.689655,699.545
8149,KB2,ARQ,Default,200,0.3,0,50,5,2.2856,0.727273,700.035
8150,KB2,ARQ,Default,200,0.3,0,50,247,2.2484,0.13468,711.617
8151,KB2,ARQ,Default,200,0.3,0,50,30,2.3387,0.5,684.141
8152,KB2,ARQ,Default,200,0.3,0,50,20,2.3082,0.571429,693.181
8153,KB2,ARQ,Default,200,0.3,0,50,254,2.2443,0.131579,712.917
8154,KB2,ARQ,Default,200,0.3,0,50,8,2.7817,0.689655,575.188
8155,KB2,ARQ,Default,200,0.3,0,50,14,2.4276,0.625,659.087
8156,KB2,ARQ,Default,200,0.3,0,50,20,2.4321,0.571429,657.868
8157,KB2,ARQ,Default,200,0.3,0,50,12,2.3539,0.645161,679.723
8158,KB2,ARQ,Default,200,0.3,0,50,19,2.3075,0.57971,693.391
8159,KB2,ARQ,Default,200,0.3,0,50,5,2.2747,0.727273,703.389
8160,KB2,ARQ,Default,200,0.3,0,50,14,2.3446,0.625,682.419
8161,KB2,ARQ,Default,200,0.3,0,50,4,2.6384,0.740741,606.428
8162,KB2,ARQ,Default,200,0.3,0,50,235,2.2303,0.140351,717.392
8163,KB2,ARQ,Default,200,0.3,0,50,241,2.2468,0.137457,712.124
8164,KB2,ARQ,Default,200,0.3,0,50,17,2.3183,0.597015,690.161
8165,KB2,ARQ,Default,200,0.3,0,50,23,2.3222,0.547945,689.002
8166,KB2,ARQ,Default,200,0.3,0,50,22,2.3241,0.555556,688.439
8167,KB2,ARQ,Default,200,0.3,0,50,254,2.6553,0.131579,602.568
8168,KB2,ARQ,Default,200,0.3,0,50,31,2.4807,0.493827,644.979
8169,KB2,ARQ,Default,200,0.3,0,50,16,2.3554,0.606061,679.29
8170,KB2,ARQ,Default,200,0.3,0,50,20,2.3111,0.571429,692.311
8171,KB2,ARQ,Default,200,0.3,0,50,250,2.4103,0.133333,663.818
8172,KB2,ARQ,Default,200,0.3,0,50,26,2.3152,0.526316,691.085
8173,KB2,ARQ,Default,200,0.3,0,50,12,2.2815,0.645161,701.293
8174,KB2,ARQ,Default,200,0.3,0,50,17,2.9659,0.597015,539.465
8175,KB2,ARQ,Default,200,0.3,0,50,17,2.3671,0.597015,675.933
8176,KB2,ARQ,Default,200,0.3,0,50,27,2.3697,0.519481,675.191
8177,KB2,ARQ,Default,200,0.3,0,50,16,2.3425,0.606061,683.031
8178,KB2,ARQ,Default,200,0.3,0,50,252,2.2911,0.13245,698.355
8179,KB2,ARQ,Default,200,0.3,0,50,249,2.2411,0.133779,713.935
8180,KB2,ARQ,Default,200,0.3,0,50,255,2.3571,0.131148,678.8
8181,KB2,ARQ,Default,200,0.3,0,50,3,3.0437,0.754717,525.676
8182,KB2,ARQ,Default,200,0.3,0,50,240,2.6007,0.137931,615.219
8183,KB2,ARQ,Default,200,0.3,0,50,3,2.3192,0.754717,689.893
8184,KB2,ARQ,Default,200,0.3,0,50,241,2.2296,0.137457,717.618
8185,KB2,ARQ,Default,200,0.3,0,50,17,2.2962,0.597015,696.803
8186,KB2,ARQ,Default,200,0.3,0,50,12,2.3114,0.645161,692.221
8187,KB2,ARQ,Default,200,0.3,0,50,16,2.6423,0.606061,605.533
8188,KB2,ARQ,Default,200,0.3,0,50,32,2.672,0.487805,598.802
8189,KB2,ARQ,Default,200,0.3,0,50,25,2.3293,0.533333,686.902
8190,KB2,ARQ,Default,200,0.3,0,50,253,2.2609,0.132013,707.683
8191,KB2,ARQ,Default,200,0.3,0,50,2,2.2609,0.769231,707.683
8192,KB2,ARQ,Default,200,0.3,0,50,23,2.3104,0.547945,692.521
8193,KB2,ARQ,Default,200,0.3,0,50,4,2.2736,0.740741,703.73
8194,KB2,ARQ,Default,200,0.3,0,50,12,3.2911,0.645161,486.16
8195,KB2,ARQ,Default,200,0.3,0,50,255,2.269,0.131148,705.156
8196,KB2,ARQ,Default,200,0.3,0,50,20,2.3312,0.571429,686.342
8197,KB2,ARQ,Default,200,0.3,0,50,32,2.3363,0.487805,684.844
8198,KB2,ARQ,Default,200,0.3,0,50,4,2.272,0.740741,704.225
8199,KB2,ARQ,Default,200,0.3,0,50,243,2.2212,0.136519,720.331
8200,KB2,ARQ,Default,200,0.3,0,50,251,2.3423,0.13289,683.089
8201,KB2,ARQ,Default,200,0.3,0,50,22,3.5443,0.555556,451.429
8202,KB2,ARQ,Default,200,0.3,0,50,20,3.5938,0.571429,445.211
8203,KB2,ARQ,Default,200,0.3,0,50,12,3.6963,0.645161,432.865
8204,KB2,ARQ,Default,200,0.3,0,50,240,2.942,0.137931,543.848
8205,KB2,ARQ,Default,200,0.3,0,50,32,3.4499,0.487805,463.782
8206,KB2,ARQ,Default,200,0.3,0,50,15,2.9048,0.615385,550.812
8207,KB2,ARQ,Default,200,0.3,0,50,251,3.1183,0.13289,513.1
8208,KB2,ARQ,Default,200,0.3,0,50,251,3.5152,0.13289,455.166
8209,KB2,ARQ,Default,200,0.3,0,50,13,3.3195,0.634921,482
8210,KB2,ARQ,Default,200,0.3,0,50,251,3.0132,0.13289,530.997
8211,KB2,ARQ,Default,200,0.3,0,50,1,3.3242,0.784314,481.319
8212,KB2,ARQ,Default,200,0.3,0,50,253,2.7565,0.132013,580.446
8213,KB2,ARQ,Default,200,0.3,0,50,208,2.1882,0.155039,731.195
8214,KB2,ARQ,Default,200,0.3,0,50,25,2.3481,0.533333,681.402
8215,KB2,ARQ,Default,200,0.3,0,50,1,2.2969,0.784314,696.591
8216,KB2,ARQ,Default,200,0.3,0,50,251,2.6497,0.13289,603.842
8217,KB2,ARQ,Default,200,0.3,0,50,12,2.443,0.645161,654.932
8218,KB2,ARQ,Default,200,0.3,0,50,30,2.3798,0.5,672.325
8219,KB2,ARQ,Default,200,0.3,0,50,236,2.2488,0.13986,711.491
8220,KB2,ARQ,Default,200,0.3,0,50,4,2.3198,0.740741,689.715
8221,KB2,ARQ,Default,200,0.3,0,50,3,2.3653,0.754717,676.447
8222,KB2,ARQ,Default,200,0.3,0,50,220,2.2046,0.148148,725.755
8223,KB2,ARQ,Default,200,0.3,0,50,32,2.9299,0.487805,546.094
8224,KB2,ARQ,Default,200,0.3,0,50,245,2.292,0.135593,698.08
8225,KB2,ARQ,Default,200,0.3,0,50,8,2.3174,0.689655,690.429
8226,KB2,ARQ,Default,200,0.3,0,50,4,2.302,0.740741,695.048
8227,KB2,ARQ,Default,200,0.3,0,50,20,2.3487,0.571429,681.228
8228,KB2,ARQ,Default,200,0.3,0,50,246,2.3153,0.135135,691.055
8229,KB2,ARQ,Default,200,0.3,0,50,254,2.2971,0.131579,696.53
8230,KB2,ARQ,Default,200,0.3,0,50,32,2.8313,0.487805,565.111
8231,KB2,ARQ,Default,200,0.3,0,50,253,2.3104,0.132013,692.521
8232,KB2,ARQ,Default,200,0.3,0,50,7,2.3149,0.701754,691.175
8233,KB2,ARQ,Default,200,0.3,0,50,14,2.3324,0.625,685.989
8234,KB2,ARQ,Default,200,0.3,0,50,27,2.3748,0.519481,673.741
8235,KB2,ARQ,Default,200,0.3,0,50,232,2.287,0.141844,699.606
8236,KB2,ARQ,Default,200,0.3,0,50,19,2.7917,0.57971,573.127
8237,KB2,ARQ,Default,200,0.3,0,50,247,2.3779,0.13468,672.863
8238,KB2,ARQ,Default,200,0.3,0,50,248,2.3991,0.134228,666.917
8239,KB2,ARQ,Default,200,0.3,0,50,16,2.3277,0.606061,687.374
8240,KB2,ARQ,Default,200,0.3,0,50,14,2.3897,0.625,669.54
8241,KB2,ARQ,Default,200,0.3,0,50,9,2.3638,0.677966,676.876
8242,KB2,ARQ,Default,200,0.3,0,50,250,2.2792,0.133333,702.001
8243,KB2,ARQ,Default,200,0.3,0,50,32,2.9328,0.487805,545.554
8244,KB2,ARQ,Default,200,0.3,0,50,223,2.2252,0.14652,719.036
8245,KB2,ARQ,Default,200,0.3,0,50,252,2.2904,0.13245,698.568
8246,KB2,ARQ,Default,200,0.3,0,50,248,2.2703,0.134228,704.753
8247,KB2,ARQ,Default,200,0.3,0,50,12,2.3336,0.645161,685.636
8248,KB2,ARQ,Default,200,0.3,0,50,5,2.32,0.727273,689.655
8249,KB2,ARQ,Default,200,0.3,0,50,233,2.2404,0.141343,714.158
8250,KB2,ARQ,Default,200,0.3,0,50,15,2.4716,0.615385,647.354
8251,KB2,ARQ,Default,200,0.3,0,50,13,2.3553,0.634921,679.319
8252,KB2,ARQ,Default,200,0.3,0,50,27,2.3773,0.519481,673.032
8253,KB2,ARQ,Default,200,0.3,0,50,15,2.3428,0.615385,682.943
8254,KB2,ARQ,Default,200,0.3,0,50,15,2.3357,0.615385,685.019
8255,KB2,ARQ,Default,200,0.3,0,50,6,2.3042,0.714286,694.384
8256,KB2,ARQ,Default,200,0.3,0,50,4,2.4034,0.740741,665.724
8257,KB2,ARQ,Default,200,0.3,0,50,3,2.5651,0.754717,623.757
8258,KB2,ARQ,Default,200,0.3,0,50,16,2.3344,0.606061,685.401
8259,KB2,ARQ,Default,200,0.3,0,50,7,2.345,0.701754,682.303
8260,KB2,ARQ,Default,200,0.3,0,50,255,2.2871,0.131148,699.576
8261,KB2,ARQ,Default,200,0.3,0,50,5,2.3251,0.727273,688.142
8262,KB2,ARQ,Default,200,0.3,0,50,246,2.3199,0.135135,689.685
8263,KB2,ARQ,Default,200,0.3,0,50,30,2.6139,0.5,612.112
8264,KB2,ARQ,Default,200,0.3,0,50,23,2.5501,0.547945,627.426
8265,KB2,ARQ,Default,200,0.3,0,50,30,2.3875,0.5,670.157
8266,KB2,ARQ,Default,200,0.3,0,50,247,2.27,0.13468,704.846
8267,KB2,ARQ,Default,200,0.3,0,50,19,2.3494,0.57971,681.025
8268,KB2,ARQ,Default,200,0.3,0,50,0,2.2913,0.8,698.294
8269,KB2,ARQ,Default,200,0.3,0,50,245,2.293,0.135593,697.776
8270,KB2,ARQ,Default,200,0.3,0,50,243,2.9516,0.136519,542.079
8271,KB2,ARQ,Default,200,0.3,0,50,252,2.3083,0.13245,693.151
8272,KB2,ARQ,Default,200,0.3,0,50,237,2.2834,0.139373,700.709
8273,KB2,ARQ,Default,200,0.3,0,50,12,2.3036,0.645161,694.565
8274,KB2,ARQ,Default,200,0.3,0,50,13,2.3362,0.634921,684.873
8275,KB2,ARQ,Default,200,0.3,0,50,22,2.3484,0.555556,681.315
8276,KB2,ARQ,Default,200,0.3,0,50,245,2.2661,0.135593,706.059
8277,KB2,ARQ,Default,200,0.3,0,50,4,2.7875,0.740741,573.991
8278,KB2,ARQ,Default,200,0.3,0,50,223,2.2211,0.14652,720.364
8279,KB2,ARQ,Default,200,0.3,0,50,20,2.3316,0.571429,686.224
8280,KB2,ARQ,Default,200,0.3,0,50,23,2.3781,0.547945,672.806
8281,KB2,ARQ,Default,200,0.3,0,50,244,2.2827,0.136054,700.924
8282,KB2,ARQ,Default,200,0.3,0,50,6,2.313,0.714286,691.742
8283,KB2,ARQ,Default,200,0.3,0,50,242,2.7753,0.136986,576.514
8284,KB2,ARQ,Default,200,0.3,0,50,0,2.9524,0.8,541.932
8285,KB2,ARQ,Default,200,0.3,0,50,10,2.3356,0.666667,685.049
8286,KB2,ARQ,Default,200,0.3,0,50,30,2.4042,0.5,665.502
8287,KB2,ARQ,Default,200,0.3,0,50,2,2.3277,0.769231,687.374
8288,KB2,ARQ,Default,200,0.3,0,50,244,2.2911,0.136054,698.355
8289,KB2,ARQ,Default,200,0.3,0,50,253,2.3006,0.132013,695.471
8290,KB2,ARQ,Default,200,0.3,0,50,16,2.979,0.606061,537.093
8291,KB2,ARQ,Default,200,0.3,0,50,236,2.7371,0.13986,584.56
8292,KB2,ARQ,Default,200,0.3,0,50,11,2.3647,0.655738,676.619
8293,KB2,ARQ,Default,200,0.3,0,50,28,2.3998,0.512821,666.722
8294,KB2,ARQ,Default,200,0.3,0,50,17,2.3642,0.597015,676.762
8295,KB2,ARQ,Default,200,0.3,0,50,251,2.3164,0.13289,690.727
8296,KB2,ARQ,Default,200,0.3,0,50,11,2.5217,0.655738,634.493
8297,KB2,ARQ,Default,200,0.3,0,50,24,2.8523,0.540541,560.951
8298,KB2,ARQ,Default,200,0.3,0,50,8,3.26,0.689655,490.798
8299,KB2,ARQ,Default,200,0.3,0,50,249,3.7041,0.133779,431.954
8300,KB2,ARQ,Default,200,0.3,0,50,32,3.431,0.487805,466.336
8301,KB2,ARQ,Default,200,0.3,0,50,5,4.4198,0.727273,362.007
8302,KB2,ARQ,Default,200,0.3,0,50,6,3.8845,0.714286,411.893
8303,KB2,ARQ,Default,200,0.3,0,50,245,2.8116,0.135593,569.071
8304,KB2,ARQ,Default,200,0.3,0,50,251,2.3626,0.13289,677.22
8305,KB2,ARQ,Default,200,0.3,0,50,247,2.2414,0.13468,713.84
8306,KB2,ARQ,Default,200,0.3,0,50,13,2.4059,0.634921,665.032
8307,KB2,ARQ,Default,200,0.3,0,50,7,2.3441,0.701754,682.565
8308,KB2,ARQ,Default,200,0.3,0,50,254,2.422,0.131579,660.611
8309,KB2,ARQ,Default,200,0.3,0,50,245,2.2554,0.135593,709.409
8310,KB2,ARQ,Default,200,0.3,0,50,11,2.2935,0.655738,697.624
8311,KB2,ARQ,Default,200,0.3,0,50,10,2.2959,0.666667,696.894
8312,KB2,ARQ,Default,200,0.3,0,50,244,2.2291,0.136054,717.778
8313,KB2,ARQ,Default,200,0.3,0,50,17,2.5573,0.597015,625.66
8314,KB2,ARQ,Default,200,0.3,0,50,249,2.2737,0.133779,703.699
8315,KB2,ARQ,Default,200,0.3,0,50,205,2.1605,0.156863,740.569
8316,KB2,ARQ,Default,200,0.3,0,50,4,2.4009,0.740741,666.417
8317,KB2,ARQ,Default,200,0.3,0,50,255,2.2662,0.131148,706.028
8318,KB2,ARQ,Default,200,0.3,0,50,245,2.2322,0.135593,716.782
8319,KB2,ARQ,Default,200,0.3,0,50,20,2.3243,0.571429,688.379
8320,KB2,ARQ,Default,200,0.3,0,50,13,3.0416,0.634921,526.039
8321,KB2,ARQ,Default,200,0.3,0,50,22,2.3403,0.555556,683.673
8322,KB2,ARQ,Default,200,0.3,0,50,242,2.2289,0.136986,717.843
8323,KB2,ARQ,Default,200,0.3,0,50,1,2.2596,0.784314,708.09
8324,KB2,ARQ,Default,200,0.3,0,50,16,2.2968,0.606061,696.621
8325,KB2,ARQ,Default,200,0.3,0,50,17,2.2997,0.597015,695.743
8326,KB2,ARQ,Default,200,0.3,0,50,7,2.2648,0.701754,706.464
8327,KB2,ARQ,Default,200,0.3,0,50,0,2.4974,0.8,640.666
8328,KB2,ARQ,Default,200,0.3,0,50,2,2.2784,0.769231,702.247
8329,KB2,ARQ,Default,200,0.3,0,50,24,2.3144,0.540541,691.324
8330,KB2,ARQ,Default,200,0.3,0,50,24,2.3691,0.540541,675.362
8331,KB2,ARQ,Default,200,0.3,0,50,20,2.3048,0.571429,694.203
8332,KB2,ARQ,Default,200,0.3,0,50,24,2.3244,0.540541,688.35
8333,KB2,ARQ,Default,200,0.3,0,50,32,2.4697,0.487805,647.852
8334,KB2,ARQ,Default,200,0.3,0,50,255,2.5117,0.131148,637.019
8335,KB2,ARQ,Default,200,0.3,0,50,30,2.3435,0.5,682.739
8336,KB2,ARQ,Default,200,0.3,0,50,12,2.3188,0.645161,690.012
8337,KB2,ARQ,Default,200,0.3,0,50,21,2.3101,0.56338,692.611
8338,KB2,ARQ,Default,200,0.3,0,50,19,2.3022,0.57971,694.987
8339,KB2,ARQ,Default,200,0.3,0,50,9,2.2888,0.677966,699.056
8340,KB2,ARQ,Default,200,0.3,0,50,28,2.8991,0.512821,551.895
8341,KB2,ARQ,Default,200,0.3,0,50,11,2.6762,0.655738,597.863
8342,KB2,ARQ,Default,200,0.3,0,50,4,2.2771,0.740741,702.648
8343,KB2,ARQ,Default,200,0.3,0,50,253,2.2504,0.132013,710.985
8344,KB2,ARQ,Default,200,0.3,0,50,241,2.2317,0.137457,716.942
8345,KB2,ARQ,Default,200,0.3,0,50,12,2.2847,0.645161,700.311
8346,KB2,ARQ,Default,200,0.3,0,50,17,2.3081,0.597015,693.211
8347,KB2,ARQ,Default,200,0.3,0,50,7,2.794,0.701754,572.656
8348,KB2,ARQ,Default,200,0.3,0,50,248,2.2605,0.134228,707.808
8349,KB2,ARQ,Default,200,0.3,0,50,224,2.202,0.145985,726.612
8350,KB2,ARQ,Default,200,0.3,0,50,240,2.2247,0.137931,719.198
8351,KB2,ARQ,Default,200,0.3,0,50,8,2.2814,0.689655,701.324
8352,KB2,ARQ,Default,200,0.3,0,50,244,2.2146,0.136054,722.478
8353,KB2,ARQ,Default,200,0.3,0,50,14,2.2913,0.625,698.294
8354,KB2,ARQ,Default,200,0.3,0,50,3,2.6377,0.754717,606.589
8355,KB2,ARQ,Default,200,0.3,0,50,250,2.4409,0.133333,655.496
8356,KB2,ARQ,Default,200,0.3,0,50,234,2.2041,0.140845,725.92
8357,KB2,ARQ,Default,200,0.3,0,50,221,2.2221,0.147601,720.04
8358,KB2,ARQ,Default,200,0.3,0,50,32,2.3328,0.487805,685.871
8359,KB2,ARQ,Default,200,0.3,0,50,4,2.2598,0.740741,708.027
8360,KB2,ARQ,Default,200,0.3,0,50,23,2.5554,0.547945,626.125
8361,KB2,ARQ,Default,200,0.3,0,50,23,2.7273,0.547945,586.661
8362,KB2,ARQ,Default,200,0.3,0,50,26,2.3298,0.526316,686.754
8363,KB2,ARQ,Default,200,0.3,0,50,2,2.2831,0.769231,700.802
8364,KB2,ARQ,Default,200,0.3,0,50,7,2.2804,0.701754,701.631
8365,KB2,ARQ,Default,200,0.3,0,50,14,2.2892,0.625,698.934
8366,KB2,ARQ,Default,200,0.3,0,50,13,2.2831,0.634921,700.802
8367,KB2,ARQ,Default,200,0.3,0,50,20,2.6977,0.571429,593.098
8368,KB2,ARQ,Default,200,0.3,0,50,8,2.3924,0.689655,668.784
8369,KB2,ARQ,Default,200,0.3,0,50,17,2.3065,0.597015,693.692
8370,KB2,ARQ,Default,200,0.3,0,50,13,2.293,0.634921,697.776
8371,KB2,ARQ,Default,200,0.3,0,50,216,2.1638,0.150376,739.44
8372,KB2,ARQ,Default,200,0.3,0,50,232,2.2021,0.141844,726.579
8373,KB2,ARQ,Default,200,0.3,0,50,25,2.3131,0.533333,691.712
8374,KB2,ARQ,Default,200,0.3,0,50,16,2.4787,0.606061,645.5
8375,KB2,ARQ,Default,200,0.3,0,50,32,2.5521,0.487805,626.935
8376,KB2,ARQ,Default,200,0.3,0,50,246,2.2517,0.135135,710.574
8377,KB2,ARQ,Default,200,0.3,0,50,18,2.3072,0.588235,693.481
8378,KB2,ARQ,Default,200,0.3,0,50,12,2.2798,0.645161,701.816
8379,KB2,ARQ,Default,200,0.3,0,50,32,2.3343,0.487805,685.43
8380,KB2,ARQ,Default,200,0.3,0,50,15,2.295,0.615385,697.168
8381,KB2,ARQ,Default,200,0.3,0,50,246,2.3523,0.135135,680.185
8382,KB2,ARQ,Default,200,0.3,0,50,17,2.3165,0.597015,690.697
8383,KB2,ARQ,Default,200,0.3,0,50,8,2.3041,0.689655,694.414
8384,KB2,ARQ,Default,200,0.3,0,50,16,2.2921,0.606061,698.05
8385,KB2,ARQ,Default,200,0.3,0,50,17,2.3075,0.597015,693.391
8386,KB2,ARQ,Default,200,0.3,0,50,8,2.2728,0.689655,703.977
8387,KB2,ARQ,Default,200,0.3,0,50,5,2.3022,0.727273,694.987
8388,KB2,ARQ,Default,200,0.3,0,50,18,2.7518,0.588235,581.438
8389,KB2,ARQ,Default,200,0.3,0,50,228,2.2385,0.143885,714.764
8390,KB2,ARQ,Default,200,0.3,0,50,10,2.2865,0.666667,699.759
8391,KB2,ARQ,Default,200,0.3,0,50,221,2.1698,0.147601,737.395
8392,KB2,ARQ,Default,200,0.3,0,50,247,2.2409,0.13468,713.999
8393,KB2,ARQ,Default,200,0.3,0,50,249,2.2489,0.133779,711.459
8394,KB2,ARQ,Default,200,0.3,0,50,15,2.358,0.615385,678.541
8395,KB2,ARQ,Default,200,0.3,0,50,241,3.3545,0.137457,476.971
8396,KB2,ARQ,Default,200,0.3,0,50,14,3.65,0.625,438.356
8397,KB2,ARQ,Default,200,0.3,0,50,12,3.2784,0.645161,488.043
8398,KB2,ARQ,Default,200,0.3,0,50,18,3.3322,0.588235,480.163
8399,KB2,ARQ,Default,200,0.3,0,50,30,2.9895,0.5,535.207
8400,KB2,ARQ,Default,200,0.3,0,50,13,2.8393,0.634921,563.519
8401,KB2,ARQ,Default,200,0.3,0,50,17,3.0126,0.597015,531.103
8402,KB2,ARQ,Default,200,0.3,0,50,30,3.3798,0.5,473.401
8403,KB2,ARQ,Default,200,0.3,0,50,10,3.1583,0.666667,506.602
8404,KB2,ARQ,Default,200,0.3,0,50,243,3.1753,0.136519,503.889
8405,KB2,ARQ,Default,200,0.3,0,50,245,3.394,0.135593,471.42
8406,KB2,ARQ,Default,200,0.3,0,50,21,2.7644,0.56338,578.787
8407,KB2,ARQ,Default,200,0.3,0,50,14,2.3705,0.625,674.963
8408,KB2,ARQ,Default,200,0.3,0,50,26,2.3657,0.526316,676.333
8409,KB2,ARQ,Default,200,0.3,0,50,27,2.3479,0.519481,681.46
8410,KB2,ARQ,Default,200,0.3,0,50,21,2.3158,0.56338,690.906
8411,KB2,ARQ,Default,200,0.3,0,50,216,2.5849,0.150376,618.979
8412,KB2,ARQ,Default,200,0.3,0,50,17,2.3828,0.597015,671.479
8413,KB2,ARQ,Default,200,0.3,0,50,4,2.267,0.740741,705.779
8414,KB2,ARQ,Default,200,0.3,0,50,7,2.2726,0.701754,704.039
8415,KB2,ARQ,Default,200,0.3,0,50,26,2.3278,0.526316,687.344
8416,KB2,ARQ,Default,200,0.3,0,50,20,2.3029,0.571429,694.776
8417,KB2,ARQ,Default,200,0.3,0,50,5,2.5193,0.727273,635.097
8418,KB2,ARQ,Default,200,0.3,0,50,23,2.5404,0.547945,629.822
8419,KB2,ARQ,Default,200,0.3,0,50,1,2.2728,0.784314,703.977
8420,KB2,ARQ,Default,200,0.3,0,50,250,2.2542,0.133333,709.786
8421,KB2,ARQ,Default,200,0.3,0,50,16,2.3069,0.606061,693.571
8422,KB2,ARQ,Default,200,0.3,0,50,3,2.2666,0.754717,705.903
8423,KB2,ARQ,Default,200,0.3,0,50,226,2.183,0.144928,732.936
8424,KB2,ARQ,Default,200,0.3,0,50,4,2.4126,0.740741,663.185
8425,KB2,ARQ,Default,200,0.3,0,50,18,2.5022,0.588235,639.437
8426,KB2,ARQ,Default,200,0.3,0,50,20,2.3243,0.571429,688.379
8427,KB2,ARQ,Default,200,0.3,0,50,254,2.2663,0.131579,705.997
8428,KB2,ARQ,Default,200,0.3,0,50,32,2.3493,0.487805,681.054
8429,KB2,ARQ,Default,200,0.3,0,50,3,2.2717,0.754717,704.318
8430,KB2,ARQ,Default,200,0.3,0,50,2,2.2725,0.769231,704.07
8431,KB2,ARQ,Default,200,0.3,0,50,18,2.7497,0.588235,581.882
8432,KB2,ARQ,Default,200,0.3,0,50,13,2.3602,0.634921,677.909
8433,KB2,ARQ,Default,200,0.3,0,50,24,2.3343,0.540541,685.43
8434,KB2,ARQ,Default,200,0.3,0,50,22,2.3108,0.555556,692.401
8435,KB2,ARQ,Default,200,0.3,0,50,20,2.317,0.571429,690.548
8436,KB2,ARQ,Default,200,0.3,0,50,25,2.3248,0.533333,688.231
8437,KB2,ARQ,Default,200,0.3,0,50,7,2.2702,0.701754,704.784
8438,KB2,ARQ,Default,200,0.3,0,50,22,2.6495,0.555556,603.888
8439,KB2,ARQ,Default,200,0.3,0,50,9,2.3067,0.677966,693.632
8440,KB2,ARQ,Default,200,0.3,0,50,9,2.3869,0.677966,670.326
8441,KB2,ARQ,Default,200,0.3,0,50,23,2.369,0.547945,675.39
8442,KB2,ARQ,Default,200,0.3,0,50,22,2.3108,0.555556,692.401
8443,KB2,ARQ,Default,200,0.3,0,50,14,2.359,0.625,678.253
8444,KB2,ARQ,Default,200,0.3,0,50,239,2.2344,0.138408,716.076
8445,KB2,ARQ,Default,200,0.3,0,50,28,2.7038,0.512821,591.76
8446,KB2,ARQ,Default,200,0.3,0,50,255,2.2783,0.131148,702.278
8447,KB2,ARQ,Default,200,0.3,0,50,27,2.3498,0.519481,680.909
8448,KB2,ARQ,Default,200,0.3,0,50,14,2.3162,0.625,690.787
8449,KB2,ARQ,Default,200,0.3,0,50,227,2.2042,0.144404,725.887
8450,KB2,ARQ,Default,200,0.3,0,50,190,2.0946,0.166667,763.869
8451,KB2,ARQ,Default,200,0.3,0,50,15,2.3017,0.615385,695.138
8452,KB2,ARQ,Default,200,0.3,0,50,250,2.6208,0.133333,610.501
8453,KB2,ARQ,Default,200,0.3,0,50,15,2.3288,0.615385,687.049
8454,KB2,ARQ,Default,200,0.3,0,50,8,2.2841,0.689655,700.495
8455,KB2,ARQ,Default,200,0.3,0,50,18,2.3301,0.588235,686.666
8456,KB2,ARQ,Default,200,0.3,0,50,11,2.327,0.655738,687.581
8457,KB2,ARQ,Default,200,0.3,0,50,32,2.3453,0.487805,682.215
8458,KB2,ARQ,Default,200,0.3,0,50,32,2.6893,0.487805,594.95
8459,KB2,ARQ,Default,200,0.3,0,50,13,2.5762,0.634921,621.07
8460,KB2,ARQ,Default,200,0.3,0,50,16,2.3337,0.606061,685.607
8461,KB2,ARQ,Default,200,0.3,0,50,3,2.2727,0.754717,704.008
8462,KB2,ARQ,Default,200,0.3,0,50,31,2.3373,0.493827,684.551
8463,KB2,ARQ,Default,200,0.3,0,50,7,2.2722,0.701754,704.163
8464,KB2,ARQ,Default,200,0.3,0,50,21,2.3121,0.56338,692.012
8465,KB2,ARQ,Default,200,0.3,0,50,26,2.7244,0.526316,587.285
8466,KB2,ARQ,Default,200,0.3,0,50,15,2.3746,0.615385,673.798
8467,KB2,ARQ,Default,200,0.3,0,50,228,2.199,0.143885,727.603
8468,KB2,ARQ,Default,200,0.3,0,50,3,2.2639,0.754717,706.745
8469,KB2,ARQ,Default,200,0.3,0,50,7,2.3267,0.701754,687.669
8470,KB2,ARQ,Default,200,0.3,0,50,238,2.2149,0.138889,722.38
8471,KB2,ARQ,Default,200,0.3,0,50,238,2.2175,0.138889,721.533
8472,KB2,ARQ,Default,200,0.3,0,50,248,2.7511,0.134228,581.586
8473,KB2,ARQ,Default,200,0.3,0,50,26,2.3482,0.526316,681.373
8474,KB2,ARQ,Default,200,0.3,0,50,255,2.2605,0.131148,707.808
8475,KB2,ARQ,Default,200,0.3,0,50,28,2.3262,0.512821,687.817
8476,KB2,ARQ,Default,200,0.3,0,50,219,2.169,0.148699,737.667
8477,KB2,ARQ,Default,200,0.3,0,50,231,2.1946,0.142349,729.062
8478,KB2,ARQ,Default,200,0.3,0,50,21,2.3639,0.56338,676.848
8479,KB2,ARQ,Default,200,0.3,0,50,233,2.3278,0.141343,687.344
8480,KB2,ARQ,Default,200,0.3,0,50,17,2.3254,0.597015,688.054
8481,KB2,ARQ,Default,200,0.3,0,50,4,2.2827,0.740741,700.924
8482,KB2,ARQ,Default,200,0.3,0,50,17,2.3073,0.597015,693.451
8483,KB2,ARQ,Default,200,0.3,0,50,21,2.3055,0.56338,693.993
8484,KB2,ARQ,Default,200,0.3,0,50,21,2.305,0.56338,694.143
8485,KB2,ARQ,Default,200,0.3,0,50,248,2.278,0.134228,702.371
8486,KB2,ARQ,Default,200,0.3,0,50,24,2.8009,0.540541,571.245
8487,KB2,ARQ,Default,200,0.3,0,50,17,2.319,0.597015,689.953
8488,KB2,ARQ,Default,200,0.3,0,50,6,2.3269,0.714286,687.61
8489,KB2,ARQ,Default,200,0.3,0,50,20,2.3258,0.571429,687.935
8490,KB2,ARQ,Default,200,0.3,0,50,253,2.2444,0.132013,712.885
8491,KB2,ARQ,Default,200,0.3,0,50,232,2.2776,0.141844,702.494
8492,KB2,ARQ,Default,200,0.3,0,50,9,2.4827,0.677966,644.46
8493,KB2,ARQ,Default,200,0.3,0,50,4,4.1265,0.740741,387.738
8494,KB2,ARQ,Default,200,0.3,0,50,2,3.187,0.769231,502.04
8495,KB2,ARQ,Default,200,0.3,0,50,17,2.8796,0.597015,555.633
8496,KB2,ARQ,Default,200,0.3,0,50,238,2.6815,0.138889,596.681
8497,KB2,ARQ,Default,200,0.3,0,50,22,2.7573,0.555556,580.278
8498,KB2,ARQ,Default,200,0.3,0,50,251,2.8463,0.13289,562.133
8499,KB2,ARQ,Default,200,0.3,0,50,31,2.4025,0.493827,665.973
8500,KB2,ARQ,Default,200,0.3,0,50,5,2.2904,0.727273,698.568
8501,KB2,ARQ,Default,200,0.3,0,50,21,2.354,0.56338,679.694
8502,KB2,ARQ,Default,200,0.3,0,50,4,2.3208,0.740741,689.417
8503,KB2,ARQ,Default,200,0.3,0,50,255,2.2929,0.131148,697.806
8504,KB2,ARQ,Default,200,0.3,0,50,26,2.8146,0.526316,568.464
8505,KB2,ARQ,Default,200,0.3,0,50,32,2.3928,0.487805,668.673
8506,KB2,ARQ,Default,200,0.3,0,50,24,2.3549,0.540541,679.434
8507,KB2,ARQ,Default,200,0.3,0,50,232,2.226,0.141844,718.778
8508,KB2,ARQ,Default,200,0.3,0,50,21,2.3544,0.56338,679.579
8509,KB2,ARQ,Default,200,0.3,0,50,7,2.4038,0.701754,665.613
8510,KB2,ARQ,Default,200,0.3,0,50,6,2.3629,0.714286,677.134
8511,KB2,ARQ,Default,200,0.3,0,50,12,2.9899,0.645161,535.135
8512,KB2,ARQ,Default,200,0.3,0,50,253,2.3098,0.132013,692.701
8513,KB2,ARQ,Default,200,0.3,0,50,24,2.359,0.540541,678.253
8514,KB2,ARQ,Default,200,0.3,0,50,16,2.3446,0.606061,682.419
8515,KB2,ARQ,Default,200,0.3,0,50,32,2.4904,0.487805,642.467
8516,KB2,ARQ,Default,200,0.3,0,50,248,2.2826,0.134228,700.955
8517,KB2,ARQ,Default,200,0.3,0,50,247,2.6416,0.13468,605.694
8518,KB2,ARQ,Default,200,0.3,0,50,234,2.2603,0.140845,707.871
8519,KB2,ARQ,Default,200,0.3,0,50,10,2.3345,0.666667,685.372
8520,KB2,ARQ,Default,200,0.3,0,50,25,2.3391,0.533333,684.024
8521,KB2,ARQ,Default,200,0.3,0,50,2,2.3311,0.769231,686.371
8522,KB2,ARQ,Default,200,0.3,0,50,20,2.355,0.571429,679.406
8523,KB2,ARQ,Default,200,0.3,0,50,9,2.3334,0.677966,685.695
8524,KB2,ARQ,Default,200,0.3,0,50,244,2.7182,0.136054,588.625
8525,KB2,ARQ,Default,200,0.3,0,50,10,2.3365,0.666667,684.785
8526,KB2,ARQ,Default,200,0.3,0,50,7,2.3299,0.701754,686.725
8527,KB2,ARQ,Default,200,0.3,0,50,240,2.2813,0.137931,701.354
8528,KB2,ARQ,Default,200,0.3,0,50,17,2.347,0.597015,681.721
8529,KB2,ARQ,Default,200,0.3,0,50,252,2.2869,0.13245,699.637
8530,KB2,ARQ,Default,200,0.3,0,50,22,2.3646,0.555556,676.647
8531,KB2,ARQ,Default,200,0.3,0,50,254,2.5491,0.131579,627.673
8532,KB2,ARQ,Default,200,0.3,0,50,238,2.2542,0.138889,709.786
8533,KB2,ARQ,Default,200,0.3,0,50,32,2.3587,0.487805,678.34
8534,KB2,ARQ,Default,200,0.3,0,50,222,2.2052,0.147059,725.558
8535,KB2,ARQ,Default,200,0.3,0,50,32,2.396,0.487805,667.78
8536,KB2,ARQ,Default,200,0.3,0,50,9,2.3329,0.677966,685.842
8537,KB2,ARQ,Default,200,0.3,0,50,1,2.3399,0.784314,683.79
8538,KB2,ARQ,Default,200,0.3,0,50,234,2.4613,0.140845,650.063
8539,KB2,ARQ,Default,200,0.3,0,50,9,2.3438,0.677966,682.652
8540,KB2,ARQ,Default,200,0.3,0,50,21,2.3417,0.56338,683.264
8541,KB2,ARQ,Default,200,0.3,0,50,8,2.3157,0.689655,690.936
8542,KB2,ARQ,Default,200,0.3,0,50,18,2.3467,0.588235,681.808
8543,KB2,ARQ,Default,200,0.3,0,50,236,2.2455,0.13986,712.536
8544,KB2,ARQ,Default,200,0.3,0,50,19,2.4022,0.57971,666.056
8545,KB2,ARQ,Default,200,0.3,0,50,234,2.7382,0.140845,584.325
8546,KB2,ARQ,Default,200,0.3,0,50,12,2.3675,0.645161,675.818
8547,KB2,ARQ,Default,200,0.3,0,50,10,2.3834,0.666667,671.31
8548,KB2,ARQ,Default,200,0.3,0,50,1,2.3179,0.784314,690.28
8549,KB2,ARQ,Default,200,0.3,0,50,252,2.3077,0.13245,693.331
8550,KB2,ARQ,Default,200,0.3,0,50,16,2.3303,0.606061,686.607
8551,KB2,ARQ,Default,200,0.3,0,50,7,2.9989,0.701754,533.529
8552,KB2,ARQ,Default,200,0.3,0,50,246,2.2859,0.135135,699.943
8553,KB2,ARQ,Default,200,0.3,0,50,243,2.2869,0.136519,699.637
8554,KB2,ARQ,Default,200,0.3,0,50,12,2.3465,0.645161,681.867
8555,KB2,ARQ,Default,200,0.3,0,50,13,2.3421,0.634921,683.148
8556,KB2,ARQ,Default,200,0.3,0,50,251,2.2961,0.13289,696.834
8557,KB2,ARQ,Default,200,0.3,0,50,8,2.3316,0.689655,686.224
8558,KB2,ARQ,Default,200,0.3,0,50,240,2.5788,0.137931,620.444
8559,KB2,ARQ,Default,200,0.3,0,50,13,2.5947,0.634921,616.642
8560,KB2,ARQ,Default,200,0.3,0,50,221,2.235,0.147601,715.884
8561,KB2,ARQ,Default,200,0.3,0,50,4,2.2994,0.740741,695.834
8562,KB2,ARQ,Default,200,0.3,0,50,4,2.3255,0.740741,688.024
8563,KB2,ARQ,Default,200,0.3,0,50,16,2.3473,0.606061,681.634
8564,KB2,ARQ,Default,200,0.3,0,50,27,2.4659,0.519481,648.85
8565,KB2,ARQ,Default,200,0.3,0,50,13,2.4827,0.634921,644.46
8566,KB2,ARQ,Default,200,0.3,0,50,3,2.3266,0.754717,687.699
8567,KB2,ARQ,Default,200,0.3,0,50,23,2.3632,0.547945,677.048
8568,KB2,ARQ,Default,200,0.3,0,50,21,2.3485,0.56338,681.286
8569,KB2,ARQ,Default,200,0.3,0,50,32,2.3982,0.487805,667.167
8570,KB2,ARQ,Default,200,0.3,0,50,3,2.3124,0.754717,691.922
8571,KB2,ARQ,Default,200,0.3,0,50,19,2.7748,0.57971,576.618
8572,KB2,ARQ,Default,200,0.3,0,50,32,2.4234,0.487805,660.229
8573,KB2,ARQ,Default,200,0.3,0,50,255,2.672,0.131148,598.802
8574,KB2,ARQ,Default,200,0.3,0,50,250,2.2885,0.133333,699.148
8575,KB2,ARQ,Default,200,0.3,0,50,9,2.3256,0.677966,687.994
8576,KB2,ARQ,Default,200,0.3,0,50,31,2.3753,0.493827,673.599
8577,KB2,ARQ,Default,200,0.3,0,50,236,2.2661,0.13986,706.059
8578,KB2,ARQ,Default,200,0.3,0,50,234,2.6476,0.140845,604.321
8579,KB2,ARQ,Default,200,0.3,0,50,16,2.339,0.606061,684.053
8580,KB2,ARQ,Default,200,0.3,0,50,239,2.2568,0.138408,708.968
8581,KB2,ARQ,Default,200,0.3,0,50,14,2.3473,0.625,681.634
8582,KB2,ARQ,Default,200,0.3,0,50,20,2.3276,0.571429,687.403
8583,KB2,ARQ,Default,200,0.3,0,50,240,2.2666,0.137931,705.903
8584,KB2,ARQ,Default,200,0.3,0,50,32,2.5755,0.487805,621.239
8585,KB2,ARQ,Default,200,0.3,0,50,253,2.3954,0.132013,667.947
8586,KB2,ARQ,Default,200,0.3,0,50,15,2.3459,0.615385,682.041
8587,KB2,ARQ,Default,200,0.3,0,50,251,2.3108,0.13289,692.401
8588,KB2,ARQ,Default,200,0.3,0,50,244,2.2472,0.136054,711.997
8589,KB2,ARQ,Default,200,0.3,0,50,245,2.2706,0.135593,704.66
8590,KB2,ARQ,Default,200,0.3,0,50,252,2.2987,0.13245,696.046
8591,KB2,ARQ,Default,200,0.3,0,50,234,2.6743,0.140845,598.287
8592,KB2,ARQ,Default,200,0.3,0,50,11,3.576,0.655738,447.427
8593,KB2,ARQ,Default,200,0.3,0,50,248,2.5314,0.134228,632.061
8594,KB2,ARQ,Default,200,0.3,0,50,10,2.4923,0.666667,641.977
8595,KB2,ARQ,Default,200,0.3,0,50,4,2.4683,0.740741,648.219
8596,KB2,ARQ,Default,200,0.3,0,50,16,2.597,0.606061,616.095
8597,KB2,ARQ,Default,200,0.3,0,50,0,3.1522,0.8,507.582
8598,KB2,ARQ,Default,200,0.3,0,50,11,3.0572,0.655738,523.355
8599,KB2,ARQ,Default,200,0.3,0,50,253,3.3711,0.132013,474.623
8600,KB2,ARQ,Default,200,0.3,0,50,8,2.8245,0.689655,566.472
8601,KB2,ARQ,Default,200,0.3,0,50,253,2.6335,0.132013,607.556
8602,KB2,ARQ,Default,200,0.3,0,50,13,2.6648,0.634921,600.42
8603,KB2,ARQ,Default,200,0.3,0,50,255,2.8036,0.131148,570.695
8604,KB2,ARQ,Default,200,0.3,0,50,249,2.5501,0.133779,627.426
8605,KB2,ARQ,Default,200,0.3,0,50,11,2.6606,0.655738,601.368
8606,KB2,ARQ,Default,200,0.3,0,50,209,2.1823,0.15444,733.171
8607,KB2,ARQ,Default,200,0.3,0,50,249,2.2836,0.133779,700.648
8608,KB2,ARQ,Default,200,0.3,0,50,23,2.3419,0.547945,683.206
8609,KB2,ARQ,Default,200,0.3,0,50,11,2.9336,0.655738,545.405
8610,KB2,ARQ,Default,200,0.3,0,50,25,2.3736,0.533333,674.082
8611,KB2,ARQ,Default,200,0.3,0,50,238,2.2374,0.138889,715.116
8612,KB2,ARQ,Default,200,0.3,0,50,247,2.348,0.13468,681.431
8613,KB2,ARQ,Default,200,0.3,0,50,248,2.2803,0.134228,701.662
8614,KB2,ARQ,Default,200,0.3,0,50,240,2.2608,0.137931,707.714
8615,KB2,ARQ,Default,200,0.3,0,50,253,2.6143,0.132013,612.019
8616,KB2,ARQ,Default,200,0.3,0,50,254,2.4257,0.131579,659.603
8617,KB2,ARQ,Default,200,0.3,0,50,12,2.3278,0.645161,687.344
8618,KB2,ARQ,Default,200,0.3,0,50,17,2.341,0.597015,683.469
8619,KB2,ARQ,Default,200,0.3,0,50,25,2.3452,0.533333,682.245
8620,KB2,ARQ,Default,200,0.3,0,50,253,2.2824,0.132013,701.016
8621,KB2,ARQ,Default,200,0.3,0,50,3,2.3035,0.754717,694.595
8622,KB2,ARQ,Default,200,0.3,0,50,19,2.8612,0.57971,559.206
8623,KB2,ARQ,Default,200,0.3,0,50,242,2.2752,0.136986,703.235
8624,KB2,ARQ,Default,200,0.3,0,50,27,2.3647,0.519481,676.619
8625,KB2,ARQ,Default,200,0.3,0,50,17,2.3783,0.597015,672.749
8626,KB2,ARQ,Default,200,0.3,0,50,3,2.3032,0.754717,694.686
8627,KB2,ARQ,Default,200,0.3,0,50,25,2.3564,0.533333,679.002
8628,KB2,ARQ,Default,200,0.3,0,50,11,2.3289,0.655738,687.02
8629,KB2,ARQ,Default,200,0.3,0,50,31,2.881,0.493827,555.363
8630,KB2,ARQ,Default,200,0.3,0,50,22,2.338,0.555556,684.346
8631,KB2,ARQ,Default,200,0.3,0,50,7,2.3087,0.701754,693.031
8632,KB2,ARQ,Default,200,0.3,0,50,2,2.314,0.769231,691.443
8633,KB2,ARQ,Default,200,0.3,0,50,12,2.3298,0.645161,686.754
8634,KB2,ARQ,Default,200,0.3,0,50,229,2.6557,0.143369,602.478
8635,KB2,ARQ,Default,200,0.3,0,50,252,2.3563,0.13245,679.031
8636,KB2,ARQ,Default,200,0.3,0,50,248,2.3729,0.134228,674.28
8637,KB2,ARQ,Default,200,0.3,0,50,1,2.2975,0.784314,696.409
8638,KB2,ARQ,Default,200,0.3,0,50,241,2.2695,0.137457,705.001
8639,KB2,ARQ,Default,200,0.3,0,50,244,2.5679,0.136054,623.077
8640,KB2,ARQ,Default,200,0.3,0,50,252,2.3006,0.13245,695.471
8641,KB2,ARQ,Default,200,0.3,0,50,3,2.3185,0.754717,690.101
8642,KB2,ARQ,Default,200,0.3,0,50,247,2.5521,0.13468,626.935
8643,KB2,ARQ,Default,200,0.3,0,50,5,2.3011,0.727273,695.32
8644,KB2,ARQ,Default,200,0.3,0,50,10,2.3491,0.666667,681.112
8645,KB2,ARQ,Default,200,0.3,0,50,253,2.3258,0.132013,687.935
8646,KB2,ARQ,Default,200,0.3,0,50,246,2.2835,0.135135,700.679
8647,KB2,ARQ,Default,200,0.3,0,50,19,2.3657,0.57971,676.333
8648,KB2,ARQ,Default,200,0.3,0,50,16,2.3407,0.606061,683.556
8649,KB2,ARQ,Default,200,0.3,0,50,26,2.6022,0.526316,614.864
8650,KB2,ARQ,Default,200,0.3,0,50,32,2.3839,0.487805,671.169
8651,KB2,ARQ,Default,200,0.3,0,50,23,2.3424,0.547945,683.06
8652,KB2,ARQ,Default,200,0.3,0,50,252,2.2864,0.13245,699.79
8653,KB2,ARQ,Default,200,0.3,0,50,2,2.311,0.769231,692.341
8654,KB2,ARQ,Default,200,0.3,0,50,22,2.345,0.555556,682.303
8655,KB2,ARQ,Default,200,0.3,0,50,26,2.4538,0.526316,652.05
8656,KB2,ARQ,Default,200,0.3,0,50,31,2.8212,0.493827,567.135
8657,KB2,ARQ,Default,200,0.3,0,50,18,2.327,0.588235,687.581
8658,KB2,ARQ,Default,200,0.3,0,50,19,2.3256,0.57971,687.994
8659,KB2,ARQ,Default,200,0.3,0,50,17,2.318,0.597015,690.25
8660,KB2,ARQ,Default,200,0.3,0,50,3,2.3119,0.754717,692.071
8661,KB2,ARQ,Default,200,0.3,0,50,249,2.2704,0.133779,704.722
8662,KB2,ARQ,Default,200,0.3,0,50,235,2.6492,0.140351,603.956
8663,KB2,ARQ,Default,200,0.3,0,50,32,2.3901,0.487805,669.428
8664,KB2,ARQ,Default,200,0.3,0,50,242,2.2615,0.136986,707.495
8665,KB2,ARQ,Default,200,0.3,0,50,16,2.3268,0.606061,687.64
8666,KB2,ARQ,Default,200,0.3,0,50,31,2.3974,0.493827,667.39
8667,KB2,ARQ,Default,200,0.3,0,50,22,2.3941,0.555556,668.31
8668,KB2,ARQ,Default,200,0.3,0,50,23,2.3722,0.547945,674.479
8669,KB2,ARQ,Default,200,0.3,0,50,23,2.6622,0.547945,601.007
8670,KB2,ARQ,Default,200,0.3,0,50,0,2.3019,0.8,695.078
8671,KB2,ARQ,Default,200,0.3,0,50,227,2.5178,0.144404,635.475
8672,KB2,ARQ,Default,200,0.3,0,50,4,2.4982,0.740741,640.461
8673,KB2,ARQ,Default,200,0.3,0,50,20,2.372,0.571429,674.536
8674,KB2,ARQ,Default,200,0.3,0,50,240,2.2705,0.137931,704.691
8675,KB2,ARQ,Default,200,0.3,0,50,4,2.3945,0.740741,668.198
8676,KB2,ARQ,Default,200,0.3,0,50,27,2.4691,0.519481,648.009
8677,KB2,ARQ,Default,200,0.3,0,50,13,2.3355,0.634921,685.078
8678,KB2,ARQ,Default,200,0.3,0,50,239,2.2386,0.138408,714.732
8679,KB2,ARQ,Default,200,0.3,0,50,7,2.4063,0.701754,664.921
8680,KB2,ARQ,Default,200,0.3,0,50,15,2.3432,0.615385,682.827
8681,KB2,ARQ,Default,200,0.3,0,50,19,2.3777,0.57971,672.919
8682,KB2,ARQ,Default,200,0.3,0,50,13,2.3729,0.634921,674.28
8683,KB2,ARQ,Default,200,0.3,0,50,255,2.2682,0.131148,705.405
8684,KB2,ARQ,Default,200,0.3,0,50,14,2.3363,0.625,684.844
8685,KB2,ARQ,Default,200,0.3,0,50,25,2.3558,0.533333,679.175
8686,KB2,ARQ,Default,200,0.3,0,50,250,2.2872,0.133333,699.545
8687,KB2,ARQ,Default,200,0.3,0,50,18,2.3432,0.588235,682.827
8688,KB2,ARQ,Default,200,0.3,0,50,6,2.3326,0.714286,685.93
8689,KB2,ARQ,Default,200,0.3,0,50,4,3.1427,0.740741,509.116
8690,KB2,ARQ,Default,200,0.3,0,50,30,3.2837,0.5,487.255
8691,KB2,ARQ,Default,200,0.3,0,50,9,3.5746,0.677966,447.603
8692,KB2,ARQ,Default,200,0.3,0,50,17,4.0725,0.597015,392.879
8693,KB2,ARQ,Default,200,0.3,0,50,247,3.5489,0.13468,450.844
8694,KB2,ARQ,Default,200,0.3,0,50,251,4.4503,0.13289,359.526
8695,KB2,ARQ,Default,200,0.3,0,50,32,6.6821,0.487805,239.446
8696,KB2,ARQ,Default,200,0.3,0,50,245,5.933,0.135593,269.678
8697,KB2,ARQ,Default,200,0.3,0,50,27,3.4315,0.519481,466.268
8698,KB2,ARQ,Default,200,0.3,0,50,6,3.8247,0.714286,418.333
8699,KB2,ARQ,Default,200,0.3,0,50,21,3.1264,0.56338,511.771
8700,KB2,ARQ,Default,200,0.3,0,50,26,3.3951,0.526316,471.267
8701,KB2,ARQ,Default,200,0.3,0,50,4,2.9161,0.740741,548.678
8702,KB2,ARQ,Default,200,0.3,0,50,249,2.3895,0.133779,669.596
8703,KB2,ARQ,Default,200,0.3,0,50,232,2.7448,0.141844,582.92
8704,KB2,ARQ,Default,200,0.3,0,50,248,2.2679,0.134228,705.498
8705,KB2,ARQ,Default,200,0.3,0,50,18,2.3419,0.588235,683.206
8706,KB2,ARQ,Default,200,0.3,0,50,250,2.2613,0.133333,707.558
8707,KB2,ARQ,Default,200,0.3,0,50,232,2.2155,0.141844,722.185
8708,KB2,ARQ,Default,200,0.3,0,50,29,2.3542,0.506329,679.636
8709,KB2,ARQ,Default,200,0.3,0,50,4,2.2892,0.740741,698.934
8710,KB2,ARQ,Default,200,0.3,0,50,25,2.3381,0.533333,684.316
8711,KB2,ARQ,Default,200,0.3,0,50,255,2.2642,0.131148,706.651
8712,KB2,ARQ,Default,200,0.3,0,50,254,2.2985,0.131579,696.106
8713,KB2,ARQ,Default,200,0.3,0,50,248,2.2568,0.134228,708.968
8714,KB2,ARQ,Default,200,0.3,0,50,30,2.3516,0.5,680.388
8715,KB2,ARQ,Default,200,0.3,0,50,9,2.2939,0.677966,697.502
8716,KB2,ARQ,Default,200,0.3,0,50,242,2.2438,0.136986,713.076
8717,KB2,ARQ,Default,200,0.3,0,50,229,2.1929,0.143369,729.627
8718,KB2,ARQ,Default,200,0.3,0,50,7,2.2801,0.701754,701.724
8719,KB2,ARQ,Default,200,0.3,0,50,22,2.326,0.555556,687.876
8720,KB2,ARQ,Default,200,0.3,0,50,7,2.3005,0.701754,695.501
8721,KB2,ARQ,Default,200,0.3,0,50,0,2.3016,0.8,695.169
8722,KB2,ARQ,Default,200,0.3,0,50,23,2.3201,0.547945,689.625
8723,KB2,ARQ,Default,200,0.3,0,50,3,2.2913,0.754717,698.294
8724,KB2,ARQ,Default,200,0.3,0,50,23,2.3361,0.547945,684.902
8725,KB2,ARQ,Default,200,0.3,0,50,227,2.1942,0.144404,729.195
8726,KB2,ARQ,Default,200,0.3,0,50,244,2.2343,0.136054,716.108
8727,KB2,ARQ,Default,200,0.3,0,50,254,2.2661,0.131579,706.059
8728,KB2,ARQ,Default,200,0.3,0,50,242,2.2479,0.136986,711.775
8729,KB2,ARQ,Default,200,0.3,0,50,18,2.639,0.588235,606.29
8730,KB2,ARQ,Default,200,0.3,0,50,234,2.2128,0.140845,723.066
8731,KB2,ARQ,Default,200,0.3,0,50,28,2.3311,0.512821,686.371
8732,KB2,ARQ,Default,200,0.3,0,50,239,2.2331,0.138408,716.493
8733,KB2,ARQ,Default,200,0.3,0,50,15,2.3129,0.615385,691.772
8734,KB2,ARQ,Default,200,0.3,0,50,15,2.3257,0.615385,687.965
8735,KB2,ARQ,Default,200,0.3,0,50,12,2.337,0.645161,684.638
8736,KB2,ARQ,Default,200,0.3,0,50,255,2.2757,0.131148,703.08
8737,KB2,ARQ,Default,200,0.3,0,50,251,2.2642,0.13289,706.651
8738,KB2,ARQ,Default,200,0.3,0,50,30,2.3392,0.5,683.995
8739,KB2,ARQ,Default,200,0.3,0,50,253,2.2631,0.132013,706.995
8740,KB2,ARQ,Default,200,0.3,0,50,18,2.5884,0.588235,618.142
8741,KB2,ARQ,Default,200,0.3,0,50,241,2.6194,0.137457,610.827
8742,KB2,ARQ,Default,200,0.3,0,50,1,2.319,0.784314,689.953
8743,KB2,ARQ,Default,200,0.3,0,50,16,2.3266,0.606061,687.699
8744,KB2,ARQ,Default,200,0.3,0,50,243,2.2487,0.136519,711.522
8745,KB2,ARQ,Default,200,0.3,0,50,23,2.3314,0.547945,686.283
8746,KB2,ARQ,Default,200,0.3,0,50,16,2.3145,0.606061,691.294
8747,KB2,ARQ,Default,200,0.3,0,50,16,2.3559,0.606061,679.146
8748,KB2,ARQ,Default,200,0.3,0,50,21,2.5242,0.56338,633.864
8749,KB2,ARQ,Default,200,0.3,0,50,238,2.3039,0.138889,694.475
8750,KB2,ARQ,Default,200,0.3,0,50,247,2.2373,0.13468,715.148
8751,KB2,ARQ,Default,200,0.3,0,50,10,2.287,0.666667,699.606
8752,KB2,ARQ,Default,200,0.3,0,50,255,2.2605,0.131148,707.808
8753,KB2,ARQ,Default,200,0.3,0,50,17,2.3267,0.597015,687.669
8754,KB2,ARQ,Default,200,0.3,0,50,20,2.3084,0.571429,693.121
8755,KB2,ARQ,Default,200,0.3,0,50,4,2.5157,0.740741,636.006
8756,KB2,ARQ,Default,200,0.3,0,50,3,2.2965,0.754717,696.712
8757,KB2,ARQ,Default,200,0.3,0,50,25,2.3248,0.533333,688.231
8758,KB2,ARQ,Default,200,0.3,0,50,12,2.3086,0.645161,693.061
8759,KB2,ARQ,Default,200,0.3,0,50,15,2.3216,0.615385,689.18
8760,KB2,ARQ,Default,200,0.3,0,50,17,2.3072,0.597015,693.481
8761,KB2,ARQ,Default,200,0.3,0,50,8,2.6415,0.689655,605.716
8762,KB2,ARQ,Default,200,0.3,0,50,4,3.4017,0.740741,470.353
8763,KB2,ARQ,Default,200,0.3,0,50,30,6.9623,0.5,229.809
8764,KB2,ARQ,Default,200,0.3,0,50,4,3.5018,0.740741,456.908
8765,KB2,ARQ,Default,200,0.3,0,50,6,3.5032,0.714286,456.725
8766,KB2,ARQ,Default,200,0.3,0,50,6,2.432,0.714286,657.895
8767,KB2,ARQ,Default,200,0.3,0,50,248,2.4513,0.134228,652.715
8768,KB2,ARQ,Default,200,0.3,0,50,9,2.3325,0.677966,685.959
8769,KB2,ARQ,Default,200,0.3,0,50,251,2.3052,0.13289,694.083
8770,KB2,ARQ,Default,200,0.3,0,50,230,2.3196,0.142857,689.774
8771,KB2,ARQ,Default,200,0.3,0,50,27,2.4253,0.519481,659.712
8772,KB2,ARQ,Default,200,0.3,0,50,6,3.2378,0.714286,494.163
8773,KB2,ARQ,Default,200,0.3,0,50,3,2.8247,0.754717,566.432
8774,KB2,ARQ,Default,200,0.3,0,50,28,2.3616,0.512821,677.507
8775,KB2,ARQ,Default,200,0.3,0,50,12,2.3938,0.645161,668.393
8776,KB2,ARQ,Default,200,0.3,0,50,246,2.2491,0.135135,711.396
8777,KB2,ARQ,Default,200,0.3,0,50,25,2.3528,0.533333,680.041
8778,KB2,ARQ,Default,200,0.3,0,50,17,2.5703,0.597015,622.495
8779,KB2,ARQ,Default,200,0.3,0,50,22,3.7354,0.555556,428.334
8780,KB2,ARQ,Default,200,0.3,0,50,28,3.1355,0.512821,510.285
8781,KB2,ARQ,Default,200,0.3,0,50,254,3.1762,0.131579,503.747
8782,KB2,ARQ,Default,200,0.3,0,50,15,3.1378,0.615385,509.911
8783,KB2,ARQ,Default,200,0.3,0,50,4,3.2589,0.740741,490.963
8784,KB2,ARQ,Default,200,0.3,0,50,243,3.4673,0.136519,461.454
8785,KB2,ARQ,Default,200,0.3,0,50,13,3.4027,0.634921,470.215
8786,KB2,ARQ,Default,200,0.3,0,50,17,3.3694,0.597015,474.862
8787,KB2,ARQ,Default,200,0.3,0,50,246,3.2023,0.135135,499.641
8788,KB2,ARQ,Default,200,0.3,0,50,1,3.2353,0.784314,494.545
8789,KB2,ARQ,Default,200,0.3,0,50,243,3.1771,0.136519,503.604
8790,KB2,ARQ,Default,200,0.3,0,50,24,3.0807,0.540541,519.362
8791,KB2,ARQ,Default,200,0.3,0,50,245,3.1342,0.135593,510.497
8792,KB2,ARQ,Default,200,0.3,0,50,19,2.8614,0.57971,559.167
8793,KB2,ARQ,Default,200,0.3,0,50,9,2.6152,0.677966,611.808
8794,KB2,ARQ,Default,200,0.3,0,50,218,2.2961,0.149254,696.834
8795,KB2,ARQ,Default,200,0.3,0,50,22,2.3253,0.555556,688.083
8796,KB2,ARQ,Default,200,0.3,0,50,2,2.2749,0.769231,703.328
8797,KB2,ARQ,Default,200,0.3,0,50,2,2.2846,0.769231,700.341
8798,KB2,ARQ,Default,200,0.3,0,50,7,2.2723,0.701754,704.132
8799,KB2,ARQ,Default,200,0.3,0,50,31,2.3374,0.493827,684.521
8800,KB2,ARQ,Default,200,0.3,0,50,0,2.8504,0.8,561.325
8801,KB2,ARQ,Default,200,0.3,0,50,25,2.4111,0.533333,663.598
8802,KB2,ARQ,Default,200,0.3,0,50,247,2.2514,0.13468,710.669
8803,KB2,ARQ,Default,200,0.3,0,50,246,2.2356,0.135135,715.692
8804,KB2,ARQ,Default,200,0.3,0,50,3,2.2959,0.754717,696.894
8805,KB2,ARQ,Default,200,0.3,0,50,18,2.3655,0.588235,676.39
8806,KB2,ARQ,Default,200,0.3,0,50,18,2.3624,0.588235,677.277
8807,KB2,ARQ,Default,200,0.3,0,50,252,2.618,0.13245,611.154
8808,KB2,ARQ,Default,200,0.3,0,50,3,2.2882,0.754717,699.24
8809,KB2,ARQ,Default,200,0.3,0,50,9,2.3011,0.677966,695.32
8810,KB2,ARQ,Default,200,0.3,0,50,19,2.3484,0.57971,681.315
8811,KB2,ARQ,Default,200,0.3,0,50,9,2.3262,0.677966,687.817
8812,KB2,ARQ,Default,200,0.3,0,50,32,2.4278,0.487805,659.033
8813,KB2,ARQ,Default,200,0.3,0,50,9,2.7765,0.677966,576.265
8814,KB2,ARQ,Default,200,0.3,0,50,19,2.962,0.57971,540.176
8815,KB2,ARQ,Default,200,0.3,0,50,26,2.3441,0.526316,682.565
8816,KB2,ARQ,Default,200,0.3,0,50,20,2.3305,0.571429,686.548
8817,KB2,ARQ,Default,200,0.3,0,50,250,2.2775,0.133333,702.525
8818,KB2,ARQ,Default,200,0.3,0,50,239,2.2224,0.138408,719.942
8819,KB2,ARQ,Default,200,0.3,0,50,20,2.3362,0.571429,684.873
8820,KB2,ARQ,Default,200,0.3,0,50,9,3.1513,0.677966,507.727
8821,KB2,ARQ,Default,200,0.3,0,50,251,2.3735,0.13289,674.11
8822,KB2,ARQ,Default,200,0.3,0,50,31,2.4172,0.493827,661.923
8823,KB2,ARQ,Default,200,0.3,0,50,30,2.3364,0.5,684.814
8824,KB2,ARQ,Default,200,0.3,0,50,5,2.2806,0.727273,701.57
8825,KB2,ARQ,Default,200,0.3,0,50,17,2.3541,0.597015,679.665
8826,KB2,ARQ,Default,200,0.3,0,50,1,2.5458,0.784314,628.486
8827,KB2,ARQ,Default,200,0.3,0,50,24,2.9223,0.540541,547.514
8828,KB2,ARQ,Default,200,0.3,0,50,27,3.2658,0.519481,489.926
8829,KB2,ARQ,Default,200,0.3,0,50,32,3.5881,0.487805,445.918
8830,KB2,ARQ,Default,200,0.3,0,50,18,3.4113,0.588235,469.029
8831,KB2,ARQ,Default,200,0.3,0,50,7,4.3357,0.701754,369.029
8832,KB2,ARQ,Default,200,0.3,0,50,252,3.5555,0.13245,450.007
8833,KB2,ARQ,Default,200,0.3,0,50,20,2.6403,0.571429,605.992
8834,KB2,ARQ,Default,200,0.3,0,50,17,2.3032,0.597015,694.686
8835,KB2,ARQ,Default,200,0.3,0,50,11,2.3169,0.655738,690.578
8836,KB2,ARQ,Default,200,0.3,0,50,250,2.266,0.133333,706.09
8837,KB2,ARQ,Default,200,0.3,0,50,245,2.5123,0.135593,636.867
8838,KB2,ARQ,Default,200,0.3,0,50,8,2.2854,0.689655,700.096
8839,KB2,ARQ,Default,200,0.3,0,50,17,2.3453,0.597015,682.215
8840,KB2,ARQ,Default,200,0.3,0,50,1,2.3088,0.784314,693.001
8841,KB2,ARQ,Default,200,0.3,0,50,255,2.2747,0.131148,703.389
8842,KB2,ARQ,Default,200,0.3,0,50,19,2.3253,0.57971,688.083
8843,KB2,ARQ,Default,200,0.3,0,50,248,2.3762,0.134228,673.344
8844,KB2,ARQ,Default,200,0.3,0,50,1,2.5592,0.784314,625.195
8845,KB2,ARQ,Default,200,0.3,0,50,17,2.3218,0.597015,689.121
8846,KB2,ARQ,Default,200,0.3,0,50,238,2.2105,0.138889,723.818
8847,KB2,ARQ,Default,200,0.3,0,50,1,2.2839,0.784314,700.556
8848,KB2,ARQ,Default,200,0.3,0,50,244,2.2487,0.136054,711.522
8849,KB2,ARQ,Default,200,0.3,0,50,254,2.2753,0.131579,703.204
8850,KB2,ARQ,Default,200,0.3,0,50,237,2.3479,0.139373,681.46
8851,KB2,ARQ,Default,200,0.3,0,50,15,2.3961,0.615385,667.752
8852,KB2,ARQ,Default,200,0.3,0,50,236,2.2731,0.13986,703.885
8853,KB2,ARQ,Default,200,0.3,0,50,249,2.2635,0.133779,706.87
8854,KB2,ARQ,Default,200,0.3,0,50,29,3.2846,0.506329,487.122
8855,KB2,ARQ,Default,200,0.3,0,50,248,3.0809,0.134228,519.329
8856,KB2,ARQ,Default,200,0.3,0,50,13,3.6471,0.634921,438.705
8857,KB2,ARQ,Default,200,0.3,0,50,5,3.1115,0.727273,514.221
8858,KB2,ARQ,Default,200,0.3,0,50,249,2.5008,0.133779,639.795
8859,KB2,ARQ,Default,200,0.3,0,50,2,2.6682,0.769231,599.655
8860,KB2,ARQ,Default,200,0.3,0,50,27,2.3429,0.519481,682.914
8861,KB2,ARQ,Default,200,0.3,0,50,1,2.2781,0.784314,702.34
8862,KB2,ARQ,Default,200,0.3,0,50,32,2.3666,0.487805,676.075
8863,KB2,ARQ,Default,200,0.3,0,50,16,3.3231,0.606061,481.478
8864,KB2,ARQ,Default,200,0.3,0,50,248,3.5529,0.134228,450.336
8865,KB2,ARQ,Default,200,0.3,0,50,9,2.3182,0.677966,690.191
8866,KB2,ARQ,Default,200,0.3,0,50,3,2.3137,0.754717,691.533
8867,KB2,ARQ,Default,200,0.3,0,50,231,2.269,0.142349,705.156
8868,KB2,ARQ,Default,200,0.3,0,50,18,3.1734,0.588235,504.191
8869,KB2,ARQ,Default,200,0.3,0,50,32,3.5231,0.487805,454.145
8870,KB2,ARQ,Default,200,0.3,0,50,241,2.9423,0.137457,543.792
8871,KB2,ARQ,Default,200,0.3,0,50,242,5.6755,0.136986,281.913
8872,KB2,ARQ,Default,200,0.3,0,50,207,3.2062,0.155642,499.033
8873,KB2,ARQ,Default,200,0.3,0,50,254,3.5672,0.131579,448.531
8874,KB2,ARQ,Default,200,0.3,0,50,230,3.0765,0.142857,520.072
8875,KB2,ARQ,Default,200,0.3,0,50,7,4.7752,0.701754,335.064
8876,KB2,ARQ,Default,200,0.3,0,50,1,4.1455,0.784314,385.961
8877,KB2,ARQ,Default,200,0.3,0,50,224,3.714,0.145985,430.802
8878,KB2,ARQ,Default,200,0.3,0,50,25,3.5571,0.533333,449.805
8879,KB2,ARQ,Default,200,0.3,0,50,4,2.9804,0.740741,536.841
8880,KB2,ARQ,Default,200,0.3,0,50,13,3.0818,0.634921,519.177
8881,KB2,ARQ,Default,200,0.3,0,50,244,2.9052,0.136054,550.737
8882,KB2,ARQ,Default,200,0.3,0,50,13,3.0689,0.634921,521.359
8883,KB2,ARQ,Default,200,0.3,0,50,23,3.2076,0.547945,498.815
8884,KB2,ARQ,Default,200,0.3,0,50,252,2.904,0.13245,550.964
8885,KB2,ARQ,Default,200,0.3,0,50,30,3.0946,0.5,517.03
8886,KB2,ARQ,Default,200,0.3,0,50,13,3.2933,0.634921,485.835
8887,KB2,ARQ,Default,200,0.3,0,50,16,2.5595,0.606061,625.122
8888,KB2,ARQ,Default,200,0.3,0,50,6,3.0843,0.714286,518.756
8889,KB2,ARQ,Default,200,0.3,0,50,255,3.0536,0.131148,523.972
8890,KB2,ARQ,Default,200,0.3,0,50,3,3.1808,0.754717,503.018
8891,KB2,ARQ,Default,200,0.3,0,50,240,2.9702,0.137931,538.684
8892,KB2,ARQ,Default,200,0.3,0,50,25,2.3783,0.533333,672.749
8893,KB2,ARQ,Default,200,0.3,0,50,18,2.3138,0.588235,691.503
8894,KB2,ARQ,Default,200,0.3,0,50,3,2.3279,0.754717,687.315
8895,KB2,ARQ,Default,200,0.3,0,50,18,2.5376,0.588235,630.517
8896,KB2,ARQ,Default,200,0.3,0,50,9,2.8175,0.677966,567.879
8897,KB2,ARQ,Default,200,0.3,0,50,241,3.221,0.137457,496.74
8898,KB2,ARQ,Default,200,0.3,0,50,242,3.1972,0.136986,500.438
8899,KB2,ARQ,Default,200,0.3,0,50,32,3.4553,0.487805,463.057
8900,KB2,ARQ,Default,200,0.3,0,50,235,3.317,0.140351,482.364
8901,KB2,ARQ,Default,200,0.3,0,50,15,2.4523,0.615385,652.449
8902,KB2,ARQ,Default,200,0.3,0,50,246,2.3961,0.135135,667.752
8903,KB2,ARQ,Default,200,0.3,0,50,254,2.3203,0.131579,689.566
8904,KB2,ARQ,Default,200,0.3,0,50,8,2.2869,0.689655,699.637
8905,KB2,ARQ,Default,200,0.3,0,50,24,2.3332,0.540541,685.753
8906,KB2,ARQ,Default,200,0.3,0,50,254,2.3023,0.131579,694.957
8907,KB2,ARQ,Default,200,0.3,0,50,254,2.353,0.131579,679.983
8908,KB2,ARQ,Default,200,0.3,0,50,253,2.3498,0.132013,680.909
8909,KB2,ARQ,Default,200,0.3,0,50,255,2.3335,0.131148,685.665
8910,KB2,ARQ,Default,200,0.3,0,50,246,2.2568,0.135135,708.968
8911,KB2,ARQ,Default,200,0.3,0,50,19,2.3396,0.57971,683.878
8912,KB2,ARQ,Default,200,0.3,0,50,2,2.2734,0.769231,703.792
8913,KB2,ARQ,Default,200,0.3,0,50,206,2.1492,0.15625,744.463
8914,KB2,ARQ,Default,200,0.3,0,50,5,2.3381,0.727273,684.316
8915,KB2,ARQ,Default,200,0.3,0,50,17,2.3,0.597015,695.652
8916,KB2,ARQ,Default,200,0.3,0,50,15,2.2962,0.615385,696.803
8917,KB2,ARQ,Default,200,0.3,0,50,32,2.3476,0.487805,681.547
8918,KB2,ARQ,Default,200,0.3,0,50,231,2.2031,0.142349,726.249
8919,KB2,ARQ,Default,200,0.3,0,50,14,2.3212,0.625,689.299
8920,KB2,ARQ,Default,200,0.3,0,50,32,2.8338,0.487805,564.613
8921,KB2,ARQ,Default,200,0.3,0,50,2,2.2631,0.769231,706.995
8922,KB2,ARQ,Default,200,0.3,0,50,28,2.3322,0.512821,686.048
8923,KB2,ARQ,Default,200,0.3,0,50,21,2.5026,0.56338,639.335
8924,KB2,ARQ,Default,200,0.3,0,50,245,2.2409,0.135593,713.999
8925,KB2,ARQ,Default,200,0.3,0,50,233,2.2205,0.141343,720.558
8926,KB2,ARQ,Default,200,0.3,0,50,242,2.2539,0.136986,709.881
8927,KB2,ARQ,Default,200,0.3,0,50,26,2.3303,0.526316,686.607
8928,KB2,ARQ,Default,200,0.3,0,50,12,2.2933,0.645161,697.685
8929,KB2,ARQ,Default,200,0.3,0,50,251,2.2566,0.13289,709.031
8930,KB2,ARQ,Default,200,0.3,0,50,15,2.3387,0.615385,684.141
8931,KB2,ARQ,Default,200,0.3,0,50,32,2.4344,0.487805,657.246
8932,KB2,ARQ,Default,200,0.3,0,50,16,2.3745,0.606061,673.826
8933,KB2,ARQ,Default,200,0.3,0,50,19,2.4595,0.57971,650.539
8934,KB2,ARQ,Default,200,0.3,0,50,243,2.3892,0.136519,669.68
8935,KB2,ARQ,Default,200,0.3,0,50,13,2.3439,0.634921,682.623
8936,KB2,ARQ,Default,200,0.3,0,50,225,2.2314,0.145455,717.039
8937,KB2,ARQ,Default,200,0.3,0,50,229,2.2125,0.143369,723.164
8938,KB2,ARQ,Default,200,0.3,0,50,252,2.2853,0.13245,700.127
8939,KB2,ARQ,Default,200,0.3,0,50,2,2.3141,0.769231,691.414
8940,KB2,ARQ,Default,200,0.3,0,50,22,2.3269,0.555556,687.61
8941,KB2,ARQ,Default,200,0.3,0,50,3,2.2854,0.754717,700.096
8942,KB2,ARQ,Default,200,0.3,0,50,225,2.2142,0.145455,722.609
8943,KB2,ARQ,Default,200,0.3,0,50,21,2.5725,0.56338,621.963
8944,KB2,ARQ,Default,200,0.3,0,50,24,2.342,0.540541,683.177
8945,KB2,ARQ,Default,200,0.3,0,50,10,2.3816,0.666667,671.817
8946,KB2,ARQ,Default,200,0.3,0,50,24,2.3174,0.540541,690.429
8947,KB2,ARQ,Default,200,0.3,0,50,254,2.2558,0.131579,709.283
8948,KB2,ARQ,Default,200,0.3,0,50,13,2.5103,0.634921,637.374
8949,KB2,ARQ,Default,200,0.3,0,50,13,2.3691,0.634921,675.362
8950,KB2,ARQ,Default,200,0.3,0,50,3,2.2605,0.754717,707.808
8951,KB2,ARQ,Default,200,0.3,0,50,3,2.2955,0.754717,697.016
8952,KB2,ARQ,Default,200,0.3,0,50,252,2.2798,0.13245,701.816
8953,KB2,ARQ,Default,200,0.3,0,50,19,2.2967,0.57971,696.652
8954,KB2,ARQ,Default,200,0.3,0,50,8,2.2903,0.689655,698.598
8955,KB2,ARQ,Default,200,0.3,0,50,1,2.2499,0.784314,711.143
8956,KB2,ARQ,Default,200,0.3,0,50,249,2.3003,0.133779,695.561
8957,KB2,ARQ,Default,200,0.3,0,50,3,2.4686,0.754717,648.141
8958,KB2,ARQ,Default,200,0.3,0,50,13,3.3109,0.634921,483.252
8959,KB2,ARQ,Default,200,0.3,0,50,254,3.3541,0.131579,477.028
8960,KB2,ARQ,Default,200,0.3,0,50,239,2.7385,0.138408,584.261
8961,KB2,ARQ,Default,200,0.3,0,50,32,2.8964,0.487805,552.41
8962,KB2,ARQ,Default,200,0.3,0,50,248,2.8543,0.134228,560.558
8963,KB2,ARQ,Default,200,0.3,0,50,245,3.0269,0.135593,528.594
8964,KB2,ARQ,Default,200,0.3,0,50,246,3.1116,0.135135,514.205
8965,KB2,ARQ,Default,200,0.3,0,50,239,3.0095,0.138408,531.65
8966,KB2,ARQ,Default,200,0.3,0,50,4,2.6185,0.740741,611.037
8967,KB2,ARQ,Default,200,0.3,0,50,9,2.645,0.677966,604.915
8968,KB2,ARQ,Default,200,0.3,0,50,235,2.7595,0.140351,579.815
8969,KB2,ARQ,Default,200,0.3,0,50,28,3.0491,0.512821,524.745
8970,KB2,ARQ,Default,200,0.3,0,50,244,2.3348,0.136054,685.284
8971,KB2,ARQ,Default,200,0.3,0,50,0,2.257,0.8,708.906
8972,KB2,ARQ,Default,200,0.3,0,50,21,2.3158,0.56338,690.906
8973,KB2,ARQ,Default,200,0.3,0,50,7,2.3117,0.701754,692.131
8974,KB2,ARQ,Default,200,0.3,0,50,1,3.2103,0.784314,498.396
8975,KB2,ARQ,Default,200,0.3,0,50,26,3.4727,0.526316,460.737
8976,KB2,ARQ,Default,200,0.3,0,50,246,2.8379,0.135135,563.797
8977,KB2,ARQ,Default,200,0.3,0,50,14,2.7955,0.625,572.348
8978,KB2,ARQ,Default,200,0.3,0,50,4,2.7554,0.740741,580.678
8979,KB2,ARQ,Default,200,0.3,0,50,6,2.6507,0.714286,603.614
8980,KB2,ARQ,Default,200,0.3,0,50,29,2.9292,0.506329,546.224
8981,KB2,ARQ,Default,200,0.3,0,50,25,2.3404,0.533333,683.644
8982,KB2,ARQ,Default,200,0.3,0,50,5,2.2756,0.727273,703.111
8983,KB2,ARQ,Default,200,0.3,0,50,17,2.3002,0.597015,695.592
8984,KB2,ARQ,Default,200,0.3,0,50,32,2.3458,0.487805,682.07
8985,KB2,ARQ,Default,200,0.3,0,50,2,2.2606,0.769231,707.777
8986,KB2,ARQ,Default,200,0.3,0,50,19,2.3063,0.57971,693.752
8987,KB2,ARQ,Default,200,0.3,0,50,254,2.484,0.131579,644.122
8988,KB2,ARQ,Default,200,0.3,0,50,18,2.3077,0.588235,693.331
8989,KB2,ARQ,Default,200,0.3,0,50,236,2.2027,0.13986,726.381
8990,KB2,ARQ,Default,200,0.3,0,50,9,2.2891,0.677966,698.965
8991,KB2,ARQ,Default,200,0.3,0,50,7,2.2671,0.701754,705.747
8992,KB2,ARQ,Default,200,0.3,0,50,32,2.3289,0.487805,687.02
8993,KB2,ARQ,Default,200,0.3,0,50,3,2.2989,0.754717,695.985
8994,KB2,ARQ,Default,200,0.3,0,50,5,2.2701,0.727273,704.815
8995,KB2,ARQ,Default,200,0.3,0,50,1,2.2562,0.784314,709.157
8996,KB2,ARQ,Default,200,0.3,0,50,21,2.3029,0.56338,694.776
8997,KB2,ARQ,Default,200,0.3,0,50,10,2.2869,0.666667,699.637
8998,KB2,ARQ,Default,200,0.3,0,50,217,2.1625,0.149813,739.884
8999,KB2,ARQ,Default,200,0.3,0,50,1,2.2613,0.784314,707.558
9000,KB2,ARQ,Default,200,0.3,0,50,1,2.258,0.784314,708.592
9001,KB2,HARQ,Default,200,0.3,0,50,1,33.165,0.784314,48.2436
9002,KB2,HARQ,Default,200,0.3,0,50,6,32.9396,0.714286,48.5738
9003,KB2,HARQ,Default,200,0.3,0,50,255,32.5604,0.131148,49.1394
9004,KB2,HARQ,Default,200,0.3,0,50,15,33.2679,0.615385,48.0944
9005,KB2,HARQ,Default,200,0.3,0,50,11,41.6311,0.655738,38.4328
9006,KB2,HARQ,Default,200,0.3,0,50,213,31.5249,0.152091,50.7535
9007,KB2,HARQ,Default,200,0.3,0,50,10,33.9634,0.666667,47.1095
9008,KB2,HARQ,Default,200,0.3,0,50,30,34.1111,0.5,46.9056
9009,KB2,HARQ,Default,200,0.3,0,50,253,32.7261,0.132013,48.8906
9010,KB2,HARQ,Default,200,0.3,0,50,17,33.3552,0.597015,47.9685
9011,KB2,HARQ,Default,200,0.3,0,50,7,35.6758,0.701754,44.8483
9012,KB2,HARQ,Default,200,0.3,0,50,14,42.7269,0.625,37.4471
9013,KB2,HARQ,Default,200,0.3,0,50,249,34.7226,0.133779,46.0795
9014,KB2,HARQ,Default,200,0.3,0,50,247,31.9665,0.13468,50.0524
9015,KB2,HARQ,Default,200,0.3,0,50,249,34.7951,0.133779,45.9835
9016,KB2,HARQ,Default,200,0.3,0,50,20,34.3007,0.571429,46.6463
9017,KB2,HARQ,Default,200,0.3,0,50,236,31.5619,0.13986,50.694
9018,KB2,HARQ,Default,200,0.3,0,50,18,33.4808,0.588235,47.7886
9019,KB2,HARQ,Default,200,0.3,0,50,28,40.4915,0.512821,39.5145
9020,KB2,HARQ,Default,200,0.3,0,50,254,32.204,0.131579,49.6833
9021,KB2,HARQ,Default,200,0.3,0,50,29,33.3063,0.506329,48.039
9022,KB2,HARQ,Default,200,0.3,0,50,31,33.7187,0.493827,47.4514
9023,KB2,HARQ,Default,200,0.3,0,50,2,37.8019,0.769231,42.3259
9024,KB2,HARQ,Default,200,0.3,0,50,6,42.5363,0.714286,37.6149
9025,KB2,HARQ,Default,200,0.3,0,50,1,32.8198,0.784314,48.7511
9026,KB2,HARQ,Default,200,0.3,0,50,214,35.9472,0.151515,44.5097
9027,KB2,HARQ,Default,200,0.3,0,50,1,38.8587,0.784314,41.1748
9028,KB2,HARQ,Default,200,0.3,0,50,252,38.3159,0.13245,41.7581
9029,KB2,HARQ,Default,200,0.3,0,50,22,39.924,0.555556,40.0761
9030,KB2,HARQ,Default,200,0.3,0,50,32,36.8147,0.487805,43.4609
9031,KB2,HARQ,Default,200,0.3,0,50,251,36.0104,0.13289,44.4316
9032,KB2,HARQ,Default,200,0.3,0,50,250,34.9503,0.133333,45.7793
9033,KB2,HARQ,Default,200,0.3,0,50,15,43.541,0.615385,36.747
9034,KB2,HARQ,Default,200,0.3,0,50,17,34.159,0.597015,46.8398
9035,KB2,HARQ,Default,200,0.3,0,50,254,32.1969,0.131579,49.6942
9036,KB2,HARQ,Default,200,0.3,0,50,10,34.895,0.666667,45.8518
9037,KB2,HARQ,Default,200,0.3,0,50,252,35.8742,0.13245,44.6003
9038,KB2,HARQ,Default,200,0.3,0,50,18,38.9513,0.588235,41.0769
9039,KB2,HARQ,Default,200,0.3,0,50,24,38.7759,0.540541,41.2627
9040,KB2,HARQ,Default,200,0.3,0,50,17,43.3681,0.597015,36.8935
9041,KB2,HARQ,Default,200,0.3,0,50,32,36.9268,0.487805,43.329
9042,KB2,HARQ,Default,200,0.3,0,50,1,34.8073,0.784314,45.9674
9043,KB2,HARQ,Default,200,0.3,0,50,26,33.8081,0.526316,47.3259
9044,KB2,HARQ,Default,200,0.3,0,50,16,33.1825,0.606061,48.2182
9045,KB2,HARQ,Default,200,0.3,0,50,252,33.8482,0.13245,47.2699
9046,KB2,HARQ,Default,200,0.3,0,50,240,33.5993,0.137931,47.62
9047,KB2,HARQ,Default,200,0.3,0,50,16,42.8184,0.606061,37.3671
9048,KB2,HARQ,Default,200,0.3,0,50,14,33.5144,0.625,47.7407
9049,KB2,HARQ,Default,200,0.3,0,50,15,33.7967,0.615385,47.3419
9050,KB2,HARQ,Default,200,0.3,0,50,18,35.6375,0.588235,44.8965
9051,KB2,HARQ,Default,200,0.3,0,50,0,32.893,0.8,48.6426
9052,KB2,HARQ,Default,200,0.3,0,50,17,33.4513,0.597015,47.8307
9053,KB2,HARQ,Default,200,0.3,0,50,32,34.9128,0.487805,45.8285
9054,KB2,HARQ,Default,200,0.3,0,50,248,41.1432,0.134228,38.8886
9055,KB2,HARQ,Default,200,0.3,0,50,16,33.0395,0.606061,48.4269
9056,KB2,HARQ,Default,200,0.3,0,50,253,40.8866,0.132013,39.1326
9057,KB2,HARQ,Default,200,0.3,0,50,243,36.1642,0.136519,44.2426
9058,KB2,HARQ,Default,200,0.3,0,50,19,36.3546,0.57971,44.0109
9059,KB2,HARQ,Default,200,0.3,0,50,4,37.3227,0.740741,42.8694
9060,KB2,HARQ,Default,200,0.3,0,50,12,36.4176,0.645161,43.9348
9061,KB2,HARQ,Default,200,0.3,0,50,2,37.614,0.769231,42.5374
9062,KB2,HARQ,Default,200,0.3,0,50,14,40.1507,0.625,39.8499
9063,KB2,HARQ,Default,200,0.3,0,50,243,33.7349,0.136519,47.4286
9064,KB2,HARQ,Default,200,0.3,0,50,226,34.3048,0.144928,46.6407
9065,KB2,HARQ,Default,200,0.3,0,50,0,34.4466,0.8,46.4487
9066,KB2,HARQ,Default,200,0.3,0,50,9,33.7434,0.677966,47.4167
9067,KB2,HARQ,Default,200,0.3,0,50,25,38.2814,0.533333,41.7958
9068,KB2,HARQ,Default,200,0.3,0,50,11,38.408,0.655738,41.658
9069,KB2,HARQ,Default,200,0.3,0,50,15,34.1464,0.615385,46.8571
9070,KB2,HARQ,Default,200,0.3,0,50,240,33.1884,0.137931,48.2096
9071,KB2,HARQ,Default,200,0.3,0,50,0,32.9894,0.8,48.5004
9072,KB2,HARQ,Default,200,0.3,0,50,24,35.8398,0.540541,44.6431
9073,KB2,HARQ,Default,200,0.3,0,50,255,34.2636,0.131148,46.6968
9074,KB2,HARQ,Default,200,0.3,0,50,8,35.3334,0.689655,45.2829
9075,KB2,HARQ,Default,200,0.3,0,50,32,38.0918,0.487805,42.0038
9076,KB2,HARQ,Default,200,0.3,0,50,24,35.1292,0.540541,45.5462
9077,KB2,HARQ,Default,200,0.3,0,50,254,34.126,0.131579,46.8851
9078,KB2,HARQ,Default,200,0.3,0,50,244,34.1564,0.136054,46.8433
9079,KB2,HARQ,Default,200,0.3,0,50,251,35.5418,0.13289,45.0174
9080,KB2,HARQ,Default,200,0.3,0,50,244,32.4247,0.136054,49.3451
9081,KB2,HARQ,Default,200,0.3,0,50,18,38.1251,0.588235,41.9671
9082,KB2,HARQ,Default,200,0.3,0,50,28,53.7652,0.512821,29.759
9083,KB2,HARQ,Default,200,0.3,0,50,17,45.1144,0.597015,35.4654
9084,KB2,HARQ,Default,200,0.3,0,50,15,34.1943,0.615385,46.7914
9085,KB2,HARQ,Default,200,0.3,0,50,4,34.8365,0.740741,45.9288
9086,KB2,HARQ,Default,200,0.3,0,50,20,40.2434,0.571429,39.7581
9087,KB2,HARQ,Default,200,0.3,0,50,16,42.7916,0.606061,37.3905
9088,KB2,HARQ,Default,200,0.3,0,50,252,45.8091,0.13245,34.9276
9089,KB2,HARQ,Default,200,0.3,0,50,223,38.7023,0.14652,41.3412
9090,KB2,HARQ,Default,200,0.3,0,50,231,37.5787,0.142349,42.5773
9091,KB2,HARQ,Default,200,0.3,0,50,7,41.2861,0.701754,38.754
9092,KB2,HARQ,Default,200,0.3,0,50,9,36.9773,0.677966,43.2698
9093,KB2,HARQ,Default,200,0.3,0,50,15,36.4537,0.615385,43.8913
9094,KB2,HARQ,Default,200,0.3,0,50,16,47.2535,0.606061,33.8599
9095,KB2,HARQ,Default,200,0.3,0,50,20,47.1263,0.571429,33.9513
9096,KB2,HARQ,Default,200,0.3,0,50,8,39.5428,0.689655,40.4625
9097,KB2,HARQ,Default,200,0.3,0,50,31,37.9126,0.493827,42.2023
9098,KB2,HARQ,Default,200,0.3,0,50,17,35.4595,0.597015,45.1219
9099,KB2,HARQ,Default,200,0.3,0,50,0,34.6435,0.8,46.1847
9100,KB2,HARQ,Default,200,0.3,0,50,32,43.3271,0.487805,36.9284
9101,KB2,HARQ,Default,200,0.3,0,50,24,39.7827,0.540541,40.2185
9102,KB2,HARQ,Default,200,0.3,0,50,250,36.8405,0.133333,43.4305
9103,KB2,HARQ,Default,200,0.3,0,50,15,38.8504,0.615385,41.1836
9104,KB2,HARQ,Default,200,0.3,0,50,6,35.2312,0.714286,45.4143
9105,KB2,HARQ,Default,200,0.3,0,50,2,39.1149,0.769231,40.9051
9106,KB2,HARQ,Default,200,0.3,0,50,11,40.907,0.655738,39.1131
9107,KB2,HARQ,Default,200,0.3,0,50,236,48.7824,0.13986,32.7987
9108,KB2,HARQ,Default,200,0.3,0,50,251,47.1271,0.13289,33.9507
9109,KB2,HARQ,Default,200,0.3,0,50,14,42.0681,0.625,38.0336
9110,KB2,HARQ,Default,200,0.3,0,50,6,38.7041,0.714286,41.3393
9111,KB2,HARQ,Default,200,0.3,0,50,5,36.3628,0.727273,44.001
9112,KB2,HARQ,Default,200,0.3,0,50,10,48.0828,0.666667,33.2759
9113,KB2,HARQ,Default,200,0.3,0,50,8,54.43,0.689655,29.3956
9114,KB2,HARQ,Default,200,0.3,0,50,18,41.2765,0.588235,38.763
9115,KB2,HARQ,Default,200,0.3,0,50,11,36.6844,0.655738,43.6153
9116,KB2,HARQ,Default,200,0.3,0,50,247,37.6891,0.13468,42.4526
9117,KB2,HARQ,Default,200,0.3,0,50,5,37.0297,0.727273,43.2086
9118,KB2,HARQ,Default,200,0.3,0,50,234,41.4897,0.140845,38.5638
9119,KB2,HARQ,Default,200,0.3,0,50,10,41.4754,0.666667,38.5771
9120,KB2,HARQ,Default,200,0.3,0,50,13,33.7402,0.634921,47.4212
9121,KB2,HARQ,Default,200,0.3,0,50,23,34.0196,0.547945,47.0317
9122,KB2,HARQ,Default,200,0.3,0,50,16,34.1816,0.606061,46.8088
9123,KB2,HARQ,Default,200,0.3,0,50,10,34.3704,0.666667,46.5517
9124,KB2,HARQ,Default,200,0.3,0,50,0,33.3547,0.8,47.9693
9125,KB2,HARQ,Default,200,0.3,0,50,4,37.4042,0.740741,42.7759
9126,KB2,HARQ,Default,200,0.3,0,50,11,35.399,0.655738,45.199
9127,KB2,HARQ,Default,200,0.3,0,50,250,32.6671,0.133333,48.9789
9128,KB2,HARQ,Default,200,0.3,0,50,32,33.7656,0.487805,47.3855
9129,KB2,HARQ,Default,200,0.3,0,50,204,30.9081,0.15748,51.7664
9130,KB2,HARQ,Default,200,0.3,0,50,219,31.9814,0.148699,50.0291
9131,KB2,HARQ,Default,200,0.3,0,50,15,33.4703,0.615385,47.8036
9132,KB2,HARQ,Default,200,0.3,0,50,9,33.7067,0.677966,47.4683
9133,KB2,HARQ,Default,200,0.3,0,50,7,50.4521,0.701754,31.7132
9134,KB2,HARQ,Default,200,0.3,0,50,232,35.9147,0.141844,44.55
9135,KB2,HARQ,Default,200,0.3,0,50,237,32.3433,0.139373,49.4693
9136,KB2,HARQ,Default,200,0.3,0,50,20,33.4744,0.571429,47.7977
9137,KB2,HARQ,Default,200,0.3,0,50,4,35.6284,0.740741,44.908
9138,KB2,HARQ,Default,200,0.3,0,50,14,33.8579,0.625,47.2563
9139,KB2,HARQ,Default,200,0.3,0,50,6,33.1076,0.714286,48.3273
9140,KB2,HARQ,Default,200,0.3,0,50,32,45.5439,0.487805,35.1309
9141,KB2,HARQ,Default,200,0.3,0,50,21,33.1928,0.56338,48.2032
9142,KB2,HARQ,Default,200,0.3,0,50,17,33.029,0.597015,48.4423
9143,KB2,HARQ,Default,200,0.3,0,50,32,35.3118,0.487805,45.3106
9144,KB2,HARQ,Default,200,0.3,0,50,233,32.0348,0.141343,49.9457
9145,KB2,HARQ,Default,200,0.3,0,50,32,34.148,0.487805,46.8549
9146,KB2,HARQ,Default,200,0.3,0,50,14,32.8087,0.625,48.7676
9147,KB2,HARQ,Default,200,0.3,0,50,240,38.5977,0.137931,41.4532
9148,KB2,HARQ,Default,200,0.3,0,50,252,37.5207,0.13245,42.6431
9149,KB2,HARQ,Default,200,0.3,0,50,13,33.705,0.634921,47.4707
9150,KB2,HARQ,Default,200,0.3,0,50,245,33.0342,0.135593,48.4347
9151,KB2,HARQ,Default,200,0.3,0,50,25,34.7604,0.533333,46.0294
9152,KB2,HARQ,Default,200,0.3,0,50,2,32.5121,0.769231,49.2124
9153,KB2,HARQ,Default,200,0.3,0,50,32,33.6941,0.487805,47.4861
9154,KB2,HARQ,Default,200,0.3,0,50,251,40.0054,0.13289,39.9946
9155,KB2,HARQ,Default,200,0.3,0,50,9,37.6952,0.677966,42.4457
9156,KB2,HARQ,Default,200,0.3,0,50,20,33.0691,0.571429,48.3835
9157,KB2,HARQ,Default,200,0.3,0,50,239,31.6496,0.138408,50.5536
9158,KB2,HARQ,Default,200,0.3,0,50,3,33.2377,0.754717,48.1381
9159,KB2,HARQ,Default,200,0.3,0,50,8,32.8596,0.689655,48.692
9160,KB2,HARQ,Default,200,0.3,0,50,243,36.5903,0.136519,43.7274
9161,KB2,HARQ,Default,200,0.3,0,50,253,40.0748,0.132013,39.9253
9162,KB2,HARQ,Default,200,0.3,0,50,7,49.5796,0.701754,32.2713
9163,KB2,HARQ,Default,200,0.3,0,50,239,36.6032,0.138408,43.712
9164,KB2,HARQ,Default,200,0.3,0,50,5,35.8776,0.727273,44.5961
9165,KB2,HARQ,Default,200,0.3,0,50,14,37.1272,0.625,43.0951
9166,KB2,HARQ,Default,200,0.3,0,50,16,34.8488,0.606061,45.9126
9167,KB2,HARQ,Default,200,0.3,0,50,11,34.2966,0.655738,46.6519
9168,KB2,HARQ,Default,200,0.3,0,50,11,39.9342,0.655738,40.0659
9169,KB2,HARQ,Default,200,0.3,0,50,9,36.1255,0.677966,44.29
9170,KB2,HARQ,Default,200,0.3,0,50,10,35.5918,0.666667,44.9542
9171,KB2,HARQ,Default,200,0.3,0,50,26,34.9285,0.526316,45.8079
9172,KB2,HARQ,Default,200,0.3,0,50,252,35.0326,0.13245,45.6717
9173,KB2,HARQ,Default,200,0.3,0,50,10,34.6309,0.666667,46.2015
9174,KB2,HARQ,Default,200,0.3,0,50,19,34.5718,0.57971,46.2805
9175,KB2,HARQ,Default,200,0.3,0,50,9,41.3001,0.677966,38.7408
9176,KB2,HARQ,Default,200,0.3,0,50,0,34.228,0.8,46.7454
9177,KB2,HARQ,Default,200,0.3,0,50,6,34.137,0.714286,46.87
9178,KB2,HARQ,Default,200,0.3,0,50,251,35.1411,0.13289,45.5307
9179,KB2,HARQ,Default,200,0.3,0,50,20,34.7879,0.571429,45.993
9180,KB2,HARQ,Default,200,0.3,0,50,238,32.9208,0.138889,48.6015
9181,KB2,HARQ,Default,200,0.3,0,50,30,35.2701,0.5,45.3642
9182,KB2,HARQ,Default,200,0.3,0,50,4,40.7346,0.740741,39.2786
9183,KB2,HARQ,Default,200,0.3,0,50,242,36.8446,0.136986,43.4256
9184,KB2,HARQ,Default,200,0.3,0,50,30,36.5248,0.5,43.8059
9185,KB2,HARQ,Default,200,0.3,0,50,2,35.6324,0.769231,44.903
9186,KB2,HARQ,Default,200,0.3,0,50,6,35.4485,0.714286,45.1359
9187,KB2,HARQ,Default,200,0.3,0,50,250,33.6481,0.133333,47.551
9188,KB2,HARQ,Default,200,0.3,0,50,249,33.6362,0.133779,47.5678
9189,KB2,HARQ,Default,200,0.3,0,50,237,40.6475,0.139373,39.3628
9190,KB2,HARQ,Default,200,0.3,0,50,5,35.0824,0.727273,45.6069
9191,KB2,HARQ,Default,200,0.3,0,50,9,35.7018,0.677966,44.8157
9192,KB2,HARQ,Default,200,0.3,0,50,16,36.1303,0.606061,44.2842
9193,KB2,HARQ,Default,200,0.3,0,50,7,36.7823,0.701754,43.4992
9194,KB2,HARQ,Default,200,0.3,0,50,2,34.2559,0.769231,46.7073
9195,KB2,HARQ,Default,200,0.3,0,50,244,33.4904,0.136054,47.7749
9196,KB2,HARQ,Default,200,0.3,0,50,26,34.8665,0.526316,45.8893
9197,KB2,HARQ,Default,200,0.3,0,50,18,36.2981,0.588235,44.0794
9198,KB2,HARQ,Default,200,0.3,0,50,30,36.4469,0.5,43.8995
9199,KB2,HARQ,Default,200,0.3,0,50,237,35.5209,0.139373,45.0439
9200,KB2,HARQ,Default,200,0.3,0,50,252,33.8856,0.13245,47.2177
9201,KB2,HARQ,Default,200,0.3,0,50,25,35.3273,0.533333,45.2908
9202,KB2,HARQ,Default,200,0.3,0,50,251,33.5161,0.13289,47.7383
9203,KB2,HARQ,Default,200,0.3,0,50,250,33.6221,0.133333,47.5877
9204,KB2,HARQ,Default,200,0.3,0,50,0,35.0289,0.8,45.6766
9205,KB2,HARQ,Default,200,0.3,0,50,0,33.6922,0.8,47.4887
9206,KB2,HARQ,Default,200,0.3,0,50,240,33.1728,0.137931,48.2323
9207,KB2,HARQ,Default,200,0.3,0,50,14,34.6875,0.625,46.1261
9208,KB2,HARQ,Default,200,0.3,0,50,5,34.5133,0.727273,46.3589
9209,KB2,HARQ,Default,200,0.3,0,50,20,34.6559,0.571429,46.1682
9210,KB2,HARQ,Default,200,0.3,0,50,3,33.9128,0.754717,47.1798
9211,KB2,HARQ,Default,200,0.3,0,50,17,34.5696,0.597015,46.2834
9212,KB2,HARQ,Default,200,0.3,0,50,222,32.5255,0.147059,49.1922
9213,KB2,HARQ,Default,200,0.3,0,50,12,34.2694,0.645161,46.6889
9214,KB2,HARQ,Default,200,0.3,0,50,250,35.3344,0.133333,45.2817
9215,KB2,HARQ,Default,200,0.3,0,50,32,46.8323,0.487805,34.1645
9216,KB2,HARQ,Default,200,0.3,0,50,250,37.4805,0.133333,42.6889
9217,KB2,HARQ,Default,200,0.3,0,50,252,34.5985,0.13245,46.2448
9218,KB2,HARQ,Default,200,0.3,0,50,9,32.6031,0.677966,49.0751
9219,KB2,HARQ,Default,200,0.3,0,50,19,33.3013,0.57971,48.0462
9220,KB2,HARQ,Default,200,0.3,0,50,20,33.3205,0.571429,48.0185
9221,KB2,HARQ,Default,200,0.3,0,50,20,33.1139,0.571429,48.3181
9222,KB2,HARQ,Default,200,0.3,0,50,11,33.4154,0.655738,47.8821
9223,KB2,HARQ,Default,200,0.3,0,50,27,33.2737,0.519481,48.086
9224,KB2,HARQ,Default,200,0.3,0,50,5,32.6594,0.727273,48.9905
9225,KB2,HARQ,Default,200,0.3,0,50,11,32.5942,0.655738,49.0885
9226,KB2,HARQ,Default,200,0.3,0,50,254,32.4752,0.131579,49.2684
9227,KB2,HARQ,Default,200,0.3,0,50,0,32.2761,0.8,49.5723
9228,KB2,HARQ,Default,200,0.3,0,50,24,33.9104,0.540541,47.1832
9229,KB2,HARQ,Default,200,0.3,0,50,16,34.6687,0.606061,46.1511
9230,KB2,HARQ,Default,200,0.3,0,50,19,33.1899,0.57971,48.2074
9231,KB2,HARQ,Default,200,0.3,0,50,12,32.785,0.645161,48.8028
9232,KB2,HARQ,Default,200,0.3,0,50,17,33.5854,0.597015,47.6397
9233,KB2,HARQ,Default,200,0.3,0,50,244,32.1052,0.136054,49.8362
9234,KB2,HARQ,Default,200,0.3,0,50,26,33.5608,0.526316,47.6747
9235,KB2,HARQ,Default,200,0.3,0,50,3,32.9016,0.754717,48.6299
9236,KB2,HARQ,Default,200,0.3,0,50,1,33.3972,0.784314,47.9082
9237,KB2,HARQ,Default,200,0.3,0,50,254,32.2177,0.131579,49.6621
9238,KB2,HARQ,Default,200,0.3,0,50,3,32.4753,0.754717,49.2682
9239,KB2,HARQ,Default,200,0.3,0,50,3,32.471,0.754717,49.2747
9240,KB2,HARQ,Default,200,0.3,0,50,10,32.7121,0.666667,48.9116
9241,KB2,HARQ,Default,200,0.3,0,50,18,32.9718,0.588235,48.5263
9242,KB2,HARQ,Default,200,0.3,0,50,24,33.9119,0.540541,47.1811
9243,KB2,HARQ,Default,200,0.3,0,50,235,31.8862,0.140351,50.1784
9244,KB2,HARQ,Default,200,0.3,0,50,233,31.877,0.141343,50.1929
9245,KB2,HARQ,Default,200,0.3,0,50,26,35.0574,0.526316,45.6394
9246,KB2,HARQ,Default,200,0.3,0,50,252,32.9601,0.13245,48.5435
9247,KB2,HARQ,Default,200,0.3,0,50,16,32.6825,0.606061,48.9559
9248,KB2,HARQ,Default,200,0.3,0,50,227,31.1921,0.144404,51.295
9249,KB2,HARQ,Default,200,0.3,0,50,4,32.7963,0.740741,48.786
9250,KB2,HARQ,Default,200,0.3,0,50,21,33.1703,0.56338,48.2359
9251,KB2,HARQ,Default,200,0.3,0,50,5,32.4409,0.727273,49.3205
9252,KB2,HARQ,Default,200,0.3,0,50,251,32.5286,0.13289,49.1875
9253,KB2,HARQ,Default,200,0.3,0,50,18,32.9309,0.588235,48.5866
9254,KB2,HARQ,Default,200,0.3,0,50,32,33.6787,0.487805,47.5078
9255,KB2,HARQ,Default,200,0.3,0,50,244,32.0439,0.136054,49.9315
9256,KB2,HARQ,Default,200,0.3,0,50,217,30.8982,0.149813,51.783
9257,KB2,HARQ,Default,200,0.3,0,50,232,31.494,0.141844,50.8033
9258,KB2,HARQ,Default,200,0.3,0,50,4,32.3885,0.740741,49.4003
9259,KB2,HARQ,Default,200,0.3,0,50,4,32.9101,0.740741,48.6173
9260,KB2,HARQ,Default,200,0.3,0,50,25,33.2343,0.533333,48.143
9261,KB2,HARQ,Default,200,0.3,0,50,253,32.987,0.132013,48.504
9262,KB2,HARQ,Default,200,0.3,0,50,2,32.7872,0.769231,48.7995
9263,KB2,HARQ,Default,200,0.3,0,50,1,33.7966,0.784314,47.342
9264,KB2,HARQ,Default,200,0.3,0,50,251,33.6314,0.13289,47.5746
9265,KB2,HARQ,Default,200,0.3,0,50,15,32.9993,0.615385,48.4859
9266,KB2,HARQ,Default,200,0.3,0,50,3,32.603,0.754717,49.0752
9267,KB2,HARQ,Default,200,0.3,0,50,31,33.5581,0.493827,47.6785
9268,KB2,HARQ,Default,200,0.3,0,50,2,32.3033,0.769231,49.5305
9269,KB2,HARQ,Default,200,0.3,0,50,24,33.2784,0.540541,48.0792
9270,KB2,HARQ,Default,200,0.3,0,50,0,32.5078,0.8,49.219
9271,KB2,HARQ,Default,200,0.3,0,50,24,33.536,0.540541,47.7099
9272,KB2,HARQ,Default,200,0.3,0,50,6,32.7549,0.714286,48.8477
9273,KB2,HARQ,Default,200,0.3,0,50,26,33.2837,0.526316,48.0716
9274,KB2,HARQ,Default,200,0.3,0,50,253,32.3594,0.132013,49.4447
9275,KB2,HARQ,Default,200,0.3,0,50,26,33.2529,0.526316,48.1161
9276,KB2,HARQ,Default,200,0.3,0,50,252,32.1257,0.13245,49.8044
9277,KB2,HARQ,Default,200,0.3,0,50,25,34.5646,0.533333,46.2901
9278,KB2,HARQ,Default,200,0.3,0,50,27,33.6974,0.519481,47.4814
9279,KB2,HARQ,Default,200,0.3,0,50,23,33.3734,0.547945,47.9424
9280,KB2,HARQ,Default,200,0.3,0,50,11,32.8102,0.655738,48.7653
9281,KB2,HARQ,Default,200,0.3,0,50,6,32.5745,0.714286,49.1182
9282,KB2,HARQ,Default,200,0.3,0,50,11,32.7454,0.655738,48.8618
9283,KB2,HARQ,Default,200,0.3,0,50,13,32.9901,0.634921,48.4994
9284,KB2,HARQ,Default,200,0.3,0,50,17,32.8672,0.597015,48.6808
9285,KB2,HARQ,Default,200,0.3,0,50,252,32.3256,0.13245,49.4964
9286,KB2,HARQ,Default,200,0.3,0,50,249,31.9312,0.133779,50.1077
9287,KB2,HARQ,Default,200,0.3,0,50,12,32.8038,0.645161,48.7748
9288,KB2,HARQ,Default,200,0.3,0,50,247,32.4512,0.13468,49.3048
9289,KB2,HARQ,Default,200,0.3,0,50,255,34.5543,0.131148,46.3039
9290,KB2,HARQ,Default,200,0.3,0,50,10,37.0749,0.666667,43.1559
9291,KB2,HARQ,Default,200,0.3,0,50,17,34.1489,0.597015,46.8536
9292,KB2,HARQ,Default,200,0.3,0,50,21,35.7697,0.56338,44.7306
9293,KB2,HARQ,Default,200,0.3,0,50,14,35.7461,0.625,44.7601
9294,KB2,HARQ,Default,200,0.3,0,50,26,35.9786,0.526316,44.4709
9295,KB2,HARQ,Default,200,0.3,0,50,241,33.934,0.137457,47.1504
9296,KB2,HARQ,Default,200,0.3,0,50,24,34.9357,0.540541,45.7984
9297,KB2,HARQ,Default,200,0.3,0,50,5,32.8006,0.727273,48.7796
9298,KB2,HARQ,Default,200,0.3,0,50,32,33.6764,0.487805,47.511
9299,KB2,HARQ,Default,200,0.3,0,50,248,32.1417,0.134228,49.7796
9300,KB2,HARQ,Default,200,0.3,0,50,4,32.5843,0.740741,49.1034
9301,KB2,HARQ,Default,200,0.3,0,50,22,33.6749,0.555556,47.5131
9302,KB2,HARQ,Default,200,0.3,0,50,7,33.8081,0.701754,47.3259
9303,KB2,HARQ,Default,200,0.3,0,50,9,32.6434,0.677966,49.0145
9304,KB2,HARQ,Default,200,0.3,0,50,251,32.1474,0.13289,49.7707
9305,KB2,HARQ,Default,200,0.3,0,50,5,34.731,0.727273,46.0684
9306,KB2,HARQ,Default,200,0.3,0,50,245,34.447,0.135593,46.4482
9307,KB2,HARQ,Default,200,0.3,0,50,230,32.206,0.142857,49.6802
9308,KB2,HARQ,Default,200,0.3,0,50,231,31.7384,0.142349,50.4121
9309,KB2,HARQ,Default,200,0.3,0,50,16,35.6637,0.606061,44.8635
9310,KB2,HARQ,Default,200,0.3,0,50,1,32.5221,0.784314,49.1973
9311,KB2,HARQ,Default,200,0.3,0,50,17,34.3379,0.597015,46.5957
9312,KB2,HARQ,Default,200,0.3,0,50,27,33.658,0.519481,47.537
9313,KB2,HARQ,Default,200,0.3,0,50,30,33.2469,0.5,48.1248
9314,KB2,HARQ,Default,200,0.3,0,50,7,32.4663,0.701754,49.2819
9315,KB2,HARQ,Default,200,0.3,0,50,3,32.3944,0.754717,49.3913
9316,KB2,HARQ,Default,200,0.3,0,50,15,32.7215,0.615385,48.8975
9317,KB2,HARQ,Default,200,0.3,0,50,225,31.3418,0.145455,51.05
9318,KB2,HARQ,Default,200,0.3,0,50,253,32.7347,0.132013,48.8778
9319,KB2,HARQ,Default,200,0.3,0,50,8,32.7964,0.689655,48.7858
9320,KB2,HARQ,Default,200,0.3,0,50,222,30.8739,0.147059,51.8237
9321,KB2,HARQ,Default,200,0.3,0,50,23,33.5434,0.547945,47.6994
9322,KB2,HARQ,Default,200,0.3,0,50,4,32.3273,0.740741,49.4938
9323,KB2,HARQ,Default,200,0.3,0,50,237,31.9406,0.139373,50.093
9324,KB2,HARQ,Default,200,0.3,0,50,21,34.3246,0.56338,46.6138
9325,KB2,HARQ,Default,200,0.3,0,50,10,36.7569,0.666667,43.5292
9326,KB2,HARQ,Default,200,0.3,0,50,21,35.4801,0.56338,45.0957
9327,KB2,HARQ,Default,200,0.3,0,50,2,34.3209,0.769231,46.6188
9328,KB2,HARQ,Default,200,0.3,0,50,254,32.344,0.131579,49.4682
9329,KB2,HARQ,Default,200,0.3,0,50,16,35.2968,0.606061,45.3299
9330,KB2,HARQ,Default,200,0.3,0,50,22,36.247,0.555556,44.1416
9331,KB2,HARQ,Default,200,0.3,0,50,19,36.8113,0.57971,43.4649
9332,KB2,HARQ,Default,200,0.3,0,50,235,44.0504,0.140351,36.322
9333,KB2,HARQ,Default,200,0.3,0,50,243,32.1821,0.136519,49.7171
9334,KB2,HARQ,Default,200,0.3,0,50,13,32.9485,0.634921,48.5606
9335,KB2,HARQ,Default,200,0.3,0,50,248,32.3635,0.134228,49.4384
9336,KB2,HARQ,Default,200,0.3,0,50,32,34.0732,0.487805,46.9577
9337,KB2,HARQ,Default,200,0.3,0,50,27,33.9867,0.519481,47.0772
9338,KB2,HARQ,Default,200,0.3,0,50,23,33.202,0.547945,48.1899
9339,KB2,HARQ,Default,200,0.3,0,50,27,33.2427,0.519481,48.1309
9340,KB2,HARQ,Default,200,0.3,0,50,4,33.9501,0.740741,47.128
9341,KB2,HARQ,Default,200,0.3,0,50,4,32.6069,0.740741,49.0694
9342,KB2,HARQ,Default,200,0.3,0,50,7,33.0102,0.701754,48.4699
9343,KB2,HARQ,Default,200,0.3,0,50,228,32.7973,0.143885,48.7845
9344,KB2,HARQ,Default,200,0.3,0,50,21,40.8985,0.56338,39.1212
9345,KB2,HARQ,Default,200,0.3,0,50,243,39.8197,0.136519,40.1811
9346,KB2,HARQ,Default,200,0.3,0,50,20,39.33,0.571429,40.6814
9347,KB2,HARQ,Default,200,0.3,0,50,5,37.0502,0.727273,43.1847
9348,KB2,HARQ,Default,200,0.3,0,50,245,34.9607,0.135593,45.7657
9349,KB2,HARQ,Default,200,0.3,0,50,20,36.4695,0.571429,43.8723
9350,KB2,HARQ,Default,200,0.3,0,50,236,34.8481,0.13986,45.9136
9351,KB2,HARQ,Default,200,0.3,0,50,254,35.588,0.131579,44.959
9352,KB2,HARQ,Default,200,0.3,0,50,26,34.6852,0.526316,46.1292
9353,KB2,HARQ,Default,200,0.3,0,50,22,33.331,0.555556,48.0034
9354,KB2,HARQ,Default,200,0.3,0,50,250,32.271,0.133333,49.5801
9355,KB2,HARQ,Default,200,0.3,0,50,9,33.8272,0.677966,47.2992
9356,KB2,HARQ,Default,200,0.3,0,50,11,33.2564,0.655738,48.111
9357,KB2,HARQ,Default,200,0.3,0,50,254,32.7995,0.131579,48.7812
9358,KB2,HARQ,Default,200,0.3,0,50,245,31.7751,0.135593,50.3539
9359,KB2,HARQ,Default,200,0.3,0,50,250,32.1002,0.133333,49.8439
9360,KB2,HARQ,Default,200,0.3,0,50,19,33.3762,0.57971,47.9384
9361,KB2,HARQ,Default,200,0.3,0,50,227,32.305,0.144404,49.5279
9362,KB2,HARQ,Default,200,0.3,0,50,15,33.1572,0.615385,48.255
9363,KB2,HARQ,Default,200,0.3,0,50,241,31.944,0.137457,50.0877
9364,KB2,HARQ,Default,200,0.3,0,50,17,34.5693,0.597015,46.2838
9365,KB2,HARQ,Default,200,0.3,0,50,27,35.1126,0.519481,45.5677
9366,KB2,HARQ,Default,200,0.3,0,50,6,34.7214,0.714286,46.0811
9367,KB2,HARQ,Default,200,0.3,0,50,246,34.7393,0.135135,46.0573
9368,KB2,HARQ,Default,200,0.3,0,50,6,34.0016,0.714286,47.0566
9369,KB2,HARQ,Default,200,0.3,0,50,246,33.4003,0.135135,47.9038
9370,KB2,HARQ,Default,200,0.3,0,50,13,33.8385,0.634921,47.2834
9371,KB2,HARQ,Default,200,0.3,0,50,246,33.6439,0.135135,47.5569
9372,KB2,HARQ,Default,200,0.3,0,50,6,32.409,0.714286,49.369
9373,KB2,HARQ,Default,200,0.3,0,50,22,32.9596,0.555556,48.5443
9374,KB2,HARQ,Default,200,0.3,0,50,253,32.2306,0.132013,49.6423
9375,KB2,HARQ,Default,200,0.3,0,50,8,32.5205,0.689655,49.1997
9376,KB2,HARQ,Default,200,0.3,0,50,10,32.1238,0.666667,49.8073
9377,KB2,HARQ,Default,200,0.3,0,50,241,31.429,0.137457,50.9084
9378,KB2,HARQ,Default,200,0.3,0,50,248,31.3099,0.134228,51.102
9379,KB2,HARQ,Default,200,0.3,0,50,2,32.8689,0.769231,48.6782
9380,KB2,HARQ,Default,200,0.3,0,50,19,32.2072,0.57971,49.6783
9381,KB2,HARQ,Default,200,0.3,0,50,14,32.4741,0.625,49.27
9382,KB2,HARQ,Default,200,0.3,0,50,30,34.0188,0.5,47.0328
9383,KB2,HARQ,Default,200,0.3,0,50,23,34.745,0.547945,46.0498
9384,KB2,HARQ,Default,200,0.3,0,50,1,37.9289,0.784314,42.1842
9385,KB2,HARQ,Default,200,0.3,0,50,12,32.7474,0.645161,48.8588
9386,KB2,HARQ,Default,200,0.3,0,50,218,30.6401,0.149254,52.2192
9387,KB2,HARQ,Default,200,0.3,0,50,253,32.3703,0.132013,49.428
9388,KB2,HARQ,Default,200,0.3,0,50,245,33.1022,0.135593,48.3352
9389,KB2,HARQ,Default,200,0.3,0,50,243,31.7629,0.136519,50.3732
9390,KB2,HARQ,Default,200,0.3,0,50,5,32.6838,0.727273,48.9539
9391,KB2,HARQ,Default,200,0.3,0,50,14,38.0158,0.625,42.0878
9392,KB2,HARQ,Default,200,0.3,0,50,12,32.7849,0.645161,48.803
9393,KB2,HARQ,Default,200,0.3,0,50,247,31.7111,0.13468,50.4555
9394,KB2,HARQ,Default,200,0.3,0,50,13,32.6857,0.634921,48.9511
9395,KB2,HARQ,Default,200,0.3,0,50,28,33.4539,0.512821,47.827
9396,KB2,HARQ,Default,200,0.3,0,50,1,33.0151,0.784314,48.4627
9397,KB2,HARQ,Default,200,0.3,0,50,17,33.2434,0.597015,48.1299
9398,KB2,HARQ,Default,200,0.3,0,50,8,32.8776,0.689655,48.6654
9399,KB2,HARQ,Default,200,0.3,0,50,246,31.8971,0.135135,50.1613
9400,KB2,HARQ,Default,200,0.3,0,50,253,32.1533,0.132013,49.7616
9401,KB2,HARQ,Default,200,0.3,0,50,5,32.7458,0.727273,48.8612
9402,KB2,HARQ,Default,200,0.3,0,50,23,32.9241,0.547945,48.5966
9403,KB2,HARQ,Default,200,0.3,0,50,250,33.1801,0.133333,48.2217
9404,KB2,HARQ,Default,200,0.3,0,50,19,33.6473,0.57971,47.5521
9405,KB2,HARQ,Default,200,0.3,0,50,0,32.3691,0.8,49.4299
9406,KB2,HARQ,Default,200,0.3,0,50,15,32.8972,0.615385,48.6364
9407,KB2,HARQ,Default,200,0.3,0,50,12,32.8175,0.645161,48.7545
9408,KB2,HARQ,Default,200,0.3,0,50,27,34.9041,0.519481,45.8399
9409,KB2,HARQ,Default,200,0.3,0,50,11,34.1565,0.655738,46.8432
9410,KB2,HARQ,Default,200,0.3,0,50,19,33.4026,0.57971,47.9005
9411,KB2,HARQ,Default,200,0.3,0,50,3,38.5763,0.754717,41.4762
9412,KB2,HARQ,Default,200,0.3,0,50,20,38.0247,0.571429,42.0779
9413,KB2,HARQ,Default,200,0.3,0,50,20,33.875,0.571429,47.2325
9414,KB2,HARQ,Default,200,0.3,0,50,254,32.6985,0.131579,48.9319
9415,KB2,HARQ,Default,200,0.3,0,50,24,33.2618,0.540541,48.1032
9416,KB2,HARQ,Default,200,0.3,0,50,18,32.8747,0.588235,48.6696
9417,KB2,HARQ,Default,200,0.3,0,50,17,33.2451,0.597015,48.1274
9418,KB2,HARQ,Default,200,0.3,0,50,16,33.1358,0.606061,48.2861
9419,KB2,HARQ,Default,200,0.3,0,50,242,33.0022,0.136986,48.4816
9420,KB2,HARQ,Default,200,0.3,0,50,32,33.7529,0.487805,47.4033
9421,KB2,HARQ,Default,200,0.3,0,50,18,33.0135,0.588235,48.465
9422,KB2,HARQ,Default,200,0.3,0,50,250,32.5336,0.133333,49.1799
9423,KB2,HARQ,Default,200,0.3,0,50,17,33.2057,0.597015,48.1845
9424,KB2,HARQ,Default,200,0.3,0,50,16,34.0404,0.606061,47.003
9425,KB2,HARQ,Default,200,0.3,0,50,233,32.5789,0.141343,49.1115
9426,KB2,HARQ,Default,200,0.3,0,50,2,39.126,0.769231,40.8935
9427,KB2,HARQ,Default,200,0.3,0,50,240,34.2174,0.137931,46.7598
9428,KB2,HARQ,Default,200,0.3,0,50,5,34.5374,0.727273,46.3266
9429,KB2,HARQ,Default,200,0.3,0,50,248,34.1286,0.134228,46.8815
9430,KB2,HARQ,Default,200,0.3,0,50,19,34.1192,0.57971,46.8944
9431,KB2,HARQ,Default,200,0.3,0,50,246,31.8565,0.135135,50.2252
9432,KB2,HARQ,Default,200,0.3,0,50,18,32.836,0.588235,48.727
9433,KB2,HARQ,Default,200,0.3,0,50,243,31.6869,0.136519,50.4941
9434,KB2,HARQ,Default,200,0.3,0,50,253,33.3629,0.132013,47.9575
9435,KB2,HARQ,Default,200,0.3,0,50,17,33.055,0.597015,48.4042
9436,KB2,HARQ,Default,200,0.3,0,50,21,34.1422,0.56338,46.8628
9437,KB2,HARQ,Default,200,0.3,0,50,16,33.5094,0.606061,47.7478
9438,KB2,HARQ,Default,200,0.3,0,50,27,35.2328,0.519481,45.4122
9439,KB2,HARQ,Default,200,0.3,0,50,23,33.9328,0.547945,47.152
9440,KB2,HARQ,Default,200,0.3,0,50,253,33.5853,0.132013,47.6399
9441,KB2,HARQ,Default,200,0.3,0,50,13,35.187,0.634921,45.4713
9442,KB2,HARQ,Default,200,0.3,0,50,217,33.5401,0.149813,47.7041
9443,KB2,HARQ,Default,200,0.3,0,50,31,57.0278,0.493827,28.0565
9444,KB2,HARQ,Default,200,0.3,0,50,18,48.0033,0.588235,33.331
9445,KB2,HARQ,Default,200,0.3,0,50,234,36.083,0.140845,44.3422
9446,KB2,HARQ,Default,200,0.3,0,50,240,31.6303,0.137931,50.5844
9447,KB2,HARQ,Default,200,0.3,0,50,233,31.7111,0.141343,50.4555
9448,KB2,HARQ,Default,200,0.3,0,50,0,32.6577,0.8,48.993
9449,KB2,HARQ,Default,200,0.3,0,50,29,34.416,0.506329,46.49
9450,KB2,HARQ,Default,200,0.3,0,50,255,33.7705,0.131148,47.3786
9451,KB2,HARQ,Default,200,0.3,0,50,6,34.7749,0.714286,46.0102
9452,KB2,HARQ,Default,200,0.3,0,50,252,35.6427,0.13245,44.89
9453,KB2,HARQ,Default,200,0.3,0,50,1,34.8965,0.784314,45.8499
9454,KB2,HARQ,Default,200,0.3,0,50,11,34.9394,0.655738,45.7936
9455,KB2,HARQ,Default,200,0.3,0,50,245,32.068,0.135593,49.894
9456,KB2,HARQ,Default,200,0.3,0,50,237,31.9712,0.139373,50.045
9457,KB2,HARQ,Default,200,0.3,0,50,12,32.9606,0.645161,48.5428
9458,KB2,HARQ,Default,200,0.3,0,50,240,31.6024,0.137931,50.6291
9459,KB2,HARQ,Default,200,0.3,0,50,15,34.1049,0.615385,46.9141
9460,KB2,HARQ,Default,200,0.3,0,50,6,34.5746,0.714286,46.2767
9461,KB2,HARQ,Default,200,0.3,0,50,10,36.9446,0.666667,43.3081
9462,KB2,HARQ,Default,200,0.3,0,50,241,36.4502,0.137457,43.8955
9463,KB2,HARQ,Default,200,0.3,0,50,10,36.7453,0.666667,43.543
9464,KB2,HARQ,Default,200,0.3,0,50,237,33.1611,0.139373,48.2493
9465,KB2,HARQ,Default,200,0.3,0,50,6,33.0848,0.714286,48.3606
9466,KB2,HARQ,Default,200,0.3,0,50,28,33.4895,0.512821,47.7762
9467,KB2,HARQ,Default,200,0.3,0,50,7,32.6551,0.701754,48.9969
9468,KB2,HARQ,Default,200,0.3,0,50,12,32.7612,0.645161,48.8383
9469,KB2,HARQ,Default,200,0.3,0,50,20,33.9766,0.571429,47.0912
9470,KB2,HARQ,Default,200,0.3,0,50,14,37.3321,0.625,42.8586
9471,KB2,HARQ,Default,200,0.3,0,50,220,35.0031,0.148148,45.7102
9472,KB2,HARQ,Default,200,0.3,0,50,249,33.2125,0.133779,48.1746
9473,KB2,HARQ,Default,200,0.3,0,50,3,33.9294,0.754717,47.1567
9474,KB2,HARQ,Default,200,0.3,0,50,26,33.7186,0.526316,47.4516
9475,KB2,HARQ,Default,200,0.3,0,50,10,32.7423,0.666667,48.8665
9476,KB2,HARQ,Default,200,0.3,0,50,14,33.0095,0.625,48.4709
9477,KB2,HARQ,Default,200,0.3,0,50,9,33.0093,0.677966,48.4712
9478,KB2,HARQ,Default,200,0.3,0,50,252,32.066,0.13245,49.8971
9479,KB2,HARQ,Default,200,0.3,0,50,233,32.5078,0.141343,49.219
9480,KB2,HARQ,Default,200,0.3,0,50,212,35.586,0.152672,44.9615
9481,KB2,HARQ,Default,200,0.3,0,50,4,35.1034,0.740741,45.5796
9482,KB2,HARQ,Default,200,0.3,0,50,12,33.0996,0.645161,48.339
9483,KB2,HARQ,Default,200,0.3,0,50,6,32.5935,0.714286,49.0895
9484,KB2,HARQ,Default,200,0.3,0,50,12,32.762,0.645161,48.8371
9485,KB2,HARQ,Default,200,0.3,0,50,250,32.6898,0.133333,48.9449
9486,KB2,HARQ,Default,200,0.3,0,50,11,32.5103,0.655738,49.2152
9487,KB2,HARQ,Default,200,0.3,0,50,8,33.4698,0.689655,47.8043
9488,KB2,HARQ,Default,200,0.3,0,50,240,32.5495,0.137931,49.1559
9489,KB2,HARQ,Default,200,0.3,0,50,24,33.7938,0.540541,47.346
9490,KB2,HARQ,Default,200,0.3,0,50,7,34.2561,0.701754,46.707
9491,KB2,HARQ,Default,200,0.3,0,50,27,39.3624,0.519481,40.6479
9492,KB2,HARQ,Default,200,0.3,0,50,30,36.8293,0.5,43.4437
9493,KB2,HARQ,Default,200,0.3,0,50,251,32.9543,0.13289,48.5521
9494,KB2,HARQ,Default,200,0.3,0,50,255,32.3254,0.131148,49.4967
9495,KB2,HARQ,Default,200,0.3,0,50,4,33.212,0.740741,48.1754
9496,KB2,HARQ,Default,200,0.3,0,50,19,34.0358,0.57971,47.0093
9497,KB2,HARQ,Default,200,0.3,0,50,253,32.2902,0.132013,49.5506
9498,KB2,HARQ,Default,200,0.3,0,50,240,33.0513,0.137931,48.4096
9499,KB2,HARQ,Default,200,0.3,0,50,32,38.2009,0.487805,41.8838
9500,KB2,HARQ,Default,200,0.3,0,50,23,37.2569,0.547945,42.9451
9501,KB2,HARQ,Default,200,0.3,0,50,23,36.3988,0.547945,43.9575
9502,KB2,HARQ,Default,200,0.3,0,50,11,36.3358,0.655738,44.0337
9503,KB2,HARQ,Default,200,0.3,0,50,3,32.6886,0.754717,48.9467
9504,KB2,HARQ,Default,200,0.3,0,50,242,31.6232,0.136986,50.5958
9505,KB2,HARQ,Default,200,0.3,0,50,2,32.287,0.769231,49.5555
9506,KB2,HARQ,Default,200,0.3,0,50,19,32.9693,0.57971,48.53
9507,KB2,HARQ,Default,200,0.3,0,50,8,32.5017,0.689655,49.2282
9508,KB2,HARQ,Default,200,0.3,0,50,1,32.4932,0.784314,49.2411
9509,KB2,HARQ,Default,200,0.3,0,50,241,36.6326,0.137457,43.6769
9510,KB2,HARQ,Default,200,0.3,0,50,4,34.4931,0.740741,46.3861
9511,KB2,HARQ,Default,200,0.3,0,50,3,33.9308,0.754717,47.1548
9512,KB2,HARQ,Default,200,0.3,0,50,2,32.4078,0.769231,49.3708
9513,KB2,HARQ,Default,200,0.3,0,50,220,30.7748,0.148148,51.9906
9514,KB2,HARQ,Default,200,0.3,0,50,246,32.1382,0.135135,49.785
9515,KB2,HARQ,Default,200,0.3,0,50,17,33.0406,0.597015,48.4253
9516,KB2,HARQ,Default,200,0.3,0,50,9,34.3178,0.677966,46.623
9517,KB2,HARQ,Default,200,0.3,0,50,7,33.2442,0.701754,48.1287
9518,KB2,HARQ,Default,200,0.3,0,50,254,32.6524,0.131579,49.001
9519,KB2,HARQ,Default,200,0.3,0,50,249,31.9922,0.133779,50.0122
9520,KB2,HARQ,Default,200,0.3,0,50,234,31.6202,0.140845,50.6006
9521,KB2,HARQ,Default,200,0.3,0,50,224,30.8661,0.145985,51.8368
9522,KB2,HARQ,Default,200,0.3,0,50,3,32.3749,0.754717,49.421
9523,KB2,HARQ,Default,200,0.3,0,50,6,32.9383,0.714286,48.5757
9524,KB2,HARQ,Default,200,0.3,0,50,246,31.8482,0.135135,50.2383
9525,KB2,HARQ,Default,200,0.3,0,50,19,32.9375,0.57971,48.5769
9526,KB2,HARQ,Default,200,0.3,0,50,14,32.6922,0.625,48.9413
9527,KB2,HARQ,Default,200,0.3,0,50,10,32.4664,0.666667,49.2817
9528,KB2,HARQ,Default,200,0.3,0,50,17,33.5604,0.597015,47.6752
9529,KB2,HARQ,Default,200,0.3,0,50,5,32.6821,0.727273,48.9565
9530,KB2,HARQ,Default,200,0.3,0,50,14,32.9847,0.625,48.5073
9531,KB2,HARQ,Default,200,0.3,0,50,14,32.7125,0.625,48.911
9532,KB2,HARQ,Default,200,0.3,0,50,19,32.7201,0.57971,48.8996
9533,KB2,HARQ,Default,200,0.3,0,50,12,33.1191,0.645161,48.3105
9534,KB2,HARQ,Default,200,0.3,0,50,16,33.144,0.606061,48.2742
9535,KB2,HARQ,Default,200,0.3,0,50,18,33.0038,0.588235,48.4793
9536,KB2,HARQ,Default,200,0.3,0,50,1,32.1826,0.784314,49.7163
9537,KB2,HARQ,Default,200,0.3,0,50,9,32.8151,0.677966,48.758
9538,KB2,HARQ,Default,200,0.3,0,50,14,32.5894,0.625,49.0957
9539,KB2,HARQ,Default,200,0.3,0,50,4,32.3844,0.740741,49.4065
9540,KB2,HARQ,Default,200,0.3,0,50,11,32.484,0.655738,49.255
9541,KB2,HARQ,Default,200,0.3,0,50,22,40.4765,0.555556,39.5291
9542,KB2,HARQ,Default,200,0.3,0,50,16,64.5522,0.606061,24.7861
9543,KB2,HARQ,Default,200,0.3,0,50,7,50.4733,0.701754,31.6999
9544,KB2,HARQ,Default,200,0.3,0,50,22,39.6014,0.555556,40.4026
9545,KB2,HARQ,Default,200,0.3,0,50,253,38.9778,0.132013,41.049
9546,KB2,HARQ,Default,200,0.3,0,50,32,42.4447,0.487805,37.6961
9547,KB2,HARQ,Default,200,0.3,0,50,25,101.634,0.533333,15.7427
9548,KB2,HARQ,Default,200,0.3,0,50,26,52.8265,0.526316,30.2878
9549,KB2,HARQ,Default,200,0.3,0,50,23,50.706,0.547945,31.5545
9550,KB2,HARQ,Default,200,0.3,0,50,22,41.3667,0.555556,38.6785
9551,KB2,HARQ,Default,200,0.3,0,50,20,39.5673,0.571429,40.4374
9552,KB2,HARQ,Default,200,0.3,0,50,252,44.5559,0.13245,35.9099
9553,KB2,HARQ,Default,200,0.3,0,50,21,41.1381,0.56338,38.8934
9554,KB2,HARQ,Default,200,0.3,0,50,232,40.0109,0.141844,39.9891
9555,KB2,HARQ,Default,200,0.3,0,50,252,40.7959,0.13245,39.2196
9556,KB2,HARQ,Default,200,0.3,0,50,23,39.7177,0.547945,40.2843
9557,KB2,HARQ,Default,200,0.3,0,50,28,41.0192,0.512821,39.0061
9558,KB2,HARQ,Default,200,0.3,0,50,15,37.7974,0.615385,42.331
9559,KB2,HARQ,Default,200,0.3,0,50,232,41.3379,0.141844,38.7054
9560,KB2,HARQ,Default,200,0.3,0,50,32,37.5808,0.487805,42.5749
9561,KB2,HARQ,Default,200,0.3,0,50,8,37.423,0.689655,42.7545
9562,KB2,HARQ,Default,200,0.3,0,50,10,36.6645,0.666667,43.6389
9563,KB2,HARQ,Default,200,0.3,0,50,248,37.7376,0.134228,42.398
9564,KB2,HARQ,Default,200,0.3,0,50,249,39.1202,0.133779,40.8996
9565,KB2,HARQ,Default,200,0.3,0,50,232,35.7573,0.141844,44.7461
9566,KB2,HARQ,Default,200,0.3,0,50,16,38.1277,0.606061,41.9642
9567,KB2,HARQ,Default,200,0.3,0,50,26,38.9681,0.526316,41.0592
9568,KB2,HARQ,Default,200,0.3,0,50,28,39.2281,0.512821,40.7871
9569,KB2,HARQ,Default,200,0.3,0,50,8,37.8766,0.689655,42.2424
9570,KB2,HARQ,Default,200,0.3,0,50,222,38.9737,0.147059,41.0533
9571,KB2,HARQ,Default,200,0.3,0,50,251,37.2804,0.13289,42.918
9572,KB2,HARQ,Default,200,0.3,0,50,7,37.6848,0.701754,42.4574
9573,KB2,HARQ,Default,200,0.3,0,50,231,37.904,0.142349,42.2119
9574,KB2,HARQ,Default,200,0.3,0,50,16,39.0129,0.606061,41.0121
9575,KB2,HARQ,Default,200,0.3,0,50,24,41.5171,0.540541,38.5383
9576,KB2,HARQ,Default,200,0.3,0,50,4,50.3142,0.740741,31.8002
9577,KB2,HARQ,Default,200,0.3,0,50,11,34.2671,0.655738,46.692
9578,KB2,HARQ,Default,200,0.3,0,50,233,37.5958,0.141343,42.5579
9579,KB2,HARQ,Default,200,0.3,0,50,232,36.3874,0.141844,43.9713
9580,KB2,HARQ,Default,200,0.3,0,50,25,34.5273,0.533333,46.3401
9581,KB2,HARQ,Default,200,0.3,0,50,20,34.7452,0.571429,46.0495
9582,KB2,HARQ,Default,200,0.3,0,50,14,37.7981,0.625,42.3302
9583,KB2,HARQ,Default,200,0.3,0,50,8,43.285,0.689655,36.9643
9584,KB2,HARQ,Default,200,0.3,0,50,22,33.9727,0.555556,47.0966
9585,KB2,HARQ,Default,200,0.3,0,50,243,32.3373,0.136519,49.4785
9586,KB2,HARQ,Default,200,0.3,0,50,25,33.8375,0.533333,47.2848
9587,KB2,HARQ,Default,200,0.3,0,50,32,33.9643,0.487805,47.1083
9588,KB2,HARQ,Default,200,0.3,0,50,20,34.1262,0.571429,46.8848
9589,KB2,HARQ,Default,200,0.3,0,50,7,33.1237,0.701754,48.3038
9590,KB2,HARQ,Default,200,0.3,0,50,15,36.2019,0.615385,44.1966
9591,KB2,HARQ,Default,200,0.3,0,50,13,39.2294,0.634921,40.7857
9592,KB2,HARQ,Default,200,0.3,0,50,245,32.8482,0.135593,48.7089
9593,KB2,HARQ,Default,200,0.3,0,50,255,32.7502,0.131148,48.8547
9594,KB2,HARQ,Default,200,0.3,0,50,12,34.1718,0.645161,46.8222
9595,KB2,HARQ,Default,200,0.3,0,50,254,32.8188,0.131579,48.7525
9596,KB2,HARQ,Default,200,0.3,0,50,241,32.6278,0.137457,49.0379
9597,KB2,HARQ,Default,200,0.3,0,50,249,33.3604,0.133779,47.9611
9598,KB2,HARQ,Default,200,0.3,0,50,6,40.3163,0.714286,39.6862
9599,KB2,HARQ,Default,200,0.3,0,50,8,33.429,0.689655,47.8626
9600,KB2,HARQ,Default,200,0.3,0,50,3,33.6026,0.754717,47.6154
9601,KB2,HARQ,Default,200,0.3,0,50,15,34.2081,0.615385,46.7725
9602,KB2,HARQ,Default,200,0.3,0,50,19,35.7823,0.57971,44.7148
9603,KB2,HARQ,Default,200,0.3,0,50,10,34.9523,0.666667,45.7767
9604,KB2,HARQ,Default,200,0.3,0,50,32,37.8422,0.487805,42.2808
9605,KB2,HARQ,Default,200,0.3,0,50,231,41.0847,0.142349,38.9439
9606,KB2,HARQ,Default,200,0.3,0,50,28,34.951,0.512821,45.7784
9607,KB2,HARQ,Default,200,0.3,0,50,247,36.6714,0.13468,43.6307
9608,KB2,HARQ,Default,200,0.3,0,50,24,38.5263,0.540541,41.5301
9609,KB2,HARQ,Default,200,0.3,0,50,235,36.1181,0.140351,44.2991
9610,KB2,HARQ,Default,200,0.3,0,50,244,34.0248,0.136054,47.0245
9611,KB2,HARQ,Default,200,0.3,0,50,18,36.1393,0.588235,44.2731
9612,KB2,HARQ,Default,200,0.3,0,50,32,35.796,0.487805,44.6977
9613,KB2,HARQ,Default,200,0.3,0,50,246,32.7074,0.135135,48.9186
9614,KB2,HARQ,Default,200,0.3,0,50,6,32.9488,0.714286,48.5602
9615,KB2,HARQ,Default,200,0.3,0,50,6,32.8124,0.714286,48.7621
9616,KB2,HARQ,Default,200,0.3,0,50,243,32.9378,0.136519,48.5764
9617,KB2,HARQ,Default,200,0.3,0,50,32,33.8048,0.487805,47.3306
9618,KB2,HARQ,Default,200,0.3,0,50,242,31.869,0.136986,50.2055
9619,KB2,HARQ,Default,200,0.3,0,50,250,40.1377,0.133333,39.8628
9620,KB2,HARQ,Default,200,0.3,0,50,16,34.916,0.606061,45.8243
9621,KB2,HARQ,Default,200,0.3,0,50,12,34.3708,0.645161,46.5511
9622,KB2,HARQ,Default,200,0.3,0,50,226,32.8112,0.144928,48.7638
9623,KB2,HARQ,Default,200,0.3,0,50,1,33.6499,0.784314,47.5484
9624,KB2,HARQ,Default,200,0.3,0,50,8,34.2491,0.689655,46.7166
9625,KB2,HARQ,Default,200,0.3,0,50,8,35.3289,0.689655,45.2887
9626,KB2,HARQ,Default,200,0.3,0,50,239,37.523,0.138408,42.6405
9627,KB2,HARQ,Default,200,0.3,0,50,250,33.0167,0.133333,48.4603
9628,KB2,HARQ,Default,200,0.3,0,50,6,33.0017,0.714286,48.4824
9629,KB2,HARQ,Default,200,0.3,0,50,244,32.5862,0.136054,49.1005
9630,KB2,HARQ,Default,200,0.3,0,50,28,35.3322,0.512821,45.2845
9631,KB2,HARQ,Default,200,0.3,0,50,16,33.2942,0.606061,48.0564
9632,KB2,HARQ,Default,200,0.3,0,50,231,32.2924,0.142349,49.5473
9633,KB2,HARQ,Default,200,0.3,0,50,10,38.1747,0.666667,41.9126
9634,KB2,HARQ,Default,200,0.3,0,50,1,34.6166,0.784314,46.2206
9635,KB2,HARQ,Default,200,0.3,0,50,20,34.0251,0.571429,47.0241
9636,KB2,HARQ,Default,200,0.3,0,50,241,33.3026,0.137457,48.0443
9637,KB2,HARQ,Default,200,0.3,0,50,27,34.0013,0.519481,47.057
9638,KB2,HARQ,Default,200,0.3,0,50,6,33.7357,0.714286,47.4275
9639,KB2,HARQ,Default,200,0.3,0,50,17,33.8685,0.597015,47.2415
9640,KB2,HARQ,Default,200,0.3,0,50,23,35.0169,0.547945,45.6922
9641,KB2,HARQ,Default,200,0.3,0,50,244,36.5898,0.136054,43.728
9642,KB2,HARQ,Default,200,0.3,0,50,241,32.2171,0.137457,49.6631
9643,KB2,HARQ,Default,200,0.3,0,50,15,33.2148,0.615385,48.1713
9644,KB2,HARQ,Default,200,0.3,0,50,25,33.4618,0.533333,47.8157
9645,KB2,HARQ,Default,200,0.3,0,50,5,32.8972,0.727273,48.6364
9646,KB2,HARQ,Default,200,0.3,0,50,253,32.9781,0.132013,48.517
9647,KB2,HARQ,Default,200,0.3,0,50,232,32.6746,0.141844,48.9677
9648,KB2,HARQ,Default,200,0.3,0,50,10,41.7468,0.666667,38.3263
9649,KB2,HARQ,Default,200,0.3,0,50,24,33.9155,0.540541,47.1761
9650,KB2,HARQ,Default,200,0.3,0,50,223,31.8632,0.14652,50.2147
9651,KB2,HARQ,Default,200,0.3,0,50,4,32.8355,0.740741,48.7277
9652,KB2,HARQ,Default,200,0.3,0,50,216,30.8418,0.150376,51.8776
9653,KB2,HARQ,Default,200,0.3,0,50,32,33.6653,0.487805,47.5267
9654,KB2,HARQ,Default,200,0.3,0,50,27,34.1287,0.519481,46.8814
9655,KB2,HARQ,Default,200,0.3,0,50,5,36.7412,0.727273,43.5478
9656,KB2,HARQ,Default,200,0.3,0,50,20,33.9234,0.571429,47.1651
9657,KB2,HARQ,Default,200,0.3,0,50,11,32.7311,0.655738,48.8832
9658,KB2,HARQ,Default,200,0.3,0,50,16,33.9185,0.606061,47.1719
9659,KB2,HARQ,Default,200,0.3,0,50,9,33.3333,0.677966,48
9660,KB2,HARQ,Default,200,0.3,0,50,8,33.7959,0.689655,47.343
9661,KB2,HARQ,Default,200,0.3,0,50,245,32.9718,0.135593,48.5263
9662,KB2,HARQ,Default,200,0.3,0,50,3,33.9249,0.754717,47.163
9663,KB2,HARQ,Default,200,0.3,0,50,244,37.1756,0.136054,43.039
9664,KB2,HARQ,Default,200,0.3,0,50,18,34.5732,0.588235,46.2786
9665,KB2,HARQ,Default,200,0.3,0,50,18,35.6855,0.588235,44.8361
9666,KB2,HARQ,Default,200,0.3,0,50,19,37.2008,0.57971,43.0098
9667,KB2,HARQ,Default,200,0.3,0,50,255,35.6439,0.131148,44.8885
9668,KB2,HARQ,Default,200,0.3,0,50,8,37.9961,0.689655,42.1096
9669,KB2,HARQ,Default,200,0.3,0,50,8,35.8788,0.689655,44.5946
9670,KB2,HARQ,Default,200,0.3,0,50,20,41.1001,0.571429,38.9293
9671,KB2,HARQ,Default,200,0.3,0,50,4,33.679,0.740741,47.5073
9672,KB2,HARQ,Default,200,0.3,0,50,19,32.8629,0.57971,48.6871
9673,KB2,HARQ,Default,200,0.3,0,50,2,32.8645,0.769231,48.6848
9674,KB2,HARQ,Default,200,0.3,0,50,8,33.832,0.689655,47.2925
9675,KB2,HARQ,Default,200,0.3,0,50,234,32.2206,0.140845,49.6577
9676,KB2,HARQ,Default,200,0.3,0,50,244,32.0115,0.136054,49.982
9677,KB2,HARQ,Default,200,0.3,0,50,7,38.9505,0.701754,41.0778
9678,KB2,HARQ,Default,200,0.3,0,50,244,32.7701,0.136054,48.825
9679,KB2,HARQ,Default,200,0.3,0,50,235,32.7127,0.140351,48.9107
9680,KB2,HARQ,Default,200,0.3,0,50,18,33.9333,0.588235,47.1513
9681,KB2,HARQ,Default,200,0.3,0,50,249,33.1583,0.133779,48.2534
9682,KB2,HARQ,Default,200,0.3,0,50,251,32.329,0.13289,49.4912
9683,KB2,HARQ,Default,200,0.3,0,50,11,33.1435,0.655738,48.2749
9684,KB2,HARQ,Default,200,0.3,0,50,12,40.1978,0.645161,39.8032
9685,KB2,HARQ,Default,200,0.3,0,50,8,32.7169,0.689655,48.9044
9686,KB2,HARQ,Default,200,0.3,0,50,3,35.8161,0.754717,44.6726
9687,KB2,HARQ,Default,200,0.3,0,50,244,48.9112,0.136054,32.7123
9688,KB2,HARQ,Default,200,0.3,0,50,32,47.9154,0.487805,33.3922
9689,KB2,HARQ,Default,200,0.3,0,50,6,34.1461,0.714286,46.8575
9690,KB2,HARQ,Default,200,0.3,0,50,252,33.718,0.13245,47.4524
9691,KB2,HARQ,Default,200,0.3,0,50,21,45.8158,0.56338,34.9225
9692,KB2,HARQ,Default,200,0.3,0,50,254,39.0302,0.131579,40.9939
9693,KB2,HARQ,Default,200,0.3,0,50,17,42.7056,0.597015,37.4658
9694,KB2,HARQ,Default,200,0.3,0,50,16,42.8227,0.606061,37.3634
9695,KB2,HARQ,Default,200,0.3,0,50,22,47.7161,0.555556,33.5317
9696,KB2,HARQ,Default,200,0.3,0,50,224,39.9752,0.145985,40.0248
9697,KB2,HARQ,Default,200,0.3,0,50,0,36.0772,0.8,44.3493
9698,KB2,HARQ,Default,200,0.3,0,50,0,33.6151,0.8,47.5977
9699,KB2,HARQ,Default,200,0.3,0,50,8,52.2422,0.689655,30.6266
9700,KB2,HARQ,Default,200,0.3,0,50,245,41.489,0.135593,38.5644
9701,KB2,HARQ,Default,200,0.3,0,50,20,45.0348,0.571429,35.5281
9702,KB2,HARQ,Default,200,0.3,0,50,250,36.4993,0.133333,43.8365
9703,KB2,HARQ,Default,200,0.3,0,50,27,44.3708,0.519481,36.0598
9704,KB2,HARQ,Default,200,0.3,0,50,25,36.3733,0.533333,43.9883
9705,KB2,HARQ,Default,200,0.3,0,50,246,36.9023,0.135135,43.3577
9706,KB2,HARQ,Default,200,0.3,0,50,15,35.1454,0.615385,45.5252
9707,KB2,HARQ,Default,200,0.3,0,50,32,35.0888,0.487805,45.5986
9708,KB2,HARQ,Default,200,0.3,0,50,32,35.0446,0.487805,45.6561
9709,KB2,HARQ,Default,200,0.3,0,50,3,39.4808,0.754717,40.526
9710,KB2,HARQ,Default,200,0.3,0,50,21,35.7153,0.56338,44.7987
9711,KB2,HARQ,Default,200,0.3,0,50,7,32.9796,0.701754,48.5148
9712,KB2,HARQ,Default,200,0.3,0,50,2,32.4966,0.769231,49.2359
9713,KB2,HARQ,Default,200,0.3,0,50,32,36.2661,0.487805,44.1183
9714,KB2,HARQ,Default,200,0.3,0,50,30,35.6248,0.5,44.9125
9715,KB2,HARQ,Default,200,0.3,0,50,18,36.333,0.588235,44.0371
9716,KB2,HARQ,Default,200,0.3,0,50,241,35.3962,0.137457,45.2026
9717,KB2,HARQ,Default,200,0.3,0,50,23,34.3023,0.547945,46.6441
9718,KB2,HARQ,Default,200,0.3,0,50,2,33.84,0.769231,47.2813
9719,KB2,HARQ,Default,200,0.3,0,50,10,32.7313,0.666667,48.8829
9720,KB2,HARQ,Default,200,0.3,0,50,255,32.2669,0.131148,49.5864
9721,KB2,HARQ,Default,200,0.3,0,50,2,32.3495,0.769231,49.4598
9722,KB2,HARQ,Default,200,0.3,0,50,196,29.9794,0.162602,53.37
9723,KB2,HARQ,Default,200,0.3,0,50,0,32.3017,0.8,49.533
9724,KB2,HARQ,Default,200,0.3,0,50,247,35.7125,0.13468,44.8022
9725,KB2,HARQ,Default,200,0.3,0,50,19,33.0083,0.57971,48.4727
9726,KB2,HARQ,Default,200,0.3,0,50,236,31.5172,0.13986,50.7659
9727,KB2,HARQ,Default,200,0.3,0,50,29,35.7062,0.506329,44.8101
9728,KB2,HARQ,Default,200,0.3,0,50,7,36.0251,0.701754,44.4135
9729,KB2,HARQ,Default,200,0.3,0,50,248,33.9644,0.134228,47.1081
9730,KB2,HARQ,Default,200,0.3,0,50,3,33.8088,0.754717,47.325
9731,KB2,HARQ,Default,200,0.3,0,50,254,36.7502,0.131579,43.5372
9732,KB2,HARQ,Default,200,0.3,0,50,15,33.2769,0.615385,48.0814
9733,KB2,HARQ,Default,200,0.3,0,50,18,34.0987,0.588235,46.9226
9734,KB2,HARQ,Default,200,0.3,0,50,239,32.9302,0.138408,48.5876
9735,KB2,HARQ,Default,200,0.3,0,50,7,33.1776,0.701754,48.2253
9736,KB2,HARQ,Default,200,0.3,0,50,219,30.9409,0.148699,51.7115
9737,KB2,HARQ,Default,200,0.3,0,50,252,32.3799,0.13245,49.4134
9738,KB2,HARQ,Default,200,0.3,0,50,255,33.2685,0.131148,48.0935
9739,KB2,HARQ,Default,200,0.3,0,50,3,45.9387,0.754717,34.829
9740,KB2,HARQ,Default,200,0.3,0,50,16,37.7579,0.606061,42.3752
9741,KB2,HARQ,Default,200,0.3,0,50,23,35.3368,0.547945,45.2786
9742,KB2,HARQ,Default,200,0.3,0,50,17,33.4192,0.597015,47.8767
9743,KB2,HARQ,Default,200,0.3,0,50,25,33.4675,0.533333,47.8076
9744,KB2,HARQ,Default,200,0.3,0,50,251,32.4259,0.13289,49.3433
9745,KB2,HARQ,Default,200,0.3,0,50,255,32.4844,0.131148,49.2544
9746,KB2,HARQ,Default,200,0.3,0,50,20,39.9467,0.571429,40.0534
9747,KB2,HARQ,Default,200,0.3,0,50,252,33.2633,0.13245,48.1011
9748,KB2,HARQ,Default,200,0.3,0,50,32,35.7204,0.487805,44.7923
9749,KB2,HARQ,Default,200,0.3,0,50,18,36.3059,0.588235,44.07
9750,KB2,HARQ,Default,200,0.3,0,50,244,34.5474,0.136054,46.3132
9751,KB2,HARQ,Default,200,0.3,0,50,16,33.0613,0.606061,48.395
9752,KB2,HARQ,Default,200,0.3,0,50,25,33.4505,0.533333,47.8319
9753,KB2,HARQ,Default,200,0.3,0,50,10,38.6859,0.666667,41.3587
9754,KB2,HARQ,Default,200,0.3,0,50,22,33.1653,0.555556,48.2432
9755,KB2,HARQ,Default,200,0.3,0,50,3,32.5609,0.754717,49.1387
9756,KB2,HARQ,Default,200,0.3,0,50,32,33.2929,0.487805,48.0583
9757,KB2,HARQ,Default,200,0.3,0,50,0,32.3652,0.8,49.4358
9758,KB2,HARQ,Default,200,0.3,0,50,14,34.9499,0.625,45.7798
9759,KB2,HARQ,Default,200,0.3,0,50,2,32.3877,0.769231,49.4015
9760,KB2,HARQ,Default,200,0.3,0,50,233,33.4336,0.141343,47.856
9761,KB2,HARQ,Default,200,0.3,0,50,245,33.4847,0.135593,47.783
9762,KB2,HARQ,Default,200,0.3,0,50,20,33.7125,0.571429,47.4601
9763,KB2,HARQ,Default,200,0.3,0,50,20,35.4923,0.571429,45.0802
9764,KB2,HARQ,Default,200,0.3,0,50,247,35.5823,0.13468,44.9662
9765,KB2,HARQ,Default,200,0.3,0,50,23,35.579,0.547945,44.9703
9766,KB2,HARQ,Default,200,0.3,0,50,6,36.4879,0.714286,43.8502
9767,KB2,HARQ,Default,200,0.3,0,50,16,35.7347,0.606061,44.7744
9768,KB2,HARQ,Default,200,0.3,0,50,10,34.09,0.666667,46.9346
9769,KB2,HARQ,Default,200,0.3,0,50,244,31.7326,0.136054,50.4213
9770,KB2,HARQ,Default,200,0.3,0,50,250,31.9769,0.133333,50.0361
9771,KB2,HARQ,Default,200,0.3,0,50,19,33.1387,0.57971,48.2819
9772,KB2,HARQ,Default,200,0.3,0,50,246,32.1414,0.135135,49.78
9773,KB2,HARQ,Default,200,0.3,0,50,239,32.0459,0.138408,49.9284
9774,KB2,HARQ,Default,200,0.3,0,50,9,32.4401,0.677966,49.3217
9775,KB2,HARQ,Default,200,0.3,0,50,10,37.0104,0.666667,43.2311
9776,KB2,HARQ,Default,200,0.3,0,50,239,32.9342,0.138408,48.5817
9777,KB2,HARQ,Default,200,0.3,0,50,243,35.37,0.136519,45.2361
9778,KB2,HARQ,Default,200,0.3,0,50,254,34.3301,0.131579,46.6063
9779,KB2,HARQ,Default,200,0.3,0,50,28,36.1432,0.512821,44.2684
9780,KB2,HARQ,Default,200,0.3,0,50,10,33.4691,0.666667,47.8053
9781,KB2,HARQ,Default,200,0.3,0,50,31,34.8043,0.493827,45.9713
9782,KB2,HARQ,Default,200,0.3,0,50,28,37.2209,0.512821,42.9866
9783,KB2,HARQ,Default,200,0.3,0,50,32,33.6473,0.487805,47.5521
9784,KB2,HARQ,Default,200,0.3,0,50,233,32.096,0.141343,49.8504
9785,KB2,HARQ,Default,200,0.3,0,50,244,32.5666,0.136054,49.1301
9786,KB2,HARQ,Default,200,0.3,0,50,7,33.0235,0.701754,48.4503
9787,KB2,HARQ,Default,200,0.3,0,50,220,32.176,0.148148,49.7265
9788,KB2,HARQ,Default,200,0.3,0,50,13,33.3841,0.634921,47.927
9789,KB2,HARQ,Default,200,0.3,0,50,248,33.1231,0.134228,48.3047
9790,KB2,HARQ,Default,200,0.3,0,50,32,38.7304,0.487805,41.3112
9791,KB2,HARQ,Default,200,0.3,0,50,249,32.5586,0.133779,49.1422
9792,KB2,HARQ,Default,200,0.3,0,50,2,33.1149,0.769231,48.3166
9793,KB2,HARQ,Default,200,0.3,0,50,32,34.3977,0.487805,46.5147
9794,KB2,HARQ,Default,200,0.3,0,50,10,33.5686,0.666667,47.6636
9795,KB2,HARQ,Default,200,0.3,0,50,240,31.951,0.137931,50.0767
9796,KB2,HARQ,Default,200,0.3,0,50,5,34.6497,0.727273,46.1764
9797,KB2,HARQ,Default,200,0.3,0,50,14,42.0569,0.625,38.0437
9798,KB2,HARQ,Default,200,0.3,0,50,255,33.7626,0.131148,47.3897
9799,KB2,HARQ,Default,200,0.3,0,50,15,34.2191,0.615385,46.7575
9800,KB2,HARQ,Default,200,0.3,0,50,8,33.0442,0.689655,48.42
9801,KB2,HARQ,Default,200,0.3,0,50,251,32.2592,0.13289,49.5983
9802,KB2,HARQ,Default,200,0.3,0,50,19,33.0641,0.57971,48.3909
9803,KB2,HARQ,Default,200,0.3,0,50,16,32.7042,0.606061,48.9234
9804,KB2,HARQ,Default,200,0.3,0,50,12,37.935,0.645161,42.1774
9805,KB2,HARQ,Default,200,0.3,0,50,234,31.6002,0.140845,50.6326
9806,KB2,HARQ,Default,200,0.3,0,50,1,32.9375,0.784314,48.5769
9807,KB2,HARQ,Default,200,0.3,0,50,233,31.2043,0.141343,51.275
9808,KB2,HARQ,Default,200,0.3,0,50,15,32.7985,0.615385,48.7827
9809,KB2,HARQ,Default,200,0.3,0,50,3,32.4059,0.754717,49.3737
9810,KB2,HARQ,Default,200,0.3,0,50,1,32.1797,0.784314,49.7208
9811,KB2,HARQ,Default,200,0.3,0,50,32,33.2179,0.487805,48.1668
9812,KB2,HARQ,Default,200,0.3,0,50,229,36.5279,0.143369,43.8021
9813,KB2,HARQ,Default,200,0.3,0,50,13,31.9356,0.634921,50.1008
9814,KB2,HARQ,Default,200,0.3,0,50,253,33.6887,0.132013,47.4937
9815,KB2,HARQ,Default,200,0.3,0,50,255,32.3924,0.131148,49.3943
9816,KB2,HARQ,Default,200,0.3,0,50,20,33.1757,0.571429,48.2281
9817,KB2,HARQ,Default,200,0.3,0,50,240,31.6235,0.137931,50.5953
9818,KB2,HARQ,Default,200,0.3,0,50,251,32.2257,0.13289,49.6498
9819,KB2,HARQ,Default,200,0.3,0,50,13,32.7049,0.634921,48.9223
9820,KB2,HARQ,Default,200,0.3,0,50,22,43.6978,0.555556,36.6151
9821,KB2,HARQ,Default,200,0.3,0,50,21,36.5603,0.56338,43.7633
9822,KB2,HARQ,Default,200,0.3,0,50,243,33.0926,0.136519,48.3492
9823,KB2,HARQ,Default,200,0.3,0,50,12,33.2773,0.645161,48.0808
9824,KB2,HARQ,Default,200,0.3,0,50,30,33.4539,0.5,47.827
9825,KB2,HARQ,Default,200,0.3,0,50,15,33.1032,0.615385,48.3337
9826,KB2,HARQ,Default,200,0.3,0,50,28,33.2808,0.512821,48.0758
9827,KB2,HARQ,Default,200,0.3,0,50,242,36.3449,0.136986,44.0227
9828,KB2,HARQ,Default,200,0.3,0,50,21,33.042,0.56338,48.4232
9829,KB2,HARQ,Default,200,0.3,0,50,18,33.3689,0.588235,47.9488
9830,KB2,HARQ,Default,200,0.3,0,50,2,32.738,0.769231,48.8729
9831,KB2,HARQ,Default,200,0.3,0,50,9,32.625,0.677966,49.0421
9832,KB2,HARQ,Default,200,0.3,0,50,11,33.1738,0.655738,48.2308
9833,KB2,HARQ,Default,200,0.3,0,50,4,32.1113,0.740741,49.8267
9834,KB2,HARQ,Default,200,0.3,0,50,1,34.4944,0.784314,46.3843
9835,KB2,HARQ,Default,200,0.3,0,50,246,35.0117,0.135135,45.699
9836,KB2,HARQ,Default,200,0.3,0,50,5,34.3777,0.727273,46.5418
9837,KB2,HARQ,Default,200,0.3,0,50,247,32.2675,0.13468,49.5855
9838,KB2,HARQ,Default,200,0.3,0,50,1,32.9059,0.784314,48.6235
9839,KB2,HARQ,Default,200,0.3,0,50,5,33.2332,0.727273,48.1446
9840,KB2,HARQ,Default,200,0.3,0,50,11,33.8764,0.655738,47.2305
9841,KB2,HARQ,Default,200,0.3,0,50,7,32.5721,0.701754,49.1218
9842,KB2,HARQ,Default,200,0.3,0,50,4,35.7584,0.740741,44.7447
9843,KB2,HARQ,Default,200,0.3,0,50,9,32.5676,0.677966,49.1286
9844,KB2,HARQ,Default,200,0.3,0,50,0,32.1816,0.8,49.7179
9845,KB2,HARQ,Default,200,0.3,0,50,245,31.6153,0.135593,50.6084
9846,KB2,HARQ,Default,200,0.3,0,50,250,31.9724,0.133333,50.0432
9847,KB2,HARQ,Default,200,0.3,0,50,254,32.2009,0.131579,49.6881
9848,KB2,HARQ,Default,200,0.3,0,50,30,32.6926,0.5,48.9407
9849,KB2,HARQ,Default,200,0.3,0,50,26,36.9613,0.526316,43.2885
9850,KB2,HARQ,Default,200,0.3,0,50,235,34.6869,0.140351,46.1269
9851,KB2,HARQ,Default,200,0.3,0,50,5,32.8052,0.727273,48.7728
9852,KB2,HARQ,Default,200,0.3,0,50,16,33.0553,0.606061,48.4037
9853,KB2,HARQ,Default,200,0.3,0,50,25,33.3559,0.533333,47.9675
9854,KB2,HARQ,Default,200,0.3,0,50,9,32.6979,0.677966,48.9328
9855,KB2,HARQ,Default,200,0.3,0,50,16,33.4593,0.606061,47.8193
9856,KB2,HARQ,Default,200,0.3,0,50,10,32.4319,0.666667,49.3341
9857,KB2,HARQ,Default,200,0.3,0,50,23,36.8488,0.547945,43.4207
9858,KB2,HARQ,Default,200,0.3,0,50,21,32.8916,0.56338,48.6446
9859,KB2,HARQ,Default,200,0.3,0,50,249,32.2552,0.133779,49.6044
9860,KB2,HARQ,Default,200,0.3,0,50,15,33.1466,0.615385,48.2704
9861,KB2,HARQ,Default,200,0.3,0,50,21,33.3532,0.56338,47.9714
9862,KB2,HARQ,Default,200,0.3,0,50,30,33.6743,0.5,47.514
9863,KB2,HARQ,Default,200,0.3,0,50,249,31.8437,0.133779,50.2454
9864,KB2,HARQ,Default,200,0.3,0,50,241,31.5746,0.137457,50.6736
9865,KB2,HARQ,Default,200,0.3,0,50,241,31.845,0.137457,50.2434
9866,KB2,HARQ,Default,200,0.3,0,50,5,32.4307,0.727273,49.336
9867,KB2,HARQ,Default,200,0.3,0,50,14,32.7552,0.625,48.8472
9868,KB2,HARQ,Default,200,0.3,0,50,17,32.9988,0.597015,48.4866
9869,KB2,HARQ,Default,200,0.3,0,50,31,33.1689,0.493827,48.238
9870,KB2,HARQ,Default,200,0.3,0,50,250,31.8023,0.133333,50.3108
9871,KB2,HARQ,Default,200,0.3,0,50,13,32.5337,0.634921,49.1798
9872,KB2,HARQ,Default,200,0.3,0,50,10,31.8438,0.666667,50.2453
9873,KB2,HARQ,Default,200,0.3,0,50,241,30.9392,0.137457,51.7143
9874,KB2,HARQ,Default,200,0.3,0,50,10,32.8251,0.666667,48.7432
9875,KB2,HARQ,Default,200,0.3,0,50,240,31.4409,0.137931,50.8891
9876,KB2,HARQ,Default,200,0.3,0,50,242,31.607,0.136986,50.6217
9877,KB2,HARQ,Default,200,0.3,0,50,238,31.4928,0.138889,50.8053
9878,KB2,HARQ,Default,200,0.3,0,50,0,31.6814,0.8,50.5028
9879,KB2,HARQ,Default,200,0.3,0,50,245,31.2656,0.135593,51.1745
9880,KB2,HARQ,Default,200,0.3,0,50,28,32.9071,0.512821,48.6217
9881,KB2,HARQ,Default,200,0.3,0,50,12,33.6402,0.645161,47.5621
9882,KB2,HARQ,Default,200,0.3,0,50,9,31.9441,0.677966,50.0875
9883,KB2,HARQ,Default,200,0.3,0,50,12,32.4892,0.645161,49.2471
9884,KB2,HARQ,Default,200,0.3,0,50,254,32.1356,0.131579,49.789
9885,KB2,HARQ,Default,200,0.3,0,50,252,32.3534,0.13245,49.4538
9886,KB2,HARQ,Default,200,0.3,0,50,17,32.7355,0.597015,48.8766
9887,KB2,HARQ,Default,200,0.3,0,50,7,32.0444,0.701754,49.9307
9888,KB2,HARQ,Default,200,0.3,0,50,254,31.7675,0.131579,50.3659
9889,KB2,HARQ,Default,200,0.3,0,50,242,31.742,0.136986,50.4064
9890,KB2,HARQ,Default,200,0.3,0,50,1,32.6327,0.784314,49.0306
9891,KB2,HARQ,Default,200,0.3,0,50,12,32.7204,0.645161,48.8992
9892,KB2,HARQ,Default,200,0.3,0,50,243,31.7997,0.136519,50.3149
9893,KB2,HARQ,Default,200,0.3,0,50,18,32.6329,0.588235,49.0303
9894,KB2,HARQ,Default,200,0.3,0,50,253,32.8889,0.132013,48.6486
9895,KB2,HARQ,Default,200,0.3,0,50,1,31.8684,0.784314,50.2065
9896,KB2,HARQ,Default,200,0.3,0,50,15,32.8021,0.615385,48.7774
9897,KB2,HARQ,Default,200,0.3,0,50,21,34.1567,0.56338,46.8429
9898,KB2,HARQ,Default,200,0.3,0,50,25,33.1314,0.533333,48.2926
9899,KB2,HARQ,Default,200,0.3,0,50,244,31.9121,0.136054,50.1377
9900,KB2,HARQ,Default,200,0.3,0,50,25,33.0271,0.533333,48.4451
9901,KB2,HARQ,Default,200,0.3,0,50,31,33.3148,0.493827,48.0267
9902,KB2,HARQ,Default,200,0.3,0,50,16,32.8314,0.606061,48.7338
9903,KB2,HARQ,Default,200,0.3,0,50,11,32.3742,0.655738,49.4221
9904,KB2,HARQ,Default,200,0.3,0,50,27,33.5801,0.519481,47.6473
9905,KB2,HARQ,Default,200,0.3,0,50,2,31.8737,0.769231,50.1981
9906,KB2,HARQ,Default,200,0.3,0,50,3,32.1436,0.754717,49.7766
9907,KB2,HARQ,Default,200,0.3,0,50,0,32.2877,0.8,49.5545
9908,KB2,HARQ,Default,200,0.3,0,50,14,32.9567,0.625,48.5486
9909,KB2,HARQ,Default,200,0.3,0,50,21,32.9354,0.56338,48.5799
9910,KB2,HARQ,Default,200,0.3,0,50,241,32.2307,0.137457,49.6421
9911,KB2,HARQ,Default,200,0.3,0,50,27,33.4426,0.519481,47.8432
9912,KB2,HARQ,Default,200,0.3,0,50,23,33.2589,0.547945,48.1074
9913,KB2,HARQ,Default,200,0.3,0,50,5,32.4205,0.727273,49.3515
9914,KB2,HARQ,Default,200,0.3,0,50,2,32.879,0.769231,48.6633
9915,KB2,HARQ,Default,200,0.3,0,50,255,32.1307,0.131148,49.7966
9916,KB2,HARQ,Default,200,0.3,0,50,234,31.8858,0.140845,50.1791
9917,KB2,HARQ,Default,200,0.3,0,50,241,32.0699,0.137457,49.891
9918,KB2,HARQ,Default,200,0.3,0,50,24,33.2239,0.540541,48.1581
9919,KB2,HARQ,Default,200,0.3,0,50,10,32.6398,0.666667,49.0199
9920,KB2,HARQ,Default,200,0.3,0,50,21,33.1015,0.56338,48.3362
9921,KB2,HARQ,Default,200,0.3,0,50,10,32.7096,0.666667,48.9153
9922,KB2,HARQ,Default,200,0.3,0,50,10,33.0382,0.666667,48.4288
9923,KB2,HARQ,Default,200,0.3,0,50,251,32.0217,0.13289,49.9661
9924,KB2,HARQ,Default,200,0.3,0,50,20,33.141,0.571429,48.2786
9925,KB2,HARQ,Default,200,0.3,0,50,16,32.7664,0.606061,48.8305
9926,KB2,HARQ,Default,200,0.3,0,50,3,32.6955,0.754717,48.9364
9927,KB2,HARQ,Default,200,0.3,0,50,248,32.8908,0.134228,48.6458
9928,KB2,HARQ,Default,200,0.3,0,50,249,32.229,0.133779,49.6447
9929,KB2,HARQ,Default,200,0.3,0,50,10,32.6785,0.666667,48.9619
9930,KB2,HARQ,Default,200,0.3,0,50,243,31.6637,0.136519,50.531
9931,KB2,HARQ,Default,200,0.3,0,50,26,33.2467,0.526316,48.1251
9932,KB2,HARQ,Default,200,0.3,0,50,251,31.9728,0.13289,50.0425
9933,KB2,HARQ,Default,200,0.3,0,50,0,32.3543,0.8,49.4525
9934,KB2,HARQ,Default,200,0.3,0,50,13,32.1266,0.634921,49.803
9935,KB2,HARQ,Default,200,0.3,0,50,32,33.1965,0.487805,48.1979
9936,KB2,HARQ,Default,200,0.3,0,50,231,31.2325,0.142349,51.2287
9937,KB2,HARQ,Default,200,0.3,0,50,5,32.4991,0.727273,49.2321
9938,KB2,HARQ,Default,200,0.3,0,50,246,31.9539,0.135135,50.0721
9939,KB2,HARQ,Default,200,0.3,0,50,24,33.1154,0.540541,48.3159
9940,KB2,HARQ,Default,200,0.3,0,50,224,30.5757,0.145985,52.3291
9941,KB2,HARQ,Default,200,0.3,0,50,4,31.8703,0.740741,50.2035
9942,KB2,HARQ,Default,200,0.3,0,50,7,32.2777,0.701754,49.5698
9943,KB2,HARQ,Default,200,0.3,0,50,5,33.9789,0.727273,47.088
9944,KB2,HARQ,Default,200,0.3,0,50,23,32.4575,0.547945,49.2952
9945,KB2,HARQ,Default,200,0.3,0,50,2,32.2496,0.769231,49.613
9946,KB2,HARQ,Default,200,0.3,0,50,228,31.6104,0.143885,50.6163
9947,KB2,HARQ,Default,200,0.3,0,50,192,29.7088,0.165289,53.8561
9948,KB2,HARQ,Default,200,0.3,0,50,254,32.0497,0.131579,49.9225
9949,KB2,HARQ,Default,200,0.3,0,50,240,31.4577,0.137931,50.862
9950,KB2,HARQ,Default,200,0.3,0,50,20,33.1396,0.571429,48.2806
9951,KB2,HARQ,Default,200,0.3,0,50,5,32.3905,0.727273,49.3972
9952,KB2,HARQ,Default,200,0.3,0,50,226,30.6601,0.144928,52.1851
9953,KB2,HARQ,Default,200,0.3,0,50,1,32.0382,0.784314,49.9404
9954,KB2,HARQ,Default,200,0.3,0,50,243,31.8549,0.136519,50.2278
9955,KB2,HARQ,Default,200,0.3,0,50,5,32.7159,0.727273,48.9059
9956,KB2,HARQ,Default,200,0.3,0,50,10,32.1018,0.666667,49.8414
9957,KB2,HARQ,Default,200,0.3,0,50,239,31.2698,0.138408,51.1676
9958,KB2,HARQ,Default,200,0.3,0,50,24,34.009,0.540541,47.0464
9959,KB2,HARQ,Default,200,0.3,0,50,18,32.8681,0.588235,48.6794
9960,KB2,HARQ,Default,200,0.3,0,50,16,33.1409,0.606061,48.2787
9961,KB2,HARQ,Default,200,0.3,0,50,1,32.2322,0.784314,49.6398
9962,KB2,HARQ,Default,200,0.3,0,50,26,33.0069,0.526316,48.4747
9963,KB2,HARQ,Default,200,0.3,0,50,235,31.9946,0.140351,50.0084
9964,KB2,HARQ,Default,200,0.3,0,50,246,32.2263,0.135135,49.6489
9965,KB2,HARQ,Default,200,0.3,0,50,248,31.7747,0.134228,50.3545
9966,KB2,HARQ,Default,200,0.3,0,50,26,33.1145,0.526316,48.3172
9967,KB2,HARQ,Default,200,0.3,0,50,13,32.7475,0.634921,48.8587
9968,KB2,HARQ,Default,200,0.3,0,50,15,32.7679,0.615385,48.8283
9969,KB2,HARQ,Default,200,0.3,0,50,12,32.8626,0.645161,48.6876
9970,KB2,HARQ,Default,200,0.3,0,50,5,32.381,0.727273,49.4117
9971,KB2,HARQ,Default,200,0.3,0,50,4,32.6346,0.740741,49.0277
9972,KB2,HARQ,Default,200,0.3,0,50,246,31.774,0.135135,50.3556
9973,KB2,HARQ,Default,200,0.3,0,50,16,32.7757,0.606061,48.8167
9974,KB2,HARQ,Default,200,0.3,0,50,26,33.9047,0.526316,47.1911
9975,KB2,HARQ,Default,200,0.3,0,50,13,33.8114,0.634921,47.3213
9976,KB2,HARQ,Default,200,0.3,0,50,15,33.0862,0.615385,48.3585
9977,KB2,HARQ,Default,200,0.3,0,50,14,33.2114,0.625,48.1762
9978,KB2,HARQ,Default,200,0.3,0,50,30,33.3717,0.5,47.9448
9979,KB2,HARQ,Default,200,0.3,0,50,3,32.3712,0.754717,49.4267
9980,KB2,HARQ,Default,200,0.3,0,50,14,32.6537,0.625,48.999
9981,KB2,HARQ,Default,200,0.3,0,50,26,33.2072,0.526316,48.1823
9982,KB2,HARQ,Default,200,0.3,0,50,4,32.2216,0.740741,49.6561
9983,KB2,HARQ,Default,200,0.3,0,50,32,33.1918,0.487805,48.2047
9984,KB2,HARQ,Default,200,0.3,0,50,25,37.2946,0.533333,42.9017
9985,KB2,HARQ,Default,200,0.3,0,50,18,33.3657,0.588235,47.9534
9986,KB2,HARQ,Default,200,0.3,0,50,2,33.2409,0.769231,48.1335
9987,KB2,HARQ,Default,200,0.3,0,50,19,33.8714,0.57971,47.2375
9988,KB2,HARQ,Default,200,0.3,0,50,216,31.7733,0.150376,50.3567
9989,KB2,HARQ,Default,200,0.3,0,50,1,32.9507,0.784314,48.5574
9990,KB2,HARQ,Default,200,0.3,0,50,5,32.7188,0.727273,48.9015
9991,KB2,HARQ,Default,200,0.3,0,50,27,33.4205,0.519481,47.8748
9992,KB2,HARQ,Default,200,0.3,0,50,20,32.9907,0.571429,48.4985
9993,KB2,HARQ,Default,200,0.3,0,50,15,32.8903,0.615385,48.6466
9994,KB2,HARQ,Default,200,0.3,0,50,22,32.7347,0.555556,48.8778
9995,KB2,HARQ,Default,200,0.3,0,50,19,32.3091,0.57971,49.5217
9996,KB2,HARQ,Default,200,0.3,0,50,11,32.4527,0.655738,49.3025
9997,KB2,HARQ,Default,200,0.3,0,50,13,32.1721,0.634921,49.7325
9998,KB2,HARQ,Default,200,0.3,0,50,232,31.4353,0.141844,50.8982
9999,KB2,HARQ,Default,200,0.3,0,50,9,32.0361,0.677966,49.9437
10000,KB2,HARQ,Default,200,0.3,0,50,250,31.7855,0.133333,50.3374
